"road","identifier","extent","point","display_type","title","subtitle","delay_minutes","abnormalTrafficType","averageSpeed","startTimestamp","description","latitude","longitude"
"A1","undefined--vi-avl.2025-05-22_19-28-08-000.f_002.de0","53.023667884260014,8.83384419665292,53.03186547719804,8.865544051460265","53.023667884260014,8.83384419665292","WARNING","A1 | Krummhörens Kuhlen - Bremen-Hemelingen"," Osnabrück -> Bremen",0,"SLOW_TRAFFIC","64",2025-05-22,"Beginn: 22.05.25 um 19:28 Uhr  Angespannte Verkehrslage, seit 22.05.2025, 19:28 A1: Osnabrück -> Bremen, zwischen 0.6 km hinter Krummhörens Kuhlen und 1.6 km vor AS Bremen-Hemelingen  Langsamer Verkehr Reisezeitverlust: 0 Minuten Durchschnittsgeschwindigkeit: 64 km/h",53.02366788426,8.83384419665292
"A1","undefined--vi-hind.2025-05-22_23-05-00-000.f.de0","53.06365982150151,9.108484683443036,53.06365982150151,9.108484683443036","53.06365982150151,9.108484683443036","WARNING","A1 | Oyten - Tuchten"," Bremen -> Hamburg",NA,NA,NA,2025-05-22,"Beginn: 22.05.25 um 23:05 Uhr  Fahrzeug-Hindernis, seit 22.05.2025, 23:05 A1: Bremen -> Hamburg, zwischen 5.4 km hinter AS Oyten und 1.1 km vor Tuchten Gefahr durch ein defektes Fahrzeug auf der Fahrbahn",53.0636598215015,9.10848468344304
"A1","undefined--vi-avl.2025-05-22_22-55-30-000.f.de0","53.502600548163265,10.039343561684927,53.507092500919406,10.082228700000535","53.502600548163265,10.039343561684927","WARNING","A1 | Hamburg-Stillhorn - Hamburg-Moorfleet"," Bremen -> Lübeck",12,"STATIONARY_TRAFFIC","14.399999618530273",2025-05-22,"Beginn: 22.05.25 um 22:55 Uhr  Angespannte Verkehrslage, seit 22.05.2025, 22:55 A1: Bremen -> Lübeck, zwischen 2.3 km hinter Hamburg-Stillhorn und 0.6 km vor AS Hamburg-Moorfleet  Im Stillstand Reisezeitverlust: 12 Minuten Durchschnittsgeschwindigkeit: 14 km/h",53.5026005481633,10.0393435616849
"A1","undefined--vi-hind.2025-05-22_22-03-00-000.f_001.de0","53.50929678257153,10.057088901590378,53.50929678257153,10.057088901590378","53.50929678257153,10.057088901590378","WARNING","A1 | Hamburg-Norderelbe - Hamburg-Südost"," Hamburg -> Lübeck",NA,NA,NA,2025-05-22,"Beginn: 22.05.25 um 22:03 Uhr  Fahrzeug-Hindernis, seit 22.05.2025, 22:03 A1: Hamburg -> Lübeck, zwischen 1.2 km hinter AK Hamburg-Norderelbe und 1.2 km vor AD Hamburg-Südost",53.5092967825715,10.0570889015904
"A1","undefined--vi-hind.2025-05-22_22-03-00-000.f.de0","53.509302500919404,10.063278300000514,53.5094444127468,10.056993241326454","53.509302500919404,10.063278300000514","WARNING","A1 | Hamburg-Südost - Hamburg-Norderelbe"," Lübeck -> Hamburg",NA,NA,NA,2025-05-22,"Beginn: 22.05.25 um 22:03 Uhr  Fahrzeug-Hindernis, seit 22.05.2025, 22:03 A1: Lübeck -> Hamburg, zwischen 1.2 km hinter AD Hamburg-Südost und 1.4 km vor AK Hamburg-Norderelbe",53.5093025009194,10.0632783000005
"A1","undefined--vi-avl.2025-05-22_23-23-30-000.f_002.de0","53.50724259400414,10.08244153571553,53.50724259400414,10.08244153571553","53.50724259400414,10.08244153571553","WARNING","A1 | Hamburg-Südost - Hamburg-Südost"," Lübeck -> Hamburg",NA,"QUEUING_TRAFFIC","25",2025-05-22,"Beginn: 22.05.25 um 23:23 Uhr  Angespannte Verkehrslage, seit 22.05.2025, 23:23 A1: Lübeck -> Hamburg, 0.1 km vor AD Hamburg-Südost, aus Richtung Hamburg-Moorfleet  Stockender Verkehr Durchschnittsgeschwindigkeit: 25 km/h",53.5072425940041,10.0824415357155
"A1","undefined--vi-zus.2025-05-22_22-58-30-000.f.de0","53.50724004100488,10.082105165140716,53.50967993789224,10.04744033372395","53.50724004100488,10.082105165140716","WARNING","A1 | Hamburg-Moorfleet - Hamburg-Norderelbe"," Lübeck -> Hamburg",4,"QUEUING_TRAFFIC","25.399999618530273",2025-05-22,"Beginn: 22.05.25 um 22:58 Uhr  Zusammengesetzte Verkehrsinformation, seit 22.05.2025, 22:58 A1: Lübeck -> Hamburg, zwischen 0.6 km hinter AS Hamburg-Moorfleet und 0.8 km vor AK Hamburg-Norderelbe  Stockender Verkehr Reisezeitverlust: 4 Minuten Durchschnittsgeschwindigkeit: 25 km/h",53.5072400410049,10.0821051651407
"A2","undefined--vi-avl.2025-05-22_19-42-30-000.f_005.de0","51.5386298801034,6.843310174342619,51.538983261858974,6.873333325128906","51.5386298801034,6.843310174342619","WARNING","A2 | Oberhausen - Schwarze Heide"," Oberhausen -> Dortmund",7,"STATIONARY_TRAFFIC","13.800000190734863",2025-05-22,"Beginn: 22.05.25 um 19:42 Uhr  Angespannte Verkehrslage, seit 22.05.2025, 19:42 A2: Oberhausen -> Dortmund, zwischen 0.6 km hinter AK Oberhausen und 0.8 km vor Schwarze Heide  Im Stillstand Reisezeitverlust: 7 Minuten Durchschnittsgeschwindigkeit: 13 km/h",51.5386298801034,6.84331017434262
"A2","undefined--vi-avl.2025-05-22_19-42-30-000.f_006.de0","51.5386298801034,6.843310174342619,51.5386298801034,6.843310174342619","51.5386298801034,6.843310174342619","WARNING","A2 | Oberhausen-Königshardt - Oberhausen-Königshardt"," Oberhausen -> Dortmund",NA,"STATIONARY_TRAFFIC","9",2025-05-22,"Beginn: 22.05.25 um 23:21 Uhr  Angespannte Verkehrslage, seit 22.05.2025, 23:21 A2: Oberhausen -> Dortmund, 1.8 km vor AS Oberhausen-Königshardt, aus Richtung Oberhausen  Im Stillstand Durchschnittsgeschwindigkeit: 9 km/h",51.5386298801034,6.84331017434262
"A3","undefined--vi-avl.2025-05-22_22-53-00-000.f.de0","48.56407126713607,13.3843733383766,48.57263299762938,13.371373298595225","48.56407126713607,13.3843733383766","WARNING","A3 | Passau-Mitte - Donautal"," Passau -> Nürnberg",0,"SLOW_TRAFFIC","52.5",2025-05-22,"Beginn: 22.05.25 um 22:53 Uhr  Angespannte Verkehrslage, seit 22.05.2025, 22:53 A3: Passau -> Nürnberg, zwischen AS Passau-Mitte und 2.0 km vor Donautal  Langsamer Verkehr Reisezeitverlust: 0 Minuten Durchschnittsgeschwindigkeit: 52 km/h",48.5640712671361,13.3843733383766
"A3","undefined--vi-avl.2025-05-22_20-45-00-000.f_001.de0","48.761706277938146,13.059781314762354,48.77183151112359,13.038934640158246","48.761706277938146,13.059781314762354","WARNING","A3 | Manzing - Seebach"," Passau -> Nürnberg",0,"SLOW_TRAFFIC","59.900001525878906",2025-05-22,"Beginn: 22.05.25 um 20:45 Uhr  Angespannte Verkehrslage, seit 22.05.2025, 20:45 A3: Passau -> Nürnberg, zwischen 0.7 km hinter Manzing und 2.8 km vor Seebach  Langsamer Verkehr Reisezeitverlust: 0 Minuten Durchschnittsgeschwindigkeit: 59 km/h",48.7617062779381,13.0597813147624
"A3","undefined--vi-zus.2025-05-22_21-06-30-000.f.de0","49.74897798314597,9.842943123183018,49.746368558054726,9.878324873962638","49.74897798314597,9.842943123183018","WARNING","A3 | Würzburg-West - Würzburg-Heidingsfeld"," Frankfurt -> Würzburg",2,"QUEUING_TRAFFIC","43.79999923706055",2025-05-22,"Beginn: 22.05.25 um 21:06 Uhr  Zusammengesetzte Verkehrsinformation, seit 22.05.2025, 21:06 A3: Frankfurt -> Würzburg, zwischen 1.8 km hinter AD Würzburg-West und 3.9 km vor AS Würzburg-Heidingsfeld  Stockender Verkehr Reisezeitverlust: 2 Minuten Durchschnittsgeschwindigkeit: 43 km/h",49.748977983146,9.84294312318302
"A3","undefined--vi-hind.2025-05-22_21-37-00-000.f_004.de0","49.991534025519144,9.082757533950018,49.991139900941164,9.17131260000005","49.991534025519144,9.082757533950018","WARNING","A3 | Aschaffenburg - Einhausung West"," Frankfurt -> Würzburg",NA,NA,NA,2025-05-22,"Beginn: 22.05.25 um 21:37 Uhr  Fahrzeug-Hindernis, seit 22.05.2025, 21:37 A3: Frankfurt -> Würzburg, zwischen 0.6 km hinter AS Aschaffenburg und 1.4 km vor Einhausung West Gefahr durch ein defektes Fahrzeug auf der Fahrbahn",49.9915340255191,9.08275753395002
"A3","undefined--vi-zus.2025-05-22_20-22-30-000.f_001.de0","50.028516101261786,8.467805754156764,50.05078182217907,8.392346174137321","50.028516101261786,8.467805754156764","WARNING","A3 | Raunheim - Wiesbadener Kreuz"," Frankfurt -> Köln",NA,NA,NA,2025-05-22,"Beginn: 22.05.25 um 20:22 Uhr  Zusammengesetzte Verkehrsinformation, seit 22.05.2025, 20:22 A3: Frankfurt -> Köln, zwischen 0.6 km hinter AS Raunheim und 0.6 km vor AK Wiesbadener Kreuz  Gefahr durch ein defektes Fahrzeugs auf der Fahrbahn  A3 Frankfurt Richtung Köln zwischen Raunheim und Wiesbadener Kreuz defekter LKW",50.0285161012618,8.46780575415676
"A3","undefined--vi-avl.2025-05-22_22-49-30-000.f.de0","51.89839901701434,6.165717280673193,51.89839901701434,6.165717280673193","51.89839901701434,6.165717280673193","WARNING","A3 | Knauheide - Knauheide"," Arnheim -> Oberhausen",NA,"QUEUING_TRAFFIC","19",2025-05-22,"Beginn: 22.05.25 um 23:19 Uhr  Angespannte Verkehrslage, seit 22.05.2025, 23:19 A3: Arnheim -> Oberhausen, 0.1 km vor Knauheide, aus Richtung Elten  Stockender Verkehr Durchschnittsgeschwindigkeit: 19 km/h",51.8983990170143,6.16571728067319
"A3","undefined--vi-avl.2025-05-22_22-49-00-000.f_002.de0","51.89839901701434,6.165717280673193,51.89532710093108,6.168877099986451","51.89839901701434,6.165717280673193","WARNING","A3 | Elten - Elten"," Arnheim -> Oberhausen",0,"QUEUING_TRAFFIC","37",2025-05-22,"Beginn: 22.05.25 um 22:49 Uhr  Angespannte Verkehrslage, seit 22.05.2025, 22:49 A3: Arnheim -> Oberhausen, zwischen 0.4 km hinter Elten und 1.4 km vor AS Elten  Stockender Verkehr Reisezeitverlust: 0 Minuten Durchschnittsgeschwindigkeit: 37 km/h",51.8983990170143,6.16571728067319
"A4","undefined--vi-avl.2025-05-22_22-26-30-000.f_004.de0","50.85318690093702,9.70209420000021,50.84673481397804,9.65202382555544","50.85318690093702,9.70209420000021","WARNING","A4 | Bad Hersfeld - Kirchheimer Dreieck"," Erfurt -> Bad Hersfeld",1,"SLOW_TRAFFIC","63.29999923706055",2025-05-22,"Beginn: 22.05.25 um 22:26 Uhr  Angespannte Verkehrslage, seit 22.05.2025, 22:26 A4: Erfurt -> Bad Hersfeld, zwischen 1.4 km hinter AS Bad Hersfeld und 5.1 km vor AD Kirchheimer Dreieck  Langsamer Verkehr Reisezeitverlust: 1 Minuten Durchschnittsgeschwindigkeit: 63 km/h",50.853186900937,9.70209420000021
"A4","undefined--vi-hind.2025-05-22_20-06-00-000.f_007.de0","50.88446160093708,12.15258750002558,50.87178961556164,12.221168510373618","50.88446160093708,12.15258750002558","WARNING","A4 | Gera-Leumnitz - Ronneburg"," Erfurt -> Chemnitz",NA,NA,NA,2025-05-22,"Beginn: 22.05.25 um 20:06 Uhr  Fahrzeug-Hindernis, seit 22.05.2025, 20:06 A4: Erfurt -> Chemnitz, zwischen 0.2 km hinter AS Gera-Leumnitz und 0.5 km vor AS Ronneburg Gefahr durch ein defektes Fahrzeug auf der Fahrbahn",50.8844616009371,12.1525875000256
"A5","undefined--vi-avl.2025-05-22_23-13-30-000.f_001.de0","48.82554234274995,8.209690059617525,48.82554234274995,8.209690059617525","48.82554234274995,8.209690059617525","WARNING","A5 | Rastatt-Süd - Rastatt-Süd"," Karlsruhe -> Basel",NA,"STATIONARY_TRAFFIC","14",2025-05-22,"Beginn: 22.05.25 um 23:21 Uhr  Angespannte Verkehrslage, seit 22.05.2025, 23:21 A5: Karlsruhe -> Basel, in Höhe AS Rastatt-Süd, aus Richtung Rastatt-Nord  Im Stillstand Durchschnittsgeschwindigkeit: 14 km/h",48.8255423427499,8.20969005961753
"A5","undefined--vi-unf.2025-05-22_22-30-30-000.f_001.de0","48.82523591229555,8.209128408949466,48.817402692114534,8.195659662409843","48.82523591229555,8.209128408949466","WARNING","A5 | Rastatt-Süd - Baden-Baden"," Karlsruhe -> Basel",NA,NA,NA,2025-05-22,"Beginn: 22.05.25 um 22:30 Uhr  Unfall, seit 22.05.2025, 22:30 A5: Karlsruhe -> Basel, zwischen AS Rastatt-Süd und 1.7 km vor Baden-Baden",48.8252359122955,8.20912840894947
"A5","undefined--vi-zus.2025-05-22_22-46-00-000.f.de0","48.825553903551196,8.209710937165397,48.82162836888785,8.202691377021367","48.825553903551196,8.209710937165397","WARNING","A5 | Rastatt-Nord - Baden-Baden"," Karlsruhe -> Basel",0,"QUEUING_TRAFFIC","44.400001525878906",2025-05-22,"Beginn: 22.05.25 um 22:46 Uhr  Zusammengesetzte Verkehrsinformation, seit 22.05.2025, 22:46 A5: Karlsruhe -> Basel, zwischen 4.9 km hinter AS Rastatt-Nord und 2.4 km vor Baden-Baden  Stockender Verkehr Reisezeitverlust: 0 Minuten Durchschnittsgeschwindigkeit: 44 km/h",48.8255539035512,8.2097109371654
"A6","undefined--vi-avl.2025-05-22_23-21-30-000.f_003.de0","49.19837240337284,9.094221379671634,49.19837240337284,9.094221379671634","49.19837240337284,9.094221379671634","WARNING","A6 | Bad Rappenau - Bad Rappenau"," Heilbronn -> Mannheim",NA,"STATIONARY_TRAFFIC","2",2025-05-22,"Beginn: 22.05.25 um 23:21 Uhr  Angespannte Verkehrslage, seit 22.05.2025, 23:21 A6: Heilbronn -> Mannheim, 2.0 km vor AS Bad Rappenau, aus Richtung Heilbronn/Untereisesheim  Im Stillstand Durchschnittsgeschwindigkeit: 2 km/h",49.1983724033728,9.09422137967163
"A6","undefined--vi-hind.2025-05-22_23-04-30-000.f_001.de0","49.18696019169779,9.195179849808309,49.210967610148714,9.073840728991614","49.18696019169779,9.195179849808309","WARNING","A6 | Heilbronn/Untereisesheim - Bauernwald"," Heilbronn -> Mannheim",NA,NA,NA,2025-05-22,"Beginn: 22.05.25 um 23:04 Uhr  Hindernis, seit 22.05.2025, 23:04 A6: Heilbronn -> Mannheim, zwischen 0.5 km hinter AS Heilbronn/Untereisesheim und 7.6 km vor Bauernwald  Gefahr durch Gegenstände auf der Fahrbahn",49.1869601916978,9.19517984980831
"A6","undefined--vi-zus.2025-05-22_23-21-30-000.f.de0","49.19837240337284,9.094221379671634,49.201111903277884,9.088321733615052","49.19837240337284,9.094221379671634","WARNING","A6 | Heilbronn/Untereisesheim - Bad Rappenau"," Heilbronn -> Mannheim",5,"STATIONARY_TRAFFIC","5.300000190734863",2025-05-22,"Beginn: 22.05.25 um 23:21 Uhr  Zusammengesetzte Verkehrsinformation, seit 22.05.2025, 23:21 A6: Heilbronn -> Mannheim, zwischen 8.3 km hinter AS Heilbronn/Untereisesheim und 1.5 km vor AS Bad Rappenau  Gefahr durch Gegenstände auf der Fahrbahn  Im Stillstand Reisezeitverlust: 5 Minuten Durchschnittsgeschwindigkeit: 5 km/h",49.1983724033728,9.09422137967163
"A6","undefined--vi-hind.2025-05-22_21-55-30-000.f_003.de0","49.20125960094429,9.68633460000017,49.18565100094434,9.735251300000186","49.20125960094429,9.68633460000017","WARNING","A6 | Hohenlohe - Schwäbisch Hall"," Heilbronn -> Nürnberg",NA,NA,NA,2025-05-22,"Beginn: 22.05.25 um 21:55 Uhr  Fahrzeug-Hindernis, seit 22.05.2025, 21:55 A6: Heilbronn -> Nürnberg, zwischen 3.5 km hinter Hohenlohe und 0.3 km vor AS Schwäbisch Hall Gefahr durch ein defektes Fahrzeug auf der Fahrbahn",49.2012596009443,9.68633460000017
"A6","undefined--vi-avl.2025-05-22_21-24-00-000.f_001.de0","49.1769216229094,9.965730808118016,49.17834636507958,10.031078925777432","49.1769216229094,9.965730808118016","WARNING","A6 | Kirchberg - Crailsheim"," Heilbronn -> Nürnberg",2,"SLOW_TRAFFIC","62",2025-05-22,"Beginn: 22.05.25 um 21:24 Uhr  Angespannte Verkehrslage, seit 22.05.2025, 21:24 A6: Heilbronn -> Nürnberg, zwischen 0.4 km hinter AS Kirchberg und 3.1 km vor AS Crailsheim  Langsamer Verkehr Reisezeitverlust: 2 Minuten Durchschnittsgeschwindigkeit: 62 km/h",49.1769216229094,9.96573080811802
"A7","undefined--vi-avl.2025-05-22_22-58-30-000.f_003.de0","47.57076686325753,10.659989031456305,47.57076686325753,10.659989031456305","47.57076686325753,10.659989031456305","WARNING","A7 | Grenztunnel Füssen - Grenztunnel Füssen"," Ulm -> Füssen/Reutte",NA,"STATIONARY_TRAFFIC","3",2025-05-22,"Beginn: 22.05.25 um 23:21 Uhr  Angespannte Verkehrslage, seit 22.05.2025, 23:21 A7: Ulm -> Füssen/Reutte, 1.3 km vor Grenztunnel Füssen, aus Richtung Füssen  Im Stillstand Durchschnittsgeschwindigkeit: 3 km/h",47.5707668632575,10.6599890314563
"A7","undefined--vi-avl.2025-05-22_22-11-00-000.f_001.de0","47.57076686325753,10.659989031456305,47.56763537383297,10.659025875024396","47.57076686325753,10.659989031456305","WARNING","A7 | Füssen - Grenztunnel Füssen"," Ulm -> Füssen/Reutte",2,"STATIONARY_TRAFFIC","7.900000095367432",2025-05-22,"Beginn: 22.05.25 um 23:21 Uhr  Angespannte Verkehrslage, seit 22.05.2025, 23:21 A7: Ulm -> Füssen/Reutte, zwischen 0.3 km hinter AS Füssen und 0.9 km vor Grenztunnel Füssen  Im Stillstand Reisezeitverlust: 2 Minuten Durchschnittsgeschwindigkeit: 7 km/h",47.5707668632575,10.6599890314563
"A7","undefined--vi-avl.2025-05-22_23-22-00-000.f.de0","47.627580487972395,10.609870561587098,47.62971227299873,10.597263669182922","47.627580487972395,10.609870561587098","WARNING","A7 | Reinertshofertunnel - Nesselwang"," Füssen/Reutte -> Ulm",0,"SLOW_TRAFFIC","63.29999923706055",2025-05-22,"Beginn: 22.05.25 um 23:22 Uhr  Angespannte Verkehrslage, seit 22.05.2025, 23:22 A7: Füssen/Reutte -> Ulm, zwischen 6.5 km hinter Reinertshofertunnel und 5.6 km vor AS Nesselwang  Langsamer Verkehr Reisezeitverlust: 0 Minuten Durchschnittsgeschwindigkeit: 63 km/h",47.6275804879724,10.6098705615871
"A7","undefined--vi-avl.2025-05-22_20-50-00-000.f.de0","47.62646919745856,10.642707459366537,47.62176586558672,10.660293510394986","47.62646919745856,10.642707459366537","WARNING","A7 | Nesselwang - Reinertshofertunnel"," Ulm -> Füssen/Reutte",0,"SLOW_TRAFFIC","62.900001525878906",2025-05-22,"Beginn: 22.05.25 um 20:50 Uhr  Angespannte Verkehrslage, seit 22.05.2025, 20:50 A7: Ulm -> Füssen/Reutte, zwischen 9.1 km hinter AS Nesselwang und 2.5 km vor Reinertshofertunnel  Langsamer Verkehr Reisezeitverlust: 0 Minuten Durchschnittsgeschwindigkeit: 62 km/h",47.6264691974586,10.6427074593665
"A7","undefined--vi-hind.2025-05-22_23-00-00-000.f.de0","48.03802462168843,10.132361693462896,48.0390832509965,10.132597793197917","48.03802462168843,10.132361693462896","WARNING","A7 | Berkheim - Brühl-Ost"," Füssen/Reutte -> Ulm",NA,NA,NA,2025-05-22,"Beginn: 22.05.25 um 23:00 Uhr  Fahrzeug-Hindernis, seit 22.05.2025, 23:00 A7: Füssen/Reutte -> Ulm, zwischen 0.1 km hinter AS Berkheim und 4.9 km vor Brühl-Ost Gefahr durch ein defektes Fahrzeug auf der Fahrbahn",48.0380246216884,10.1323616934629
"A7","undefined--vi-zus.2025-05-22_22-48-00-000.f_001.de0","49.944082003610234,10.017994170311907,49.95193973834381,10.027692147691337","49.944082003610234,10.017994170311907","WARNING","A7 | Lindig - Hühnerwäldchen"," Würzburg -> Fulda",4,"STATIONARY_TRAFFIC","14.300000190734863",2025-05-22,"Beginn: 22.05.25 um 22:48 Uhr  Zusammengesetzte Verkehrsinformation, seit 22.05.2025, 22:48 A7: Würzburg -> Fulda, zwischen 2.0 km hinter Lindig und 1.6 km vor Hühnerwäldchen  Im Stillstand Reisezeitverlust: 4 Minuten Durchschnittsgeschwindigkeit: 14 km/h  Gefahr durch ein defektes Fahrzeugs auf der Fahrbahn",49.9440820036102,10.0179941703119
"A7","undefined--vi-avl.2025-05-22_23-04-30-000.f_007.de0","49.94409873262167,10.018026972510196,49.94409873262167,10.018026972510196","49.94409873262167,10.018026972510196","WARNING","A7 | Riedener Wald - Riedener Wald"," Würzburg -> Fulda",NA,"STATIONARY_TRAFFIC","13",2025-05-22,"Beginn: 22.05.25 um 23:06 Uhr  Angespannte Verkehrslage, seit 22.05.2025, 23:06 A7: Würzburg -> Fulda, 0.1 km vor Riedener Wald, aus Richtung Lindig  Im Stillstand Durchschnittsgeschwindigkeit: 13 km/h",49.9440987326217,10.0180269725102
"A7","undefined--vi-hind.2025-05-22_23-15-00-000.f.de0","49.949396994467016,10.025457561819666,49.950208103260934,10.026247354237007","49.949396994467016,10.025457561819666","WARNING","A7 | Riedener Wald - Hühnerwäldchen"," Würzburg -> Fulda",NA,NA,NA,2025-05-22,"Beginn: 22.05.25 um 23:15 Uhr  Fahrzeug-Hindernis, seit 22.05.2025, 23:15 A7: Würzburg -> Fulda, zwischen 0.7 km hinter Riedener Wald und 1.8 km vor Hühnerwäldchen Gefahr durch ein defektes Fahrzeug auf der Fahrbahn",49.949396994467,10.0254575618197
"A7","undefined--vi-zus.2025-05-22_22-52-30-000.f_001.de0","49.94679319498235,10.022369097063725,49.956910478106515,10.03037915862519","49.94679319498235,10.022369097063725","WARNING","A7 | Riedener Wald - Hühnerwäldchen"," Würzburg -> Fulda",NA,NA,NA,2025-05-22,"Beginn: 22.05.25 um 22:52 Uhr  Zusammengesetzte Verkehrsinformation, seit 22.05.2025, 22:52 A7: Würzburg -> Fulda, zwischen 0.3 km hinter Riedener Wald und 1.0 km vor Hühnerwäldchen  Gefahr durch Gegenstände auf der Fahrbahn  A7 Würzburg Richtung Fulda zwischen Gramschatzer Wald und Dreieck Schweinfurt/Werneck Unfall mit 5 Fahrzeugen, Standstreifen blockiert, Gefahr durch Gegenstände (Reifenteile) auf der Fahrbahn, langsam fahren, Polizei und Kräfte zur Störungsbeseitigung sind unterwegs",49.9467931949823,10.0223690970637
"A7","undefined--vi-hind.2025-05-22_23-09-00-000.f_001.de0","51.12375580093556,9.479398900000142,51.20491919729264,9.468087569913106","51.12375580093556,9.479398900000142","WARNING","A7 | Malsfeld - Guxhagen"," Fulda -> Kassel",NA,NA,NA,2025-05-22,"Beginn: 22.05.25 um 23:09 Uhr  Fahrzeug-Hindernis, seit 22.05.2025, 23:09 A7: Fulda -> Kassel, zwischen 4.1 km hinter AS Malsfeld und AS Guxhagen",51.1237558009356,9.47939890000014
"A7","undefined--vi-avl.2025-05-22_23-18-00-000.f.de0","51.64267196313937,9.921275621368054,51.62857290093263,9.917933500000338","51.64267196313937,9.921275621368054","WARNING","A7 | Northeim-West - Leineholz West"," Hannover -> Kassel",0,"SLOW_TRAFFIC","59.599998474121094",2025-05-22,"Beginn: 22.05.25 um 23:18 Uhr  Angespannte Verkehrslage, seit 22.05.2025, 23:18 A7: Hannover -> Kassel, zwischen 6.7 km hinter AS Northeim-West und 2.7 km vor Leineholz West  Langsamer Verkehr Reisezeitverlust: 0 Minuten Durchschnittsgeschwindigkeit: 59 km/h",51.6426719631394,9.92127562136805
"A7","undefined--vi-zus.2025-03-31_00-40-00-000.f_018.de0","53.579141433849884,9.913430072127355,53.55636870091902,9.897540700000414","53.579141433849884,9.913430072127355","WARNING","A7 | Hamburg-Volkspark - Elbtunnel (Nordportal)"," Flensburg -> Hamburg",NA,NA,NA,2025-03-31,"Beginn: 31.03.25 um 00:40 Uhr  Zusammengesetzte Verkehrsinformation, seit 31.03.2025, 00:40 A7: Flensburg -> Hamburg, zwischen 0.4 km hinter AS Hamburg-Volkspark und 0.9 km vor Elbtunnel (Nordportal)  A7 Flensburg Richtung Hamburg Ausfahrt Hamburg-Othmarschen Fahrbahnverengung, maximale Fahrbahnbreite von 4,50 m, Bauarbeiten, bis 29.09.2025",53.5791414338499,9.91343007212735
"A7","undefined--vi-avl.2025-05-22_20-21-30-000.f_006.de0","54.804956120681226,9.328584387866814,54.804956120681226,9.328584387866814","54.804956120681226,9.328584387866814","WARNING","A7 | Ellund - Ellund"," Flensburg -> Hamburg",NA,"SLOW_TRAFFIC","25",2025-05-22,"Beginn: 22.05.25 um 23:21 Uhr  Angespannte Verkehrslage, seit 22.05.2025, 23:21 A7: Flensburg -> Hamburg, 0.1 km vor Ellund, aus Richtung Ellund  Langsamer Verkehr Durchschnittsgeschwindigkeit: 25 km/h",54.8049561206812,9.32858438786681
"A7","undefined--vi-avl.2025-05-22_20-15-00-000.f_001.de0","54.8049820054157,9.328571338481932,54.79856973279196,9.331825325664688","54.8049820054157,9.328571338481932","WARNING","A7 | Ellund - Flensburg/Harrislee"," Flensburg -> Hamburg",0,"SLOW_TRAFFIC","48.099998474121094",2025-05-22,"Beginn: 22.05.25 um 20:15 Uhr  Angespannte Verkehrslage, seit 22.05.2025, 20:15 A7: Flensburg -> Hamburg, zwischen 0.1 km hinter Ellund und 3.0 km vor AS Flensburg/Harrislee  Langsamer Verkehr Reisezeitverlust: 0 Minuten Durchschnittsgeschwindigkeit: 48 km/h",54.8049820054157,9.32857133848193
"A8","undefined--vi-zus.2025-03-26_17-59-56-000.f_013.de0","49.32575278791285,7.172731755291576,49.327350714671546,7.213275819282444","49.32575278791285,7.172731755291576","WARNING","A8 | Neunkirchen/Spiesen - Kohlhof"," Saarlouis -> Neunkirchen",NA,NA,NA,2025-03-26,"Beginn: 26.03.25 um 17:59 Uhr  Zusammengesetzte Verkehrsinformation, seit 26.03.2025, 17:59 A8: Saarlouis -> Neunkirchen, zwischen 1.5 km hinter AS Neunkirchen/Spiesen und 1.0 km vor Kohlhof  A8 Saarlouis - Neunkirchen zwischen Neunkirchen-Spiesen und Neunkirchen-Oberstadt in beiden Richtungen Bauarbeiten, bis voraussichtlich 01.06.2025",49.3257527879128,7.17273175529158
"A8","undefined--vi-zus.2025-05-14_09-26-56-000.f.de0","49.32628400979037,7.229641516813452,49.329166750017514,7.1882642393148934","49.32628400979037,7.229641516813452","WARNING","A8 | Neunkirchen-Wellesweiler - Neunkirchen/Spiesen"," Neunkirchen -> Saarlouis",NA,NA,NA,2025-05-14,"Beginn: 14.05.25 um 09:26 Uhr  Zusammengesetzte Verkehrsinformation, seit 14.05.2025, 09:26 A8: Neunkirchen -> Saarlouis, zwischen 0.4 km hinter AS Neunkirchen-Wellesweiler und 2.7 km vor AS Neunkirchen/Spiesen  A8 Saarlouis - Neunkirchen zwischen Neunkirchen-Spiesen und Neunkirchen-Oberstadt in beiden Richtungen Bauarbeiten, bis voraussichtlich 01.06.2025",49.3262840097904,7.22964151681345
"A8","undefined--vi-zus.2025-05-18_05-16-30-000.f.de0","48.913830664848554,8.709229392390208,48.893742102386284,8.785366612768925","48.913830664848554,8.709229392390208","WARNING","A8 | Am Waisenrain - Pforzheim-Süd"," Karlsruhe -> Stuttgart",NA,NA,NA,2025-05-18,"Beginn: 18.05.25 um 05:16 Uhr  Zusammengesetzte Verkehrsinformation, seit 18.05.2025, 05:16 A8: Karlsruhe -> Stuttgart, zwischen 1.5 km hinter Am Waisenrain und 1.7 km vor AS Pforzheim-Süd  Gefahr durch Gegenstände auf der Fahrbahn  A8 Karlsruhe Richtung Stuttgart zwischen Pforzheim-Ost und Heimsheim Nachtbaustelle, Fahrbahnerneuerung, linker Fahrstreifen gesperrt, mittlerer Fahrstreifen gesperrt",48.9138306648486,8.70922939239021
"A8","undefined--vi-avl.2025-05-22_19-56-00-000.f.de0","48.90384649275149,8.777135345848077,48.863952394077465,8.792861830506775","48.90384649275149,8.777135345848077","WARNING","A8 | Pforzheim - Heimsheim"," Karlsruhe -> Stuttgart",13,"STATIONARY_TRAFFIC","17.100000381469727",2025-05-22,"Beginn: 22.05.25 um 19:56 Uhr  Angespannte Verkehrslage, seit 22.05.2025, 19:56 A8: Karlsruhe -> Stuttgart, zwischen 0.5 km hinter Pforzheim und 7.3 km vor AS Heimsheim  Im Stillstand Reisezeitverlust: 13 Minuten Durchschnittsgeschwindigkeit: 17 km/h",48.9038464927515,8.77713534584808
"A8","undefined--vi-avl.2025-05-22_23-23-30-000.f_001.de0","48.90388259680471,8.77709465498541,48.90388259680471,8.77709465498541","48.90388259680471,8.77709465498541","WARNING","A8 | Pforzheim-Süd - Pforzheim-Süd"," Karlsruhe -> Stuttgart",NA,"STATIONARY_TRAFFIC","17",2025-05-22,"Beginn: 22.05.25 um 23:23 Uhr  Angespannte Verkehrslage, seit 22.05.2025, 23:23 A8: Karlsruhe -> Stuttgart, 3.0 km vor AS Pforzheim-Süd, aus Richtung Pforzheim  Im Stillstand Durchschnittsgeschwindigkeit: 17 km/h",48.9038825968047,8.77709465498541
"A8","undefined--vi-hind.2025-05-22_23-20-30-000.f.de0","48.78898599049339,8.97787394226303,48.78815948921418,8.980292455706632","48.78898599049339,8.97787394226303","WARNING","A8 | Rutesheim - Leonberg-West"," Karlsruhe -> Stuttgart",NA,NA,NA,2025-05-22,"Beginn: 22.05.25 um 23:20 Uhr  Fahrzeug-Hindernis, seit 22.05.2025, 23:20 A8: Karlsruhe -> Stuttgart, zwischen 5.1 km hinter AS Rutesheim und 0.1 km vor AS Leonberg-West Gefahr durch ein defektes Fahrzeug auf der Fahrbahn",48.7889859904934,8.97787394226303
"A8","undefined--vi-avl.2025-05-22_23-19-00-000.f.de0","47.76831155385765,12.936363378739337,47.76809760094896,12.932472900113709","47.76831155385765,12.936363378739337","WARNING","A8 | Schwarzbach - Bad Reichenhall"," Salzburg -> München",0,"QUEUING_TRAFFIC","14.199999809265137",2025-05-22,"Beginn: 22.05.25 um 23:19 Uhr  Angespannte Verkehrslage, seit 22.05.2025, 23:19 A8: Salzburg -> München, zwischen 0.3 km hinter Schwarzbach und 2.1 km vor AS Bad Reichenhall  Stockender Verkehr Reisezeitverlust: 0 Minuten Durchschnittsgeschwindigkeit: 14 km/h",47.7683115538577,12.9363633787393
"A9","undefined--vi-zus.2025-05-22_22-59-00-000.f.de0","48.39397887817319,11.594983387136368,48.42682169741503,11.589585297549014","48.39397887817319,11.594983387136368","WARNING","A9 | Aster Moos - Allershausen"," München -> Nürnberg",NA,NA,NA,2025-05-22,"Beginn: 22.05.25 um 22:59 Uhr  Zusammengesetzte Verkehrsinformation, seit 22.05.2025, 22:59 A9: München -> Nürnberg, zwischen 0.9 km hinter Aster Moos und 0.2 km vor AS Allershausen  A9 München - Nürnberg zwischen Kreuz Neufahrn und Allershausen in beiden Richtungen linker Fahrstreifen gesperrt, Bauarbeiten, von 22.05.2025 23:00 Uhr bis 23.05.2025 03:00 Uhr",48.3939788781732,11.5949833871364
"A9","undefined--vi-zus.2025-05-22_19-46-00-000.f.de0","48.73516756601846,11.469076647308716,48.750090504975454,11.45829990841449","48.73516756601846,11.469076647308716","WARNING","A9 | Neuburg a.d.Donau - Ingolstadt-Süd"," München -> Nürnberg",0,"SLOW_TRAFFIC","68.30000305175781",2025-05-22,"Beginn: 22.05.25 um 19:46 Uhr  Zusammengesetzte Verkehrsinformation, seit 22.05.2025, 19:46 A9: München -> Nürnberg, zwischen 2.8 km hinter AS Neuburg a.d.Donau und 0.1 km vor AS Ingolstadt-Süd  Langsamer Verkehr Reisezeitverlust: 0 Minuten Durchschnittsgeschwindigkeit: 68 km/h",48.7351675660185,11.4690766473087
"A9","undefined--vi-hind.2025-05-22_23-17-30-000.f_001.de0","50.65882190093812,11.815412300014993,50.7447442009377,11.857726000016001","50.65882190093812,11.815412300014993","WARNING","A9 | Dittersdorf - Triptis"," Nürnberg -> Halle/Leipzig",NA,NA,NA,2025-05-22,"Beginn: 22.05.25 um 23:17 Uhr  Hindernis, seit 22.05.2025, 23:17 A9: Nürnberg -> Halle/Leipzig, zwischen 0.3 km hinter AS Dittersdorf und 0.4 km vor AS Triptis  Gefahr durch eine ungesicherte Unfallstelle  Gefahr durch Gegenstände auf der Fahrbahn",50.6588219009381,11.815412300015
"A9","undefined--vi-zus.2025-05-22_19-09-08-000.f_003.de0","50.93556939949656,11.836251220875699,50.95187213152183,11.837059480990261","50.93556939949656,11.836251220875699","WARNING","A9 | Bad Klosterlausnitz - Kuhberg"," Nürnberg -> Halle/Leipzig",0,"SLOW_TRAFFIC","71.0999984741211",2025-05-22,"Beginn: 22.05.25 um 19:09 Uhr  Zusammengesetzte Verkehrsinformation, seit 22.05.2025, 19:09 A9: Nürnberg -> Halle/Leipzig, zwischen 2.8 km hinter AS Bad Klosterlausnitz und 1.9 km vor Kuhberg  Langsamer Verkehr Reisezeitverlust: 0 Minuten Durchschnittsgeschwindigkeit: 71 km/h",50.9355693994966,11.8362512208757
"A9","undefined--vi-avl.2025-05-22_23-21-00-000.f_002.de0","50.911157151702,11.841515490398724,50.90098420038902,11.843105602594079","50.911157151702,11.841515490398724","WARNING","A9 | Kuhberg - Hermsdorfer Kreuz"," Halle/Leipzig -> Nürnberg",0,"SLOW_TRAFFIC","61.599998474121094",2025-05-22,"Beginn: 22.05.25 um 23:21 Uhr  Angespannte Verkehrslage, seit 22.05.2025, 23:21 A9: Halle/Leipzig -> Nürnberg, zwischen 6.5 km hinter Kuhberg und 2.3 km vor AK Hermsdorfer Kreuz  Langsamer Verkehr Reisezeitverlust: 0 Minuten Durchschnittsgeschwindigkeit: 61 km/h",50.911157151702,11.8415154903987
"A12","undefined--vi-avl.2025-05-22_23-16-30-000.f_003.de0","52.31471880174617,14.558420643195708,52.31474236365472,14.555532094102352","52.31471880174617,14.558420643195708","WARNING","A12 | Frankfurt(Oder) - Frankfurt(Oder)-Mitte"," Frankfurt(Oder) -> Berliner Ring",1,"STATIONARY_TRAFFIC","8.399999618530273",2025-05-22,"Beginn: 22.05.25 um 23:16 Uhr  Angespannte Verkehrslage, seit 22.05.2025, 23:16 A12: Frankfurt(Oder) -> Berliner Ring, zwischen 1.3 km hinter Frankfurt(Oder) und 2.5 km vor AS Frankfurt(Oder)-Mitte  Im Stillstand Reisezeitverlust: 1 Minuten Durchschnittsgeschwindigkeit: 8 km/h",52.3147188017462,14.5584206431957
"A12","WarnungA10Lkw3","47.61802931631098,12.202336027754352,47.61802931631098,12.202336027754352","47.61802931631098,12.202336027754352","WARNING","E45/E60 | LKW Blockabfertigung | A12-Inntal Autobahn","Richtung Italien",NA,NA,NA,2025-01-11,"Zeitraum: Beginn: 07.01.2025 Ende: 09.12.2025  Hinweis für LKW-Reisende nach Österreich: LKW-Blockabfertigungen an ausgewählten Tagen für Lkw am Grenzübergang Kufstein/Kiefersfelden. Maximaler Durchlass von 300 LKWs pro Stunde  Die genauen Ausführungszeiten und weitere Informationen auf tirol.gv.at/verkehr/verkehrs-und-seilbahnrecht/lkw-dosierung.",47.618029316311,12.2023360277544
"A12","WarnungA10Lkw2","47.6164490154047,12.202382557672273,47.6164490154047,12.202382557672273","47.6164490154047,12.202382557672273","WARNING","E43/E45/E60 | A13-Brenner Autobahn","Richtung Italien",NA,NA,NA,2025-01-11,"Zeitraum: Beginn: 11.01.2025 Ende: 27.09.2025  Hinweis für LKW-Reisende nach Österreich: LKW-Fahrverbot auf der A12-Inntal Autobahn, A13-Brenner Autobahn und A14-Rheintal/Walgau Autobahn, wenn das Ziel der Fahrt der Anschlussstelle Nößlach bis Anschlussstelle Brenner Nord der Richtungsfahrbahn Staatsgrenze der A 13 Brenner Autobahn erreicht werden soll. An ausgewählten Samstagen 7-15 Uhr sowie weiteren Tagen im Zeitraum 11.01. - 27.09.2025 Weitere Informationen auf http://asfinag.at/a13",47.6164490154047,12.2023825576723
"A13","undefined--vi-zus.2025-05-22_23-23-30-000.f.de0","51.883584869814555,13.863469130694257,51.88651358244953,13.850023172947363","51.883584869814555,13.863469130694257","WARNING","A13 | Lübbenau - Rüblingsheide"," Dresden -> Schönefelder Kreuz",0,"QUEUING_TRAFFIC","42.900001525878906",2025-05-22,"Beginn: 22.05.25 um 23:23 Uhr  Zusammengesetzte Verkehrsinformation, seit 22.05.2025, 23:23 A13: Dresden -> Schönefelder Kreuz, zwischen 5.3 km hinter AS Lübbenau und 0.8 km vor Rüblingsheide  Stockender Verkehr Reisezeitverlust: 0 Minuten Durchschnittsgeschwindigkeit: 42 km/h",51.8835848698146,13.8634691306943
"A15","undefined--vi-avl.2025-05-22_23-09-00-000.f.de0","51.712569689245285,14.396076639151643,51.70779461894658,14.435246468267069","51.712569689245285,14.396076639151643","WARNING","A15 | Cottbus-Süd - Roggosen"," Cottbus -> Breslau",1,"SLOW_TRAFFIC","73.69999694824219",2025-05-22,"Beginn: 22.05.25 um 23:09 Uhr  Angespannte Verkehrslage, seit 22.05.2025, 23:09 A15: Cottbus -> Breslau, zwischen 3.3 km hinter AS Cottbus-Süd und 2.1 km vor AS Roggosen  Langsamer Verkehr Reisezeitverlust: 1 Minuten Durchschnittsgeschwindigkeit: 73 km/h",51.7125696892453,14.3960766391516
"A17","undefined--vi-avl.2025-05-22_23-14-30-000.f_001.de0","51.00483130400861,13.74067564931061,51.008285700940974,13.728316900196363","51.00483130400861,13.74067564931061","WARNING","A17 | Am Nöthnitzgrund - Coschütz"," Prag -> Dresden",0,"SLOW_TRAFFIC","58.599998474121094",2025-05-22,"Beginn: 22.05.25 um 23:14 Uhr  Angespannte Verkehrslage, seit 22.05.2025, 23:14 A17: Prag -> Dresden, zwischen 0.4 km hinter Am Nöthnitzgrund und 3.3 km vor Coschütz  Langsamer Verkehr Reisezeitverlust: 0 Minuten Durchschnittsgeschwindigkeit: 58 km/h",51.0048313040086,13.7406756493106
"A20","undefined--vi-avl.2025-05-22_23-20-30-000.f_001.de0","53.864475673509695,11.408605590581844,53.84835874396255,11.374759667978852","53.864475673509695,11.408605590581844","WARNING","A20 | Wismar-Mitte - Bobitz"," Rostock -> Lübeck",1,"SLOW_TRAFFIC","66.19999694824219",2025-05-22,"Beginn: 22.05.25 um 23:20 Uhr  Angespannte Verkehrslage, seit 22.05.2025, 23:20 A20: Rostock -> Lübeck, zwischen 2.1 km hinter AS Wismar-Mitte und 4.0 km vor AS Bobitz  Langsamer Verkehr Reisezeitverlust: 1 Minuten Durchschnittsgeschwindigkeit: 66 km/h",53.8644756735097,11.4086055905818
"A23","undefined--vi-hind.2025-05-22_21-17-30-000.f_004.de0","53.874367900916404,9.55720340000026,53.89486107173413,9.516968160762557","53.874367900916404,9.55720340000026","WARNING","A23 | Lägerdorf - Itzehoe-Süd"," Hamburg -> Heide",NA,NA,NA,2025-05-22,"Beginn: 22.05.25 um 21:17 Uhr  Hindernis, seit 22.05.2025, 21:17 A23: Hamburg -> Heide, zwischen 0.3 km hinter AS Lägerdorf und 0.3 km vor AS Itzehoe-Süd  Gefahr durch Gegenstände auf der Fahrbahn",53.8743679009164,9.55720340000026
"A23","undefined--vi-unf.2025-05-22_21-28-00-000.f_003.de0","53.89625574280652,9.513680184612628,53.879311338255036,9.550708529057166","53.89625574280652,9.513680184612628","WARNING","A23 | Stör - Lägerdorf"," Heide -> Hamburg",NA,NA,NA,2025-05-22,"Beginn: 22.05.25 um 21:28 Uhr  Unfall, seit 22.05.2025, 21:28 A23: Heide -> Hamburg, zwischen 4.3 km hinter Stör und 1.0 km vor AS Lägerdorf",53.8962557428065,9.51368018461263
"A23","undefined--vi-unf.2025-05-22_21-10-30-000.f_003.de0","53.89625574280652,9.513680184612628,53.87142150091644,9.560344100000243","53.89625574280652,9.513680184612628","WARNING","A23 | Stör - Hohenfelde"," Heide -> Hamburg",NA,NA,NA,2025-05-22,"Beginn: 22.05.25 um 21:10 Uhr  Unfall, seit 22.05.2025, 21:10 A23: Heide -> Hamburg, zwischen 4.3 km hinter Stör und 4.0 km vor AS Hohenfelde",53.8962557428065,9.51368018461263
"A31","undefined--vi-avl.2025-05-22_17-49-56-000.f_016.de0","52.11207622575298,7.086103619888021,52.135186734791155,7.089543852877889","52.11207622575298,7.086103619888021","WARNING","A31 | Averbeck - Gronau/Ochtrup"," Oberhausen -> Gronau",1,"SLOW_TRAFFIC","59.599998474121094",2025-05-22,"Beginn: 22.05.25 um 17:49 Uhr  Angespannte Verkehrslage, seit 22.05.2025, 17:49 A31: Oberhausen -> Gronau, zwischen 0.9 km hinter Averbeck und 6.6 km vor AS Gronau/Ochtrup  Langsamer Verkehr Reisezeitverlust: 1 Minuten Durchschnittsgeschwindigkeit: 59 km/h",52.112076225753,7.08610361988802
"A31","undefined--vi-unf.2025-05-22_21-08-30-000.f_003.de0","52.986537716335604,7.2506105989016145,52.87785819686398,7.228637265192921","52.986537716335604,7.2506105989016145","WARNING","A31 | Rhede (Ems) - Lathen"," Leer -> Meppen",NA,NA,NA,2025-05-22,"Beginn: 22.05.25 um 21:08 Uhr  Unfall, seit 22.05.2025, 21:08 A31: Leer -> Meppen, zwischen 8.9 km hinter AS Rhede (Ems) und 0.1 km vor AS Lathen",52.9865377163356,7.25061059890161
"A33","undefined--vi-avl.2025-05-22_23-16-00-000.f_002.de0","51.62582340093265,8.725884499999909,51.604325132464375,8.730298205389987","51.62582340093265,8.725884499999909","WARNING","A33 | Letzter Heller - Wünnenberg-Haaren"," Bielefeld -> Brilon",1,"SLOW_TRAFFIC","62.099998474121094",2025-05-22,"Beginn: 22.05.25 um 23:16 Uhr  Angespannte Verkehrslage, seit 22.05.2025, 23:16 A33: Bielefeld -> Brilon, zwischen 0.1 km hinter Letzter Heller und 2.7 km vor AK Wünnenberg-Haaren  Langsamer Verkehr Reisezeitverlust: 1 Minuten Durchschnittsgeschwindigkeit: 62 km/h",51.6258234009327,8.72588449999991
"A37","undefined--vi-zus.2025-05-20_10-04-05-000.f_002.de0","52.442156462690335,9.933442989087833,52.436581812162494,9.913211841333315","52.442156462690335,9.933442989087833","WARNING","A37 | Beinhorn - Hannover-Kirchhorst"," Celle -> Hannover",NA,NA,NA,2025-05-20,"Beginn: 20.05.25 um 10:04 Uhr  Zusammengesetzte Verkehrsinformation, seit 20.05.2025, 10:04 B3: Celle -> Hannover, zwischen 0.4 km hinter AS Beinhorn und 2.1 km vor AK Hannover-Kirchhorst  A37 Messe - Burgdorf
zwischen Kreuz Hannover-Buchholz und Beinhorn
in beiden Richtungen geänderte Verkehrsführung im Baustellenbereich, Bauarbeiten, bis 30.10.2026 ca. 18:00 Uhr",52.4421564626903,9.93344298908783
"A37","undefined--vi-zus.2025-05-20_10-04-05-000.f_003.de0","52.42566547847685,9.880479425875153,52.44102213295518,9.93161290421946","52.42566547847685,9.880479425875153","WARNING","Baustelle"," km 22.62 --> km 26.54",NA,NA,NA,2025-05-20,"Beginn: 20.05.25 um 10:04 Uhr  Zusammengesetzte Verkehrsinformation, seit 20.05.2025, 10:04 A37: km 22.62 --> km 26.54  A37 Messe - Burgdorf
zwischen Kreuz Hannover-Buchholz und Beinhorn
in beiden Richtungen geänderte Verkehrsführung im Baustellenbereich, Bauarbeiten, bis 30.10.2026 ca. 18:00 Uhr",52.4256654784769,9.88047942587515
"A38","undefined--vi-zus.2025-05-22_23-14-30-000.f_001.de0","51.40133230093407,11.772664500012908,51.40378458574128,11.860683054635373","51.40133230093407,11.772664500012908","WARNING","A38 | Schafstädt - Bad Lauchstädt"," Göttingen -> Halle",NA,NA,NA,2025-05-22,"Beginn: 22.05.25 um 23:14 Uhr  Zusammengesetzte Verkehrsinformation, seit 22.05.2025, 23:14 A38: Göttingen -> Halle, zwischen 0.2 km hinter AS Schafstädt und 3.1 km vor AS Bad Lauchstädt  Gefahr durch Gegenstände auf der Fahrbahn  Gefahr durch ein defektes Fahrzeugs auf der Fahrbahn  A38 Göttingen Richtung Halle zwischen Schafstädt und Dreieck Halle-Süd Gefahr durch ein totes Tier (Reh) auf allen Fahrstreifen, defekter PKW auf dem Standstreifen, fahren Sie bitte besonders vorsichtig",51.4013323009341,11.7726645000129
"A40","undefined--vi-avl.2025-05-23_10-40-00-000.f_024.de0","51.49586584711128,7.188980215086521,51.49600382564044,7.189722511193523","51.49586584711128,7.188980215086521","WARNING","A40 | Bochum-West - Bochum-Freudenbergstraße"," Essen -> Dortmund",0,"STATIONARY_TRAFFIC","35",2025-05-23,"Beginn: 23.05.25 um 10:40 Uhr  Angespannte Verkehrslage, seit 23.05.2025, 10:40 A40: Essen -> Dortmund, zwischen 1.8 km hinter AD Bochum-West und 0.9 km vor AS Bochum-Freudenbergstraße  Im Stillstand Reisezeitverlust: 0 Minuten Durchschnittsgeschwindigkeit: 35 km/h",51.4958658471113,7.18898021508652
"A43","undefined--vi-hind.2025-05-22_22-49-30-000.f_001.de0","51.46934477410498,7.286661343644212,51.47064667122475,7.285827795003941","51.46934477410498,7.286661343644212","WARNING","A43 | Bochum/Witten - Bochum-Laer"," Wuppertal -> Recklinghausen",NA,NA,NA,2025-05-22,"Beginn: 22.05.25 um 22:49 Uhr  Fahrzeug-Hindernis, seit 22.05.2025, 22:49 A43: Wuppertal -> Recklinghausen, zwischen 0.9 km hinter AK Bochum/Witten und 1.0 km vor AS Bochum-Laer Gefahr durch ein defektes Fahrzeug auf der Fahrbahn",51.469344774105,7.28666134364421
"A43","undefined--vi-avl.2025-05-22_22-46-00-000.f.de0","51.9053836315508,7.422605995199219,51.90673711915578,7.410424223519217","51.9053836315508,7.422605995199219","WARNING","A43 | Senden - Nottuln"," Münster -> Recklinghausen",0,"SLOW_TRAFFIC","62.5",2025-05-22,"Beginn: 22.05.25 um 22:46 Uhr  Angespannte Verkehrslage, seit 22.05.2025, 22:46 A43: Münster -> Recklinghausen, zwischen 4.8 km hinter AS Senden und 0.3 km vor AS Nottuln  Langsamer Verkehr Reisezeitverlust: 0 Minuten Durchschnittsgeschwindigkeit: 62 km/h",51.9053836315508,7.42260599519922
"A44","undefined--vi-avl.2025-05-22_23-04-30-000.f_005.de0","51.53331597610454,7.831699073229939,51.5330901009332,7.857236499999488","51.53331597610454,7.831699073229939","WARNING","A44 | Buchenhain - Am Haarstrang"," Dortmund -> Kassel",4,"STATIONARY_TRAFFIC","20.299999237060547",2025-05-22,"Beginn: 22.05.25 um 23:04 Uhr  Angespannte Verkehrslage, seit 22.05.2025, 23:04 A44: Dortmund -> Kassel, zwischen 2.9 km hinter Buchenhain und 0.2 km vor Am Haarstrang  Im Stillstand Reisezeitverlust: 4 Minuten Durchschnittsgeschwindigkeit: 20 km/h",51.5333159761045,7.83169907322994
"A44","undefined--vi-avl.2025-05-22_23-16-30-000.f_005.de0","51.53331597610454,7.831699073229939,51.53331597610454,7.831699073229939","51.53331597610454,7.831699073229939","WARNING","A44 | Am Haarstrang - Am Haarstrang"," Dortmund -> Kassel",NA,"STATIONARY_TRAFFIC","18",2025-05-22,"Beginn: 22.05.25 um 23:21 Uhr  Angespannte Verkehrslage, seit 22.05.2025, 23:21 A44: Dortmund -> Kassel, 2.0 km vor Am Haarstrang, aus Richtung Buchenhain  Im Stillstand Durchschnittsgeschwindigkeit: 18 km/h",51.5333159761045,7.83169907322994
"A44","undefined--vi-avl.2025-05-22_18-38-43-000.f_001.de0","51.57693274657111,8.23319750949642,51.573830305004996,8.218808528612874","51.57693274657111,8.23319750949642","WARNING","A44 | Völlinghauser Flur - Lohner Klei"," Kassel -> Dortmund",0,"SLOW_TRAFFIC","60.79999923706055",2025-05-22,"Beginn: 22.05.25 um 18:38 Uhr  Angespannte Verkehrslage, seit 22.05.2025, 18:38 A44: Kassel -> Dortmund, zwischen 3.2 km hinter Völlinghauser Flur und 1.1 km vor Lohner Klei  Langsamer Verkehr Reisezeitverlust: 0 Minuten Durchschnittsgeschwindigkeit: 60 km/h",51.5769327465711,8.23319750949642
"A44","undefined--vi-avl.2025-05-22_18-23-04-000.f_006.de0","51.520918766614564,8.927584327204661,51.53524847671271,8.88919965741539","51.520918766614564,8.927584327204661","WARNING","A44 | Marsberg - Blankenrode"," Kassel -> Dortmund",1,"SLOW_TRAFFIC","62.5",2025-05-22,"Beginn: 22.05.25 um 18:23 Uhr  Angespannte Verkehrslage, seit 22.05.2025, 18:23 A44: Kassel -> Dortmund, zwischen 2.4 km hinter AS Marsberg und 1.3 km vor Blankenrode  Langsamer Verkehr Reisezeitverlust: 1 Minuten Durchschnittsgeschwindigkeit: 62 km/h",51.5209187666146,8.92758432720466
"A45","undefined--vi-avl.2025-05-22_23-19-00-000.f_001.de0","50.56259947524339,8.554459455980307,50.57060653659181,8.5469600437298","50.56259947524339,8.554459455980307","WARNING","A45 | Wetzlar-Süd - Wetzlar-Ost"," Gießen -> Hagen",0,"SLOW_TRAFFIC","67.30000305175781",2025-05-22,"Beginn: 22.05.25 um 23:19 Uhr  Angespannte Verkehrslage, seit 22.05.2025, 23:19 A45: Gießen -> Hagen, zwischen 1.0 km hinter AS Wetzlar-Süd und AS Wetzlar-Ost  Langsamer Verkehr Reisezeitverlust: 0 Minuten Durchschnittsgeschwindigkeit: 67 km/h",50.5625994752434,8.55445945598031
"A48","undefined--vi-avl.2025-05-22_23-21-00-000.f.de0","50.20016230214874,6.956812368674619,50.20817464653677,6.973506490335464","50.20016230214874,6.956812368674619","WARNING","A48 | Vulkaneifel - Ulmen"," Dreieck Vulkaneifel -> Koblenz",0,"SLOW_TRAFFIC","60.79999923706055",2025-05-22,"Beginn: 22.05.25 um 23:21 Uhr  Angespannte Verkehrslage, seit 22.05.2025, 23:21 A48: Dreieck Vulkaneifel -> Koblenz, zwischen 4.4 km hinter AD Vulkaneifel und AS Ulmen  Langsamer Verkehr Reisezeitverlust: 0 Minuten Durchschnittsgeschwindigkeit: 60 km/h",50.2001623021487,6.95681236867462
"A60","undefined--vi-zus.2025-04-08_08-51-21-000.f_013.de0","49.98125533976677,8.345695317688524,49.97565770865279,8.441396718063045","49.98125533976677,8.345695317688524","WARNING","A60 | Mainspitz-Dreieck - Rüsselsheimer Dreieck"," Mainz -> Rüsselsheim",NA,NA,NA,2025-04-08,"Beginn: 08.04.25 um 08:51 Uhr  Zusammengesetzte Verkehrsinformation, seit 08.04.2025, 08:51 A60: Mainz -> Rüsselsheim, zwischen 0.5 km hinter AD Mainspitz-Dreieck und 2.2 km vor AD Rüsselsheimer Dreieck  Sperrung der A60 bei Königstädten – Grundhafte Fahrbahnerneuerung zwischen dem Rüsselsheimer Dreieck und dem Mainspitz Dreieck. Die Niederlassung West der Autobahn GmbH erneuert zwischen dem Rüsselsheimer Dreieck (30) und dem Mainspitz Dreieck (26) die Fahrbahn. Von Donnerstagmorgen (24. April) bis Mitte Juli wird die Anschlussstelle (AS) Königstädten (29) in Fahrtrichtung (FR) Mainz sowie in FR Rüsselsheimer Dreieck gesperrt. Umleitungsmöglichkeiten sind ausgeschildert: • Ausfahrt FR Mainz: Umleitung via AS Rüsselsheim-Mitte • Einfahrt FR Mainz: innerstädtische Umleitung zur AS Rüsselsheim-Mitte (Adam-Opel-Straße / Kurt-Schumacher-Ring), von Nauheim kommend via L3482 zur AS Bischofsheim • Einfahrt FR Darmstadt: innerstädtische Umleitung zur AS Rüsselsheim-Mitte (Adam-Opel-Straße / Kurt-Schumacher-Ring) Die Autobahn GmbH bittet alle Verkehrsteilnehmer um Verständnis für die unvermeidlichen Verkehrsbehinderungen, die durch die Arbeiten entstehen.",49.9812553397668,8.34569531768852
"A60","undefined--vi-zus.2025-05-03_10-55-00-000.f_003.de0","49.977457399447445,8.454646346787307,49.981587265039146,8.34517285786785","49.977457399447445,8.454646346787307","WARNING","A60 | Rüsselsheimer Dreieck - Mainspitz-Dreieck"," Rüsselsheim -> Mainz",NA,NA,NA,2025-05-03,"Beginn: 03.05.25 um 10:55 Uhr  Zusammengesetzte Verkehrsinformation, seit 03.05.2025, 10:55 A60: Rüsselsheim -> Mainz, zwischen 0.6 km hinter AD Rüsselsheimer Dreieck und 0.5 km vor AD Mainspitz-Dreieck  Sperrung der A60 bei Königstädten – Grundhafte Fahrbahnerneuerung zwischen dem Rüsselsheimer Dreieck und dem Mainspitz Dreieck. Die Niederlassung West der Autobahn GmbH erneuert zwischen dem Rüsselsheimer Dreieck (30) und dem Mainspitz Dreieck (26) die Fahrbahn. Von Donnerstagmorgen (24. April) bis Mitte Juli wird die Anschlussstelle (AS) Königstädten (29) in Fahrtrichtung (FR) Mainz sowie in FR Rüsselsheimer Dreieck gesperrt. Umleitungsmöglichkeiten sind ausgeschildert: • Ausfahrt FR Mainz: Umleitung via AS Rüsselsheim-Mitte • Einfahrt FR Mainz: innerstädtische Umleitung zur AS Rüsselsheim-Mitte (Adam-Opel-Straße / Kurt-Schumacher-Ring), von Nauheim kommend via L3482 zur AS Bischofsheim • Einfahrt FR Darmstadt: innerstädtische Umleitung zur AS Rüsselsheim-Mitte (Adam-Opel-Straße / Kurt-Schumacher-Ring) Die Autobahn GmbH bittet alle Verkehrsteilnehmer um Verständnis für die unvermeidlichen Verkehrsbehinderungen, die durch die Arbeiten entstehen.",49.9774573994474,8.45464634678731
"A65","undefined--vi-avl.2025-05-22_22-37-30-000.f_005.de0","49.21462001091958,8.142109481843391,49.20786807030006,8.147633047093155","49.21462001091958,8.142109481843391","WARNING","A65 | Landau-Nord - Landau-Zentrum"," Ludwigshafen -> Karlsruhe",0,"SLOW_TRAFFIC","41.5",2025-05-22,"Beginn: 22.05.25 um 22:37 Uhr  Angespannte Verkehrslage, seit 22.05.2025, 22:37 A65: Ludwigshafen -> Karlsruhe, zwischen 0.3 km hinter AS Landau-Nord und 1.5 km vor AS Landau-Zentrum  Langsamer Verkehr Reisezeitverlust: 0 Minuten Durchschnittsgeschwindigkeit: 41 km/h",49.2146200109196,8.14210948184339
"A65","undefined--vi-avl.2025-05-22_23-15-00-000.f_001.de0","49.220642270789774,8.143088786808097,49.21461147803849,8.142113825516292","49.220642270789774,8.143088786808097","WARNING","A65 | Landau-Dammheim - Landau-Zentrum"," Ludwigshafen -> Karlsruhe",0,"SLOW_TRAFFIC","49",2025-05-22,"Beginn: 22.05.25 um 23:15 Uhr  Angespannte Verkehrslage, seit 22.05.2025, 23:15 A65: Ludwigshafen -> Karlsruhe, zwischen 0.6 km hinter AS Landau-Dammheim und 2.4 km vor AS Landau-Zentrum  Langsamer Verkehr Reisezeitverlust: 0 Minuten Durchschnittsgeschwindigkeit: 49 km/h",49.2206422707898,8.1430887868081
"A71","undefined--vi-avl.2025-05-22_23-23-30-000.f.de0","50.41693875233962,10.338531882404444,50.42491555200966,10.359344381149272","50.41693875233962,10.338531882404444","WARNING","A71 | Mellrichstadt - Rentwertshausen"," Schweinfurt -> Suhl",0,"SLOW_TRAFFIC","64.80000305175781",2025-05-22,"Beginn: 22.05.25 um 23:23 Uhr  Angespannte Verkehrslage, seit 22.05.2025, 23:23 A71: Schweinfurt -> Suhl, zwischen 0.6 km hinter AS Mellrichstadt und 7.4 km vor AS Rentwertshausen  Langsamer Verkehr Reisezeitverlust: 0 Minuten Durchschnittsgeschwindigkeit: 64 km/h",50.4169387523396,10.3385318824044
"A72","undefined--vi-avl.2025-05-22_23-17-00-000.f.de0","51.048607700936635,12.637761200051337,51.05158042746428,12.629877446308452","51.048607700936635,12.637761200051337","WARNING","A72 | Rochlitz - Kohrener Land"," Chemnitz -> Leipzig",0,"QUEUING_TRAFFIC","47.5",2025-05-22,"Beginn: 22.05.25 um 23:17 Uhr  Angespannte Verkehrslage, seit 22.05.2025, 23:17 A72: Chemnitz -> Leipzig, zwischen 8.4 km hinter AS Rochlitz und 4.7 km vor Kohrener Land  Stockender Verkehr Reisezeitverlust: 0 Minuten Durchschnittsgeschwindigkeit: 47 km/h",51.0486077009366,12.6377612000513
"A92","undefined--vi-zus.2025-05-22_20-41-00-000.f.de0","48.42275333512788,11.930437807546527,48.43638610094678,11.951118600023534","48.42275333512788,11.930437807546527","WARNING","A92 | Erding - Moosburger Au"," München -> Deggendorf",23,"STATIONARY_TRAFFIC","5.400000095367432",2025-05-22,"Beginn: 22.05.25 um 20:41 Uhr  Zusammengesetzte Verkehrsinformation, seit 22.05.2025, 20:41 A92: München -> Deggendorf, zwischen 6.2 km hinter AS Erding und 0.2 km vor Moosburger Au  Im Stillstand Reisezeitverlust: 23 Minuten Durchschnittsgeschwindigkeit: 5 km/h",48.4227533351279,11.9304378075465
"A92","undefined--vi-avl.2025-05-22_21-26-30-000.f_002.de0","48.42275333512788,11.930437807546527,48.42275333512788,11.930437807546527","48.42275333512788,11.930437807546527","WARNING","A92 | Moosburger Au - Moosburger Au"," München -> Deggendorf",NA,"STATIONARY_TRAFFIC","5",2025-05-22,"Beginn: 22.05.25 um 23:21 Uhr  Angespannte Verkehrslage, seit 22.05.2025, 23:21 A92: München -> Deggendorf, 2.4 km vor Moosburger Au, aus Richtung Erding  Im Stillstand Durchschnittsgeschwindigkeit: 5 km/h",48.4227533351279,11.9304378075465
"A93","undefined--vi-avl.2025-05-22_23-16-30-000.f.de0","47.61034118103904,12.200439724218377,47.61733639419956,12.20256328115722","47.61034118103904,12.200439724218377","WARNING","A93 | Kiefersfelden - Kiefersfelden"," Kiefersfelden -> Rosenheim",1,"QUEUING_TRAFFIC","21.700000762939453",2025-05-22,"Beginn: 22.05.25 um 23:16 Uhr  Angespannte Verkehrslage, seit 22.05.2025, 23:16 A93: Kiefersfelden -> Rosenheim, zwischen 0.8 km hinter Kiefersfelden und 0.1 km vor AS Kiefersfelden  Stockender Verkehr Reisezeitverlust: 1 Minuten Durchschnittsgeschwindigkeit: 21 km/h",47.610341181039,12.2004397242184
"A93","undefined--vi-avl.2025-05-22_22-51-30-000.f_004.de0","48.71669700438097,11.815347998806649,48.70571208286533,11.779768970801662","48.71669700438097,11.815347998806649","WARNING","A93 | Deutschmeister - Aiglsbach"," Regensburg -> Holledau",2,"SLOW_TRAFFIC","52.400001525878906",2025-05-22,"Beginn: 22.05.25 um 22:51 Uhr  Angespannte Verkehrslage, seit 22.05.2025, 22:51 A93: Regensburg -> Holledau, zwischen 3.9 km hinter Deutschmeister und 3.9 km vor AS Aiglsbach  Langsamer Verkehr Reisezeitverlust: 2 Minuten Durchschnittsgeschwindigkeit: 52 km/h",48.716697004381,11.8153479988066
"A96","undefined--vi-zus.2025-05-22_23-17-00-000.f.de0","47.570368726701055,9.735945543510178,47.57875963648094,9.735118964561247","47.570368726701055,9.735945543510178","WARNING","A96 | Lindau - Sigmarszell"," Bregenz -> München",0,"SLOW_TRAFFIC","59.70000076293945",2025-05-22,"Beginn: 22.05.25 um 23:17 Uhr  Zusammengesetzte Verkehrsinformation, seit 22.05.2025, 23:17 A96: Bregenz -> München, zwischen 3.1 km hinter AS Lindau und AS Sigmarszell  Langsamer Verkehr Reisezeitverlust: 0 Minuten Durchschnittsgeschwindigkeit: 59 km/h",47.5703687267011,9.73594554351018
"A96","undefined--vi-zus.2025-05-22_20-34-00-000.f_001.de0","47.92698652653791,10.087142626261553,47.919960111522094,10.076132033561661","47.92698652653791,10.087142626261553","WARNING","A96 | Aitrach - Aichstetten"," München -> Lindau",0,"SLOW_TRAFFIC","64.5999984741211",2025-05-22,"Beginn: 22.05.25 um 20:34 Uhr  Zusammengesetzte Verkehrsinformation, seit 22.05.2025, 20:34 A96: München -> Lindau, zwischen 1.0 km hinter AS Aitrach und 5.0 km vor AS Aichstetten  Langsamer Verkehr Reisezeitverlust: 0 Minuten Durchschnittsgeschwindigkeit: 64 km/h",47.9269865265379,10.0871426262616
"A115","undefined--vi-zus.2024-10-09_07-09-40-000.f_531.de0","52.40027056808641,13.185163736426698,52.44227384698058,13.202709435405149","52.40027056808641,13.185163736426698","WARNING","A115 | Am Stern - Hüttenweg"," Dreieck Nuthetal -> Dreieck Funkturm",NA,NA,NA,2024-10-09,"Beginn: 09.10.24 um 07:09 Uhr  Zusammengesetzte Verkehrsinformation, seit 09.10.2024, 07:09 A115: Dreieck Nuthetal -> Dreieck Funkturm, zwischen 2.9 km hinter Am Stern und 3.8 km vor AS Hüttenweg  A115 Autobahnzubringer Magdeburg, Dreieck Nuthetal Richtung Dreieck Funkturm, zwischen Anschlussstelle Kleinmachnow und Anschlussstelle Spanische Allee, Baustelle, bis 31.10.2026 17:00 Uhr",52.4002705680864,13.1851637364267
