"road","identifier","extent","point","display_type","title","subtitle","delay_minutes","abnormalTrafficType","averageSpeed","startTimestamp","description","latitude","longitude"
"A1","undefined--vi-hind.2025-05-23_01-19-00-000.f_001.de0","51.13568010477176,7.189645942104971,51.086553363548376,7.133175967084372","51.13568010477176,7.189645942104971","WARNING","A1 | Wermelskirchen - Burscheid"," Dortmund -> Köln",NA,NA,NA,2025-05-23,"Beginn: 23.05.25 um 01:19 Uhr  Hindernis, seit 23.05.2025, 01:19 A1: Dortmund -> Köln, zwischen 0.3 km hinter AS Wermelskirchen und 0.3 km vor AS Burscheid  Gefahr durch Gegenstände auf der Fahrbahn",51.1356801047718,7.18964594210497
"A1","undefined--vi-avl.2025-05-22_19-28-08-000.f_002.de0","53.02368524009877,8.822143268888857,53.03232730092311,8.866647899999942","53.02368524009877,8.822143268888857","WARNING","A1 | Bremen/Brinkum - Bremen-Hemelingen"," Osnabrück -> Bremen",1,"SLOW_TRAFFIC","57.20000076293945",2025-05-22,"Beginn: 22.05.25 um 19:28 Uhr  Angespannte Verkehrslage, seit 22.05.2025, 19:28 A1: Osnabrück -> Bremen, zwischen 1.3 km hinter AS Bremen/Brinkum und 1.5 km vor AS Bremen-Hemelingen  Langsamer Verkehr Reisezeitverlust: 1 Minuten Durchschnittsgeschwindigkeit: 57 km/h",53.0236852400988,8.82214326888886
"A1","undefined--vi-hind.2025-05-22_22-03-00-000.f_001.de0","53.50929678257153,10.057088901590378,53.50929678257153,10.057088901590378","53.50929678257153,10.057088901590378","WARNING","A1 | Hamburg-Norderelbe - Hamburg-Südost"," Hamburg -> Lübeck",NA,NA,NA,2025-05-22,"Beginn: 22.05.25 um 22:03 Uhr  Fahrzeug-Hindernis, seit 22.05.2025, 22:03 A1: Hamburg -> Lübeck, zwischen 1.2 km hinter AK Hamburg-Norderelbe und 1.2 km vor AD Hamburg-Südost",53.5092967825715,10.0570889015904
"A1","undefined--vi-hind.2025-05-22_22-03-00-000.f.de0","53.509302500919404,10.063278300000514,53.5094444127468,10.056993241326454","53.509302500919404,10.063278300000514","WARNING","A1 | Hamburg-Südost - Hamburg-Norderelbe"," Lübeck -> Hamburg",NA,NA,NA,2025-05-22,"Beginn: 22.05.25 um 22:03 Uhr  Fahrzeug-Hindernis, seit 22.05.2025, 22:03 A1: Lübeck -> Hamburg, zwischen 1.2 km hinter AD Hamburg-Südost und 1.4 km vor AK Hamburg-Norderelbe",53.5093025009194,10.0632783000005
"A3","undefined--vi-avl.2025-05-23_01-31-30-000.f.de0","48.457587439698536,13.375651548971618,48.459851700948605,13.37518560018693","48.457587439698536,13.375651548971618","WARNING","A3 | Rottal-West - Passau-Süd"," Linz -> Passau",0,"SLOW_TRAFFIC","11.899999618530273",2025-05-23,"Beginn: 23.05.25 um 01:31 Uhr  Angespannte Verkehrslage, seit 23.05.2025, 01:31 A3: Linz -> Passau, zwischen 0.2 km hinter Rottal-West und 9.0 km vor AS Passau-Süd  Langsamer Verkehr Reisezeitverlust: 0 Minuten Durchschnittsgeschwindigkeit: 11 km/h",48.4575874396985,13.3756515489716
"A3","undefined--vi-avl.2025-05-23_00-57-30-000.f_001.de0","48.562617604313054,13.3860306036162,48.57015774613832,13.375736392180535","48.562617604313054,13.3860306036162","WARNING","A3 | Hammerbach - Donautal"," Passau -> Nürnberg",0,"SLOW_TRAFFIC","64.0999984741211",2025-05-23,"Beginn: 23.05.25 um 00:57 Uhr  Angespannte Verkehrslage, seit 23.05.2025, 00:57 A3: Passau -> Nürnberg, zwischen 0.4 km hinter Hammerbach und 2.4 km vor Donautal  Langsamer Verkehr Reisezeitverlust: 0 Minuten Durchschnittsgeschwindigkeit: 64 km/h",48.5626176043131,13.3860306036162
"A3","undefined--vi-avl.2025-05-23_01-32-30-000.f_005.de0","48.99225962393238,12.423194482256713,48.99225962393238,12.423194482256713","48.99225962393238,12.423194482256713","WARNING","A3 | Kirchroth - Kirchroth"," Nürnberg -> Passau",NA,"STATIONARY_TRAFFIC","18",2025-05-23,"Beginn: 23.05.25 um 01:32 Uhr  Angespannte Verkehrslage, seit 23.05.2025, 01:32 A3: Nürnberg -> Passau, 9.5 km vor AS Kirchroth, aus Richtung Wellerbach  Im Stillstand Durchschnittsgeschwindigkeit: 18 km/h",48.9922596239324,12.4231944822567
"A3","undefined--vi-avl.2025-05-23_01-32-30-000.f_002.de0","48.99225962393238,12.423194482256713,48.9908557833421,12.430863323052453","48.99225962393238,12.423194482256713","WARNING","A3 | Wellerbach - Kirchroth"," Nürnberg -> Passau",1,"STATIONARY_TRAFFIC","22.899999618530273",2025-05-23,"Beginn: 23.05.25 um 01:32 Uhr  Angespannte Verkehrslage, seit 23.05.2025, 01:32 A3: Nürnberg -> Passau, zwischen Wellerbach und 8.9 km vor AS Kirchroth  Im Stillstand Reisezeitverlust: 1 Minuten Durchschnittsgeschwindigkeit: 22 km/h",48.9922596239324,12.4231944822567
"A3","undefined--vi-hind.2025-05-23_01-11-30-000.f_001.de0","49.39940430094358,11.304096300006345,49.38154920094366,11.340370000006855","49.39940430094358,11.304096300006345","WARNING","A3 | Altdorf - Klosterblick"," Nürnberg -> Passau",NA,NA,NA,2025-05-23,"Beginn: 23.05.25 um 01:11 Uhr  Fahrzeug-Hindernis, seit 23.05.2025, 01:11 A3: Nürnberg -> Passau, zwischen 0.6 km hinter AK Altdorf und 5.5 km vor Klosterblick Gefahr durch ein defektes Fahrzeug auf der Fahrbahn",49.3994043009436,11.3040963000063
"A3","undefined--vi-hind.2025-05-22_21-37-00-000.f_008.de0","49.991534025519144,9.082757533950018,49.991139900941164,9.17131260000005","49.991534025519144,9.082757533950018","WARNING","A3 | Aschaffenburg - Einhausung West"," Frankfurt -> Würzburg",NA,NA,NA,2025-05-22,"Beginn: 22.05.25 um 21:37 Uhr  Fahrzeug-Hindernis, seit 22.05.2025, 21:37 A3: Frankfurt -> Würzburg, zwischen 0.6 km hinter AS Aschaffenburg und 1.4 km vor Einhausung West Gefahr durch ein defektes Fahrzeug auf der Fahrbahn",49.9915340255191,9.08275753395002
"A3","undefined--vi-avl.2025-05-23_00-28-30-000.f_002.de0","51.89839901701434,6.165717280673193,51.89839901701434,6.165717280673193","51.89839901701434,6.165717280673193","WARNING","A3 | Knauheide - Knauheide"," Arnheim -> Oberhausen",NA,"QUEUING_TRAFFIC","17",2025-05-23,"Beginn: 23.05.25 um 01:28 Uhr  Angespannte Verkehrslage, seit 23.05.2025, 01:28 A3: Arnheim -> Oberhausen, 0.1 km vor Knauheide, aus Richtung Elten  Stockender Verkehr Durchschnittsgeschwindigkeit: 17 km/h",51.8983990170143,6.16571728067319
"A3","undefined--vi-avl.2025-05-23_00-28-00-000.f.de0","51.89839901701434,6.165717280673193,51.89532710093108,6.168877099986451","51.89839901701434,6.165717280673193","WARNING","A3 | Elten - Elten"," Arnheim -> Oberhausen",0,"QUEUING_TRAFFIC","32.099998474121094",2025-05-23,"Beginn: 23.05.25 um 00:28 Uhr  Angespannte Verkehrslage, seit 23.05.2025, 00:28 A3: Arnheim -> Oberhausen, zwischen 0.4 km hinter Elten und 1.4 km vor AS Elten  Stockender Verkehr Reisezeitverlust: 0 Minuten Durchschnittsgeschwindigkeit: 32 km/h",51.8983990170143,6.16571728067319
"A4","undefined--vi-avl.2025-05-23_01-18-00-000.f_004.de0","50.81614767880507,6.0271877323873,50.810264665009456,6.035642050456055","50.81614767880507,6.0271877323873","WARNING","A4 | Vetschau - Aachen-Laurensberg"," Heerlen/Aachen -> Köln",1,"STATIONARY_TRAFFIC","29.700000762939453",2025-05-23,"Beginn: 23.05.25 um 01:18 Uhr  Angespannte Verkehrslage, seit 23.05.2025, 01:18 A4: Heerlen/Aachen -> Köln, zwischen 0.3 km hinter Vetschau und 2.9 km vor AS Aachen-Laurensberg  Im Stillstand Reisezeitverlust: 1 Minuten Durchschnittsgeschwindigkeit: 29 km/h",50.8161476788051,6.0271877323873
"A4","undefined--vi-avl.2025-05-23_01-18-30-000.f.de0","50.81614767880507,6.0271877323873,50.81614767880507,6.0271877323873","50.81614767880507,6.0271877323873","WARNING","A4 | Aachen-Laurensberg - Aachen-Laurensberg"," Heerlen/Aachen -> Köln",NA,"STATIONARY_TRAFFIC","24",2025-05-23,"Beginn: 23.05.25 um 01:32 Uhr  Angespannte Verkehrslage, seit 23.05.2025, 01:32 A4: Heerlen/Aachen -> Köln, 3.8 km vor AS Aachen-Laurensberg, aus Richtung Vetschau  Im Stillstand Durchschnittsgeschwindigkeit: 24 km/h",50.8161476788051,6.0271877323873
"A6","undefined--vi-avl.2025-05-23_01-32-00-000.f.de0","49.461465592910166,7.796827068296203,49.45659365861157,7.810007819886343","49.461465592910166,7.796827068296203","WARNING","A6 | Kaiserslautern-West - Kaiserslautern-Ost"," Metz/Saarbrücken -> Mannheim",0,"SLOW_TRAFFIC","55.900001525878906",2025-05-23,"Beginn: 23.05.25 um 01:32 Uhr  Angespannte Verkehrslage, seit 23.05.2025, 01:32 A6: Metz/Saarbrücken -> Mannheim, zwischen 7.0 km hinter AS Kaiserslautern-West und 0.9 km vor AS Kaiserslautern-Ost  Langsamer Verkehr Reisezeitverlust: 0 Minuten Durchschnittsgeschwindigkeit: 55 km/h",49.4614655929102,7.7968270682962
"A6","undefined--vi-avl.2025-05-23_01-00-30-000.f_001.de0","49.177347050380895,9.960975969602734,49.17274993240945,10.011831780431315","49.177347050380895,9.960975969602734","WARNING","A6 | Kirchberg - Crailsheim"," Heilbronn -> Nürnberg",2,"SLOW_TRAFFIC","51.099998474121094",2025-05-23,"Beginn: 23.05.25 um 01:00 Uhr  Angespannte Verkehrslage, seit 23.05.2025, 01:00 A6: Heilbronn -> Nürnberg, zwischen AS Kirchberg und 4.7 km vor AS Crailsheim  Langsamer Verkehr Reisezeitverlust: 2 Minuten Durchschnittsgeschwindigkeit: 51 km/h",49.1773470503809,9.96097596960273
"A7","undefined--vi-zus.2025-05-23_01-16-30-000.f.de0","47.57358938794718,10.66114743889806,47.57833760243747,10.662295646746456","47.57358938794718,10.66114743889806","WARNING","A7 | Grenztunnel Füssen - Reinertshofertunnel"," Füssen/Reutte -> Ulm",0,"QUEUING_TRAFFIC","28.100000381469727",2025-05-23,"Beginn: 23.05.25 um 01:16 Uhr  Zusammengesetzte Verkehrsinformation, seit 23.05.2025, 01:16 A7: Füssen/Reutte -> Ulm, zwischen 1.6 km hinter Grenztunnel Füssen und 2.6 km vor Reinertshofertunnel  Stockender Verkehr Reisezeitverlust: 0 Minuten Durchschnittsgeschwindigkeit: 28 km/h",47.5735893879472,10.6611474388981
"A7","undefined--vi-avl.2025-05-23_01-16-30-000.f_005.de0","47.5735718952982,10.661141216807081,47.5735718952982,10.661141216807081","47.5735718952982,10.661141216807081","WARNING","A7 | Füssen - Füssen"," Füssen/Reutte -> Ulm",NA,"QUEUING_TRAFFIC","8",2025-05-23,"Beginn: 23.05.25 um 01:16 Uhr  Angespannte Verkehrslage, seit 23.05.2025, 01:16 A7: Füssen/Reutte -> Ulm, in Höhe AS Füssen, aus Richtung Grenztunnel Füssen  Stockender Verkehr Durchschnittsgeschwindigkeit: 8 km/h",47.5735718952982,10.6611412168071
"A7","undefined--vi-avl.2025-05-23_01-32-00-000.f_002.de0","47.62539998008455,10.65598562406581,47.61239211798311,10.65847583436195","47.62539998008455,10.65598562406581","WARNING","A7 | Nesselwang - Reinertshofertunnel"," Ulm -> Füssen/Reutte",0,"SLOW_TRAFFIC","62.900001525878906",2025-05-23,"Beginn: 23.05.25 um 01:32 Uhr  Angespannte Verkehrslage, seit 23.05.2025, 01:32 A7: Ulm -> Füssen/Reutte, zwischen 10.1 km hinter AS Nesselwang und 1.4 km vor Reinertshofertunnel  Langsamer Verkehr Reisezeitverlust: 0 Minuten Durchschnittsgeschwindigkeit: 62 km/h",47.6253999800846,10.6559856240658
"A7","undefined--vi-hind.2025-05-23_01-21-00-000.f.de0","52.16323741295189,9.986625280146363,52.184231188314165,9.969076400136684","52.16323741295189,9.986625280146363","WARNING","A7 | Hildesheim - Hildesheim-Drispenstedt"," Kassel -> Hannover",NA,NA,NA,2025-05-23,"Beginn: 23.05.25 um 01:21 Uhr  Fahrzeug-Hindernis, seit 23.05.2025, 01:21 A7: Kassel -> Hannover, zwischen 0.3 km hinter AS Hildesheim und 0.1 km vor AS Hildesheim-Drispenstedt Gefahr durch ein defektes Fahrzeug auf der Fahrbahn",52.1632374129519,9.98662528014636
"A7","undefined--vi-zus.2025-03-31_00-40-00-000.f_018.de0","53.579141433849884,9.913430072127355,53.55636870091902,9.897540700000414","53.579141433849884,9.913430072127355","WARNING","A7 | Hamburg-Volkspark - Elbtunnel (Nordportal)"," Flensburg -> Hamburg",NA,NA,NA,2025-03-31,"Beginn: 31.03.25 um 00:40 Uhr  Zusammengesetzte Verkehrsinformation, seit 31.03.2025, 00:40 A7: Flensburg -> Hamburg, zwischen 0.4 km hinter AS Hamburg-Volkspark und 0.9 km vor Elbtunnel (Nordportal)  A7 Flensburg Richtung Hamburg Ausfahrt Hamburg-Othmarschen Fahrbahnverengung, maximale Fahrbahnbreite von 4,50 m, Bauarbeiten, bis 29.09.2025",53.5791414338499,9.91343007212735
"A7","undefined--vi-avl.2025-05-22_20-21-30-000.f_006.de0","54.804956120681226,9.328584387866814,54.804956120681226,9.328584387866814","54.804956120681226,9.328584387866814","WARNING","A7 | Ellund - Ellund"," Flensburg -> Hamburg",NA,"SLOW_TRAFFIC","19",2025-05-23,"Beginn: 23.05.25 um 01:32 Uhr  Angespannte Verkehrslage, seit 23.05.2025, 01:32 A7: Flensburg -> Hamburg, 0.1 km vor Ellund, aus Richtung Ellund  Langsamer Verkehr Durchschnittsgeschwindigkeit: 19 km/h",54.8049561206812,9.32858438786681
"A7","undefined--vi-avl.2025-05-22_20-15-00-000.f_001.de0","54.8049820054157,9.328571338481932,54.79935473438442,9.331428547658858","54.8049820054157,9.328571338481932","WARNING","A7 | Ellund - Flensburg/Harrislee"," Flensburg -> Hamburg",0,"SLOW_TRAFFIC","34.400001525878906",2025-05-22,"Beginn: 22.05.25 um 20:15 Uhr  Angespannte Verkehrslage, seit 22.05.2025, 20:15 A7: Flensburg -> Hamburg, zwischen 0.1 km hinter Ellund und 3.1 km vor AS Flensburg/Harrislee  Langsamer Verkehr Reisezeitverlust: 0 Minuten Durchschnittsgeschwindigkeit: 34 km/h",54.8049820054157,9.32857133848193
"A8","undefined--vi-zus.2025-03-26_17-59-56-000.f_013.de0","49.32575278791285,7.172731755291576,49.327350714671546,7.213275819282444","49.32575278791285,7.172731755291576","WARNING","A8 | Neunkirchen/Spiesen - Kohlhof"," Saarlouis -> Neunkirchen",NA,NA,NA,2025-03-26,"Beginn: 26.03.25 um 17:59 Uhr  Zusammengesetzte Verkehrsinformation, seit 26.03.2025, 17:59 A8: Saarlouis -> Neunkirchen, zwischen 1.5 km hinter AS Neunkirchen/Spiesen und 1.0 km vor Kohlhof  A8 Saarlouis - Neunkirchen zwischen Neunkirchen-Spiesen und Neunkirchen-Oberstadt in beiden Richtungen Bauarbeiten, bis voraussichtlich 01.06.2025",49.3257527879128,7.17273175529158
"A8","undefined--vi-zus.2025-05-14_09-26-56-000.f.de0","49.32628400979037,7.229641516813452,49.329166750017514,7.1882642393148934","49.32628400979037,7.229641516813452","WARNING","A8 | Neunkirchen-Wellesweiler - Neunkirchen/Spiesen"," Neunkirchen -> Saarlouis",NA,NA,NA,2025-05-14,"Beginn: 14.05.25 um 09:26 Uhr  Zusammengesetzte Verkehrsinformation, seit 14.05.2025, 09:26 A8: Neunkirchen -> Saarlouis, zwischen 0.4 km hinter AS Neunkirchen-Wellesweiler und 2.7 km vor AS Neunkirchen/Spiesen  A8 Saarlouis - Neunkirchen zwischen Neunkirchen-Spiesen und Neunkirchen-Oberstadt in beiden Richtungen Bauarbeiten, bis voraussichtlich 01.06.2025",49.3262840097904,7.22964151681345
"A9","undefined--vi-zus.2025-05-22_22-59-00-000.f.de0","48.39397887817319,11.594983387136368,48.42682169741503,11.589585297549014","48.39397887817319,11.594983387136368","WARNING","A9 | Aster Moos - Allershausen"," München -> Nürnberg",NA,NA,NA,2025-05-22,"Beginn: 22.05.25 um 22:59 Uhr  Zusammengesetzte Verkehrsinformation, seit 22.05.2025, 22:59 A9: München -> Nürnberg, zwischen 0.9 km hinter Aster Moos und 0.2 km vor AS Allershausen  A9 München - Nürnberg zwischen Kreuz Neufahrn und Allershausen in beiden Richtungen linker Fahrstreifen gesperrt, Bauarbeiten, von 22.05.2025 23:00 Uhr bis 23.05.2025 03:00 Uhr",48.3939788781732,11.5949833871364
"A9","undefined--vi-zus.2025-05-23_01-24-00-000.f.de0","50.933109650499404,11.83694622368533,50.94860742486332,11.83477342529121","50.933109650499404,11.83694622368533","WARNING","A9 | Bad Klosterlausnitz - Kuhberg"," Nürnberg -> Halle/Leipzig",1,"SLOW_TRAFFIC","48.79999923706055",2025-05-23,"Beginn: 23.05.25 um 01:24 Uhr  Zusammengesetzte Verkehrsinformation, seit 23.05.2025, 01:24 A9: Nürnberg -> Halle/Leipzig, zwischen 2.5 km hinter AS Bad Klosterlausnitz und 2.3 km vor Kuhberg  Langsamer Verkehr Reisezeitverlust: 1 Minuten Durchschnittsgeschwindigkeit: 48 km/h",50.9331096504994,11.8369462236853
"A12","WarnungA10Lkw3","47.61802931631098,12.202336027754352,47.61802931631098,12.202336027754352","47.61802931631098,12.202336027754352","WARNING","E45/E60 | LKW Blockabfertigung | A12-Inntal Autobahn","Richtung Italien",NA,NA,NA,2025-01-11,"Zeitraum: Beginn: 07.01.2025 Ende: 09.12.2025  Hinweis für LKW-Reisende nach Österreich: LKW-Blockabfertigungen an ausgewählten Tagen für Lkw am Grenzübergang Kufstein/Kiefersfelden. Maximaler Durchlass von 300 LKWs pro Stunde  Die genauen Ausführungszeiten und weitere Informationen auf tirol.gv.at/verkehr/verkehrs-und-seilbahnrecht/lkw-dosierung.",47.618029316311,12.2023360277544
"A12","WarnungA10Lkw2","47.6164490154047,12.202382557672273,47.6164490154047,12.202382557672273","47.6164490154047,12.202382557672273","WARNING","E43/E45/E60 | A13-Brenner Autobahn","Richtung Italien",NA,NA,NA,2025-01-11,"Zeitraum: Beginn: 11.01.2025 Ende: 27.09.2025  Hinweis für LKW-Reisende nach Österreich: LKW-Fahrverbot auf der A12-Inntal Autobahn, A13-Brenner Autobahn und A14-Rheintal/Walgau Autobahn, wenn das Ziel der Fahrt der Anschlussstelle Nößlach bis Anschlussstelle Brenner Nord der Richtungsfahrbahn Staatsgrenze der A 13 Brenner Autobahn erreicht werden soll. An ausgewählten Samstagen 7-15 Uhr sowie weiteren Tagen im Zeitraum 11.01. - 27.09.2025 Weitere Informationen auf http://asfinag.at/a13",47.6164490154047,12.2023825576723
"A17","undefined--vi-zus.2025-05-23_01-29-00-000.f.de0","50.81227441507962,13.88315475066109,50.8244130009433,13.887895800240193","50.81227441507962,13.88315475066109","WARNING","A17 | Breitenau-Schönwald - Bad Gottleuba"," Prag -> Dresden",1,"SLOW_TRAFFIC","36.79999923706055",2025-05-23,"Beginn: 23.05.25 um 01:29 Uhr  Zusammengesetzte Verkehrsinformation, seit 23.05.2025, 01:29 A17: Prag -> Dresden, zwischen 3.6 km hinter Breitenau-Schönwald und 0.8 km vor AS Bad Gottleuba  Langsamer Verkehr Reisezeitverlust: 1 Minuten Durchschnittsgeschwindigkeit: 36 km/h",50.8122744150796,13.8831547506611
"A20","undefined--vi-avl.2025-05-23_01-31-00-000.f.de0","53.925553346769775,10.479853076989768,53.918471295307015,10.501053721486977","53.925553346769775,10.479853076989768","WARNING","A20 | Geschendorf - Mönkhagen"," Bad Segeberg -> Lübeck",0,"SLOW_TRAFFIC","73.19999694824219",2025-05-23,"Beginn: 23.05.25 um 01:31 Uhr  Angespannte Verkehrslage, seit 23.05.2025, 01:31 A20: Bad Segeberg -> Lübeck, zwischen 1.5 km hinter AS Geschendorf und 5.3 km vor AS Mönkhagen  Langsamer Verkehr Reisezeitverlust: 0 Minuten Durchschnittsgeschwindigkeit: 73 km/h",53.9255533467698,10.4798530769898
"A23","undefined--vi-avl.2025-05-23_01-27-30-000.f_002.de0","53.80206982491321,9.684337495966686,53.81117449392067,9.667913344466077","53.80206982491321,9.684337495966686","WARNING","A23 | Elmshorn - Steinburg"," Hamburg -> Heide",0,"SLOW_TRAFFIC","72",2025-05-23,"Beginn: 23.05.25 um 01:27 Uhr  Angespannte Verkehrslage, seit 23.05.2025, 01:27 A23: Hamburg -> Heide, zwischen 6.9 km hinter AS Elmshorn und 3.1 km vor Steinburg  Langsamer Verkehr Reisezeitverlust: 0 Minuten Durchschnittsgeschwindigkeit: 72 km/h",53.8020698249132,9.68433749596669
"A23","undefined--vi-avl.2025-05-23_01-32-30-000.f_001.de0","53.83262397459709,9.624912119736905,53.8436520213629,9.599238407569306","53.83262397459709,9.624912119736905","WARNING","A23 | Steinburg - Hohenfelde"," Hamburg -> Heide",0,"SLOW_TRAFFIC","69.69999694824219",2025-05-23,"Beginn: 23.05.25 um 01:32 Uhr  Angespannte Verkehrslage, seit 23.05.2025, 01:32 A23: Hamburg -> Heide, zwischen 0.6 km hinter Steinburg und AS Hohenfelde  Langsamer Verkehr Reisezeitverlust: 0 Minuten Durchschnittsgeschwindigkeit: 69 km/h",53.8326239745971,9.6249121197369
"A28","undefined--vi-hind.2025-05-23_01-30-00-000.f_001.de0","53.196100100642006,8.09614267156171,53.194697835393214,8.097842861732143","53.196100100642006,8.09614267156171","WARNING","A28 | Helle - Neuenkruge"," Leer -> Oldenburg",NA,NA,NA,2025-05-23,"Beginn: 23.05.25 um 01:30 Uhr  Fahrzeug-Hindernis, seit 23.05.2025, 01:30 A28: Leer -> Oldenburg, zwischen 2.4 km hinter Helle und 0.7 km vor AS Neuenkruge Gefahr durch ein defektes Fahrzeug auf der Fahrbahn",53.196100100642,8.09614267156171
"A31","undefined--vi-avl.2025-05-22_17-49-56-000.f_016.de0","52.113710750084174,7.086213486360125,52.13648767542907,7.089672672422646","52.113710750084174,7.086213486360125","WARNING","A31 | Averbeck - Gronau/Ochtrup"," Oberhausen -> Gronau",1,"SLOW_TRAFFIC","61.70000076293945",2025-05-22,"Beginn: 22.05.25 um 17:49 Uhr  Angespannte Verkehrslage, seit 22.05.2025, 17:49 A31: Oberhausen -> Gronau, zwischen 1.1 km hinter Averbeck und 6.5 km vor AS Gronau/Ochtrup  Langsamer Verkehr Reisezeitverlust: 1 Minuten Durchschnittsgeschwindigkeit: 61 km/h",52.1137107500842,7.08621348636013
"A37","undefined--vi-zus.2025-05-20_10-04-05-000.f_002.de0","52.442156462690335,9.933442989087833,52.436581812162494,9.913211841333315","52.442156462690335,9.933442989087833","WARNING","A37 | Beinhorn - Hannover-Kirchhorst"," Celle -> Hannover",NA,NA,NA,2025-05-20,"Beginn: 20.05.25 um 10:04 Uhr  Zusammengesetzte Verkehrsinformation, seit 20.05.2025, 10:04 B3: Celle -> Hannover, zwischen 0.4 km hinter AS Beinhorn und 2.1 km vor AK Hannover-Kirchhorst  A37 Messe - Burgdorf
zwischen Kreuz Hannover-Buchholz und Beinhorn
in beiden Richtungen geänderte Verkehrsführung im Baustellenbereich, Bauarbeiten, bis 30.10.2026 ca. 18:00 Uhr",52.4421564626903,9.93344298908783
"A37","undefined--vi-zus.2025-05-20_10-04-05-000.f_003.de0","52.42566547847685,9.880479425875153,52.44102213295518,9.93161290421946","52.42566547847685,9.880479425875153","WARNING","Baustelle"," km 22.62 --> km 26.54",NA,NA,NA,2025-05-20,"Beginn: 20.05.25 um 10:04 Uhr  Zusammengesetzte Verkehrsinformation, seit 20.05.2025, 10:04 A37: km 22.62 --> km 26.54  A37 Messe - Burgdorf
zwischen Kreuz Hannover-Buchholz und Beinhorn
in beiden Richtungen geänderte Verkehrsführung im Baustellenbereich, Bauarbeiten, bis 30.10.2026 ca. 18:00 Uhr",52.4256654784769,9.88047942587515
"A38","undefined--vi-avl.2025-05-23_01-26-00-000.f.de0","51.3953871537948,10.089304809032742,51.39723918150211,10.072717265148592","51.3953871537948,10.089304809032742","WARNING","A38 | Heilbad Heiligenstadt - Arenshausen"," Halle -> Göttingen",0,"SLOW_TRAFFIC","72.4000015258789",2025-05-23,"Beginn: 23.05.25 um 01:26 Uhr  Angespannte Verkehrslage, seit 23.05.2025, 01:26 A38: Halle -> Göttingen, zwischen 3.0 km hinter AS Heilbad Heiligenstadt und 2.8 km vor AS Arenshausen  Langsamer Verkehr Reisezeitverlust: 0 Minuten Durchschnittsgeschwindigkeit: 72 km/h",51.3953871537948,10.0893048090327
"A38","undefined--vi-avl.2025-05-23_01-25-00-000.f_002.de0","51.397712139934974,10.378808116664874,51.396604545464506,10.36446393559633","51.397712139934974,10.378808116664874","WARNING","A38 | Eichsfeld - Leinefelde-Worbis"," Halle -> Göttingen",0,"SLOW_TRAFFIC","56.900001525878906",2025-05-23,"Beginn: 23.05.25 um 01:25 Uhr  Angespannte Verkehrslage, seit 23.05.2025, 01:25 A38: Halle -> Göttingen, zwischen 2.7 km hinter Eichsfeld und 1.5 km vor AS Leinefelde-Worbis  Langsamer Verkehr Reisezeitverlust: 0 Minuten Durchschnittsgeschwindigkeit: 56 km/h",51.397712139935,10.3788081166649
"A40","undefined--vi-avl.2025-05-23_01-32-30-000.f_003.de0","51.382616289980604,6.221222934075898,51.382616289980604,6.221222934075898","51.382616289980604,6.221222934075898","WARNING","A40 | Niederdorf - Niederdorf"," Duisburg -> Venlo",NA,"STATIONARY_TRAFFIC","12",2025-05-23,"Beginn: 23.05.25 um 01:32 Uhr  Angespannte Verkehrslage, seit 23.05.2025, 01:32 A40: Duisburg -> Venlo, 0.2 km vor Niederdorf, aus Richtung Niederdorf  Im Stillstand Durchschnittsgeschwindigkeit: 12 km/h",51.3826162899806,6.2212229340759
"A40","undefined--vi-avl.2025-05-23_10-40-00-000.f_028.de0","51.49586584711128,7.188980215086521,51.49600382564044,7.189722511193523","51.49586584711128,7.188980215086521","WARNING","A40 | Bochum-West - Bochum-Freudenbergstraße"," Essen -> Dortmund",0,"STATIONARY_TRAFFIC","35",2025-05-23,"Beginn: 23.05.25 um 10:40 Uhr  Angespannte Verkehrslage, seit 23.05.2025, 10:40 A40: Essen -> Dortmund, zwischen 1.8 km hinter AD Bochum-West und 0.9 km vor AS Bochum-Freudenbergstraße  Im Stillstand Reisezeitverlust: 0 Minuten Durchschnittsgeschwindigkeit: 35 km/h",51.4958658471113,7.18898021508652
"A44","undefined--vi-avl.2025-05-22_18-38-43-000.f_001.de0","51.57783257232176,8.238666197803479,51.573830305004996,8.218808528612874","51.57783257232176,8.238666197803479","WARNING","A44 | Völlinghauser Flur - Lohner Klei"," Kassel -> Dortmund",0,"SLOW_TRAFFIC","70.19999694824219",2025-05-22,"Beginn: 22.05.25 um 18:38 Uhr  Angespannte Verkehrslage, seit 22.05.2025, 18:38 A44: Kassel -> Dortmund, zwischen 2.8 km hinter Völlinghauser Flur und 1.1 km vor Lohner Klei  Langsamer Verkehr Reisezeitverlust: 0 Minuten Durchschnittsgeschwindigkeit: 70 km/h",51.5778325723218,8.23866619780348
"A44","undefined--vi-avl.2025-05-22_18-23-04-000.f_006.de0","51.5214431924114,8.925576824979823,51.53481754372822,8.890880696065599","51.5214431924114,8.925576824979823","WARNING","A44 | Marsberg - Blankenrode"," Kassel -> Dortmund",1,"SLOW_TRAFFIC","63.5",2025-05-22,"Beginn: 22.05.25 um 18:23 Uhr  Angespannte Verkehrslage, seit 22.05.2025, 18:23 A44: Kassel -> Dortmund, zwischen 2.5 km hinter AS Marsberg und 1.4 km vor Blankenrode  Langsamer Verkehr Reisezeitverlust: 1 Minuten Durchschnittsgeschwindigkeit: 63 km/h",51.5214431924114,8.92557682497982
"A48","undefined--vi-avl.2025-05-23_01-20-00-000.f.de0","50.2009379416408,6.958798446174892,50.209045977569666,6.974420672323848","50.2009379416408,6.958798446174892","WARNING","A48 | Vulkaneifel - Laubach"," Dreieck Vulkaneifel -> Koblenz",0,"SLOW_TRAFFIC","56",2025-05-23,"Beginn: 23.05.25 um 01:20 Uhr  Angespannte Verkehrslage, seit 23.05.2025, 01:20 A48: Dreieck Vulkaneifel -> Koblenz, zwischen 4.5 km hinter AD Vulkaneifel und 9.0 km vor AS Laubach  Langsamer Verkehr Reisezeitverlust: 0 Minuten Durchschnittsgeschwindigkeit: 56 km/h",50.2009379416408,6.95879844617489
"A59","undefined--vi-avl.2025-05-23_01-32-30-000.f.de0","51.13825119155244,6.904076748167217,51.15003391282452,6.892730172967384","51.13825119155244,6.904076748167217","WARNING","A59 | Wolfhagen - Düsseldorf-Garath"," Köln -> Düsseldorf",0,"SLOW_TRAFFIC","64.4000015258789",2025-05-23,"Beginn: 23.05.25 um 01:32 Uhr  Angespannte Verkehrslage, seit 23.05.2025, 01:32 A59: Köln -> Düsseldorf, zwischen 1.6 km hinter Wolfhagen und 0.3 km vor AS Düsseldorf-Garath  Langsamer Verkehr Reisezeitverlust: 0 Minuten Durchschnittsgeschwindigkeit: 64 km/h",51.1382511915524,6.90407674816722
"A60","undefined--vi-zus.2025-04-08_08-51-21-000.f_013.de0","49.98125533976677,8.345695317688524,49.97565770865279,8.441396718063045","49.98125533976677,8.345695317688524","WARNING","A60 | Mainspitz-Dreieck - Rüsselsheimer Dreieck"," Mainz -> Rüsselsheim",NA,NA,NA,2025-04-08,"Beginn: 08.04.25 um 08:51 Uhr  Zusammengesetzte Verkehrsinformation, seit 08.04.2025, 08:51 A60: Mainz -> Rüsselsheim, zwischen 0.5 km hinter AD Mainspitz-Dreieck und 2.2 km vor AD Rüsselsheimer Dreieck  Sperrung der A60 bei Königstädten – Grundhafte Fahrbahnerneuerung zwischen dem Rüsselsheimer Dreieck und dem Mainspitz Dreieck. Die Niederlassung West der Autobahn GmbH erneuert zwischen dem Rüsselsheimer Dreieck (30) und dem Mainspitz Dreieck (26) die Fahrbahn. Von Donnerstagmorgen (24. April) bis Mitte Juli wird die Anschlussstelle (AS) Königstädten (29) in Fahrtrichtung (FR) Mainz sowie in FR Rüsselsheimer Dreieck gesperrt. Umleitungsmöglichkeiten sind ausgeschildert: • Ausfahrt FR Mainz: Umleitung via AS Rüsselsheim-Mitte • Einfahrt FR Mainz: innerstädtische Umleitung zur AS Rüsselsheim-Mitte (Adam-Opel-Straße / Kurt-Schumacher-Ring), von Nauheim kommend via L3482 zur AS Bischofsheim • Einfahrt FR Darmstadt: innerstädtische Umleitung zur AS Rüsselsheim-Mitte (Adam-Opel-Straße / Kurt-Schumacher-Ring) Die Autobahn GmbH bittet alle Verkehrsteilnehmer um Verständnis für die unvermeidlichen Verkehrsbehinderungen, die durch die Arbeiten entstehen.",49.9812553397668,8.34569531768852
"A60","undefined--vi-zus.2025-05-03_10-55-00-000.f_003.de0","49.977457399447445,8.454646346787307,49.981587265039146,8.34517285786785","49.977457399447445,8.454646346787307","WARNING","A60 | Rüsselsheimer Dreieck - Mainspitz-Dreieck"," Rüsselsheim -> Mainz",NA,NA,NA,2025-05-03,"Beginn: 03.05.25 um 10:55 Uhr  Zusammengesetzte Verkehrsinformation, seit 03.05.2025, 10:55 A60: Rüsselsheim -> Mainz, zwischen 0.6 km hinter AD Rüsselsheimer Dreieck und 0.5 km vor AD Mainspitz-Dreieck  Sperrung der A60 bei Königstädten – Grundhafte Fahrbahnerneuerung zwischen dem Rüsselsheimer Dreieck und dem Mainspitz Dreieck. Die Niederlassung West der Autobahn GmbH erneuert zwischen dem Rüsselsheimer Dreieck (30) und dem Mainspitz Dreieck (26) die Fahrbahn. Von Donnerstagmorgen (24. April) bis Mitte Juli wird die Anschlussstelle (AS) Königstädten (29) in Fahrtrichtung (FR) Mainz sowie in FR Rüsselsheimer Dreieck gesperrt. Umleitungsmöglichkeiten sind ausgeschildert: • Ausfahrt FR Mainz: Umleitung via AS Rüsselsheim-Mitte • Einfahrt FR Mainz: innerstädtische Umleitung zur AS Rüsselsheim-Mitte (Adam-Opel-Straße / Kurt-Schumacher-Ring), von Nauheim kommend via L3482 zur AS Bischofsheim • Einfahrt FR Darmstadt: innerstädtische Umleitung zur AS Rüsselsheim-Mitte (Adam-Opel-Straße / Kurt-Schumacher-Ring) Die Autobahn GmbH bittet alle Verkehrsteilnehmer um Verständnis für die unvermeidlichen Verkehrsbehinderungen, die durch die Arbeiten entstehen.",49.9774573994474,8.45464634678731
"A61","undefined--vi-avl.2025-05-23_01-31-00-000.f_001.de0","50.29568021853425,7.507490574425835,50.28393730104389,7.508916572009853","50.29568021853425,7.507490574425835","WARNING","A61 | Koblenz/Dieblich - Mosel-West"," Koblenz -> Ludwigshafen",0,"SLOW_TRAFFIC","63.79999923706055",2025-05-23,"Beginn: 23.05.25 um 01:31 Uhr  Angespannte Verkehrslage, seit 23.05.2025, 01:31 A61: Koblenz -> Ludwigshafen, zwischen 1.8 km hinter AS Koblenz/Dieblich und 1.8 km vor Mosel-West  Langsamer Verkehr Reisezeitverlust: 0 Minuten Durchschnittsgeschwindigkeit: 63 km/h",50.2956802185343,7.50749057442583
"A61","undefined--vi-hind.2025-05-23_01-02-30-000.f_001.de0","50.62029336909654,6.978932778871408,50.67323833599439,6.920087934988102","50.62029336909654,6.978932778871408","WARNING","A61 | Meckenheim - Miel"," Koblenz -> Mönchengladbach",NA,NA,NA,2025-05-23,"Beginn: 23.05.25 um 01:02 Uhr  Fahrzeug-Hindernis, seit 23.05.2025, 01:02 A61: Koblenz -> Mönchengladbach, zwischen 4.8 km hinter AK Meckenheim und AS Miel Gefahr durch ein defektes Fahrzeug auf der Fahrbahn",50.6202933690965,6.97893277887141
"A64","undefined--vi-avl.2025-05-23_01-19-30-000.f_001.de0","49.783746689608265,6.638911294271016,49.79020932058812,6.646868211249463","49.783746689608265,6.638911294271016","WARNING","A64 | Trier - Anschluss B52-Trier"," Luxemburg -> Trier",2,"STATIONARY_TRAFFIC","16.100000381469727",2025-05-23,"Beginn: 23.05.25 um 01:19 Uhr  Angespannte Verkehrslage, seit 23.05.2025, 01:19 A64: Luxemburg -> Trier, zwischen 3.0 km hinter AS Trier und 1.0 km vor Anschluss B52-Trier  Im Stillstand Reisezeitverlust: 2 Minuten Durchschnittsgeschwindigkeit: 16 km/h",49.7837466896083,6.63891129427102
"A64","undefined--vi-avl.2025-05-23_01-19-30-000.f_002.de0","49.783746689608265,6.638911294271016,49.783746689608265,6.638911294271016","49.783746689608265,6.638911294271016","WARNING","A64 | Trier - Trier"," Trier -> Luxemburg",NA,"STATIONARY_TRAFFIC","16",2025-05-23,"Beginn: 23.05.25 um 01:28 Uhr  Angespannte Verkehrslage, seit 23.05.2025, 01:28 A64: Trier -> Luxemburg, 3.0 km vor AS Trier, aus Richtung Anschluss B52-Trier  Im Stillstand Durchschnittsgeschwindigkeit: 16 km/h",49.7837466896083,6.63891129427102
"A64","undefined--vi-avl.2025-05-23_01-31-00-000.f_002.de0","49.77762896147304,6.620336923282292,49.773615604773234,6.605213167015814","49.77762896147304,6.620336923282292","WARNING","A64 | Anschluss B52-Trier - Trier"," Trier -> Luxemburg",0,"SLOW_TRAFFIC","63.099998474121094",2025-05-23,"Beginn: 23.05.25 um 01:31 Uhr  Angespannte Verkehrslage, seit 23.05.2025, 01:31 A64: Trier -> Luxemburg, zwischen 3.5 km hinter Anschluss B52-Trier und 0.3 km vor AS Trier  Langsamer Verkehr Reisezeitverlust: 0 Minuten Durchschnittsgeschwindigkeit: 63 km/h",49.777628961473,6.62033692328229
"A65","undefined--vi-avl.2025-05-23_01-26-30-000.f.de0","49.21462001091958,8.142109481843391,49.21462001091958,8.142109481843391","49.21462001091958,8.142109481843391","WARNING","A65 | Landau-Zentrum - Landau-Zentrum"," Landau -> Karlsruhe",NA,"QUEUING_TRAFFIC","12",2025-05-23,"Beginn: 23.05.25 um 01:26 Uhr  Angespannte Verkehrslage, seit 23.05.2025, 01:26 A65: Landau -> Karlsruhe, 2.4 km vor AS Landau-Zentrum, aus Richtung Landau-Nord  Stockender Verkehr Durchschnittsgeschwindigkeit: 12 km/h",49.2146200109196,8.14210948184339
"A65","undefined--vi-avl.2025-05-22_22-37-30-000.f_005.de0","49.21462001091958,8.142109481843391,49.20786807030006,8.147633047093155","49.21462001091958,8.142109481843391","WARNING","A65 | Landau-Nord - Landau-Zentrum"," Ludwigshafen -> Karlsruhe",1,"STATIONARY_TRAFFIC","28.100000381469727",2025-05-22,"Beginn: 22.05.25 um 22:37 Uhr  Angespannte Verkehrslage, seit 22.05.2025, 22:37 A65: Ludwigshafen -> Karlsruhe, zwischen 0.3 km hinter AS Landau-Nord und 1.5 km vor AS Landau-Zentrum  Im Stillstand Reisezeitverlust: 1 Minuten Durchschnittsgeschwindigkeit: 28 km/h",49.2146200109196,8.14210948184339
"A65","undefined--vi-avl.2025-05-23_01-24-00-000.f.de0","49.22397151533056,8.146255141977578,49.21462854380047,8.142105138168976","49.22397151533056,8.146255141977578","WARNING","A65 | Landau-Dammheim - Landau-Zentrum"," Ludwigshafen -> Karlsruhe",0,"SLOW_TRAFFIC","58",2025-05-23,"Beginn: 23.05.25 um 01:24 Uhr  Angespannte Verkehrslage, seit 23.05.2025, 01:24 A65: Ludwigshafen -> Karlsruhe, zwischen 0.2 km hinter AS Landau-Dammheim und 2.4 km vor AS Landau-Zentrum  Langsamer Verkehr Reisezeitverlust: 0 Minuten Durchschnittsgeschwindigkeit: 58 km/h",49.2239715153306,8.14625514197758
"A71","undefined--vi-avl.2025-05-23_01-32-00-000.f_001.de0","50.25519943363131,10.215617083449407,50.262894896673366,10.220952610715923","50.25519943363131,10.215617083449407","WARNING","A71 | Lauertal - Bad Neustadt a.d.Saale"," Schweinfurt -> Suhl",0,"SLOW_TRAFFIC","51.79999923706055",2025-05-23,"Beginn: 23.05.25 um 01:32 Uhr  Angespannte Verkehrslage, seit 23.05.2025, 01:32 A71: Schweinfurt -> Suhl, zwischen 1.7 km hinter Lauertal und 9.6 km vor AS Bad Neustadt a.d.Saale  Langsamer Verkehr Reisezeitverlust: 0 Minuten Durchschnittsgeschwindigkeit: 51 km/h",50.2551994336313,10.2156170834494
"A71","undefined--vi-hind.2025-05-23_01-30-00-000.f.de0","50.85453110093703,11.007960100003089,50.89307240093682,10.966699900002814","50.85453110093703,11.007960100003089","WARNING","A71 | Arnstadt-Nord - Kreuz Erfurt"," Suhl -> Erfurt",NA,NA,NA,2025-05-23,"Beginn: 23.05.25 um 01:30 Uhr  Hindernis, seit 23.05.2025, 01:30 A71: Suhl -> Erfurt, zwischen 0.3 km hinter AS Arnstadt-Nord und 0.8 km vor AK Kreuz Erfurt  Gefahr durch eine ungesicherte Unfallstelle  Gefahr durch Gegenstände auf der Fahrbahn",50.854531100937,11.0079601000031
"A72","undefined--vi-avl.2025-05-23_01-27-00-000.f.de0","50.47252215590685,12.184222890503198,50.4481488960961,12.1654140223592","50.47252215590685,12.184222890503198","WARNING","A72 | Plauen-Ost - Plauen-Süd"," Zwickau -> Hof",1,"SLOW_TRAFFIC","54.70000076293945",2025-05-23,"Beginn: 23.05.25 um 01:27 Uhr  Angespannte Verkehrslage, seit 23.05.2025, 01:27 A72: Zwickau -> Hof, zwischen 3.6 km hinter AS Plauen-Ost und 0.7 km vor AS Plauen-Süd  Langsamer Verkehr Reisezeitverlust: 1 Minuten Durchschnittsgeschwindigkeit: 54 km/h",50.4725221559069,12.1842228905032
"A81","undefined--vi-zus.2025-05-23_01-19-30-000.f.de0","49.14817949220483,9.303235286893528,49.14817949220483,9.303235286893528","49.14817949220483,9.303235286893528","WARNING","A81 | Weinsberg - Weinsberg/Ellhofen"," Würzburg -> Heilbronn",NA,NA,NA,2025-05-23,"Beginn: 23.05.25 um 01:19 Uhr  Zusammengesetzte Verkehrsinformation, seit 23.05.2025, 01:19 A81: Würzburg -> Heilbronn, zwischen 1.1 km hinter AK Weinsberg und 1.2 km vor AS Weinsberg/Ellhofen  Gefahr durch Gegenstände auf der Fahrbahn  A81 Würzburg Richtung Heilbronn zwischen Kreuz Weinsberg und Weinsberg/Ellhofen Gefahr durch einen Reifen auf der Fahrbahn, Gefahr durch defekten PKW auf dem Standstreifen",49.1481794922048,9.30323528689353
"A81","undefined--vi-zus.2025-05-23_01-14-30-000.f.de0","49.14784793523616,9.303410050360652,49.13613810094452,9.304750400000064","49.14784793523616,9.303410050360652","WARNING","A81 | Weinsberg - Heilbronn/Untergruppenbach"," Würzburg -> Stuttgart",NA,NA,NA,2025-05-23,"Beginn: 23.05.25 um 01:14 Uhr  Zusammengesetzte Verkehrsinformation, seit 23.05.2025, 01:14 A81: Würzburg -> Stuttgart, zwischen 1.1 km hinter AK Weinsberg und 5.9 km vor AS Heilbronn/Untergruppenbach  Gefahr durch Gegenstände auf der Fahrbahn  A81 Würzburg Richtung Heilbronn
zwischen Kreuz Weinsberg und Weinsberg/Ellhofen
Gefahr durch einen Reifen auf der Fahrbahn, Gefahr durch defekten PKW auf dem Standstreifen",49.1478479352362,9.30341005036065
"A92","undefined--vi-zus.2025-05-23_01-24-30-000.f.de0","48.43103011128184,11.943840077537724,48.43638610094678,11.951118600023534","48.43103011128184,11.943840077537724","WARNING","A92 | Erding - Moosburger Au"," München -> Deggendorf",0,"SLOW_TRAFFIC","51.099998474121094",2025-05-23,"Beginn: 23.05.25 um 01:24 Uhr  Zusammengesetzte Verkehrsinformation, seit 23.05.2025, 01:24 A92: München -> Deggendorf, zwischen 7.5 km hinter AS Erding und 0.2 km vor Moosburger Au  Langsamer Verkehr Reisezeitverlust: 0 Minuten Durchschnittsgeschwindigkeit: 51 km/h",48.4310301112818,11.9438400775377
"A93","undefined--vi-zus.2025-05-23_01-21-00-000.f.de0","48.714187470616714,11.80981186704224,48.71246784505694,11.79835504962069","48.714187470616714,11.80981186704224","WARNING","A93 | Deutschmeister - Aiglsbach"," Regensburg -> Holledau",0,"SLOW_TRAFFIC","64.9000015258789",2025-05-23,"Beginn: 23.05.25 um 01:21 Uhr  Zusammengesetzte Verkehrsinformation, seit 23.05.2025, 01:21 A93: Regensburg -> Holledau, zwischen 4.4 km hinter Deutschmeister und 5.4 km vor AS Aiglsbach  Langsamer Verkehr Reisezeitverlust: 0 Minuten Durchschnittsgeschwindigkeit: 64 km/h",48.7141874706167,11.8098118670422
"A94","undefined--vi-avl.2025-05-23_01-32-30-000.f_004.de0","48.25752745298545,12.191639279407699,48.25752745298545,12.191639279407699","48.25752745298545,12.191639279407699","WARNING","A94 | Fürthholz - Fürthholz"," Passau -> München",NA,"STATIONARY_TRAFFIC","24",2025-05-23,"Beginn: 23.05.25 um 01:32 Uhr  Angespannte Verkehrslage, seit 23.05.2025, 01:32 A94: Passau -> München, 0.3 km vor Fürthholz, aus Richtung Schwindegg  Im Stillstand Durchschnittsgeschwindigkeit: 24 km/h",48.2575274529854,12.1916392794077
"A94","undefined--vi-avl.2025-05-23_01-30-00-000.f.de0","48.25740955053585,12.1919875198058,48.2595321009473,12.183970500035398","48.25740955053585,12.1919875198058","WARNING","A94 | Schwindegg - Dorfen"," Passau -> München",1,"STATIONARY_TRAFFIC","30",2025-05-23,"Beginn: 23.05.25 um 01:30 Uhr  Angespannte Verkehrslage, seit 23.05.2025, 01:30 A94: Passau -> München, zwischen 7.0 km hinter AS Schwindegg und 1.8 km vor AS Dorfen  Im Stillstand Reisezeitverlust: 1 Minuten Durchschnittsgeschwindigkeit: 30 km/h",48.2574095505358,12.1919875198058
"A96","undefined--vi-zus.2025-05-23_01-31-00-000.f.de0","47.915788915770186,10.07083334487187,47.925547576362504,10.085106019061406","47.915788915770186,10.07083334487187","WARNING","A96 | Aichstetten - Aitrach"," Lindau -> München",0,"SLOW_TRAFFIC","62.099998474121094",2025-05-23,"Beginn: 23.05.25 um 01:31 Uhr  Zusammengesetzte Verkehrsinformation, seit 23.05.2025, 01:31 A96: Lindau -> München, zwischen 4.3 km hinter AS Aichstetten und 1.3 km vor AS Aitrach  Langsamer Verkehr Reisezeitverlust: 0 Minuten Durchschnittsgeschwindigkeit: 62 km/h",47.9157889157702,10.0708333448719
"A96","undefined--vi-zus.2025-05-23_00-34-00-000.f.de0","47.929391157805846,10.090870160009406,47.919960111522094,10.076132033561661","47.929391157805846,10.090870160009406","WARNING","A96 | Aitrach - Aichstetten"," München -> Lindau",0,"SLOW_TRAFFIC","64.0999984741211",2025-05-23,"Beginn: 23.05.25 um 00:34 Uhr  Zusammengesetzte Verkehrsinformation, seit 23.05.2025, 00:34 A96: München -> Lindau, zwischen 0.7 km hinter AS Aitrach und 5.0 km vor AS Aichstetten  Langsamer Verkehr Reisezeitverlust: 0 Minuten Durchschnittsgeschwindigkeit: 64 km/h",47.9293911578058,10.0908701600094
"A96","undefined--vi-avl.2025-05-23_01-30-30-000.f_001.de0","48.041764428678654,10.58741714310182,48.04088221904717,10.6097008202237","48.041764428678654,10.58741714310182","WARNING","A96 | Mindelheim - Bad Wörishofen"," Lindau -> München",0,"SLOW_TRAFFIC","65.69999694824219",2025-05-23,"Beginn: 23.05.25 um 01:30 Uhr  Angespannte Verkehrslage, seit 23.05.2025, 01:30 A96: Lindau -> München, zwischen 6.0 km hinter AS Mindelheim und 0.8 km vor AS Bad Wörishofen  Langsamer Verkehr Reisezeitverlust: 0 Minuten Durchschnittsgeschwindigkeit: 65 km/h",48.0417644286787,10.5874171431018
"A115","undefined--vi-zus.2024-10-09_07-09-40-000.f_531.de0","52.40027056808641,13.185163736426698,52.44227384698058,13.202709435405149","52.40027056808641,13.185163736426698","WARNING","A115 | Am Stern - Hüttenweg"," Dreieck Nuthetal -> Dreieck Funkturm",NA,NA,NA,2024-10-09,"Beginn: 09.10.24 um 07:09 Uhr  Zusammengesetzte Verkehrsinformation, seit 09.10.2024, 07:09 A115: Dreieck Nuthetal -> Dreieck Funkturm, zwischen 2.9 km hinter Am Stern und 3.8 km vor AS Hüttenweg  A115 Autobahnzubringer Magdeburg, Dreieck Nuthetal Richtung Dreieck Funkturm, zwischen Anschlussstelle Kleinmachnow und Anschlussstelle Spanische Allee, Baustelle, bis 31.10.2026 17:00 Uhr",52.4002705680864,13.1851637364267
"A995","undefined--vi-avl.2025-05-23_01-26-00-000.f_002.de0","48.035418167548904,11.606046162986283,48.029051523328306,11.623144834982448","48.035418167548904,11.606046162986283","WARNING","A995 | Taufkirchen-West - Sauerlach"," München -> Kreuz München-Süd",0,"SLOW_TRAFFIC","62.5",2025-05-23,"Beginn: 23.05.25 um 01:26 Uhr  Angespannte Verkehrslage, seit 23.05.2025, 01:26 A995: München -> Kreuz München-Süd, zwischen 2.3 km hinter AS Taufkirchen-West und 1.0 km vor AS Sauerlach  Langsamer Verkehr Reisezeitverlust: 0 Minuten Durchschnittsgeschwindigkeit: 62 km/h",48.0354181675489,11.6060461629863
