"road","identifier","extent","point","display_type","title","subtitle","delay_minutes","abnormalTrafficType","averageSpeed","startTimestamp","description","latitude","longitude"
"A1","undefined--vi-avl.2025-05-19_21-01-30-000.f_001.de0","50.06891529725693,6.881132912282824,50.06891529725693,6.881132912282824","50.06891529725693,6.881132912282824","WARNING","A1 | Eifel-Ost - Eifel-Ost"," Köln/Koblenz -> Trier",NA,"STATIONARY_TRAFFIC","18",2025-05-19,"Beginn: 19.05.25 um 21:01 Uhr  Angespannte Verkehrslage, seit 19.05.2025, 21:01 A1: Köln/Koblenz -> Trier, 0.1 km vor Eifel-Ost, aus Richtung Eifel-West  Im Stillstand Durchschnittsgeschwindigkeit: 18 km/h",50.0689152972569,6.88113291228282
"A1","undefined--vi-avl.2025-05-19_21-01-30-000.f.de0","50.06891529725693,6.881132912282824,50.06796806773169,6.883356386214818","50.06891529725693,6.881132912282824","WARNING","A1 | Eifel-West - Hasborn"," Köln/Koblenz -> Trier",0,"STATIONARY_TRAFFIC","18.299999237060547",2025-05-19,"Beginn: 19.05.25 um 21:01 Uhr  Angespannte Verkehrslage, seit 19.05.2025, 21:01 A1: Köln/Koblenz -> Trier, zwischen 0.1 km hinter Eifel-West und 3.8 km vor AS Hasborn  Im Stillstand Reisezeitverlust: 0 Minuten Durchschnittsgeschwindigkeit: 18 km/h",50.0689152972569,6.88113291228282
"A1","undefined--vi-avl.2025-05-19_20-02-30-000.f_004.de0","51.235716295095955,7.230391927255166,51.235716295095955,7.230391927255166","51.235716295095955,7.230391927255166","WARNING","A1 | Wuppertal-Ronsdorf - Wuppertal-Ronsdorf"," Dortmund -> Köln",NA,"STATIONARY_TRAFFIC","19",2025-05-19,"Beginn: 19.05.25 um 21:01 Uhr  Angespannte Verkehrslage, seit 19.05.2025, 21:01 A1: Dortmund -> Köln, 1.0 km vor AS Wuppertal-Ronsdorf, aus Richtung Ehrenberg  Im Stillstand Durchschnittsgeschwindigkeit: 19 km/h",51.235716295096,7.23039192725517
"A1","undefined--vi-avl.2025-05-19_19-55-03-000.f_001.de0","51.235602867822855,7.230347035390538,51.22267102918807,7.242692576711864","51.235602867822855,7.230347035390538","WARNING","A1 | Ehrenberg - Remscheid-Lennep"," Dortmund -> Köln",4,"STATIONARY_TRAFFIC","19.399999618530273",2025-05-19,"Beginn: 19.05.25 um 19:55 Uhr  Angespannte Verkehrslage, seit 19.05.2025, 19:55 A1: Dortmund -> Köln, zwischen 3.9 km hinter Ehrenberg und 2.5 km vor AS Remscheid-Lennep  Im Stillstand Reisezeitverlust: 4 Minuten Durchschnittsgeschwindigkeit: 19 km/h",51.2356028678229,7.23034703539054
"A1","undefined--vi-avl.2025-05-19_19-31-30-000.f_005.de0","53.02365954991912,8.812121841260272,53.026565426633645,8.853023177618908","53.02365954991912,8.812121841260272","WARNING","A1 | Bremen/Brinkum - Bremen-Arsten"," Osnabrück -> Bremen",6,"STATIONARY_TRAFFIC","21.799999237060547",2025-05-19,"Beginn: 19.05.25 um 19:31 Uhr  Angespannte Verkehrslage, seit 19.05.2025, 19:31 A1: Osnabrück -> Bremen, zwischen 0.6 km hinter AS Bremen/Brinkum und 0.5 km vor AS Bremen-Arsten  Im Stillstand Reisezeitverlust: 6 Minuten Durchschnittsgeschwindigkeit: 21 km/h",53.0236595499191,8.81212184126027
"A1","undefined--vi-avl.2025-05-19_20-12-30-000.f_005.de0","53.0236582515964,8.812047327624084,53.0236582515964,8.812047327624084","53.0236582515964,8.812047327624084","WARNING","A1 | Krummhörens Kuhlen - Krummhörens Kuhlen"," Osnabrück -> Bremen",NA,"STATIONARY_TRAFFIC","22",2025-05-19,"Beginn: 19.05.25 um 21:01 Uhr  Angespannte Verkehrslage, seit 19.05.2025, 21:01 A1: Osnabrück -> Bremen, 0.8 km vor Krummhörens Kuhlen, aus Richtung Bremen/Brinkum  Im Stillstand Durchschnittsgeschwindigkeit: 22 km/h",53.0236582515964,8.81204732762408
"A2","undefined--vi-avl.2025-05-19_20-10-30-000.f_003.de0","51.53731007717399,6.834573118725582,51.5386298801034,6.843310174342619","51.53731007717399,6.834573118725582","WARNING","A2 | Oberhausen - Oberhausen-Königshardt"," Oberhausen -> Dortmund",1,"STATIONARY_TRAFFIC","17.399999618530273",2025-05-19,"Beginn: 19.05.25 um 20:10 Uhr  Angespannte Verkehrslage, seit 19.05.2025, 20:10 A2: Oberhausen -> Dortmund, zwischen AK Oberhausen und 1.8 km vor AS Oberhausen-Königshardt  Im Stillstand Reisezeitverlust: 1 Minuten Durchschnittsgeschwindigkeit: 17 km/h",51.537310077174,6.83457311872558
"A2","undefined--vi-avl.2025-05-19_20-00-00-000.f.de0","51.5386298801034,6.843310174342619,51.53887574555629,6.864115930365085","51.5386298801034,6.843310174342619","WARNING","A2 | Oberhausen - Oberhausen-Königshardt"," Oberhausen -> Dortmund",6,"STATIONARY_TRAFFIC","12.100000381469727",2025-05-19,"Beginn: 19.05.25 um 20:00 Uhr  Angespannte Verkehrslage, seit 19.05.2025, 20:00 A2: Oberhausen -> Dortmund, zwischen 0.6 km hinter AK Oberhausen und 0.4 km vor AS Oberhausen-Königshardt  Im Stillstand Reisezeitverlust: 6 Minuten Durchschnittsgeschwindigkeit: 12 km/h",51.5386298801034,6.84331017434262
"A2","undefined--vi-avl.2025-05-19_20-00-30-000.f_003.de0","51.5386298801034,6.843310174342619,51.5386298801034,6.843310174342619","51.5386298801034,6.843310174342619","WARNING","A2 | Oberhausen-Königshardt - Oberhausen-Königshardt"," Oberhausen -> Dortmund",NA,"STATIONARY_TRAFFIC","5",2025-05-19,"Beginn: 19.05.25 um 21:01 Uhr  Angespannte Verkehrslage, seit 19.05.2025, 21:01 A2: Oberhausen -> Dortmund, 1.8 km vor AS Oberhausen-Königshardt, aus Richtung Oberhausen  Im Stillstand Durchschnittsgeschwindigkeit: 5 km/h",51.5386298801034,6.84331017434262
"A2","undefined--vi-avl.2025-05-19_20-10-30-000.f_004.de0","51.53730333479113,6.834546394111652,51.53730333479113,6.834546394111652","51.53730333479113,6.834546394111652","WARNING","A2 | Oberhausen-Königshardt - Oberhausen-Königshardt"," Oberhausen -> Dortmund",NA,"STATIONARY_TRAFFIC","10",2025-05-19,"Beginn: 19.05.25 um 21:01 Uhr  Angespannte Verkehrslage, seit 19.05.2025, 21:01 A2: Oberhausen -> Dortmund, 2.5 km vor AS Oberhausen-Königshardt, aus Richtung Oberhausen  Im Stillstand Durchschnittsgeschwindigkeit: 10 km/h",51.5373033347911,6.83454639411165
"A2","undefined--vi-hind.2025-05-19_20-28-00-000.f_003.de0","51.578676000932944,7.505967199998997,51.57855901402244,7.5088034970347515","51.578676000932944,7.505967199998997","WARNING","A2 | Dortmund-Nordost - Dortmund-Lanstrop"," Dortmund -> Hannover",NA,NA,NA,2025-05-19,"Beginn: 19.05.25 um 20:28 Uhr  Fahrzeug-Hindernis, seit 19.05.2025, 20:28 A2: Dortmund -> Hannover, zwischen 0.8 km hinter AS Dortmund-Nordost und 2.7 km vor AS Dortmund-Lanstrop Gefahr durch ein defektes Fahrzeug auf der Fahrbahn",51.5786760009329,7.505967199999
"A2","undefined--vi-hind.2025-05-19_20-38-31-000.f.de0","51.57816278142626,7.518684080428418,51.57808822944096,7.521479924526534","51.57816278142626,7.518684080428418","WARNING","A2 | Dortmund-Nordost - Dortmund-Lanstrop"," Dortmund -> Hannover",NA,NA,NA,2025-05-19,"Beginn: 19.05.25 um 20:38 Uhr  Fahrzeug-Hindernis, seit 19.05.2025, 20:38 A2: Dortmund -> Hannover, zwischen 1.7 km hinter AS Dortmund-Nordost und 1.8 km vor AS Dortmund-Lanstrop Gefahr durch ein defektes Fahrzeug auf der Fahrbahn",51.5781627814263,7.51868408042842
"A2","undefined--vi-hind.2025-05-19_19-00-00-000.f_005.de0","52.23223784058388,9.243723844994786,52.23186189485302,9.241281800439054","52.23223784058388,9.243723844994786","WARNING","A2 | Rehren - Auetal Süd"," Hannover -> Dortmund",NA,NA,NA,2025-05-19,"Beginn: 19.05.25 um 19:00 Uhr  Fahrzeug-Hindernis, seit 19.05.2025, 19:00 A2: Hannover -> Dortmund, zwischen 0.1 km hinter AS Rehren und 1.3 km vor Auetal Süd Gefahr durch ein defektes Fahrzeug auf der Fahrbahn",52.2322378405839,9.24372384499479
"A2","undefined--vi-hind.2025-05-19_20-40-30-000.f_001.de0","52.36347179509063,10.120618224902348,52.33789980092807,10.231437300000621","52.36347179509063,10.120618224902348","WARNING","A2 | Lehrte-Ost - Peine"," Hannover -> Braunschweig",NA,NA,NA,2025-05-19,"Beginn: 19.05.25 um 20:40 Uhr  Hindernis, seit 19.05.2025, 20:40 A2: Hannover -> Braunschweig, zwischen 7.5 km hinter AS Lehrte-Ost und 0.5 km vor AS Peine  Gefahr durch Gegenstände auf der Fahrbahn",52.3634717950906,10.1206182249023
"A3","undefined--vi-avl.2025-05-19_20-36-00-000.f_002.de0","48.53468250332709,13.400091000088258,48.54588166243156,13.39786497189552","48.53468250332709,13.400091000088258","WARNING","A3 | Rottal-Ost - Hammerbach"," Linz -> Nürnberg",0,"SLOW_TRAFFIC","63.599998474121094",2025-05-19,"Beginn: 19.05.25 um 20:36 Uhr  Angespannte Verkehrslage, seit 19.05.2025, 20:36 A3: Linz -> Nürnberg, zwischen 8.8 km hinter Rottal-Ost und 1.7 km vor Hammerbach  Langsamer Verkehr Reisezeitverlust: 0 Minuten Durchschnittsgeschwindigkeit: 63 km/h",48.5346825033271,13.4000910000883
"A3","undefined--vi-avl.2025-05-19_20-50-32-000.f_001.de0","48.77981604790314,13.024983013869493,48.78923850094671,13.00827200011237","48.77981604790314,13.024983013869493","WARNING","A3 | Hengersberg - Isarblick"," Passau -> Nürnberg",0,"SLOW_TRAFFIC","64.19999694824219",2025-05-19,"Beginn: 19.05.25 um 20:50 Uhr  Angespannte Verkehrslage, seit 19.05.2025, 20:50 A3: Passau -> Nürnberg, zwischen 1.5 km hinter AS Hengersberg und 2.7 km vor Isarblick  Langsamer Verkehr Reisezeitverlust: 0 Minuten Durchschnittsgeschwindigkeit: 64 km/h",48.7798160479031,13.0249830138695
"A3","undefined--vi-hind.2025-05-19_20-18-30-000.f_002.de0","49.380533400943676,11.343884400006912,49.361355500943716,11.425877200008168","49.380533400943676,11.343884400006912","WARNING","A3 | Altdorf/Burgthann - Eichenäcker"," Nürnberg -> Passau",NA,NA,NA,2025-05-19,"Beginn: 19.05.25 um 20:18 Uhr  Hindernis, seit 19.05.2025, 20:18 A3: Nürnberg -> Passau, zwischen 0.3 km hinter AS Altdorf/Burgthann und 1.0 km vor Eichenäcker  Gefahr durch Gegenstände auf der Fahrbahn",49.3805334009437,11.3438844000069
"A3","undefined--vi-hind.2025-05-19_20-35-00-000.f_001.de0","49.81807230094192,9.557897500000147,49.76987810094211,9.58305290000015","49.81807230094192,9.557897500000147","WARNING","A3 | Kohlsberg - Fronberg"," Frankfurt -> Würzburg",NA,NA,NA,2025-05-19,"Beginn: 19.05.25 um 20:35 Uhr  Hindernis, seit 19.05.2025, 20:35 A3: Frankfurt -> Würzburg, zwischen 3.5 km hinter Kohlsberg und 9.9 km vor Fronberg  Gefahr durch eine ungesicherte Unfallstelle",49.8180723009419,9.55789750000015
"A3","undefined--vi-hind.2025-05-19_19-02-05-000.f_007.de0","49.93618220094141,9.347012000000095,49.93587303761145,9.347237728894852","49.93618220094141,9.347012000000095","WARNING","A3 | Weibersbrunn - Rohrbrunn"," Frankfurt -> Würzburg",NA,NA,NA,2025-05-19,"Beginn: 19.05.25 um 19:02 Uhr  Fahrzeug-Hindernis, seit 19.05.2025, 19:02 A3: Frankfurt -> Würzburg, zwischen 0.3 km hinter AS Weibersbrunn und 5.4 km vor AS Rohrbrunn Gefahr durch ein defektes Fahrzeug auf der Fahrbahn",49.9361822009414,9.3470120000001
"A3","undefined--vi-hind.2025-05-19_20-28-00-000.f_004.de0","50.95711961059478,7.034792488920239,50.95652564066204,7.035021658770774","50.95711961059478,7.034792488920239","WARNING","A3 | Köln-Dellbrück - Köln-Ost"," Oberhausen -> Frankfurt",NA,NA,NA,2025-05-19,"Beginn: 19.05.25 um 20:28 Uhr  Fahrzeug-Hindernis, seit 19.05.2025, 20:28 A3: Oberhausen -> Frankfurt, zwischen 1.1 km hinter AS Köln-Dellbrück und 0.5 km vor AK Köln-Ost Gefahr durch ein defektes Fahrzeug auf der Fahrbahn",50.9571196105948,7.03479248892024
"A3","undefined--vi-hind.2025-05-19_20-52-30-000.f_004.de0","50.986345013238875,7.0144167417229175,51.021918255520575,7.012158153849307","50.986345013238875,7.0144167417229175","WARNING","A3 | Köln-Mülheim - Leverkusen-Zentrum"," Köln -> Oberhausen",NA,NA,NA,2025-05-19,"Beginn: 19.05.25 um 20:52 Uhr  Hindernis, seit 19.05.2025, 20:52 A3: Köln -> Oberhausen, zwischen 0.3 km hinter AS Köln-Mülheim und 0.2 km vor AS Leverkusen-Zentrum  Gefahr durch Personen auf der Fahrbahn  Gefahr durch Gegenstände auf der Fahrbahn",50.9863450132389,7.01441674172292
"A3","undefined--vi-hind.2025-05-19_20-52-30-000.f_003.de0","51.02089880846003,7.012120919166364,50.98597382028162,7.014315870908694","51.02089880846003,7.012120919166364","WARNING","A3 | Leverkusen-Zentrum - Köln-Mülheim"," Oberhausen -> Köln",NA,NA,NA,2025-05-19,"Beginn: 19.05.25 um 20:52 Uhr  Hindernis, seit 19.05.2025, 20:52 A3: Oberhausen -> Köln, zwischen 0.3 km hinter AS Leverkusen-Zentrum und 0.3 km vor AS Köln-Mülheim  Gefahr durch Personen auf der Fahrbahn",51.02089880846,7.01212091916636
"A3","undefined--vi-avl.2025-05-19_20-37-30-000.f_002.de0","51.04498965890681,7.00507408003806,51.04498965890681,7.00507408003806","51.04498965890681,7.00507408003806","WARNING","A3 | Leverkusen - Leverkusen"," Oberhausen -> Köln",NA,"STATIONARY_TRAFFIC","7",2025-05-19,"Beginn: 19.05.25 um 21:01 Uhr  Angespannte Verkehrslage, seit 19.05.2025, 21:01 A3: Oberhausen -> Köln, 0.4 km vor AK Leverkusen, aus Richtung Leverkusen-Opladen  Im Stillstand Durchschnittsgeschwindigkeit: 7 km/h",51.0449896589068,7.00507408003806
"A3","undefined--vi-hind.2025-05-19_20-36-00-000.f_001.de0","51.03506290106329,7.009007159834092,51.02508757451233,7.011214804424841","51.03506290106329,7.009007159834092","WARNING","A3 | Leverkusen - Leverkusen-Zentrum"," Oberhausen -> Köln",NA,NA,NA,2025-05-19,"Beginn: 19.05.25 um 20:36 Uhr  Hindernis, seit 19.05.2025, 20:36 A3: Oberhausen -> Köln, zwischen 0.8 km hinter AK Leverkusen und 0.1 km vor AS Leverkusen-Zentrum  Gefahr durch eine ungesicherte Unfallstelle",51.0350629010633,7.00900715983409
"A3","undefined--vi-zus.2025-05-19_20-35-30-000.f_001.de0","51.044926905792046,7.0051298242992885,51.030556051894884,7.00995053544611","51.044926905792046,7.0051298242992885","WARNING","A3 | Leverkusen-Opladen - Leverkusen-Zentrum"," Oberhausen -> Köln",4,"STATIONARY_TRAFFIC","17.799999237060547",2025-05-19,"Beginn: 19.05.25 um 20:35 Uhr  Zusammengesetzte Verkehrsinformation, seit 19.05.2025, 20:35 A3: Oberhausen -> Köln, zwischen 1.6 km hinter AS Leverkusen-Opladen und 0.8 km vor AS Leverkusen-Zentrum  Im Stillstand Reisezeitverlust: 4 Minuten Durchschnittsgeschwindigkeit: 17 km/h  Gefahr durch eine ungesicherte Unfallstelle",51.044926905792,7.00512982429929
"A3","undefined--vi-avl.2025-05-19_20-55-30-000.f_002.de0","51.89839901701434,6.165717280673193,51.89839901701434,6.165717280673193","51.89839901701434,6.165717280673193","WARNING","A3 | Knauheide - Knauheide"," Arnheim -> Oberhausen",NA,"QUEUING_TRAFFIC","22",2025-05-19,"Beginn: 19.05.25 um 20:59 Uhr  Angespannte Verkehrslage, seit 19.05.2025, 20:59 A3: Arnheim -> Oberhausen, 0.1 km vor Knauheide, aus Richtung Elten  Stockender Verkehr Durchschnittsgeschwindigkeit: 22 km/h",51.8983990170143,6.16571728067319
"A3","undefined--vi-avl.2025-05-19_20-54-30-000.f.de0","51.89836112503476,6.165756320916883,51.89430742738076,6.169921542127004","51.89836112503476,6.165756320916883","WARNING","A3 | Elten - Elten"," Arnheim -> Oberhausen",0,"QUEUING_TRAFFIC","40.5",2025-05-19,"Beginn: 19.05.25 um 20:54 Uhr  Angespannte Verkehrslage, seit 19.05.2025, 20:54 A3: Arnheim -> Oberhausen, zwischen 0.4 km hinter Elten und 1.3 km vor AS Elten  Stockender Verkehr Reisezeitverlust: 0 Minuten Durchschnittsgeschwindigkeit: 40 km/h",51.8983611250348,6.16575632091688
"A4","undefined--vi-zus.2025-05-19_20-52-30-000.f_001.de0","50.90686020093674,6.998990199996974,50.887143669159386,6.9731587626731715","50.90686020093674,6.998990199996974","WARNING","A4 | Köln-Poll - Köln-Süd"," Köln -> Heerlen/Aachen",NA,NA,NA,2025-05-19,"Beginn: 19.05.25 um 20:52 Uhr  Zusammengesetzte Verkehrsinformation, seit 19.05.2025, 20:52 A4: Köln -> Heerlen/Aachen, zwischen 0.5 km hinter AS Köln-Poll und 0.4 km vor AK Köln-Süd  Gefahr durch Personen auf der Fahrbahn  Gefahr durch ein defektes Fahrzeugs auf der Fahrbahn  A4 Köln Richtung Heerlen/Aachen zwischen Köln-Poll und Kreuz Köln-Süd Gefahr durch liegengebliebenes Fahrzeug auf dem rechten Fahrstreifen, Gefahr durch Personen auf der Fahrbahn",50.9068602009367,6.99899019999697
"A4","undefined--vi-zus.2025-05-19_11-40-25-000.f_015.de0","51.18098870622666,15.008309537534126,51.186736500965786,14.989494200636342","51.18098870622666,15.008309537534126","WARNING","A4 | Ludwigsdorf - An der Neiße"," Görlitz -> Dresden",4,"SLOW_TRAFFIC","12.300000190734863",2025-05-19,"Beginn: 19.05.25 um 11:40 Uhr  Zusammengesetzte Verkehrsinformation, seit 19.05.2025, 11:40 A4: Görlitz -> Dresden, zwischen Ludwigsdorf und 0.1 km vor An der Neiße  Langsamer Verkehr Reisezeitverlust: 4 Minuten Durchschnittsgeschwindigkeit: 12 km/h",51.1809887062267,15.0083095375341
"A5","undefined--vi-zus.2025-05-19_20-36-00-000.f.de0","47.676794729136105,7.52365019263661,47.68259497134463,7.522706662632265","47.676794729136105,7.52365019263661","WARNING","A5 | Weil am Rhein - Rheinaue"," Basel -> Karlsruhe",5,"STATIONARY_TRAFFIC","6.5",2025-05-19,"Beginn: 19.05.25 um 20:36 Uhr  Zusammengesetzte Verkehrsinformation, seit 19.05.2025, 20:36 A5: Basel -> Karlsruhe, zwischen 8.1 km hinter AD Weil am Rhein und 2.8 km vor Rheinaue  Im Stillstand Reisezeitverlust: 5 Minuten Durchschnittsgeschwindigkeit: 6 km/h",47.6767947291361,7.52365019263661
"A5","undefined--vi-avl.2025-05-19_20-37-30-000.f_003.de0","47.67687945670592,7.523645716758607,47.67687945670592,7.523645716758607","47.67687945670592,7.523645716758607","WARNING","A5 | Efringen-Kirchen - Efringen-Kirchen"," Basel -> Karlsruhe",NA,"STATIONARY_TRAFFIC","5",2025-05-19,"Beginn: 19.05.25 um 20:55 Uhr  Angespannte Verkehrslage, seit 19.05.2025, 20:55 A5: Basel -> Karlsruhe, 0.1 km vor AS Efringen-Kirchen, aus Richtung Weil am Rhein  Im Stillstand Durchschnittsgeschwindigkeit: 5 km/h",47.6768794567059,7.52364571675861
"A5","undefined--vi-hind.2025-05-19_20-49-30-000.f_002.de0","47.67952540816601,7.523357190839409,47.814678300948195,7.553525299999106","47.67952540816601,7.523357190839409","WARNING","A5 | Efringen-Kirchen - Neuenburg"," Basel -> Karlsruhe",NA,NA,NA,2025-05-19,"Beginn: 19.05.25 um 20:49 Uhr  Fahrzeug-Hindernis, seit 19.05.2025, 20:49 A5: Basel -> Karlsruhe, zwischen 0.2 km hinter AS Efringen-Kirchen und 1.9 km vor Neuenburg",47.679525408166,7.52335719083941
"A5","undefined--vi-zus.2025-05-19_19-12-00-000.f.de0","47.74731966254893,7.550205889719576,47.81634428297589,7.554743369304464","47.74731966254893,7.550205889719576","WARNING","A5 | Galgenloch - Neuenburg"," Basel -> Karlsruhe",NA,NA,NA,2025-05-19,"Beginn: 19.05.25 um 19:12 Uhr  Zusammengesetzte Verkehrsinformation, seit 19.05.2025, 19:12 A5: Basel -> Karlsruhe, zwischen 0.2 km hinter Galgenloch und 1.6 km vor Neuenburg  A5 Basel Richtung Karlsruhe zwischen Dreieck Neuenburg und Müllheim/Neuenburg Unfallaufnahme, Richtungsfahrbahn gesperrt, Stau zu erwarten",47.7473196625489,7.55020588971958
"A5","undefined--vi-unf.2025-05-19_18-46-30-000.f_003.de0","47.784415033764276,7.53658778740455,47.814678300948195,7.553525299999106","47.784415033764276,7.53658778740455","WARNING","A5 | Neuenburg - Neuenburg"," Basel -> Karlsruhe",NA,NA,NA,2025-05-19,"Beginn: 19.05.25 um 18:46 Uhr  Unfall, seit 19.05.2025, 18:46 A5: Basel -> Karlsruhe, zwischen 0.9 km hinter AD Neuenburg und 1.9 km vor Neuenburg",47.7844150337643,7.53658778740455
"A5","undefined--vi-hind.2025-05-19_20-49-30-000.f_003.de0","47.814339686768186,7.553083932422507,47.67995715215594,7.523094114123857","47.814339686768186,7.553083932422507","WARNING","A5 | Neuenburg - Efringen-Kirchen"," Karlsruhe -> Basel",NA,NA,NA,2025-05-19,"Beginn: 19.05.25 um 20:49 Uhr  Fahrzeug-Hindernis, seit 19.05.2025, 20:49 A5: Karlsruhe -> Basel, zwischen 1.9 km hinter Neuenburg und 0.3 km vor AS Efringen-Kirchen",47.8143396867682,7.55308393242251
"A6","undefined--vi-unf.2025-05-19_17-53-40-000.f_007.de0","49.3386096009438,7.294529899998337,49.37161520094368,7.368636399998608","49.3386096009438,7.294529899998337","WARNING","A6 | Neunkirchen - Waldmohr"," Metz/Saarbrücken -> Kaiserslautern",NA,NA,NA,2025-05-19,"Beginn: 19.05.25 um 17:53 Uhr  Unfall, seit 19.05.2025, 17:53 A6: Metz/Saarbrücken -> Kaiserslautern, zwischen 4.3 km hinter AK Neunkirchen und 0.5 km vor Waldmohr",49.3386096009438,7.29452989999834
"A6","undefined--vi-hind.2025-05-19_20-50-32-000.f_002.de0","49.25652729353772,10.591871442975938,49.27795020094403,10.717874100001723","49.25652729353772,10.591871442975938","WARNING","A6 | Ansbach - Lichtenau"," Heilbronn -> Nürnberg",NA,NA,NA,2025-05-19,"Beginn: 19.05.25 um 20:50 Uhr  Hindernis, seit 19.05.2025, 20:50 A6: Heilbronn -> Nürnberg, zwischen 0.2 km hinter AS Ansbach und 0.2 km vor AS Lichtenau  Gefahr durch Gegenstände auf der Fahrbahn",49.2565272935377,10.5918714429759
"A6","undefined--vi-hind.2025-05-19_20-37-00-000.f_003.de0","49.393200462211766,11.187177705815637,49.396771453405165,11.205804769659357","49.393200462211766,11.187177705815637","WARNING","A6 | Nürnberg-Langwasser - Altdorf"," Nürnberg -> Pilsen",NA,NA,NA,2025-05-19,"Beginn: 19.05.25 um 20:37 Uhr  Hindernis, seit 19.05.2025, 20:37 A6: Nürnberg -> Pilsen, zwischen 1.3 km hinter AS Nürnberg-Langwasser und 6.9 km vor AK Altdorf  Gefahr durch Gegenstände auf der Fahrbahn",49.3932004622118,11.1871777058156
"A6","undefined--vi-hind.2025-05-19_20-37-00-000.f_002.de0","49.396913606589095,11.205894186233634,49.39343397779938,11.187474808811583","49.396913606589095,11.205894186233634","WARNING","A6 | Altdorf - Nürnberg-Langwasser"," Pilsen -> Nürnberg",NA,NA,NA,2025-05-19,"Beginn: 19.05.25 um 20:37 Uhr  Hindernis, seit 19.05.2025, 20:37 A6: Pilsen -> Nürnberg, zwischen 6.9 km hinter AK Altdorf und 1.3 km vor AS Nürnberg-Langwasser  Gefahr durch Gegenstände auf der Fahrbahn",49.3969136065891,11.2058941862336
"A7","undefined--vi-zus.2025-05-19_19-55-30-000.f_001.de0","47.5691654154121,10.659587980943792,47.57833760243747,10.662295646746456","47.5691654154121,10.659587980943792","WARNING","A7 | Grenztunnel Füssen - Reinertshofertunnel"," Füssen/Reutte -> Ulm",2,"QUEUING_TRAFFIC","21.700000762939453",2025-05-19,"Beginn: 19.05.25 um 19:55 Uhr  Zusammengesetzte Verkehrsinformation, seit 19.05.2025, 19:55 A7: Füssen/Reutte -> Ulm, zwischen 1.1 km hinter Grenztunnel Füssen und 2.6 km vor Reinertshofertunnel  Stockender Verkehr Reisezeitverlust: 2 Minuten Durchschnittsgeschwindigkeit: 21 km/h",47.5691654154121,10.6595879809438
"A7","undefined--vi-avl.2025-05-19_19-56-30-000.f_001.de0","47.56921826808985,10.659604173770441,47.56921826808985,10.659604173770441","47.56921826808985,10.659604173770441","WARNING","A7 | Füssen - Füssen"," Füssen/Reutte -> Ulm",NA,"QUEUING_TRAFFIC","7",2025-05-19,"Beginn: 19.05.25 um 21:00 Uhr  Angespannte Verkehrslage, seit 19.05.2025, 21:00 A7: Füssen/Reutte -> Ulm, 0.5 km vor AS Füssen, aus Richtung Grenztunnel Füssen  Stockender Verkehr Durchschnittsgeschwindigkeit: 7 km/h",47.5692182680898,10.6596041737704
"A7","undefined--vi-zus.2025-05-13_04-57-00-000.f_002.de0","47.595412441892016,10.656244234565428,47.62855194383104,10.58197876986764","47.595412441892016,10.656244234565428","WARNING","A7 | Füssen - Nesselwang"," Füssen/Reutte -> Ulm",NA,NA,NA,2025-05-13,"Beginn: 13.05.25 um 04:57 Uhr  Zusammengesetzte Verkehrsinformation, seit 13.05.2025, 04:57 A7: Füssen/Reutte -> Ulm, zwischen 2.5 km hinter AS Füssen und 4.4 km vor AS Nesselwang  A7 Füssen/Reutte Richtung Ulm zwischen Reinertshoftunnel und Nesselwang Verkehr wird über die Gegenfahrbahn geleitet, Baustelle, von 16.05.2025 05:00 Uhr bis 18.07.2025 15:00 Uhr",47.595412441892,10.6562442345654
"A7","undefined--vi-avl.2025-05-19_20-48-00-000.f_001.de0","47.59697382687129,10.656455671915491,47.61442526041592,10.66036887997401","47.59697382687129,10.656455671915491","WARNING","A7 | Füssen - Nesselwang"," Füssen/Reutte -> Ulm",0,"SLOW_TRAFFIC","63.79999923706055",2025-05-19,"Beginn: 19.05.25 um 20:48 Uhr  Angespannte Verkehrslage, seit 19.05.2025, 20:48 A7: Füssen/Reutte -> Ulm, zwischen 2.7 km hinter AS Füssen und 11.5 km vor AS Nesselwang  Langsamer Verkehr Reisezeitverlust: 0 Minuten Durchschnittsgeschwindigkeit: 63 km/h",47.5969738268713,10.6564556719155
"A7","undefined--vi-avl.2025-05-19_20-56-00-000.f.de0","47.628415534869234,10.607041027652894,47.62854032886443,10.586606678743902","47.628415534869234,10.607041027652894","WARNING","A7 | Reinertshofertunnel - Nesselwang"," Füssen/Reutte -> Ulm",0,"SLOW_TRAFFIC","60.70000076293945",2025-05-19,"Beginn: 19.05.25 um 20:56 Uhr  Angespannte Verkehrslage, seit 19.05.2025, 20:56 A7: Füssen/Reutte -> Ulm, zwischen 6.8 km hinter Reinertshofertunnel und 4.8 km vor AS Nesselwang  Langsamer Verkehr Reisezeitverlust: 0 Minuten Durchschnittsgeschwindigkeit: 60 km/h",47.6284155348692,10.6070410276529
"A7","undefined--vi-hind.2025-05-19_18-55-30-000.f_002.de0","48.57084740094633,10.153324000000438,48.49645570094654,10.085913000000366","48.57084740094633,10.153324000000438","WARNING","A7 | Niederstotzingen - Langenau"," Würzburg -> Ulm",NA,NA,NA,2025-05-19,"Beginn: 19.05.25 um 18:55 Uhr  Fahrzeug-Hindernis, seit 19.05.2025, 18:55 A7: Würzburg -> Ulm, zwischen 0.3 km hinter AS Niederstotzingen und 0.4 km vor AS Langenau",48.5708474009463,10.1533240000004
"A7","undefined--vi-hind.2025-05-19_20-49-00-000.f.de0","50.83623506957697,9.57940154231861,50.835372720522855,9.578952962794304","50.83623506957697,9.57940154231861","WARNING","A7 | Kirchheimer Dreieck - Kirchheim"," Kassel -> Fulda",NA,NA,NA,2025-05-19,"Beginn: 19.05.25 um 20:49 Uhr  Fahrzeug-Hindernis, seit 19.05.2025, 20:49 A7: Kassel -> Fulda, zwischen 0.3 km hinter AD Kirchheimer Dreieck und 0.4 km vor AS Kirchheim Gefahr durch ein defektes Fahrzeug auf der Fahrbahn",50.836235069577,9.57940154231861
"A7","undefined--vi-zus.2025-05-19_18-37-50-000.f.de0","51.62995586638154,9.919160032779399,51.7020361149804,9.938217874005327","51.62995586638154,9.919160032779399","WARNING","A7 | Nörten-Hardenberg - Schlochau"," Kassel -> Hannover",NA,NA,NA,2025-05-19,"Beginn: 19.05.25 um 18:37 Uhr  Zusammengesetzte Verkehrsinformation, seit 19.05.2025, 18:37 A7: Kassel -> Hannover, zwischen 0.1 km hinter AS Nörten-Hardenberg und 1.7 km vor Schlochau  Gefahr durch ein defektes Fahrzeugs auf der Fahrbahn  A7 Kassel Richtung Hannover zwischen Nörten-Hardenberg und Northeim-West Gefahr durch defekten LKW auf dem Standstreifen",51.6299558663815,9.9191600327794
"A7","undefined--vi-unf.2025-05-19_19-27-41-000.f_002.de0","51.85815097567247,10.125320031769208,51.88614225003603,10.130394869539613","51.85815097567247,10.125320031769208","WARNING","A7 | Schwalenberg - Harz"," Kassel -> Hannover",NA,NA,NA,2025-05-19,"Beginn: 19.05.25 um 19:27 Uhr  Unfall, seit 19.05.2025, 19:27 A7: Kassel -> Hannover, zwischen 0.2 km hinter Schwalenberg und 4.8 km vor Harz",51.8581509756725,10.1253200317692
"A7","undefined--vi-zus.2025-03-31_00-40-00-000.f_018.de0","53.579141433849884,9.913430072127355,53.55636870091902,9.897540700000414","53.579141433849884,9.913430072127355","WARNING","A7 | Hamburg-Volkspark - Elbtunnel (Nordportal)"," Flensburg -> Hamburg",NA,NA,NA,2025-03-31,"Beginn: 31.03.25 um 00:40 Uhr  Zusammengesetzte Verkehrsinformation, seit 31.03.2025, 00:40 A7: Flensburg -> Hamburg, zwischen 0.4 km hinter AS Hamburg-Volkspark und 0.9 km vor Elbtunnel (Nordportal)  A7 Flensburg Richtung Hamburg Ausfahrt Hamburg-Othmarschen Fahrbahnverengung, maximale Fahrbahnbreite von 4,50 m, Bauarbeiten, bis 29.09.2025",53.5791414338499,9.91343007212735
"A8","undefined--vi-zus.2025-03-26_17-59-56-000.f_013.de0","49.32575278791285,7.172731755291576,49.327350714671546,7.213275819282444","49.32575278791285,7.172731755291576","WARNING","A8 | Neunkirchen/Spiesen - Kohlhof"," Saarlouis -> Neunkirchen",NA,NA,NA,2025-03-26,"Beginn: 26.03.25 um 17:59 Uhr  Zusammengesetzte Verkehrsinformation, seit 26.03.2025, 17:59 A8: Saarlouis -> Neunkirchen, zwischen 1.5 km hinter AS Neunkirchen/Spiesen und 1.0 km vor Kohlhof  A8 Saarlouis - Neunkirchen zwischen Neunkirchen-Spiesen und Neunkirchen-Oberstadt in beiden Richtungen Bauarbeiten, bis voraussichtlich 01.06.2025",49.3257527879128,7.17273175529158
"A8","undefined--vi-zus.2025-05-14_09-26-56-000.f.de0","49.32628400979037,7.229641516813452,49.329166750017514,7.1882642393148934","49.32628400979037,7.229641516813452","WARNING","A8 | Neunkirchen-Wellesweiler - Neunkirchen/Spiesen"," Neunkirchen -> Saarlouis",NA,NA,NA,2025-05-14,"Beginn: 14.05.25 um 09:26 Uhr  Zusammengesetzte Verkehrsinformation, seit 14.05.2025, 09:26 A8: Neunkirchen -> Saarlouis, zwischen 0.4 km hinter AS Neunkirchen-Wellesweiler und 2.7 km vor AS Neunkirchen/Spiesen  A8 Saarlouis - Neunkirchen zwischen Neunkirchen-Spiesen und Neunkirchen-Oberstadt in beiden Richtungen Bauarbeiten, bis voraussichtlich 01.06.2025",49.3262840097904,7.22964151681345
"A8","undefined--vi-avl.2025-05-19_19-55-03-000.f.de0","48.88349004258713,8.787804485529271,48.86548047692167,8.792136645405796","48.88349004258713,8.787804485529271","WARNING","A8 | Pforzheim - Heimsheim"," Karlsruhe -> Stuttgart",6,"STATIONARY_TRAFFIC","16.600000381469727",2025-05-19,"Beginn: 19.05.25 um 19:55 Uhr  Angespannte Verkehrslage, seit 19.05.2025, 19:55 A8: Karlsruhe -> Stuttgart, zwischen 2.9 km hinter Pforzheim und 7.4 km vor AS Heimsheim  Im Stillstand Reisezeitverlust: 6 Minuten Durchschnittsgeschwindigkeit: 16 km/h",48.8834900425871,8.78780448552927
"A8","undefined--vi-avl.2025-05-19_20-02-30-000.f_002.de0","48.883499020048006,8.78780361565749,48.883499020048006,8.78780361565749","48.883499020048006,8.78780361565749","WARNING","A8 | Pforzheim-Süd - Pforzheim-Süd"," Karlsruhe -> Stuttgart",NA,"STATIONARY_TRAFFIC","10",2025-05-19,"Beginn: 19.05.25 um 21:01 Uhr  Angespannte Verkehrslage, seit 19.05.2025, 21:01 A8: Karlsruhe -> Stuttgart, 0.5 km vor AS Pforzheim-Süd, aus Richtung Pforzheim  Im Stillstand Durchschnittsgeschwindigkeit: 10 km/h",48.883499020048,8.78780361565749
"A9","undefined--vi-zus.2025-05-19_19-31-30-000.f_001.de0","48.715624842280015,11.482449148126232,48.73516756601846,11.469076647308716","48.715624842280015,11.482449148126232","WARNING","A9 | Neuburg a.d.Donau - Ingolstadt-Süd"," München -> Nürnberg",3,"STATIONARY_TRAFFIC","28.5",2025-05-19,"Beginn: 19.05.25 um 19:31 Uhr  Zusammengesetzte Verkehrsinformation, seit 19.05.2025, 19:31 A9: München -> Nürnberg, zwischen 0.4 km hinter AS Neuburg a.d.Donau und 1.9 km vor AS Ingolstadt-Süd  Im Stillstand Reisezeitverlust: 3 Minuten Durchschnittsgeschwindigkeit: 28 km/h",48.71562484228,11.4824491481262
"A9","undefined--vi-avl.2025-05-19_19-42-30-000.f_001.de0","48.715624842280015,11.482449148126232,48.715624842280015,11.482449148126232","48.715624842280015,11.482449148126232","WARNING","A9 | Ingolstadt-Süd - Ingolstadt-Süd"," München -> Nürnberg",NA,"STATIONARY_TRAFFIC","15",2025-05-19,"Beginn: 19.05.25 um 21:01 Uhr  Angespannte Verkehrslage, seit 19.05.2025, 21:01 A9: München -> Nürnberg, 4.3 km vor AS Ingolstadt-Süd, aus Richtung Neuburg a.d.Donau  Im Stillstand Durchschnittsgeschwindigkeit: 15 km/h",48.71562484228,11.4824491481262
"A9","undefined--vi-hind.2025-05-19_19-26-30-000.f_005.de0","49.04304590094484,11.345422000007106,49.16008710094445,11.264411600005957","49.04304590094484,11.345422000007106","WARNING","A9 | Greding - Hilpoltstein"," München -> Nürnberg",NA,NA,NA,2025-05-19,"Beginn: 19.05.25 um 19:26 Uhr  Hindernis, seit 19.05.2025, 19:26 A9: München -> Nürnberg, zwischen 0.3 km hinter AS Greding und 0.2 km vor AS Hilpoltstein  Gefahr durch Gegenstände auf der Fahrbahn",49.0430459009448,11.3454220000071
"A9","undefined--vi-avl.2025-05-19_21-00-00-000.f.de0","50.03400164203829,11.607523315101698,50.01749754675247,11.60449546106748","50.03400164203829,11.607523315101698","WARNING","A9 | Bad Berneck/Himmelkron - Bindlacher Berg"," Halle/Leipzig -> Nürnberg",0,"SLOW_TRAFFIC","58.400001525878906",2025-05-19,"Beginn: 19.05.25 um 21:00 Uhr  Angespannte Verkehrslage, seit 19.05.2025, 21:00 A9: Halle/Leipzig -> Nürnberg, zwischen 2.5 km hinter AS Bad Berneck/Himmelkron und 0.3 km vor AS Bindlacher Berg  Langsamer Verkehr Reisezeitverlust: 0 Minuten Durchschnittsgeschwindigkeit: 58 km/h",50.0340016420383,11.6075233151017
"A9","undefined--vi-avl.2025-05-19_20-04-33-000.f.de0","50.92486867671974,11.839325444619517,50.940874941771774,11.834972244445611","50.92486867671974,11.839325444619517","WARNING","A9 | Bad Klosterlausnitz - Kuhberg"," Nürnberg -> Halle/Leipzig",0,"SLOW_TRAFFIC","65.19999694824219",2025-05-19,"Beginn: 19.05.25 um 20:04 Uhr  Angespannte Verkehrslage, seit 19.05.2025, 20:04 A9: Nürnberg -> Halle/Leipzig, zwischen 1.5 km hinter AS Bad Klosterlausnitz und 3.1 km vor Kuhberg  Langsamer Verkehr Reisezeitverlust: 0 Minuten Durchschnittsgeschwindigkeit: 65 km/h",50.9248686767197,11.8393254446195
"A9","undefined--vi-avl.2025-05-19_21-01-30-000.f_003.de0","52.27596641591559,12.911360094520834,52.27596641591559,12.911360094520834","52.27596641591559,12.911360094520834","WARNING","A9 | Beelitz-Heilstätten - Beelitz-Heilstätten"," Berlin -> Halle/Leipzig",NA,"STATIONARY_TRAFFIC","22",2025-05-19,"Beginn: 19.05.25 um 21:01 Uhr  Angespannte Verkehrslage, seit 19.05.2025, 21:01 A9: Berlin -> Halle/Leipzig, 0.8 km vor AS Beelitz-Heilstätten, aus Richtung Potsdam  Im Stillstand Durchschnittsgeschwindigkeit: 22 km/h",52.2759664159156,12.9113600945208
"A9","undefined--vi-zus.2025-05-19_21-01-30-000.f.de0","52.27596641591559,12.911360094520834,52.270904800929685,12.909623200061853","52.27596641591559,12.911360094520834","WARNING","A9 | Potsdam - Beelitz-Heilstätten"," Berlin -> Halle/Leipzig",0,"STATIONARY_TRAFFIC","29.399999618530273",2025-05-19,"Beginn: 19.05.25 um 21:01 Uhr  Zusammengesetzte Verkehrsinformation, seit 19.05.2025, 21:01 A9: Berlin -> Halle/Leipzig, zwischen 1.6 km hinter AD Potsdam und 0.2 km vor AS Beelitz-Heilstätten  Im Stillstand Reisezeitverlust: 0 Minuten Durchschnittsgeschwindigkeit: 29 km/h",52.2759664159156,12.9113600945208
"A12","undefined--vi-avl.2025-05-19_16-20-22-000.f_005.de0","52.3155760805876,14.577600847563337,52.314680708111105,14.561546427138259","52.3155760805876,14.577600847563337","WARNING","A12 | Frankfurt(Oder) - Frankfurt(Oder)-Mitte"," Frankfurt(Oder) -> Berliner Ring",6,"QUEUING_TRAFFIC","7",2025-05-19,"Beginn: 19.05.25 um 16:20 Uhr  Angespannte Verkehrslage, seit 19.05.2025, 16:20 A12: Frankfurt(Oder) -> Berliner Ring, zwischen Frankfurt(Oder) und 2.9 km vor AS Frankfurt(Oder)-Mitte  Stockender Verkehr Reisezeitverlust: 6 Minuten Durchschnittsgeschwindigkeit: 7 km/h",52.3155760805876,14.5776008475633
"A12","WarnungA10Lkw3","47.61802931631098,12.202336027754352,47.61802931631098,12.202336027754352","47.61802931631098,12.202336027754352","WARNING","E45/E60 | LKW Blockabfertigung | A12-Inntal Autobahn","Richtung Italien",NA,NA,NA,2025-01-11,"Zeitraum: Beginn: 07.01.2025 Ende: 09.12.2025  Hinweis für LKW-Reisende nach Österreich: LKW-Blockabfertigungen an ausgewählten Tagen für Lkw am Grenzübergang Kufstein/Kiefersfelden. Maximaler Durchlass von 300 LKWs pro Stunde  Die genauen Ausführungszeiten und weitere Informationen auf tirol.gv.at/verkehr/verkehrs-und-seilbahnrecht/lkw-dosierung.",47.618029316311,12.2023360277544
"A12","WarnungA10Lkw2","47.6164490154047,12.202382557672273,47.6164490154047,12.202382557672273","47.6164490154047,12.202382557672273","WARNING","E43/E45/E60 | A13-Brenner Autobahn","Richtung Italien",NA,NA,NA,2025-01-11,"Zeitraum: Beginn: 11.01.2025 Ende: 27.09.2025  Hinweis für LKW-Reisende nach Österreich: LKW-Fahrverbot auf der A12-Inntal Autobahn, A13-Brenner Autobahn und A14-Rheintal/Walgau Autobahn, wenn das Ziel der Fahrt der Anschlussstelle Nößlach bis Anschlussstelle Brenner Nord der Richtungsfahrbahn Staatsgrenze der A 13 Brenner Autobahn erreicht werden soll. An ausgewählten Samstagen 7-15 Uhr sowie weiteren Tagen im Zeitraum 11.01. - 27.09.2025 Weitere Informationen auf http://asfinag.at/a13",47.6164490154047,12.2023825576723
"A13","undefined--vi-zus.2025-05-19_18-12-18-000.f_005.de0","52.01340861086641,13.700453092284432,52.01003687301572,13.707660504942796","52.01340861086641,13.700453092284432","WARNING","A13 | Staakow - Am Bugkgraben"," Schönefelder Kreuz -> Dresden",NA,NA,NA,2025-05-19,"Beginn: 19.05.25 um 18:12 Uhr  Zusammengesetzte Verkehrsinformation, seit 19.05.2025, 18:12 A13: Schönefelder Kreuz -> Dresden, zwischen 0.4 km hinter AS Staakow und 2.1 km vor Am Bugkgraben  Gefahr durch Personen auf der Fahrbahn  A13 Richtung Dresden zwischen Einfahrt Staakow und Rastplatz Bugkgraben Gefahr durch defekten PKW auf dem Beschleunigungsstreifen, Gefahr durch Personen auf der Fahrbahn, fahren Sie bitte besonders vorsichtig",52.0134086108664,13.7004530922844
"A14","undefined--vi-hind.2025-05-19_18-58-30-000.f_006.de0","51.395197560693504,12.429285991215899,51.36946550360824,12.468784339385058","51.395197560693504,12.429285991215899","WARNING","A14 | Leipzig-Messegelände - Leipzig-Ost"," Halle -> Leipzig",NA,NA,NA,2025-05-19,"Beginn: 19.05.25 um 18:58 Uhr  Fahrzeug-Hindernis, seit 19.05.2025, 18:58 A14: Halle -> Leipzig, zwischen 0.6 km hinter AS Leipzig-Messegelände und 2.3 km vor AS Leipzig-Ost Gefahr durch ein defektes Fahrzeug auf der Fahrbahn",51.3951975606935,12.4292859912159
"A14","undefined--vi-hind.2025-05-19_20-05-00-000.f_002.de0","51.35389910093477,12.496961000040484,51.31944950093496,12.520467400042042","51.35389910093477,12.496961000040484","WARNING","A14 | Leipzig-Ost - Kleinpösna"," Halle -> Nossen",NA,NA,NA,2025-05-19,"Beginn: 19.05.25 um 20:05 Uhr  Fahrzeug-Hindernis, seit 19.05.2025, 20:05 A14: Halle -> Nossen, zwischen 0.3 km hinter AS Leipzig-Ost und 0.1 km vor AS Kleinpösna Gefahr durch ein defektes Fahrzeug auf der Fahrbahn",51.3538991009348,12.4969610000405
"A17","undefined--vi-zus.2025-05-19_20-53-30-000.f.de0","50.81703424586921,13.886120798474188,50.82846943877399,13.887202985083944","50.81703424586921,13.886120798474188","WARNING","A17 | Breitenau-Schönwald - Bad Gottleuba"," Prag -> Dresden",1,"SLOW_TRAFFIC","37.400001525878906",2025-05-19,"Beginn: 19.05.25 um 20:53 Uhr  Zusammengesetzte Verkehrsinformation, seit 19.05.2025, 20:53 A17: Prag -> Dresden, zwischen 4.2 km hinter Breitenau-Schönwald und 0.3 km vor AS Bad Gottleuba  Langsamer Verkehr Reisezeitverlust: 1 Minuten Durchschnittsgeschwindigkeit: 37 km/h",50.8170342458692,13.8861207984742
"A21","undefined--vi-hind.2025-05-19_20-50-32-000.f_003.de0","53.96654771202593,10.251559816244832,53.93688808396076,10.276995500436815","53.96654771202593,10.251559816244832","WARNING","A21 | Wahlstedt - Bad Segeberg-Nord"," Kiel -> Bargteheide",NA,NA,NA,2025-05-19,"Beginn: 19.05.25 um 20:50 Uhr  Hindernis, seit 19.05.2025, 20:50 A21: Kiel -> Bargteheide, zwischen 0.5 km hinter AS Wahlstedt und 0.3 km vor AS Bad Segeberg-Nord  Gefahr durch Gegenstände auf der Fahrbahn",53.9665477120259,10.2515598162448
"A23","undefined--vi-hind.2025-05-19_20-58-00-000.f.de0","53.62884428347135,9.870292036326868,53.62030024892068,9.904743431745885","53.62884428347135,9.870292036326868","WARNING","A23 | Halstenbek/Rellingen - Hamburg-Eidelstedt"," Heide -> Hamburg",NA,NA,NA,2025-05-19,"Beginn: 19.05.25 um 20:58 Uhr  Fahrzeug-Hindernis, seit 19.05.2025, 20:58 A23: Heide -> Hamburg, zwischen 2.4 km hinter AS Halstenbek/Rellingen und 0.3 km vor AS Hamburg-Eidelstedt Gefahr durch ein defektes Fahrzeug auf der Fahrbahn",53.6288442834714,9.87029203632687
"A31","undefined--vi-avl.2025-05-19_18-10-06-000.f_001.de0","52.11533598065041,7.086335600887026,52.135186734791155,7.089543852877889","52.11533598065041,7.086335600887026","WARNING","A31 | Averbeck - Gronau/Ochtrup"," Oberhausen -> Gronau",0,"SLOW_TRAFFIC","69.4000015258789",2025-05-19,"Beginn: 19.05.25 um 18:10 Uhr  Angespannte Verkehrslage, seit 19.05.2025, 18:10 A31: Oberhausen -> Gronau, zwischen 1.2 km hinter Averbeck und 6.6 km vor AS Gronau/Ochtrup  Langsamer Verkehr Reisezeitverlust: 0 Minuten Durchschnittsgeschwindigkeit: 69 km/h",52.1153359806504,7.08633560088703
"A40","undefined--vi-zus.2025-05-19_20-55-00-000.f.de0","51.495442153924465,7.1876052793545435,51.496322912616655,7.1948682461936615","51.495442153924465,7.1876052793545435","WARNING","A40 | Bochum-West - Bochum-Freudenbergstraße"," Essen -> Dortmund",0,"QUEUING_TRAFFIC","29",2025-05-19,"Beginn: 19.05.25 um 20:55 Uhr  Zusammengesetzte Verkehrsinformation, seit 19.05.2025, 20:55 A40: Essen -> Dortmund, zwischen 1.6 km hinter AD Bochum-West und 0.5 km vor AS Bochum-Freudenbergstraße  Stockender Verkehr Reisezeitverlust: 0 Minuten Durchschnittsgeschwindigkeit: 29 km/h",51.4954421539245,7.18760527935454
"A40","undefined--vi-avl.2025-05-19_20-55-30-000.f_004.de0","51.495442153924465,7.1876052793545435,51.495442153924465,7.1876052793545435","51.495442153924465,7.1876052793545435","WARNING","A40 | Bochum-Hamme - Bochum-Hamme"," Essen -> Dortmund",NA,"QUEUING_TRAFFIC","16",2025-05-19,"Beginn: 19.05.25 um 21:01 Uhr  Angespannte Verkehrslage, seit 19.05.2025, 21:01 A40: Essen -> Dortmund, 0.1 km vor AS Bochum-Hamme, aus Richtung Bochum-West  Stockender Verkehr Durchschnittsgeschwindigkeit: 16 km/h",51.4954421539245,7.18760527935454
"A40","undefined--vi-hind.2025-05-19_20-44-00-000.f_001.de0","51.496297293741314,7.194394734678487,51.4975755506381,7.206758179081559","51.496297293741314,7.194394734678487","WARNING","A40 | Bochum-Hamme - Bochum-Zentrum"," Essen -> Dortmund",NA,NA,NA,2025-05-19,"Beginn: 19.05.25 um 20:44 Uhr  Fahrzeug-Hindernis, seit 19.05.2025, 20:44 A40: Essen -> Dortmund, zwischen 0.4 km hinter AS Bochum-Hamme und 0.4 km vor AS Bochum-Zentrum Gefahr durch ein defektes Fahrzeug auf der Fahrbahn",51.4962972937413,7.19439473467849
"A42","undefined--vi-hind.2025-05-19_20-59-00-000.f.de0","51.48452210093351,6.767098499995301,51.4836079062449,6.769324845414464","51.48452210093351,6.767098499995301","WARNING","A42 | Duisburg-Beeck - Duisburg-Nord"," Kamp-Lintfort -> Dortmund",NA,NA,NA,2025-05-19,"Beginn: 19.05.25 um 20:59 Uhr  Fahrzeug-Hindernis, seit 19.05.2025, 20:59 A42: Kamp-Lintfort -> Dortmund, zwischen 2.7 km hinter AS Duisburg-Beeck und 0.1 km vor AK Duisburg-Nord Gefahr durch ein defektes Fahrzeug auf der Fahrbahn",51.4845221009335,6.7670984999953
"A42","undefined--vi-hind.2025-05-19_20-54-00-000.f_001.de0","51.51458410294568,7.048020899330435,51.534364900933205,7.095591099997609","51.51458410294568,7.048020899330435","WARNING","A42 | Gelsenkirchen-Heßler - Gelsenkirchen-Bismarck"," Kamp-Lintfort -> Dortmund",NA,NA,NA,2025-05-19,"Beginn: 19.05.25 um 20:54 Uhr  Fahrzeug-Hindernis, seit 19.05.2025, 20:54 A42: Kamp-Lintfort -> Dortmund, zwischen 0.3 km hinter AS Gelsenkirchen-Heßler und 2.2 km vor AS Gelsenkirchen-Bismarck",51.5145841029457,7.04802089933044
"A43","undefined--vi-avl.2025-05-19_18-36-12-000.f_002.de0","51.89092387319833,7.371646194428154,51.90127258378094,7.38709011567128","51.89092387319833,7.371646194428154","WARNING","A43 | Karthaus - Nottuln"," Recklinghausen -> Münster",0,"SLOW_TRAFFIC","63.400001525878906",2025-05-19,"Beginn: 19.05.25 um 18:36 Uhr  Angespannte Verkehrslage, seit 19.05.2025, 18:36 A43: Recklinghausen -> Münster, zwischen 2.0 km hinter Karthaus und 1.5 km vor AS Nottuln  Langsamer Verkehr Reisezeitverlust: 0 Minuten Durchschnittsgeschwindigkeit: 63 km/h",51.8909238731983,7.37164619442815
"A44","undefined--vi-avl.2025-05-19_20-10-30-000.f_005.de0","51.53306052436008,7.828962232170708,51.53323805512703,7.854588665975875","51.53306052436008,7.828962232170708","WARNING","A44 | Buchenhain - Am Haarstrang"," Dortmund -> Kassel",0,"SLOW_TRAFFIC","63.79999923706055",2025-05-19,"Beginn: 19.05.25 um 20:10 Uhr  Angespannte Verkehrslage, seit 19.05.2025, 20:10 A44: Dortmund -> Kassel, zwischen 2.7 km hinter Buchenhain und 0.4 km vor Am Haarstrang  Langsamer Verkehr Reisezeitverlust: 0 Minuten Durchschnittsgeschwindigkeit: 63 km/h",51.5330605243601,7.82896223217071
"A44","undefined--vi-avl.2025-05-19_18-43-50-000.f_001.de0","51.52916593495301,8.904394314347043,51.535764621107866,8.88680161194341","51.52916593495301,8.904394314347043","WARNING","A44 | Marsberg - Blankenrode"," Kassel -> Dortmund",0,"SLOW_TRAFFIC","62.400001525878906",2025-05-19,"Beginn: 19.05.25 um 20:25 Uhr  Angespannte Verkehrslage, seit 19.05.2025, 20:25 A44: Kassel -> Dortmund, zwischen 4.3 km hinter AS Marsberg und 1.1 km vor Blankenrode  Langsamer Verkehr Reisezeitverlust: 0 Minuten Durchschnittsgeschwindigkeit: 62 km/h",51.529165934953,8.90439431434704
"A45","undefined--vi-avl.2025-05-19_20-55-00-000.f.de0","50.55009579241461,8.56562971622008,50.5625849009385,8.554495099999873","50.55009579241461,8.56562971622008","WARNING","A45 | Gießen-Lützellinden - Wetzlar-Ost"," Aschaffenburg -> Hagen",0,"SLOW_TRAFFIC","77.19999694824219",2025-05-19,"Beginn: 19.05.25 um 20:55 Uhr  Angespannte Verkehrslage, seit 19.05.2025, 20:55 A45: Aschaffenburg -> Hagen, zwischen 3.4 km hinter AS Gießen-Lützellinden und 1.1 km vor AS Wetzlar-Ost  Langsamer Verkehr Reisezeitverlust: 0 Minuten Durchschnittsgeschwindigkeit: 77 km/h",50.5500957924146,8.56562971622008
"A45","undefined--vi-unf.2025-05-19_20-10-30-000.f.de0","50.74271750093761,8.258997799999774,50.68061077222969,8.284351590250493","50.74271750093761,8.258997799999774","WARNING","A45 | Schlierberg - Herborn-West"," Hagen -> Gießen",NA,NA,NA,2025-05-19,"Beginn: 19.05.25 um 20:10 Uhr  Unfall, seit 19.05.2025, 20:10 A45: Hagen -> Gießen, zwischen 1.8 km hinter Schlierberg und 0.4 km vor AS Herborn-West",50.7427175009376,8.25899779999977
"A59","undefined--vi-hind.2025-05-19_20-33-00-000.f_001.de0","50.889311500936856,7.092703699997522,50.88200493018122,7.094231456684229","50.889311500936856,7.092703699997522","WARNING","A59 | Schloß Röttgen - Köln-Wahn"," Köln -> Bonn",NA,NA,NA,2025-05-19,"Beginn: 19.05.25 um 20:33 Uhr  Hindernis, seit 19.05.2025, 20:33 A59: Köln -> Bonn, zwischen 1.1 km hinter Schloß Röttgen und 2.6 km vor AS Köln-Wahn  Gefahr durch eine ungesicherte Unfallstelle",50.8893115009369,7.09270369999752
"A59","undefined--vi-avl.2025-05-19_20-57-30-000.f_002.de0","51.46702019315552,6.7675655413500495,51.47395240155158,6.76600186055493","51.46702019315552,6.7675655413500495","WARNING","A59 | Duisburg-Ruhrort - Duisburg-Nord"," Duisburg -> Dinslaken",0,"SLOW_TRAFFIC","38.29999923706055",2025-05-19,"Beginn: 19.05.25 um 20:57 Uhr  Angespannte Verkehrslage, seit 19.05.2025, 20:57 A59: Duisburg -> Dinslaken, zwischen 0.5 km hinter AS Duisburg-Ruhrort und 1.1 km vor AK Duisburg-Nord  Langsamer Verkehr Reisezeitverlust: 0 Minuten Durchschnittsgeschwindigkeit: 38 km/h",51.4670201931555,6.76756554135005
"A59","undefined--vi-avl.2025-05-19_21-00-30-000.f.de0","51.46652781501582,6.767839385710448,51.46652781501582,6.767839385710448","51.46652781501582,6.767839385710448","WARNING","A59 | Duisburg-Meiderich - Duisburg-Meiderich"," Duisburg -> Dinslaken",NA,"SLOW_TRAFFIC","29",2025-05-19,"Beginn: 19.05.25 um 21:00 Uhr  Angespannte Verkehrslage, seit 19.05.2025, 21:00 A59: Duisburg -> Dinslaken, 0.4 km vor AS Duisburg-Meiderich, aus Richtung Duisburg-Ruhrort  Langsamer Verkehr Durchschnittsgeschwindigkeit: 29 km/h",51.4665278150158,6.76783938571045
"A60","undefined--vi-zus.2025-04-08_08-51-21-000.f_013.de0","49.98125533976677,8.345695317688524,49.97565770865279,8.441396718063045","49.98125533976677,8.345695317688524","WARNING","A60 | Mainspitz-Dreieck - Rüsselsheimer Dreieck"," Mainz -> Rüsselsheim",NA,NA,NA,2025-04-08,"Beginn: 08.04.25 um 08:51 Uhr  Zusammengesetzte Verkehrsinformation, seit 08.04.2025, 08:51 A60: Mainz -> Rüsselsheim, zwischen 0.5 km hinter AD Mainspitz-Dreieck und 2.2 km vor AD Rüsselsheimer Dreieck  Sperrung der A60 bei Königstädten – Grundhafte Fahrbahnerneuerung zwischen dem Rüsselsheimer Dreieck und dem Mainspitz Dreieck. Die Niederlassung West der Autobahn GmbH erneuert zwischen dem Rüsselsheimer Dreieck (30) und dem Mainspitz Dreieck (26) die Fahrbahn. Von Donnerstagmorgen (24. April) bis Mitte Juli wird die Anschlussstelle (AS) Königstädten (29) in Fahrtrichtung (FR) Mainz sowie in FR Rüsselsheimer Dreieck gesperrt. Umleitungsmöglichkeiten sind ausgeschildert: • Ausfahrt FR Mainz: Umleitung via AS Rüsselsheim-Mitte • Einfahrt FR Mainz: innerstädtische Umleitung zur AS Rüsselsheim-Mitte (Adam-Opel-Straße / Kurt-Schumacher-Ring), von Nauheim kommend via L3482 zur AS Bischofsheim • Einfahrt FR Darmstadt: innerstädtische Umleitung zur AS Rüsselsheim-Mitte (Adam-Opel-Straße / Kurt-Schumacher-Ring) Die Autobahn GmbH bittet alle Verkehrsteilnehmer um Verständnis für die unvermeidlichen Verkehrsbehinderungen, die durch die Arbeiten entstehen.",49.9812553397668,8.34569531768852
"A60","undefined--vi-zus.2025-05-03_10-55-00-000.f_003.de0","49.977457399447445,8.454646346787307,49.981587265039146,8.34517285786785","49.977457399447445,8.454646346787307","WARNING","A60 | Rüsselsheimer Dreieck - Mainspitz-Dreieck"," Rüsselsheim -> Mainz",NA,NA,NA,2025-05-03,"Beginn: 03.05.25 um 10:55 Uhr  Zusammengesetzte Verkehrsinformation, seit 03.05.2025, 10:55 A60: Rüsselsheim -> Mainz, zwischen 0.6 km hinter AD Rüsselsheimer Dreieck und 0.5 km vor AD Mainspitz-Dreieck  Sperrung der A60 bei Königstädten – Grundhafte Fahrbahnerneuerung zwischen dem Rüsselsheimer Dreieck und dem Mainspitz Dreieck. Die Niederlassung West der Autobahn GmbH erneuert zwischen dem Rüsselsheimer Dreieck (30) und dem Mainspitz Dreieck (26) die Fahrbahn. Von Donnerstagmorgen (24. April) bis Mitte Juli wird die Anschlussstelle (AS) Königstädten (29) in Fahrtrichtung (FR) Mainz sowie in FR Rüsselsheimer Dreieck gesperrt. Umleitungsmöglichkeiten sind ausgeschildert: • Ausfahrt FR Mainz: Umleitung via AS Rüsselsheim-Mitte • Einfahrt FR Mainz: innerstädtische Umleitung zur AS Rüsselsheim-Mitte (Adam-Opel-Straße / Kurt-Schumacher-Ring), von Nauheim kommend via L3482 zur AS Bischofsheim • Einfahrt FR Darmstadt: innerstädtische Umleitung zur AS Rüsselsheim-Mitte (Adam-Opel-Straße / Kurt-Schumacher-Ring) Die Autobahn GmbH bittet alle Verkehrsteilnehmer um Verständnis für die unvermeidlichen Verkehrsbehinderungen, die durch die Arbeiten entstehen.",49.9774573994474,8.45464634678731
"A61","undefined--vi-hind.2025-05-19_18-10-40-000.f_006.de0","50.714875900937756,6.898608699996218,50.744148554507504,6.866387432481455","50.714875900937756,6.898608699996218","WARNING","A61 | Miel - Weilerswist"," Koblenz -> Mönchengladbach",NA,NA,NA,2025-05-19,"Beginn: 19.05.25 um 18:10 Uhr  Hindernis, seit 19.05.2025, 18:10 A61: Koblenz -> Mönchengladbach, zwischen 4.9 km hinter AS Miel und 0.5 km vor AS Weilerswist  Gefahr durch Gegenstände auf der Fahrbahn",50.7148759009378,6.89860869999622
"A63","undefined--vi-avl.2025-05-19_20-23-30-000.f_006.de0","49.93968475791643,8.203933770408215,49.92616044755107,8.197821415876149","49.93968475791643,8.203933770408215","WARNING","A63 | Klein-Winternheim - Nieder-Olm-Nord"," Mainz -> Kaiserslautern",0,"SLOW_TRAFFIC","67.5",2025-05-19,"Beginn: 19.05.25 um 20:23 Uhr  Angespannte Verkehrslage, seit 19.05.2025, 20:23 A63: Mainz -> Kaiserslautern, zwischen 1.6 km hinter AS Klein-Winternheim und 1.4 km vor AS Nieder-Olm-Nord  Langsamer Verkehr Reisezeitverlust: 0 Minuten Durchschnittsgeschwindigkeit: 67 km/h",49.9396847579164,8.20393377040821
"A70","undefined--vi-hind.2025-05-19_20-41-30-000.f_001.de0","49.92280591451336,10.898754767881082,49.927029800941455,10.912612100002635","49.92280591451336,10.898754767881082","WARNING","A70 | Hallstadt - Bamberg"," Schweinfurt/Werneck -> Bamberg",NA,NA,NA,2025-05-19,"Beginn: 19.05.25 um 20:41 Uhr  Fahrzeug-Hindernis, seit 19.05.2025, 20:41 A70: Schweinfurt/Werneck -> Bamberg, zwischen 1.7 km hinter AS Hallstadt und 0.4 km vor AK Bamberg",49.9228059145134,10.8987547678811
"A73","undefined--vi-hind.2025-05-19_20-04-00-000.f_004.de0","50.060911520286695,10.968516752666188,50.05970000094087,10.967126400002948","50.060911520286695,10.968516752666188","WARNING","A73 | Bad Staffelstein - Ebensfeld"," Suhl -> Bamberg",NA,NA,NA,2025-05-19,"Beginn: 19.05.25 um 20:04 Uhr  Hindernis, seit 19.05.2025, 20:04 A73: Suhl -> Bamberg, zwischen 4.6 km hinter AS Bad Staffelstein und 0.1 km vor AS Ebensfeld  Gefahr durch eine ungesicherte Unfallstelle",50.0609115202867,10.9685167526662
"A93","undefined--vi-hind.2025-05-19_18-01-32-000.f_008.de0","50.18281344428663,12.121603114014386,50.18101562488324,12.122123974984158","50.18281344428663,12.121603114014386","WARNING","A93 | Schönwald - Selb-Nord"," Hof -> Weiden",NA,NA,NA,2025-05-19,"Beginn: 19.05.25 um 18:01 Uhr  Fahrzeug-Hindernis, seit 19.05.2025, 18:01 A93: Hof -> Weiden, zwischen 5.5 km hinter AS Schönwald und 0.1 km vor AS Selb-Nord",50.1828134442866,12.1216031140144
"A96","undefined--vi-avl.2025-05-19_20-08-00-000.f.de0","48.033873073927346,10.655247063297374,48.02733237577392,10.680846155243835","48.033873073927346,10.655247063297374","WARNING","A96 | Bad Wörishofen - Buchloe-West"," Lindau -> München",1,"SLOW_TRAFFIC","63.5",2025-05-19,"Beginn: 19.05.25 um 20:08 Uhr  Angespannte Verkehrslage, seit 19.05.2025, 20:08 A96: Lindau -> München, zwischen 2.8 km hinter AS Bad Wörishofen und 2.2 km vor AS Buchloe-West  Langsamer Verkehr Reisezeitverlust: 1 Minuten Durchschnittsgeschwindigkeit: 63 km/h",48.0338730739273,10.6552470632974
"A99","undefined--vi-hind.2025-05-19_21-00-00-000.f.de0","48.22568428554725,11.53753571910202,48.22822000094727,11.582903800012192","48.22568428554725,11.53753571910202","WARNING","A99 | München-Ludwigsfeld - München-Neuherberg"," München-Süd-West -> München-Nord",NA,NA,NA,2025-05-19,"Beginn: 19.05.25 um 21:00 Uhr  Fahrzeug-Hindernis, seit 19.05.2025, 21:00 A99: München-Süd-West -> München-Nord, zwischen 4.4 km hinter AS München-Ludwigsfeld und 0.3 km vor AS München-Neuherberg",48.2256842855473,11.537535719102
"A113","undefined--vi-zus.2025-05-06_00-21-00-000.f_002.de0","52.431770300930815,13.501964500120101,52.420514923982736,13.521858832895003","52.431770300930815,13.501964500120101","WARNING","A113 | Stubenrauchstraße - Rudower Höhe"," Neukölln -> Schönefeld",NA,NA,NA,2025-05-06,"Beginn: 06.05.25 um 00:21 Uhr  Zusammengesetzte Verkehrsinformation, seit 06.05.2025, 00:21 A113: Neukölln -> Schönefeld, zwischen 0.3 km hinter AS Stubenrauchstraße und Rudower Höhe  A113 Autobahnzubringer Dresden, Neukölln Richtung Schönefeld
zwischen Stubenrauchstraße und Tunnel Rudower Höhe
linker Fahrstreifen gesperrt, Bauarbeiten, bis voraussichtlich 20.06.2025",52.4317703009308,13.5019645001201
"A115","undefined--vi-zus.2024-10-09_07-09-40-000.f_531.de0","52.40027056808641,13.185163736426698,52.44227384698058,13.202709435405149","52.40027056808641,13.185163736426698","WARNING","A115 | Am Stern - Hüttenweg"," Dreieck Nuthetal -> Dreieck Funkturm",NA,NA,NA,2024-10-09,"Beginn: 09.10.24 um 07:09 Uhr  Zusammengesetzte Verkehrsinformation, seit 09.10.2024, 07:09 A115: Dreieck Nuthetal -> Dreieck Funkturm, zwischen 2.9 km hinter Am Stern und 3.8 km vor AS Hüttenweg  A115 Autobahnzubringer Magdeburg, Dreieck Nuthetal Richtung Dreieck Funkturm, zwischen Anschlussstelle Kleinmachnow und Anschlussstelle Spanische Allee, Baustelle, bis 31.10.2026 17:00 Uhr",52.4002705680864,13.1851637364267
"A115","undefined--vi-zus.2025-05-19_20-55-00-000.f_002.de0","52.40200934262207,13.187125226927366,52.41741252093579,13.196778522155062","52.40200934262207,13.187125226927366","WARNING","A115 | Am Stern - Kreuz Zehlendorf"," Dreieck Nuthetal -> Dreieck Funkturm",NA,NA,NA,2025-05-19,"Beginn: 19.05.25 um 20:55 Uhr  Zusammengesetzte Verkehrsinformation, seit 19.05.2025, 20:55 A115: Dreieck Nuthetal -> Dreieck Funkturm, zwischen 3.1 km hinter Am Stern und 0.4 km vor AS Kreuz Zehlendorf  Gefahr durch Personen auf der Fahrbahn  A115 Dreieck Nuthetal Richtung Dreieck Funkturm zwischen Kleinmachnow und Kreuz Zehlendorf Gefahr durch Personen auf dem Standstreifen, Polizei ist benachrichtigt",52.4020093426221,13.1871252269274
