"road","identifier","extent","point","display_type","title","subtitle","delay_minutes","abnormalTrafficType","averageSpeed","startTimestamp","description","latitude","longitude"
"A1","undefined--vi-zus.2025-05-24_17-07-38-000.f.de0","50.82888914160363,6.787653374003767,50.85269977087939,6.804601196334652","50.82888914160363,6.787653374003767","WARNING","A1 | Erfttal - Ville"," Euskirchen -> Köln",6,"STATIONARY_TRAFFIC","23.200000762939453",2025-05-24,"Beginn: 24.05.25 um 17:07 Uhr  Zusammengesetzte Verkehrsinformation, seit 24.05.2025, 17:07 A1: Euskirchen -> Köln, zwischen 1.4 km hinter AD Erfttal und 0.6 km vor Ville  Im Stillstand Reisezeitverlust: 6 Minuten Durchschnittsgeschwindigkeit: 23 km/h",50.8288891416036,6.78765337400377
"A1","undefined--vi-unf.2025-05-24_16-04-09-000.f_004.de0","50.847022024651544,6.802675735566929,50.85854518575431,6.805493477221137","50.847022024651544,6.802675735566929","WARNING","A1 | Erfttal - Gleuel"," Euskirchen -> Köln",NA,NA,NA,2025-05-24,"Beginn: 24.05.25 um 16:04 Uhr  Unfall, seit 24.05.2025, 16:04 A1: Euskirchen -> Köln, zwischen 3.7 km hinter AD Erfttal und 3.8 km vor AS Gleuel",50.8470220246515,6.80267573556693
"A1","undefined--vi-avl.2025-05-24_17-17-19-000.f_006.de0","50.82881586328405,6.787599208423223,50.82881586328405,6.787599208423223","50.82881586328405,6.787599208423223","WARNING","A1 | Hürth - Hürth"," Euskirchen -> Köln",NA,"STATIONARY_TRAFFIC","23",2025-05-24,"Beginn: 24.05.25 um 17:21 Uhr  Angespannte Verkehrslage, seit 24.05.2025, 17:21 A1: Euskirchen -> Köln, 2.5 km vor AS Hürth, aus Richtung Erfttal  Im Stillstand Durchschnittsgeschwindigkeit: 23 km/h",50.828815863284,6.78759920842322
"A1","undefined--vi-avl.2025-05-24_16-58-13-000.f_001.de0","50.98209983912435,6.853650715050414,50.98209983912435,6.853650715050414","50.98209983912435,6.853650715050414","WARNING","A1 | Köln-Bocklemünd - Köln-Bocklemünd"," Köln -> Euskirchen",NA,"STATIONARY_TRAFFIC","8",2025-05-24,"Beginn: 24.05.25 um 17:21 Uhr  Angespannte Verkehrslage, seit 24.05.2025, 17:21 A1: Köln -> Euskirchen, 0.5 km vor AS Köln-Bocklemünd, aus Richtung Köln-Nord  Im Stillstand Durchschnittsgeschwindigkeit: 8 km/h",50.9820998391244,6.85365071505041
"A1","undefined--vi-hind.2025-05-24_17-02-48-000.f.de0","50.950041437464535,6.8496203993450715,50.93660191584531,6.849139149161749","50.950041437464535,6.8496203993450715","WARNING","A1 | Köln-Bocklemünd - Köln-West"," Köln -> Euskirchen",NA,NA,NA,2025-05-24,"Beginn: 24.05.25 um 17:02 Uhr  Hindernis, seit 24.05.2025, 17:02 A1: Köln -> Euskirchen, zwischen 3.1 km hinter AS Köln-Bocklemünd und 1.2 km vor AK Köln-West",50.9500414374645,6.84962039934507
"A1","undefined--vi-zus.2025-05-24_16-55-51-000.f.de0","50.98220109740166,6.853742992339309,50.941835688200385,6.849428650563124","50.98220109740166,6.853742992339309","WARNING","A1 | Köln-Nord - Köln-Lövenich"," Köln -> Euskirchen",30,"STATIONARY_TRAFFIC","8.399999618530273",2025-05-24,"Beginn: 24.05.25 um 16:55 Uhr  Zusammengesetzte Verkehrsinformation, seit 24.05.2025, 16:55 A1: Köln -> Euskirchen, zwischen 3.1 km hinter AK Köln-Nord und 0.4 km vor AS Köln-Lövenich  Im Stillstand Reisezeitverlust: 30 Minuten Durchschnittsgeschwindigkeit: 8 km/h",50.9822010974017,6.85374299233931
"A1","undefined--vi-avl.2025-05-24_17-03-42-000.f.de0","51.03600234096751,6.964443074895931,51.03744308106357,6.987565714040063","51.03600234096751,6.964443074895931","WARNING","A1 | Leverkusen-West - Leverkusen"," Köln -> Dortmund",2,"SLOW_TRAFFIC","29.399999618530273",2025-05-24,"Beginn: 24.05.25 um 17:03 Uhr  Angespannte Verkehrslage, seit 24.05.2025, 17:03 A1: Köln -> Dortmund, zwischen AK Leverkusen-West und 1.5 km vor AK Leverkusen  Langsamer Verkehr Reisezeitverlust: 2 Minuten Durchschnittsgeschwindigkeit: 29 km/h",51.0360023409675,6.96444307489593
"A1","undefined--vi-avl.2025-05-24_17-17-19-000.f_011.de0","51.03597917994856,6.964399444997013,51.03597917994856,6.964399444997013","51.03597917994856,6.964399444997013","WARNING","A1 | Leverkusen - Leverkusen"," Köln -> Dortmund",NA,"SLOW_TRAFFIC","14",2025-05-24,"Beginn: 24.05.25 um 17:21 Uhr  Angespannte Verkehrslage, seit 24.05.2025, 17:21 A1: Köln -> Dortmund, 3.2 km vor AK Leverkusen, aus Richtung Leverkusen-West  Langsamer Verkehr Durchschnittsgeschwindigkeit: 14 km/h",51.0359791799486,6.96439944499701
"A1","undefined--vi-hind.2025-05-24_16-55-51-000.f.de0","51.05765841931279,7.0597349380720145,51.058594818985696,7.061828599337027","51.05765841931279,7.0597349380720145","WARNING","A1 | Leverkusen - Burscheid"," Köln -> Dortmund",NA,NA,NA,2025-05-24,"Beginn: 24.05.25 um 16:55 Uhr  Fahrzeug-Hindernis, seit 24.05.2025, 16:55 A1: Köln -> Dortmund, zwischen 4.1 km hinter AK Leverkusen und 5.8 km vor AS Burscheid Gefahr durch ein defektes Fahrzeug auf der Fahrbahn",51.0576584193128,7.05973493807201
"A1","undefined--vi-avl.2025-05-24_09-12-30-000.f_006.de0","53.03181602003422,8.923797738419252,53.03181602003422,8.923797738419252","53.03181602003422,8.923797738419252","WARNING","A1 | Bremen-Hemelingen - Bremen-Hemelingen"," Bremen -> Osnabrück",NA,"STATIONARY_TRAFFIC","23",2025-05-24,"Beginn: 24.05.25 um 17:21 Uhr  Angespannte Verkehrslage, seit 24.05.2025, 17:21 A1: Bremen -> Osnabrück, 2.7 km vor AS Bremen-Hemelingen, aus Richtung Mahndorfer Marsch  Im Stillstand Durchschnittsgeschwindigkeit: 23 km/h",53.0318160200342,8.92379773841925
"A1","undefined--vi-avl.2025-05-24_08-54-30-000.f_004.de0","53.03181602003422,8.923797738419252,53.031460453437994,8.864211532227444","53.03181602003422,8.923797738419252","WARNING","A1 | Mahndorfer Marsch - Bremen-Arsten"," Bremen -> Osnabrück",8,"STATIONARY_TRAFFIC","23.100000381469727",2025-05-24,"Beginn: 24.05.25 um 08:54 Uhr  Angespannte Verkehrslage, seit 24.05.2025, 08:54 A1: Bremen -> Osnabrück, zwischen 1.5 km hinter Mahndorfer Marsch und 0.4 km vor AS Bremen-Arsten  Im Stillstand Reisezeitverlust: 8 Minuten Durchschnittsgeschwindigkeit: 23 km/h",53.0318160200342,8.92379773841925
"A1","undefined--vi-avl.2025-05-24_17-17-19-000.f_001.de0","53.9838906911137,10.733298585419822,53.9838906911137,10.733298585419822","53.9838906911137,10.733298585419822","WARNING","A1 | Ratekau - Ratekau"," Fehmarn -> Lübeck",NA,"QUEUING_TRAFFIC","13",2025-05-24,"Beginn: 24.05.25 um 17:21 Uhr  Angespannte Verkehrslage, seit 24.05.2025, 17:21 A1: Fehmarn -> Lübeck, 4.1 km vor AS Ratekau, aus Richtung Pansdorf  Stockender Verkehr Durchschnittsgeschwindigkeit: 13 km/h",53.9838906911137,10.7332985854198
"A1","undefined--vi-avl.2025-05-24_17-09-10-000.f_002.de0","53.9838906911137,10.733298585419822,53.96047558414601,10.741458052607353","53.9838906911137,10.733298585419822","WARNING","A1 | Pansdorf - Ratekau"," Fehmarn -> Lübeck",4,"QUEUING_TRAFFIC","25.600000381469727",2025-05-24,"Beginn: 24.05.25 um 17:09 Uhr  Angespannte Verkehrslage, seit 24.05.2025, 17:09 A1: Fehmarn -> Lübeck, zwischen 2.5 km hinter AS Pansdorf und 1.4 km vor AS Ratekau  Stockender Verkehr Reisezeitverlust: 4 Minuten Durchschnittsgeschwindigkeit: 25 km/h",53.9838906911137,10.7332985854198
"A1","undefined--vi-avl.2025-05-24_17-14-19-000.f.de0","54.05781423262742,10.740864481005236,54.0459412388553,10.729418752125216","54.05781423262742,10.740864481005236","WARNING","A1 | Neustädter Bucht - Scharbeutz"," Fehmarn -> Lübeck",1,"SLOW_TRAFFIC","47.70000076293945",2025-05-24,"Beginn: 24.05.25 um 17:14 Uhr  Angespannte Verkehrslage, seit 24.05.2025, 17:14 A1: Fehmarn -> Lübeck, zwischen 1.7 km hinter Neustädter Bucht und 1.3 km vor AS Scharbeutz  Langsamer Verkehr Reisezeitverlust: 1 Minuten Durchschnittsgeschwindigkeit: 47 km/h",54.0578142326274,10.7408644810052
"A2","undefined--vi-avl.2025-05-24_11-40-46-000.f_005.de0","51.55691039314014,6.938721426056503,51.540102000933175,6.882420599996286","51.55691039314014,6.938721426056503","WARNING","A2 | Gladbeck-Ellinghorst - Oberhausen-Königshardt"," Dortmund -> Oberhausen",4,"SLOW_TRAFFIC","39.79999923706055",2025-05-24,"Beginn: 24.05.25 um 11:40 Uhr  Angespannte Verkehrslage, seit 24.05.2025, 11:40 A2: Dortmund -> Oberhausen, zwischen 1.9 km hinter AS Gladbeck-Ellinghorst und 0.9 km vor AS Oberhausen-Königshardt  Langsamer Verkehr Reisezeitverlust: 4 Minuten Durchschnittsgeschwindigkeit: 39 km/h",51.5569103931401,6.9387214260565
"A2","undefined--vi-hind.2025-05-24_16-35-02-000.f_002.de0","51.710713765049555,7.978911983243608,51.710713765049555,7.978911983243608","51.710713765049555,7.978911983243608","WARNING","A2 | Hamm-Uentrop - Stettin"," Dortmund -> Hannover",NA,NA,NA,2025-05-24,"Beginn: 24.05.25 um 16:35 Uhr  Fahrzeug-Hindernis, seit 24.05.2025, 16:35 A2: Dortmund -> Hannover, zwischen 1.9 km hinter AS Hamm-Uentrop und 1.3 km vor Stettin Gefahr durch ein defektes Fahrzeug auf der Fahrbahn",51.7107137650496,7.97891198324361
"A2","undefined--vi-hind.2025-05-24_16-32-14-000.f_003.de0","51.946660621066876,8.55150589395189,51.9908503009304,8.616687299999866","51.946660621066876,8.55150589395189","WARNING","A2 | Bielefeld - Bielefeld-Ost"," Dortmund -> Hannover",NA,NA,NA,2025-05-24,"Beginn: 24.05.25 um 16:32 Uhr  Hindernis, seit 24.05.2025, 16:32 A2: Dortmund -> Hannover, zwischen 0.7 km hinter AK Bielefeld und 0.5 km vor AS Bielefeld-Ost  Gefahr durch Gegenstände auf der Fahrbahn",51.9466606210669,8.55150589395189
"A2","undefined--vi-hind.2025-05-24_16-50-50-000.f_006.de0","52.306082737219576,9.374059002382069,52.306082737219576,9.374059002382069","52.306082737219576,9.374059002382069","WARNING","A2 | Lauenau - Bad Nenndorf"," Dortmund -> Hannover",NA,NA,NA,2025-05-24,"Beginn: 24.05.25 um 16:50 Uhr  Fahrzeug-Hindernis, seit 24.05.2025, 16:50 A2: Dortmund -> Hannover, zwischen 3.2 km hinter AS Lauenau und 3.8 km vor AS Bad Nenndorf Gefahr durch ein defektes Fahrzeug auf der Fahrbahn",52.3060827372196,9.37405900238207
"A2","undefined--vi-hind.2025-05-24_17-16-48-000.f_001.de0","52.4100386708536,9.511237342403644,52.4100386708536,9.511237342403644","52.4100386708536,9.511237342403644","WARNING","A2 | Wunstorf-Kolenfeld - Wunstorf-Luthe"," Dortmund -> Hannover",NA,NA,NA,2025-05-24,"Beginn: 24.05.25 um 17:16 Uhr  Fahrzeug-Hindernis, seit 24.05.2025, 17:16 A2: Dortmund -> Hannover, zwischen 3.4 km hinter AS Wunstorf-Kolenfeld und 0.1 km vor AS Wunstorf-Luthe Gefahr durch ein defektes Fahrzeug auf der Fahrbahn",52.4100386708536,9.51123734240364
"A2","undefined--vi-hind.2025-05-24_15-53-31-000.f_006.de0","52.189863089015034,11.627434933966438,52.18947927816399,11.626737411167637","52.189863089015034,11.627434933966438","WARNING","A2 | Magdeburg-Rothensee - Magdeburg-Zentrum"," Berliner Ring -> Braunschweig",NA,NA,NA,2025-05-24,"Beginn: 24.05.25 um 15:53 Uhr  Fahrzeug-Hindernis, seit 24.05.2025, 15:53 A2: Berliner Ring -> Braunschweig, zwischen 3.6 km hinter AS Magdeburg-Rothensee und 0.7 km vor AS Magdeburg-Zentrum Gefahr durch ein defektes Fahrzeug auf der Fahrbahn",52.189863089015,11.6274349339664
"A3","undefined--vi-hind.2025-05-24_17-06-14-000.f_001.de0","49.079840617593575,11.903242796410433,49.08136905302442,11.902577521131565","49.079840617593575,11.903242796410433","WARNING","A3 | Riedtal - Laaber"," Passau -> Nürnberg",NA,NA,NA,2025-05-24,"Beginn: 24.05.25 um 17:06 Uhr  Fahrzeug-Hindernis, seit 24.05.2025, 17:06 A3: Passau -> Nürnberg, zwischen 4.5 km hinter Riedtal und 1.5 km vor AS Laaber Gefahr durch ein defektes Fahrzeug auf der Fahrbahn",49.0798406175936,11.9032427964104
"A3","undefined--vi-unf.2025-05-24_16-30-11-000.f_004.de0","49.90522330094155,9.375256600000094,49.93592120094143,9.34747840000009","49.90522330094155,9.375256600000094","WARNING","A3 | Rohrbrunn - Weibersbrunn"," Würzburg -> Frankfurt",NA,NA,NA,2025-05-24,"Beginn: 24.05.25 um 16:30 Uhr  Unfall, seit 24.05.2025, 16:30 A3: Würzburg -> Frankfurt, zwischen 1.4 km hinter AS Rohrbrunn und 0.3 km vor AS Weibersbrunn",49.9052233009416,9.37525660000009
"A3","undefined--vi-avl.2025-05-24_16-04-09-000.f_005.de0","50.061170837106566,8.693300391700799,50.0636343674122,8.713242574914336","50.061170837106566,8.693300391700799","WARNING","A3 | Frankfurt am Main-Süd - Offenbacher Kreuz"," Frankfurt -> Würzburg",0,"SLOW_TRAFFIC","57.400001525878906",2025-05-24,"Beginn: 24.05.25 um 16:04 Uhr  Angespannte Verkehrslage, seit 24.05.2025, 16:04 A3: Frankfurt -> Würzburg, zwischen 3.3 km hinter AS Frankfurt am Main-Süd und 1.0 km vor AK Offenbacher Kreuz  Langsamer Verkehr Reisezeitverlust: 0 Minuten Durchschnittsgeschwindigkeit: 57 km/h",50.0611708371066,8.6933003917008
"A3","undefined--vi-hind.2025-05-24_16-55-14-000.f_004.de0","50.05332140846633,8.596573278163714,50.04670700094095,8.543833699999876","50.05332140846633,8.596573278163714","WARNING","A3 | Frankfurter Kreuz - Mönchhof-Dreieck"," Frankfurt -> Köln",NA,NA,NA,2025-05-24,"Beginn: 24.05.25 um 16:55 Uhr  Hindernis, seit 24.05.2025, 16:55 A3: Frankfurt -> Köln, zwischen 0.5 km hinter AK Frankfurter Kreuz und 4.3 km vor AD Mönchhof-Dreieck  Gefahr durch Personen auf der Fahrbahn",50.0533214084663,8.59657327816371
"A3","undefined--vi-hind.2025-05-24_16-55-14-000.f_003.de0","50.047445636157526,8.54648614525933,50.05317640409056,8.596461903569121","50.047445636157526,8.54648614525933","WARNING","A3 | Kelsterbach - Frankfurter Kreuz"," Köln -> Frankfurt",NA,NA,NA,2025-05-24,"Beginn: 24.05.25 um 16:55 Uhr  Hindernis, seit 24.05.2025, 16:55 A3: Köln -> Frankfurt, zwischen 0.2 km hinter AS Kelsterbach und 0.6 km vor AK Frankfurter Kreuz  Gefahr durch Personen auf der Fahrbahn",50.0474456361575,8.54648614525933
"A3","undefined--vi-hind.2025-05-24_17-21-42-000.f.de0","50.026574740365845,8.476792215978895,50.025623715445036,8.482834480024932","50.026574740365845,8.476792215978895","WARNING","A3 | Raunheim - Mönchhof-Dreieck"," Köln -> Frankfurt",NA,NA,NA,2025-05-24,"Beginn: 24.05.25 um 17:21 Uhr  Hindernis, seit 24.05.2025, 17:21 A3: Köln -> Frankfurt, zwischen AS Raunheim und 0.7 km vor AD Mönchhof-Dreieck  Gefahr durch eine ungesicherte Unfallstelle  Gefahr durch Gegenstände auf der Fahrbahn",50.0265747403658,8.47679221597889
"A3","undefined--vi-avl.2025-05-24_16-42-44-000.f.de0","50.95834043101534,7.034619407902011,50.97090532186244,7.029815179014148","50.95834043101534,7.034619407902011","WARNING","A3 | Köln-Ost - Köln-Mülheim"," Frankfurt -> Oberhausen",1,"QUEUING_TRAFFIC","33.79999923706055",2025-05-24,"Beginn: 24.05.25 um 16:42 Uhr  Angespannte Verkehrslage, seit 24.05.2025, 16:42 A3: Frankfurt -> Oberhausen, zwischen 0.7 km hinter AK Köln-Ost und 1.7 km vor AS Köln-Mülheim  Stockender Verkehr Reisezeitverlust: 1 Minuten Durchschnittsgeschwindigkeit: 33 km/h",50.9583404310153,7.03461940790201
"A3","undefined--vi-avl.2025-05-24_17-21-14-000.f_001.de0","50.958305441991754,7.034632562379054,50.958305441991754,7.034632562379054","50.958305441991754,7.034632562379054","WARNING","A3 | Köln-Dellbrück - Köln-Dellbrück"," Köln -> Oberhausen",NA,"QUEUING_TRAFFIC","23",2025-05-24,"Beginn: 24.05.25 um 17:21 Uhr  Angespannte Verkehrslage, seit 24.05.2025, 17:21 A3: Köln -> Oberhausen, 1.0 km vor AS Köln-Dellbrück, aus Richtung Köln-Ost  Stockender Verkehr Durchschnittsgeschwindigkeit: 23 km/h",50.9583054419918,7.03463256237905
"A3","undefined--vi-zus.2025-05-24_16-14-40-000.f_001.de0","50.980493164411875,7.020702031029663,51.03274852155239,7.009770731196404","50.980493164411875,7.020702031029663","WARNING","A3 | Köln-Dellbrück - Leverkusen"," Köln -> Oberhausen",2,"SLOW_TRAFFIC","61",2025-05-24,"Beginn: 24.05.25 um 16:14 Uhr  Zusammengesetzte Verkehrsinformation, seit 24.05.2025, 16:14 A3: Köln -> Oberhausen, zwischen 1.7 km hinter AS Köln-Dellbrück und 1.0 km vor AK Leverkusen  Langsamer Verkehr Reisezeitverlust: 2 Minuten Durchschnittsgeschwindigkeit: 61 km/h",50.9804931644119,7.02070203102966
"A3","undefined--vi-zus.2025-05-24_16-39-14-000.f_002.de0","50.97247708441286,7.028904138497481,50.96153530966009,7.033084525262834","50.97247708441286,7.028904138497481","WARNING","A3 | Köln-Mülheim - Köln-Ost"," Oberhausen -> Frankfurt",NA,NA,NA,2025-05-24,"Beginn: 24.05.25 um 16:39 Uhr  Zusammengesetzte Verkehrsinformation, seit 24.05.2025, 16:39 A3: Oberhausen -> Frankfurt, zwischen 1.5 km hinter AS Köln-Mülheim und 1.0 km vor AK Köln-Ost  Gefahr durch eine ungesicherte Unfallstelle  A3 Köln Richtung Frankfurt zwischen Köln-Dellbrück und Kreuz Köln-Ost Unfallaufnahme, Gefahr, Fahrbahn auf zwei Fahrstreifen verengt, Überholstreifen blockiert",50.9724770844129,7.02890413849748
"A3","undefined--vi-avl.2025-05-24_16-36-08-000.f_006.de0","51.00524651778826,7.014231104149138,51.00524651778826,7.014231104149138","51.00524651778826,7.014231104149138","WARNING","A3 | Köln-Mülheim - Köln-Mülheim"," Oberhausen -> Köln",NA,"STATIONARY_TRAFFIC","9",2025-05-24,"Beginn: 24.05.25 um 17:21 Uhr  Angespannte Verkehrslage, seit 24.05.2025, 17:21 A3: Oberhausen -> Köln, 2.5 km vor AS Köln-Mülheim, aus Richtung Leverkusen-Zentrum  Im Stillstand Durchschnittsgeschwindigkeit: 9 km/h",51.0052465177883,7.01423110414914
"A3","undefined--vi-zus.2025-05-24_16-36-08-000.f_002.de0","51.00535417035066,7.014242302876423,50.96705841228453,7.030966735803777","51.00535417035066,7.014242302876423","WARNING","A3 | Leverkusen-Zentrum - Köln-Dellbrück"," Oberhausen -> Köln",38,"STATIONARY_TRAFFIC","6.800000190734863",2025-05-24,"Beginn: 24.05.25 um 16:36 Uhr  Zusammengesetzte Verkehrsinformation, seit 24.05.2025, 16:36 A3: Oberhausen -> Köln, zwischen 2.1 km hinter AS Leverkusen-Zentrum und AS Köln-Dellbrück  Im Stillstand Reisezeitverlust: 38 Minuten Durchschnittsgeschwindigkeit: 6 km/h",51.0053541703507,7.01424230287642
"A3","undefined--vi-avl.2025-05-24_16-36-08-000.f_011.de0","51.00535417035066,7.014242302876423,50.96705841228453,7.030966735803777","51.00535417035066,7.014242302876423","WARNING","A3 | Leverkusen-Zentrum - Köln-Dellbrück"," Oberhausen -> Köln",30,"STATIONARY_TRAFFIC","8.600000381469727",2025-05-24,"Beginn: 24.05.25 um 16:36 Uhr  Angespannte Verkehrslage, seit 24.05.2025, 16:36 A3: Oberhausen -> Köln, zwischen 2.1 km hinter AS Leverkusen-Zentrum und AS Köln-Dellbrück  Im Stillstand Reisezeitverlust: 30 Minuten Durchschnittsgeschwindigkeit: 8 km/h",51.0053541703507,7.01424230287642
"A3","undefined--vi-unf.2025-05-24_16-47-45-000.f.de0","51.02761024384995,7.010895338414393,51.038191089047984,7.008604684624349","51.02761024384995,7.010895338414393","WARNING","A3 | Leverkusen-Zentrum - Leverkusen"," Köln -> Oberhausen",NA,NA,NA,2025-05-24,"Beginn: 24.05.25 um 16:47 Uhr  Unfall, seit 24.05.2025, 16:47 A3: Köln -> Oberhausen, zwischen 0.4 km hinter AS Leverkusen-Zentrum und 0.4 km vor AK Leverkusen",51.0276102438499,7.01089533841439
"A3","undefined--vi-avl.2025-05-24_17-03-42-000.f_001.de0","51.067408217527394,6.987611625944197,51.04704040093599,7.002873699997014","51.067408217527394,6.987611625944197","WARNING","A3 | Reusrather Heide - Leverkusen"," Oberhausen -> Köln",2,"SLOW_TRAFFIC","47.29999923706055",2025-05-24,"Beginn: 24.05.25 um 17:03 Uhr  Angespannte Verkehrslage, seit 24.05.2025, 17:03 A3: Oberhausen -> Köln, zwischen 2.0 km hinter Reusrather Heide und 0.7 km vor AK Leverkusen  Langsamer Verkehr Reisezeitverlust: 2 Minuten Durchschnittsgeschwindigkeit: 47 km/h",51.0674082175274,6.9876116259442
"A3","undefined--vi-avl.2025-05-24_17-05-04-000.f_004.de0","51.43809388723909,6.8073331296443795,51.44905159931095,6.798518059214223","51.43809388723909,6.8073331296443795","WARNING","A3 | Duisburg-Wedau - Oberhausen-Lirich"," Köln -> Oberhausen",0,"SLOW_TRAFFIC","47.70000076293945",2025-05-24,"Beginn: 24.05.25 um 17:05 Uhr  Angespannte Verkehrslage, seit 24.05.2025, 17:05 A3: Köln -> Oberhausen, zwischen 3.5 km hinter AS Duisburg-Wedau und 3.5 km vor AS Oberhausen-Lirich  Langsamer Verkehr Reisezeitverlust: 0 Minuten Durchschnittsgeschwindigkeit: 47 km/h",51.4380938872391,6.80733312964438
"A3","undefined--vi-avl.2025-05-24_17-17-19-000.f_009.de0","51.47591440093357,6.814881199995714,51.47591440093357,6.814881199995714","51.47591440093357,6.814881199995714","WARNING","A3 | Oberhausen-Lirich - Oberhausen-Lirich"," Oberhausen -> Köln",NA,"QUEUING_TRAFFIC","26",2025-05-24,"Beginn: 24.05.25 um 17:21 Uhr  Angespannte Verkehrslage, seit 24.05.2025, 17:21 A3: Oberhausen -> Köln, in Höhe AS Oberhausen-Lirich, aus Richtung Oberhausen-West  Stockender Verkehr Durchschnittsgeschwindigkeit: 26 km/h",51.4759144009336,6.81488119999571
"A3","undefined--vi-avl.2025-05-24_11-58-23-000.f_006.de0","51.47591440093357,6.814881199995714,51.45971628180116,6.80771009565481","51.47591440093357,6.814881199995714","WARNING","A3 | Oberhausen-West - Kaiserberg"," Oberhausen -> Köln",2,"QUEUING_TRAFFIC","28.600000381469727",2025-05-24,"Beginn: 24.05.25 um 11:58 Uhr  Angespannte Verkehrslage, seit 24.05.2025, 11:58 A3: Oberhausen -> Köln, zwischen 1.3 km hinter AK Oberhausen-West und 1.8 km vor AK Kaiserberg  Stockender Verkehr Reisezeitverlust: 2 Minuten Durchschnittsgeschwindigkeit: 28 km/h",51.4759144009336,6.81488119999571
"A3","undefined--vi-avl.2025-05-24_17-18-12-000.f_002.de0","51.524075932783184,6.815170178345391,51.53295187118369,6.824417661024438","51.524075932783184,6.815170178345391","WARNING","A3 | Oberhausen-Holten - Oberhausen"," Oberhausen -> Arnheim",0,"SLOW_TRAFFIC","62.70000076293945",2025-05-24,"Beginn: 24.05.25 um 17:18 Uhr  Angespannte Verkehrslage, seit 24.05.2025, 17:18 A3: Oberhausen -> Arnheim, zwischen 1.3 km hinter AS Oberhausen-Holten und 0.8 km vor AK Oberhausen  Langsamer Verkehr Reisezeitverlust: 0 Minuten Durchschnittsgeschwindigkeit: 62 km/h",51.5240759327832,6.81517017834539
"A4","undefined--vi-hind.2025-05-24_17-08-41-000.f_001.de0","50.825467650306635,6.240973978459186,50.805361900937356,6.179659899985097","50.825467650306635,6.240973978459186","WARNING","A4 | Eschweiler-West - Aachen"," Köln -> Heerlen/Aachen",NA,NA,NA,2025-05-24,"Beginn: 24.05.25 um 17:08 Uhr  Hindernis, seit 24.05.2025, 17:08 A4: Köln -> Heerlen/Aachen, zwischen 0.4 km hinter AS Eschweiler-West und 0.6 km vor AK Aachen  Gefahr durch Gegenstände auf der Fahrbahn",50.8254676503066,6.24097397845919
"A4","undefined--vi-avl.2025-05-24_16-27-38-000.f.de0","50.9736428837301,7.4802182250645295,50.973712816070176,7.517076575506737","50.9736428837301,7.4802182250645295","WARNING","A4 | Bielstein - Gummersbach"," Köln -> Olpe",1,"SLOW_TRAFFIC","49.900001525878906",2025-05-24,"Beginn: 24.05.25 um 16:27 Uhr  Angespannte Verkehrslage, seit 24.05.2025, 16:27 A4: Köln -> Olpe, zwischen 1.2 km hinter AS Bielstein und 0.6 km vor AS Gummersbach  Langsamer Verkehr Reisezeitverlust: 1 Minuten Durchschnittsgeschwindigkeit: 49 km/h",50.9736428837301,7.48021822506453
"A4","undefined--vi-avl.2025-05-24_15-44-16-000.f_002.de0","50.97109774753523,7.555581606947227,50.97109774753523,7.555581606947227","50.97109774753523,7.555581606947227","WARNING","A4 | Morkepütz - Morkepütz"," Olpe -> Köln",NA,"STATIONARY_TRAFFIC","3",2025-05-24,"Beginn: 24.05.25 um 17:21 Uhr  Angespannte Verkehrslage, seit 24.05.2025, 17:21 A4: Olpe -> Köln, 0.3 km vor Morkepütz, aus Richtung Reichshof/Bergneustadt  Im Stillstand Durchschnittsgeschwindigkeit: 3 km/h",50.9710977475352,7.55558160694723
"A4","undefined--vi-avl.2025-05-24_09-27-00-000.f.de0","50.9711140600294,7.555903608461192,50.97585745040055,7.50105574976","50.9711140600294,7.555903608461192","WARNING","A4 | Reichshof/Bergneustadt - Wiehltalbrücke"," Olpe -> Köln",11,"STATIONARY_TRAFFIC","16.899999618530273",2025-05-24,"Beginn: 24.05.25 um 09:27 Uhr  Angespannte Verkehrslage, seit 24.05.2025, 09:27 A4: Olpe -> Köln, zwischen 6.5 km hinter AS Reichshof/Bergneustadt und 0.9 km vor Wiehltalbrücke  Im Stillstand Reisezeitverlust: 11 Minuten Durchschnittsgeschwindigkeit: 16 km/h",50.9711140600294,7.55590360846119
"A4","undefined--vi-zus.2025-05-24_15-41-36-000.f.de0","51.05924698535279,13.402062374461563,51.059011963807265,13.443736678284287","51.05924698535279,13.402062374461563","WARNING","A4 | Nossen - Wilsdruff"," Chemnitz -> Dresden",7,"STATIONARY_TRAFFIC","20.5",2025-05-24,"Beginn: 24.05.25 um 15:41 Uhr  Zusammengesetzte Verkehrsinformation, seit 24.05.2025, 15:41 A4: Chemnitz -> Dresden, zwischen 2.6 km hinter AD Nossen und 5.9 km vor AS Wilsdruff  Im Stillstand Reisezeitverlust: 7 Minuten Durchschnittsgeschwindigkeit: 20 km/h",51.0592469853528,13.4020623744616
"A4","undefined--vi-unf.2025-05-24_15-15-04-000.f_008.de0","51.05773421977283,13.436111686587568,51.06057774145035,13.452963412976471","51.05773421977283,13.436111686587568","WARNING","A4 | Nossen - Wilsdruff"," Chemnitz -> Dresden",NA,NA,NA,2025-05-24,"Beginn: 24.05.25 um 15:15 Uhr  Unfall, seit 24.05.2025, 15:15 A4: Chemnitz -> Dresden, zwischen 5.1 km hinter AD Nossen und 5.2 km vor AS Wilsdruff",51.0577342197728,13.4361116865876
"A4","undefined--vi-avl.2025-05-24_17-20-16-000.f.de0","51.060553916368,13.521604707369933,51.05943819806589,13.477045625921196","51.060553916368,13.521604707369933","WARNING","A4 | Wilsdruff - Nossen"," Dresden -> Chemnitz",1,"SLOW_TRAFFIC","69",2025-05-24,"Beginn: 24.05.25 um 17:20 Uhr  Angespannte Verkehrslage, seit 24.05.2025, 17:20 A4: Dresden -> Chemnitz, zwischen 0.4 km hinter AS Wilsdruff und 8.0 km vor AD Nossen  Langsamer Verkehr Reisezeitverlust: 1 Minuten Durchschnittsgeschwindigkeit: 69 km/h",51.060553916368,13.5216047073699
"A4","undefined--vi-avl.2025-05-24_15-43-15-000.f_005.de0","51.05924698535279,13.402062374461563,51.05924698535279,13.402062374461563","51.05924698535279,13.402062374461563","WARNING","A4 | Wilsdruff - Wilsdruff"," Chemnitz -> Dresden",NA,"STATIONARY_TRAFFIC","13",2025-05-24,"Beginn: 24.05.25 um 17:21 Uhr  Angespannte Verkehrslage, seit 24.05.2025, 17:21 A4: Chemnitz -> Dresden, 8.9 km vor AS Wilsdruff, aus Richtung Nossen  Im Stillstand Durchschnittsgeschwindigkeit: 13 km/h",51.0592469853528,13.4020623744616
"A5","undefined--vi-avl.2025-05-24_09-28-30-000.f.de0","48.893263377760476,8.306480947021171,48.90123030843058,8.336190859763544","48.893263377760476,8.306480947021171","WARNING","A5 | Schleifweg - Karlsruhe-Süd"," Basel -> Karlsruhe",3,"STATIONARY_TRAFFIC","33",2025-05-24,"Beginn: 24.05.25 um 09:28 Uhr  Angespannte Verkehrslage, seit 24.05.2025, 09:28 A5: Basel -> Karlsruhe, zwischen 1.4 km hinter Schleifweg und 7.4 km vor AS Karlsruhe-Süd  Im Stillstand Reisezeitverlust: 3 Minuten Durchschnittsgeschwindigkeit: 33 km/h",48.8932633777605,8.30648094702117
"A5","undefined--vi-avl.2025-05-24_17-17-19-000.f_004.de0","48.893263377760476,8.306480947021171,48.893263377760476,8.306480947021171","48.893263377760476,8.306480947021171","WARNING","A5 | Karlsruhe-Süd - Karlsruhe-Süd"," Basel -> Karlsruhe",NA,"STATIONARY_TRAFFIC","20",2025-05-24,"Beginn: 24.05.25 um 17:21 Uhr  Angespannte Verkehrslage, seit 24.05.2025, 17:21 A5: Basel -> Karlsruhe, 9.7 km vor AS Karlsruhe-Süd, aus Richtung Schleifweg  Im Stillstand Durchschnittsgeschwindigkeit: 20 km/h",48.8932633777605,8.30648094702117
"A5","undefined--vi-zus.2025-05-24_15-43-15-000.f_004.de0","50.132473438795614,8.59004909378519,50.11937078364495,8.595746014268254","50.132473438795614,8.59004909378519","WARNING","A5 | Nordwestkreuz Frankfurt am Main - Westkreuz Frankfurt am Main"," Kassel -> Frankfurt",NA,NA,NA,2025-05-24,"Beginn: 24.05.25 um 15:43 Uhr  Zusammengesetzte Verkehrsinformation, seit 24.05.2025, 15:43 A5: Kassel -> Frankfurt, zwischen 0.3 km hinter AK Nordwestkreuz Frankfurt am Main und 0.6 km vor AK Westkreuz Frankfurt am Main  A5 Kassel Richtung Frankfurt zwischen Nordwestkreuz Frankfurt und Westkreuz Frankfurt Unfall, Aufräumarbeiten",50.1324734387956,8.59004909378519
"A5","undefined--vi-hind.2025-05-24_16-29-44-000.f_005.de0","50.568344551319434,8.797650211579048,50.56982934418044,8.798890093801699","50.568344551319434,8.797650211579048","WARNING","A5 | Fernwald - Reiskirchen"," Frankfurt -> Kassel",NA,NA,NA,2025-05-24,"Beginn: 24.05.25 um 16:29 Uhr  Fahrzeug-Hindernis, seit 24.05.2025, 16:29 A5: Frankfurt -> Kassel, zwischen 2.8 km hinter AS Fernwald und 3.0 km vor AS Reiskirchen Gefahr durch ein defektes Fahrzeug auf der Fahrbahn",50.5683445513194,8.79765021157905
"A5","undefined--vi-zus.2025-05-24_16-45-08-000.f.de0","50.781674812385624,9.411751511770445,50.78839780994479,9.44148546285077","50.781674812385624,9.411751511770445","WARNING","A5 | Berfa - Frohnkreuz"," Frankfurt -> Kassel",0,"SLOW_TRAFFIC","65.0999984741211",2025-05-24,"Beginn: 24.05.25 um 16:45 Uhr  Zusammengesetzte Verkehrsinformation, seit 24.05.2025, 16:45 A5: Frankfurt -> Kassel, zwischen 4.5 km hinter Berfa und 0.3 km vor Frohnkreuz  Langsamer Verkehr Reisezeitverlust: 0 Minuten Durchschnittsgeschwindigkeit: 65 km/h",50.7816748123856,9.41175151177045
"A6","undefined--vi-avl.2025-05-24_10-04-30-000.f_007.de0","49.16129567689441,9.281988499662617,49.16129567689441,9.281988499662617","49.16129567689441,9.281988499662617","WARNING","A6 | Weinsberg - Weinsberg"," Heilbronn -> Nürnberg",NA,"STATIONARY_TRAFFIC","11",2025-05-24,"Beginn: 24.05.25 um 17:21 Uhr  Angespannte Verkehrslage, seit 24.05.2025, 17:21 A6: Heilbronn -> Nürnberg, 1.4 km vor AK Weinsberg, aus Richtung Sulmtal  Im Stillstand Durchschnittsgeschwindigkeit: 11 km/h",49.1612956768944,9.28198849966262
"A6","undefined--vi-avl.2025-05-24_17-21-42-000.f.de0","49.62955241395628,12.447711744660413,49.63273808945386,12.45494656220974","49.62955241395628,12.447711744660413","WARNING","A6 | Pleystein - Waidhaus"," Nürnberg -> Pilsen",1,"STATIONARY_TRAFFIC","24.299999237060547",2025-05-24,"Beginn: 24.05.25 um 17:21 Uhr  Angespannte Verkehrslage, seit 24.05.2025, 17:21 A6: Nürnberg -> Pilsen, zwischen 2.7 km hinter AS Pleystein und 2.6 km vor AS Waidhaus  Im Stillstand Reisezeitverlust: 1 Minuten Durchschnittsgeschwindigkeit: 24 km/h",49.6295524139563,12.4477117446604
"A6","undefined--vi-avl.2025-05-24_17-22-09-000.f.de0","49.6296719274097,12.447988196850659,49.6296719274097,12.447988196850659","49.6296719274097,12.447988196850659","WARNING","A6 | Ulrichsberg - Ulrichsberg"," Nürnberg -> Pilsen",NA,"STATIONARY_TRAFFIC","16",2025-05-24,"Beginn: 24.05.25 um 17:22 Uhr  Angespannte Verkehrslage, seit 24.05.2025, 17:22 A6: Nürnberg -> Pilsen, 0.4 km vor Ulrichsberg, aus Richtung Pleystein  Im Stillstand Durchschnittsgeschwindigkeit: 16 km/h",49.6296719274097,12.4479881968507
"A7","undefined--vi-zus.2025-05-24_15-25-02-000.f.de0","47.56743705942547,10.658961639081179,47.57469505334786,10.661536794342041","47.56743705942547,10.658961639081179","WARNING","A7 | Grenztunnel Füssen - Reinertshofertunnel"," Füssen/Reutte -> Ulm",5,"STATIONARY_TRAFFIC","8.399999618530273",2025-05-24,"Beginn: 24.05.25 um 15:25 Uhr  Zusammengesetzte Verkehrsinformation, seit 24.05.2025, 15:25 A7: Füssen/Reutte -> Ulm, zwischen 0.9 km hinter Grenztunnel Füssen und 3.0 km vor Reinertshofertunnel  Im Stillstand Reisezeitverlust: 5 Minuten Durchschnittsgeschwindigkeit: 8 km/h",47.5674370594255,10.6589616390812
"A7","undefined--vi-avl.2025-05-24_17-15-44-000.f.de0","47.56473943594951,10.658152192624788,47.56745471700362,10.658966743090671","47.56473943594951,10.658152192624788","WARNING","A7 | Grenztunnel Füssen - Füssen"," Füssen/Reutte -> Ulm",0,"STATIONARY_TRAFFIC","16.600000381469727",2025-05-24,"Beginn: 24.05.25 um 17:15 Uhr  Angespannte Verkehrslage, seit 24.05.2025, 17:15 A7: Füssen/Reutte -> Ulm, zwischen 0.6 km hinter Grenztunnel Füssen und 0.7 km vor AS Füssen  Im Stillstand Reisezeitverlust: 0 Minuten Durchschnittsgeschwindigkeit: 16 km/h",47.5647394359495,10.6581521926248
"A7","undefined--vi-avl.2025-05-24_15-25-02-000.f_007.de0","47.56745471700362,10.658966743090671,47.56745471700362,10.658966743090671","47.56745471700362,10.658966743090671","WARNING","A7 | Füssen - Füssen"," Füssen/Reutte -> Ulm",NA,"STATIONARY_TRAFFIC","5",2025-05-24,"Beginn: 24.05.25 um 17:17 Uhr  Angespannte Verkehrslage, seit 24.05.2025, 17:17 A7: Füssen/Reutte -> Ulm, 0.7 km vor AS Füssen, aus Richtung Grenztunnel Füssen  Im Stillstand Durchschnittsgeschwindigkeit: 5 km/h",47.5674547170036,10.6589667430907
"A7","undefined--vi-avl.2025-05-24_17-17-19-000.f.de0","47.56473943594951,10.658152192624788,47.56473943594951,10.658152192624788","47.56473943594951,10.658152192624788","WARNING","A7 | Füssen - Füssen"," Füssen/Reutte -> Ulm",NA,"STATIONARY_TRAFFIC","8",2025-05-24,"Beginn: 24.05.25 um 17:21 Uhr  Angespannte Verkehrslage, seit 24.05.2025, 17:21 A7: Füssen/Reutte -> Ulm, 1.0 km vor AS Füssen, aus Richtung Grenztunnel Füssen  Im Stillstand Durchschnittsgeschwindigkeit: 8 km/h",47.5647394359495,10.6581521926248
"A7","undefined--vi-zus.2025-05-24_15-24-01-000.f_002.de0","48.86804579897248,10.176013431943488,48.89029228828711,10.168153778367813","48.86804579897248,10.176013431943488","WARNING","A7 | Aalen/Oberkochen - Ellwangen"," Ulm -> Würzburg",1,"SLOW_TRAFFIC","66.30000305175781",2025-05-24,"Beginn: 24.05.25 um 15:24 Uhr  Zusammengesetzte Verkehrsinformation, seit 24.05.2025, 15:24 A7: Ulm -> Würzburg, zwischen 8.2 km hinter AS Aalen/Oberkochen und 7.8 km vor AS Ellwangen  Langsamer Verkehr Reisezeitverlust: 1 Minuten Durchschnittsgeschwindigkeit: 66 km/h",48.8680457989725,10.1760134319435
"A7","undefined--vi-hind.2025-05-24_17-20-45-000.f.de0","51.31203070093451,9.560626800000174,51.36906840093418,9.638150400000201","51.31203070093451,9.560626800000174","WARNING","A7 | Kassel-Nord - Humboldtblick"," Kassel -> Hannover",NA,NA,NA,2025-05-24,"Beginn: 24.05.25 um 17:20 Uhr  Hindernis, seit 24.05.2025, 17:20 A7: Kassel -> Hannover, zwischen 0.4 km hinter AS Kassel-Nord und 3.9 km vor Humboldtblick  Gefahr durch Gegenstände auf der Fahrbahn",51.3120307009345,9.56062680000017
"A7","undefined--vi-hind.2025-05-24_17-10-46-000.f_003.de0","51.886159978227624,10.130399724297035,51.924283588160684,10.140828248173344","51.886159978227624,10.130399724297035","WARNING","A7 | Seesen (Harz) - Harz"," Kassel -> Hannover",NA,NA,NA,2025-05-24,"Beginn: 24.05.25 um 17:10 Uhr  Hindernis, seit 24.05.2025, 17:10 A7: Kassel -> Hannover, zwischen 0.3 km hinter AS Seesen (Harz) und 0.5 km vor Harz  Gefahr durch Personen auf der Fahrbahn",51.8861599782276,10.130399724297
"A7","undefined--vi-hind.2025-05-24_17-10-46-000.f_005.de0","51.92442826720452,10.140684587632018,51.88598995306521,10.130116746779935","51.92442826720452,10.140684587632018","WARNING","A7 | Harz - Seesen (Harz)"," Hannover -> Kassel",NA,NA,NA,2025-05-24,"Beginn: 24.05.25 um 17:10 Uhr  Hindernis, seit 24.05.2025, 17:10 A7: Hannover -> Kassel, zwischen 0.5 km hinter Harz und 0.2 km vor AS Seesen (Harz)  Gefahr durch Personen auf der Fahrbahn",51.9244282672045,10.140684587632
"A7","undefined--vi-hind.2025-05-24_17-10-46-000.f_004.de0","52.89057809294111,9.76772024253928,52.94962170092371,9.87841980000037","52.89057809294111,9.76772024253928","WARNING","A7 | Steinbach - Vorm Wietzenbruch"," Hannover -> Hamburg",NA,NA,NA,2025-05-24,"Beginn: 24.05.25 um 17:10 Uhr  Hindernis, seit 24.05.2025, 17:10 A7: Hannover -> Hamburg, zwischen 0.9 km hinter Steinbach und 1.7 km vor Vorm Wietzenbruch  Gefahr durch Gegenstände auf der Fahrbahn",52.8905780929411,9.76772024253928
"A7","undefined--vi-hind.2025-05-24_17-02-17-000.f_001.de0","53.242390615265435,10.082262938309245,53.30450467940339,10.07283419803877","53.242390615265435,10.082262938309245","WARNING","A7 | Garlstorf - Thieshope"," Hannover -> Hamburg",NA,NA,NA,2025-05-24,"Beginn: 24.05.25 um 17:02 Uhr  Hindernis, seit 24.05.2025, 17:02 A7: Hannover -> Hamburg, zwischen 0.5 km hinter AS Garlstorf und 0.5 km vor AS Thieshope  Gefahr durch Gegenstände auf der Fahrbahn",53.2423906152654,10.0822629383092
"A7","undefined--vi-zus.2025-03-31_00-40-00-000.f_018.de0","53.579141433849884,9.913430072127355,53.55636870091902,9.897540700000414","53.579141433849884,9.913430072127355","WARNING","A7 | Hamburg-Volkspark - Elbtunnel (Nordportal)"," Flensburg -> Hamburg",NA,NA,NA,2025-03-31,"Beginn: 31.03.25 um 00:40 Uhr  Zusammengesetzte Verkehrsinformation, seit 31.03.2025, 00:40 A7: Flensburg -> Hamburg, zwischen 0.4 km hinter AS Hamburg-Volkspark und 0.9 km vor Elbtunnel (Nordportal)  A7 Flensburg Richtung Hamburg Ausfahrt Hamburg-Othmarschen Fahrbahnverengung, maximale Fahrbahnbreite von 4,50 m, Bauarbeiten, bis 29.09.2025",53.5791414338499,9.91343007212735
"A7","undefined--vi-avl.2025-05-24_17-21-14-000.f_003.de0","53.83060296914209,9.924122673410642,53.83060296914209,9.924122673410642","53.83060296914209,9.924122673410642","WARNING","A7 | Moorkaten - Moorkaten"," Flensburg -> Hamburg",NA,"STATIONARY_TRAFFIC","10",2025-05-24,"Beginn: 24.05.25 um 17:21 Uhr  Angespannte Verkehrslage, seit 24.05.2025, 17:21 A7: Flensburg -> Hamburg, 1.0 km vor Moorkaten, aus Richtung Kaltenkirchen  Im Stillstand Durchschnittsgeschwindigkeit: 10 km/h",53.8306029691421,9.92412267341064
"A7","undefined--vi-avl.2025-05-24_15-58-25-000.f.de0","53.87167056674137,9.947116249012927,53.87167056674137,9.947116249012927","53.87167056674137,9.947116249012927","WARNING","A7 | Kaltenkirchen - Kaltenkirchen"," Flensburg -> Hamburg",NA,"STATIONARY_TRAFFIC","4",2025-05-24,"Beginn: 24.05.25 um 17:21 Uhr  Angespannte Verkehrslage, seit 24.05.2025, 17:21 A7: Flensburg -> Hamburg, 2.7 km vor AS Kaltenkirchen, aus Richtung Bad Bramstedt  Im Stillstand Durchschnittsgeschwindigkeit: 4 km/h",53.8716705667414,9.94711624901293
"A7","undefined--vi-zus.2025-05-24_17-20-16-000.f.de0","53.83060296914209,9.924122673410642,53.826932538339,9.923308761858198","53.83060296914209,9.924122673410642","WARNING","A7 | Kaltenkirchen - Moorkaten"," Flensburg -> Hamburg",0,"STATIONARY_TRAFFIC","23.600000381469727",2025-05-24,"Beginn: 24.05.25 um 17:20 Uhr  Zusammengesetzte Verkehrsinformation, seit 24.05.2025, 17:20 A7: Flensburg -> Hamburg, zwischen 2.1 km hinter AS Kaltenkirchen und 0.6 km vor Moorkaten  Im Stillstand Reisezeitverlust: 0 Minuten Durchschnittsgeschwindigkeit: 23 km/h",53.8306029691421,9.92412267341064
"A7","undefined--vi-hind.2025-05-24_16-21-49-000.f_001.de0","53.850786100916594,9.937578600000462,53.806701969515615,9.927315937996104","53.850786100916594,9.937578600000462","WARNING","A7 | Bad Bramstedt - Henstedt-Ulzburg"," Flensburg -> Hamburg",NA,NA,NA,2025-05-24,"Beginn: 24.05.25 um 16:21 Uhr  Fahrzeug-Hindernis, seit 24.05.2025, 16:21 A7: Flensburg -> Hamburg, zwischen 6.1 km hinter AS Bad Bramstedt und 0.3 km vor AS Henstedt-Ulzburg",53.8507861009166,9.93757860000046
"A7","undefined--vi-zus.2025-05-24_16-02-02-000.f_002.de0","53.84909457579928,9.936162630374138,53.806701969515615,9.927315937996104","53.84909457579928,9.936162630374138","WARNING","A7 | Bad Bramstedt - Henstedt-Ulzburg"," Flensburg -> Hamburg",NA,NA,NA,2025-05-24,"Beginn: 24.05.25 um 16:02 Uhr  Zusammengesetzte Verkehrsinformation, seit 24.05.2025, 16:02 A7: Flensburg -> Hamburg, zwischen 6.3 km hinter AS Bad Bramstedt und 0.3 km vor AS Henstedt-Ulzburg  A7 Flensburg Richtung Hamburg zwischen Kaltenkirchen und Henstedt-Ulzburg Unfall, Polizei ist vor Ort, gesperrt",53.8490945757993,9.93616263037414
"A7","undefined--vi-zus.2025-05-24_15-55-14-000.f_002.de0","53.87167056674137,9.947116249012927,53.850786100916594,9.937578600000462","53.87167056674137,9.947116249012927","WARNING","A7 | Bad Bramstedt - Kaltenkirchen"," Flensburg -> Hamburg",31,"STATIONARY_TRAFFIC","4.5",2025-05-24,"Beginn: 24.05.25 um 15:55 Uhr  Zusammengesetzte Verkehrsinformation, seit 24.05.2025, 15:55 A7: Flensburg -> Hamburg, zwischen 3.7 km hinter AS Bad Bramstedt und 0.3 km vor AS Kaltenkirchen  Im Stillstand Reisezeitverlust: 31 Minuten Durchschnittsgeschwindigkeit: 4 km/h",53.8716705667414,9.94711624901293
"A8","undefined--vi-zus.2025-03-26_17-59-56-000.f_014.de0","49.326077820633785,7.175408561967308,49.327350714671546,7.213275819282444","49.326077820633785,7.175408561967308","WARNING","A8 | Neunkirchen/Spiesen - Kohlhof"," Saarlouis -> Neunkirchen",NA,NA,NA,2025-03-26,"Beginn: 26.03.25 um 17:59 Uhr  Zusammengesetzte Verkehrsinformation, seit 26.03.2025, 17:59 A8: Saarlouis -> Neunkirchen, zwischen 1.7 km hinter AS Neunkirchen/Spiesen und 1.0 km vor Kohlhof  A8 Saarlouis - Neunkirchen zwischen Neunkirchen-Spiesen und Neunkirchen-Oberstadt in beiden Richtungen Bauarbeiten, bis voraussichtlich 01.06.2025",49.3260778206338,7.17540856196731
"A8","undefined--vi-zus.2025-05-14_09-26-56-000.f.de0","49.32628400979037,7.229641516813452,49.329166750017514,7.1882642393148934","49.32628400979037,7.229641516813452","WARNING","A8 | Neunkirchen-Wellesweiler - Neunkirchen/Spiesen"," Neunkirchen -> Saarlouis",NA,NA,NA,2025-05-14,"Beginn: 14.05.25 um 09:26 Uhr  Zusammengesetzte Verkehrsinformation, seit 14.05.2025, 09:26 A8: Neunkirchen -> Saarlouis, zwischen 0.4 km hinter AS Neunkirchen-Wellesweiler und 2.7 km vor AS Neunkirchen/Spiesen  A8 Saarlouis - Neunkirchen zwischen Neunkirchen-Spiesen und Neunkirchen-Oberstadt in beiden Richtungen Bauarbeiten, bis voraussichtlich 01.06.2025",49.3262840097904,7.22964151681345
"A8","undefined--vi-zus.2025-05-24_08-46-30-000.f_002.de0","48.915429314817615,8.714559747262031,48.91796721765133,8.760359520452052","48.915429314817615,8.714559747262031","WARNING","A8 | Am Waisenrain - Pforzheim-Ost"," Karlsruhe -> Stuttgart",4,"SLOW_TRAFFIC","32.29999923706055",2025-05-24,"Beginn: 24.05.25 um 08:46 Uhr  Zusammengesetzte Verkehrsinformation, seit 24.05.2025, 08:46 A8: Karlsruhe -> Stuttgart, zwischen 1.9 km hinter Am Waisenrain und 0.6 km vor AS Pforzheim-Ost  Langsamer Verkehr Reisezeitverlust: 4 Minuten Durchschnittsgeschwindigkeit: 32 km/h",48.9154293148176,8.71455974726203
"A8","undefined--vi-hind.2025-05-24_17-16-48-000.f_002.de0","48.78398721555264,9.002381081826144,48.78494685110941,8.996275721995966","48.78398721555264,9.002381081826144","WARNING","A8 | Leonberg - Leonberg-West"," Stuttgart -> Karlsruhe",NA,NA,NA,2025-05-24,"Beginn: 24.05.25 um 17:16 Uhr  Fahrzeug-Hindernis, seit 24.05.2025, 17:16 A8: Stuttgart -> Karlsruhe, zwischen 0.9 km hinter AD Leonberg und 1.2 km vor AS Leonberg-West Gefahr durch ein defektes Fahrzeug auf der Fahrbahn",48.7839872155526,9.00238108182614
"A8","undefined--vi-hind.2025-05-24_16-55-51-000.f_002.de0","48.43181160094671,10.292868700000605,48.43230476227426,10.294712375972258","48.43181160094671,10.292868700000605","WARNING","A8 | Günzburg - Limbach"," Stuttgart -> München",NA,NA,NA,2025-05-24,"Beginn: 24.05.25 um 16:55 Uhr  Fahrzeug-Hindernis, seit 24.05.2025, 16:55 A8: Stuttgart -> München, zwischen 0.1 km hinter AS Günzburg und 4.4 km vor Limbach Gefahr durch ein defektes Fahrzeug auf der Fahrbahn",48.4318116009467,10.2928687000006
"A8","undefined--vi-hind.2025-05-24_15-31-00-000.f_006.de0","48.23648820094724,11.342844700007506,48.23045824741474,11.353243868162624","48.23648820094724,11.342844700007506","WARNING","A8 | Fuchsberg - München-Eschenried"," Stuttgart -> München",NA,NA,NA,2025-05-24,"Beginn: 24.05.25 um 15:31 Uhr  Hindernis, seit 24.05.2025, 15:31 A8: Stuttgart -> München, zwischen 3.9 km hinter Fuchsberg und 4.0 km vor AD München-Eschenried  Gefahr durch eine ungesicherte Unfallstelle",48.2364882009472,11.3428447000075
"A8","undefined--vi-avl.2025-05-24_06-00-00-000.f.de0","47.80600051603554,12.137212210905197,47.803228601121056,12.165549693346792","47.80600051603554,12.137212210905197","WARNING","A8 | Hochstraßer See - Samerberg"," München -> Salzburg",4,"STATIONARY_TRAFFIC","24.799999237060547",2025-05-24,"Beginn: 24.05.25 um 06:00 Uhr  Angespannte Verkehrslage, seit 24.05.2025, 06:00 A8: München -> Salzburg, zwischen Hochstraßer See und 0.9 km vor Samerberg  Im Stillstand Reisezeitverlust: 4 Minuten Durchschnittsgeschwindigkeit: 24 km/h",47.8060005160355,12.1372122109052
"A8","undefined--vi-avl.2025-05-24_06-42-30-000.f_001.de0","47.80599053295347,12.137317950267944,47.80599053295347,12.137317950267944","47.80599053295347,12.137317950267944","WARNING","A8 | Winkelbach - Winkelbach"," München -> Salzburg",NA,"STATIONARY_TRAFFIC","11",2025-05-24,"Beginn: 24.05.25 um 17:21 Uhr  Angespannte Verkehrslage, seit 24.05.2025, 17:21 A8: München -> Salzburg, 0.1 km vor Winkelbach, aus Richtung Hochstraßer See  Im Stillstand Durchschnittsgeschwindigkeit: 11 km/h",47.8059905329535,12.1373179502679
"A8","undefined--vi-avl.2025-05-24_15-37-24-000.f_004.de0","47.802248372099285,12.18602989860208,47.802248372099285,12.18602989860208","47.802248372099285,12.18602989860208","WARNING","A8 | Samerberg - Samerberg"," Salzburg -> München",NA,"STATIONARY_TRAFFIC","5",2025-05-24,"Beginn: 24.05.25 um 17:21 Uhr  Angespannte Verkehrslage, seit 24.05.2025, 17:21 A8: Salzburg -> München, 0.7 km vor Samerberg, aus Richtung Apfelkam  Im Stillstand Durchschnittsgeschwindigkeit: 5 km/h",47.8022483720993,12.1860298986021
"A8","undefined--vi-avl.2025-05-24_13-44-35-000.f_001.de0","47.80225480823452,12.185991018985954,47.80347509545698,12.164637485431028","47.80225480823452,12.185991018985954","WARNING","A8 | Apfelkam - Rohrdorf"," Salzburg -> München",4,"STATIONARY_TRAFFIC","17.600000381469727",2025-05-24,"Beginn: 24.05.25 um 13:44 Uhr  Angespannte Verkehrslage, seit 24.05.2025, 13:44 A8: Salzburg -> München, zwischen 1.1 km hinter Apfelkam und 0.1 km vor AS Rohrdorf  Im Stillstand Reisezeitverlust: 4 Minuten Durchschnittsgeschwindigkeit: 17 km/h",47.8022548082345,12.185991018986
"A8","undefined--vi-avl.2025-05-24_17-15-44-000.f_002.de0","47.76836850086282,12.938552836859758,47.76819714965689,12.933925701497717","47.76836850086282,12.938552836859758","WARNING","A8 | Schwarzbach - Bad Reichenhall"," Salzburg -> München",0,"SLOW_TRAFFIC","17.200000762939453",2025-05-24,"Beginn: 24.05.25 um 17:15 Uhr  Angespannte Verkehrslage, seit 24.05.2025, 17:15 A8: Salzburg -> München, zwischen 0.1 km hinter Schwarzbach und 2.2 km vor AS Bad Reichenhall  Langsamer Verkehr Reisezeitverlust: 0 Minuten Durchschnittsgeschwindigkeit: 17 km/h",47.7683685008628,12.9385528368598
"A10","undefined--vi-hind.2025-05-24_17-05-04-000.f_002.de0","52.60225156023746,13.6050032036649,52.61195460093002,13.57468870012558","52.60225156023746,13.6050032036649","WARNING","A10 | Berlin-Hohenschönhausen - Barnim"," Dreieck Spreeau -> Dreieck Havelland",NA,NA,NA,2025-05-24,"Beginn: 24.05.25 um 17:05 Uhr  Hindernis, seit 24.05.2025, 17:05 A10: Dreieck Spreeau -> Dreieck Havelland, zwischen 0.2 km hinter AS Berlin-Hohenschönhausen und 1.1 km vor AD Barnim  Gefahr durch Gegenstände auf der Fahrbahn",52.6022515602375,13.6050032036649
"A10","undefined--vi-zus.2025-05-24_16-31-07-000.f_002.de0","52.60225156023746,13.6050032036649,52.61195460093002,13.57468870012558","52.60225156023746,13.6050032036649","WARNING","A10 | Berlin-Hohenschönhausen - Barnim"," Dreieck Spreeau -> Dreieck Havelland",NA,NA,NA,2025-05-24,"Beginn: 24.05.25 um 16:31 Uhr  Zusammengesetzte Verkehrsinformation, seit 24.05.2025, 16:31 A10: Dreieck Spreeau -> Dreieck Havelland, zwischen 0.2 km hinter AS Berlin-Hohenschönhausen und 1.1 km vor AD Barnim  Gefahr durch eine ungesicherte Unfallstelle  A10 Östlicher Berliner Ring, Richtung Dreieck Barnim zwischen Berlin-Hohenschönhausen und Dreieck Barnim Gefahr durch ungesicherte Unfallstelle, Polizei ist vor Ort, Rettungsfahrzeuge vor Ort, bitte vorsichtig fahren A10: Abfahrt Berlin Hohenschönhausen in FR Berlin zurzeit gesperrt",52.6022515602375,13.6050032036649
"A10","undefined--vi-hind.2025-05-24_16-50-50-000.f_004.de0","52.30892068036829,13.456797606378363,52.3094229009314,13.459254700117187","52.30892068036829,13.456797606378363","WARNING","A10 | Rangsdorf - Am Fichtenplan-Süd"," Dreieck Potsdam -> Schönefelder Kreuz",NA,NA,NA,2025-05-24,"Beginn: 24.05.25 um 16:50 Uhr  Fahrzeug-Hindernis, seit 24.05.2025, 16:50 A10: Dreieck Potsdam -> Schönefelder Kreuz, zwischen 0.5 km hinter AS Rangsdorf und 2.6 km vor Am Fichtenplan-Süd Gefahr durch ein defektes Fahrzeug auf der Fahrbahn",52.3089206803683,13.4567976063784
"A10","undefined--vi-zus.2025-05-24_09-37-00-000.f.de0","52.41129407553729,12.89896573491475,52.41957181545353,12.920516180424332","52.41129407553729,12.89896573491475","WARNING","A10 | Groß Kreutz - Leest"," Dreieck Werder -> Dreieck Havelland",0,"SLOW_TRAFFIC","44.900001525878906",2025-05-24,"Beginn: 24.05.25 um 09:37 Uhr  Zusammengesetzte Verkehrsinformation, seit 24.05.2025, 09:37 A10: Dreieck Werder -> Dreieck Havelland, zwischen 4.8 km hinter AS Groß Kreutz und 2.0 km vor AS Leest  Langsamer Verkehr Reisezeitverlust: 0 Minuten Durchschnittsgeschwindigkeit: 44 km/h",52.4112940755373,12.8989657349147
"A10","undefined--vi-hind.2025-05-24_16-52-25-000.f_001.de0","52.681061000928395,13.372777500099719,52.649729519106444,13.418694168025189","52.681061000928395,13.372777500099719","WARNING","A10 | Birkenwerder - Pankow"," Dreieck Havelland -> Dreieck Barnim",NA,NA,NA,2025-05-24,"Beginn: 24.05.25 um 16:52 Uhr  Fahrzeug-Hindernis, seit 24.05.2025, 16:52 A10: Dreieck Havelland -> Dreieck Barnim, zwischen 7.0 km hinter AS Birkenwerder und 0.9 km vor AD Pankow Gefahr durch ein defektes Fahrzeug auf der Fahrbahn",52.6810610009284,13.3727775000997
"A11","undefined--vi-hind.2025-05-24_17-05-04-000.f.de0","52.62397339004878,13.56393990288957,52.64902245608523,13.568220481291648","52.62397339004878,13.56393990288957","WARNING","A11 | Barnim - Bernau-Süd"," Berliner Ring -> Kreuz Uckermark",NA,NA,NA,2025-05-24,"Beginn: 24.05.25 um 17:05 Uhr  Hindernis, seit 24.05.2025, 17:05 A11: Berliner Ring -> Kreuz Uckermark, zwischen 1.2 km hinter AD Barnim und 0.1 km vor AS Bernau-Süd  Gefahr durch Gegenstände auf der Fahrbahn",52.6239733900488,13.5639399028896
"A11","undefined--vi-hind.2025-05-24_17-05-04-000.f_001.de0","52.62372392910445,13.563888355302334,52.62372392910445,13.563888355302334","52.62372392910445,13.563888355302334","WARNING","A11 | Barnim - Bernau-Süd"," Berliner Ring -> Kreuz Uckermark",NA,NA,NA,2025-05-24,"Beginn: 24.05.25 um 17:05 Uhr  Hindernis, seit 24.05.2025, 17:05 A11: Berliner Ring -> Kreuz Uckermark, zwischen 1.2 km hinter AD Barnim und 2.9 km vor AS Bernau-Süd  Gefahr durch Gegenstände auf der Fahrbahn",52.6237239291045,13.5638883553023
"A12","undefined--vi-hind.2025-05-24_17-06-14-000.f_002.de0","52.31935080094442,14.517776000328936,52.31935080094442,14.517776000328936","52.31935080094442,14.517776000328936","WARNING","A12 | Frankfurt(Oder)-Mitte - Frankfurt(Oder)-West"," Frankfurt(Oder) -> Berliner Ring",NA,NA,NA,2025-05-24,"Beginn: 24.05.25 um 17:06 Uhr  Fahrzeug-Hindernis, seit 24.05.2025, 17:06 A12: Frankfurt(Oder) -> Berliner Ring, zwischen 0.2 km hinter AS Frankfurt(Oder)-Mitte und 2.9 km vor AS Frankfurt(Oder)-West Gefahr durch ein defektes Fahrzeug auf der Fahrbahn",52.3193508009444,14.5177760003289
"A12","WarnungA10Lkw3","47.61802931631098,12.202336027754352,47.61802931631098,12.202336027754352","47.61802931631098,12.202336027754352","WARNING","E45/E60 | LKW Blockabfertigung | A12-Inntal Autobahn","Richtung Italien",NA,NA,NA,2025-01-11,"Zeitraum: Beginn: 07.01.2025 Ende: 09.12.2025  Hinweis für LKW-Reisende nach Österreich: LKW-Blockabfertigungen an ausgewählten Tagen für Lkw am Grenzübergang Kufstein/Kiefersfelden. Maximaler Durchlass von 300 LKWs pro Stunde  Die genauen Ausführungszeiten und weitere Informationen auf tirol.gv.at/verkehr/verkehrs-und-seilbahnrecht/lkw-dosierung.",47.618029316311,12.2023360277544
"A12","WarnungA10Lkw2","47.6164490154047,12.202382557672273,47.6164490154047,12.202382557672273","47.6164490154047,12.202382557672273","WARNING","E43/E45/E60 | A13-Brenner Autobahn","Richtung Italien",NA,NA,NA,2025-01-11,"Zeitraum: Beginn: 11.01.2025 Ende: 27.09.2025  Hinweis für LKW-Reisende nach Österreich: LKW-Fahrverbot auf der A12-Inntal Autobahn, A13-Brenner Autobahn und A14-Rheintal/Walgau Autobahn, wenn das Ziel der Fahrt der Anschlussstelle Nößlach bis Anschlussstelle Brenner Nord der Richtungsfahrbahn Staatsgrenze der A 13 Brenner Autobahn erreicht werden soll. An ausgewählten Samstagen 7-15 Uhr sowie weiteren Tagen im Zeitraum 11.01. - 27.09.2025 Weitere Informationen auf http://asfinag.at/a13",47.6164490154047,12.2023825576723
"A14","undefined--vi-avl.2025-05-24_13-00-29-000.f_002.de0","51.23754802754279,12.87540019846413,51.23754802754279,12.87540019846413","51.23754802754279,12.87540019846413","WARNING","A14 | Mutzschen - Mutzschen"," Nossen -> Leipzig",NA,"STATIONARY_TRAFFIC","4",2025-05-24,"Beginn: 24.05.25 um 17:21 Uhr  Angespannte Verkehrslage, seit 24.05.2025, 17:21 A14: Nossen -> Leipzig, 1.5 km vor AS Mutzschen, aus Richtung Leisnig  Im Stillstand Durchschnittsgeschwindigkeit: 4 km/h",51.2375480275428,12.8754001984641
"A14","undefined--vi-hind.2025-05-24_10-17-45-000.f_026.de0","51.24173110093593,12.861502900067599,51.25745730093562,12.734896900057029","51.24173110093593,12.861502900067599","WARNING","A14 | Leisnig - Grimma"," Nossen -> Leipzig",NA,NA,NA,2025-05-24,"Beginn: 24.05.25 um 10:17 Uhr  Fahrzeug-Hindernis, seit 24.05.2025, 10:17 A14: Nossen -> Leipzig, zwischen 9.0 km hinter AS Leisnig und 0.2 km vor AS Grimma",51.2417311009359,12.8615029000676
"A14","undefined--vi-zus.2025-05-24_12-58-50-000.f_001.de0","51.23754802754279,12.87540019846413,51.24173110093593,12.861502900067599","51.23754802754279,12.87540019846413","WARNING","A14 | Leisnig - Mutzschen"," Nossen -> Leipzig",7,"STATIONARY_TRAFFIC","7.699999809265137",2025-05-24,"Beginn: 24.05.25 um 12:58 Uhr  Zusammengesetzte Verkehrsinformation, seit 24.05.2025, 12:58 A14: Nossen -> Leipzig, zwischen 7.9 km hinter AS Leisnig und 0.4 km vor AS Mutzschen  Im Stillstand Reisezeitverlust: 7 Minuten Durchschnittsgeschwindigkeit: 7 km/h",51.2375480275428,12.8754001984641
"A14","undefined--vi-hind.2025-05-24_10-17-45-000.f_025.de0","51.242956997027306,12.858166014270168,51.25767940093562,12.739132700057349","51.242956997027306,12.858166014270168","WARNING","A14 | Leisnig - Grimma"," Nossen -> Leipzig",NA,NA,NA,2025-05-24,"Beginn: 24.05.25 um 10:17 Uhr  Fahrzeug-Hindernis, seit 24.05.2025, 10:17 A14: Nossen -> Leipzig, zwischen 9.3 km hinter AS Leisnig und 0.5 km vor AS Grimma",51.2429569970273,12.8581660142702
"A15","undefined--vi-avl.2025-05-24_16-24-10-000.f_001.de0","51.70890709988504,14.404734117831369,51.70779461894658,14.435246468267069","51.70890709988504,14.404734117831369","WARNING","A15 | Cottbus-Süd - Roggosen"," Cottbus -> Breslau",0,"SLOW_TRAFFIC","69.80000305175781",2025-05-24,"Beginn: 24.05.25 um 16:24 Uhr  Angespannte Verkehrslage, seit 24.05.2025, 16:24 A15: Cottbus -> Breslau, zwischen 4.0 km hinter AS Cottbus-Süd und 2.1 km vor AS Roggosen  Langsamer Verkehr Reisezeitverlust: 0 Minuten Durchschnittsgeschwindigkeit: 69 km/h",51.708907099885,14.4047341178314
"A17","undefined--vi-hind.2025-05-24_16-49-51-000.f_001.de0","50.991299120597176,13.769825806319838,50.97506820094185,13.811437000215943","50.991299120597176,13.769825806319838","WARNING","A17 | Dresden-Prohlis - Pirna"," Dresden -> Prag",NA,NA,NA,2025-05-24,"Beginn: 24.05.25 um 16:49 Uhr  Fahrzeug-Hindernis, seit 24.05.2025, 16:49 A17: Dresden -> Prag, zwischen 0.3 km hinter AS Dresden-Prohlis und 5.6 km vor AS Pirna Gefahr durch ein defektes Fahrzeug auf der Fahrbahn",50.9912991205972,13.7698258063198
"A19","undefined--vi-hind.2025-05-24_16-50-50-000.f_005.de0","54.01193110092464,12.202808048259023,54.01193110092464,12.202808048259023","54.01193110092464,12.202808048259023","WARNING","A19 | Kavelstorf - Rostock"," Dreieck Wittstock/Dosse -> Rostock",NA,NA,NA,2025-05-24,"Beginn: 24.05.25 um 16:50 Uhr  Fahrzeug-Hindernis, seit 24.05.2025, 16:50 A19: Dreieck Wittstock/Dosse -> Rostock, zwischen 0.1 km hinter AS Kavelstorf und 1.8 km vor AK Rostock Gefahr durch ein defektes Fahrzeug auf der Fahrbahn",54.0119311009246,12.202808048259
"A19","undefined--vi-hind.2025-05-24_16-25-48-000.f_002.de0","54.104750377653694,12.19380023651841,54.07953106660341,12.195615421954301","54.104750377653694,12.19380023651841","WARNING","A19 | Rostock-Ost - Kessin"," Rostock -> Dreieck Wittstock/Dosse",NA,NA,NA,2025-05-24,"Beginn: 24.05.25 um 16:25 Uhr  Hindernis, seit 24.05.2025, 16:25 A19: Rostock -> Dreieck Wittstock/Dosse, zwischen 0.4 km hinter AS Rostock-Ost und 3.5 km vor AS Kessin  Gefahr durch eine ungesicherte Unfallstelle",54.1047503776537,12.1938002365184
"A23","undefined--vi-avl.2025-05-24_17-13-20-000.f_001.de0","53.67687835144392,9.799271171052455,53.67687835144392,9.799271171052455","53.67687835144392,9.799271171052455","WARNING","A23 | Pinneberg-Mitte - Pinneberg-Mitte"," Heide -> Hamburg",NA,"STATIONARY_TRAFFIC","25",2025-05-24,"Beginn: 24.05.25 um 17:21 Uhr  Angespannte Verkehrslage, seit 24.05.2025, 17:21 A23: Heide -> Hamburg, 2.9 km vor AS Pinneberg-Mitte, aus Richtung Pinneberg-Nord  Im Stillstand Durchschnittsgeschwindigkeit: 25 km/h",53.6768783514439,9.79927117105245
"A23","undefined--vi-avl.2025-05-24_16-49-19-000.f_001.de0","53.67690782147896,9.799236486653836,53.664223191671844,9.815810693002053","53.67690782147896,9.799236486653836","WARNING","A23 | Pinneberg-Nord - Pinneberg-Mitte"," Heide -> Hamburg",3,"STATIONARY_TRAFFIC","25",2025-05-24,"Beginn: 24.05.25 um 16:49 Uhr  Angespannte Verkehrslage, seit 24.05.2025, 16:49 A23: Heide -> Hamburg, zwischen 0.2 km hinter AS Pinneberg-Nord und 1.1 km vor AS Pinneberg-Mitte  Im Stillstand Reisezeitverlust: 3 Minuten Durchschnittsgeschwindigkeit: 25 km/h",53.676907821479,9.79923648665384
"A24","undefined--vi-avl.2025-05-24_17-03-15-000.f_002.de0","53.56301366388758,10.086762992407355,53.56301366388758,10.086762992407355","53.56301366388758,10.086762992407355","WARNING","A24 | Hamburg-Horn - Hamburg-Horn"," Schwerin -> Hamburg",NA,"QUEUING_TRAFFIC","17",2025-05-24,"Beginn: 24.05.25 um 17:21 Uhr  Angespannte Verkehrslage, seit 24.05.2025, 17:21 A24: Schwerin -> Hamburg, 1.1 km vor AS Hamburg-Horn, aus Richtung Hamburg-Jenfeld  Stockender Verkehr Durchschnittsgeschwindigkeit: 17 km/h",53.5630136638876,10.0867629924074
"A24","undefined--vi-hind.2025-05-24_15-53-31-000.f_005.de0","53.21005807058897,12.252780849245203,53.21005807058897,12.252780849245203","53.21005807058897,12.252780849245203","WARNING","A24 | Pritzwalk - Meyenburg"," Pritzwalk -> Schwerin",NA,NA,NA,2025-05-24,"Beginn: 24.05.25 um 15:53 Uhr  Fahrzeug-Hindernis, seit 24.05.2025, 15:53 A24: Pritzwalk -> Schwerin, zwischen 12.8 km hinter AS Pritzwalk und 3.9 km vor AS Meyenburg Gefahr durch ein defektes Fahrzeug auf der Fahrbahn",53.210058070589,12.2527808492452
"A31","undefined--vi-avl.2025-05-24_17-19-10-000.f_002.de0","51.566422101696965,6.929343928272948,51.566422101696965,6.929343928272948","51.566422101696965,6.929343928272948","WARNING","A31 | Bottrop - Bottrop"," Gronau -> Oberhausen",NA,"QUEUING_TRAFFIC","14",2025-05-24,"Beginn: 24.05.25 um 17:21 Uhr  Angespannte Verkehrslage, seit 24.05.2025, 17:21 A31: Gronau -> Oberhausen, 1.0 km vor AD Bottrop, aus Richtung Gladbeck  Stockender Verkehr Durchschnittsgeschwindigkeit: 14 km/h",51.566422101697,6.92934392827295
"A31","undefined--vi-avl.2025-05-24_17-04-11-000.f_004.de0","51.566422101696965,6.929343928272948,51.557788137407314,6.9263298871816055","51.566422101696965,6.929343928272948","WARNING","A31 | Gladbeck - Bottrop"," Gronau -> Oberhausen",1,"QUEUING_TRAFFIC","30",2025-05-24,"Beginn: 24.05.25 um 17:04 Uhr  Angespannte Verkehrslage, seit 24.05.2025, 17:04 A31: Gronau -> Oberhausen, zwischen 2.2 km hinter AS Gladbeck und AD Bottrop  Stockender Verkehr Reisezeitverlust: 1 Minuten Durchschnittsgeschwindigkeit: 30 km/h",51.566422101697,6.92934392827295
"A37","undefined--vi-zus.2025-05-20_10-04-05-000.f_002.de0","52.442156462690335,9.933442989087833,52.436581812162494,9.913211841333315","52.442156462690335,9.933442989087833","WARNING","A37 | Beinhorn - Hannover-Kirchhorst"," Celle -> Hannover",NA,NA,NA,2025-05-20,"Beginn: 20.05.25 um 10:04 Uhr  Zusammengesetzte Verkehrsinformation, seit 20.05.2025, 10:04 B3: Celle -> Hannover, zwischen 0.4 km hinter AS Beinhorn und 2.1 km vor AK Hannover-Kirchhorst  A37 Messe - Burgdorf
zwischen Kreuz Hannover-Buchholz und Beinhorn
in beiden Richtungen geänderte Verkehrsführung im Baustellenbereich, Bauarbeiten, bis 30.10.2026 ca. 18:00 Uhr",52.4421564626903,9.93344298908783
"A37","undefined--vi-zus.2025-05-20_10-04-05-000.f_003.de0","52.42566547847685,9.880479425875153,52.44102213295518,9.93161290421946","52.42566547847685,9.880479425875153","WARNING","Baustelle"," km 22.62 --> km 26.54",NA,NA,NA,2025-05-20,"Beginn: 20.05.25 um 10:04 Uhr  Zusammengesetzte Verkehrsinformation, seit 20.05.2025, 10:04 A37: km 22.62 --> km 26.54  A37 Messe - Burgdorf
zwischen Kreuz Hannover-Buchholz und Beinhorn
in beiden Richtungen geänderte Verkehrsführung im Baustellenbereich, Bauarbeiten, bis 30.10.2026 ca. 18:00 Uhr",52.4256654784769,9.88047942587515
"A40","undefined--vi-avl.2025-05-24_17-21-14-000.f_002.de0","51.44535965698613,6.989545366206955,51.44300295688485,6.972599981643557","51.44535965698613,6.989545366206955","WARNING","A40 | Ruhrschnellwegtunnel - Essen-Frohnhausen"," Essen -> Duisburg",0,"SLOW_TRAFFIC","57.20000076293945",2025-05-24,"Beginn: 24.05.25 um 17:21 Uhr  Angespannte Verkehrslage, seit 24.05.2025, 17:21 A40: Essen -> Duisburg, zwischen 0.9 km hinter Ruhrschnellwegtunnel und 0.3 km vor AS Essen-Frohnhausen  Langsamer Verkehr Reisezeitverlust: 0 Minuten Durchschnittsgeschwindigkeit: 57 km/h",51.4453596569861,6.98954536620696
"A40","undefined--vi-avl.2025-05-24_17-17-19-000.f_003.de0","51.495411578349064,7.262533998202798,51.495411578349064,7.262533998202798","51.495411578349064,7.262533998202798","WARNING","A40 | Bochum - Bochum"," Essen -> Dortmund",NA,"STATIONARY_TRAFFIC","23",2025-05-24,"Beginn: 24.05.25 um 17:21 Uhr  Angespannte Verkehrslage, seit 24.05.2025, 17:21 A40: Essen -> Dortmund, 0.6 km vor AK Bochum, aus Richtung Bochum-Harpen  Im Stillstand Durchschnittsgeschwindigkeit: 23 km/h",51.4954115783491,7.2625339982028
"A40","undefined--vi-avl.2025-05-24_15-54-13-000.f_012.de0","51.495927403101774,7.367031663395345,51.49703960005307,7.278085620322841","51.495927403101774,7.367031663395345","WARNING","A40 | Dortmund-West - Bochum"," Dortmund -> Essen",4,"SLOW_TRAFFIC","45.70000076293945",2025-05-24,"Beginn: 24.05.25 um 15:54 Uhr  Angespannte Verkehrslage, seit 24.05.2025, 15:54 A40: Dortmund -> Essen, zwischen 1.3 km hinter AK Dortmund-West und 0.5 km vor AK Bochum  Langsamer Verkehr Reisezeitverlust: 4 Minuten Durchschnittsgeschwindigkeit: 45 km/h",51.4959274031018,7.36703166339534
"A44","undefined--vi-hind.2025-05-24_16-29-44-000.f_006.de0","51.35624868010577,7.047147135098484,51.35587670093425,7.046440099997329","51.35624868010577,7.047147135098484","WARNING","A44 | Langenberg - Velbert-Nord"," Essen -> Düsseldorf",NA,NA,NA,2025-05-24,"Beginn: 24.05.25 um 16:29 Uhr  Fahrzeug-Hindernis, seit 24.05.2025, 16:29 A44: Essen -> Düsseldorf, zwischen 1.8 km hinter AS Langenberg und 0.6 km vor AD Velbert-Nord Gefahr durch ein defektes Fahrzeug auf der Fahrbahn",51.3562486801058,7.04714713509848
"A45","undefined--vi-avl.2025-05-24_17-12-13-000.f_002.de0","51.498788950300224,7.3855309249037,51.509492775852074,7.390069027567824","51.498788950300224,7.3855309249037","WARNING","A45 | Dortmund-West - Dortmund-Hafen"," Hagen -> Dortmund",0,"SLOW_TRAFFIC","48.599998474121094",2025-05-24,"Beginn: 24.05.25 um 17:12 Uhr  Angespannte Verkehrslage, seit 24.05.2025, 17:12 A45: Hagen -> Dortmund, zwischen 0.1 km hinter AK Dortmund-West und 1.1 km vor AS Dortmund-Hafen  Langsamer Verkehr Reisezeitverlust: 0 Minuten Durchschnittsgeschwindigkeit: 48 km/h",51.4987889503002,7.3855309249037
"A45","undefined--vi-avl.2025-05-24_17-21-14-000.f.de0","51.49873504092376,7.385527916961323,51.49873504092376,7.385527916961323","51.49873504092376,7.385527916961323","WARNING","A45 | Dortmund-Hafen - Dortmund-Hafen"," Hagen -> Dortmund",NA,"SLOW_TRAFFIC","26",2025-05-24,"Beginn: 24.05.25 um 17:21 Uhr  Angespannte Verkehrslage, seit 24.05.2025, 17:21 A45: Hagen -> Dortmund, 2.4 km vor AS Dortmund-Hafen, aus Richtung Dortmund-West  Langsamer Verkehr Durchschnittsgeschwindigkeit: 26 km/h",51.4987350409238,7.38552791696132
"A46","undefined--vi-hind.2025-05-24_16-44-11-000.f_001.de0","51.19124541070786,6.8982703362017865,51.19110226425331,6.896007081452263","51.19124541070786,6.8982703362017865","WARNING","A46 | Erkrath - Düsseldorf-Süd"," Wuppertal -> Düsseldorf",NA,NA,NA,2025-05-24,"Beginn: 24.05.25 um 16:44 Uhr  Fahrzeug-Hindernis, seit 24.05.2025, 16:44 A46: Wuppertal -> Düsseldorf, zwischen 1.2 km hinter AS Erkrath und 1.9 km vor AD Düsseldorf-Süd Gefahr durch ein defektes Fahrzeug auf der Fahrbahn",51.1912454107079,6.89827033620179
"A52","undefined--vi-avl.2025-05-24_17-17-19-000.f_007.de0","51.44951129986047,7.038705136753117,51.44951129986047,7.038705136753117","51.44951129986047,7.038705136753117","WARNING","A52 | Essen-Ost - Essen-Ost"," Düsseldorf -> Essen",NA,"SLOW_TRAFFIC","19",2025-05-24,"Beginn: 24.05.25 um 17:17 Uhr  Angespannte Verkehrslage, seit 24.05.2025, 17:17 A52: Düsseldorf -> Essen, 0.6 km vor AD Essen-Ost, aus Richtung Huttrop  Langsamer Verkehr Durchschnittsgeschwindigkeit: 19 km/h",51.4495112998605,7.03870513675312
"A59","undefined--vi-hind.2025-05-24_17-19-37-000.f_001.de0","51.04110326531956,6.958006812352391,51.058017900935916,6.940256099996603","51.04110326531956,6.958006812352391","WARNING","A59 | Leverkusen-West - Monheim-Süd"," Köln -> Düsseldorf",NA,NA,NA,2025-05-24,"Beginn: 24.05.25 um 17:19 Uhr  Hindernis, seit 24.05.2025, 17:19 A59: Köln -> Düsseldorf, zwischen 0.7 km hinter AK Leverkusen-West und 3.0 km vor AD Monheim-Süd  Gefahr durch Gegenstände auf der Fahrbahn",51.0411032653196,6.95800681235239
"A59","undefined--vi-hind.2025-05-24_17-19-37-000.f.de0","51.04110326531956,6.958006812352391,51.058017900935916,6.940256099996603","51.04110326531956,6.958006812352391","WARNING","A59 | Leverkusen-West - Monheim-Süd"," Köln -> Düsseldorf",NA,NA,NA,2025-05-24,"Beginn: 24.05.25 um 17:19 Uhr  Hindernis, seit 24.05.2025, 17:19 A59: Köln -> Düsseldorf, zwischen 0.7 km hinter AK Leverkusen-West und 3.0 km vor AD Monheim-Süd  Gefahr durch Gegenstände auf der Fahrbahn",51.0411032653196,6.95800681235239
"A60","undefined--vi-zus.2025-04-08_08-51-21-000.f_013.de0","49.98125533976677,8.345695317688524,49.97565770865279,8.441396718063045","49.98125533976677,8.345695317688524","WARNING","A60 | Mainspitz-Dreieck - Rüsselsheimer Dreieck"," Mainz -> Rüsselsheim",NA,NA,NA,2025-04-08,"Beginn: 08.04.25 um 08:51 Uhr  Zusammengesetzte Verkehrsinformation, seit 08.04.2025, 08:51 A60: Mainz -> Rüsselsheim, zwischen 0.5 km hinter AD Mainspitz-Dreieck und 2.2 km vor AD Rüsselsheimer Dreieck  Sperrung der A60 bei Königstädten – Grundhafte Fahrbahnerneuerung zwischen dem Rüsselsheimer Dreieck und dem Mainspitz Dreieck. Die Niederlassung West der Autobahn GmbH erneuert zwischen dem Rüsselsheimer Dreieck (30) und dem Mainspitz Dreieck (26) die Fahrbahn. Von Donnerstagmorgen (24. April) bis Mitte Juli wird die Anschlussstelle (AS) Königstädten (29) in Fahrtrichtung (FR) Mainz sowie in FR Rüsselsheimer Dreieck gesperrt. Umleitungsmöglichkeiten sind ausgeschildert: • Ausfahrt FR Mainz: Umleitung via AS Rüsselsheim-Mitte • Einfahrt FR Mainz: innerstädtische Umleitung zur AS Rüsselsheim-Mitte (Adam-Opel-Straße / Kurt-Schumacher-Ring), von Nauheim kommend via L3482 zur AS Bischofsheim • Einfahrt FR Darmstadt: innerstädtische Umleitung zur AS Rüsselsheim-Mitte (Adam-Opel-Straße / Kurt-Schumacher-Ring) Die Autobahn GmbH bittet alle Verkehrsteilnehmer um Verständnis für die unvermeidlichen Verkehrsbehinderungen, die durch die Arbeiten entstehen.",49.9812553397668,8.34569531768852
"A60","undefined--vi-zus.2025-05-03_10-55-00-000.f_003.de0","49.977457399447445,8.454646346787307,49.981587265039146,8.34517285786785","49.977457399447445,8.454646346787307","WARNING","A60 | Rüsselsheimer Dreieck - Mainspitz-Dreieck"," Rüsselsheim -> Mainz",NA,NA,NA,2025-05-03,"Beginn: 03.05.25 um 10:55 Uhr  Zusammengesetzte Verkehrsinformation, seit 03.05.2025, 10:55 A60: Rüsselsheim -> Mainz, zwischen 0.6 km hinter AD Rüsselsheimer Dreieck und 0.5 km vor AD Mainspitz-Dreieck  Sperrung der A60 bei Königstädten – Grundhafte Fahrbahnerneuerung zwischen dem Rüsselsheimer Dreieck und dem Mainspitz Dreieck. Die Niederlassung West der Autobahn GmbH erneuert zwischen dem Rüsselsheimer Dreieck (30) und dem Mainspitz Dreieck (26) die Fahrbahn. Von Donnerstagmorgen (24. April) bis Mitte Juli wird die Anschlussstelle (AS) Königstädten (29) in Fahrtrichtung (FR) Mainz sowie in FR Rüsselsheimer Dreieck gesperrt. Umleitungsmöglichkeiten sind ausgeschildert: • Ausfahrt FR Mainz: Umleitung via AS Rüsselsheim-Mitte • Einfahrt FR Mainz: innerstädtische Umleitung zur AS Rüsselsheim-Mitte (Adam-Opel-Straße / Kurt-Schumacher-Ring), von Nauheim kommend via L3482 zur AS Bischofsheim • Einfahrt FR Darmstadt: innerstädtische Umleitung zur AS Rüsselsheim-Mitte (Adam-Opel-Straße / Kurt-Schumacher-Ring) Die Autobahn GmbH bittet alle Verkehrsteilnehmer um Verständnis für die unvermeidlichen Verkehrsbehinderungen, die durch die Arbeiten entstehen.",49.9774573994474,8.45464634678731
"A61","undefined--vi-avl.2025-05-24_17-19-10-000.f_001.de0","49.47664984165005,8.312543198832335,49.488825925890694,8.3120942752642","49.47664984165005,8.312543198832335","WARNING","A61 | Bobelach - Auf dem Hahnen"," Speyer -> Koblenz",2,"STATIONARY_TRAFFIC","28.799999237060547",2025-05-24,"Beginn: 24.05.25 um 17:19 Uhr  Angespannte Verkehrslage, seit 24.05.2025, 17:19 A61: Speyer -> Koblenz, zwischen 1.3 km hinter Bobelach und 3.3 km vor Auf dem Hahnen  Im Stillstand Reisezeitverlust: 2 Minuten Durchschnittsgeschwindigkeit: 28 km/h",49.4766498416501,8.31254319883234
"A61","undefined--vi-avl.2025-05-24_17-19-10-000.f.de0","49.47667681963686,8.312542340107289,49.47667681963686,8.312542340107289","49.47667681963686,8.312542340107289","WARNING","A61 | Ludwigshafen - Ludwigshafen"," Ludwigshafen -> Koblenz",NA,"STATIONARY_TRAFFIC","19",2025-05-24,"Beginn: 24.05.25 um 17:21 Uhr  Angespannte Verkehrslage, seit 24.05.2025, 17:21 A61: Ludwigshafen -> Koblenz, 0.1 km vor AK Ludwigshafen, aus Richtung Bobelach  Im Stillstand Durchschnittsgeschwindigkeit: 19 km/h",49.4766768196369,8.31254234010729
"A61","undefined--vi-hind.2025-05-24_15-48-26-000.f_008.de0","49.84130522254063,7.991306753476457,49.840096973748416,7.9931945839694665","49.84130522254063,7.991306753476457","WARNING","A61 | Sitzborn - Gau-Bickelheim"," Koblenz -> Ludwigshafen",NA,NA,NA,2025-05-24,"Beginn: 24.05.25 um 15:48 Uhr  Fahrzeug-Hindernis, seit 24.05.2025, 15:48 A61: Koblenz -> Ludwigshafen, zwischen 3.4 km hinter Sitzborn und 0.3 km vor AS Gau-Bickelheim Gefahr durch ein defektes Fahrzeug auf der Fahrbahn",49.8413052225406,7.99130675347646
"A61","undefined--vi-hind.2025-05-24_15-07-19-000.f_008.de0","49.946420913438246,7.7929259692121695,49.94798735539597,7.791867669913839","49.946420913438246,7.7929259692121695","WARNING","A61 | Waldlaubersheim - Stromberg"," Ludwigshafen -> Koblenz",NA,NA,NA,2025-05-24,"Beginn: 24.05.25 um 15:07 Uhr  Fahrzeug-Hindernis, seit 24.05.2025, 15:07 A61: Ludwigshafen -> Koblenz, zwischen 3.6 km hinter AS Waldlaubersheim und 0.1 km vor AS Stromberg Gefahr durch ein defektes Fahrzeug auf der Fahrbahn",49.9464209134382,7.79292596921217
"A61","undefined--vi-avl.2025-05-24_15-48-55-000.f_001.de0","50.38646523312248,7.265501980850793,50.410379084642464,7.236527560395807","50.38646523312248,7.265501980850793","WARNING","A61 | Mendig - Brohltal-Ost"," Koblenz -> Mönchengladbach",7,"STATIONARY_TRAFFIC","23.5",2025-05-24,"Beginn: 24.05.25 um 15:48 Uhr  Angespannte Verkehrslage, seit 24.05.2025, 15:48 A61: Koblenz -> Mönchengladbach, zwischen 0.4 km hinter AS Mendig und 3.3 km vor Brohltal-Ost  Im Stillstand Reisezeitverlust: 7 Minuten Durchschnittsgeschwindigkeit: 23 km/h",50.3864652331225,7.26550198085079
"A61","undefined--vi-avl.2025-05-24_17-19-10-000.f_003.de0","50.38644845662451,7.265582180547026,50.38644845662451,7.265582180547026","50.38644845662451,7.265582180547026","WARNING","A61 | Thelenberg - Thelenberg"," Koblenz -> Mönchengladbach",NA,"STATIONARY_TRAFFIC","23",2025-05-24,"Beginn: 24.05.25 um 17:21 Uhr  Angespannte Verkehrslage, seit 24.05.2025, 17:21 A61: Koblenz -> Mönchengladbach, 0.7 km vor Thelenberg, aus Richtung Mendig  Im Stillstand Durchschnittsgeschwindigkeit: 23 km/h",50.3864484566245,7.26558218054703
"A61","undefined--vi-hind.2025-05-24_16-55-51-000.f_001.de0","50.59889313893058,7.014110525194215,50.59810195670208,7.01622864521979","50.59889313893058,7.014110525194215","WARNING","A61 | Rheinbach - Meckenheim"," Mönchengladbach -> Koblenz",NA,NA,NA,2025-05-24,"Beginn: 24.05.25 um 16:55 Uhr  Fahrzeug-Hindernis, seit 24.05.2025, 16:55 A61: Mönchengladbach -> Koblenz, zwischen 3.5 km hinter AS Rheinbach und 1.1 km vor AK Meckenheim Gefahr durch ein defektes Fahrzeug auf der Fahrbahn",50.5988931389306,7.01411052519421
"A65","undefined--vi-avl.2025-05-24_17-16-48-000.f.de0","49.240986184012556,8.148918515856064,49.262652104542745,8.151790106343995","49.240986184012556,8.148918515856064","WARNING","A65 | Landau-Dammheim - Pfälzer Weinstraße-Ost"," Landau -> Ludwigshafen",1,"SLOW_TRAFFIC","62.900001525878906",2025-05-24,"Beginn: 24.05.25 um 17:16 Uhr  Angespannte Verkehrslage, seit 24.05.2025, 17:16 A65: Landau -> Ludwigshafen, zwischen 1.7 km hinter AS Landau-Dammheim und 0.6 km vor Pfälzer Weinstraße-Ost  Langsamer Verkehr Reisezeitverlust: 1 Minuten Durchschnittsgeschwindigkeit: 62 km/h",49.2409861840126,8.14891851585606
"A73","undefined--vi-hind.2025-05-24_16-04-09-000.f_013.de0","49.73903410094225,11.054526300003637,49.79372460094202,11.027220200003418","49.73903410094225,11.054526300003637","WARNING","A73 | Forchheim-Nord - Buttenheim"," Nürnberg -> Bamberg",NA,NA,NA,2025-05-24,"Beginn: 24.05.25 um 16:04 Uhr  Fahrzeug-Hindernis, seit 24.05.2025, 16:04 A73: Nürnberg -> Bamberg, zwischen 0.3 km hinter AS Forchheim-Nord und 0.2 km vor AS Buttenheim Gefahr durch ein defektes Fahrzeug auf der Fahrbahn",49.7390341009422,11.0545263000036
"A81","undefined--vi-avl.2025-05-24_17-11-45-000.f_001.de0","48.70286214281452,9.033485952817367,48.71603118194214,9.054324740785612","48.70286214281452,9.033485952817367","WARNING","A81 | Böblingen/Sindelfingen - Stuttgart"," Singen -> Stuttgart",0,"SLOW_TRAFFIC","61.79999923706055",2025-05-24,"Beginn: 24.05.25 um 17:11 Uhr  Angespannte Verkehrslage, seit 24.05.2025, 17:11 A81: Singen -> Stuttgart, zwischen 2.5 km hinter AS Böblingen/Sindelfingen und 2.2 km vor AK Stuttgart  Langsamer Verkehr Reisezeitverlust: 0 Minuten Durchschnittsgeschwindigkeit: 61 km/h",48.7028621428145,9.03348595281737
"A81","undefined--vi-zus.2025-05-24_17-16-48-000.f.de0","48.70658044514879,9.050270677814447,48.70337061934149,9.037076712873013","48.70658044514879,9.050270677814447","WARNING","A81 | Stuttgart - Böblingen-Ost"," Stuttgart -> Singen",0,"SLOW_TRAFFIC","51.79999923706055",2025-05-24,"Beginn: 24.05.25 um 17:16 Uhr  Zusammengesetzte Verkehrsinformation, seit 24.05.2025, 17:16 A81: Stuttgart -> Singen, zwischen 2.5 km hinter AK Stuttgart und 0.2 km vor AS Böblingen-Ost  Langsamer Verkehr Reisezeitverlust: 0 Minuten Durchschnittsgeschwindigkeit: 51 km/h",48.7065804451488,9.05027067781445
"A92","undefined--vi-hind.2025-05-24_17-14-19-000.f_001.de0","48.814111309710306,12.934213636062793,48.79323273241983,12.837342200987955","48.814111309710306,12.934213636062793","WARNING","A92 | Deggendorf - Plattling-West"," Deggendorf -> München",NA,NA,NA,2025-05-24,"Beginn: 24.05.25 um 17:14 Uhr  Hindernis, seit 24.05.2025, 17:14 A92: Deggendorf -> München, zwischen 0.6 km hinter AK Deggendorf und 0.2 km vor AS Plattling-West  Gefahr durch Gegenstände auf der Fahrbahn",48.8141113097103,12.9342136360628
"A113","undefined--vi-avl.2025-05-24_08-15-30-000.f_001.de0","52.44663737720714,13.471679912948511,52.44663737720714,13.471679912948511","52.44663737720714,13.471679912948511","WARNING","A113 | Späthstraße - Späthstraße"," Schönefeld -> Neukölln",NA,"STATIONARY_TRAFFIC","2",2025-05-24,"Beginn: 24.05.25 um 17:21 Uhr  Angespannte Verkehrslage, seit 24.05.2025, 17:21 A113: Schönefeld -> Neukölln, 1.1 km vor AS Späthstraße, aus Richtung Johannisthaler Chaussee  Im Stillstand Durchschnittsgeschwindigkeit: 2 km/h",52.4466373772071,13.4716799129485
"A113","undefined--vi-zus.2025-05-23_04-57-30-000.f.de0","52.43617318100181,13.493052326243479,52.427730500930934,13.517008500122175","52.43617318100181,13.493052326243479","WARNING","A113 | Johannisthaler Chaussee - Rudower Höhe"," Neukölln -> Schönefeld",NA,NA,NA,2025-05-23,"Beginn: 23.05.25 um 04:57 Uhr  Zusammengesetzte Verkehrsinformation, seit 23.05.2025, 04:57 A113: Neukölln -> Schönefeld, zwischen 1.2 km hinter AS Johannisthaler Chaussee und 1.0 km vor Rudower Höhe  A113 Autobahnzubringer Dresden, Neukölln Richtung Schönefeld
zwischen Stubenrauchstraße und Tunnel Rudower Höhe
linker Fahrstreifen gesperrt, Bauarbeiten, bis voraussichtlich 20.06.2025",52.4361731810018,13.4930523262435
"A113","undefined--vi-avl.2025-05-24_08-15-00-000.f.de0","52.44663737720714,13.471679912948511,52.45209490093047,13.462718900114677","52.44663737720714,13.471679912948511","WARNING","A113 | Johannisthaler Chaussee - Späthstraße"," Schönefeld -> Neukölln",14,"STATIONARY_TRAFFIC","3.4000000953674316",2025-05-24,"Beginn: 24.05.25 um 08:15 Uhr  Angespannte Verkehrslage, seit 24.05.2025, 08:15 A113: Schönefeld -> Neukölln, zwischen 0.6 km hinter AS Johannisthaler Chaussee und 0.2 km vor AS Späthstraße  Im Stillstand Reisezeitverlust: 14 Minuten Durchschnittsgeschwindigkeit: 3 km/h",52.4466373772071,13.4716799129485
"A113","undefined--vi-zus.2025-05-24_14-46-02-000.f_008.de0","52.37839908826458,13.542599091402097,52.36931552754615,13.548195838188391","52.37839908826458,13.542599091402097","WARNING","A113 | Schönefeld-Süd - Waltersdorf"," Neukölln -> Schönefeld",NA,NA,NA,2025-05-24,"Beginn: 24.05.25 um 14:46 Uhr  Zusammengesetzte Verkehrsinformation, seit 24.05.2025, 14:46 A113: Neukölln -> Schönefeld, zwischen 2.1 km hinter AS Schönefeld-Süd und 0.5 km vor AD Waltersdorf  Gefahr durch Personen auf der Fahrbahn  Gefahr durch Gegenstände auf der Fahrbahn  A113 Autobahnzubringer Dresden, Neukölln Richtung Schönefeld in Höhe Dreieck Flughafen Berlin Brandenburg Gefahr durch liegengebliebenes Fahrzeug, Gefahr durch Personen auf der Fahrbahn, bitte vorsichtig fahren",52.3783990882646,13.5425990914021
"A115","undefined--vi-zus.2024-10-09_07-09-40-000.f_531.de0","52.40027056808641,13.185163736426698,52.44227384698058,13.202709435405149","52.40027056808641,13.185163736426698","WARNING","A115 | Am Stern - Hüttenweg"," Dreieck Nuthetal -> Dreieck Funkturm",NA,NA,NA,2024-10-09,"Beginn: 09.10.24 um 07:09 Uhr  Zusammengesetzte Verkehrsinformation, seit 09.10.2024, 07:09 A115: Dreieck Nuthetal -> Dreieck Funkturm, zwischen 2.9 km hinter Am Stern und 3.8 km vor AS Hüttenweg  A115 Autobahnzubringer Magdeburg, Dreieck Nuthetal Richtung Dreieck Funkturm, zwischen Anschlussstelle Kleinmachnow und Anschlussstelle Spanische Allee, Baustelle, bis 31.10.2026 17:00 Uhr",52.4002705680864,13.1851637364267
"A115","undefined--vi-avl.2025-05-24_12-20-34-000.f_001.de0","52.400729500929614,13.18568480008462,52.409010539380716,13.195052580442711","52.400729500929614,13.18568480008462","WARNING","A115 | Am Stern - Dreilinden"," Dreieck Nuthetal -> Dreieck Funkturm",2,"STATIONARY_TRAFFIC","23",2025-05-24,"Beginn: 24.05.25 um 12:20 Uhr  Angespannte Verkehrslage, seit 24.05.2025, 12:20 A115: Dreieck Nuthetal -> Dreieck Funkturm, zwischen 3.0 km hinter Am Stern und 0.8 km vor Dreilinden  Im Stillstand Reisezeitverlust: 2 Minuten Durchschnittsgeschwindigkeit: 23 km/h",52.4007295009296,13.1856848000846
"A115","undefined--vi-avl.2025-05-24_14-08-15-000.f_002.de0","52.400729500929614,13.18568480008462,52.400729500929614,13.18568480008462","52.400729500929614,13.18568480008462","WARNING","A115 | Kleinmachnow - Kleinmachnow"," Dreieck Nuthetal -> Dreieck Funkturm",NA,"STATIONARY_TRAFFIC","14",2025-05-24,"Beginn: 24.05.25 um 17:21 Uhr  Angespannte Verkehrslage, seit 24.05.2025, 17:21 A115: Dreieck Nuthetal -> Dreieck Funkturm, 0.2 km vor AS Kleinmachnow, aus Richtung Am Stern  Im Stillstand Durchschnittsgeschwindigkeit: 14 km/h",52.4007295009296,13.1856848000846
"A115","undefined--vi-zus.2024-10-13_05-33-30-000.f_688.de0","52.44029442937371,13.199911385595513,52.43107524997983,13.191805707063864","52.44029442937371,13.199911385595513","WARNING","A115 | Hüttenweg - Kreuz Zehlendorf"," Dreieck Funkturm -> Dreieck Nuthetal",NA,NA,NA,2024-10-13,"Beginn: 13.10.24 um 05:33 Uhr  Zusammengesetzte Verkehrsinformation, seit 13.10.2024, 05:33 A115: Dreieck Funkturm -> Dreieck Nuthetal, zwischen 4.1 km hinter AS Hüttenweg und 1.3 km vor AS Kreuz Zehlendorf  A115 Dreieck Funkturm Richtung Dreieck Nuthetal
zwischen Spanische Allee und Kleinmachnow
Verkehr wird über die Gegenfahrbahn geleitet, geänderte Verkehrsführung im Baustellenbereich, Bauarbeiten",52.4402944293737,13.1999113855955
"A555","undefined--vi-avl.2025-05-24_17-15-15-000.f_003.de0","50.746352498534044,7.073538334648645,50.746352498534044,7.073538334648645","50.746352498534044,7.073538334648645","WARNING","A555 | Bonn-Nord - Bonn-Nord"," Köln -> Bonn",NA,"STATIONARY_TRAFFIC","6",2025-05-24,"Beginn: 24.05.25 um 17:21 Uhr  Angespannte Verkehrslage, seit 24.05.2025, 17:21 A555: Köln -> Bonn, in Höhe AK Bonn-Nord, aus Richtung Bornheim (Rhld.)  Im Stillstand Durchschnittsgeschwindigkeit: 6 km/h",50.746352498534,7.07353833464864
"A620","undefined--vi-avl.2025-05-24_17-13-20-000.f_002.de0","49.24274035704479,6.860005608275498,49.24274035704479,6.860005608275498","49.24274035704479,6.860005608275498","WARNING","A620 | Völklingen-Geislautern - Völklingen-Geislautern"," Saarbrücken -> Saarlouis",NA,"SLOW_TRAFFIC","17",2025-05-24,"Beginn: 24.05.25 um 17:21 Uhr  Angespannte Verkehrslage, seit 24.05.2025, 17:21 A620: Saarbrücken -> Saarlouis, 0.9 km vor AS Völklingen-Geislautern, aus Richtung Völklingen  Langsamer Verkehr Durchschnittsgeschwindigkeit: 17 km/h",49.2427403570448,6.8600056082755
"A620","undefined--vi-zus.2025-05-24_17-08-41-000.f.de0","49.2427798413466,6.860061747976271,49.24178279260937,6.841453135388862","49.2427798413466,6.860061747976271","WARNING","A620 | Völklingen - Völklingen-Wehrden"," Saarbrücken -> Saarlouis",1,"SLOW_TRAFFIC","31.899999618530273",2025-05-24,"Beginn: 24.05.25 um 17:08 Uhr  Zusammengesetzte Verkehrsinformation, seit 24.05.2025, 17:08 A620: Saarbrücken -> Saarlouis, zwischen 0.3 km hinter AS Völklingen und 1.5 km vor AS Völklingen-Wehrden  Langsamer Verkehr Reisezeitverlust: 1 Minuten Durchschnittsgeschwindigkeit: 31 km/h",49.2427798413466,6.86006174797627
"A661","undefined--vi-hind.2025-05-24_17-06-14-000.f_005.de0","50.20606633274416,8.624832317997447,50.210767126135934,8.60360814882969","50.20606633274416,8.624832317997447","WARNING","A661 | Bad Homburg - Oberursel-Nord"," Darmstadt -> Bad Homburg",NA,NA,NA,2025-05-24,"Beginn: 24.05.25 um 17:06 Uhr  Fahrzeug-Hindernis, seit 24.05.2025, 17:06 A661: Darmstadt -> Bad Homburg, zwischen 0.1 km hinter AS Bad Homburg und 2.0 km vor AS Oberursel-Nord Gefahr durch ein defektes Fahrzeug auf der Fahrbahn",50.2060663327442,8.62483231799745
"A861","undefined--vi-avl.2025-05-24_10-00-11-000.f_004.de0","47.56154658812018,7.758432327644411,47.56154658812018,7.758432327644411","47.56154658812018,7.758432327644411","WARNING","A861 | Rheinfelden-Süd - Rheinfelden-Süd"," Dreieck Hochrhein -> Grenzübergang Rheinfelden",NA,"STATIONARY_TRAFFIC","5",2025-05-24,"Beginn: 24.05.25 um 17:21 Uhr  Angespannte Verkehrslage, seit 24.05.2025, 17:21 A861: Dreieck Hochrhein -> Grenzübergang Rheinfelden, 1.3 km vor AS Rheinfelden-Süd, aus Richtung Rheinfelden-Mitte  Im Stillstand Durchschnittsgeschwindigkeit: 5 km/h",47.5615465881202,7.75843232764441
"A861","undefined--vi-avl.2025-05-24_09-32-00-000.f_001.de0","47.56152878741051,7.758428443335227,47.549025915970084,7.758087075354032","47.56152878741051,7.758428443335227","WARNING","A861 | Rheinfelden-Mitte - Rheinfelden"," Dreieck Hochrhein -> Grenzübergang Rheinfelden",16,"STATIONARY_TRAFFIC","4.599999904632568",2025-05-24,"Beginn: 24.05.25 um 09:32 Uhr  Angespannte Verkehrslage, seit 24.05.2025, 09:32 A861: Dreieck Hochrhein -> Grenzübergang Rheinfelden, zwischen 0.8 km hinter AS Rheinfelden-Mitte und 0.1 km vor Rheinfelden  Im Stillstand Reisezeitverlust: 16 Minuten Durchschnittsgeschwindigkeit: 4 km/h",47.5615287874105,7.75842844333523
