"road","identifier","extent","point","display_type","title","subtitle","delay_minutes","abnormalTrafficType","averageSpeed","startTimestamp","description","latitude","longitude"
"A4","undefined--vi-avl.2025-05-24_05-41-00-000.f_001.de0","50.846461541379114,9.669714096172024,50.84724688723345,9.64930253423952","50.846461541379114,9.669714096172024","WARNING","A4 | Bad Hersfeld - Kirchheimer Dreieck"," Erfurt -> Bad Hersfeld",0,"SLOW_TRAFFIC","63.20000076293945",2025-05-24,"Beginn: 24.05.25 um 05:41 Uhr  Angespannte Verkehrslage, seit 24.05.2025, 05:41 A4: Erfurt -> Bad Hersfeld, zwischen 3.9 km hinter AS Bad Hersfeld und 4.9 km vor AD Kirchheimer Dreieck  Langsamer Verkehr Reisezeitverlust: 0 Minuten Durchschnittsgeschwindigkeit: 63 km/h",50.8464615413791,9.66971409617202
"A5","undefined--vi-hind.2025-05-24_04-50-30-000.f_002.de0","47.980237910564185,7.7344136696640815,48.020946600947745,7.779205799999502","47.980237910564185,7.7344136696640815","WARNING","A5 | Freiburg-Süd - Freiburg-Mitte"," Basel -> Karlsruhe",NA,NA,NA,2025-05-24,"Beginn: 24.05.25 um 04:50 Uhr  Fahrzeug-Hindernis, seit 24.05.2025, 04:50 A5: Basel -> Karlsruhe, zwischen AS Freiburg-Süd und 0.5 km vor AS Freiburg-Mitte Gefahr durch ein defektes Fahrzeug auf der Fahrbahn",47.9802379105642,7.73441366966408
"A5","undefined--vi-hind.2025-05-24_05-22-00-000.f_001.de0","50.03797027229603,8.596513549200086,50.036436511840385,8.595753905657748","50.03797027229603,8.596513549200086","WARNING","A5 | Frankfurter Kreuz - Zeppelinheim"," Frankfurt -> Darmstadt",NA,NA,NA,2025-05-24,"Beginn: 24.05.25 um 05:22 Uhr  Fahrzeug-Hindernis, seit 24.05.2025, 05:22 A5: Frankfurt -> Darmstadt, zwischen 1.8 km hinter AK Frankfurter Kreuz und 0.2 km vor AS Zeppelinheim Gefahr durch ein defektes Fahrzeug auf der Fahrbahn",50.037970272296,8.59651354920009
"A5","undefined--vi-zus.2025-05-24_05-14-00-000.f.de0","50.780600520256314,9.407085418955285,50.789023348616745,9.442990174700048","50.780600520256314,9.407085418955285","WARNING","A5 | Berfa - Frohnkreuz"," Frankfurt -> Kassel",1,"SLOW_TRAFFIC","59.20000076293945",2025-05-24,"Beginn: 24.05.25 um 05:14 Uhr  Zusammengesetzte Verkehrsinformation, seit 24.05.2025, 05:14 A5: Frankfurt -> Kassel, zwischen 4.1 km hinter Berfa und 0.2 km vor Frohnkreuz  Langsamer Verkehr Reisezeitverlust: 1 Minuten Durchschnittsgeschwindigkeit: 59 km/h",50.7806005202563,9.40708541895529
"A6","undefined--vi-unf.2025-05-24_05-02-30-000.f.de0","49.43982737656852,12.050512056186378,49.466063227369744,12.135260159020234","49.43982737656852,12.050512056186378","WARNING","A6 | Amberg-Ost - Nabburg-West"," Nürnberg -> Pilsen",NA,NA,NA,2025-05-24,"Beginn: 24.05.25 um 05:02 Uhr  Unfall, seit 24.05.2025, 05:02 A6: Nürnberg -> Pilsen, zwischen 7.0 km hinter AS Amberg-Ost und 0.3 km vor AS Nabburg-West",49.4398273765685,12.0505120561864
"A6","undefined--vi-unf.2025-05-24_05-24-30-000.f.de0","49.43982737656852,12.050512056186378,49.466063227369744,12.135260159020234","49.43982737656852,12.050512056186378","WARNING","A6 | Amberg-Ost - Nabburg-West"," Nürnberg -> Pilsen",NA,NA,NA,2025-05-24,"Beginn: 24.05.25 um 05:24 Uhr  Unfall, seit 24.05.2025, 05:24 A6: Nürnberg -> Pilsen, zwischen 7.0 km hinter AS Amberg-Ost und 0.3 km vor AS Nabburg-West",49.4398273765685,12.0505120561864
"A7","undefined--vi-zus.2025-03-31_00-40-00-000.f_018.de0","53.579141433849884,9.913430072127355,53.55636870091902,9.897540700000414","53.579141433849884,9.913430072127355","WARNING","A7 | Hamburg-Volkspark - Elbtunnel (Nordportal)"," Flensburg -> Hamburg",NA,NA,NA,2025-03-31,"Beginn: 31.03.25 um 00:40 Uhr  Zusammengesetzte Verkehrsinformation, seit 31.03.2025, 00:40 A7: Flensburg -> Hamburg, zwischen 0.4 km hinter AS Hamburg-Volkspark und 0.9 km vor Elbtunnel (Nordportal)  A7 Flensburg Richtung Hamburg Ausfahrt Hamburg-Othmarschen Fahrbahnverengung, maximale Fahrbahnbreite von 4,50 m, Bauarbeiten, bis 29.09.2025",53.5791414338499,9.91343007212735
"A8","undefined--vi-zus.2025-05-14_09-26-56-000.f.de0","49.32628400979037,7.229641516813452,49.329166750017514,7.1882642393148934","49.32628400979037,7.229641516813452","WARNING","A8 | Neunkirchen-Wellesweiler - Neunkirchen/Spiesen"," Neunkirchen -> Saarlouis",NA,NA,NA,2025-05-14,"Beginn: 14.05.25 um 09:26 Uhr  Zusammengesetzte Verkehrsinformation, seit 14.05.2025, 09:26 A8: Neunkirchen -> Saarlouis, zwischen 0.4 km hinter AS Neunkirchen-Wellesweiler und 2.7 km vor AS Neunkirchen/Spiesen  A8 Saarlouis - Neunkirchen zwischen Neunkirchen-Spiesen und Neunkirchen-Oberstadt in beiden Richtungen Bauarbeiten, bis voraussichtlich 01.06.2025",49.3262840097904,7.22964151681345
"A9","undefined--vi-hind.2025-05-24_04-52-30-000.f_002.de0","50.207670100940284,11.778175300014688,50.289190800939885,11.812220900015467","50.207670100940284,11.778175300014688","WARNING","A9 | Münchberg-Nord - Hof-West"," Nürnberg -> Halle/Leipzig",NA,NA,NA,2025-05-24,"Beginn: 24.05.25 um 04:52 Uhr  Fahrzeug-Hindernis, seit 24.05.2025, 04:52 A9: Nürnberg -> Halle/Leipzig, zwischen 0.2 km hinter AS Münchberg-Nord und 0.3 km vor AS Hof-West Gefahr durch ein defektes Fahrzeug auf der Fahrbahn",50.2076701009403,11.7781753000147
"A12","WarnungA10Lkw3","47.61802931631098,12.202336027754352,47.61802931631098,12.202336027754352","47.61802931631098,12.202336027754352","WARNING","E45/E60 | LKW Blockabfertigung | A12-Inntal Autobahn","Richtung Italien",NA,NA,NA,2025-01-11,"Zeitraum: Beginn: 07.01.2025 Ende: 09.12.2025  Hinweis für LKW-Reisende nach Österreich: LKW-Blockabfertigungen an ausgewählten Tagen für Lkw am Grenzübergang Kufstein/Kiefersfelden. Maximaler Durchlass von 300 LKWs pro Stunde  Die genauen Ausführungszeiten und weitere Informationen auf tirol.gv.at/verkehr/verkehrs-und-seilbahnrecht/lkw-dosierung.",47.618029316311,12.2023360277544
"A12","WarnungA10Lkw2","47.6164490154047,12.202382557672273,47.6164490154047,12.202382557672273","47.6164490154047,12.202382557672273","WARNING","E43/E45/E60 | A13-Brenner Autobahn","Richtung Italien",NA,NA,NA,2025-01-11,"Zeitraum: Beginn: 11.01.2025 Ende: 27.09.2025  Hinweis für LKW-Reisende nach Österreich: LKW-Fahrverbot auf der A12-Inntal Autobahn, A13-Brenner Autobahn und A14-Rheintal/Walgau Autobahn, wenn das Ziel der Fahrt der Anschlussstelle Nößlach bis Anschlussstelle Brenner Nord der Richtungsfahrbahn Staatsgrenze der A 13 Brenner Autobahn erreicht werden soll. An ausgewählten Samstagen 7-15 Uhr sowie weiteren Tagen im Zeitraum 11.01. - 27.09.2025 Weitere Informationen auf http://asfinag.at/a13",47.6164490154047,12.2023825576723
"A15","undefined--vi-avl.2025-05-24_05-38-00-000.f_001.de0","51.70661658051823,14.414492888672724,51.70743960865035,14.432105135058007","51.70661658051823,14.414492888672724","WARNING","A15 | Cottbus-Süd - Roggosen"," Cottbus -> Breslau",0,"SLOW_TRAFFIC","78.9000015258789",2025-05-24,"Beginn: 24.05.25 um 05:38 Uhr  Angespannte Verkehrslage, seit 24.05.2025, 05:38 A15: Cottbus -> Breslau, zwischen 4.7 km hinter AS Cottbus-Süd und 2.4 km vor AS Roggosen  Langsamer Verkehr Reisezeitverlust: 0 Minuten Durchschnittsgeschwindigkeit: 78 km/h",51.7066165805182,14.4144928886727
"A17","undefined--vi-avl.2025-05-24_05-41-00-000.f.de0","50.840008247740926,13.882172096936863,50.824804276867795,13.887696191223338","50.840008247740926,13.882172096936863","WARNING","A17 | Bahretal - Am Heidenholz"," Dresden -> Prag",0,"SLOW_TRAFFIC","71.9000015258789",2025-05-24,"Beginn: 24.05.25 um 05:41 Uhr  Angespannte Verkehrslage, seit 24.05.2025, 05:41 A17: Dresden -> Prag, zwischen 7.0 km hinter AS Bahretal und 0.3 km vor Am Heidenholz  Langsamer Verkehr Reisezeitverlust: 0 Minuten Durchschnittsgeschwindigkeit: 71 km/h",50.8400082477409,13.8821720969369
"A17","undefined--vi-avl.2025-05-24_05-41-30-000.f.de0","50.82026170094333,13.887384300240237,50.82026170094333,13.887384300240237","50.82026170094333,13.887384300240237","WARNING","A17 | Am Heidenholz - Am Heidenholz"," Prag -> Dresden",NA,"STATIONARY_TRAFFIC","16",2025-05-24,"Beginn: 24.05.25 um 05:42 Uhr  Angespannte Verkehrslage, seit 24.05.2025, 05:42 A17: Prag -> Dresden, 0.2 km vor Am Heidenholz, aus Richtung Breitenau-Schönwald  Im Stillstand Durchschnittsgeschwindigkeit: 16 km/h",50.8202617009433,13.8873843002402
"A17","undefined--vi-zus.2025-05-24_05-28-30-000.f.de0","50.82026170094333,13.887384300240237,50.825784654914514,13.887788152709305","50.82026170094333,13.887384300240237","WARNING","A17 | Breitenau-Schönwald - Bad Gottleuba"," Prag -> Dresden",1,"STATIONARY_TRAFFIC","22.799999237060547",2025-05-24,"Beginn: 24.05.25 um 05:28 Uhr  Zusammengesetzte Verkehrsinformation, seit 24.05.2025, 05:28 A17: Prag -> Dresden, zwischen 4.5 km hinter Breitenau-Schönwald und 0.6 km vor AS Bad Gottleuba  Im Stillstand Reisezeitverlust: 1 Minuten Durchschnittsgeschwindigkeit: 22 km/h",50.8202617009433,13.8873843002402
"A37","undefined--vi-zus.2025-05-20_10-04-05-000.f_002.de0","52.442156462690335,9.933442989087833,52.436581812162494,9.913211841333315","52.442156462690335,9.933442989087833","WARNING","A37 | Beinhorn - Hannover-Kirchhorst"," Celle -> Hannover",NA,NA,NA,2025-05-20,"Beginn: 20.05.25 um 10:04 Uhr  Zusammengesetzte Verkehrsinformation, seit 20.05.2025, 10:04 B3: Celle -> Hannover, zwischen 0.4 km hinter AS Beinhorn und 2.1 km vor AK Hannover-Kirchhorst  A37 Messe - Burgdorf
zwischen Kreuz Hannover-Buchholz und Beinhorn
in beiden Richtungen geänderte Verkehrsführung im Baustellenbereich, Bauarbeiten, bis 30.10.2026 ca. 18:00 Uhr",52.4421564626903,9.93344298908783
"A37","undefined--vi-zus.2025-05-20_10-04-05-000.f_003.de0","52.42566547847685,9.880479425875153,52.44102213295518,9.93161290421946","52.42566547847685,9.880479425875153","WARNING","Baustelle"," km 22.62 --> km 26.54",NA,NA,NA,2025-05-20,"Beginn: 20.05.25 um 10:04 Uhr  Zusammengesetzte Verkehrsinformation, seit 20.05.2025, 10:04 A37: km 22.62 --> km 26.54  A37 Messe - Burgdorf
zwischen Kreuz Hannover-Buchholz und Beinhorn
in beiden Richtungen geänderte Verkehrsführung im Baustellenbereich, Bauarbeiten, bis 30.10.2026 ca. 18:00 Uhr",52.4256654784769,9.88047942587515
"A43","undefined--vi-hind.2025-05-24_05-22-00-000.f.de0","51.46570747558994,7.287934355966632,51.4644109698982,7.288148140591676","51.46570747558994,7.287934355966632","WARNING","A43 | Bochum-Laer - Bochum/Witten"," Recklinghausen -> Wuppertal",NA,NA,NA,2025-05-24,"Beginn: 24.05.25 um 05:22 Uhr  Fahrzeug-Hindernis, seit 24.05.2025, 05:22 A43: Recklinghausen -> Wuppertal, zwischen 1.5 km hinter AS Bochum-Laer und 0.3 km vor AK Bochum/Witten Gefahr durch ein defektes Fahrzeug auf der Fahrbahn",51.4657074755899,7.28793435596663
"A44","undefined--vi-avl.2025-05-24_04-49-00-000.f.de0","51.5372419009332,8.866476899999954,51.53904126050612,8.84456566374133","51.5372419009332,8.866476899999954","WARNING","A44 | Blankenrode - Lichtenau (Westf.)"," Kassel -> Dortmund",0,"SLOW_TRAFFIC","67.5999984741211",2025-05-24,"Beginn: 24.05.25 um 04:49 Uhr  Angespannte Verkehrslage, seit 24.05.2025, 04:49 A44: Kassel -> Dortmund, zwischen 0.3 km hinter Blankenrode und 0.4 km vor AS Lichtenau (Westf.)  Langsamer Verkehr Reisezeitverlust: 0 Minuten Durchschnittsgeschwindigkeit: 67 km/h",51.5372419009332,8.86647689999995
"A45","undefined--vi-avl.2025-05-24_05-40-00-000.f.de0","50.55009579241461,8.56562971622008,50.560770378623516,8.559489010048084","50.55009579241461,8.56562971622008","WARNING","A45 | Gießen-Lützellinden - Wetzlar-Ost"," Aschaffenburg -> Hagen",0,"SLOW_TRAFFIC","63.5",2025-05-24,"Beginn: 24.05.25 um 05:40 Uhr  Angespannte Verkehrslage, seit 24.05.2025, 05:40 A45: Aschaffenburg -> Hagen, zwischen 3.4 km hinter AS Gießen-Lützellinden und 1.5 km vor AS Wetzlar-Ost  Langsamer Verkehr Reisezeitverlust: 0 Minuten Durchschnittsgeschwindigkeit: 63 km/h",50.5500957924146,8.56562971622008
"A60","undefined--vi-zus.2025-04-08_08-51-21-000.f_013.de0","49.98125533976677,8.345695317688524,49.97565770865279,8.441396718063045","49.98125533976677,8.345695317688524","WARNING","A60 | Mainspitz-Dreieck - Rüsselsheimer Dreieck"," Mainz -> Rüsselsheim",NA,NA,NA,2025-04-08,"Beginn: 08.04.25 um 08:51 Uhr  Zusammengesetzte Verkehrsinformation, seit 08.04.2025, 08:51 A60: Mainz -> Rüsselsheim, zwischen 0.5 km hinter AD Mainspitz-Dreieck und 2.2 km vor AD Rüsselsheimer Dreieck  Sperrung der A60 bei Königstädten – Grundhafte Fahrbahnerneuerung zwischen dem Rüsselsheimer Dreieck und dem Mainspitz Dreieck. Die Niederlassung West der Autobahn GmbH erneuert zwischen dem Rüsselsheimer Dreieck (30) und dem Mainspitz Dreieck (26) die Fahrbahn. Von Donnerstagmorgen (24. April) bis Mitte Juli wird die Anschlussstelle (AS) Königstädten (29) in Fahrtrichtung (FR) Mainz sowie in FR Rüsselsheimer Dreieck gesperrt. Umleitungsmöglichkeiten sind ausgeschildert: • Ausfahrt FR Mainz: Umleitung via AS Rüsselsheim-Mitte • Einfahrt FR Mainz: innerstädtische Umleitung zur AS Rüsselsheim-Mitte (Adam-Opel-Straße / Kurt-Schumacher-Ring), von Nauheim kommend via L3482 zur AS Bischofsheim • Einfahrt FR Darmstadt: innerstädtische Umleitung zur AS Rüsselsheim-Mitte (Adam-Opel-Straße / Kurt-Schumacher-Ring) Die Autobahn GmbH bittet alle Verkehrsteilnehmer um Verständnis für die unvermeidlichen Verkehrsbehinderungen, die durch die Arbeiten entstehen.",49.9812553397668,8.34569531768852
"A60","undefined--vi-zus.2025-05-03_10-55-00-000.f_003.de0","49.977457399447445,8.454646346787307,49.981587265039146,8.34517285786785","49.977457399447445,8.454646346787307","WARNING","A60 | Rüsselsheimer Dreieck - Mainspitz-Dreieck"," Rüsselsheim -> Mainz",NA,NA,NA,2025-05-03,"Beginn: 03.05.25 um 10:55 Uhr  Zusammengesetzte Verkehrsinformation, seit 03.05.2025, 10:55 A60: Rüsselsheim -> Mainz, zwischen 0.6 km hinter AD Rüsselsheimer Dreieck und 0.5 km vor AD Mainspitz-Dreieck  Sperrung der A60 bei Königstädten – Grundhafte Fahrbahnerneuerung zwischen dem Rüsselsheimer Dreieck und dem Mainspitz Dreieck. Die Niederlassung West der Autobahn GmbH erneuert zwischen dem Rüsselsheimer Dreieck (30) und dem Mainspitz Dreieck (26) die Fahrbahn. Von Donnerstagmorgen (24. April) bis Mitte Juli wird die Anschlussstelle (AS) Königstädten (29) in Fahrtrichtung (FR) Mainz sowie in FR Rüsselsheimer Dreieck gesperrt. Umleitungsmöglichkeiten sind ausgeschildert: • Ausfahrt FR Mainz: Umleitung via AS Rüsselsheim-Mitte • Einfahrt FR Mainz: innerstädtische Umleitung zur AS Rüsselsheim-Mitte (Adam-Opel-Straße / Kurt-Schumacher-Ring), von Nauheim kommend via L3482 zur AS Bischofsheim • Einfahrt FR Darmstadt: innerstädtische Umleitung zur AS Rüsselsheim-Mitte (Adam-Opel-Straße / Kurt-Schumacher-Ring) Die Autobahn GmbH bittet alle Verkehrsteilnehmer um Verständnis für die unvermeidlichen Verkehrsbehinderungen, die durch die Arbeiten entstehen.",49.9774573994474,8.45464634678731
"A61","undefined--vi-hind.2025-05-24_05-31-00-000.f_001.de0","50.86274349359784,6.713031826419327,50.890053191137405,6.69933526375638","50.86274349359784,6.713031826419327","WARNING","A61 | Türnich - Kerpen"," Koblenz -> Mönchengladbach",NA,NA,NA,2025-05-24,"Beginn: 24.05.25 um 05:31 Uhr  Hindernis, seit 24.05.2025, 05:31 A61: Koblenz -> Mönchengladbach, zwischen 0.5 km hinter AS Türnich und 0.6 km vor AK Kerpen  Gefahr durch Gegenstände auf der Fahrbahn",50.8627434935978,6.71303182641933
"A72","undefined--vi-avl.2025-05-24_05-42-00-000.f.de0","50.58426947555941,12.313968689371983,50.59022286452664,12.327722646127711","50.58426947555941,12.313968689371983","WARNING","A72 | Treuen - Reichenbach"," Plauen -> Zwickau",0,"SLOW_TRAFFIC","69.30000305175781",2025-05-24,"Beginn: 24.05.25 um 05:42 Uhr  Angespannte Verkehrslage, seit 24.05.2025, 05:42 A72: Plauen -> Zwickau, zwischen 4.6 km hinter AS Treuen und 0.8 km vor AS Reichenbach  Langsamer Verkehr Reisezeitverlust: 0 Minuten Durchschnittsgeschwindigkeit: 69 km/h",50.5842694755594,12.313968689372
"A113","undefined--vi-avl.2025-05-24_05-38-30-000.f_001.de0","52.44934197282068,13.466158565943008,52.44934197282068,13.466158565943008","52.44934197282068,13.466158565943008","WARNING","A113 | Späthstraße - Späthstraße"," Schönefeld -> Neukölln",NA,"STATIONARY_TRAFFIC","6",2025-05-24,"Beginn: 24.05.25 um 05:42 Uhr  Angespannte Verkehrslage, seit 24.05.2025, 05:42 A113: Schönefeld -> Neukölln, 0.6 km vor AS Späthstraße, aus Richtung Johannisthaler Chaussee  Im Stillstand Durchschnittsgeschwindigkeit: 6 km/h",52.4493419728207,13.466158565943
"A113","undefined--vi-avl.2025-05-24_05-38-00-000.f.de0","52.44934197282068,13.466158565943008,52.45209490093047,13.462718900114677","52.44934197282068,13.466158565943008","WARNING","A113 | Johannisthaler Chaussee - Späthstraße"," Schönefeld -> Neukölln",1,"STATIONARY_TRAFFIC","13.100000381469727",2025-05-24,"Beginn: 24.05.25 um 05:38 Uhr  Angespannte Verkehrslage, seit 24.05.2025, 05:38 A113: Schönefeld -> Neukölln, zwischen 1.1 km hinter AS Johannisthaler Chaussee und 0.2 km vor AS Späthstraße  Im Stillstand Reisezeitverlust: 1 Minuten Durchschnittsgeschwindigkeit: 13 km/h",52.4493419728207,13.466158565943
"A113","undefined--vi-zus.2025-05-23_04-57-30-000.f.de0","52.43617318100181,13.493052326243479,52.427730500930934,13.517008500122175","52.43617318100181,13.493052326243479","WARNING","A113 | Johannisthaler Chaussee - Rudower Höhe"," Neukölln -> Schönefeld",NA,NA,NA,2025-05-23,"Beginn: 23.05.25 um 04:57 Uhr  Zusammengesetzte Verkehrsinformation, seit 23.05.2025, 04:57 A113: Neukölln -> Schönefeld, zwischen 1.2 km hinter AS Johannisthaler Chaussee und 1.0 km vor Rudower Höhe  A113 Autobahnzubringer Dresden, Neukölln Richtung Schönefeld
zwischen Stubenrauchstraße und Tunnel Rudower Höhe
linker Fahrstreifen gesperrt, Bauarbeiten, bis voraussichtlich 20.06.2025",52.4361731810018,13.4930523262435
"A115","undefined--vi-zus.2024-10-09_07-09-40-000.f_531.de0","52.40027056808641,13.185163736426698,52.44227384698058,13.202709435405149","52.40027056808641,13.185163736426698","WARNING","A115 | Am Stern - Hüttenweg"," Dreieck Nuthetal -> Dreieck Funkturm",NA,NA,NA,2024-10-09,"Beginn: 09.10.24 um 07:09 Uhr  Zusammengesetzte Verkehrsinformation, seit 09.10.2024, 07:09 A115: Dreieck Nuthetal -> Dreieck Funkturm, zwischen 2.9 km hinter Am Stern und 3.8 km vor AS Hüttenweg  A115 Autobahnzubringer Magdeburg, Dreieck Nuthetal Richtung Dreieck Funkturm, zwischen Anschlussstelle Kleinmachnow und Anschlussstelle Spanische Allee, Baustelle, bis 31.10.2026 17:00 Uhr",52.4002705680864,13.1851637364267
"A115","undefined--vi-zus.2024-10-13_05-33-30-000.f_688.de0","52.44029442937371,13.199911385595513,52.43107524997983,13.191805707063864","52.44029442937371,13.199911385595513","WARNING","A115 | Hüttenweg - Kreuz Zehlendorf"," Dreieck Funkturm -> Dreieck Nuthetal",NA,NA,NA,2024-10-13,"Beginn: 13.10.24 um 05:33 Uhr  Zusammengesetzte Verkehrsinformation, seit 13.10.2024, 05:33 A115: Dreieck Funkturm -> Dreieck Nuthetal, zwischen 4.1 km hinter AS Hüttenweg und 1.3 km vor AS Kreuz Zehlendorf  A115 Dreieck Funkturm Richtung Dreieck Nuthetal
zwischen Spanische Allee und Kleinmachnow
Verkehr wird über die Gegenfahrbahn geleitet, geänderte Verkehrsführung im Baustellenbereich, Bauarbeiten",52.4402944293737,13.1999113855955
