"road","identifier","extent","point","display_type","title","subtitle","delay_minutes","abnormalTrafficType","averageSpeed","startTimestamp","description","latitude","longitude"
"A1","undefined--vi-hind.2025-05-22_19-01-24-000.f.de0","51.055420656926394,7.052888340799862,51.05625241443639,7.055672429546339","51.055420656926394,7.052888340799862","WARNING","A1 | Leverkusen - Burscheid"," Köln -> Dortmund",NA,NA,NA,2025-05-22,"Beginn: 22.05.25 um 19:01 Uhr  Fahrzeug-Hindernis, seit 22.05.2025, 19:01 A1: Köln -> Dortmund, zwischen 3.5 km hinter AK Leverkusen und 6.3 km vor AS Burscheid Gefahr durch ein defektes Fahrzeug auf der Fahrbahn",51.0554206569264,7.05288834079986
"A1","undefined--vi-hind.2025-05-22_18-22-25-000.f_002.de0","51.08664594851823,7.133498327674751,51.133181118592155,7.1889094595351555","51.08664594851823,7.133498327674751","WARNING","A1 | Burscheid - Wermelskirchen"," Köln -> Dortmund",NA,NA,NA,2025-05-22,"Beginn: 22.05.25 um 18:22 Uhr  Hindernis, seit 22.05.2025, 18:22 A1: Köln -> Dortmund, zwischen 0.3 km hinter AS Burscheid und 0.6 km vor AS Wermelskirchen  Gefahr durch Gegenstände auf der Fahrbahn",51.0866459485182,7.13349832767475
"A1","undefined--vi-avl.2025-05-22_11-56-21-000.f_009.de0","53.02765308829876,8.94794677495123,53.02765308829876,8.94794677495123","53.02765308829876,8.94794677495123","WARNING","A1 | Mahndorfer Marsch - Mahndorfer Marsch"," Bremen -> Osnabrück",NA,"STATIONARY_TRAFFIC","24",2025-05-22,"Beginn: 22.05.25 um 19:22 Uhr  Angespannte Verkehrslage, seit 22.05.2025, 19:22 A1: Bremen -> Osnabrück, 0.2 km vor Mahndorfer Marsch, aus Richtung Uphusen/Bremen-Mahndorf  Im Stillstand Durchschnittsgeschwindigkeit: 24 km/h",53.0276530882988,8.94794677495123
"A1","undefined--vi-avl.2025-05-22_06-30-00-000.f.de0","53.027661250807405,8.948035206683615,53.031460453437994,8.864211532227444","53.027661250807405,8.948035206683615","WARNING","A1 | Uphusen/Bremen-Mahndorf - Bremen-Arsten"," Hamburg -> Osnabrück",12,"STATIONARY_TRAFFIC","23.5",2025-05-22,"Beginn: 22.05.25 um 06:30 Uhr  Angespannte Verkehrslage, seit 22.05.2025, 06:30 A1: Hamburg -> Osnabrück, zwischen 1.0 km hinter AS Uphusen/Bremen-Mahndorf und 0.4 km vor AS Bremen-Arsten  Im Stillstand Reisezeitverlust: 12 Minuten Durchschnittsgeschwindigkeit: 23 km/h",53.0276612508074,8.94803520668362
"A1","undefined--vi-hind.2025-05-22_18-12-38-000.f_006.de0","53.9216247057803,10.725276309860094,53.946748800915785,10.747465900001654","53.9216247057803,10.725276309860094","WARNING","A1 | Sereetz - Ratekau"," Lübeck -> Fehmarn",NA,NA,NA,2025-05-22,"Beginn: 22.05.25 um 18:12 Uhr  Hindernis, seit 22.05.2025, 18:12 A1: Lübeck -> Fehmarn, zwischen 0.3 km hinter AS Sereetz und 0.3 km vor AS Ratekau  Gefahr durch Gegenstände auf der Fahrbahn",53.9216247057803,10.7252763098601
"A2","undefined--vi-avl.2025-05-22_19-21-30-000.f_006.de0","51.54972974185894,6.914947203694665,51.54972974185894,6.914947203694665","51.54972974185894,6.914947203694665","WARNING","A2 | Bottrop - Bottrop"," Dortmund -> Oberhausen",NA,"SLOW_TRAFFIC","26",2025-05-22,"Beginn: 22.05.25 um 19:22 Uhr  Angespannte Verkehrslage, seit 22.05.2025, 19:22 A2: Dortmund -> Oberhausen, 2.3 km vor Bottrop, aus Richtung Bottrop  Langsamer Verkehr Durchschnittsgeschwindigkeit: 26 km/h",51.5497297418589,6.91494720369467
"A2","undefined--vi-avl.2025-05-22_11-35-49-000.f_001.de0","51.54968429046265,6.9148774031745965,51.54204805494287,6.893700262596333","51.54968429046265,6.9148774031745965","WARNING","A2 | Bottrop - Bottrop"," Dortmund -> Oberhausen",1,"SLOW_TRAFFIC","44.29999923706055",2025-05-22,"Beginn: 22.05.25 um 11:35 Uhr  Angespannte Verkehrslage, seit 22.05.2025, 11:35 A2: Dortmund -> Oberhausen, zwischen 0.1 km hinter AS Bottrop und 0.5 km vor Bottrop  Langsamer Verkehr Reisezeitverlust: 1 Minuten Durchschnittsgeschwindigkeit: 44 km/h",51.5496842904627,6.9148774031746
"A2","undefined--vi-hind.2025-05-22_19-02-23-000.f_002.de0","52.335369429321666,10.418007181132765,52.335369429321666,10.418007181132765","52.335369429321666,10.418007181132765","WARNING","A2 | Zweidorfer Holz Nord - Braunschweig-Watenbüttel"," Hannover -> Braunschweig",NA,NA,NA,2025-05-22,"Beginn: 22.05.25 um 19:02 Uhr  Hindernis, seit 22.05.2025, 19:02 A2: Hannover -> Braunschweig, zwischen 3.8 km hinter Zweidorfer Holz Nord und 0.3 km vor AS Braunschweig-Watenbüttel  Gefahr durch Gegenstände auf der Fahrbahn",52.3353694293217,10.4180071811328
"A2","undefined--vi-avl.2025-05-22_17-48-13-000.f_013.de0","52.22880426217451,11.033629001465695,52.21999703639568,11.055574090730355","52.22880426217451,11.033629001465695","WARNING","A2 | Helmstedt Süd - Lappwald Nord"," Braunschweig -> Magdeburg",1,"SLOW_TRAFFIC","38.29999923706055",2025-05-22,"Beginn: 22.05.25 um 17:48 Uhr  Angespannte Verkehrslage, seit 22.05.2025, 17:48 A2: Braunschweig -> Magdeburg, zwischen 0.9 km hinter Helmstedt Süd und 0.3 km vor Lappwald Nord  Langsamer Verkehr Reisezeitverlust: 1 Minuten Durchschnittsgeschwindigkeit: 38 km/h",52.2288042621745,11.0336290014657
"A2","undefined--vi-avl.2025-05-22_19-22-30-000.f_001.de0","52.22877225134871,11.033699684112015,52.22877225134871,11.033699684112015","52.22877225134871,11.033699684112015","WARNING","A2 | Marienborn/Helmstedt-Ost - Marienborn/Helmstedt-Ost"," Braunschweig -> Magdeburg",NA,"SLOW_TRAFFIC","27",2025-05-22,"Beginn: 22.05.25 um 19:22 Uhr  Angespannte Verkehrslage, seit 22.05.2025, 19:22 A2: Braunschweig -> Magdeburg, 0.9 km vor AS Marienborn/Helmstedt-Ost, aus Richtung Helmstedt Süd  Langsamer Verkehr Durchschnittsgeschwindigkeit: 27 km/h",52.2287722513487,11.033699684112
"A2","undefined--vi-avl.2025-05-22_19-07-03-000.f_001.de0","52.21165192783955,11.102057890029094,52.21165192783955,11.102057890029094","52.21165192783955,11.102057890029094","WARNING","A2 | Marienborn - Marienborn"," Magdeburg -> Braunschweig",NA,"STATIONARY_TRAFFIC","15",2025-05-22,"Beginn: 22.05.25 um 19:22 Uhr  Angespannte Verkehrslage, seit 22.05.2025, 19:22 A2: Magdeburg -> Braunschweig, 1.5 km vor Marienborn, aus Richtung Alleringersleben  Im Stillstand Durchschnittsgeschwindigkeit: 15 km/h",52.2116519278395,11.1020578900291
"A2","undefined--vi-avl.2025-05-22_19-00-23-000.f.de0","52.211641171087216,11.102098141985055,52.22289908689306,11.048540488554142","52.211641171087216,11.102098141985055","WARNING","A2 | Alleringersleben - Waldkater"," Magdeburg -> Braunschweig",10,"STATIONARY_TRAFFIC","17.600000381469727",2025-05-22,"Beginn: 22.05.25 um 19:00 Uhr  Angespannte Verkehrslage, seit 22.05.2025, 19:00 A2: Magdeburg -> Braunschweig, zwischen 2.2 km hinter AS Alleringersleben und 0.3 km vor Waldkater  Im Stillstand Reisezeitverlust: 10 Minuten Durchschnittsgeschwindigkeit: 17 km/h",52.2116411710872,11.1020981419851
"A3","undefined--vi-avl.2025-05-22_18-51-16-000.f.de0","48.56407126713607,13.3843733383766,48.5720536322638,13.372408102312967","48.56407126713607,13.3843733383766","WARNING","A3 | Passau-Mitte - Donautal"," Passau -> Nürnberg",0,"SLOW_TRAFFIC","71",2025-05-22,"Beginn: 22.05.25 um 18:51 Uhr  Angespannte Verkehrslage, seit 22.05.2025, 18:51 A3: Passau -> Nürnberg, zwischen AS Passau-Mitte und 2.1 km vor Donautal  Langsamer Verkehr Reisezeitverlust: 0 Minuten Durchschnittsgeschwindigkeit: 71 km/h",48.5640712671361,13.3843733383766
"A3","undefined--vi-avl.2025-05-22_19-02-23-000.f_005.de0","48.76284356204113,13.057855398796574,48.77133842616099,13.040005366788163","48.76284356204113,13.057855398796574","WARNING","A3 | Manzing - Seebach"," Passau -> Nürnberg",0,"SLOW_TRAFFIC","74.9000015258789",2025-05-22,"Beginn: 22.05.25 um 19:02 Uhr  Angespannte Verkehrslage, seit 22.05.2025, 19:02 A3: Passau -> Nürnberg, zwischen 0.9 km hinter Manzing und 2.9 km vor Seebach  Langsamer Verkehr Reisezeitverlust: 0 Minuten Durchschnittsgeschwindigkeit: 74 km/h",48.7628435620411,13.0578553987966
"A3","undefined--vi-hind.2025-05-22_19-04-04-000.f_003.de0","49.81796216424824,9.558885235446338,49.904065870576154,9.377735380746325","49.81796216424824,9.558885235446338","WARNING","A3 | Wertheim/Lengfurt - Weibersbrunn"," Würzburg -> Frankfurt",NA,NA,NA,2025-05-22,"Beginn: 22.05.25 um 19:04 Uhr  Hindernis, seit 22.05.2025, 19:04 A3: Würzburg -> Frankfurt, zwischen 7.0 km hinter AS Wertheim/Lengfurt und 4.6 km vor AS Weibersbrunn  Gefahr durch Personen auf der Fahrbahn",49.8179621642482,9.55888523544634
"A3","undefined--vi-zus.2025-05-22_14-29-15-000.f.de0","49.83409233060139,9.523520029031625,49.85843219018716,9.486530603167495","49.83409233060139,9.523520029031625","WARNING","A3 | Marktheidenfeld - Spessart"," Würzburg -> Frankfurt",26,"STATIONARY_TRAFFIC","8.399999618530273",2025-05-22,"Beginn: 22.05.25 um 14:29 Uhr  Zusammengesetzte Verkehrsinformation, seit 22.05.2025, 14:29 A3: Würzburg -> Frankfurt, zwischen 3.2 km hinter AS Marktheidenfeld und 8.1 km vor Spessart  Im Stillstand Reisezeitverlust: 26 Minuten Durchschnittsgeschwindigkeit: 8 km/h  Gefahr durch Personen auf der Fahrbahn",49.8340923306014,9.52352002903162
"A3","undefined--vi-avl.2025-05-22_14-39-25-000.f_009.de0","49.83395892971233,9.523960850791099,49.83395892971233,9.523960850791099","49.83395892971233,9.523960850791099","WARNING","A3 | Kohlsberg - Kohlsberg"," Würzburg -> Frankfurt",NA,"STATIONARY_TRAFFIC","5",2025-05-22,"Beginn: 22.05.25 um 19:22 Uhr  Angespannte Verkehrslage, seit 22.05.2025, 19:22 A3: Würzburg -> Frankfurt, 0.4 km vor Kohlsberg, aus Richtung Marktheidenfeld  Im Stillstand Durchschnittsgeschwindigkeit: 5 km/h",49.8339589297123,9.5239608507911
"A3","undefined--vi-unf.2025-05-22_14-00-56-000.f_010.de0","49.85547846149136,9.493693962645494,49.8636175724626,9.479334604289775","49.85547846149136,9.493693962645494","WARNING","A3 | Bärenroth - Spessart"," Würzburg -> Frankfurt",NA,NA,NA,2025-05-22,"Beginn: 22.05.25 um 14:00 Uhr  Unfall, seit 22.05.2025, 14:00 A3: Würzburg -> Frankfurt, zwischen 2.8 km hinter Bärenroth und 7.4 km vor Spessart",49.8554784614914,9.49369396264549
"A3","undefined--vi-hind.2025-05-22_19-04-04-000.f_005.de0","49.90417401343106,9.377065941165666,49.81729981098812,9.560571314520256","49.90417401343106,9.377065941165666","WARNING","A3 | Weibersbrunn - Wertheim/Lengfurt"," Frankfurt -> Würzburg",NA,NA,NA,2025-05-22,"Beginn: 22.05.25 um 19:04 Uhr  Hindernis, seit 22.05.2025, 19:04 A3: Frankfurt -> Würzburg, zwischen 4.6 km hinter AS Weibersbrunn und 6.9 km vor AS Wertheim/Lengfurt  Gefahr durch Personen auf der Fahrbahn  Gefahr durch Gegenstände auf der Fahrbahn",49.9041740134311,9.37706594116567
"A3","undefined--vi-avl.2025-05-22_14-26-13-000.f_041.de0","50.06126125070895,8.698222791367288,50.06441500906514,8.718525445561351","50.06126125070895,8.698222791367288","WARNING","A3 | Frankfurt am Main-Süd - Offenbacher Kreuz"," Frankfurt -> Würzburg",1,"QUEUING_TRAFFIC","42.400001525878906",2025-05-22,"Beginn: 22.05.25 um 14:26 Uhr  Angespannte Verkehrslage, seit 22.05.2025, 14:26 A3: Frankfurt -> Würzburg, zwischen 3.6 km hinter AS Frankfurt am Main-Süd und 0.6 km vor AK Offenbacher Kreuz  Stockender Verkehr Reisezeitverlust: 1 Minuten Durchschnittsgeschwindigkeit: 42 km/h",50.061261250709,8.69822279136729
"A3","undefined--vi-hind.2025-05-22_19-22-30-000.f.de0","50.052145201209974,8.621506856581249,50.058481638852854,8.647998513027014","50.052145201209974,8.621506856581249","WARNING","A3 | Frankfurter Kreuz - Frankfurt am Main-Süd"," Köln -> Würzburg",NA,NA,NA,2025-05-22,"Beginn: 22.05.25 um 19:22 Uhr  Fahrzeug-Hindernis, seit 22.05.2025, 19:22 A3: Köln -> Würzburg, zwischen 1.2 km hinter AK Frankfurter Kreuz und AS Frankfurt am Main-Süd Gefahr durch ein defektes Fahrzeug auf der Fahrbahn",50.05214520121,8.62150685658125
"A3","undefined--vi-avl.2025-05-22_08-55-33-000.f_007.de0","51.52150405476545,6.814372629872339,51.5319653825148,6.822944136787257","51.52150405476545,6.814372629872339","WARNING","A3 | Oberhausen-Holten - Oberhausen"," Oberhausen -> Arnheim",0,"SLOW_TRAFFIC","59.79999923706055",2025-05-22,"Beginn: 22.05.25 um 08:55 Uhr  Angespannte Verkehrslage, seit 22.05.2025, 08:55 A3: Oberhausen -> Arnheim, zwischen 1.0 km hinter AS Oberhausen-Holten und 1.0 km vor AK Oberhausen  Langsamer Verkehr Reisezeitverlust: 0 Minuten Durchschnittsgeschwindigkeit: 59 km/h",51.5215040547655,6.81437262987234
"A3","undefined--vi-avl.2025-05-22_19-21-30-000.f_004.de0","51.89839901701434,6.165717280673193,51.89839901701434,6.165717280673193","51.89839901701434,6.165717280673193","WARNING","A3 | Knauheide - Knauheide"," Arnheim -> Oberhausen",NA,"QUEUING_TRAFFIC","18",2025-05-22,"Beginn: 22.05.25 um 19:22 Uhr  Angespannte Verkehrslage, seit 22.05.2025, 19:22 A3: Arnheim -> Oberhausen, 0.1 km vor Knauheide, aus Richtung Elten  Stockender Verkehr Durchschnittsgeschwindigkeit: 18 km/h",51.8983990170143,6.16571728067319
"A3","undefined--vi-avl.2025-05-22_19-21-30-000.f_003.de0","51.89836112503476,6.165756320916883,51.89430742738076,6.169921542127004","51.89836112503476,6.165756320916883","WARNING","A3 | Elten - Elten"," Arnheim -> Oberhausen",0,"QUEUING_TRAFFIC","38.70000076293945",2025-05-22,"Beginn: 22.05.25 um 19:21 Uhr  Angespannte Verkehrslage, seit 22.05.2025, 19:21 A3: Arnheim -> Oberhausen, zwischen 0.4 km hinter Elten und 1.3 km vor AS Elten  Stockender Verkehr Reisezeitverlust: 0 Minuten Durchschnittsgeschwindigkeit: 38 km/h",51.8983611250348,6.16575632091688
"A4","undefined--vi-hind.2025-05-22_19-13-04-000.f.de0","50.90183903721831,6.901810346393973,50.90183903721831,6.901810346393973","50.90183903721831,6.901810346393973","WARNING","A4 | Köln-West - Köln-Klettenberg"," Heerlen/Aachen -> Köln",NA,NA,NA,2025-05-22,"Beginn: 22.05.25 um 19:13 Uhr  Fahrzeug-Hindernis, seit 22.05.2025, 19:13 A4: Heerlen/Aachen -> Köln, zwischen 4.8 km hinter AK Köln-West und 0.5 km vor AS Köln-Klettenberg Gefahr durch ein defektes Fahrzeug auf der Fahrbahn",50.9018390372183,6.90181034639397
"A4","undefined--vi-avl.2025-05-22_16-33-25-000.f_011.de0","50.898870669449984,6.9082629606477335,50.89212772911116,6.923158297032745","50.898870669449984,6.9082629606477335","WARNING","A4 | Köln-West - Köln-Eifeltor"," Heerlen/Aachen -> Köln",0,"SLOW_TRAFFIC","52.099998474121094",2025-05-22,"Beginn: 22.05.25 um 16:33 Uhr  Angespannte Verkehrslage, seit 22.05.2025, 16:33 A4: Heerlen/Aachen -> Köln, zwischen 5.4 km hinter AK Köln-West und 0.2 km vor AS Köln-Eifeltor  Langsamer Verkehr Reisezeitverlust: 0 Minuten Durchschnittsgeschwindigkeit: 52 km/h",50.89887066945,6.90826296064773
"A4","undefined--vi-avl.2025-05-22_18-29-29-000.f_001.de0","50.97412200093638,7.4645688999989055,50.9742429637533,7.514828804732146","50.97412200093638,7.4645688999989055","WARNING","A4 | Bielstein - Gummersbach"," Köln -> Olpe",3,"SLOW_TRAFFIC","38.099998474121094",2025-05-22,"Beginn: 22.05.25 um 18:29 Uhr  Angespannte Verkehrslage, seit 22.05.2025, 18:29 A4: Köln -> Olpe, zwischen 0.1 km hinter AS Bielstein und 0.8 km vor AS Gummersbach  Langsamer Verkehr Reisezeitverlust: 3 Minuten Durchschnittsgeschwindigkeit: 38 km/h",50.9741220009364,7.46456889999891
"A4","undefined--vi-avl.2025-05-22_18-30-54-000.f_004.de0","50.97412200093638,7.4645688999989055,50.97412200093638,7.4645688999989055","50.97412200093638,7.4645688999989055","WARNING","A4 | Wiehltalbrücke - Wiehltalbrücke"," Köln -> Olpe",NA,"SLOW_TRAFFIC","14",2025-05-22,"Beginn: 22.05.25 um 19:22 Uhr  Angespannte Verkehrslage, seit 22.05.2025, 19:22 A4: Köln -> Olpe, 1.7 km vor Wiehltalbrücke, aus Richtung Bielstein  Langsamer Verkehr Durchschnittsgeschwindigkeit: 14 km/h",50.9741220009364,7.46456889999891
"A4","undefined--vi-hind.2025-05-22_19-19-07-000.f_001.de0","50.96635229702118,7.712262028821865,50.96580860093643,7.696612299999332","50.96635229702118,7.712262028821865","WARNING","A4 | Eckenhagen - Hasbacher Höhe"," Olpe -> Köln",NA,NA,NA,2025-05-22,"Beginn: 22.05.25 um 19:19 Uhr  Hindernis, seit 22.05.2025, 19:19 A4: Olpe -> Köln, zwischen 0.1 km hinter AS Eckenhagen und 0.3 km vor Hasbacher Höhe  Gefahr durch Gegenstände auf der Fahrbahn",50.9663522970212,7.71226202882186
"A4","undefined--vi-avl.2025-05-22_19-07-43-000.f_001.de0","50.849095202317116,9.680676645464407,50.84724688723345,9.64930253423952","50.849095202317116,9.680676645464407","WARNING","A4 | Bad Hersfeld - Kirchheimer Dreieck"," Erfurt -> Bad Hersfeld",0,"SLOW_TRAFFIC","68",2025-05-22,"Beginn: 22.05.25 um 19:07 Uhr  Angespannte Verkehrslage, seit 22.05.2025, 19:07 A4: Erfurt -> Bad Hersfeld, zwischen 3.0 km hinter AS Bad Hersfeld und 4.9 km vor AD Kirchheimer Dreieck  Langsamer Verkehr Reisezeitverlust: 0 Minuten Durchschnittsgeschwindigkeit: 68 km/h",50.8490952023171,9.68067664546441
"A4","undefined--vi-avl.2025-05-22_17-01-48-000.f_023.de0","50.834722057526584,12.490280531202226,50.84039661654637,12.50917676114216","50.834722057526584,12.490280531202226","WARNING","A4 | Glauchau-West - Glauchau-Ost"," Erfurt -> Chemnitz",2,"STATIONARY_TRAFFIC","28.100000381469727",2025-05-22,"Beginn: 22.05.25 um 17:01 Uhr  Angespannte Verkehrslage, seit 22.05.2025, 17:01 A4: Erfurt -> Chemnitz, zwischen 0.2 km hinter AS Glauchau-West und 2.4 km vor AS Glauchau-Ost  Im Stillstand Reisezeitverlust: 2 Minuten Durchschnittsgeschwindigkeit: 28 km/h",50.8347220575266,12.4902805312022
"A4","undefined--vi-avl.2025-05-22_19-15-17-000.f_008.de0","50.83455699114578,12.490019424543025,50.83455699114578,12.490019424543025","50.83455699114578,12.490019424543025","WARNING","A4 | Am Angerberg - Am Angerberg"," Erfurt -> Chemnitz",NA,"STATIONARY_TRAFFIC","25",2025-05-22,"Beginn: 22.05.25 um 19:22 Uhr  Angespannte Verkehrslage, seit 22.05.2025, 19:22 A4: Erfurt -> Chemnitz, 1.4 km vor Am Angerberg, aus Richtung Glauchau-West  Im Stillstand Durchschnittsgeschwindigkeit: 25 km/h",50.8345569911458,12.490019424543
"A4","undefined--vi-avl.2025-05-22_16-37-19-000.f_007.de0","50.842052494634984,12.529388506234714,50.84028593274674,12.506173214488944","50.842052494634984,12.529388506234714","WARNING","A4 | Glauchau-Ost - Glauchau-West"," Chemnitz -> Erfurt",1,"QUEUING_TRAFFIC","46.599998474121094",2025-05-22,"Beginn: 22.05.25 um 16:37 Uhr  Angespannte Verkehrslage, seit 22.05.2025, 16:37 A4: Chemnitz -> Erfurt, zwischen 1.0 km hinter AS Glauchau-Ost und 1.5 km vor AS Glauchau-West  Stockender Verkehr Reisezeitverlust: 1 Minuten Durchschnittsgeschwindigkeit: 46 km/h",50.842052494635,12.5293885062347
"A4","undefined--vi-hind.2025-05-22_18-46-07-000.f_002.de0","51.0334748880942,13.284247811222519,51.0334748880942,13.284247811222519","51.0334748880942,13.284247811222519","WARNING","A4 | Berbersdorf - Siebenlehn"," Chemnitz -> Dresden",NA,NA,NA,2025-05-22,"Beginn: 22.05.25 um 18:46 Uhr  Fahrzeug-Hindernis, seit 22.05.2025, 18:46 A4: Chemnitz -> Dresden, zwischen 7.2 km hinter AS Berbersdorf und 0.6 km vor AS Siebenlehn Gefahr durch ein defektes Fahrzeug auf der Fahrbahn",51.0334748880942,13.2842478112225
"A4","undefined--vi-avl.2025-05-22_19-15-17-000.f_001.de0","51.18486738575326,14.996300206418752,51.18486738575326,14.996300206418752","51.18486738575326,14.996300206418752","WARNING","A4 | An der Neiße - An der Neiße"," Görlitz -> Dresden",NA,"QUEUING_TRAFFIC","26",2025-05-22,"Beginn: 22.05.25 um 19:15 Uhr  Angespannte Verkehrslage, seit 22.05.2025, 19:15 A4: Görlitz -> Dresden, 0.6 km vor An der Neiße, aus Richtung Ludwigsdorf  Stockender Verkehr Durchschnittsgeschwindigkeit: 26 km/h",51.1848673857533,14.9963002064188
"A4","undefined--vi-zus.2025-05-22_19-14-00-000.f.de0","51.18486738575326,14.996300206418752,51.186736500965786,14.989494200636342","51.18486738575326,14.996300206418752","WARNING","A4 | Ludwigsdorf - An der Neiße"," Görlitz -> Dresden",0,"QUEUING_TRAFFIC","28",2025-05-22,"Beginn: 22.05.25 um 19:14 Uhr  Zusammengesetzte Verkehrsinformation, seit 22.05.2025, 19:14 A4: Görlitz -> Dresden, zwischen 1.0 km hinter Ludwigsdorf und 0.1 km vor An der Neiße  Stockender Verkehr Reisezeitverlust: 0 Minuten Durchschnittsgeschwindigkeit: 28 km/h",51.1848673857533,14.9963002064188
"A5","undefined--vi-avl.2025-05-22_06-32-07-000.f_009.de0","48.89549707395453,8.314820783432886,48.90123030843058,8.336190859763544","48.89549707395453,8.314820783432886","WARNING","A5 | Schleifweg - Karlsruhe-Süd"," Basel -> Karlsruhe",1,"QUEUING_TRAFFIC","46.20000076293945",2025-05-22,"Beginn: 22.05.25 um 06:32 Uhr  Angespannte Verkehrslage, seit 22.05.2025, 06:32 A5: Basel -> Karlsruhe, zwischen 2.0 km hinter Schleifweg und 7.4 km vor AS Karlsruhe-Süd  Stockender Verkehr Reisezeitverlust: 1 Minuten Durchschnittsgeschwindigkeit: 46 km/h",48.8954970739545,8.31482078343289
"A5","undefined--vi-zus.2025-05-22_19-10-33-000.f.de0","49.53695196505661,8.631039888068472,49.54664517631151,8.628000739371455","49.53695196505661,8.631039888068472","WARNING","A5 | Wachenburg - Weinheim"," Heidelberg -> Darmstadt",0,"SLOW_TRAFFIC","63.79999923706055",2025-05-22,"Beginn: 22.05.25 um 19:10 Uhr  Zusammengesetzte Verkehrsinformation, seit 22.05.2025, 19:10 A5: Heidelberg -> Darmstadt, zwischen 0.6 km hinter Wachenburg und 0.3 km vor AK Weinheim  Langsamer Verkehr Reisezeitverlust: 0 Minuten Durchschnittsgeschwindigkeit: 63 km/h",49.5369519650566,8.63103988806847
"A5","undefined--vi-avl.2025-05-22_17-57-11-000.f.de0","50.53272168249437,8.769306101411187,50.579292971590185,8.803823020291224","50.53272168249437,8.769306101411187","WARNING","A5 | Limes - Reiskirchen"," Frankfurt -> Kassel",16,"STATIONARY_TRAFFIC","18.100000381469727",2025-05-22,"Beginn: 22.05.25 um 17:57 Uhr  Angespannte Verkehrslage, seit 22.05.2025, 17:57 A5: Frankfurt -> Kassel, zwischen 1.5 km hinter Limes und 1.9 km vor AS Reiskirchen  Im Stillstand Reisezeitverlust: 16 Minuten Durchschnittsgeschwindigkeit: 18 km/h",50.5327216824944,8.76930610141119
"A5","undefined--vi-avl.2025-05-22_18-03-38-000.f_012.de0","50.532855988749546,8.769447882756056,50.532855988749546,8.769447882756056","50.532855988749546,8.769447882756056","WARNING","A5 | Fernwald - Fernwald"," Frankfurt -> Kassel",NA,"STATIONARY_TRAFFIC","18",2025-05-22,"Beginn: 22.05.25 um 19:22 Uhr  Angespannte Verkehrslage, seit 22.05.2025, 19:22 A5: Frankfurt -> Kassel, 1.6 km vor AS Fernwald, aus Richtung Limes  Im Stillstand Durchschnittsgeschwindigkeit: 18 km/h",50.5328559887495,8.76944788275606
"A5","undefined--vi-avl.2025-05-22_19-06-33-000.f.de0","50.64455753344701,8.99448849683136,50.6754481440735,9.027689095711098","50.64455753344701,8.99448849683136","WARNING","A5 | Homberg (Ohm) - Krachgarten"," Frankfurt -> Kassel",9,"STATIONARY_TRAFFIC","21.5",2025-05-22,"Beginn: 22.05.25 um 19:06 Uhr  Angespannte Verkehrslage, seit 22.05.2025, 19:06 A5: Frankfurt -> Kassel, zwischen 0.2 km hinter AS Homberg (Ohm) und 8.1 km vor Krachgarten  Im Stillstand Reisezeitverlust: 9 Minuten Durchschnittsgeschwindigkeit: 21 km/h",50.644557533447,8.99448849683136
"A5","undefined--vi-avl.2025-05-22_19-11-00-000.f_001.de0","50.64455753344701,8.99448849683136,50.64455753344701,8.99448849683136","50.64455753344701,8.99448849683136","WARNING","A5 | Krachgarten - Krachgarten"," Frankfurt -> Kassel",NA,"STATIONARY_TRAFFIC","22",2025-05-22,"Beginn: 22.05.25 um 19:22 Uhr  Angespannte Verkehrslage, seit 22.05.2025, 19:22 A5: Frankfurt -> Kassel, 12.4 km vor Krachgarten, aus Richtung Homberg (Ohm)  Im Stillstand Durchschnittsgeschwindigkeit: 22 km/h",50.644557533447,8.99448849683136
"A6","undefined--vi-zus.2025-05-22_18-49-35-000.f.de0","49.30674532713569,7.250712782978274,49.281685177865064,7.180205671156742","49.30674532713569,7.250712782978274","WARNING","A6 | Neunkirchen - Rohrbach"," Kaiserslautern -> Metz/Saarbrücken",NA,NA,NA,2025-05-22,"Beginn: 22.05.25 um 18:49 Uhr  Zusammengesetzte Verkehrsinformation, seit 22.05.2025, 18:49 A6: Kaiserslautern -> Metz/Saarbrücken, zwischen 0.4 km hinter AK Neunkirchen und 0.4 km vor AS Rohrbach  Gefahr durch ein defektes Fahrzeugs auf der Fahrbahn  A6 Kaiserslautern Richtung Metz/Saarbrücken zwischen Kreuz Neunkirchen und Rohrbach Gefahr durch defekten Bus auf dem rechten Fahrstreifen",49.3067453271357,7.25071278297827
"A6","undefined--vi-avl.2025-05-22_17-38-07-000.f_003.de0","49.28062070536852,8.715133451208418,49.277744085552456,8.629344848863163","49.28062070536852,8.715133451208418","WARNING","A6 | Sinsheim - Walldorf"," Heilbronn -> Mannheim",5,"SLOW_TRAFFIC","46.70000076293945",2025-05-22,"Beginn: 22.05.25 um 17:38 Uhr  Angespannte Verkehrslage, seit 22.05.2025, 17:38 A6: Heilbronn -> Mannheim, zwischen 11.1 km hinter AS Sinsheim und 0.7 km vor AK Walldorf  Langsamer Verkehr Reisezeitverlust: 5 Minuten Durchschnittsgeschwindigkeit: 46 km/h",49.2806207053685,8.71513345120842
"A6","undefined--vi-zus.2025-05-22_19-11-00-000.f.de0","49.63330202396141,12.457850187044379,49.629802783856526,12.447991926768246","49.63330202396141,12.457850187044379","WARNING","A6 | Waidhaus - Pleystein"," Pilsen -> Nürnberg",1,"QUEUING_TRAFFIC","22.899999618530273",2025-05-22,"Beginn: 22.05.25 um 19:11 Uhr  Zusammengesetzte Verkehrsinformation, seit 22.05.2025, 19:11 A6: Pilsen -> Nürnberg, zwischen 2.4 km hinter AS Waidhaus und 2.7 km vor AS Pleystein  Stockender Verkehr Reisezeitverlust: 1 Minuten Durchschnittsgeschwindigkeit: 22 km/h",49.6333020239614,12.4578501870444
"A7","undefined--vi-zus.2025-05-22_18-17-35-000.f.de0","47.572965577642115,10.660922982282756,47.577037246669576,10.66215100562998","47.572965577642115,10.660922982282756","WARNING","A7 | Grenztunnel Füssen - Reinertshofertunnel"," Füssen/Reutte -> Ulm",1,"QUEUING_TRAFFIC","19.200000762939453",2025-05-22,"Beginn: 22.05.25 um 18:17 Uhr  Zusammengesetzte Verkehrsinformation, seit 22.05.2025, 18:17 A7: Füssen/Reutte -> Ulm, zwischen 1.6 km hinter Grenztunnel Füssen und 2.7 km vor Reinertshofertunnel  Stockender Verkehr Reisezeitverlust: 1 Minuten Durchschnittsgeschwindigkeit: 19 km/h",47.5729655776421,10.6609229822828
"A7","undefined--vi-avl.2025-05-22_18-09-47-000.f_001.de0","47.62609228480907,10.636573265683218,47.618745258683916,10.661400924990415","47.62609228480907,10.636573265683218","WARNING","A7 | Nesselwang - Reinertshofertunnel"," Ulm -> Füssen/Reutte",1,"SLOW_TRAFFIC","64.5999984741211",2025-05-22,"Beginn: 22.05.25 um 18:09 Uhr  Angespannte Verkehrslage, seit 22.05.2025, 18:09 A7: Ulm -> Füssen/Reutte, zwischen 8.6 km hinter AS Nesselwang und 2.1 km vor Reinertshofertunnel  Langsamer Verkehr Reisezeitverlust: 1 Minuten Durchschnittsgeschwindigkeit: 64 km/h",47.6260922848091,10.6365732656832
"A7","undefined--vi-avl.2025-05-22_18-08-23-000.f.de0","49.12234792165272,10.244573007657344,49.14790270044442,10.26556049551506","49.12234792165272,10.244573007657344","WARNING","A7 | Dinkelsbühl/Fichtenau - Feuchtwangen-West"," Ulm -> Würzburg",5,"STATIONARY_TRAFFIC","29.700000762939453",2025-05-22,"Beginn: 22.05.25 um 18:08 Uhr  Angespannte Verkehrslage, seit 22.05.2025, 18:08 A7: Ulm -> Würzburg, zwischen 4.2 km hinter AS Dinkelsbühl/Fichtenau und 3.3 km vor AS Feuchtwangen-West  Im Stillstand Reisezeitverlust: 5 Minuten Durchschnittsgeschwindigkeit: 29 km/h",49.1223479216527,10.2445730076573
"A7","undefined--vi-avl.2025-05-22_18-20-56-000.f_008.de0","49.12234792165272,10.244573007657344,49.12234792165272,10.244573007657344","49.12234792165272,10.244573007657344","WARNING","A7 | Feuchtwangen-West - Feuchtwangen-West"," Ulm -> Würzburg",NA,"STATIONARY_TRAFFIC","13",2025-05-22,"Beginn: 22.05.25 um 19:22 Uhr  Angespannte Verkehrslage, seit 22.05.2025, 19:22 A7: Ulm -> Würzburg, 6.9 km vor AS Feuchtwangen-West, aus Richtung Dinkelsbühl/Fichtenau  Im Stillstand Durchschnittsgeschwindigkeit: 13 km/h",49.1223479216527,10.2445730076573
"A7","undefined--vi-hind.2025-05-22_19-15-49-000.f.de0","53.34088899670243,10.038870101348873,53.339844361722,10.038989014219755","53.34088899670243,10.038870101348873","WARNING","A7 | Seevetal-Ramelsloh - Hasselhöhe"," Hamburg -> Hannover",NA,NA,NA,2025-05-22,"Beginn: 22.05.25 um 19:15 Uhr  Fahrzeug-Hindernis, seit 22.05.2025, 19:15 A7: Hamburg -> Hannover, zwischen 0.2 km hinter AS Seevetal-Ramelsloh und 0.9 km vor Hasselhöhe Gefahr durch ein defektes Fahrzeug auf der Fahrbahn",53.3408889967024,10.0388701013489
"A7","undefined--vi-zus.2025-03-31_00-40-00-000.f_018.de0","53.579141433849884,9.913430072127355,53.55636870091902,9.897540700000414","53.579141433849884,9.913430072127355","WARNING","A7 | Hamburg-Volkspark - Elbtunnel (Nordportal)"," Flensburg -> Hamburg",NA,NA,NA,2025-03-31,"Beginn: 31.03.25 um 00:40 Uhr  Zusammengesetzte Verkehrsinformation, seit 31.03.2025, 00:40 A7: Flensburg -> Hamburg, zwischen 0.4 km hinter AS Hamburg-Volkspark und 0.9 km vor Elbtunnel (Nordportal)  A7 Flensburg Richtung Hamburg Ausfahrt Hamburg-Othmarschen Fahrbahnverengung, maximale Fahrbahnbreite von 4,50 m, Bauarbeiten, bis 29.09.2025",53.5791414338499,9.91343007212735
"A8","undefined--vi-zus.2025-03-26_17-59-56-000.f_013.de0","49.32575278791285,7.172731755291576,49.327350714671546,7.213275819282444","49.32575278791285,7.172731755291576","WARNING","A8 | Neunkirchen/Spiesen - Kohlhof"," Saarlouis -> Neunkirchen",NA,NA,NA,2025-03-26,"Beginn: 26.03.25 um 17:59 Uhr  Zusammengesetzte Verkehrsinformation, seit 26.03.2025, 17:59 A8: Saarlouis -> Neunkirchen, zwischen 1.5 km hinter AS Neunkirchen/Spiesen und 1.0 km vor Kohlhof  A8 Saarlouis - Neunkirchen zwischen Neunkirchen-Spiesen und Neunkirchen-Oberstadt in beiden Richtungen Bauarbeiten, bis voraussichtlich 01.06.2025",49.3257527879128,7.17273175529158
"A8","undefined--vi-zus.2025-05-14_09-26-56-000.f.de0","49.32628400979037,7.229641516813452,49.329166750017514,7.1882642393148934","49.32628400979037,7.229641516813452","WARNING","A8 | Neunkirchen-Wellesweiler - Neunkirchen/Spiesen"," Neunkirchen -> Saarlouis",NA,NA,NA,2025-05-14,"Beginn: 14.05.25 um 09:26 Uhr  Zusammengesetzte Verkehrsinformation, seit 14.05.2025, 09:26 A8: Neunkirchen -> Saarlouis, zwischen 0.4 km hinter AS Neunkirchen-Wellesweiler und 2.7 km vor AS Neunkirchen/Spiesen  A8 Saarlouis - Neunkirchen zwischen Neunkirchen-Spiesen und Neunkirchen-Oberstadt in beiden Richtungen Bauarbeiten, bis voraussichtlich 01.06.2025",49.3262840097904,7.22964151681345
"A8","undefined--vi-zus.2025-05-22_05-49-00-000.f.de0","48.9082227870433,8.681081142480707,48.90683828243787,8.77359108501125","48.9082227870433,8.681081142480707","WARNING","A8 | Pforzheim-West - Pforzheim-Süd"," Karlsruhe -> Stuttgart",9,"QUEUING_TRAFFIC","31.399999618530273",2025-05-22,"Beginn: 22.05.25 um 05:49 Uhr  Zusammengesetzte Verkehrsinformation, seit 22.05.2025, 05:49 A8: Karlsruhe -> Stuttgart, zwischen 2.0 km hinter AS Pforzheim-West und 3.4 km vor AS Pforzheim-Süd  Stockender Verkehr Reisezeitverlust: 9 Minuten Durchschnittsgeschwindigkeit: 31 km/h",48.9082227870433,8.68108114248071
"A8","undefined--vi-hind.2025-05-22_19-20-03-000.f.de0","48.907891385490316,8.658870396375162,48.91661170094527,8.718888299999938","48.907891385490316,8.658870396375162","WARNING","A8 | Pforzheim-West - Pforzheim-Ost"," Karlsruhe -> Stuttgart",NA,NA,NA,2025-05-22,"Beginn: 22.05.25 um 19:20 Uhr  Hindernis, seit 22.05.2025, 19:20 A8: Karlsruhe -> Stuttgart, zwischen 0.4 km hinter AS Pforzheim-West und 4.1 km vor AS Pforzheim-Ost  Gefahr durch Gegenstände auf der Fahrbahn",48.9078913854903,8.65887039637516
"A8","undefined--vi-zus.2025-05-22_08-03-28-000.f_005.de0","48.86995784298221,8.79051464769641,48.92451890571733,8.746677295795058","48.86995784298221,8.79051464769641","WARNING","A8 | Heimsheim - Pforzheim-Nord"," Stuttgart -> Karlsruhe",8,"QUEUING_TRAFFIC","31.5",2025-05-22,"Beginn: 22.05.25 um 08:03 Uhr  Zusammengesetzte Verkehrsinformation, seit 22.05.2025, 08:03 A8: Stuttgart -> Karlsruhe, zwischen 7.9 km hinter AS Heimsheim und 2.3 km vor AS Pforzheim-Nord  Stockender Verkehr Reisezeitverlust: 8 Minuten Durchschnittsgeschwindigkeit: 31 km/h",48.8699578429822,8.79051464769641
"A8","undefined--vi-hind.2025-05-22_19-06-00-000.f_002.de0","48.50840810094652,9.83723010000021,48.45628320094664,9.955127000000275","48.50840810094652,9.83723010000021","WARNING","A8 | Scharenstetten - Ulm-West"," Stuttgart -> München",NA,NA,NA,2025-05-22,"Beginn: 22.05.25 um 19:06 Uhr  Hindernis, seit 22.05.2025, 19:06 A8: Stuttgart -> München, zwischen Scharenstetten und 0.5 km vor AS Ulm-West  Gefahr durch Personen auf der Fahrbahn",48.5084081009465,9.83723010000021
"A8","undefined--vi-zus.2025-05-22_18-36-26-000.f.de0","48.26852234312111,11.289464574316566,48.241747079998646,11.332371656660873","48.26852234312111,11.289464574316566","WARNING","A8 | Sulzemoos - Dachau/Fürstenfeldbruck"," Stuttgart -> München",28,"STATIONARY_TRAFFIC","8.699999809265137",2025-05-22,"Beginn: 22.05.25 um 18:36 Uhr  Zusammengesetzte Verkehrsinformation, seit 22.05.2025, 18:36 A8: Stuttgart -> München, zwischen 2.0 km hinter AS Sulzemoos und 1.5 km vor AS Dachau/Fürstenfeldbruck  Im Stillstand Reisezeitverlust: 28 Minuten Durchschnittsgeschwindigkeit: 8 km/h",48.2685223431211,11.2894645743166
"A8","undefined--vi-avl.2025-05-22_18-40-05-000.f_006.de0","48.26852971235902,11.289456852271424,48.26852971235902,11.289456852271424","48.26852971235902,11.289456852271424","WARNING","A8 | Fuchsberg - Fuchsberg"," Stuttgart -> München",NA,"STATIONARY_TRAFFIC","9",2025-05-22,"Beginn: 22.05.25 um 19:22 Uhr  Angespannte Verkehrslage, seit 22.05.2025, 19:22 A8: Stuttgart -> München, 1.4 km vor Fuchsberg, aus Richtung Sulzemoos  Im Stillstand Durchschnittsgeschwindigkeit: 9 km/h",48.268529712359,11.2894568522714
"A8","undefined--vi-unf.2025-05-22_18-55-05-000.f.de0","48.24542794846451,11.324825386312144,48.23812889130831,11.339685282147686","48.24542794846451,11.324825386312144","WARNING","A8 | Fuchsberg - Dachau/Fürstenfeldbruck"," Stuttgart -> München",NA,NA,NA,2025-05-22,"Beginn: 22.05.25 um 18:55 Uhr  Unfall, seit 22.05.2025, 18:55 A8: Stuttgart -> München, zwischen 2.3 km hinter Fuchsberg und 0.9 km vor AS Dachau/Fürstenfeldbruck",48.2454279484645,11.3248253863121
"A8","undefined--vi-avl.2025-05-22_06-19-30-000.f_012.de0","47.80752759218779,12.12037193594977,47.80293337821077,12.16769406857796","47.80752759218779,12.12037193594977","WARNING","A8 | Rosenheim - Samerberg"," München -> Salzburg",8,"STATIONARY_TRAFFIC","20.899999618530273",2025-05-22,"Beginn: 22.05.25 um 06:19 Uhr  Angespannte Verkehrslage, seit 22.05.2025, 06:19 A8: München -> Salzburg, zwischen AS Rosenheim und 0.7 km vor Samerberg  Im Stillstand Reisezeitverlust: 8 Minuten Durchschnittsgeschwindigkeit: 20 km/h",47.8075275921878,12.1203719359498
"A8","undefined--vi-avl.2025-05-22_07-34-42-000.f_021.de0","47.80752759218779,12.12037193594977,47.80752759218779,12.12037193594977","47.80752759218779,12.12037193594977","WARNING","A8 | Hochstraßer See - Hochstraßer See"," München -> Salzburg",NA,"STATIONARY_TRAFFIC","12",2025-05-22,"Beginn: 22.05.25 um 19:22 Uhr  Angespannte Verkehrslage, seit 22.05.2025, 19:22 A8: München -> Salzburg, 1.2 km vor Hochstraßer See, aus Richtung Rosenheim  Im Stillstand Durchschnittsgeschwindigkeit: 12 km/h",47.8075275921878,12.1203719359498
"A8","undefined--vi-avl.2025-05-22_07-08-13-000.f_008.de0","47.79767793831929,12.228135581234843,47.80318780063311,12.30291261321011","47.79767793831929,12.228135581234843","WARNING","A8 | Achenmühle - Bernau am Chiemsee"," München -> Salzburg",25,"STATIONARY_TRAFFIC","12",2025-05-22,"Beginn: 22.05.25 um 07:08 Uhr  Angespannte Verkehrslage, seit 22.05.2025, 07:08 A8: München -> Salzburg, zwischen 0.2 km hinter Achenmühle und 4.8 km vor AS Bernau am Chiemsee  Im Stillstand Reisezeitverlust: 25 Minuten Durchschnittsgeschwindigkeit: 12 km/h",47.7976779383193,12.2281355812348
"A8","undefined--vi-avl.2025-05-22_08-15-05-000.f_020.de0","47.797690439238416,12.228240708010281,47.797690439238416,12.228240708010281","47.797690439238416,12.228240708010281","WARNING","A8 | Frasdorf - Frasdorf"," München -> Salzburg",NA,"STATIONARY_TRAFFIC","9",2025-05-22,"Beginn: 22.05.25 um 19:22 Uhr  Angespannte Verkehrslage, seit 22.05.2025, 19:22 A8: München -> Salzburg, 4.0 km vor Frasdorf, aus Richtung Achenmühle  Im Stillstand Durchschnittsgeschwindigkeit: 9 km/h",47.7976904392384,12.2282407080103
"A9","undefined--vi-avl.2025-05-22_19-17-14-000.f_001.de0","48.734219285871525,11.469796445541117,48.734219285871525,11.469796445541117","48.734219285871525,11.469796445541117","WARNING","A9 | Neuburg a.d.Donau - Ingolstadt-Süd"," München -> Nürnberg",0,"SLOW_TRAFFIC","61",2025-05-22,"Beginn: 22.05.25 um 19:17 Uhr  Angespannte Verkehrslage, seit 22.05.2025, 19:17 A9: München -> Nürnberg, zwischen 2.7 km hinter AS Neuburg a.d.Donau und 0.7 km vor AS Ingolstadt-Süd  Langsamer Verkehr Reisezeitverlust: 0 Minuten Durchschnittsgeschwindigkeit: 61 km/h",48.7342192858715,11.4697964455411
"A9","undefined--vi-unf.2025-05-22_17-33-00-000.f_004.de0","49.99956035888203,11.606882531267688,49.986543746496736,11.607651281961964","49.99956035888203,11.606882531267688","WARNING","A9 | Bindlacher Berg - Bayreuth-Nord"," Halle/Leipzig -> Nürnberg",NA,NA,NA,2025-05-22,"Beginn: 22.05.25 um 17:33 Uhr  Unfall, seit 22.05.2025, 17:33 A9: Halle/Leipzig -> Nürnberg, zwischen 1.8 km hinter AS Bindlacher Berg und 3.0 km vor AS Bayreuth-Nord",49.999560358882,11.6068825312677
"A9","undefined--vi-avl.2025-05-22_17-31-12-000.f_001.de0","50.03845494543772,11.610901923904716,50.03845494543772,11.610901923904716","50.03845494543772,11.610901923904716","WARNING","A9 | Bayreuth/Kulmbach - Bayreuth/Kulmbach"," Halle/Leipzig -> Nürnberg",NA,"STATIONARY_TRAFFIC","5",2025-05-22,"Beginn: 22.05.25 um 19:22 Uhr  Angespannte Verkehrslage, seit 22.05.2025, 19:22 A9: Halle/Leipzig -> Nürnberg, 1.6 km vor AD Bayreuth/Kulmbach, aus Richtung Bad Berneck/Himmelkron  Im Stillstand Durchschnittsgeschwindigkeit: 5 km/h",50.0384549454377,11.6109019239047
"A9","undefined--vi-zus.2025-05-22_16-59-54-000.f_002.de0","50.038399620263334,11.610853825864957,49.99547047436798,11.606804933306048","50.038399620263334,11.610853825864957","WARNING","A9 | Bad Berneck/Himmelkron - Bayreuth-Nord"," Halle/Leipzig -> Nürnberg",62,"STATIONARY_TRAFFIC","4.599999904632568",2025-05-22,"Beginn: 22.05.25 um 16:59 Uhr  Zusammengesetzte Verkehrsinformation, seit 22.05.2025, 16:59 A9: Halle/Leipzig -> Nürnberg, zwischen 1.9 km hinter AS Bad Berneck/Himmelkron und 4.0 km vor AS Bayreuth-Nord  Im Stillstand Reisezeitverlust: 62 Minuten Durchschnittsgeschwindigkeit: 4 km/h",50.0383996202633,11.610853825865
"A9","undefined--vi-hind.2025-05-22_18-56-19-000.f_001.de0","50.82772107805667,11.880513353158431,50.8290101284759,11.879758541426828","50.82772107805667,11.880513353158431","WARNING","A9 | Lederhose - Hermsdorf-Süd"," Nürnberg -> Halle/Leipzig",NA,NA,NA,2025-05-22,"Beginn: 22.05.25 um 18:56 Uhr  Fahrzeug-Hindernis, seit 22.05.2025, 18:56 A9: Nürnberg -> Halle/Leipzig, zwischen 2.7 km hinter AS Lederhose und 4.5 km vor AS Hermsdorf-Süd Gefahr durch ein defektes Fahrzeug auf der Fahrbahn",50.8277210780567,11.8805133531584
"A9","undefined--vi-avl.2025-05-22_19-05-31-000.f_005.de0","50.92486867671974,11.839325444619517,50.943516242029766,11.834359729236567","50.92486867671974,11.839325444619517","WARNING","A9 | Bad Klosterlausnitz - Kuhberg"," Nürnberg -> Halle/Leipzig",4,"STATIONARY_TRAFFIC","25.600000381469727",2025-05-22,"Beginn: 22.05.25 um 19:09 Uhr  Angespannte Verkehrslage, seit 22.05.2025, 19:09 A9: Nürnberg -> Halle/Leipzig, zwischen 1.5 km hinter AS Bad Klosterlausnitz und 2.8 km vor Kuhberg  Im Stillstand Reisezeitverlust: 4 Minuten Durchschnittsgeschwindigkeit: 25 km/h",50.9248686767197,11.8393254446195
"A9","undefined--vi-avl.2025-05-22_19-21-30-000.f_008.de0","50.92486867671974,11.839325444619517,50.92486867671974,11.839325444619517","50.92486867671974,11.839325444619517","WARNING","A9 | Kuhberg - Kuhberg"," Nürnberg -> Halle/Leipzig",NA,"STATIONARY_TRAFFIC","26",2025-05-22,"Beginn: 22.05.25 um 19:22 Uhr  Angespannte Verkehrslage, seit 22.05.2025, 19:22 A9: Nürnberg -> Halle/Leipzig, 4.9 km vor Kuhberg, aus Richtung Bad Klosterlausnitz  Im Stillstand Durchschnittsgeschwindigkeit: 26 km/h",50.9248686767197,11.8393254446195
"A10","undefined--vi-zus.2025-05-22_06-35-00-000.f.de0","52.307591019284594,12.881325987281043,52.29951177097895,12.897586434245586","52.307591019284594,12.881325987281043","WARNING","A10 | Glindow - Potsdam"," Dreieck Werder -> Schönefelder Kreuz",1,"QUEUING_TRAFFIC","35.29999923706055",2025-05-22,"Beginn: 22.05.25 um 06:35 Uhr  Zusammengesetzte Verkehrsinformation, seit 22.05.2025, 06:35 A10: Dreieck Werder -> Schönefelder Kreuz, zwischen 0.5 km hinter AS Glindow und 1.6 km vor AD Potsdam  Stockender Verkehr Reisezeitverlust: 1 Minuten Durchschnittsgeschwindigkeit: 35 km/h",52.3075910192846,12.881325987281
"A11","undefined--vi-zus.2025-05-22_19-21-00-000.f.de0","52.77288550092878,13.56334210012038,52.73057800092894,13.540096400118415","52.77288550092878,13.56334210012038","WARNING","A11 | Finowfurt - Wandlitz"," Kreuz Uckermark -> Berliner Ring",NA,NA,NA,2025-05-22,"Beginn: 22.05.25 um 19:21 Uhr  Zusammengesetzte Verkehrsinformation, seit 22.05.2025, 19:21 A11: Kreuz Uckermark -> Berliner Ring, zwischen 11.6 km hinter AS Finowfurt und 0.3 km vor AS Wandlitz  Gefahr durch Personen auf der Fahrbahn  A11 Kreuz Uckermark Richtung Berliner Ring
zwischen Lanke und Wandlitz
Gefahr durch 1 Person auf der Fahrbahn, fahren Sie bitte besonders vorsichtig, Polizei ist benachrichtigt",52.7728855009288,13.5633421001204
"A11","undefined--vi-hind.2025-05-22_17-57-11-000.f_003.de0","52.937822600929245,13.791998500147043,52.89193174342966,13.71806555297883","52.937822600929245,13.791998500147043","WARNING","A11 | Joachimsthal - Buckowsee-Ost"," Kreuz Uckermark -> Berliner Ring",NA,NA,NA,2025-05-22,"Beginn: 22.05.25 um 17:57 Uhr  Fahrzeug-Hindernis, seit 22.05.2025, 17:57 A11: Kreuz Uckermark -> Berliner Ring, zwischen 1.9 km hinter AS Joachimsthal und 1.2 km vor Buckowsee-Ost Gefahr durch ein defektes Fahrzeug auf der Fahrbahn",52.9378226009292,13.791998500147
"A12","WarnungA10Lkw3","47.61802931631098,12.202336027754352,47.61802931631098,12.202336027754352","47.61802931631098,12.202336027754352","WARNING","E45/E60 | LKW Blockabfertigung | A12-Inntal Autobahn","Richtung Italien",NA,NA,NA,2025-01-11,"Zeitraum: Beginn: 07.01.2025 Ende: 09.12.2025  Hinweis für LKW-Reisende nach Österreich: LKW-Blockabfertigungen an ausgewählten Tagen für Lkw am Grenzübergang Kufstein/Kiefersfelden. Maximaler Durchlass von 300 LKWs pro Stunde  Die genauen Ausführungszeiten und weitere Informationen auf tirol.gv.at/verkehr/verkehrs-und-seilbahnrecht/lkw-dosierung.",47.618029316311,12.2023360277544
"A12","WarnungA10Lkw2","47.6164490154047,12.202382557672273,47.6164490154047,12.202382557672273","47.6164490154047,12.202382557672273","WARNING","E43/E45/E60 | A13-Brenner Autobahn","Richtung Italien",NA,NA,NA,2025-01-11,"Zeitraum: Beginn: 11.01.2025 Ende: 27.09.2025  Hinweis für LKW-Reisende nach Österreich: LKW-Fahrverbot auf der A12-Inntal Autobahn, A13-Brenner Autobahn und A14-Rheintal/Walgau Autobahn, wenn das Ziel der Fahrt der Anschlussstelle Nößlach bis Anschlussstelle Brenner Nord der Richtungsfahrbahn Staatsgrenze der A 13 Brenner Autobahn erreicht werden soll. An ausgewählten Samstagen 7-15 Uhr sowie weiteren Tagen im Zeitraum 11.01. - 27.09.2025 Weitere Informationen auf http://asfinag.at/a13",47.6164490154047,12.2023825576723
"A17","undefined--vi-zus.2025-05-22_19-20-30-000.f.de0","50.821728403314594,13.887713027275502,50.8244130009433,13.887895800240193","50.821728403314594,13.887713027275502","WARNING","A17 | Breitenau-Schönwald - Bad Gottleuba"," Prag -> Dresden",0,"QUEUING_TRAFFIC","34.5",2025-05-22,"Beginn: 22.05.25 um 19:20 Uhr  Zusammengesetzte Verkehrsinformation, seit 22.05.2025, 19:20 A17: Prag -> Dresden, zwischen 4.7 km hinter Breitenau-Schönwald und 0.8 km vor AS Bad Gottleuba  Stockender Verkehr Reisezeitverlust: 0 Minuten Durchschnittsgeschwindigkeit: 34 km/h",50.8217284033146,13.8877130272755
"A19","undefined--vi-hind.2025-05-22_18-08-23-000.f_003.de0","53.77464264235735,12.320108124466467,53.61668080091893,12.375491000025056","53.77464264235735,12.320108124466467","WARNING","A19 | Glasewitz - Linstow"," Rostock -> Dreieck Wittstock/Dosse",NA,NA,NA,2025-05-22,"Beginn: 22.05.25 um 18:08 Uhr  Hindernis, seit 22.05.2025, 18:08 A19: Rostock -> Dreieck Wittstock/Dosse, zwischen 6.3 km hinter AS Glasewitz und AS Linstow",53.7746426423573,12.3201081244665
"A30","undefined--vi-zus.2025-05-22_19-15-49-000.f_001.de0","52.24312106978765,8.135623742798446,52.232804500928786,8.163728199999683","52.24312106978765,8.135623742798446","WARNING","A30 | Natbergen - Rottkamp-Süd"," Osnabrück -> Bad Oeynhausen",NA,NA,NA,2025-05-22,"Beginn: 22.05.25 um 19:15 Uhr  Zusammengesetzte Verkehrsinformation, seit 22.05.2025, 19:15 A30: Osnabrück -> Bad Oeynhausen, zwischen 0.4 km hinter AS Natbergen und 2.5 km vor Rottkamp-Süd  Gefahr durch Personen auf der Fahrbahn  Gefahr durch Gegenstände auf der Fahrbahn  A30 Osnabrück Richtung Bad Oeynhausen zwischen Natbergen und Bissendorf Gefahr durch Personen auf der Fahrbahn, Gefahr durch defekten LKW, Gefahr durch Reifenteile auf der Fahrbahn",52.2431210697876,8.13562374279845
"A31","undefined--vi-avl.2025-05-22_17-49-56-000.f_016.de0","52.11533598065041,7.086335600887026,52.135186734791155,7.089543852877889","52.11533598065041,7.086335600887026","WARNING","A31 | Averbeck - Gronau/Ochtrup"," Oberhausen -> Gronau",1,"SLOW_TRAFFIC","61.5",2025-05-22,"Beginn: 22.05.25 um 17:49 Uhr  Angespannte Verkehrslage, seit 22.05.2025, 17:49 A31: Oberhausen -> Gronau, zwischen 1.2 km hinter Averbeck und 6.6 km vor AS Gronau/Ochtrup  Langsamer Verkehr Reisezeitverlust: 1 Minuten Durchschnittsgeschwindigkeit: 61 km/h",52.1153359806504,7.08633560088703
"A31","undefined--vi-hind.2025-05-22_19-22-00-000.f.de0","52.14381003473881,7.090171519898933,52.14562073731604,7.0903892706528575","52.14381003473881,7.090171519898933","WARNING","A31 | Heek - Gronau/Ochtrup"," Oberhausen -> Gronau",NA,NA,NA,2025-05-22,"Beginn: 22.05.25 um 19:22 Uhr  Fahrzeug-Hindernis, seit 22.05.2025, 19:22 A31: Oberhausen -> Gronau, zwischen 2.8 km hinter AS Heek und 5.5 km vor AS Gronau/Ochtrup Gefahr durch ein defektes Fahrzeug auf der Fahrbahn",52.1438100347388,7.09017151989893
"A37","undefined--vi-zus.2025-05-20_10-04-05-000.f_002.de0","52.442156462690335,9.933442989087833,52.436581812162494,9.913211841333315","52.442156462690335,9.933442989087833","WARNING","A37 | Beinhorn - Hannover-Kirchhorst"," Celle -> Hannover",NA,NA,NA,2025-05-20,"Beginn: 20.05.25 um 10:04 Uhr  Zusammengesetzte Verkehrsinformation, seit 20.05.2025, 10:04 B3: Celle -> Hannover, zwischen 0.4 km hinter AS Beinhorn und 2.1 km vor AK Hannover-Kirchhorst  A37 Messe - Burgdorf
zwischen Kreuz Hannover-Buchholz und Beinhorn
in beiden Richtungen geänderte Verkehrsführung im Baustellenbereich, Bauarbeiten, bis 30.10.2026 ca. 18:00 Uhr",52.4421564626903,9.93344298908783
"A37","undefined--vi-zus.2025-05-20_10-04-05-000.f_003.de0","52.42566547847685,9.880479425875153,52.44102213295518,9.93161290421946","52.42566547847685,9.880479425875153","WARNING","Baustelle"," km 22.62 --> km 26.54",NA,NA,NA,2025-05-20,"Beginn: 20.05.25 um 10:04 Uhr  Zusammengesetzte Verkehrsinformation, seit 20.05.2025, 10:04 A37: km 22.62 --> km 26.54  A37 Messe - Burgdorf
zwischen Kreuz Hannover-Buchholz und Beinhorn
in beiden Richtungen geänderte Verkehrsführung im Baustellenbereich, Bauarbeiten, bis 30.10.2026 ca. 18:00 Uhr",52.4256654784769,9.88047942587515
"A40","undefined--vi-avl.2025-05-22_16-40-22-000.f_034.de0","51.46448486743929,7.073545480587631,51.45120286390773,7.02368255761967","51.46448486743929,7.073545480587631","WARNING","A40 | Essen-Kray - Essen-Zentrum"," Dortmund -> Duisburg",4,"SLOW_TRAFFIC","32",2025-05-22,"Beginn: 22.05.25 um 16:40 Uhr  Angespannte Verkehrslage, seit 22.05.2025, 16:40 A40: Dortmund -> Duisburg, zwischen 0.4 km hinter AS Essen-Kray und 1.5 km vor AS Essen-Zentrum  Langsamer Verkehr Reisezeitverlust: 4 Minuten Durchschnittsgeschwindigkeit: 32 km/h",51.4644848674393,7.07354548058763
"A40","undefined--vi-avl.2025-05-23_10-40-00-000.f_016.de0","51.49586584711128,7.188980215086521,51.49600382564044,7.189722511193523","51.49586584711128,7.188980215086521","WARNING","A40 | Bochum-West - Bochum-Freudenbergstraße"," Essen -> Dortmund",0,"STATIONARY_TRAFFIC","35",2025-05-23,"Beginn: 23.05.25 um 10:40 Uhr  Angespannte Verkehrslage, seit 23.05.2025, 10:40 A40: Essen -> Dortmund, zwischen 1.8 km hinter AD Bochum-West und 0.9 km vor AS Bochum-Freudenbergstraße  Im Stillstand Reisezeitverlust: 0 Minuten Durchschnittsgeschwindigkeit: 35 km/h",51.4958658471113,7.18898021508652
"A43","undefined--vi-avl.2025-05-22_16-03-26-000.f_011.de0","51.54967559139717,7.197404915400845,51.54967559139717,7.197404915400845","51.54967559139717,7.197404915400845","WARNING","A43 | Herne - Herne"," Recklinghausen -> Wuppertal",NA,"STATIONARY_TRAFFIC","8",2025-05-22,"Beginn: 22.05.25 um 19:22 Uhr  Angespannte Verkehrslage, seit 22.05.2025, 19:22 A43: Recklinghausen -> Wuppertal, 0.6 km vor AK Herne, aus Richtung Recklinghausen-Hochlarmark  Im Stillstand Durchschnittsgeschwindigkeit: 8 km/h",51.5496755913972,7.19740491540084
"A43","undefined--vi-avl.2025-05-22_09-25-06-000.f.de0","51.54996885181248,7.197333024534969,51.51443498155913,7.215359485727945","51.54996885181248,7.197333024534969","WARNING","A43 | Recklinghausen-Hochlarmark - Bochum-Gerthe"," Recklinghausen -> Wuppertal",9,"STATIONARY_TRAFFIC","21.200000762939453",2025-05-22,"Beginn: 22.05.25 um 09:25 Uhr  Angespannte Verkehrslage, seit 22.05.2025, 09:25 A43: Recklinghausen -> Wuppertal, zwischen 2.3 km hinter AS Recklinghausen-Hochlarmark und 3.3 km vor AS Bochum-Gerthe  Im Stillstand Reisezeitverlust: 9 Minuten Durchschnittsgeschwindigkeit: 21 km/h",51.5499688518125,7.19733302453497
"A43","undefined--vi-avl.2025-05-22_18-38-10-000.f.de0","51.90354893171212,7.448972896201215,51.90354893171212,7.448972896201215","51.90354893171212,7.448972896201215","WARNING","A43 | Nottuln - Nottuln"," Münster -> Recklinghausen",NA,"STATIONARY_TRAFFIC","11",2025-05-22,"Beginn: 22.05.25 um 19:22 Uhr  Angespannte Verkehrslage, seit 22.05.2025, 19:22 A43: Münster -> Recklinghausen, 3.0 km vor AS Nottuln, aus Richtung Senden  Im Stillstand Durchschnittsgeschwindigkeit: 11 km/h",51.9035489317121,7.44897289620121
"A43","undefined--vi-avl.2025-05-22_18-36-26-000.f.de0","51.90354893171212,7.448972896201215,51.90673711915578,7.410424223519217","51.90354893171212,7.448972896201215","WARNING","A43 | Senden - Nottuln"," Münster -> Recklinghausen",8,"STATIONARY_TRAFFIC","16.200000762939453",2025-05-22,"Beginn: 22.05.25 um 18:36 Uhr  Angespannte Verkehrslage, seit 22.05.2025, 18:36 A43: Münster -> Recklinghausen, zwischen 3.0 km hinter AS Senden und 0.3 km vor AS Nottuln  Im Stillstand Reisezeitverlust: 8 Minuten Durchschnittsgeschwindigkeit: 16 km/h",51.9035489317121,7.44897289620121
"A44","undefined--vi-avl.2025-05-22_19-01-24-000.f.de0","51.5782096583102,8.241132846565913,51.5782096583102,8.241132846565913","51.5782096583102,8.241132846565913","WARNING","A44 | Lohner Klei - Lohner Klei"," Kassel -> Dortmund",NA,"STATIONARY_TRAFFIC","13",2025-05-22,"Beginn: 22.05.25 um 19:22 Uhr  Angespannte Verkehrslage, seit 22.05.2025, 19:22 A44: Kassel -> Dortmund, 2.7 km vor Lohner Klei, aus Richtung Völlinghauser Flur  Im Stillstand Durchschnittsgeschwindigkeit: 13 km/h",51.5782096583102,8.24113284656591
"A44","undefined--vi-avl.2025-05-22_18-38-43-000.f_001.de0","51.5782096583102,8.241132846565913,51.573830305004996,8.218808528612874","51.5782096583102,8.241132846565913","WARNING","A44 | Völlinghauser Flur - Lohner Klei"," Kassel -> Dortmund",2,"STATIONARY_TRAFFIC","27.700000762939453",2025-05-22,"Beginn: 22.05.25 um 18:38 Uhr  Angespannte Verkehrslage, seit 22.05.2025, 18:38 A44: Kassel -> Dortmund, zwischen 2.7 km hinter Völlinghauser Flur und 1.1 km vor Lohner Klei  Im Stillstand Reisezeitverlust: 2 Minuten Durchschnittsgeschwindigkeit: 27 km/h",51.5782096583102,8.24113284656591
"A44","undefined--vi-avl.2025-05-22_18-33-56-000.f_001.de0","51.506550163415326,8.952539446189709,51.506550163415326,8.952539446189709","51.506550163415326,8.952539446189709","WARNING","A44 | Blankenrode - Blankenrode"," Kassel -> Dortmund",NA,"STATIONARY_TRAFFIC","7",2025-05-22,"Beginn: 22.05.25 um 19:22 Uhr  Angespannte Verkehrslage, seit 22.05.2025, 19:22 A44: Kassel -> Dortmund, 6.8 km vor Blankenrode, aus Richtung Marsberg  Im Stillstand Durchschnittsgeschwindigkeit: 7 km/h",51.5065501634153,8.95253944618971
"A44","undefined--vi-avl.2025-05-22_18-23-04-000.f_006.de0","51.50642752238788,8.9528062853649,51.534831552949704,8.89082758039465","51.50642752238788,8.9528062853649","WARNING","A44 | Am Biggenkopf - Blankenrode"," Kassel -> Dortmund",19,"STATIONARY_TRAFFIC","14.699999809265137",2025-05-22,"Beginn: 22.05.25 um 18:23 Uhr  Angespannte Verkehrslage, seit 22.05.2025, 18:23 A44: Kassel -> Dortmund, zwischen 2.5 km hinter Am Biggenkopf und 1.4 km vor Blankenrode  Im Stillstand Reisezeitverlust: 19 Minuten Durchschnittsgeschwindigkeit: 14 km/h",51.5064275223879,8.9528062853649
"A45","undefined--vi-avl.2025-05-22_12-16-16-000.f_007.de0","51.272761043843296,7.599784480704505,51.272761043843296,7.599784480704505","51.272761043843296,7.599784480704505","WARNING","A45 | Rehweg - Rehweg"," Hagen -> Gießen",NA,"STATIONARY_TRAFFIC","3",2025-05-22,"Beginn: 22.05.25 um 19:21 Uhr  Angespannte Verkehrslage, seit 22.05.2025, 19:21 A45: Hagen -> Gießen, 0.5 km vor Rehweg, aus Richtung Kaltenborn  Im Stillstand Durchschnittsgeschwindigkeit: 3 km/h",51.2727610438433,7.59978448070451
"A45","undefined--vi-avl.2025-05-22_12-15-41-000.f.de0","51.27324958202308,7.599388078198274,51.2648062046249,7.602437327354894","51.27324958202308,7.599388078198274","WARNING","A45 | Kaltenborn - Lüdenscheid-Nord"," Hagen -> Gießen",11,"STATIONARY_TRAFFIC","4.900000095367432",2025-05-22,"Beginn: 22.05.25 um 12:15 Uhr  Angespannte Verkehrslage, seit 22.05.2025, 12:15 A45: Hagen -> Gießen, zwischen 2.6 km hinter Kaltenborn und 1.0 km vor AS Lüdenscheid-Nord  Im Stillstand Reisezeitverlust: 11 Minuten Durchschnittsgeschwindigkeit: 4 km/h",51.2732495820231,7.59938807819827
"A60","undefined--vi-zus.2025-04-08_08-51-21-000.f_013.de0","49.98125533976677,8.345695317688524,49.97565770865279,8.441396718063045","49.98125533976677,8.345695317688524","WARNING","A60 | Mainspitz-Dreieck - Rüsselsheimer Dreieck"," Mainz -> Rüsselsheim",NA,NA,NA,2025-04-08,"Beginn: 08.04.25 um 08:51 Uhr  Zusammengesetzte Verkehrsinformation, seit 08.04.2025, 08:51 A60: Mainz -> Rüsselsheim, zwischen 0.5 km hinter AD Mainspitz-Dreieck und 2.2 km vor AD Rüsselsheimer Dreieck  Sperrung der A60 bei Königstädten – Grundhafte Fahrbahnerneuerung zwischen dem Rüsselsheimer Dreieck und dem Mainspitz Dreieck. Die Niederlassung West der Autobahn GmbH erneuert zwischen dem Rüsselsheimer Dreieck (30) und dem Mainspitz Dreieck (26) die Fahrbahn. Von Donnerstagmorgen (24. April) bis Mitte Juli wird die Anschlussstelle (AS) Königstädten (29) in Fahrtrichtung (FR) Mainz sowie in FR Rüsselsheimer Dreieck gesperrt. Umleitungsmöglichkeiten sind ausgeschildert: • Ausfahrt FR Mainz: Umleitung via AS Rüsselsheim-Mitte • Einfahrt FR Mainz: innerstädtische Umleitung zur AS Rüsselsheim-Mitte (Adam-Opel-Straße / Kurt-Schumacher-Ring), von Nauheim kommend via L3482 zur AS Bischofsheim • Einfahrt FR Darmstadt: innerstädtische Umleitung zur AS Rüsselsheim-Mitte (Adam-Opel-Straße / Kurt-Schumacher-Ring) Die Autobahn GmbH bittet alle Verkehrsteilnehmer um Verständnis für die unvermeidlichen Verkehrsbehinderungen, die durch die Arbeiten entstehen.",49.9812553397668,8.34569531768852
"A60","undefined--vi-zus.2025-05-03_10-55-00-000.f_003.de0","49.977457399447445,8.454646346787307,49.981587265039146,8.34517285786785","49.977457399447445,8.454646346787307","WARNING","A60 | Rüsselsheimer Dreieck - Mainspitz-Dreieck"," Rüsselsheim -> Mainz",NA,NA,NA,2025-05-03,"Beginn: 03.05.25 um 10:55 Uhr  Zusammengesetzte Verkehrsinformation, seit 03.05.2025, 10:55 A60: Rüsselsheim -> Mainz, zwischen 0.6 km hinter AD Rüsselsheimer Dreieck und 0.5 km vor AD Mainspitz-Dreieck  Sperrung der A60 bei Königstädten – Grundhafte Fahrbahnerneuerung zwischen dem Rüsselsheimer Dreieck und dem Mainspitz Dreieck. Die Niederlassung West der Autobahn GmbH erneuert zwischen dem Rüsselsheimer Dreieck (30) und dem Mainspitz Dreieck (26) die Fahrbahn. Von Donnerstagmorgen (24. April) bis Mitte Juli wird die Anschlussstelle (AS) Königstädten (29) in Fahrtrichtung (FR) Mainz sowie in FR Rüsselsheimer Dreieck gesperrt. Umleitungsmöglichkeiten sind ausgeschildert: • Ausfahrt FR Mainz: Umleitung via AS Rüsselsheim-Mitte • Einfahrt FR Mainz: innerstädtische Umleitung zur AS Rüsselsheim-Mitte (Adam-Opel-Straße / Kurt-Schumacher-Ring), von Nauheim kommend via L3482 zur AS Bischofsheim • Einfahrt FR Darmstadt: innerstädtische Umleitung zur AS Rüsselsheim-Mitte (Adam-Opel-Straße / Kurt-Schumacher-Ring) Die Autobahn GmbH bittet alle Verkehrsteilnehmer um Verständnis für die unvermeidlichen Verkehrsbehinderungen, die durch die Arbeiten entstehen.",49.9774573994474,8.45464634678731
"A61","undefined--vi-avl.2025-05-22_06-13-00-000.f.de0","51.121332298816725,6.42808701634911,51.13247170525055,6.424027422731335","51.121332298816725,6.42808701634911","WARNING","A61 | Mönchengladbach-Güdderath - Mönchengladbach-Wickrath"," Koblenz -> Mönchengladbach",1,"QUEUING_TRAFFIC","39.900001525878906",2025-05-22,"Beginn: 22.05.25 um 06:13 Uhr  Angespannte Verkehrslage, seit 22.05.2025, 06:13 A61: Koblenz -> Mönchengladbach, zwischen 0.3 km hinter AS Mönchengladbach-Güdderath und 0.9 km vor AS Mönchengladbach-Wickrath  Stockender Verkehr Reisezeitverlust: 1 Minuten Durchschnittsgeschwindigkeit: 39 km/h",51.1213322988167,6.42808701634911
"A61","undefined--vi-avl.2025-05-22_17-44-50-000.f_032.de0","51.121332298816725,6.42808701634911,51.121332298816725,6.42808701634911","51.121332298816725,6.42808701634911","WARNING","A61 | Mönchengladbach-Wickrath - Mönchengladbach-Wickrath"," Koblenz -> Mönchengladbach",NA,"QUEUING_TRAFFIC","23",2025-05-22,"Beginn: 22.05.25 um 19:22 Uhr  Angespannte Verkehrslage, seit 22.05.2025, 19:22 A61: Koblenz -> Mönchengladbach, 2.2 km vor AS Mönchengladbach-Wickrath, aus Richtung Mönchengladbach-Güdderath  Stockender Verkehr Durchschnittsgeschwindigkeit: 23 km/h",51.1213322988167,6.42808701634911
"A65","undefined--vi-avl.2025-05-22_18-33-56-000.f_018.de0","49.1308600708017,8.17039454557478,49.15537646140549,8.154914451162227","49.1308600708017,8.17039454557478","WARNING","A65 | Kandel-Nord - Insheim"," Karlsruhe -> Landau",3,"QUEUING_TRAFFIC","34.099998474121094",2025-05-22,"Beginn: 22.05.25 um 18:33 Uhr  Angespannte Verkehrslage, seit 22.05.2025, 18:33 A65: Karlsruhe -> Landau, zwischen 3.1 km hinter AS Kandel-Nord und 0.1 km vor AS Insheim  Stockender Verkehr Reisezeitverlust: 3 Minuten Durchschnittsgeschwindigkeit: 34 km/h",49.1308600708017,8.17039454557478
"A65","undefined--vi-avl.2025-05-22_19-22-30-000.f.de0","49.131076499371524,8.170301507673521,49.131076499371524,8.170301507673521","49.131076499371524,8.170301507673521","WARNING","A65 | Rohrbach - Rohrbach"," Karlsruhe -> Landau",NA,"QUEUING_TRAFFIC","16",2025-05-22,"Beginn: 22.05.25 um 19:22 Uhr  Angespannte Verkehrslage, seit 22.05.2025, 19:22 A65: Karlsruhe -> Landau, 1.0 km vor AS Rohrbach, aus Richtung Kandel-Nord  Stockender Verkehr Durchschnittsgeschwindigkeit: 16 km/h",49.1310764993715,8.17030150767352
"A65","undefined--vi-avl.2025-05-22_19-09-08-000.f_009.de0","49.22683791514732,8.14800142248533,49.21462854380047,8.142105138168976","49.22683791514732,8.14800142248533","WARNING","A65 | Pfälzer Weinstraße-Ost - Landau-Zentrum"," Ludwigshafen -> Karlsruhe",0,"SLOW_TRAFFIC","55.29999923706055",2025-05-22,"Beginn: 22.05.25 um 19:09 Uhr  Angespannte Verkehrslage, seit 22.05.2025, 19:09 A65: Ludwigshafen -> Karlsruhe, zwischen 4.6 km hinter Pfälzer Weinstraße-Ost und 2.4 km vor AS Landau-Zentrum  Langsamer Verkehr Reisezeitverlust: 0 Minuten Durchschnittsgeschwindigkeit: 55 km/h",49.2268379151473,8.14800142248533
"A67","undefined--vi-hind.2025-05-22_19-16-47-000.f_001.de0","49.93050220094143,8.489850299999869,49.96771530094127,8.468222699999862","49.93050220094143,8.489850299999869","WARNING","A67 | Büttelborn - Rüsselsheimer Dreieck"," Darmstadt -> Mönchhof-Dreieck",NA,NA,NA,2025-05-22,"Beginn: 22.05.25 um 19:16 Uhr  Hindernis, seit 22.05.2025, 19:16 A67: Darmstadt -> Mönchhof-Dreieck, zwischen 3.5 km hinter AS Büttelborn und 1.2 km vor AD Rüsselsheimer Dreieck  Gefahr durch Gegenstände auf der Fahrbahn",49.9305022009414,8.48985029999987
"A73","undefined--vi-hind.2025-05-22_18-49-35-000.f_003.de0","50.38696529046689,10.916421671343523,50.38924387792433,10.917244142829075","50.38696529046689,10.916421671343523","WARNING","A73 | Coburg - Eisfeld-Süd"," Bamberg -> Suhl",NA,NA,NA,2025-05-22,"Beginn: 22.05.25 um 18:49 Uhr  Hindernis, seit 22.05.2025, 18:49 A73: Bamberg -> Suhl, zwischen 12.7 km hinter AS Coburg und 0.1 km vor AS Eisfeld-Süd  Gefahr durch Personen auf der Fahrbahn",50.3869652904669,10.9164216713435
"A73","undefined--vi-hind.2025-05-22_18-49-35-000.f_006.de0","50.38913350093936,10.917048100002589,50.38696364240184,10.916255652980537","50.38913350093936,10.917048100002589","WARNING","A73 | Eisfeld-Süd - Coburg"," Suhl -> Bamberg",NA,NA,NA,2025-05-22,"Beginn: 22.05.25 um 18:49 Uhr  Hindernis, seit 22.05.2025, 18:49 A73: Suhl -> Bamberg, zwischen 0.1 km hinter AS Eisfeld-Süd und 12.7 km vor AS Coburg  Gefahr durch Personen auf der Fahrbahn",50.3891335009394,10.9170481000026
"A81","undefined--vi-zus.2025-05-22_19-18-11-000.f.de0","48.71111567876543,9.053661282483155,48.70236628997083,9.030355940299463","48.71111567876543,9.053661282483155","WARNING","A81 | Stuttgart - Böblingen/Sindelfingen"," Stuttgart -> Singen",0,"SLOW_TRAFFIC","57.599998474121094",2025-05-22,"Beginn: 22.05.25 um 19:18 Uhr  Zusammengesetzte Verkehrsinformation, seit 22.05.2025, 19:18 A81: Stuttgart -> Singen, zwischen 1.9 km hinter AK Stuttgart und 2.3 km vor AS Böblingen/Sindelfingen  Langsamer Verkehr Reisezeitverlust: 0 Minuten Durchschnittsgeschwindigkeit: 57 km/h",48.7111156787654,9.05366128248316
"A93","undefined--vi-zus.2025-05-22_19-04-04-000.f.de0","48.71492138029518,11.811757102104897,48.71246784505694,11.79835504962069","48.71492138029518,11.811757102104897","WARNING","A93 | Deutschmeister - Aiglsbach"," Regensburg -> Holledau",0,"SLOW_TRAFFIC","68.9000015258789",2025-05-22,"Beginn: 22.05.25 um 19:12 Uhr  Zusammengesetzte Verkehrsinformation, seit 22.05.2025, 19:12 A93: Regensburg -> Holledau, zwischen 4.3 km hinter Deutschmeister und 5.4 km vor AS Aiglsbach  Langsamer Verkehr Reisezeitverlust: 0 Minuten Durchschnittsgeschwindigkeit: 68 km/h",48.7149213802952,11.8117571021049
"A95","undefined--vi-hind.2025-05-22_18-57-23-000.f_002.de0","47.771914921139235,11.339986808419498,47.82010990838221,11.360684782262528","47.771914921139235,11.339986808419498","WARNING","A95 | Sindelsdorf - Seeshaupt"," Garmisch-Partenkirchen -> München",NA,NA,NA,2025-05-22,"Beginn: 22.05.25 um 18:57 Uhr  Hindernis, seit 22.05.2025, 18:57 A95: Garmisch-Partenkirchen -> München, zwischen 5.2 km hinter AS Sindelsdorf und 0.3 km vor AS Seeshaupt  Gefahr durch Gegenstände auf der Fahrbahn",47.7719149211392,11.3399868084195
"A96","undefined--vi-zus.2025-05-22_19-06-33-000.f.de0","47.9282606589023,10.089145054815623,47.92172767024067,10.078889219836823","47.9282606589023,10.089145054815623","WARNING","A96 | Aitrach - Aichstetten"," München -> Lindau",0,"SLOW_TRAFFIC","62.79999923706055",2025-05-22,"Beginn: 22.05.25 um 19:06 Uhr  Zusammengesetzte Verkehrsinformation, seit 22.05.2025, 19:06 A96: München -> Lindau, zwischen 0.8 km hinter AS Aitrach und 5.2 km vor AS Aichstetten  Langsamer Verkehr Reisezeitverlust: 0 Minuten Durchschnittsgeschwindigkeit: 62 km/h",47.9282606589023,10.0891450548156
"A100","undefined--vi-avl.2025-05-22_18-30-54-000.f_001.de0","52.490653141950084,13.296467451547244,52.490653141950084,13.296467451547244","52.490653141950084,13.296467451547244","WARNING","A100 | Kurfürstendamm(Schwarzbacher Straße) - Kurfürstendamm(Schwarzbacher Straße)"," Wilmersdorf -> Wedding",NA,"SLOW_TRAFFIC","22",2025-05-22,"Beginn: 22.05.25 um 19:22 Uhr  Angespannte Verkehrslage, seit 22.05.2025, 19:22 A100: Wilmersdorf -> Wedding, 0.6 km vor AS Kurfürstendamm(Schwarzbacher Straße), aus Richtung Hohenzollerndamm  Langsamer Verkehr Durchschnittsgeschwindigkeit: 22 km/h",52.4906531419501,13.2964674515472
"A100","undefined--vi-avl.2025-05-22_17-11-57-000.f_047.de0","52.490659932864055,13.296457823685792,52.50335467975652,13.282017436448047","52.490659932864055,13.296457823685792","WARNING","A100 | Hohenzollerndamm - Kaiserdamm-Süd"," Wilmersdorf -> Wedding",2,"SLOW_TRAFFIC","31.200000762939453",2025-05-22,"Beginn: 22.05.25 um 17:11 Uhr  Angespannte Verkehrslage, seit 22.05.2025, 17:11 A100: Wilmersdorf -> Wedding, zwischen 0.4 km hinter AS Hohenzollerndamm und 0.8 km vor AS Kaiserdamm-Süd  Langsamer Verkehr Reisezeitverlust: 2 Minuten Durchschnittsgeschwindigkeit: 31 km/h",52.4906599328641,13.2964578236858
"A111","undefined--vi-avl.2025-05-22_18-31-28-000.f_001.de0","52.541264728478325,13.296088699370863,52.55083422276926,13.302981785565988","52.541264728478325,13.296088699370863","WARNING","A111 | Heckerdamm - Am Festplatz"," Charlottenburg -> Dreieck Oranienburg",7,"STATIONARY_TRAFFIC","8",2025-05-22,"Beginn: 22.05.25 um 18:31 Uhr  Angespannte Verkehrslage, seit 22.05.2025, 18:31 A111: Charlottenburg -> Dreieck Oranienburg, zwischen 0.2 km hinter AS Heckerdamm und 0.2 km vor AS Am Festplatz  Im Stillstand Reisezeitverlust: 7 Minuten Durchschnittsgeschwindigkeit: 8 km/h",52.5412647284783,13.2960886993709
"A111","undefined--vi-avl.2025-05-22_19-02-54-000.f.de0","52.541145173016204,13.296024866285565,52.541145173016204,13.296024866285565","52.541145173016204,13.296024866285565","WARNING","A111 | Flughafen Tegel - Flughafen Tegel"," Charlottenburg -> Dreieck Oranienburg",NA,"STATIONARY_TRAFFIC","5",2025-05-22,"Beginn: 22.05.25 um 19:22 Uhr  Angespannte Verkehrslage, seit 22.05.2025, 19:22 A111: Charlottenburg -> Dreieck Oranienburg, 0.5 km vor AS Flughafen Tegel, aus Richtung Heckerdamm  Im Stillstand Durchschnittsgeschwindigkeit: 5 km/h",52.5411451730162,13.2960248662856
"A111","undefined--vi-unf.2025-05-22_19-10-05-000.f.de0","52.557972338628744,13.309591165089726,52.56622195256717,13.309807822200462","52.557972338628744,13.309591165089726","WARNING","A111 | Am Festplatz - Kurt-Schumacher-Platz"," Charlottenburg -> Dreieck Oranienburg",NA,NA,NA,2025-05-22,"Beginn: 22.05.25 um 19:10 Uhr  Unfall, seit 22.05.2025, 19:10 A111: Charlottenburg -> Dreieck Oranienburg, zwischen 0.7 km hinter AS Am Festplatz und 0.2 km vor AS Kurt-Schumacher-Platz",52.5579723386287,13.3095911650897
"A113","undefined--vi-zus.2025-05-22_04-29-30-000.f.de0","52.43548310093075,13.494446300119055,52.427430081232416,13.518107437510764","52.43548310093075,13.494446300119055","WARNING","A113 | Johannisthaler Chaussee - Rudower Höhe"," Neukölln -> Schönefeld",NA,NA,NA,2025-05-22,"Beginn: 22.05.25 um 04:29 Uhr  Zusammengesetzte Verkehrsinformation, seit 22.05.2025, 04:29 A113: Neukölln -> Schönefeld, zwischen 1.3 km hinter AS Johannisthaler Chaussee und 0.9 km vor Rudower Höhe  A113 Autobahnzubringer Dresden, Neukölln Richtung Schönefeld
zwischen Stubenrauchstraße und Tunnel Rudower Höhe
linker Fahrstreifen gesperrt, Bauarbeiten, bis voraussichtlich 20.06.2025",52.4354831009308,13.4944463001191
"A115","undefined--vi-zus.2025-05-22_18-11-07-000.f_003.de0","52.367484932230866,13.148246171959816,52.35527975539994,13.140533318386623","52.367484932230866,13.148246171959816","WARNING","A115 | Potsdam-Babelsberg - Potsdam-Drewitz"," Dreieck Funkturm -> Dreieck Nuthetal",NA,NA,NA,2025-05-22,"Beginn: 22.05.25 um 18:11 Uhr  Zusammengesetzte Verkehrsinformation, seit 22.05.2025, 18:11 A115: Dreieck Funkturm -> Dreieck Nuthetal, zwischen 0.6 km hinter AS Potsdam-Babelsberg und 0.3 km vor AS Potsdam-Drewitz  A115 Dreieck Funkturm Richtung Dreieck Nuthetal zwischen Potsdam-Babelsberg und Potsdam-Drewitz Gefahr durch 1 liegengebliebenes Fahrzeug auf dem Standstreifen, Polizei ist benachrichtigt, bitte vorsichtig fahren",52.3674849322309,13.1482461719598
"A115","undefined--vi-zus.2024-10-09_07-09-40-000.f_531.de0","52.40027056808641,13.185163736426698,52.44227384698058,13.202709435405149","52.40027056808641,13.185163736426698","WARNING","A115 | Am Stern - Hüttenweg"," Dreieck Nuthetal -> Dreieck Funkturm",NA,NA,NA,2024-10-09,"Beginn: 09.10.24 um 07:09 Uhr  Zusammengesetzte Verkehrsinformation, seit 09.10.2024, 07:09 A115: Dreieck Nuthetal -> Dreieck Funkturm, zwischen 2.9 km hinter Am Stern und 3.8 km vor AS Hüttenweg  A115 Autobahnzubringer Magdeburg, Dreieck Nuthetal Richtung Dreieck Funkturm, zwischen Anschlussstelle Kleinmachnow und Anschlussstelle Spanische Allee, Baustelle, bis 31.10.2026 17:00 Uhr",52.4002705680864,13.1851637364267
"A261","undefined--vi-avl.2025-05-22_13-56-11-000.f_012.de0","53.41609518685959,9.923592761602652,53.41609518685959,9.923592761602652","53.41609518685959,9.923592761602652","WARNING","A261 | Tötensen - Tötensen"," Hamburg-Südwest -> Buchholzer Dreieck",NA,"STATIONARY_TRAFFIC","27",2025-05-22,"Beginn: 22.05.25 um 19:22 Uhr  Angespannte Verkehrslage, seit 22.05.2025, 19:22 A261: Hamburg-Südwest -> Buchholzer Dreieck, 2.1 km vor AS Tötensen, aus Richtung Hamburg-Marmstorf-Lürade  Im Stillstand Durchschnittsgeschwindigkeit: 27 km/h",53.4160951868596,9.92359276160265
"A261","undefined--vi-avl.2025-05-22_10-51-59-000.f_001.de0","53.41621226798794,9.923669959465448,53.396306306328604,9.891857767228945","53.41621226798794,9.923669959465448","WARNING","A261 | Hamburg-Marmstorf-Lürade - Rosengarten-West"," Hamburg-Südwest -> Buchholzer Dreieck",5,"STATIONARY_TRAFFIC","27.5",2025-05-22,"Beginn: 22.05.25 um 10:51 Uhr  Angespannte Verkehrslage, seit 22.05.2025, 10:51 A261: Hamburg-Südwest -> Buchholzer Dreieck, zwischen 1.1 km hinter AS Hamburg-Marmstorf-Lürade und 1.0 km vor Rosengarten-West  Im Stillstand Reisezeitverlust: 5 Minuten Durchschnittsgeschwindigkeit: 27 km/h",53.4162122679879,9.92366995946545
"A555","undefined--vi-avl.2025-05-22_19-18-11-000.f.de0","50.83398208391298,6.965102393623712,50.813696394527334,6.9809597040551745","50.83398208391298,6.965102393623712","WARNING","A555 | Köln-Godorf - Wesseling"," Köln -> Bonn",1,"SLOW_TRAFFIC","52.29999923706055",2025-05-22,"Beginn: 22.05.25 um 19:18 Uhr  Angespannte Verkehrslage, seit 22.05.2025, 19:18 A555: Köln -> Bonn, zwischen 1.5 km hinter AS Köln-Godorf und 0.9 km vor AS Wesseling  Langsamer Verkehr Reisezeitverlust: 1 Minuten Durchschnittsgeschwindigkeit: 52 km/h",50.833982083913,6.96510239362371
"A659","undefined--vi-zus.2025-05-22_17-28-35-000.f_001.de0","49.54160246517662,8.606344158295158,49.548997000943004,8.631344399999902","49.54160246517662,8.606344158295158","WARNING","A659 | Viernheim-Ost - Weinheim B38"," Viernheim -> Weinheim",13,"STATIONARY_TRAFFIC","8.399999618530273",2025-05-22,"Beginn: 22.05.25 um 17:28 Uhr  Zusammengesetzte Verkehrsinformation, seit 22.05.2025, 17:28 A659: Viernheim -> Weinheim, zwischen 0.9 km hinter AS Viernheim-Ost und Weinheim B38  Im Stillstand Reisezeitverlust: 13 Minuten Durchschnittsgeschwindigkeit: 8 km/h",49.5416024651766,8.60634415829516
"A659","undefined--vi-avl.2025-05-22_17-28-35-000.f_018.de0","49.541613011011,8.606411342826725,49.541613011011,8.606411342826725","49.541613011011,8.606411342826725","WARNING","A659 | Viernheim - Viernheim"," Viernheim -> Weinheim",NA,"STATIONARY_TRAFFIC","8",2025-05-22,"Beginn: 22.05.25 um 19:21 Uhr  Angespannte Verkehrslage, seit 22.05.2025, 19:21 A659: Viernheim -> Weinheim, 0.2 km vor Viernheim, aus Richtung Viernheim-Ost  Im Stillstand Durchschnittsgeschwindigkeit: 8 km/h",49.541613011011,8.60641134282672
"A659","undefined--vi-unf.2025-05-22_17-32-02-000.f_002.de0","49.548997700943005,8.626847199999908,49.548997000943004,8.631344399999902","49.548997700943005,8.626847199999908","WARNING","A659 | Viernheim - Weinheim B38"," Viernheim -> Weinheim",NA,NA,NA,2025-05-22,"Beginn: 22.05.25 um 17:32 Uhr  Unfall, seit 22.05.2025, 17:32 A659: Viernheim -> Weinheim, zwischen 1.6 km hinter Viernheim und Weinheim B38",49.548997700943,8.62684719999991
"A861","undefined--vi-avl.2025-05-22_19-21-00-000.f.de0","47.54904851086363,7.758213318370684,47.55082232960782,7.7577804651623685","47.54904851086363,7.758213318370684","WARNING","A861 | Rheinfelden - Rheinfelden-Mitte"," Grenzübergang Rheinfelden -> Dreieck Hochrhein",0,"SLOW_TRAFFIC","12.399999618530273",2025-05-22,"Beginn: 22.05.25 um 19:21 Uhr  Angespannte Verkehrslage, seit 22.05.2025, 19:21 A861: Grenzübergang Rheinfelden -> Dreieck Hochrhein, zwischen 0.1 km hinter Rheinfelden und 2.0 km vor AS Rheinfelden-Mitte  Langsamer Verkehr Reisezeitverlust: 0 Minuten Durchschnittsgeschwindigkeit: 12 km/h",47.5490485108636,7.75821331837068
