"road","identifier","extent","point","display_type","title","subtitle","delay_minutes","abnormalTrafficType","averageSpeed","startTimestamp","description","latitude","longitude"
"A1","undefined--vi-hind.2025-05-22_18-22-25-000.f_004.de0","51.08664594851823,7.133498327674751,51.133181118592155,7.1889094595351555","51.08664594851823,7.133498327674751","WARNING","A1 | Burscheid - Wermelskirchen"," Köln -> Dortmund",NA,NA,NA,2025-05-22,"Beginn: 22.05.25 um 18:22 Uhr  Hindernis, seit 22.05.2025, 18:22 A1: Köln -> Dortmund, zwischen 0.3 km hinter AS Burscheid und 0.6 km vor AS Wermelskirchen  Gefahr durch Gegenstände auf der Fahrbahn",51.0866459485182,7.13349832767475
"A1","undefined--vi-avl.2025-05-22_19-38-31-000.f_001.de0","51.23738486702962,7.230644606890233,51.23738486702962,7.230644606890233","51.23738486702962,7.230644606890233","WARNING","A1 | Wuppertal-Ronsdorf - Wuppertal-Ronsdorf"," Dortmund -> Köln",NA,"STATIONARY_TRAFFIC","11",2025-05-22,"Beginn: 22.05.25 um 20:07 Uhr  Angespannte Verkehrslage, seit 22.05.2025, 20:07 A1: Dortmund -> Köln, 1.2 km vor AS Wuppertal-Ronsdorf, aus Richtung Ehrenberg  Im Stillstand Durchschnittsgeschwindigkeit: 11 km/h",51.2373848670296,7.23064460689023
"A1","undefined--vi-avl.2025-05-22_19-32-35-000.f.de0","51.2373219527249,7.230647059396601,51.22267102918807,7.242692576711864","51.2373219527249,7.230647059396601","WARNING","A1 | Ehrenberg - Remscheid-Lennep"," Dortmund -> Köln",6,"STATIONARY_TRAFFIC","15.800000190734863",2025-05-22,"Beginn: 22.05.25 um 19:32 Uhr  Angespannte Verkehrslage, seit 22.05.2025, 19:32 A1: Dortmund -> Köln, zwischen 3.7 km hinter Ehrenberg und 2.5 km vor AS Remscheid-Lennep  Im Stillstand Reisezeitverlust: 6 Minuten Durchschnittsgeschwindigkeit: 15 km/h",51.2373219527249,7.2306470593966
"A1","undefined--vi-avl.2025-05-22_19-54-30-000.f_005.de0","51.5217935487197,7.658037198119119,51.534640799390175,7.661037649133176","51.5217935487197,7.658037198119119","WARNING","A1 | Lichtendorf - Kamen-Zentrum"," Köln -> Münster",3,"STATIONARY_TRAFFIC","21.600000381469727",2025-05-22,"Beginn: 22.05.25 um 19:54 Uhr  Angespannte Verkehrslage, seit 22.05.2025, 19:54 A1: Köln -> Münster, zwischen 7.5 km hinter Lichtendorf und 4.6 km vor AS Kamen-Zentrum  Im Stillstand Reisezeitverlust: 3 Minuten Durchschnittsgeschwindigkeit: 21 km/h",51.5217935487197,7.65803719811912
"A1","undefined--vi-avl.2025-05-22_19-56-00-000.f_003.de0","51.5218812957509,7.658068601457867,51.5218812957509,7.658068601457867","51.5218812957509,7.658068601457867","WARNING","A1 | Dortmund/Unna - Dortmund/Unna"," Dortmund -> Münster",NA,"STATIONARY_TRAFFIC","10",2025-05-22,"Beginn: 22.05.25 um 20:07 Uhr  Angespannte Verkehrslage, seit 22.05.2025, 20:07 A1: Dortmund -> Münster, in Höhe AK Dortmund/Unna, aus Richtung Lichtendorf  Im Stillstand Durchschnittsgeschwindigkeit: 10 km/h",51.5218812957509,7.65806860145787
"A1","undefined--vi-avl.2025-05-22_19-28-08-000.f_002.de0","53.023453100923184,8.806488699999926,53.031504781587834,8.864695129206552","53.023453100923184,8.806488699999926","WARNING","A1 | Bremen/Brinkum - Bremen-Hemelingen"," Osnabrück -> Bremen",13,"STATIONARY_TRAFFIC","15.800000190734863",2025-05-22,"Beginn: 22.05.25 um 19:28 Uhr  Angespannte Verkehrslage, seit 22.05.2025, 19:28 A1: Osnabrück -> Bremen, zwischen 0.3 km hinter AS Bremen/Brinkum und 1.7 km vor AS Bremen-Hemelingen  Im Stillstand Reisezeitverlust: 13 Minuten Durchschnittsgeschwindigkeit: 15 km/h",53.0234531009232,8.80648869999993
"A1","undefined--vi-avl.2025-05-22_19-38-31-000.f_005.de0","53.023453100923184,8.806488699999926,53.023453100923184,8.806488699999926","53.023453100923184,8.806488699999926","WARNING","A1 | Krummhörens Kuhlen - Krummhörens Kuhlen"," Osnabrück -> Bremen",NA,"STATIONARY_TRAFFIC","7",2025-05-22,"Beginn: 22.05.25 um 20:07 Uhr  Angespannte Verkehrslage, seit 22.05.2025, 20:07 A1: Osnabrück -> Bremen, 1.2 km vor Krummhörens Kuhlen, aus Richtung Bremen/Brinkum  Im Stillstand Durchschnittsgeschwindigkeit: 7 km/h",53.0234531009232,8.80648869999993
"A1","undefined--vi-avl.2025-05-22_06-30-00-000.f.de0","53.03880234137913,8.899935247595252,53.031460453437994,8.864211532227444","53.03880234137913,8.899935247595252","WARNING","A1 | Mahndorfer Marsch - Bremen-Arsten"," Bremen -> Osnabrück",2,"SLOW_TRAFFIC","43.79999923706055",2025-05-22,"Beginn: 22.05.25 um 06:30 Uhr  Angespannte Verkehrslage, seit 22.05.2025, 06:30 A1: Bremen -> Osnabrück, zwischen 3.3 km hinter Mahndorfer Marsch und 0.4 km vor AS Bremen-Arsten  Langsamer Verkehr Reisezeitverlust: 2 Minuten Durchschnittsgeschwindigkeit: 43 km/h",53.0388023413791,8.89993524759525
"A1","undefined--vi-hind.2025-05-22_18-12-38-000.f_007.de0","53.9216247057803,10.725276309860094,53.946748800915785,10.747465900001654","53.9216247057803,10.725276309860094","WARNING","A1 | Sereetz - Ratekau"," Lübeck -> Fehmarn",NA,NA,NA,2025-05-22,"Beginn: 22.05.25 um 18:12 Uhr  Hindernis, seit 22.05.2025, 18:12 A1: Lübeck -> Fehmarn, zwischen 0.3 km hinter AS Sereetz und 0.3 km vor AS Ratekau  Gefahr durch Gegenstände auf der Fahrbahn",53.9216247057803,10.7252763098601
"A2","undefined--vi-avl.2025-05-22_19-42-30-000.f_005.de0","51.5386298801034,6.843310174342619,51.5389614603893,6.871131056553312","51.5386298801034,6.843310174342619","WARNING","A2 | Oberhausen - Schwarze Heide"," Oberhausen -> Dortmund",8,"STATIONARY_TRAFFIC","12",2025-05-22,"Beginn: 22.05.25 um 19:42 Uhr  Angespannte Verkehrslage, seit 22.05.2025, 19:42 A2: Oberhausen -> Dortmund, zwischen 0.6 km hinter AK Oberhausen und 1.0 km vor Schwarze Heide  Im Stillstand Reisezeitverlust: 8 Minuten Durchschnittsgeschwindigkeit: 12 km/h",51.5386298801034,6.84331017434262
"A2","undefined--vi-avl.2025-05-22_19-42-30-000.f_006.de0","51.5386298801034,6.843310174342619,51.5386298801034,6.843310174342619","51.5386298801034,6.843310174342619","WARNING","A2 | Oberhausen-Königshardt - Oberhausen-Königshardt"," Oberhausen -> Dortmund",NA,"STATIONARY_TRAFFIC","2",2025-05-22,"Beginn: 22.05.25 um 20:07 Uhr  Angespannte Verkehrslage, seit 22.05.2025, 20:07 A2: Oberhausen -> Dortmund, 1.8 km vor AS Oberhausen-Königshardt, aus Richtung Oberhausen  Im Stillstand Durchschnittsgeschwindigkeit: 2 km/h",51.5386298801034,6.84331017434262
"A2","undefined--vi-avl.2025-05-22_17-48-13-000.f_013.de0","52.226086744174665,11.039892709078236,52.21999703639568,11.055574090730355","52.226086744174665,11.039892709078236","WARNING","A2 | Helmstedt Süd - Lappwald Nord"," Braunschweig -> Magdeburg",0,"SLOW_TRAFFIC","56.599998474121094",2025-05-22,"Beginn: 22.05.25 um 17:48 Uhr  Angespannte Verkehrslage, seit 22.05.2025, 17:48 A2: Braunschweig -> Magdeburg, zwischen 1.4 km hinter Helmstedt Süd und 0.3 km vor Lappwald Nord  Langsamer Verkehr Reisezeitverlust: 0 Minuten Durchschnittsgeschwindigkeit: 56 km/h",52.2260867441747,11.0398927090782
"A2","undefined--vi-avl.2025-05-22_19-07-03-000.f_001.de0","52.208582618404186,11.152913233026773,52.208582618404186,11.152913233026773","52.208582618404186,11.152913233026773","WARNING","A2 | Alleringersleben - Alleringersleben"," Magdeburg -> Braunschweig",NA,"STATIONARY_TRAFFIC","18",2025-05-22,"Beginn: 22.05.25 um 20:07 Uhr  Angespannte Verkehrslage, seit 22.05.2025, 20:07 A2: Magdeburg -> Braunschweig, 1.3 km vor AS Alleringersleben, aus Richtung Lorkberg  Im Stillstand Durchschnittsgeschwindigkeit: 18 km/h",52.2085826184042,11.1529132330268
"A2","undefined--vi-avl.2025-05-22_19-00-23-000.f.de0","52.20859258592086,11.153307909592435,52.22429067036339,11.044959008116582","52.20859258592086,11.153307909592435","WARNING","A2 | Lorkberg - Marienborn/Helmstedt-Ost"," Magdeburg -> Braunschweig",21,"STATIONARY_TRAFFIC","17.700000762939453",2025-05-22,"Beginn: 22.05.25 um 19:00 Uhr  Angespannte Verkehrslage, seit 22.05.2025, 19:00 A2: Magdeburg -> Braunschweig, zwischen 6.5 km hinter Lorkberg und AS Marienborn/Helmstedt-Ost  Im Stillstand Reisezeitverlust: 21 Minuten Durchschnittsgeschwindigkeit: 17 km/h",52.2085925859209,11.1533079095924
"A2","undefined--vi-hind.2025-05-22_19-49-30-000.f_001.de0","52.21208841389281,11.666208810574973,52.18947356411722,11.626726124730858","52.21208841389281,11.666208810574973","WARNING","A2 | Lostau - Magdeburg-Zentrum"," Berliner Ring -> Braunschweig",NA,NA,NA,2025-05-22,"Beginn: 22.05.25 um 19:49 Uhr  Hindernis, seit 22.05.2025, 19:49 A2: Berliner Ring -> Braunschweig, zwischen 3.8 km hinter AS Lostau und 0.7 km vor AS Magdeburg-Zentrum  Gefahr durch Gegenstände auf der Fahrbahn",52.2120884138928,11.666208810575
"A2","undefined--vi-avl.2025-05-22_19-47-30-000.f_006.de0","51.53573085129945,6.829823628870554,51.5386298801034,6.843310174342619","51.53573085129945,6.829823628870554","WARNING","Baustelle"," km 473.43 --> km 472.42",8,"STATIONARY_TRAFFIC","7",2025-05-22,"Beginn: 22.05.25 um 19:47 Uhr  Angespannte Verkehrslage, seit 22.05.2025, 19:47 A2: km 473.43 --> km 472.42  Im Stillstand Reisezeitverlust: 8 Minuten Durchschnittsgeschwindigkeit: 7 km/h",51.5357308512994,6.82982362887055
"A2","undefined--vi-avl.2025-05-22_19-47-30-000.f_004.de0","51.535715713822,6.829787842314347,51.535715713822,6.829787842314347","51.535715713822,6.829787842314347","WARNING","Baustelle","",NA,"STATIONARY_TRAFFIC","6",2025-05-22,"Beginn: 22.05.25 um 20:07 Uhr  Angespannte Verkehrslage, seit 22.05.2025, 20:07 A2 O  Im Stillstand Durchschnittsgeschwindigkeit: 6 km/h",51.535715713822,6.82978784231435
"A3","undefined--vi-avl.2025-05-22_20-00-00-000.f.de0","48.564450700948356,13.383906100186541,48.57269124237038,13.371270209557936","48.564450700948356,13.383906100186541","WARNING","A3 | Passau-Mitte - Donautal"," Passau -> Nürnberg",0,"SLOW_TRAFFIC","60.599998474121094",2025-05-22,"Beginn: 22.05.25 um 20:00 Uhr  Angespannte Verkehrslage, seit 22.05.2025, 20:00 A3: Passau -> Nürnberg, zwischen 0.1 km hinter AS Passau-Mitte und 2.0 km vor Donautal  Langsamer Verkehr Reisezeitverlust: 0 Minuten Durchschnittsgeschwindigkeit: 60 km/h",48.5644507009484,13.3839061001865
"A3","undefined--vi-avl.2025-05-22_19-42-00-000.f.de0","48.76283164879853,13.057875753389531,48.77069620094684,13.041432600117641","48.76283164879853,13.057875753389531","WARNING","A3 | Manzing - Hengersberg"," Passau -> Nürnberg",0,"SLOW_TRAFFIC","71.4000015258789",2025-05-22,"Beginn: 22.05.25 um 19:42 Uhr  Angespannte Verkehrslage, seit 22.05.2025, 19:42 A3: Passau -> Nürnberg, zwischen 0.9 km hinter Manzing und AS Hengersberg  Langsamer Verkehr Reisezeitverlust: 0 Minuten Durchschnittsgeschwindigkeit: 71 km/h",48.7628316487985,13.0578757533895
"A3","undefined--vi-hind.2025-05-22_19-04-04-000.f_006.de0","49.81796216424824,9.558885235446338,49.904065870576154,9.377735380746325","49.81796216424824,9.558885235446338","WARNING","A3 | Wertheim/Lengfurt - Weibersbrunn"," Würzburg -> Frankfurt",NA,NA,NA,2025-05-22,"Beginn: 22.05.25 um 19:04 Uhr  Hindernis, seit 22.05.2025, 19:04 A3: Würzburg -> Frankfurt, zwischen 7.0 km hinter AS Wertheim/Lengfurt und 4.6 km vor AS Weibersbrunn  Gefahr durch Personen auf der Fahrbahn",49.8179621642482,9.55888523544634
"A3","undefined--vi-zus.2025-05-22_14-29-15-000.f.de0","49.83768286457999,9.514161113782883,49.858500463639885,9.486419845700008","49.83768286457999,9.514161113782883","WARNING","A3 | Bärenroth - Spessart"," Würzburg -> Frankfurt",16,"STATIONARY_TRAFFIC","10.800000190734863",2025-05-22,"Beginn: 22.05.25 um 14:29 Uhr  Zusammengesetzte Verkehrsinformation, seit 22.05.2025, 14:29 A3: Würzburg -> Frankfurt, zwischen 0.3 km hinter Bärenroth und 8.1 km vor Spessart  Im Stillstand Reisezeitverlust: 16 Minuten Durchschnittsgeschwindigkeit: 10 km/h  Gefahr durch Personen auf der Fahrbahn",49.83768286458,9.51416111378288
"A3","undefined--vi-unf.2025-05-22_14-00-56-000.f_011.de0","49.85547846149136,9.493693962645494,49.8636175724626,9.479334604289775","49.85547846149136,9.493693962645494","WARNING","A3 | Bärenroth - Spessart"," Würzburg -> Frankfurt",NA,NA,NA,2025-05-22,"Beginn: 22.05.25 um 14:00 Uhr  Unfall, seit 22.05.2025, 14:00 A3: Würzburg -> Frankfurt, zwischen 2.8 km hinter Bärenroth und 7.4 km vor Spessart",49.8554784614914,9.49369396264549
"A3","undefined--vi-avl.2025-05-22_14-39-25-000.f_009.de0","49.837626098005906,9.514268980342544,49.837626098005906,9.514268980342544","49.837626098005906,9.514268980342544","WARNING","A3 | Spessart - Spessart"," Würzburg -> Frankfurt",NA,"STATIONARY_TRAFFIC","8",2025-05-22,"Beginn: 22.05.25 um 20:07 Uhr  Angespannte Verkehrslage, seit 22.05.2025, 20:07 A3: Würzburg -> Frankfurt, 11.3 km vor Spessart, aus Richtung Bärenroth  Im Stillstand Durchschnittsgeschwindigkeit: 8 km/h",49.8376260980059,9.51426898034254
"A3","undefined--vi-hind.2025-05-22_19-04-04-000.f_007.de0","49.90417401343106,9.377065941165666,49.81792095745612,9.558432426347752","49.90417401343106,9.377065941165666","WARNING","A3 | Weibersbrunn - Marktheidenfeld"," Frankfurt -> Würzburg",NA,NA,NA,2025-05-22,"Beginn: 22.05.25 um 19:04 Uhr  Hindernis, seit 22.05.2025, 19:04 A3: Frankfurt -> Würzburg, zwischen 4.6 km hinter AS Weibersbrunn und AS Marktheidenfeld  Gefahr durch Personen auf der Fahrbahn",49.9041740134311,9.37706594116567
"A3","undefined--vi-avl.2025-05-22_19-49-30-000.f_001.de0","50.05291052153759,8.60252685338803,50.05291052153759,8.60252685338803","50.05291052153759,8.60252685338803","WARNING","A3 | Frankfurter Kreuz - Frankfurter Kreuz"," Köln -> Frankfurt",NA,"STATIONARY_TRAFFIC","25",2025-05-22,"Beginn: 22.05.25 um 20:07 Uhr  Angespannte Verkehrslage, seit 22.05.2025, 20:07 A3: Köln -> Frankfurt, 0.1 km vor AK Frankfurter Kreuz, aus Richtung Frankfurt am Main-Flughafen  Im Stillstand Durchschnittsgeschwindigkeit: 25 km/h",50.0529105215376,8.60252685338803
"A3","undefined--vi-avl.2025-05-22_19-37-30-000.f_002.de0","50.05290579033439,8.602624357132136,50.05317149761906,8.629255019019322","50.05290579033439,8.602624357132136","WARNING","A3 | Frankfurt am Main-Flughafen - Stadtwald"," Köln -> Frankfurt",3,"STATIONARY_TRAFFIC","25.100000381469727",2025-05-22,"Beginn: 22.05.25 um 19:37 Uhr  Angespannte Verkehrslage, seit 22.05.2025, 19:37 A3: Köln -> Frankfurt, zwischen 1.4 km hinter AS Frankfurt am Main-Flughafen und 0.4 km vor Stadtwald  Im Stillstand Reisezeitverlust: 3 Minuten Durchschnittsgeschwindigkeit: 25 km/h",50.0529057903344,8.60262435713214
"A4","undefined--vi-avl.2025-05-22_20-01-00-000.f.de0","50.89752900093681,6.91128359999635,50.89207581217413,6.923274345323828","50.89752900093681,6.91128359999635","WARNING","A4 | Köln-Klettenberg - Köln-Eifeltor"," Heerlen/Aachen -> Köln",0,"SLOW_TRAFFIC","56.099998474121094",2025-05-22,"Beginn: 22.05.25 um 20:01 Uhr  Angespannte Verkehrslage, seit 22.05.2025, 20:01 A4: Heerlen/Aachen -> Köln, zwischen 0.2 km hinter AS Köln-Klettenberg und 0.2 km vor AS Köln-Eifeltor  Langsamer Verkehr Reisezeitverlust: 0 Minuten Durchschnittsgeschwindigkeit: 56 km/h",50.8975290009368,6.91128359999635
"A4","undefined--vi-avl.2025-05-22_19-24-05-000.f_005.de0","50.93791052277047,11.367532096748688,50.91488487510792,11.41167752758592","50.93791052277047,11.367532096748688","WARNING","A4 | Habichtsfang - Magdala"," Erfurt -> Chemnitz",45,"STATIONARY_TRAFFIC","5.199999809265137",2025-05-22,"Beginn: 22.05.25 um 19:24 Uhr  Angespannte Verkehrslage, seit 22.05.2025, 19:24 A4: Erfurt -> Chemnitz, zwischen 0.8 km hinter Habichtsfang und 2.8 km vor AS Magdala  Im Stillstand Reisezeitverlust: 45 Minuten Durchschnittsgeschwindigkeit: 5 km/h",50.9379105227705,11.3675320967487
"A4","undefined--vi-avl.2025-05-22_19-26-30-000.f.de0","50.937892799005944,11.367872399260365,50.937892799005944,11.367872399260365","50.937892799005944,11.367872399260365","WARNING","A4 | Apolda - Apolda"," Erfurt -> Chemnitz",NA,"STATIONARY_TRAFFIC","5",2025-05-22,"Beginn: 22.05.25 um 20:07 Uhr  Angespannte Verkehrslage, seit 22.05.2025, 20:07 A4: Erfurt -> Chemnitz, 1.7 km vor AS Apolda, aus Richtung Habichtsfang  Im Stillstand Durchschnittsgeschwindigkeit: 5 km/h",50.9378927990059,11.3678723992604
"A4","undefined--vi-unf.2025-05-22_19-33-02-000.f.de0","50.897549500936826,11.43935060000738,50.87631010664459,11.502396561048915","50.897549500936826,11.43935060000738","WARNING","A4 | Apolda - Bucha"," Erfurt -> Chemnitz",NA,NA,NA,2025-05-22,"Beginn: 22.05.25 um 19:33 Uhr  Unfall, seit 22.05.2025, 19:33 A4: Erfurt -> Chemnitz, zwischen 5.2 km hinter AS Apolda und AS Bucha",50.8975495009368,11.4393506000074
"A4","undefined--vi-hind.2025-05-22_20-06-00-000.f.de0","50.88446160093708,12.15258750002558,50.87178961556164,12.221168510373618","50.88446160093708,12.15258750002558","WARNING","A4 | Gera-Leumnitz - Ronneburg"," Erfurt -> Chemnitz",NA,NA,NA,2025-05-22,"Beginn: 22.05.25 um 20:06 Uhr  Fahrzeug-Hindernis, seit 22.05.2025, 20:06 A4: Erfurt -> Chemnitz, zwischen 0.2 km hinter AS Gera-Leumnitz und 0.5 km vor AS Ronneburg Gefahr durch ein defektes Fahrzeug auf der Fahrbahn",50.8844616009371,12.1525875000256
"A4","undefined--vi-avl.2025-05-22_17-01-48-000.f_023.de0","50.837138934538665,12.494718122844056,50.84044040721613,12.5098829767425","50.837138934538665,12.494718122844056","WARNING","A4 | Glauchau-West - Glauchau-Ost"," Erfurt -> Chemnitz",0,"SLOW_TRAFFIC","50.400001525878906",2025-05-22,"Beginn: 22.05.25 um 17:01 Uhr  Angespannte Verkehrslage, seit 22.05.2025, 17:01 A4: Erfurt -> Chemnitz, zwischen 0.6 km hinter AS Glauchau-West und 2.3 km vor AS Glauchau-Ost  Langsamer Verkehr Reisezeitverlust: 0 Minuten Durchschnittsgeschwindigkeit: 50 km/h",50.8371389345387,12.4947181228441
"A4","undefined--vi-avl.2025-05-22_16-37-19-000.f_007.de0","50.841916106545895,12.528043194739613,50.84028593274674,12.506173214488944","50.841916106545895,12.528043194739613","WARNING","A4 | Glauchau-Ost - Glauchau-West"," Chemnitz -> Erfurt",1,"SLOW_TRAFFIC","52.29999923706055",2025-05-22,"Beginn: 22.05.25 um 16:37 Uhr  Angespannte Verkehrslage, seit 22.05.2025, 16:37 A4: Chemnitz -> Erfurt, zwischen 1.0 km hinter AS Glauchau-Ost und 1.5 km vor AS Glauchau-West  Langsamer Verkehr Reisezeitverlust: 1 Minuten Durchschnittsgeschwindigkeit: 52 km/h",50.8419161065459,12.5280431947396
"A4","undefined--vi-hind.2025-05-22_19-46-00-000.f.de0","50.99630286626295,13.147125716187391,50.99630286626295,13.147125716187391","50.99630286626295,13.147125716187391","WARNING","A4 | Hainichen - Berbersdorf"," Chemnitz -> Dresden",NA,NA,NA,2025-05-22,"Beginn: 22.05.25 um 19:46 Uhr  Fahrzeug-Hindernis, seit 22.05.2025, 19:46 A4: Chemnitz -> Dresden, zwischen 3.8 km hinter AS Hainichen und 3.8 km vor AS Berbersdorf Gefahr durch ein defektes Fahrzeug auf der Fahrbahn",50.996302866263,13.1471257161874
"A5","undefined--vi-avl.2025-05-22_17-57-11-000.f.de0","50.55354119606176,8.788029350177451,50.579386638280766,8.80387299606869","50.55354119606176,8.788029350177451","WARNING","A5 | Fernwald - Reiskirchen"," Frankfurt -> Kassel",9,"STATIONARY_TRAFFIC","17.299999237060547",2025-05-22,"Beginn: 22.05.25 um 17:57 Uhr  Angespannte Verkehrslage, seit 22.05.2025, 17:57 A5: Frankfurt -> Kassel, zwischen 1.1 km hinter AS Fernwald und 1.9 km vor AS Reiskirchen  Im Stillstand Reisezeitverlust: 9 Minuten Durchschnittsgeschwindigkeit: 17 km/h",50.5535411960618,8.78802935017745
"A5","undefined--vi-avl.2025-05-22_18-03-38-000.f_012.de0","50.55354119606176,8.788029350177451,50.55354119606176,8.788029350177451","50.55354119606176,8.788029350177451","WARNING","A5 | Reiskirchen - Reiskirchen"," Frankfurt -> Kassel",NA,"STATIONARY_TRAFFIC","17",2025-05-22,"Beginn: 22.05.25 um 20:07 Uhr  Angespannte Verkehrslage, seit 22.05.2025, 20:07 A5: Frankfurt -> Kassel, 5.0 km vor AS Reiskirchen, aus Richtung Fernwald  Im Stillstand Durchschnittsgeschwindigkeit: 17 km/h",50.5535411960618,8.78802935017745
"A5","undefined--vi-zus.2025-05-22_19-06-33-000.f_001.de0","50.64105599768684,8.974342154809136,50.64384583343662,8.991280979281838","50.64105599768684,8.974342154809136","WARNING","A5 | Hegberg - Homberg (Ohm)"," Frankfurt -> Kassel",3,"STATIONARY_TRAFFIC","19.899999618530273",2025-05-22,"Beginn: 22.05.25 um 19:06 Uhr  Zusammengesetzte Verkehrsinformation, seit 22.05.2025, 19:06 A5: Frankfurt -> Kassel, zwischen 0.6 km hinter Hegberg und AS Homberg (Ohm)  Gefahr durch eine ungesicherte Unfallstelle  Im Stillstand Reisezeitverlust: 3 Minuten Durchschnittsgeschwindigkeit: 19 km/h",50.6410559976868,8.97434215480914
"A5","undefined--vi-hind.2025-05-22_19-58-30-000.f_001.de0","50.64355270093811,8.989834099999998,50.708963984498254,9.063844263883844","50.64355270093811,8.989834099999998","WARNING","A5 | Hegberg - Krachgarten"," Frankfurt -> Kassel",NA,NA,NA,2025-05-22,"Beginn: 22.05.25 um 19:58 Uhr  Hindernis, seit 22.05.2025, 19:58 A5: Frankfurt -> Kassel, zwischen 1.7 km hinter Hegberg und 3.4 km vor Krachgarten  Gefahr durch eine ungesicherte Unfallstelle",50.6435527009381,8.9898341
"A5","undefined--vi-hind.2025-05-22_19-58-30-000.f_003.de0","50.64355270093811,8.989834099999998,50.708963984498254,9.063844263883844","50.64355270093811,8.989834099999998","WARNING","A5 | Hegberg - Krachgarten"," Frankfurt -> Kassel",NA,NA,NA,2025-05-22,"Beginn: 22.05.25 um 19:58 Uhr  Hindernis, seit 22.05.2025, 19:58 A5: Frankfurt -> Kassel, zwischen 1.7 km hinter Hegberg und 3.4 km vor Krachgarten  Gefahr durch eine ungesicherte Unfallstelle",50.6435527009381,8.9898341
"A5","undefined--vi-avl.2025-05-22_20-05-30-000.f_004.de0","50.64102407394598,8.974121516687065,50.64102407394598,8.974121516687065","50.64102407394598,8.974121516687065","WARNING","A5 | Homberg (Ohm) - Homberg (Ohm)"," Frankfurt -> Kassel",NA,"STATIONARY_TRAFFIC","20",2025-05-22,"Beginn: 22.05.25 um 20:07 Uhr  Angespannte Verkehrslage, seit 22.05.2025, 20:07 A5: Frankfurt -> Kassel, 1.3 km vor AS Homberg (Ohm), aus Richtung Hegberg  Im Stillstand Durchschnittsgeschwindigkeit: 20 km/h",50.641024073946,8.97412151668706
"A5","undefined--vi-zus.2025-05-22_20-05-30-000.f.de0","50.65927193754764,9.017776143025431,50.6754481440735,9.027689095711098","50.65927193754764,9.017776143025431","WARNING","A5 | Homberg (Ohm) - Krachgarten"," Frankfurt -> Kassel",8,"STATIONARY_TRAFFIC","12.600000381469727",2025-05-22,"Beginn: 22.05.25 um 20:05 Uhr  Zusammengesetzte Verkehrsinformation, seit 22.05.2025, 20:05 A5: Frankfurt -> Kassel, zwischen 2.6 km hinter AS Homberg (Ohm) und 8.1 km vor Krachgarten  Gefahr durch eine ungesicherte Unfallstelle  Im Stillstand Reisezeitverlust: 8 Minuten Durchschnittsgeschwindigkeit: 12 km/h",50.6592719375476,9.01777614302543
"A5","undefined--vi-avl.2025-05-22_20-05-30-000.f_005.de0","50.65927193754764,9.017776143025431,50.65927193754764,9.017776143025431","50.65927193754764,9.017776143025431","WARNING","A5 | Krachgarten - Krachgarten"," Frankfurt -> Kassel",NA,"STATIONARY_TRAFFIC","11",2025-05-22,"Beginn: 22.05.25 um 20:07 Uhr  Angespannte Verkehrslage, seit 22.05.2025, 20:07 A5: Frankfurt -> Kassel, 10.0 km vor Krachgarten, aus Richtung Homberg (Ohm)  Im Stillstand Durchschnittsgeschwindigkeit: 11 km/h",50.6592719375476,9.01777614302543
"A6","undefined--vi-zus.2025-05-22_19-30-00-000.f_002.de0","49.465088200943505,12.134933500029003,49.440382049972435,12.05432870185924","49.465088200943505,12.134933500029003","WARNING","A6 | Nabburg-West - Schmidgaden"," Pilsen -> Nürnberg",NA,NA,NA,2025-05-22,"Beginn: 22.05.25 um 19:30 Uhr  Zusammengesetzte Verkehrsinformation, seit 22.05.2025, 19:30 A6: Pilsen -> Nürnberg, zwischen 0.4 km hinter AS Nabburg-West und 0.3 km vor AS Schmidgaden  Gefahr durch Personen auf der Fahrbahn  A6 Pilsen Richtung Nürnberg zwischen Nabburg-West und Schmidgaden Unfall mit LKW, Standstreifen blockiert, Gefahr durch Personen auf der Fahrbahn",49.4650882009435,12.134933500029
"A6","undefined--vi-avl.2025-05-22_20-05-30-000.f_006.de0","49.63298267604683,12.455482163891759,49.63298267604683,12.455482163891759","49.63298267604683,12.455482163891759","WARNING","A6 | Ulrichsberg - Ulrichsberg"," Pilsen -> Nürnberg",NA,"STATIONARY_TRAFFIC","24",2025-05-22,"Beginn: 22.05.25 um 20:07 Uhr  Angespannte Verkehrslage, seit 22.05.2025, 20:07 A6: Pilsen -> Nürnberg, 0.3 km vor Ulrichsberg, aus Richtung Waidhaus  Im Stillstand Durchschnittsgeschwindigkeit: 24 km/h",49.6329826760468,12.4554821638918
"A6","undefined--vi-zus.2025-05-22_20-04-30-000.f.de0","49.63298267604683,12.455482163891759,49.63087810094304,12.45022460004655","49.63298267604683,12.455482163891759","WARNING","A6 | Waidhaus - Pleystein"," Pilsen -> Nürnberg",0,"STATIONARY_TRAFFIC","27.700000762939453",2025-05-22,"Beginn: 22.05.25 um 20:04 Uhr  Zusammengesetzte Verkehrsinformation, seit 22.05.2025, 20:04 A6: Pilsen -> Nürnberg, zwischen 2.6 km hinter AS Waidhaus und 2.9 km vor AS Pleystein  Im Stillstand Reisezeitverlust: 0 Minuten Durchschnittsgeschwindigkeit: 27 km/h",49.6329826760468,12.4554821638918
"A7","undefined--vi-zus.2025-05-22_18-17-35-000.f.de0","47.57144969209724,10.660382444103417,47.577037246669576,10.66215100562998","47.57144969209724,10.660382444103417","WARNING","A7 | Grenztunnel Füssen - Reinertshofertunnel"," Füssen/Reutte -> Ulm",0,"SLOW_TRAFFIC","31.200000762939453",2025-05-22,"Beginn: 22.05.25 um 18:17 Uhr  Zusammengesetzte Verkehrsinformation, seit 22.05.2025, 18:17 A7: Füssen/Reutte -> Ulm, zwischen 1.4 km hinter Grenztunnel Füssen und 2.7 km vor Reinertshofertunnel  Langsamer Verkehr Reisezeitverlust: 0 Minuten Durchschnittsgeschwindigkeit: 31 km/h",47.5714496920972,10.6603824441034
"A7","undefined--vi-avl.2025-05-22_19-49-30-000.f.de0","47.57145842080008,10.660385661305725,47.57145842080008,10.660385661305725","47.57145842080008,10.660385661305725","WARNING","A7 | Füssen - Füssen"," Füssen/Reutte -> Ulm",NA,"SLOW_TRAFFIC","15",2025-05-22,"Beginn: 22.05.25 um 20:07 Uhr  Angespannte Verkehrslage, seit 22.05.2025, 20:07 A7: Füssen/Reutte -> Ulm, 0.3 km vor AS Füssen, aus Richtung Grenztunnel Füssen  Langsamer Verkehr Durchschnittsgeschwindigkeit: 15 km/h",47.5714584208001,10.6603856613057
"A7","undefined--vi-avl.2025-05-22_20-01-00-000.f_001.de0","47.628415534869234,10.607041027652894,47.62957436572406,10.594958618406984","47.628415534869234,10.607041027652894","WARNING","A7 | Reinertshofertunnel - Nesselwang"," Füssen/Reutte -> Ulm",0,"SLOW_TRAFFIC","68.5",2025-05-22,"Beginn: 22.05.25 um 20:01 Uhr  Angespannte Verkehrslage, seit 22.05.2025, 20:01 A7: Füssen/Reutte -> Ulm, zwischen 6.8 km hinter Reinertshofertunnel und 5.4 km vor AS Nesselwang  Langsamer Verkehr Reisezeitverlust: 0 Minuten Durchschnittsgeschwindigkeit: 68 km/h",47.6284155348692,10.6070410276529
"A7","undefined--vi-hind.2025-05-22_19-56-00-000.f_002.de0","47.65342620094852,10.466118800000931,47.682482800948456,10.370736600000734","47.65342620094852,10.466118800000931","WARNING","A7 | Nesselwang - Allgäu"," Füssen/Reutte -> Ulm",NA,NA,NA,2025-05-22,"Beginn: 22.05.25 um 19:56 Uhr  Hindernis, seit 22.05.2025, 19:56 A7: Füssen/Reutte -> Ulm, zwischen 5.0 km hinter AS Nesselwang und 0.6 km vor AD Allgäu  Gefahr durch Gegenstände auf der Fahrbahn",47.6534262009485,10.4661188000009
"A7","undefined--vi-avl.2025-05-22_18-09-47-000.f_001.de0","47.62617275363063,10.640423470492248,47.61770237141563,10.661411665741468","47.62617275363063,10.640423470492248","WARNING","A7 | Nesselwang - Reinertshofertunnel"," Ulm -> Füssen/Reutte",0,"SLOW_TRAFFIC","72",2025-05-22,"Beginn: 22.05.25 um 18:09 Uhr  Angespannte Verkehrslage, seit 22.05.2025, 18:09 A7: Ulm -> Füssen/Reutte, zwischen 8.9 km hinter AS Nesselwang und 2.0 km vor Reinertshofertunnel  Langsamer Verkehr Reisezeitverlust: 0 Minuten Durchschnittsgeschwindigkeit: 72 km/h",47.6261727536306,10.6404234704922
"A7","undefined--vi-zus.2025-03-31_00-40-00-000.f_018.de0","53.579141433849884,9.913430072127355,53.55636870091902,9.897540700000414","53.579141433849884,9.913430072127355","WARNING","A7 | Hamburg-Volkspark - Elbtunnel (Nordportal)"," Flensburg -> Hamburg",NA,NA,NA,2025-03-31,"Beginn: 31.03.25 um 00:40 Uhr  Zusammengesetzte Verkehrsinformation, seit 31.03.2025, 00:40 A7: Flensburg -> Hamburg, zwischen 0.4 km hinter AS Hamburg-Volkspark und 0.9 km vor Elbtunnel (Nordportal)  A7 Flensburg Richtung Hamburg Ausfahrt Hamburg-Othmarschen Fahrbahnverengung, maximale Fahrbahnbreite von 4,50 m, Bauarbeiten, bis 29.09.2025",53.5791414338499,9.91343007212735
"A8","undefined--vi-zus.2025-03-26_17-59-56-000.f_013.de0","49.32575278791285,7.172731755291576,49.327350714671546,7.213275819282444","49.32575278791285,7.172731755291576","WARNING","A8 | Neunkirchen/Spiesen - Kohlhof"," Saarlouis -> Neunkirchen",NA,NA,NA,2025-03-26,"Beginn: 26.03.25 um 17:59 Uhr  Zusammengesetzte Verkehrsinformation, seit 26.03.2025, 17:59 A8: Saarlouis -> Neunkirchen, zwischen 1.5 km hinter AS Neunkirchen/Spiesen und 1.0 km vor Kohlhof  A8 Saarlouis - Neunkirchen zwischen Neunkirchen-Spiesen und Neunkirchen-Oberstadt in beiden Richtungen Bauarbeiten, bis voraussichtlich 01.06.2025",49.3257527879128,7.17273175529158
"A8","undefined--vi-zus.2025-05-14_09-26-56-000.f.de0","49.32628400979037,7.229641516813452,49.329166750017514,7.1882642393148934","49.32628400979037,7.229641516813452","WARNING","A8 | Neunkirchen-Wellesweiler - Neunkirchen/Spiesen"," Neunkirchen -> Saarlouis",NA,NA,NA,2025-05-14,"Beginn: 14.05.25 um 09:26 Uhr  Zusammengesetzte Verkehrsinformation, seit 14.05.2025, 09:26 A8: Neunkirchen -> Saarlouis, zwischen 0.4 km hinter AS Neunkirchen-Wellesweiler und 2.7 km vor AS Neunkirchen/Spiesen  A8 Saarlouis - Neunkirchen zwischen Neunkirchen-Spiesen und Neunkirchen-Oberstadt in beiden Richtungen Bauarbeiten, bis voraussichtlich 01.06.2025",49.3262840097904,7.22964151681345
"A8","undefined--vi-avl.2025-05-22_19-56-00-000.f.de0","48.887852734095254,8.787135881387586,48.86548047692167,8.792136645405796","48.887852734095254,8.787135881387586","WARNING","A8 | Pforzheim - Heimsheim"," Karlsruhe -> Stuttgart",6,"STATIONARY_TRAFFIC","20",2025-05-22,"Beginn: 22.05.25 um 19:56 Uhr  Angespannte Verkehrslage, seit 22.05.2025, 19:56 A8: Karlsruhe -> Stuttgart, zwischen 2.5 km hinter Pforzheim und 7.4 km vor AS Heimsheim  Im Stillstand Reisezeitverlust: 6 Minuten Durchschnittsgeschwindigkeit: 20 km/h",48.8878527340953,8.78713588138759
"A8","undefined--vi-avl.2025-05-22_19-59-30-000.f_002.de0","48.88787056648715,8.787132260688916,48.88787056648715,8.787132260688916","48.88787056648715,8.787132260688916","WARNING","A8 | Pforzheim-Süd - Pforzheim-Süd"," Karlsruhe -> Stuttgart",NA,"STATIONARY_TRAFFIC","20",2025-05-22,"Beginn: 22.05.25 um 20:07 Uhr  Angespannte Verkehrslage, seit 22.05.2025, 20:07 A8: Karlsruhe -> Stuttgart, 1.0 km vor AS Pforzheim-Süd, aus Richtung Pforzheim  Im Stillstand Durchschnittsgeschwindigkeit: 20 km/h",48.8878705664872,8.78713226068892
"A8","undefined--vi-avl.2025-05-22_06-19-30-000.f_012.de0","47.8068573356313,12.128785515189868,47.80394240094832,12.160497100035558","47.8068573356313,12.128785515189868","WARNING","A8 | Rosenheim - Rohrdorf"," München -> Salzburg",5,"STATIONARY_TRAFFIC","22.399999618530273",2025-05-22,"Beginn: 22.05.25 um 06:19 Uhr  Angespannte Verkehrslage, seit 22.05.2025, 06:19 A8: München -> Salzburg, zwischen 0.7 km hinter AS Rosenheim und 0.2 km vor AS Rohrdorf  Im Stillstand Reisezeitverlust: 5 Minuten Durchschnittsgeschwindigkeit: 22 km/h",47.8068573356313,12.1287855151899
"A8","undefined--vi-avl.2025-05-22_07-34-42-000.f_021.de0","47.8068573356313,12.128785515189868,47.8068573356313,12.128785515189868","47.8068573356313,12.128785515189868","WARNING","A8 | Hochstraßer See - Hochstraßer See"," München -> Salzburg",NA,"STATIONARY_TRAFFIC","21",2025-05-22,"Beginn: 22.05.25 um 20:07 Uhr  Angespannte Verkehrslage, seit 22.05.2025, 20:07 A8: München -> Salzburg, 0.6 km vor Hochstraßer See, aus Richtung Rosenheim  Im Stillstand Durchschnittsgeschwindigkeit: 21 km/h",47.8068573356313,12.1287855151899
"A8","undefined--vi-avl.2025-05-22_07-08-13-000.f_008.de0","47.79813749604403,12.250411382969887,47.802654734475325,12.305152256656276","47.79813749604403,12.250411382969887","WARNING","A8 | Achenmühle - Bernau am Chiemsee"," München -> Salzburg",14,"STATIONARY_TRAFFIC","14.899999618530273",2025-05-22,"Beginn: 22.05.25 um 07:08 Uhr  Angespannte Verkehrslage, seit 22.05.2025, 07:08 A8: München -> Salzburg, zwischen 1.9 km hinter Achenmühle und 4.7 km vor AS Bernau am Chiemsee  Im Stillstand Reisezeitverlust: 14 Minuten Durchschnittsgeschwindigkeit: 14 km/h",47.798137496044,12.2504113829699
"A8","undefined--vi-avl.2025-05-22_08-15-05-000.f_020.de0","47.798127962778224,12.250278696160057,47.798127962778224,12.250278696160057","47.798127962778224,12.250278696160057","WARNING","A8 | Frasdorf - Frasdorf"," München -> Salzburg",NA,"STATIONARY_TRAFFIC","9",2025-05-22,"Beginn: 22.05.25 um 20:07 Uhr  Angespannte Verkehrslage, seit 22.05.2025, 20:07 A8: München -> Salzburg, 2.3 km vor Frasdorf, aus Richtung Achenmühle  Im Stillstand Durchschnittsgeschwindigkeit: 9 km/h",47.7981279627782,12.2502786961601
"A9","undefined--vi-avl.2025-05-22_20-05-30-000.f_003.de0","48.558897657086305,11.58839407851483,48.54987523061674,11.592148137782067","48.558897657086305,11.58839407851483","WARNING","A9 | Holledau - Pfaffenhofen a.d.Ilm"," Nürnberg -> München",0,"SLOW_TRAFFIC","54.29999923706055",2025-05-22,"Beginn: 22.05.25 um 20:05 Uhr  Angespannte Verkehrslage, seit 22.05.2025, 20:05 A9: Nürnberg -> München, zwischen 2.4 km hinter AD Holledau und 5.4 km vor AS Pfaffenhofen a.d.Ilm  Langsamer Verkehr Reisezeitverlust: 0 Minuten Durchschnittsgeschwindigkeit: 54 km/h",48.5588976570863,11.5883940785148
"A9","undefined--vi-zus.2025-05-22_19-46-00-000.f.de0","48.7298153536198,11.473138888862705,48.74841455321889,11.459133011615268","48.7298153536198,11.473138888862705","WARNING","A9 | Neuburg a.d.Donau - Ingolstadt-Süd"," München -> Nürnberg",5,"STATIONARY_TRAFFIC","21.200000762939453",2025-05-22,"Beginn: 22.05.25 um 19:46 Uhr  Zusammengesetzte Verkehrsinformation, seit 22.05.2025, 19:46 A9: München -> Nürnberg, zwischen 2.1 km hinter AS Neuburg a.d.Donau und 0.3 km vor AS Ingolstadt-Süd  Im Stillstand Reisezeitverlust: 5 Minuten Durchschnittsgeschwindigkeit: 21 km/h",48.7298153536198,11.4731388888627
"A9","undefined--vi-avl.2025-05-22_20-01-00-000.f_002.de0","48.7298153536198,11.473138888862705,48.7298153536198,11.473138888862705","48.7298153536198,11.473138888862705","WARNING","A9 | Ingolstadt-Süd - Ingolstadt-Süd"," München -> Nürnberg",NA,"STATIONARY_TRAFFIC","15",2025-05-22,"Beginn: 22.05.25 um 20:07 Uhr  Angespannte Verkehrslage, seit 22.05.2025, 20:07 A9: München -> Nürnberg, 2.6 km vor AS Ingolstadt-Süd, aus Richtung Neuburg a.d.Donau  Im Stillstand Durchschnittsgeschwindigkeit: 15 km/h",48.7298153536198,11.4731388888627
"A9","undefined--vi-hind.2025-05-22_18-56-19-000.f_004.de0","50.82772107805667,11.880513353158431,50.8290101284759,11.879758541426828","50.82772107805667,11.880513353158431","WARNING","A9 | Lederhose - Hermsdorf-Süd"," Nürnberg -> Halle/Leipzig",NA,NA,NA,2025-05-22,"Beginn: 22.05.25 um 18:56 Uhr  Fahrzeug-Hindernis, seit 22.05.2025, 18:56 A9: Nürnberg -> Halle/Leipzig, zwischen 2.7 km hinter AS Lederhose und 4.5 km vor AS Hermsdorf-Süd Gefahr durch ein defektes Fahrzeug auf der Fahrbahn",50.8277210780567,11.8805133531584
"A9","undefined--vi-avl.2025-05-22_19-05-31-000.f_005.de0","50.92276383973578,11.839929625674793,50.95187213152183,11.837059480990261","50.92276383973578,11.839929625674793","WARNING","A9 | Bad Klosterlausnitz - Kuhberg"," Nürnberg -> Halle/Leipzig",5,"STATIONARY_TRAFFIC","28.899999618530273",2025-05-22,"Beginn: 22.05.25 um 19:09 Uhr  Angespannte Verkehrslage, seit 22.05.2025, 19:09 A9: Nürnberg -> Halle/Leipzig, zwischen 1.3 km hinter AS Bad Klosterlausnitz und 1.9 km vor Kuhberg  Im Stillstand Reisezeitverlust: 5 Minuten Durchschnittsgeschwindigkeit: 28 km/h",50.9227638397358,11.8399296256748
"A9","undefined--vi-avl.2025-05-22_19-21-30-000.f_008.de0","50.92276383973578,11.839929625674793,50.92276383973578,11.839929625674793","50.92276383973578,11.839929625674793","WARNING","A9 | Kuhberg - Kuhberg"," Nürnberg -> Halle/Leipzig",NA,"STATIONARY_TRAFFIC","14",2025-05-22,"Beginn: 22.05.25 um 20:07 Uhr  Angespannte Verkehrslage, seit 22.05.2025, 20:07 A9: Nürnberg -> Halle/Leipzig, 5.2 km vor Kuhberg, aus Richtung Bad Klosterlausnitz  Im Stillstand Durchschnittsgeschwindigkeit: 14 km/h",50.9227638397358,11.8399296256748
"A9","undefined--vi-avl.2025-05-22_20-00-00-000.f_001.de0","50.911157151702,11.841515490398724,50.90098420038902,11.843105602594079","50.911157151702,11.841515490398724","WARNING","A9 | Kuhberg - Hermsdorfer Kreuz"," Halle/Leipzig -> Nürnberg",0,"SLOW_TRAFFIC","56.900001525878906",2025-05-22,"Beginn: 22.05.25 um 20:05 Uhr  Angespannte Verkehrslage, seit 22.05.2025, 20:05 A9: Halle/Leipzig -> Nürnberg, zwischen 6.5 km hinter Kuhberg und 2.3 km vor AK Hermsdorfer Kreuz  Langsamer Verkehr Reisezeitverlust: 0 Minuten Durchschnittsgeschwindigkeit: 56 km/h",50.911157151702,11.8415154903987
"A11","undefined--vi-zus.2025-05-22_19-21-00-000.f_002.de0","52.77288550092878,13.56334210012038,52.73057800092894,13.540096400118415","52.77288550092878,13.56334210012038","WARNING","A11 | Finowfurt - Wandlitz"," Kreuz Uckermark -> Berliner Ring",NA,NA,NA,2025-05-22,"Beginn: 22.05.25 um 19:21 Uhr  Zusammengesetzte Verkehrsinformation, seit 22.05.2025, 19:21 A11: Kreuz Uckermark -> Berliner Ring, zwischen 11.6 km hinter AS Finowfurt und 0.3 km vor AS Wandlitz  Gefahr durch Personen auf der Fahrbahn  A11 Kreuz Uckermark Richtung Berliner Ring zwischen Lanke und Wandlitz Gefahr durch 1 Person auf der Fahrbahn, fahren Sie bitte besonders vorsichtig, Polizei ist benachrichtigt",52.7728855009288,13.5633421001204
"A12","WarnungA10Lkw3","47.61802931631098,12.202336027754352,47.61802931631098,12.202336027754352","47.61802931631098,12.202336027754352","WARNING","E45/E60 | LKW Blockabfertigung | A12-Inntal Autobahn","Richtung Italien",NA,NA,NA,2025-01-11,"Zeitraum: Beginn: 07.01.2025 Ende: 09.12.2025  Hinweis für LKW-Reisende nach Österreich: LKW-Blockabfertigungen an ausgewählten Tagen für Lkw am Grenzübergang Kufstein/Kiefersfelden. Maximaler Durchlass von 300 LKWs pro Stunde  Die genauen Ausführungszeiten und weitere Informationen auf tirol.gv.at/verkehr/verkehrs-und-seilbahnrecht/lkw-dosierung.",47.618029316311,12.2023360277544
"A12","WarnungA10Lkw2","47.6164490154047,12.202382557672273,47.6164490154047,12.202382557672273","47.6164490154047,12.202382557672273","WARNING","E43/E45/E60 | A13-Brenner Autobahn","Richtung Italien",NA,NA,NA,2025-01-11,"Zeitraum: Beginn: 11.01.2025 Ende: 27.09.2025  Hinweis für LKW-Reisende nach Österreich: LKW-Fahrverbot auf der A12-Inntal Autobahn, A13-Brenner Autobahn und A14-Rheintal/Walgau Autobahn, wenn das Ziel der Fahrt der Anschlussstelle Nößlach bis Anschlussstelle Brenner Nord der Richtungsfahrbahn Staatsgrenze der A 13 Brenner Autobahn erreicht werden soll. An ausgewählten Samstagen 7-15 Uhr sowie weiteren Tagen im Zeitraum 11.01. - 27.09.2025 Weitere Informationen auf http://asfinag.at/a13",47.6164490154047,12.2023825576723
"A15","undefined--vi-avl.2025-05-22_19-49-30-000.f_003.de0","51.707436229347316,14.409662913357797,51.70743960865035,14.432105135058007","51.707436229347316,14.409662913357797","WARNING","A15 | Cottbus-Süd - Roggosen"," Cottbus -> Breslau",0,"SLOW_TRAFFIC","70",2025-05-22,"Beginn: 22.05.25 um 19:49 Uhr  Angespannte Verkehrslage, seit 22.05.2025, 19:49 A15: Cottbus -> Breslau, zwischen 4.4 km hinter AS Cottbus-Süd und 2.4 km vor AS Roggosen  Langsamer Verkehr Reisezeitverlust: 0 Minuten Durchschnittsgeschwindigkeit: 70 km/h",51.7074362293473,14.4096629133578
"A17","undefined--vi-avl.2025-05-22_19-59-30-000.f_001.de0","51.04390247805722,13.60754335823591,51.038028200939976,13.612512800172082","51.04390247805722,13.60754335823591","WARNING","A17 | Dresden-West - Dresden-Gorbitz"," Dresden -> Prag",1,"QUEUING_TRAFFIC","31.700000762939453",2025-05-22,"Beginn: 22.05.25 um 19:59 Uhr  Angespannte Verkehrslage, seit 22.05.2025, 19:59 A17: Dresden -> Prag, zwischen 2.2 km hinter AD Dresden-West und AS Dresden-Gorbitz  Stockender Verkehr Reisezeitverlust: 1 Minuten Durchschnittsgeschwindigkeit: 31 km/h",51.0439024780572,13.6075433582359
"A17","undefined--vi-avl.2025-05-22_20-01-00-000.f_005.de0","51.04390247805722,13.60754335823591,51.04390247805722,13.60754335823591","51.04390247805722,13.60754335823591","WARNING","A17 | Dresden-Gorbitz - Dresden-Gorbitz"," Dresden -> Prag",NA,"QUEUING_TRAFFIC","15",2025-05-22,"Beginn: 22.05.25 um 20:07 Uhr  Angespannte Verkehrslage, seit 22.05.2025, 20:07 A17: Dresden -> Prag, 0.8 km vor AS Dresden-Gorbitz, aus Richtung Dresden-West  Stockender Verkehr Durchschnittsgeschwindigkeit: 15 km/h",51.0439024780572,13.6075433582359
"A17","undefined--vi-avl.2025-05-22_20-05-30-000.f.de0","50.821728403314594,13.887713027275502,50.821728403314594,13.887713027275502","50.821728403314594,13.887713027275502","WARNING","A17 | Am Heidenholz - Am Heidenholz"," Prag -> Dresden",NA,"QUEUING_TRAFFIC","27",2025-05-22,"Beginn: 22.05.25 um 20:07 Uhr  Angespannte Verkehrslage, seit 22.05.2025, 20:07 A17: Prag -> Dresden, in Höhe Am Heidenholz, aus Richtung Breitenau-Schönwald  Stockender Verkehr Durchschnittsgeschwindigkeit: 27 km/h",50.8217284033146,13.8877130272755
"A17","undefined--vi-zus.2025-05-22_20-04-00-000.f.de0","50.82179980606782,13.887725487318814,50.82713299600389,13.887562977689061","50.82179980606782,13.887725487318814","WARNING","A17 | Breitenau-Schönwald - Bad Gottleuba"," Prag -> Dresden",0,"QUEUING_TRAFFIC","41.400001525878906",2025-05-22,"Beginn: 22.05.25 um 20:04 Uhr  Zusammengesetzte Verkehrsinformation, seit 22.05.2025, 20:04 A17: Prag -> Dresden, zwischen 4.7 km hinter Breitenau-Schönwald und 0.5 km vor AS Bad Gottleuba  Stockender Verkehr Reisezeitverlust: 0 Minuten Durchschnittsgeschwindigkeit: 41 km/h",50.8217998060678,13.8877254873188
"A19","undefined--vi-hind.2025-05-22_18-08-23-000.f_004.de0","53.77464264235735,12.320108124466467,53.61668080091893,12.375491000025056","53.77464264235735,12.320108124466467","WARNING","A19 | Glasewitz - Linstow"," Rostock -> Dreieck Wittstock/Dosse",NA,NA,NA,2025-05-22,"Beginn: 22.05.25 um 18:08 Uhr  Hindernis, seit 22.05.2025, 18:08 A19: Rostock -> Dreieck Wittstock/Dosse, zwischen 6.3 km hinter AS Glasewitz und AS Linstow",53.7746426423573,12.3201081244665
"A23","undefined--vi-avl.2025-05-22_19-31-30-000.f_002.de0","53.685617965367804,9.789550120663073,53.685617965367804,9.789550120663073","53.685617965367804,9.789550120663073","WARNING","A23 | Pinneberg-Nord - Pinneberg-Nord"," Heide -> Hamburg",NA,"STATIONARY_TRAFFIC","4",2025-05-22,"Beginn: 22.05.25 um 20:07 Uhr  Angespannte Verkehrslage, seit 22.05.2025, 20:07 A23: Heide -> Hamburg, 0.9 km vor AS Pinneberg-Nord, aus Richtung Forst Rantzau Süd  Im Stillstand Durchschnittsgeschwindigkeit: 4 km/h",53.6856179653678,9.78955012066307
"A23","undefined--vi-avl.2025-05-22_19-30-30-000.f.de0","53.685617965367804,9.789550120663073,53.67835910091804,9.797528500000368","53.685617965367804,9.789550120663073","WARNING","A23 | Forst Rantzau Süd - Pinneberg-Mitte"," Heide -> Hamburg",6,"STATIONARY_TRAFFIC","7.900000095367432",2025-05-22,"Beginn: 22.05.25 um 19:30 Uhr  Angespannte Verkehrslage, seit 22.05.2025, 19:30 A23: Heide -> Hamburg, zwischen 2.2 km hinter Forst Rantzau Süd und 3.1 km vor AS Pinneberg-Mitte  Im Stillstand Reisezeitverlust: 6 Minuten Durchschnittsgeschwindigkeit: 7 km/h",53.6856179653678,9.78955012066307
"A31","undefined--vi-avl.2025-05-22_17-49-56-000.f_016.de0","52.11533598065041,7.086335600887026,52.135186734791155,7.089543852877889","52.11533598065041,7.086335600887026","WARNING","A31 | Averbeck - Gronau/Ochtrup"," Oberhausen -> Gronau",1,"SLOW_TRAFFIC","58.70000076293945",2025-05-22,"Beginn: 22.05.25 um 17:49 Uhr  Angespannte Verkehrslage, seit 22.05.2025, 17:49 A31: Oberhausen -> Gronau, zwischen 1.2 km hinter Averbeck und 6.6 km vor AS Gronau/Ochtrup  Langsamer Verkehr Reisezeitverlust: 1 Minuten Durchschnittsgeschwindigkeit: 58 km/h",52.1153359806504,7.08633560088703
"A37","undefined--vi-zus.2025-05-20_10-04-05-000.f_002.de0","52.442156462690335,9.933442989087833,52.436581812162494,9.913211841333315","52.442156462690335,9.933442989087833","WARNING","A37 | Beinhorn - Hannover-Kirchhorst"," Celle -> Hannover",NA,NA,NA,2025-05-20,"Beginn: 20.05.25 um 10:04 Uhr  Zusammengesetzte Verkehrsinformation, seit 20.05.2025, 10:04 B3: Celle -> Hannover, zwischen 0.4 km hinter AS Beinhorn und 2.1 km vor AK Hannover-Kirchhorst  A37 Messe - Burgdorf
zwischen Kreuz Hannover-Buchholz und Beinhorn
in beiden Richtungen geänderte Verkehrsführung im Baustellenbereich, Bauarbeiten, bis 30.10.2026 ca. 18:00 Uhr",52.4421564626903,9.93344298908783
"A37","undefined--vi-zus.2025-05-20_10-04-05-000.f_003.de0","52.42566547847685,9.880479425875153,52.44102213295518,9.93161290421946","52.42566547847685,9.880479425875153","WARNING","Baustelle"," km 22.62 --> km 26.54",NA,NA,NA,2025-05-20,"Beginn: 20.05.25 um 10:04 Uhr  Zusammengesetzte Verkehrsinformation, seit 20.05.2025, 10:04 A37: km 22.62 --> km 26.54  A37 Messe - Burgdorf
zwischen Kreuz Hannover-Buchholz und Beinhorn
in beiden Richtungen geänderte Verkehrsführung im Baustellenbereich, Bauarbeiten, bis 30.10.2026 ca. 18:00 Uhr",52.4256654784769,9.88047942587515
"A40","undefined--vi-avl.2025-05-23_10-40-00-000.f_018.de0","51.49586584711128,7.188980215086521,51.49600382564044,7.189722511193523","51.49586584711128,7.188980215086521","WARNING","A40 | Bochum-West - Bochum-Freudenbergstraße"," Essen -> Dortmund",0,"STATIONARY_TRAFFIC","35",2025-05-23,"Beginn: 23.05.25 um 10:40 Uhr  Angespannte Verkehrslage, seit 23.05.2025, 10:40 A40: Essen -> Dortmund, zwischen 1.8 km hinter AD Bochum-West und 0.9 km vor AS Bochum-Freudenbergstraße  Im Stillstand Reisezeitverlust: 0 Minuten Durchschnittsgeschwindigkeit: 35 km/h",51.4958658471113,7.18898021508652
"A43","undefined--vi-avl.2025-05-22_09-25-06-000.f.de0","51.52461967248778,7.20842763656949,51.51532094732563,7.214098137210236","51.52461967248778,7.20842763656949","WARNING","A43 | Herne-Eickel - Bochum-Gerthe"," Recklinghausen -> Wuppertal",0,"SLOW_TRAFFIC","61",2025-05-22,"Beginn: 22.05.25 um 09:25 Uhr  Angespannte Verkehrslage, seit 22.05.2025, 09:25 A43: Recklinghausen -> Wuppertal, zwischen 0.9 km hinter AS Herne-Eickel und 3.4 km vor AS Bochum-Gerthe  Langsamer Verkehr Reisezeitverlust: 0 Minuten Durchschnittsgeschwindigkeit: 61 km/h",51.5246196724878,7.20842763656949
"A43","undefined--vi-avl.2025-05-22_18-38-10-000.f.de0","51.90387370920126,7.437366386794827,51.90387370920126,7.437366386794827","51.90387370920126,7.437366386794827","WARNING","A43 | Nottuln - Nottuln"," Münster -> Recklinghausen",NA,"STATIONARY_TRAFFIC","12",2025-05-22,"Beginn: 22.05.25 um 20:07 Uhr  Angespannte Verkehrslage, seit 22.05.2025, 20:07 A43: Münster -> Recklinghausen, 2.2 km vor AS Nottuln, aus Richtung Senden  Im Stillstand Durchschnittsgeschwindigkeit: 12 km/h",51.9038737092013,7.43736638679483
"A43","undefined--vi-avl.2025-05-22_18-36-26-000.f.de0","51.90387370920126,7.437366386794827,51.90673711915578,7.410424223519217","51.90387370920126,7.437366386794827","WARNING","A43 | Senden - Nottuln"," Münster -> Recklinghausen",4,"STATIONARY_TRAFFIC","22",2025-05-22,"Beginn: 22.05.25 um 18:36 Uhr  Angespannte Verkehrslage, seit 22.05.2025, 18:36 A43: Münster -> Recklinghausen, zwischen 3.8 km hinter AS Senden und 0.3 km vor AS Nottuln  Im Stillstand Reisezeitverlust: 4 Minuten Durchschnittsgeschwindigkeit: 22 km/h",51.9038737092013,7.43736638679483
"A44","undefined--vi-avl.2025-05-22_19-41-33-000.f.de0","51.52645728617376,7.801299058582329,51.5330901009332,7.857236499999488","51.52645728617376,7.801299058582329","WARNING","A44 | Buchenhain - Am Haarstrang"," Dortmund -> Kassel",8,"STATIONARY_TRAFFIC","24",2025-05-22,"Beginn: 22.05.25 um 19:41 Uhr  Angespannte Verkehrslage, seit 22.05.2025, 19:41 A44: Dortmund -> Kassel, zwischen 0.6 km hinter Buchenhain und 0.2 km vor Am Haarstrang  Im Stillstand Reisezeitverlust: 8 Minuten Durchschnittsgeschwindigkeit: 24 km/h",51.5264572861738,7.80129905858233
"A44","undefined--vi-avl.2025-05-22_20-03-30-000.f_004.de0","51.52645728617376,7.801299058582329,51.52645728617376,7.801299058582329","51.52645728617376,7.801299058582329","WARNING","A44 | Am Haarstrang - Am Haarstrang"," Dortmund -> Kassel",NA,"STATIONARY_TRAFFIC","22",2025-05-22,"Beginn: 22.05.25 um 20:07 Uhr  Angespannte Verkehrslage, seit 22.05.2025, 20:07 A44: Dortmund -> Kassel, 4.3 km vor Am Haarstrang, aus Richtung Buchenhain  Im Stillstand Durchschnittsgeschwindigkeit: 22 km/h",51.5264572861738,7.80129905858233
"A44","undefined--vi-avl.2025-05-22_18-38-43-000.f_001.de0","51.57740352717801,8.23592309020764,51.573830305004996,8.218808528612874","51.57740352717801,8.23592309020764","WARNING","A44 | Völlinghauser Flur - Lohner Klei"," Kassel -> Dortmund",0,"SLOW_TRAFFIC","56.099998474121094",2025-05-22,"Beginn: 22.05.25 um 18:38 Uhr  Angespannte Verkehrslage, seit 22.05.2025, 18:38 A44: Kassel -> Dortmund, zwischen 3.0 km hinter Völlinghauser Flur und 1.1 km vor Lohner Klei  Langsamer Verkehr Reisezeitverlust: 0 Minuten Durchschnittsgeschwindigkeit: 56 km/h",51.577403527178,8.23592309020764
"A44","undefined--vi-avl.2025-05-22_18-33-56-000.f_001.de0","51.509037478080394,8.948468105101592,51.509037478080394,8.948468105101592","51.509037478080394,8.948468105101592","WARNING","A44 | Blankenrode - Blankenrode"," Kassel -> Dortmund",NA,"STATIONARY_TRAFFIC","7",2025-05-22,"Beginn: 22.05.25 um 20:07 Uhr  Angespannte Verkehrslage, seit 22.05.2025, 20:07 A44: Kassel -> Dortmund, 6.4 km vor Blankenrode, aus Richtung Marsberg  Im Stillstand Durchschnittsgeschwindigkeit: 7 km/h",51.5090374780804,8.94846810510159
"A44","undefined--vi-avl.2025-05-22_18-23-04-000.f_006.de0","51.509037478080394,8.948468105101592,51.53524847671271,8.88919965741539","51.509037478080394,8.948468105101592","WARNING","A44 | Marsberg - Blankenrode"," Kassel -> Dortmund",17,"STATIONARY_TRAFFIC","15.300000190734863",2025-05-22,"Beginn: 22.05.25 um 18:23 Uhr  Angespannte Verkehrslage, seit 22.05.2025, 18:23 A44: Kassel -> Dortmund, zwischen 0.4 km hinter AS Marsberg und 1.3 km vor Blankenrode  Im Stillstand Reisezeitverlust: 17 Minuten Durchschnittsgeschwindigkeit: 15 km/h",51.5090374780804,8.94846810510159
"A44","undefined--vi-avl.2025-05-22_19-44-30-000.f_002.de0","51.27331087203311,9.414327271151192,51.26722468095996,9.433791333827386","51.27331087203311,9.414327271151192","WARNING","A44 | Kassel-Bad Wilhelmshöhe - Kassel-West"," Dortmund -> Kassel",1,"QUEUING_TRAFFIC","35.400001525878906",2025-05-22,"Beginn: 22.05.25 um 19:44 Uhr  Angespannte Verkehrslage, seit 22.05.2025, 19:44 A44: Dortmund -> Kassel, zwischen 1.3 km hinter AS Kassel-Bad Wilhelmshöhe und 1.3 km vor AK Kassel-West  Stockender Verkehr Reisezeitverlust: 1 Minuten Durchschnittsgeschwindigkeit: 35 km/h",51.2733108720331,9.41432727115119
"A45","undefined--vi-avl.2025-05-22_12-16-16-000.f_007.de0","51.270596947257516,7.600831916485575,51.270596947257516,7.600831916485575","51.270596947257516,7.600831916485575","WARNING","A45 | Rehweg - Rehweg"," Hagen -> Gießen",NA,"STATIONARY_TRAFFIC","3",2025-05-22,"Beginn: 22.05.25 um 20:07 Uhr  Angespannte Verkehrslage, seit 22.05.2025, 20:07 A45: Hagen -> Gießen, 0.3 km vor Rehweg, aus Richtung Kaltenborn  Im Stillstand Durchschnittsgeschwindigkeit: 3 km/h",51.2705969472575,7.60083191648557
"A45","undefined--vi-avl.2025-05-22_12-15-41-000.f.de0","51.27119102033463,7.600601589894081,51.26417655734046,7.602675014641066","51.27119102033463,7.600601589894081","WARNING","A45 | Kaltenborn - Lüdenscheid-Nord"," Hagen -> Gießen",5,"STATIONARY_TRAFFIC","7.400000095367432",2025-05-22,"Beginn: 22.05.25 um 12:15 Uhr  Angespannte Verkehrslage, seit 22.05.2025, 12:15 A45: Hagen -> Gießen, zwischen 2.9 km hinter Kaltenborn und 0.9 km vor AS Lüdenscheid-Nord  Im Stillstand Reisezeitverlust: 5 Minuten Durchschnittsgeschwindigkeit: 7 km/h",51.2711910203346,7.60060158989408
"A46","undefined--vi-avl.2025-05-22_20-02-30-000.f_001.de0","51.30260164310944,7.222782162422249,51.29432075584534,7.20904458492097","51.30260164310944,7.222782162422249","WARNING","A46 | Holtkamp - Wuppertal-Wichlinghausen"," Wuppertal -> Düsseldorf",0,"SLOW_TRAFFIC","49.099998474121094",2025-05-22,"Beginn: 22.05.25 um 20:02 Uhr  Angespannte Verkehrslage, seit 22.05.2025, 20:02 A46: Wuppertal -> Düsseldorf, zwischen 0.9 km hinter Holtkamp und 0.5 km vor AS Wuppertal-Wichlinghausen  Langsamer Verkehr Reisezeitverlust: 0 Minuten Durchschnittsgeschwindigkeit: 49 km/h",51.3026016431094,7.22278216242225
"A52","undefined--vi-hind.2025-05-22_19-27-00-000.f_001.de0","51.263944597491815,6.795287945128769,51.263944597491815,6.795287945128769","51.263944597491815,6.795287945128769","WARNING","Baustelle"," km 54.00 --> km 54.02",NA,NA,NA,2025-05-22,"Beginn: 22.05.25 um 19:27 Uhr  Fahrzeug-Hindernis, seit 22.05.2025, 19:27 A52: km 54.00 --> km 54.02 Gefahr durch ein defektes Fahrzeug auf der Fahrbahn",51.2639445974918,6.79528794512877
"A59","undefined--vi-avl.2025-05-22_19-56-36-000.f.de0","51.462775088473194,6.769453022480794,51.47393554007158,6.765991872485608","51.462775088473194,6.769453022480794","WARNING","A59 | Duisburg-Ruhrort - Duisburg-Nord"," Duisburg -> Dinslaken",1,"QUEUING_TRAFFIC","32.099998474121094",2025-05-22,"Beginn: 22.05.25 um 19:56 Uhr  Angespannte Verkehrslage, seit 22.05.2025, 19:56 A59: Duisburg -> Dinslaken, zwischen AS Duisburg-Ruhrort und 1.1 km vor AK Duisburg-Nord  Stockender Verkehr Reisezeitverlust: 1 Minuten Durchschnittsgeschwindigkeit: 32 km/h",51.4627750884732,6.76945302248079
"A59","undefined--vi-avl.2025-05-22_19-57-30-000.f_005.de0","51.462775088473194,6.769453022480794,51.462775088473194,6.769453022480794","51.462775088473194,6.769453022480794","WARNING","A59 | Duisburg-Meiderich - Duisburg-Meiderich"," Duisburg -> Dinslaken",NA,"QUEUING_TRAFFIC","16",2025-05-22,"Beginn: 22.05.25 um 20:07 Uhr  Angespannte Verkehrslage, seit 22.05.2025, 20:07 A59: Duisburg -> Dinslaken, 0.8 km vor AS Duisburg-Meiderich, aus Richtung Duisburg-Ruhrort  Stockender Verkehr Durchschnittsgeschwindigkeit: 16 km/h",51.4627750884732,6.76945302248079
"A60","undefined--vi-zus.2025-04-08_08-51-21-000.f_013.de0","49.98125533976677,8.345695317688524,49.97565770865279,8.441396718063045","49.98125533976677,8.345695317688524","WARNING","A60 | Mainspitz-Dreieck - Rüsselsheimer Dreieck"," Mainz -> Rüsselsheim",NA,NA,NA,2025-04-08,"Beginn: 08.04.25 um 08:51 Uhr  Zusammengesetzte Verkehrsinformation, seit 08.04.2025, 08:51 A60: Mainz -> Rüsselsheim, zwischen 0.5 km hinter AD Mainspitz-Dreieck und 2.2 km vor AD Rüsselsheimer Dreieck  Sperrung der A60 bei Königstädten – Grundhafte Fahrbahnerneuerung zwischen dem Rüsselsheimer Dreieck und dem Mainspitz Dreieck. Die Niederlassung West der Autobahn GmbH erneuert zwischen dem Rüsselsheimer Dreieck (30) und dem Mainspitz Dreieck (26) die Fahrbahn. Von Donnerstagmorgen (24. April) bis Mitte Juli wird die Anschlussstelle (AS) Königstädten (29) in Fahrtrichtung (FR) Mainz sowie in FR Rüsselsheimer Dreieck gesperrt. Umleitungsmöglichkeiten sind ausgeschildert: • Ausfahrt FR Mainz: Umleitung via AS Rüsselsheim-Mitte • Einfahrt FR Mainz: innerstädtische Umleitung zur AS Rüsselsheim-Mitte (Adam-Opel-Straße / Kurt-Schumacher-Ring), von Nauheim kommend via L3482 zur AS Bischofsheim • Einfahrt FR Darmstadt: innerstädtische Umleitung zur AS Rüsselsheim-Mitte (Adam-Opel-Straße / Kurt-Schumacher-Ring) Die Autobahn GmbH bittet alle Verkehrsteilnehmer um Verständnis für die unvermeidlichen Verkehrsbehinderungen, die durch die Arbeiten entstehen.",49.9812553397668,8.34569531768852
"A60","undefined--vi-zus.2025-05-03_10-55-00-000.f_003.de0","49.977457399447445,8.454646346787307,49.981587265039146,8.34517285786785","49.977457399447445,8.454646346787307","WARNING","A60 | Rüsselsheimer Dreieck - Mainspitz-Dreieck"," Rüsselsheim -> Mainz",NA,NA,NA,2025-05-03,"Beginn: 03.05.25 um 10:55 Uhr  Zusammengesetzte Verkehrsinformation, seit 03.05.2025, 10:55 A60: Rüsselsheim -> Mainz, zwischen 0.6 km hinter AD Rüsselsheimer Dreieck und 0.5 km vor AD Mainspitz-Dreieck  Sperrung der A60 bei Königstädten – Grundhafte Fahrbahnerneuerung zwischen dem Rüsselsheimer Dreieck und dem Mainspitz Dreieck. Die Niederlassung West der Autobahn GmbH erneuert zwischen dem Rüsselsheimer Dreieck (30) und dem Mainspitz Dreieck (26) die Fahrbahn. Von Donnerstagmorgen (24. April) bis Mitte Juli wird die Anschlussstelle (AS) Königstädten (29) in Fahrtrichtung (FR) Mainz sowie in FR Rüsselsheimer Dreieck gesperrt. Umleitungsmöglichkeiten sind ausgeschildert: • Ausfahrt FR Mainz: Umleitung via AS Rüsselsheim-Mitte • Einfahrt FR Mainz: innerstädtische Umleitung zur AS Rüsselsheim-Mitte (Adam-Opel-Straße / Kurt-Schumacher-Ring), von Nauheim kommend via L3482 zur AS Bischofsheim • Einfahrt FR Darmstadt: innerstädtische Umleitung zur AS Rüsselsheim-Mitte (Adam-Opel-Straße / Kurt-Schumacher-Ring) Die Autobahn GmbH bittet alle Verkehrsteilnehmer um Verständnis für die unvermeidlichen Verkehrsbehinderungen, die durch die Arbeiten entstehen.",49.9774573994474,8.45464634678731
"A61","undefined--vi-hind.2025-05-22_19-33-02-000.f_003.de0","50.74984600093757,6.860110299995903,50.718436400937726,6.895044499996178","50.74984600093757,6.860110299995903","WARNING","A61 | Bliesheim - Swisttal"," Mönchengladbach -> Koblenz",NA,NA,NA,2025-05-22,"Beginn: 22.05.25 um 19:33 Uhr  Hindernis, seit 22.05.2025, 19:33 A61: Mönchengladbach -> Koblenz, zwischen 3.7 km hinter AK Bliesheim und 0.4 km vor AS Swisttal  Gefahr durch Gegenstände auf der Fahrbahn",50.7498460009376,6.8601102999959
"A65","undefined--vi-avl.2025-05-22_20-06-35-000.f.de0","49.2253667323836,8.147273929712469,49.21462854380047,8.142105138168976","49.2253667323836,8.147273929712469","WARNING","A65 | Landau-Dammheim - Landau-Zentrum"," Ludwigshafen -> Karlsruhe",0,"SLOW_TRAFFIC","57.79999923706055",2025-05-22,"Beginn: 22.05.25 um 20:06 Uhr  Angespannte Verkehrslage, seit 22.05.2025, 20:06 A65: Ludwigshafen -> Karlsruhe, zwischen AS Landau-Dammheim und 2.4 km vor AS Landau-Zentrum  Langsamer Verkehr Reisezeitverlust: 0 Minuten Durchschnittsgeschwindigkeit: 57 km/h",49.2253667323836,8.14727392971247
"A72","undefined--vi-hind.2025-05-22_19-54-00-000.f_001.de0","50.38980873690478,11.980092059583718,50.43547630093932,12.09220010002442","50.38980873690478,11.980092059583718","WARNING","A72 | Landesgrenze - Vogtland Süd"," Hof -> Plauen",NA,NA,NA,2025-05-22,"Beginn: 22.05.25 um 19:54 Uhr  Fahrzeug-Hindernis, seit 22.05.2025, 19:54 A72: Hof -> Plauen, zwischen Landesgrenze und 2.9 km vor Vogtland Süd Gefahr durch ein defektes Fahrzeug auf der Fahrbahn",50.3898087369048,11.9800920595837
"A73","undefined--vi-hind.2025-05-22_18-49-35-000.f_010.de0","50.38696529046689,10.916421671343523,50.38924387792433,10.917244142829075","50.38696529046689,10.916421671343523","WARNING","A73 | Coburg - Eisfeld-Süd"," Bamberg -> Suhl",NA,NA,NA,2025-05-22,"Beginn: 22.05.25 um 18:49 Uhr  Hindernis, seit 22.05.2025, 18:49 A73: Bamberg -> Suhl, zwischen 12.7 km hinter AS Coburg und 0.1 km vor AS Eisfeld-Süd  Gefahr durch Personen auf der Fahrbahn",50.3869652904669,10.9164216713435
"A73","undefined--vi-hind.2025-05-22_18-49-35-000.f_009.de0","50.38913350093936,10.917048100002589,50.38696364240184,10.916255652980537","50.38913350093936,10.917048100002589","WARNING","A73 | Eisfeld-Süd - Coburg"," Suhl -> Bamberg",NA,NA,NA,2025-05-22,"Beginn: 22.05.25 um 18:49 Uhr  Hindernis, seit 22.05.2025, 18:49 A73: Suhl -> Bamberg, zwischen 0.1 km hinter AS Eisfeld-Süd und 12.7 km vor AS Coburg  Gefahr durch Personen auf der Fahrbahn",50.3891335009394,10.9170481000026
"A93","undefined--vi-zus.2025-05-22_20-07-30-000.f.de0","48.71498032756402,11.811893666317989,48.71262419190551,11.798962901482922","48.71498032756402,11.811893666317989","WARNING","A93 | Deutschmeister - Aiglsbach"," Regensburg -> Holledau",0,"SLOW_TRAFFIC","64",2025-05-22,"Beginn: 22.05.25 um 20:07 Uhr  Zusammengesetzte Verkehrsinformation, seit 22.05.2025, 20:07 A93: Regensburg -> Holledau, zwischen 4.2 km hinter Deutschmeister und 5.5 km vor AS Aiglsbach  Langsamer Verkehr Reisezeitverlust: 0 Minuten Durchschnittsgeschwindigkeit: 64 km/h",48.714980327564,11.811893666318
"A93","undefined--vi-avl.2025-05-22_20-01-34-000.f.de0","49.026585800945035,12.071237900027294,49.01477460094506,12.064523800027018","49.026585800945035,12.071237900027294","WARNING","A93 | Regensburg-Pfaffenstein - Regensburg-Königswiesen"," Regensburg -> Holledau",0,"SLOW_TRAFFIC","43.70000076293945",2025-05-22,"Beginn: 22.05.25 um 20:01 Uhr  Angespannte Verkehrslage, seit 22.05.2025, 20:01 A93: Regensburg -> Holledau, zwischen 0.7 km hinter AS Regensburg-Pfaffenstein und 0.5 km vor AS Regensburg-Königswiesen  Langsamer Verkehr Reisezeitverlust: 0 Minuten Durchschnittsgeschwindigkeit: 43 km/h",49.026585800945,12.0712379000273
"A96","undefined--vi-zus.2025-05-22_19-06-33-000.f.de0","47.9282606589023,10.089145054815623,47.92172767024067,10.078889219836823","47.9282606589023,10.089145054815623","WARNING","A96 | Aitrach - Aichstetten"," München -> Lindau",0,"SLOW_TRAFFIC","68.9000015258789",2025-05-22,"Beginn: 22.05.25 um 19:06 Uhr  Zusammengesetzte Verkehrsinformation, seit 22.05.2025, 19:06 A96: München -> Lindau, zwischen 0.8 km hinter AS Aitrach und 5.2 km vor AS Aichstetten  Langsamer Verkehr Reisezeitverlust: 0 Minuten Durchschnittsgeschwindigkeit: 68 km/h",47.9282606589023,10.0891450548156
"A111","undefined--vi-avl.2025-05-22_19-31-30-000.f_005.de0","52.55299812530728,13.304890158927781,52.559792255444115,13.310898005240858","52.55299812530728,13.304890158927781","WARNING","A111 | Am Festplatz - Flughafen Tegel"," Charlottenburg -> Dreieck Oranienburg",1,"QUEUING_TRAFFIC","24.5",2025-05-22,"Beginn: 22.05.25 um 19:31 Uhr  Angespannte Verkehrslage, seit 22.05.2025, 19:31 A111: Charlottenburg -> Dreieck Oranienburg, zwischen 0.1 km hinter AS Am Festplatz und 0.2 km vor Flughafen Tegel  Stockender Verkehr Reisezeitverlust: 1 Minuten Durchschnittsgeschwindigkeit: 24 km/h",52.5529981253073,13.3048901589278
"A111","undefined--vi-avl.2025-05-22_19-31-30-000.f_001.de0","52.55299812530728,13.304890158927781,52.55299812530728,13.304890158927781","52.55299812530728,13.304890158927781","WARNING","A111 | Flughafen Tegel - Flughafen Tegel"," Charlottenburg -> Dreieck Oranienburg",NA,"QUEUING_TRAFFIC","12",2025-05-22,"Beginn: 22.05.25 um 20:07 Uhr  Angespannte Verkehrslage, seit 22.05.2025, 20:07 A111: Charlottenburg -> Dreieck Oranienburg, 1.0 km vor Flughafen Tegel, aus Richtung Am Festplatz  Stockender Verkehr Durchschnittsgeschwindigkeit: 12 km/h",52.5529981253073,13.3048901589278
"A113","undefined--vi-zus.2025-05-22_04-29-30-000.f.de0","52.43548310093075,13.494446300119055,52.427430081232416,13.518107437510764","52.43548310093075,13.494446300119055","WARNING","A113 | Johannisthaler Chaussee - Rudower Höhe"," Neukölln -> Schönefeld",NA,NA,NA,2025-05-22,"Beginn: 22.05.25 um 04:29 Uhr  Zusammengesetzte Verkehrsinformation, seit 22.05.2025, 04:29 A113: Neukölln -> Schönefeld, zwischen 1.3 km hinter AS Johannisthaler Chaussee und 0.9 km vor Rudower Höhe  A113 Autobahnzubringer Dresden, Neukölln Richtung Schönefeld
zwischen Stubenrauchstraße und Tunnel Rudower Höhe
linker Fahrstreifen gesperrt, Bauarbeiten, bis voraussichtlich 20.06.2025",52.4354831009308,13.4944463001191
"A115","undefined--vi-zus.2025-05-22_18-11-07-000.f_004.de0","52.367484932230866,13.148246171959816,52.35527975539994,13.140533318386623","52.367484932230866,13.148246171959816","WARNING","A115 | Potsdam-Babelsberg - Potsdam-Drewitz"," Dreieck Funkturm -> Dreieck Nuthetal",NA,NA,NA,2025-05-22,"Beginn: 22.05.25 um 18:11 Uhr  Zusammengesetzte Verkehrsinformation, seit 22.05.2025, 18:11 A115: Dreieck Funkturm -> Dreieck Nuthetal, zwischen 0.6 km hinter AS Potsdam-Babelsberg und 0.3 km vor AS Potsdam-Drewitz  A115 Dreieck Funkturm Richtung Dreieck Nuthetal zwischen Potsdam-Babelsberg und Potsdam-Drewitz Gefahr durch 1 liegengebliebenes Fahrzeug auf dem Standstreifen, Polizei ist benachrichtigt, bitte vorsichtig fahren",52.3674849322309,13.1482461719598
"A115","undefined--vi-zus.2024-10-09_07-09-40-000.f_531.de0","52.40027056808641,13.185163736426698,52.44227384698058,13.202709435405149","52.40027056808641,13.185163736426698","WARNING","A115 | Am Stern - Hüttenweg"," Dreieck Nuthetal -> Dreieck Funkturm",NA,NA,NA,2024-10-09,"Beginn: 09.10.24 um 07:09 Uhr  Zusammengesetzte Verkehrsinformation, seit 09.10.2024, 07:09 A115: Dreieck Nuthetal -> Dreieck Funkturm, zwischen 2.9 km hinter Am Stern und 3.8 km vor AS Hüttenweg  A115 Autobahnzubringer Magdeburg, Dreieck Nuthetal Richtung Dreieck Funkturm, zwischen Anschlussstelle Kleinmachnow und Anschlussstelle Spanische Allee, Baustelle, bis 31.10.2026 17:00 Uhr",52.4002705680864,13.1851637364267
"A555","undefined--vi-hind.2025-05-22_19-46-30-000.f_001.de0","50.766889466685605,7.0283473412242765,50.80626736622824,6.99453591582262","50.766889466685605,7.0283473412242765","WARNING","A555 | Bornheim (Rhld.) - Wesseling"," Bonn -> Köln",NA,NA,NA,2025-05-22,"Beginn: 22.05.25 um 19:46 Uhr  Hindernis, seit 22.05.2025, 19:46 A555: Bonn -> Köln, zwischen 0.3 km hinter AS Bornheim (Rhld.) und 0.3 km vor AS Wesseling  Gefahr durch Gegenstände auf der Fahrbahn",50.7668894666856,7.02834734122428
