"road","identifier","extent","point","display_type","title","subtitle","delay_minutes","abnormalTrafficType","averageSpeed","startTimestamp","description","latitude","longitude"
"A1","undefined--vi-hind.2025-05-21_21-19-30-000.f.de0","49.51796522499419,6.996126746849417,49.50681820094318,6.992774899996669","49.51796522499419,6.996126746849417","WARNING","A1 | Peterberg - Sombach Mühle"," Trier -> Saarbrücken",NA,NA,NA,2025-05-21,"Beginn: 21.05.25 um 21:19 Uhr  Hindernis, seit 21.05.2025, 21:19 A1: Trier -> Saarbrücken, zwischen 3.2 km hinter Peterberg und 0.2 km vor Sombach Mühle  Gefahr durch Gegenstände auf der Fahrbahn",49.5179652249942,6.99612674684942
"A1","undefined--vi-avl.2025-05-21_20-25-30-000.f.de0","51.524579091942,7.65884116557556,51.53720667096887,7.661595081548403","51.524579091942,7.65884116557556","WARNING","A1 | Dortmund/Unna - Kamen-Zentrum"," Dortmund -> Münster",2,"QUEUING_TRAFFIC","28.700000762939453",2025-05-21,"Beginn: 21.05.25 um 20:25 Uhr  Angespannte Verkehrslage, seit 21.05.2025, 20:25 A1: Dortmund -> Münster, zwischen 0.3 km hinter AK Dortmund/Unna und 4.3 km vor AS Kamen-Zentrum  Stockender Verkehr Reisezeitverlust: 2 Minuten Durchschnittsgeschwindigkeit: 28 km/h",51.524579091942,7.65884116557556
"A1","undefined--vi-avl.2025-05-21_21-09-30-000.f_002.de0","51.52459690804233,7.65884506594132,51.52459690804233,7.65884506594132","51.52459690804233,7.65884506594132","WARNING","A1 | Unna - Unna"," Dortmund -> Münster",NA,"QUEUING_TRAFFIC","12",2025-05-21,"Beginn: 21.05.25 um 21:21 Uhr  Angespannte Verkehrslage, seit 21.05.2025, 21:21 A1: Dortmund -> Münster, 0.2 km vor AS Unna, aus Richtung Dortmund/Unna  Stockender Verkehr Durchschnittsgeschwindigkeit: 12 km/h",51.5245969080423,7.65884506594132
"A1","undefined--vi-avl.2025-05-21_19-47-33-000.f.de0","53.021446380871396,8.78787913126121,53.023686967128945,8.821174190676407","53.021446380871396,8.78787913126121","WARNING","A1 | Stuhr - Krummhörens Kuhlen"," Osnabrück -> Bremen",5,"STATIONARY_TRAFFIC","21.299999237060547",2025-05-21,"Beginn: 21.05.25 um 19:47 Uhr  Angespannte Verkehrslage, seit 21.05.2025, 19:47 A1: Osnabrück -> Bremen, zwischen 6.0 km hinter AD Stuhr und 0.2 km vor Krummhörens Kuhlen  Im Stillstand Reisezeitverlust: 5 Minuten Durchschnittsgeschwindigkeit: 21 km/h",53.0214463808714,8.78787913126121
"A1","undefined--vi-avl.2025-05-21_20-49-30-000.f.de0","53.021469025459616,8.788023405524424,53.021469025459616,8.788023405524424","53.021469025459616,8.788023405524424","WARNING","A1 | Bremen/Brinkum - Bremen/Brinkum"," Osnabrück -> Bremen",NA,"STATIONARY_TRAFFIC","21",2025-05-21,"Beginn: 21.05.25 um 21:21 Uhr  Angespannte Verkehrslage, seit 21.05.2025, 21:21 A1: Osnabrück -> Bremen, 1.0 km vor AS Bremen/Brinkum, aus Richtung Stuhr  Im Stillstand Durchschnittsgeschwindigkeit: 21 km/h",53.0214690254596,8.78802340552442
"A1","undefined--vi-hind.2025-05-21_21-17-30-000.f.de0","53.03874045550471,8.976429214076866,53.03317165140263,8.965241469550776","53.03874045550471,8.976429214076866","WARNING","A1 | Bremer Kreuz - Uphusen/Bremen-Mahndorf"," Hamburg -> Bremen",NA,NA,NA,2025-05-21,"Beginn: 21.05.25 um 21:17 Uhr  Hindernis, seit 21.05.2025, 21:17 A1: Hamburg -> Bremen, zwischen 0.6 km hinter AK Bremer Kreuz und 0.3 km vor AS Uphusen/Bremen-Mahndorf  Gefahr durch Gegenstände auf der Fahrbahn",53.0387404555047,8.97642921407687
"A2","undefined--vi-avl.2025-05-21_19-46-00-000.f.de0","51.5386298801034,6.843310174342619,51.53893987830316,6.869444860652923","51.5386298801034,6.843310174342619","WARNING","A2 | Oberhausen - Oberhausen-Königshardt"," Oberhausen -> Dortmund",7,"STATIONARY_TRAFFIC","13.199999809265137",2025-05-21,"Beginn: 21.05.25 um 19:46 Uhr  Angespannte Verkehrslage, seit 21.05.2025, 19:46 A2: Oberhausen -> Dortmund, zwischen 0.6 km hinter AK Oberhausen und AS Oberhausen-Königshardt  Im Stillstand Reisezeitverlust: 7 Minuten Durchschnittsgeschwindigkeit: 13 km/h",51.5386298801034,6.84331017434262
"A2","undefined--vi-avl.2025-05-21_19-56-05-000.f.de0","51.53781129091753,6.836840598793986,51.5386298801034,6.843310174342619","51.53781129091753,6.836840598793986","WARNING","A2 | Oberhausen - Oberhausen-Königshardt"," Oberhausen -> Dortmund",1,"STATIONARY_TRAFFIC","13.100000381469727",2025-05-21,"Beginn: 21.05.25 um 19:56 Uhr  Angespannte Verkehrslage, seit 21.05.2025, 19:56 A2: Oberhausen -> Dortmund, zwischen 0.2 km hinter AK Oberhausen und 1.8 km vor AS Oberhausen-Königshardt  Im Stillstand Reisezeitverlust: 1 Minuten Durchschnittsgeschwindigkeit: 13 km/h",51.5378112909175,6.83684059879399
"A2","undefined--vi-avl.2025-05-21_19-56-30-000.f_003.de0","51.53780862290809,6.836826833800681,51.53780862290809,6.836826833800681","51.53780862290809,6.836826833800681","WARNING","A2 | Oberhausen-Königshardt - Oberhausen-Königshardt"," Oberhausen -> Dortmund",NA,"STATIONARY_TRAFFIC","7",2025-05-21,"Beginn: 21.05.25 um 21:21 Uhr  Angespannte Verkehrslage, seit 21.05.2025, 21:21 A2: Oberhausen -> Dortmund, 2.3 km vor AS Oberhausen-Königshardt, aus Richtung Oberhausen  Im Stillstand Durchschnittsgeschwindigkeit: 7 km/h",51.5378086229081,6.83682683380068
"A2","undefined--vi-avl.2025-05-21_19-47-33-000.f_001.de0","51.5386298801034,6.843310174342619,51.5386298801034,6.843310174342619","51.5386298801034,6.843310174342619","WARNING","A2 | Oberhausen-Königshardt - Oberhausen-Königshardt"," Oberhausen -> Dortmund",NA,"STATIONARY_TRAFFIC","6",2025-05-21,"Beginn: 21.05.25 um 21:18 Uhr  Angespannte Verkehrslage, seit 21.05.2025, 21:18 A2: Oberhausen -> Dortmund, 1.8 km vor AS Oberhausen-Königshardt, aus Richtung Oberhausen  Im Stillstand Durchschnittsgeschwindigkeit: 6 km/h",51.5386298801034,6.84331017434262
"A3","undefined--vi-avl.2025-05-21_20-11-00-000.f.de0","48.5335684009485,13.400091000191024,48.55515914839114,13.392769780882038","48.5335684009485,13.400091000191024","WARNING","A3 | Rottal-Ost - Hammerbach"," Linz -> Nürnberg",1,"SLOW_TRAFFIC","58",2025-05-21,"Beginn: 21.05.25 um 20:11 Uhr  Angespannte Verkehrslage, seit 21.05.2025, 20:11 A3: Linz -> Nürnberg, zwischen 8.7 km hinter Rottal-Ost und 0.6 km vor Hammerbach  Langsamer Verkehr Reisezeitverlust: 1 Minuten Durchschnittsgeschwindigkeit: 58 km/h",48.5335684009485,13.400091000191
"A3","undefined--vi-avl.2025-05-21_18-41-36-000.f.de0","48.761706277938146,13.059781314762354,48.77133842616099,13.040005366788163","48.761706277938146,13.059781314762354","WARNING","A3 | Manzing - Seebach"," Passau -> Nürnberg",0,"SLOW_TRAFFIC","64.5",2025-05-21,"Beginn: 21.05.25 um 18:41 Uhr  Angespannte Verkehrslage, seit 21.05.2025, 18:41 A3: Passau -> Nürnberg, zwischen 0.7 km hinter Manzing und 2.9 km vor Seebach  Langsamer Verkehr Reisezeitverlust: 0 Minuten Durchschnittsgeschwindigkeit: 64 km/h",48.7617062779381,13.0597813147624
"A3","undefined--vi-hind.2025-05-21_21-05-00-000.f_001.de0","49.36050680094374,11.4280058000082,49.31766240094391,11.471775900008971","49.36050680094374,11.4280058000082","WARNING","A3 | Oberölsbach - Neumarkt/Oberpfalz"," Nürnberg -> Passau",NA,NA,NA,2025-05-21,"Beginn: 21.05.25 um 21:05 Uhr  Fahrzeug-Hindernis, seit 21.05.2025, 21:05 A3: Nürnberg -> Passau, zwischen 0.3 km hinter AS Oberölsbach und 0.3 km vor AS Neumarkt/Oberpfalz Gefahr durch ein defektes Fahrzeug auf der Fahrbahn",49.3605068009437,11.4280058000082
"A3","undefined--vi-avl.2025-05-21_20-48-30-000.f_003.de0","50.805997636789975,7.221671716356655,50.805997636789975,7.221671716356655","50.805997636789975,7.221671716356655","WARNING","A3 | Bonn/Siegburg - Bonn/Siegburg"," Köln -> Frankfurt",NA,"QUEUING_TRAFFIC","17",2025-05-21,"Beginn: 21.05.25 um 21:21 Uhr  Angespannte Verkehrslage, seit 21.05.2025, 21:21 A3: Köln -> Frankfurt, 3.8 km vor AK Bonn/Siegburg, aus Richtung Siegburg  Stockender Verkehr Durchschnittsgeschwindigkeit: 17 km/h",50.80599763679,7.22167171635665
"A3","undefined--vi-avl.2025-05-21_19-45-00-000.f_001.de0","50.80602811673605,7.221641590365757,50.79031390192651,7.235805460809779","50.80602811673605,7.221641590365757","WARNING","A3 | Siegburg - Bonn/Siegburg"," Köln -> Frankfurt",2,"QUEUING_TRAFFIC","31.299999237060547",2025-05-21,"Beginn: 21.05.25 um 19:45 Uhr  Angespannte Verkehrslage, seit 21.05.2025, 19:45 A3: Köln -> Frankfurt, zwischen 0.3 km hinter Siegburg und 1.8 km vor AK Bonn/Siegburg  Stockender Verkehr Reisezeitverlust: 2 Minuten Durchschnittsgeschwindigkeit: 31 km/h",50.8060281167361,7.22164159036576
"A3","undefined--vi-hind.2025-05-21_20-34-30-000.f_002.de0","51.036747971367646,7.008660913817982,51.02713560093609,7.010762799997071","51.036747971367646,7.008660913817982","WARNING","A3 | Leverkusen - Leverkusen-Zentrum"," Oberhausen -> Köln",NA,NA,NA,2025-05-21,"Beginn: 21.05.25 um 20:34 Uhr  Hindernis, seit 21.05.2025, 20:34 A3: Oberhausen -> Köln, zwischen 0.6 km hinter AK Leverkusen und 0.4 km vor AS Leverkusen-Zentrum  Gefahr durch eine ungesicherte Unfallstelle",51.0367479713676,7.00866091381798
"A3","undefined--vi-hind.2025-05-21_21-15-30-000.f.de0","51.03089474287715,7.009879720030924,51.03060941328943,7.009938020295076","51.03089474287715,7.009879720030924","WARNING","A3 | Leverkusen - Leverkusen-Zentrum"," Oberhausen -> Köln",NA,NA,NA,2025-05-21,"Beginn: 21.05.25 um 21:15 Uhr  Hindernis, seit 21.05.2025, 21:15 A3: Oberhausen -> Köln, zwischen 1.2 km hinter AK Leverkusen und 0.8 km vor AS Leverkusen-Zentrum  Gefahr durch Gegenstände auf der Fahrbahn",51.0308947428772,7.00987972003092
"A3","undefined--vi-avl.2025-05-21_20-29-30-000.f_003.de0","51.22504140197601,6.916858580729083,51.22504140197601,6.916858580729083","51.22504140197601,6.916858580729083","WARNING","A3 | Hilden - Hilden"," Oberhausen -> Köln",NA,"STATIONARY_TRAFFIC","9",2025-05-21,"Beginn: 21.05.25 um 21:21 Uhr  Angespannte Verkehrslage, seit 21.05.2025, 21:21 A3: Oberhausen -> Köln, 3.7 km vor AK Hilden, aus Richtung Stindertal / Stinderhof  Im Stillstand Durchschnittsgeschwindigkeit: 9 km/h",51.225041401976,6.91685858072908
"A3","undefined--vi-avl.2025-05-21_20-24-00-000.f.de0","51.22516891780281,6.916752596589616,51.19586072777287,6.9385540543252295","51.22516891780281,6.916752596589616","WARNING","A3 | Stindertal / Stinderhof - Hilden"," Oberhausen -> Köln",13,"STATIONARY_TRAFFIC","14.199999809265137",2025-05-21,"Beginn: 21.05.25 um 20:24 Uhr  Angespannte Verkehrslage, seit 21.05.2025, 20:24 A3: Oberhausen -> Köln, zwischen 1.4 km hinter Stindertal / Stinderhof und 0.2 km vor AK Hilden  Im Stillstand Reisezeitverlust: 13 Minuten Durchschnittsgeschwindigkeit: 14 km/h",51.2251689178028,6.91675259658962
"A4","undefined--vi-zus.2025-05-21_20-53-00-000.f.de0","51.18287898156109,15.003118557633075,51.18430040096618,14.998414400641499","51.18287898156109,15.003118557633075","WARNING","A4 | Ludwigsdorf - An der Neiße"," Görlitz -> Dresden",1,"QUEUING_TRAFFIC","8",2025-05-21,"Beginn: 21.05.25 um 20:53 Uhr  Zusammengesetzte Verkehrsinformation, seit 21.05.2025, 20:53 A4: Görlitz -> Dresden, zwischen 0.5 km hinter Ludwigsdorf und 0.7 km vor An der Neiße  Stockender Verkehr Reisezeitverlust: 1 Minuten Durchschnittsgeschwindigkeit: 8 km/h",51.1828789815611,15.0031185576331
"A5","undefined--vi-avl.2025-05-21_19-34-30-000.f_002.de0","50.66976294292815,9.023661280705218,50.68425981087846,9.036436151253529","50.66976294292815,9.023661280705218","WARNING","A5 | Homberg (Ohm) - Krachgarten"," Frankfurt -> Kassel",3,"STATIONARY_TRAFFIC","26.399999618530273",2025-05-21,"Beginn: 21.05.25 um 19:34 Uhr  Angespannte Verkehrslage, seit 21.05.2025, 19:34 A5: Frankfurt -> Kassel, zwischen 3.8 km hinter AS Homberg (Ohm) und 6.9 km vor Krachgarten  Im Stillstand Reisezeitverlust: 3 Minuten Durchschnittsgeschwindigkeit: 26 km/h",50.6697629429282,9.02366128070522
"A5","undefined--vi-avl.2025-05-21_21-19-30-000.f.de0","50.66976294292815,9.023661280705218,50.66976294292815,9.023661280705218","50.66976294292815,9.023661280705218","WARNING","A5 | Krachgarten - Krachgarten"," Frankfurt -> Kassel",NA,"STATIONARY_TRAFFIC","25",2025-05-21,"Beginn: 21.05.25 um 21:21 Uhr  Angespannte Verkehrslage, seit 21.05.2025, 21:21 A5: Frankfurt -> Kassel, 8.8 km vor Krachgarten, aus Richtung Homberg (Ohm)  Im Stillstand Durchschnittsgeschwindigkeit: 25 km/h",50.6697629429282,9.02366128070522
"A7","undefined--vi-zus.2025-05-13_04-57-00-000.f_006.de0","47.595412441892016,10.656244234565428,47.62855194383104,10.58197876986764","47.595412441892016,10.656244234565428","WARNING","A7 | Füssen - Nesselwang"," Füssen/Reutte -> Ulm",NA,NA,NA,2025-05-13,"Beginn: 13.05.25 um 04:57 Uhr  Zusammengesetzte Verkehrsinformation, seit 13.05.2025, 04:57 A7: Füssen/Reutte -> Ulm, zwischen 2.5 km hinter AS Füssen und 4.4 km vor AS Nesselwang  A7 Füssen/Reutte Richtung Ulm zwischen Reinertshoftunnel und Nesselwang Verkehr wird über die Gegenfahrbahn geleitet, Baustelle, von 16.05.2025 05:00 Uhr bis 18.07.2025 15:00 Uhr",47.595412441892,10.6562442345654
"A7","undefined--vi-avl.2025-05-21_21-08-30-000.f_004.de0","47.60369830550725,10.655907991263259,47.61442526041592,10.66036887997401","47.60369830550725,10.655907991263259","WARNING","A7 | Reinertshofertunnel - Nesselwang"," Füssen/Reutte -> Ulm",0,"SLOW_TRAFFIC","55.29999923706055",2025-05-21,"Beginn: 21.05.25 um 21:08 Uhr  Angespannte Verkehrslage, seit 21.05.2025, 21:08 A7: Füssen/Reutte -> Ulm, zwischen 0.3 km hinter Reinertshofertunnel und 11.5 km vor AS Nesselwang  Langsamer Verkehr Reisezeitverlust: 0 Minuten Durchschnittsgeschwindigkeit: 55 km/h",47.6036983055073,10.6559079912633
"A7","undefined--vi-avl.2025-05-21_19-25-00-000.f_002.de0","47.628461307132596,10.60642136293546,47.626115951053585,10.639656447432639","47.628461307132596,10.60642136293546","WARNING","A7 | Nesselwang - Reinertshofertunnel"," Ulm -> Füssen/Reutte",1,"SLOW_TRAFFIC","71.30000305175781",2025-05-21,"Beginn: 21.05.25 um 19:25 Uhr  Angespannte Verkehrslage, seit 21.05.2025, 19:25 A7: Ulm -> Füssen/Reutte, zwischen 6.3 km hinter AS Nesselwang und 4.3 km vor Reinertshofertunnel  Langsamer Verkehr Reisezeitverlust: 1 Minuten Durchschnittsgeschwindigkeit: 71 km/h",47.6284613071326,10.6064213629355
"A7","undefined--vi-zus.2025-03-31_00-40-00-000.f_018.de0","53.579141433849884,9.913430072127355,53.55636870091902,9.897540700000414","53.579141433849884,9.913430072127355","WARNING","A7 | Hamburg-Volkspark - Elbtunnel (Nordportal)"," Flensburg -> Hamburg",NA,NA,NA,2025-03-31,"Beginn: 31.03.25 um 00:40 Uhr  Zusammengesetzte Verkehrsinformation, seit 31.03.2025, 00:40 A7: Flensburg -> Hamburg, zwischen 0.4 km hinter AS Hamburg-Volkspark und 0.9 km vor Elbtunnel (Nordportal)  A7 Flensburg Richtung Hamburg Ausfahrt Hamburg-Othmarschen Fahrbahnverengung, maximale Fahrbahnbreite von 4,50 m, Bauarbeiten, bis 29.09.2025",53.5791414338499,9.91343007212735
"A7","undefined--vi-hind.2025-05-21_20-27-30-000.f_003.de0","54.156438627011696,9.964416595792752,54.17053170763073,9.959247490470805","54.156438627011696,9.964416595792752","WARNING","A7 | Neumünster-Nord - Bordesholm"," Hamburg -> Flensburg",NA,NA,NA,2025-05-21,"Beginn: 21.05.25 um 20:27 Uhr  Hindernis, seit 21.05.2025, 20:27 A7: Hamburg -> Flensburg, zwischen 4.0 km hinter AS Neumünster-Nord und 0.4 km vor AD Bordesholm  Gefahr durch eine ungesicherte Unfallstelle",54.1564386270117,9.96441659579275
"A7","undefined--vi-zus.2025-05-21_20-31-00-000.f_002.de0","54.13326752623136,9.959711479442467,54.16328503765017,9.962994703101215","54.13326752623136,9.959711479442467","WARNING","A7 | Neumünster-Nord - Bordesholm"," Hamburg -> Flensburg",41,"STATIONARY_TRAFFIC","4.699999809265137",2025-05-21,"Beginn: 21.05.25 um 20:31 Uhr  Zusammengesetzte Verkehrsinformation, seit 21.05.2025, 20:31 A7: Hamburg -> Flensburg, zwischen 1.4 km hinter AS Neumünster-Nord und 1.2 km vor AD Bordesholm  Im Stillstand Reisezeitverlust: 41 Minuten Durchschnittsgeschwindigkeit: 4 km/h",54.1332675262314,9.95971147944247
"A7","undefined--vi-avl.2025-05-21_20-31-30-000.f_001.de0","54.13326752623136,9.959711479442467,54.13326752623136,9.959711479442467","54.13326752623136,9.959711479442467","WARNING","A7 | Bordesholm - Bordesholm"," Hamburg -> Flensburg",NA,"STATIONARY_TRAFFIC","5",2025-05-21,"Beginn: 21.05.25 um 21:21 Uhr  Angespannte Verkehrslage, seit 21.05.2025, 21:21 A7: Hamburg -> Flensburg, 4.6 km vor AD Bordesholm, aus Richtung Neumünster-Nord  Im Stillstand Durchschnittsgeschwindigkeit: 5 km/h",54.1332675262314,9.95971147944247
"A8","undefined--vi-avl.2025-05-21_20-46-30-000.f_005.de0","49.34069511352106,6.710357551387779,49.34069511352106,6.710357551387779","49.34069511352106,6.710357551387779","WARNING","A8 | Dillingen-Mitte - Dillingen-Mitte"," Saarlouis -> Luxemburg",NA,"STATIONARY_TRAFFIC","5",2025-05-21,"Beginn: 21.05.25 um 20:56 Uhr  Angespannte Verkehrslage, seit 21.05.2025, 20:56 A8: Saarlouis -> Luxemburg, 0.7 km vor AS Dillingen-Mitte, aus Richtung Saarlouis  Im Stillstand Durchschnittsgeschwindigkeit: 5 km/h",49.3406951135211,6.71035755138778
"A8","undefined--vi-zus.2025-03-26_17-59-56-000.f_013.de0","49.32575278791285,7.172731755291576,49.327350714671546,7.213275819282444","49.32575278791285,7.172731755291576","WARNING","A8 | Neunkirchen/Spiesen - Kohlhof"," Saarlouis -> Neunkirchen",NA,NA,NA,2025-03-26,"Beginn: 26.03.25 um 17:59 Uhr  Zusammengesetzte Verkehrsinformation, seit 26.03.2025, 17:59 A8: Saarlouis -> Neunkirchen, zwischen 1.5 km hinter AS Neunkirchen/Spiesen und 1.0 km vor Kohlhof  A8 Saarlouis - Neunkirchen zwischen Neunkirchen-Spiesen und Neunkirchen-Oberstadt in beiden Richtungen Bauarbeiten, bis voraussichtlich 01.06.2025",49.3257527879128,7.17273175529158
"A8","undefined--vi-zus.2025-05-14_09-26-56-000.f.de0","49.32628400979037,7.229641516813452,49.329166750017514,7.1882642393148934","49.32628400979037,7.229641516813452","WARNING","A8 | Neunkirchen-Wellesweiler - Neunkirchen/Spiesen"," Neunkirchen -> Saarlouis",NA,NA,NA,2025-05-14,"Beginn: 14.05.25 um 09:26 Uhr  Zusammengesetzte Verkehrsinformation, seit 14.05.2025, 09:26 A8: Neunkirchen -> Saarlouis, zwischen 0.4 km hinter AS Neunkirchen-Wellesweiler und 2.7 km vor AS Neunkirchen/Spiesen  A8 Saarlouis - Neunkirchen zwischen Neunkirchen-Spiesen und Neunkirchen-Oberstadt in beiden Richtungen Bauarbeiten, bis voraussichtlich 01.06.2025",49.3262840097904,7.22964151681345
"A8","undefined--vi-avl.2025-05-21_20-01-00-000.f.de0","48.88449425697122,8.787682830937294,48.86548047692167,8.792136645405796","48.88449425697122,8.787682830937294","WARNING","A8 | Pforzheim - Heimsheim"," Karlsruhe -> Stuttgart",7,"STATIONARY_TRAFFIC","15.199999809265137",2025-05-21,"Beginn: 21.05.25 um 20:01 Uhr  Angespannte Verkehrslage, seit 21.05.2025, 20:01 A8: Karlsruhe -> Stuttgart, zwischen 2.8 km hinter Pforzheim und 7.4 km vor AS Heimsheim  Im Stillstand Reisezeitverlust: 7 Minuten Durchschnittsgeschwindigkeit: 15 km/h",48.8844942569712,8.78768283093729
"A8","undefined--vi-hind.2025-05-21_19-38-00-000.f_007.de0","48.87880896235229,8.788533567619504,48.88043910094538,8.78834459999995","48.87880896235229,8.788533567619504","WARNING","A8 | Pforzheim-Süd - Pforzheim"," Stuttgart -> Karlsruhe",NA,NA,NA,2025-05-21,"Beginn: 21.05.25 um 19:38 Uhr  Fahrzeug-Hindernis, seit 21.05.2025, 19:38 A8: Stuttgart -> Karlsruhe, zwischen AS Pforzheim-Süd und 3.3 km vor Pforzheim",48.8788089623523,8.7885335676195
"A8","undefined--vi-avl.2025-05-21_20-07-30-000.f.de0","48.88444051918694,8.787690489535217,48.88444051918694,8.787690489535217","48.88444051918694,8.787690489535217","WARNING","A8 | Pforzheim-Süd - Pforzheim-Süd"," Karlsruhe -> Stuttgart",NA,"STATIONARY_TRAFFIC","11",2025-05-21,"Beginn: 21.05.25 um 21:21 Uhr  Angespannte Verkehrslage, seit 21.05.2025, 21:21 A8: Karlsruhe -> Stuttgart, 0.6 km vor AS Pforzheim-Süd, aus Richtung Pforzheim  Im Stillstand Durchschnittsgeschwindigkeit: 11 km/h",48.8844405191869,8.78769048953522
"A8","undefined--vi-avl.2025-05-21_21-20-00-000.f.de0","47.80624422434009,12.134783606101875,47.80507615525228,12.14952924760042","47.80624422434009,12.134783606101875","WARNING","A8 | Rosenheim - Rohrdorf"," München -> Salzburg",0,"SLOW_TRAFFIC","52.5",2025-05-21,"Beginn: 21.05.25 um 21:20 Uhr  Angespannte Verkehrslage, seit 21.05.2025, 21:20 A8: München -> Salzburg, zwischen 1.1 km hinter AS Rosenheim und 1.1 km vor AS Rohrdorf  Langsamer Verkehr Reisezeitverlust: 0 Minuten Durchschnittsgeschwindigkeit: 52 km/h",47.8062442243401,12.1347836061019
"A8","undefined--vi-avl.2025-05-21_21-21-30-000.f_002.de0","47.802538904393714,12.17596340897649,47.802538904393714,12.17596340897649","47.802538904393714,12.17596340897649","WARNING","A8 | Rohrdorf - Rohrdorf"," Salzburg -> München",NA,"STATIONARY_TRAFFIC","12",2025-05-21,"Beginn: 21.05.25 um 21:21 Uhr  Angespannte Verkehrslage, seit 21.05.2025, 21:21 A8: Salzburg -> München, 0.9 km vor AS Rohrdorf, aus Richtung Samerberg  Im Stillstand Durchschnittsgeschwindigkeit: 12 km/h",47.8025389043937,12.1759634089765
"A8","undefined--vi-avl.2025-05-21_21-21-30-000.f.de0","47.802538904393714,12.17596340897649,47.802618017522335,12.172173591336716","47.802538904393714,12.17596340897649","WARNING","A8 | Samerberg - Rohrdorf"," Salzburg -> München",0,"STATIONARY_TRAFFIC","17.399999618530273",2025-05-21,"Beginn: 21.05.25 um 21:21 Uhr  Angespannte Verkehrslage, seit 21.05.2025, 21:21 A8: Salzburg -> München, zwischen 0.1 km hinter Samerberg und 0.7 km vor AS Rohrdorf  Im Stillstand Reisezeitverlust: 0 Minuten Durchschnittsgeschwindigkeit: 17 km/h",47.8025389043937,12.1759634089765
"A9","undefined--vi-avl.2025-05-21_20-53-00-000.f_001.de0","48.37357708780528,11.5961332414208,48.41338047940008,11.589747368602659","48.37357708780528,11.5961332414208","WARNING","A9 | Fürholzen (West) - Allershausen"," München -> Nürnberg",1,"SLOW_TRAFFIC","70.0999984741211",2025-05-21,"Beginn: 21.05.25 um 20:53 Uhr  Angespannte Verkehrslage, seit 21.05.2025, 20:53 A9: München -> Nürnberg, zwischen 4.0 km hinter Fürholzen (West) und 1.7 km vor AS Allershausen  Langsamer Verkehr Reisezeitverlust: 1 Minuten Durchschnittsgeschwindigkeit: 70 km/h",48.3735770878053,11.5961332414208
"A9","undefined--vi-zus.2025-05-21_20-17-30-000.f.de0","48.72525109093901,11.476629047891615,48.74381440158808,11.462511836321132","48.72525109093901,11.476629047891615","WARNING","A9 | Neuburg a.d.Donau - Ingolstadt-Süd"," München -> Nürnberg",4,"STATIONARY_TRAFFIC","23.600000381469727",2025-05-21,"Beginn: 21.05.25 um 20:17 Uhr  Zusammengesetzte Verkehrsinformation, seit 21.05.2025, 20:17 A9: München -> Nürnberg, zwischen 1.6 km hinter AS Neuburg a.d.Donau und 0.8 km vor AS Ingolstadt-Süd  Im Stillstand Reisezeitverlust: 4 Minuten Durchschnittsgeschwindigkeit: 23 km/h",48.725251090939,11.4766290478916
"A9","undefined--vi-avl.2025-05-21_20-56-30-000.f_002.de0","48.72525109093901,11.476629047891615,48.72525109093901,11.476629047891615","48.72525109093901,11.476629047891615","WARNING","A9 | Ingolstadt-Süd - Ingolstadt-Süd"," München -> Nürnberg",NA,"STATIONARY_TRAFFIC","11",2025-05-21,"Beginn: 21.05.25 um 21:21 Uhr  Angespannte Verkehrslage, seit 21.05.2025, 21:21 A9: München -> Nürnberg, 3.1 km vor AS Ingolstadt-Süd, aus Richtung Neuburg a.d.Donau  Im Stillstand Durchschnittsgeschwindigkeit: 11 km/h",48.725251090939,11.4766290478916
"A9","undefined--vi-hind.2025-05-21_20-15-30-000.f_001.de0","49.829474800941874,11.49971680000908,49.92872279589268,11.602466979250027","49.829474800941874,11.49971680000908","WARNING","A9 | Trockau - Einhausung Bayreuth"," Nürnberg -> Halle/Leipzig",NA,NA,NA,2025-05-21,"Beginn: 21.05.25 um 20:15 Uhr  Fahrzeug-Hindernis, seit 21.05.2025, 20:15 A9: Nürnberg -> Halle/Leipzig, zwischen 0.4 km hinter AS Trockau und 2.8 km vor Einhausung Bayreuth Gefahr durch ein defektes Fahrzeug auf der Fahrbahn",49.8294748009419,11.4997168000091
"A9","undefined--vi-avl.2025-05-21_19-35-30-000.f.de0","50.93135888419371,11.837451700388248,50.95333130934749,11.838098198156477","50.93135888419371,11.837451700388248","WARNING","A9 | Bad Klosterlausnitz - Kuhberg"," Nürnberg -> Halle/Leipzig",1,"SLOW_TRAFFIC","62.79999923706055",2025-05-21,"Beginn: 21.05.25 um 19:35 Uhr  Angespannte Verkehrslage, seit 21.05.2025, 19:35 A9: Nürnberg -> Halle/Leipzig, zwischen 2.3 km hinter AS Bad Klosterlausnitz und 1.7 km vor Kuhberg  Langsamer Verkehr Reisezeitverlust: 1 Minuten Durchschnittsgeschwindigkeit: 62 km/h",50.9313588841937,11.8374517003882
"A9","undefined--vi-hind.2025-05-21_21-02-00-000.f_001.de0","51.53948855726672,12.193858395272075,51.538200744847664,12.194330089887995","51.53948855726672,12.193858395272075","WARNING","A9 | Halle an der Saale - Kapellenberg"," Berlin -> Halle/Leipzig",NA,NA,NA,2025-05-21,"Beginn: 21.05.25 um 21:02 Uhr  Fahrzeug-Hindernis, seit 21.05.2025, 21:02 A9: Berlin -> Halle/Leipzig, zwischen 1.3 km hinter AS Halle an der Saale und 5.2 km vor Kapellenberg Gefahr durch ein defektes Fahrzeug auf der Fahrbahn",51.5394885572667,12.1938583952721
"A9","undefined--vi-hind.2025-05-21_20-46-30-000.f_005.de0","52.04969741035415,12.643093476063818,52.04854553006184,12.641192559373103","52.04969741035415,12.643093476063818","WARNING","A9 | Niemegk - Hagen"," Berlin -> Halle/Leipzig",NA,NA,NA,2025-05-21,"Beginn: 21.05.25 um 20:46 Uhr  Fahrzeug-Hindernis, seit 21.05.2025, 20:46 A9: Berlin -> Halle/Leipzig, zwischen 6.2 km hinter AS Niemegk und 0.9 km vor Hagen Gefahr durch ein defektes Fahrzeug auf der Fahrbahn",52.0496974103541,12.6430934760638
"A10","undefined--vi-hind.2025-05-21_19-36-30-000.f_004.de0","52.615124760594185,13.545629819191259,52.636787500929046,13.438757600108056","52.615124760594185,13.545629819191259","WARNING","A10 | Barnim - Pankow"," Dreieck Barnim -> Dreieck Havelland",NA,NA,NA,2025-05-21,"Beginn: 21.05.25 um 19:36 Uhr  Fahrzeug-Hindernis, seit 21.05.2025, 19:36 A10: Dreieck Barnim -> Dreieck Havelland, zwischen 0.9 km hinter AD Barnim und 1.1 km vor AD Pankow Gefahr durch ein defektes Fahrzeug auf der Fahrbahn",52.6151247605942,13.5456298191913
"A10","undefined--vi-zus.2025-05-21_19-31-00-000.f_004.de0","52.306322306876794,13.441127903387828,52.30654030093073,13.312906600099536","52.306322306876794,13.441127903387828","WARNING","A10 | Rangsdorf - Ludwigsfelde-Ost"," Schönefelder Kreuz -> Dreieck Potsdam",NA,NA,NA,2025-05-21,"Beginn: 21.05.25 um 19:31 Uhr  Zusammengesetzte Verkehrsinformation, seit 21.05.2025, 19:31 A10: Schönefelder Kreuz -> Dreieck Potsdam, zwischen 0.6 km hinter AS Rangsdorf und 1.7 km vor AS Ludwigsfelde-Ost  Gefahr durch ein defektes Fahrzeugs auf der Fahrbahn  A10 Südlicher Berliner Ring, Schönefelder Kreuz Richtung Dreieck Potsdam zwischen Rangsdorf und Genshagen Gefahr durch liegengebliebenes Fahrzeug auf dem rechten Fahrstreifen und dem Standstreifen, fahren Sie bitte besonders vorsichtig, Polizei ist benachrichtigt",52.3063223068768,13.4411279033878
"A10","undefined--vi-avl.2025-05-22_11-50-00-000.f_018.de0","52.412149100523266,12.901041845080828,52.412149100523266,12.901041845080828","52.412149100523266,12.901041845080828","WARNING","A10 | Groß Kreutz - Phöben"," Dreieck Werder -> Dreieck Havelland",0,"STATIONARY_TRAFFIC","25",2025-05-22,"Beginn: 22.05.25 um 11:50 Uhr  Angespannte Verkehrslage, seit 22.05.2025, 11:50 A10: Dreieck Werder -> Dreieck Havelland, zwischen 5.0 km hinter AS Groß Kreutz und 0.1 km vor AS Phöben  Im Stillstand Reisezeitverlust: 0 Minuten Durchschnittsgeschwindigkeit: 25 km/h",52.4121491005233,12.9010418450808
"A12","WarnungA10Lkw3","47.61802931631098,12.202336027754352,47.61802931631098,12.202336027754352","47.61802931631098,12.202336027754352","WARNING","E45/E60 | LKW Blockabfertigung | A12-Inntal Autobahn","Richtung Italien",NA,NA,NA,2025-01-11,"Zeitraum: Beginn: 07.01.2025 Ende: 09.12.2025  Hinweis für LKW-Reisende nach Österreich: LKW-Blockabfertigungen an ausgewählten Tagen für Lkw am Grenzübergang Kufstein/Kiefersfelden. Maximaler Durchlass von 300 LKWs pro Stunde  Die genauen Ausführungszeiten und weitere Informationen auf tirol.gv.at/verkehr/verkehrs-und-seilbahnrecht/lkw-dosierung.",47.618029316311,12.2023360277544
"A12","WarnungA10Lkw2","47.6164490154047,12.202382557672273,47.6164490154047,12.202382557672273","47.6164490154047,12.202382557672273","WARNING","E43/E45/E60 | A13-Brenner Autobahn","Richtung Italien",NA,NA,NA,2025-01-11,"Zeitraum: Beginn: 11.01.2025 Ende: 27.09.2025  Hinweis für LKW-Reisende nach Österreich: LKW-Fahrverbot auf der A12-Inntal Autobahn, A13-Brenner Autobahn und A14-Rheintal/Walgau Autobahn, wenn das Ziel der Fahrt der Anschlussstelle Nößlach bis Anschlussstelle Brenner Nord der Richtungsfahrbahn Staatsgrenze der A 13 Brenner Autobahn erreicht werden soll. An ausgewählten Samstagen 7-15 Uhr sowie weiteren Tagen im Zeitraum 11.01. - 27.09.2025 Weitere Informationen auf http://asfinag.at/a13",47.6164490154047,12.2023825576723
"A17","undefined--vi-avl.2025-05-21_21-19-30-000.f_002.de0","50.82026170094333,13.887384300240237,50.82026170094333,13.887384300240237","50.82026170094333,13.887384300240237","WARNING","A17 | Am Heidenholz - Am Heidenholz"," Prag -> Dresden",NA,"QUEUING_TRAFFIC","24",2025-05-21,"Beginn: 21.05.25 um 21:21 Uhr  Angespannte Verkehrslage, seit 21.05.2025, 21:21 A17: Prag -> Dresden, 0.2 km vor Am Heidenholz, aus Richtung Breitenau-Schönwald  Stockender Verkehr Durchschnittsgeschwindigkeit: 24 km/h",50.8202617009433,13.8873843002402
"A17","undefined--vi-zus.2025-05-21_21-19-30-000.f.de0","50.82026170094333,13.887384300240237,50.82713299600389,13.887562977689061","50.82026170094333,13.887384300240237","WARNING","A17 | Breitenau-Schönwald - Bad Gottleuba"," Prag -> Dresden",0,"QUEUING_TRAFFIC","33.900001525878906",2025-05-21,"Beginn: 21.05.25 um 21:19 Uhr  Zusammengesetzte Verkehrsinformation, seit 21.05.2025, 21:19 A17: Prag -> Dresden, zwischen 4.5 km hinter Breitenau-Schönwald und 0.5 km vor AS Bad Gottleuba  Stockender Verkehr Reisezeitverlust: 0 Minuten Durchschnittsgeschwindigkeit: 33 km/h",50.8202617009433,13.8873843002402
"A31","undefined--vi-avl.2025-05-21_17-28-46-000.f_015.de0","52.109461053193975,7.086013001177805,52.135186734791155,7.089543852877889","52.109461053193975,7.086013001177805","WARNING","A31 | Averbeck - Gronau/Ochtrup"," Oberhausen -> Gronau",1,"SLOW_TRAFFIC","59.70000076293945",2025-05-21,"Beginn: 21.05.25 um 17:28 Uhr  Angespannte Verkehrslage, seit 21.05.2025, 17:28 A31: Oberhausen -> Gronau, zwischen 0.6 km hinter Averbeck und 6.6 km vor AS Gronau/Ochtrup  Langsamer Verkehr Reisezeitverlust: 1 Minuten Durchschnittsgeschwindigkeit: 59 km/h",52.109461053194,7.0860130011778
"A37","undefined--vi-zus.2025-05-20_10-04-05-000.f_002.de0","52.442156462690335,9.933442989087833,52.436581812162494,9.913211841333315","52.442156462690335,9.933442989087833","WARNING","A37 | Beinhorn - Hannover-Kirchhorst"," Celle -> Hannover",NA,NA,NA,2025-05-20,"Beginn: 20.05.25 um 10:04 Uhr  Zusammengesetzte Verkehrsinformation, seit 20.05.2025, 10:04 B3: Celle -> Hannover, zwischen 0.4 km hinter AS Beinhorn und 2.1 km vor AK Hannover-Kirchhorst  A37 Messe - Burgdorf
zwischen Kreuz Hannover-Buchholz und Beinhorn
in beiden Richtungen geänderte Verkehrsführung im Baustellenbereich, Bauarbeiten, bis 30.10.2026 ca. 18:00 Uhr",52.4421564626903,9.93344298908783
"A37","undefined--vi-zus.2025-05-20_10-04-05-000.f_003.de0","52.42566547847685,9.880479425875153,52.44102213295518,9.93161290421946","52.42566547847685,9.880479425875153","WARNING","Baustelle"," km 22.62 --> km 26.54",NA,NA,NA,2025-05-20,"Beginn: 20.05.25 um 10:04 Uhr  Zusammengesetzte Verkehrsinformation, seit 20.05.2025, 10:04 A37: km 22.62 --> km 26.54  A37 Messe - Burgdorf
zwischen Kreuz Hannover-Buchholz und Beinhorn
in beiden Richtungen geänderte Verkehrsführung im Baustellenbereich, Bauarbeiten, bis 30.10.2026 ca. 18:00 Uhr",52.4256654784769,9.88047942587515
"A39","undefined--vi-hind.2025-05-21_21-09-30-000.f_002.de0","52.14272000991018,10.34053854963976,52.16546541507261,10.3652425261123","52.14272000991018,10.34053854963976","WARNING","A39 | Salzgitter-Lebenstedt-Süd - Salzgitter-Lebenstedt-Nord"," Salzgitter -> Braunschweig",NA,NA,NA,2025-05-21,"Beginn: 21.05.25 um 21:09 Uhr  Hindernis, seit 21.05.2025, 21:09 A39: Salzgitter -> Braunschweig, zwischen 0.6 km hinter AS Salzgitter-Lebenstedt-Süd und 1.4 km vor AS Salzgitter-Lebenstedt-Nord  Gefahr durch Personen auf der Fahrbahn",52.1427200099102,10.3405385496398
"A39","undefined--vi-hind.2025-05-21_21-09-30-000.f_003.de0","52.1657378061977,10.36516227962883,52.142730068341365,10.340115634692417","52.1657378061977,10.36516227962883","WARNING","A39 | Salzgitter-Lebenstedt-Nord - Salzgitter-Lebenstedt-Süd"," Braunschweig -> Salzgitter",NA,NA,NA,2025-05-21,"Beginn: 21.05.25 um 21:09 Uhr  Hindernis, seit 21.05.2025, 21:09 A39: Braunschweig -> Salzgitter, zwischen 1.4 km hinter AS Salzgitter-Lebenstedt-Nord und 0.5 km vor AS Salzgitter-Lebenstedt-Süd  Gefahr durch Personen auf der Fahrbahn",52.1657378061977,10.3651622796288
"A39","undefined--vi-unf.2025-05-21_19-19-09-000.f_003.de0","52.17747000306773,10.37376287676027,52.15146490092933,10.360392600000782","52.17747000306773,10.37376287676027","WARNING","A39 | Salzgitterhüttenblick - Salzgitter-Watenstedt"," Braunschweig -> Salzgitter",NA,NA,NA,2025-05-21,"Beginn: 21.05.25 um 19:19 Uhr  Unfall, seit 21.05.2025, 19:19 A39: Braunschweig -> Salzgitter, zwischen 2.0 km hinter Salzgitterhüttenblick und 0.1 km vor AS Salzgitter-Watenstedt",52.1774700030677,10.3737628767603
"A40","undefined--vi-avl.2025-05-21_21-08-30-000.f_001.de0","51.49728055706233,7.2040904020795296,51.49748373725896,7.226732543741833","51.49728055706233,7.2040904020795296","WARNING","A40 | Bochum-Freudenbergstraße - Bochum-Ruhrstadion"," Essen -> Dortmund",2,"QUEUING_TRAFFIC","28.5",2025-05-21,"Beginn: 21.05.25 um 21:08 Uhr  Angespannte Verkehrslage, seit 21.05.2025, 21:08 A40: Essen -> Dortmund, zwischen 0.1 km hinter AS Bochum-Freudenbergstraße und 0.5 km vor AS Bochum-Ruhrstadion  Stockender Verkehr Reisezeitverlust: 2 Minuten Durchschnittsgeschwindigkeit: 28 km/h",51.4972805570623,7.20409040207953
"A40","undefined--vi-avl.2025-05-21_21-19-30-000.f_001.de0","51.49675709432561,7.199816522232087,51.49675709432561,7.199816522232087","51.49675709432561,7.199816522232087","WARNING","A40 | Bochum-Freudenbergstraße - Bochum-Freudenbergstraße"," Essen -> Dortmund",NA,"QUEUING_TRAFFIC","27",2025-05-21,"Beginn: 21.05.25 um 21:19 Uhr  Angespannte Verkehrslage, seit 21.05.2025, 21:19 A40: Essen -> Dortmund, 0.2 km vor AS Bochum-Freudenbergstraße, aus Richtung Bochum-Hamme  Stockender Verkehr Durchschnittsgeschwindigkeit: 27 km/h",51.4967570943256,7.19981652223209
"A43","undefined--vi-avl.2025-05-21_21-21-01-000.f.de0","51.90489801622044,7.425880751347007,51.90673711915578,7.410424223519217","51.90489801622044,7.425880751347007","WARNING","A43 | Senden - Nottuln"," Münster -> Recklinghausen",0,"SLOW_TRAFFIC","64.4000015258789",2025-05-21,"Beginn: 21.05.25 um 21:21 Uhr  Angespannte Verkehrslage, seit 21.05.2025, 21:21 A43: Münster -> Recklinghausen, zwischen 4.6 km hinter AS Senden und 0.3 km vor AS Nottuln  Langsamer Verkehr Reisezeitverlust: 0 Minuten Durchschnittsgeschwindigkeit: 64 km/h",51.9048980162204,7.42588075134701
"A44","undefined--vi-avl.2025-05-21_19-29-30-000.f.de0","51.53272339434072,7.8262479134296585,51.53323805512703,7.854588665975875","51.53272339434072,7.8262479134296585","WARNING","A44 | Buchenhain - Am Haarstrang"," Dortmund -> Kassel",1,"SLOW_TRAFFIC","60.900001525878906",2025-05-21,"Beginn: 21.05.25 um 19:29 Uhr  Angespannte Verkehrslage, seit 21.05.2025, 19:29 A44: Dortmund -> Kassel, zwischen 2.5 km hinter Buchenhain und 0.4 km vor Am Haarstrang  Langsamer Verkehr Reisezeitverlust: 1 Minuten Durchschnittsgeschwindigkeit: 60 km/h",51.5327233943407,7.82624791342966
"A44","undefined--vi-avl.2025-05-21_18-56-21-000.f.de0","51.55029709057042,8.142345297180546,51.54675892611952,8.127851965993568","51.55029709057042,8.142345297180546","WARNING","A44 | Soest-Ost - Soest"," Kassel -> Dortmund",0,"SLOW_TRAFFIC","59.099998474121094",2025-05-21,"Beginn: 21.05.25 um 18:56 Uhr  Angespannte Verkehrslage, seit 21.05.2025, 18:56 A44: Kassel -> Dortmund, zwischen 1.3 km hinter AS Soest-Ost und 1.9 km vor AS Soest  Langsamer Verkehr Reisezeitverlust: 0 Minuten Durchschnittsgeschwindigkeit: 59 km/h",51.5502970905704,8.14234529718055
"A44","undefined--vi-avl.2025-05-21_21-21-30-000.f_003.de0","51.5214431924114,8.925576824979823,51.5214431924114,8.925576824979823","51.5214431924114,8.925576824979823","WARNING","A44 | Blankenrode - Blankenrode"," Kassel -> Dortmund",NA,"STATIONARY_TRAFFIC","27",2025-05-21,"Beginn: 21.05.25 um 21:21 Uhr  Angespannte Verkehrslage, seit 21.05.2025, 21:21 A44: Kassel -> Dortmund, 4.3 km vor Blankenrode, aus Richtung Marsberg  Im Stillstand Durchschnittsgeschwindigkeit: 27 km/h",51.5214431924114,8.92557682497982
"A44","undefined--vi-avl.2025-05-21_18-31-24-000.f.de0","51.5214431924114,8.925576824979823,51.53524847671271,8.88919965741539","51.5214431924114,8.925576824979823","WARNING","A44 | Marsberg - Blankenrode"," Kassel -> Dortmund",5,"STATIONARY_TRAFFIC","27.399999618530273",2025-05-21,"Beginn: 21.05.25 um 18:31 Uhr  Angespannte Verkehrslage, seit 21.05.2025, 18:31 A44: Kassel -> Dortmund, zwischen 2.5 km hinter AS Marsberg und 1.3 km vor Blankenrode  Im Stillstand Reisezeitverlust: 5 Minuten Durchschnittsgeschwindigkeit: 27 km/h",51.5214431924114,8.92557682497982
"A44","undefined--vi-hind.2025-05-21_21-12-30-000.f_002.de0","51.38292973439483,9.231584722473402,51.382546400934096,9.233708300000066","51.38292973439483,9.231584722473402","WARNING","A44 | Breuna - Bühleck"," Dortmund -> Kassel",NA,NA,NA,2025-05-21,"Beginn: 21.05.25 um 21:12 Uhr  Fahrzeug-Hindernis, seit 21.05.2025, 21:12 A44: Dortmund -> Kassel, zwischen 4.0 km hinter AS Breuna und 0.7 km vor Bühleck Gefahr durch ein defektes Fahrzeug auf der Fahrbahn",51.3829297343948,9.2315847224734
"A45","undefined--vi-avl.2025-05-21_21-17-30-000.f.de0","50.52289520746759,8.643025125311796,50.517102005833074,8.664896917476769","50.52289520746759,8.643025125311796","WARNING","A45 | Gießener Südkreuz - Hardtwald"," Gießen -> Aschaffenburg",0,"SLOW_TRAFFIC","63.5",2025-05-21,"Beginn: 21.05.25 um 21:17 Uhr  Angespannte Verkehrslage, seit 21.05.2025, 21:17 A45: Gießen -> Aschaffenburg, zwischen 0.2 km hinter AK Gießener Südkreuz und 1.4 km vor Hardtwald  Langsamer Verkehr Reisezeitverlust: 0 Minuten Durchschnittsgeschwindigkeit: 63 km/h",50.5228952074676,8.6430251253118
"A45","undefined--vi-avl.2025-05-21_21-17-00-000.f.de0","50.56080574636397,8.559407254807128,50.56896153520826,8.547685342854388","50.56080574636397,8.559407254807128","WARNING","A45 | Wetzlar-Süd - Wetzlar-Ost"," Gießen -> Hagen",0,"SLOW_TRAFFIC","65.5",2025-05-21,"Beginn: 21.05.25 um 21:17 Uhr  Angespannte Verkehrslage, seit 21.05.2025, 21:17 A45: Gießen -> Hagen, zwischen 0.6 km hinter AS Wetzlar-Süd und 0.2 km vor AS Wetzlar-Ost  Langsamer Verkehr Reisezeitverlust: 0 Minuten Durchschnittsgeschwindigkeit: 65 km/h",50.560805746364,8.55940725480713
"A46","undefined--vi-avl.2025-05-21_19-51-00-000.f_007.de0","51.190393979506595,6.82616098689236,51.18988463157805,6.869296751203961","51.190393979506595,6.82616098689236","WARNING","A46 | Wersten - Düsseldorf-Süd"," Düsseldorf -> Wuppertal",4,"QUEUING_TRAFFIC","27.399999618530273",2025-05-21,"Beginn: 21.05.25 um 19:51 Uhr  Angespannte Verkehrslage, seit 21.05.2025, 19:51 A46: Düsseldorf -> Wuppertal, zwischen 0.5 km hinter Wersten und AD Düsseldorf-Süd  Stockender Verkehr Reisezeitverlust: 4 Minuten Durchschnittsgeschwindigkeit: 27 km/h",51.1903939795066,6.82616098689236
"A46","undefined--vi-avl.2025-05-21_21-13-30-000.f_001.de0","51.19037291755215,6.8263439167148485,51.19037291755215,6.8263439167148485","51.19037291755215,6.8263439167148485","WARNING","A46 | Düsseldorf-Holthausen - Düsseldorf-Holthausen"," Düsseldorf -> Wuppertal",NA,"QUEUING_TRAFFIC","16",2025-05-21,"Beginn: 21.05.25 um 21:21 Uhr  Angespannte Verkehrslage, seit 21.05.2025, 21:21 A46: Düsseldorf -> Wuppertal, 1.2 km vor AS Düsseldorf-Holthausen, aus Richtung Wersten  Stockender Verkehr Durchschnittsgeschwindigkeit: 16 km/h",51.1903729175522,6.82634391671485
"A48","undefined--vi-hind.2025-05-21_19-27-00-000.f_004.de0","50.414218088273905,7.5837479609652805,50.44387960093909,7.664673199999299","50.414218088273905,7.5837479609652805","WARNING","A48 | Bendorf/Neuwied - Dernbach"," Koblenz -> Dernbach",NA,NA,NA,2025-05-21,"Beginn: 21.05.25 um 19:27 Uhr  Fahrzeug-Hindernis, seit 21.05.2025, 19:27 A48: Koblenz -> Dernbach, zwischen 0.3 km hinter AS Bendorf/Neuwied und 7.7 km vor AD Dernbach Gefahr durch ein defektes Fahrzeug auf der Fahrbahn",50.4142180882739,7.58374796096528
"A57","undefined--vi-hind.2025-05-21_20-57-00-000.f.de0","51.430346794385734,6.605129758178494,51.430346794385734,6.605129758178494","51.430346794385734,6.605129758178494","WARNING","A57 | Moers-Kapellen - Moers"," Krefeld -> Nimwegen",NA,NA,NA,2025-05-21,"Beginn: 21.05.25 um 20:57 Uhr  Fahrzeug-Hindernis, seit 21.05.2025, 20:57 A57: Krefeld -> Nimwegen, zwischen 3.7 km hinter AS Moers-Kapellen und 0.5 km vor AK Moers Gefahr durch ein defektes Fahrzeug auf der Fahrbahn",51.4303467943857,6.60512975817849
"A60","undefined--vi-zus.2025-04-08_08-51-21-000.f_013.de0","49.98125533976677,8.345695317688524,49.97565770865279,8.441396718063045","49.98125533976677,8.345695317688524","WARNING","A60 | Mainspitz-Dreieck - Rüsselsheimer Dreieck"," Mainz -> Rüsselsheim",NA,NA,NA,2025-04-08,"Beginn: 08.04.25 um 08:51 Uhr  Zusammengesetzte Verkehrsinformation, seit 08.04.2025, 08:51 A60: Mainz -> Rüsselsheim, zwischen 0.5 km hinter AD Mainspitz-Dreieck und 2.2 km vor AD Rüsselsheimer Dreieck  Sperrung der A60 bei Königstädten – Grundhafte Fahrbahnerneuerung zwischen dem Rüsselsheimer Dreieck und dem Mainspitz Dreieck. Die Niederlassung West der Autobahn GmbH erneuert zwischen dem Rüsselsheimer Dreieck (30) und dem Mainspitz Dreieck (26) die Fahrbahn. Von Donnerstagmorgen (24. April) bis Mitte Juli wird die Anschlussstelle (AS) Königstädten (29) in Fahrtrichtung (FR) Mainz sowie in FR Rüsselsheimer Dreieck gesperrt. Umleitungsmöglichkeiten sind ausgeschildert: • Ausfahrt FR Mainz: Umleitung via AS Rüsselsheim-Mitte • Einfahrt FR Mainz: innerstädtische Umleitung zur AS Rüsselsheim-Mitte (Adam-Opel-Straße / Kurt-Schumacher-Ring), von Nauheim kommend via L3482 zur AS Bischofsheim • Einfahrt FR Darmstadt: innerstädtische Umleitung zur AS Rüsselsheim-Mitte (Adam-Opel-Straße / Kurt-Schumacher-Ring) Die Autobahn GmbH bittet alle Verkehrsteilnehmer um Verständnis für die unvermeidlichen Verkehrsbehinderungen, die durch die Arbeiten entstehen.",49.9812553397668,8.34569531768852
"A60","undefined--vi-zus.2025-05-03_10-55-00-000.f_003.de0","49.977457399447445,8.454646346787307,49.981587265039146,8.34517285786785","49.977457399447445,8.454646346787307","WARNING","A60 | Rüsselsheimer Dreieck - Mainspitz-Dreieck"," Rüsselsheim -> Mainz",NA,NA,NA,2025-05-03,"Beginn: 03.05.25 um 10:55 Uhr  Zusammengesetzte Verkehrsinformation, seit 03.05.2025, 10:55 A60: Rüsselsheim -> Mainz, zwischen 0.6 km hinter AD Rüsselsheimer Dreieck und 0.5 km vor AD Mainspitz-Dreieck  Sperrung der A60 bei Königstädten – Grundhafte Fahrbahnerneuerung zwischen dem Rüsselsheimer Dreieck und dem Mainspitz Dreieck. Die Niederlassung West der Autobahn GmbH erneuert zwischen dem Rüsselsheimer Dreieck (30) und dem Mainspitz Dreieck (26) die Fahrbahn. Von Donnerstagmorgen (24. April) bis Mitte Juli wird die Anschlussstelle (AS) Königstädten (29) in Fahrtrichtung (FR) Mainz sowie in FR Rüsselsheimer Dreieck gesperrt. Umleitungsmöglichkeiten sind ausgeschildert: • Ausfahrt FR Mainz: Umleitung via AS Rüsselsheim-Mitte • Einfahrt FR Mainz: innerstädtische Umleitung zur AS Rüsselsheim-Mitte (Adam-Opel-Straße / Kurt-Schumacher-Ring), von Nauheim kommend via L3482 zur AS Bischofsheim • Einfahrt FR Darmstadt: innerstädtische Umleitung zur AS Rüsselsheim-Mitte (Adam-Opel-Straße / Kurt-Schumacher-Ring) Die Autobahn GmbH bittet alle Verkehrsteilnehmer um Verständnis für die unvermeidlichen Verkehrsbehinderungen, die durch die Arbeiten entstehen.",49.9774573994474,8.45464634678731
"A61","undefined--vi-hind.2025-05-21_21-13-30-000.f.de0","50.14290863082859,7.595221387681543,50.142035419024474,7.594799154240605","50.14290863082859,7.595221387681543","WARNING","A61 | Emmelshausen - Marienau"," Koblenz -> Ludwigshafen",NA,NA,NA,2025-05-21,"Beginn: 21.05.25 um 21:13 Uhr  Hindernis, seit 21.05.2025, 21:13 A61: Koblenz -> Ludwigshafen, zwischen 1.9 km hinter AS Emmelshausen und 0.7 km vor Marienau  Gefahr durch Gegenstände auf der Fahrbahn",50.1429086308286,7.59522138768154
"A64","undefined--vi-avl.2025-05-21_21-10-30-000.f_002.de0","49.786085127680785,6.6422896048579965,49.78865391417719,6.64526824229259","49.786085127680785,6.6422896048579965","WARNING","A64 | Trier - Anschluss B52-Trier"," Luxemburg -> Trier",0,"QUEUING_TRAFFIC","15.399999618530273",2025-05-21,"Beginn: 21.05.25 um 21:10 Uhr  Angespannte Verkehrslage, seit 21.05.2025, 21:10 A64: Luxemburg -> Trier, zwischen 3.3 km hinter AS Trier und 1.2 km vor Anschluss B52-Trier  Stockender Verkehr Reisezeitverlust: 0 Minuten Durchschnittsgeschwindigkeit: 15 km/h",49.7860851276808,6.642289604858
"A64","undefined--vi-avl.2025-05-21_21-10-30-000.f_001.de0","49.786085127680785,6.6422896048579965,49.786085127680785,6.6422896048579965","49.786085127680785,6.6422896048579965","WARNING","A64 | Trier - Trier"," Trier -> Luxemburg",NA,"QUEUING_TRAFFIC","9",2025-05-21,"Beginn: 21.05.25 um 21:21 Uhr  Angespannte Verkehrslage, seit 21.05.2025, 21:21 A64: Trier -> Luxemburg, 3.3 km vor AS Trier, aus Richtung Anschluss B52-Trier  Stockender Verkehr Durchschnittsgeschwindigkeit: 9 km/h",49.7860851276808,6.642289604858
"A66","undefined--vi-zus.2025-05-21_20-27-30-000.f_002.de0","50.052727860852634,8.262855092529888,50.05019686589029,8.286968183603179","50.052727860852634,8.262855092529888","WARNING","A66 | Wiesbaden-Mainzer Straße - Wiesbaden-Erbenheim"," Wiesbaden -> Frankfurt",NA,NA,NA,2025-05-21,"Beginn: 21.05.25 um 20:27 Uhr  Zusammengesetzte Verkehrsinformation, seit 21.05.2025, 20:27 A66: Wiesbaden -> Frankfurt, zwischen 0.5 km hinter AS Wiesbaden-Mainzer Straße und 0.4 km vor AS Wiesbaden-Erbenheim  Gefahr durch Gegenstände auf der Fahrbahn  A66 Wiesbaden Richtung Frankfurt zwischen Wiesbaden-Mainzer Straße und Wiesbaden-Erbenheim Gefahr durch Reifenteile auf der Fahrbahn, defekter PKW",50.0527278608526,8.26285509252989
"A67","undefined--vi-zus.2025-05-21_21-18-30-000.f.de0","49.789222158155795,8.562484107053143,49.796794444566885,8.567829224764177","49.789222158155795,8.562484107053143","WARNING","A67 | Gernsheim - Pfungstadt"," Mannheim -> Darmstadt",0,"SLOW_TRAFFIC","67.80000305175781",2025-05-21,"Beginn: 21.05.25 um 21:18 Uhr  Zusammengesetzte Verkehrsinformation, seit 21.05.2025, 21:18 A67: Mannheim -> Darmstadt, zwischen 5.3 km hinter AS Gernsheim und 0.7 km vor AS Pfungstadt  Langsamer Verkehr Reisezeitverlust: 0 Minuten Durchschnittsgeschwindigkeit: 67 km/h",49.7892221581558,8.56248410705314
"A72","undefined--vi-avl.2025-05-21_21-21-30-000.f_001.de0","50.65929542026423,12.50763111787884,50.65072812949083,12.492959290934667","50.65929542026423,12.50763111787884","WARNING","A72 | Zwickau-Ost - Niedercrinitz"," Zwickau -> Plauen",0,"SLOW_TRAFFIC","61.599998474121094",2025-05-21,"Beginn: 21.05.25 um 21:21 Uhr  Angespannte Verkehrslage, seit 21.05.2025, 21:21 A72: Zwickau -> Plauen, zwischen 6.2 km hinter AS Zwickau-Ost und 0.3 km vor Niedercrinitz  Langsamer Verkehr Reisezeitverlust: 0 Minuten Durchschnittsgeschwindigkeit: 61 km/h",50.6592954202642,12.5076311178788
"A81","undefined--vi-avl.2025-05-21_21-20-00-000.f_001.de0","48.34756623364704,8.662911109944014,48.37383693406297,8.698406261593876","48.34756623364704,8.662911109944014","WARNING","A81 | Sulz am Neckar - Empfingen"," Singen -> Stuttgart",1,"SLOW_TRAFFIC","65.80000305175781",2025-05-21,"Beginn: 21.05.25 um 21:20 Uhr  Angespannte Verkehrslage, seit 21.05.2025, 21:20 A81: Singen -> Stuttgart, zwischen 0.4 km hinter AS Sulz am Neckar und 2.3 km vor AS Empfingen  Langsamer Verkehr Reisezeitverlust: 1 Minuten Durchschnittsgeschwindigkeit: 65 km/h",48.347566233647,8.66291110994401
"A81","undefined--vi-avl.2025-05-21_21-16-30-000.f.de0","48.93639944866231,9.19031380020346,48.94591731649111,9.198566935805669","48.93639944866231,9.19031380020346","WARNING","A81 | Ludwigsburg-Nord - Pleidelsheim"," Stuttgart -> Heilbronn",0,"SLOW_TRAFFIC","62.29999923706055",2025-05-21,"Beginn: 21.05.25 um 21:16 Uhr  Angespannte Verkehrslage, seit 21.05.2025, 21:16 A81: Stuttgart -> Heilbronn, zwischen 3.1 km hinter AS Ludwigsburg-Nord und 2.1 km vor AS Pleidelsheim  Langsamer Verkehr Reisezeitverlust: 0 Minuten Durchschnittsgeschwindigkeit: 62 km/h",48.9363994486623,9.19031380020346
"A81","undefined--vi-avl.2025-05-21_21-02-30-000.f.de0","48.949659894778215,9.203054773494175,48.961399175268284,9.219894391468898","48.949659894778215,9.203054773494175","WARNING","A81 | Ludwigsburg-Nord - Kälbling"," Stuttgart -> Heilbronn",2,"QUEUING_TRAFFIC","35.5",2025-05-21,"Beginn: 21.05.25 um 21:02 Uhr  Angespannte Verkehrslage, seit 21.05.2025, 21:02 A81: Stuttgart -> Heilbronn, zwischen 4.8 km hinter AS Ludwigsburg-Nord und 3.5 km vor Kälbling  Stockender Verkehr Reisezeitverlust: 2 Minuten Durchschnittsgeschwindigkeit: 35 km/h",48.9496598947782,9.20305477349418
"A93","undefined--vi-zus.2025-05-21_20-07-00-000.f_002.de0","49.0278421750268,12.073541336793253,49.01376156062803,12.063584414600298","49.0278421750268,12.073541336793253","WARNING","A93 | Regensburg-Pfaffenstein - Regensburg-Königswiesen"," Regensburg -> Holledau",0,"SLOW_TRAFFIC","48.70000076293945",2025-05-21,"Beginn: 21.05.25 um 20:07 Uhr  Zusammengesetzte Verkehrsinformation, seit 21.05.2025, 20:07 A93: Regensburg -> Holledau, zwischen 0.5 km hinter AS Regensburg-Pfaffenstein und 0.4 km vor AS Regensburg-Königswiesen  Langsamer Verkehr Reisezeitverlust: 0 Minuten Durchschnittsgeschwindigkeit: 48 km/h",49.0278421750268,12.0735413367933
"A96","undefined--vi-zus.2025-05-21_21-14-30-000.f.de0","47.90841290890324,10.066496913037412,47.920830714806655,10.07770720627964","47.90841290890324,10.066496913037412","WARNING","A96 | Aichstetten - Aitrach"," Lindau -> München",0,"SLOW_TRAFFIC","63.099998474121094",2025-05-21,"Beginn: 21.05.25 um 21:15 Uhr  Zusammengesetzte Verkehrsinformation, seit 21.05.2025, 21:15 A96: Lindau -> München, zwischen 3.5 km hinter AS Aichstetten und 2.0 km vor AS Aitrach  Langsamer Verkehr Reisezeitverlust: 0 Minuten Durchschnittsgeschwindigkeit: 63 km/h",47.9084129089032,10.0664969130374
"A96","undefined--vi-avl.2025-05-21_19-49-00-000.f.de0","48.04033683621201,10.785324761143592,48.046484584009086,10.83313147573403","48.04033683621201,10.785324761143592","WARNING","A96 | Buchloe-Ost - Landsberg am Lech-West"," Lindau -> München",1,"SLOW_TRAFFIC","61.599998474121094",2025-05-21,"Beginn: 21.05.25 um 19:49 Uhr  Angespannte Verkehrslage, seit 21.05.2025, 19:49 A96: Lindau -> München, zwischen 3.0 km hinter AS Buchloe-Ost und 0.4 km vor AS Landsberg am Lech-West  Langsamer Verkehr Reisezeitverlust: 1 Minuten Durchschnittsgeschwindigkeit: 61 km/h",48.040336836212,10.7853247611436
"A111","undefined--vi-avl.2025-05-21_21-13-30-000.f_004.de0","52.6172507723141,13.250918677498586,52.6172507723141,13.250918677498586","52.6172507723141,13.250918677498586","WARNING","A111 | Schulzendorfer Straße - Schulzendorfer Straße"," Dreieck Oranienburg -> Charlottenburg",NA,"STATIONARY_TRAFFIC","5",2025-05-21,"Beginn: 21.05.25 um 21:21 Uhr  Angespannte Verkehrslage, seit 21.05.2025, 21:21 A111: Dreieck Oranienburg -> Charlottenburg, 0.4 km vor AS Schulzendorfer Straße, aus Richtung Stolper Heide  Im Stillstand Durchschnittsgeschwindigkeit: 5 km/h",52.6172507723141,13.2509186774986
"A111","undefined--vi-avl.2025-05-21_21-13-00-000.f.de0","52.6172653437818,13.250935932641699,52.61227589723048,13.250112355231709","52.6172653437818,13.250935932641699","WARNING","A111 | Stolper Heide - Beyschlagtunnel"," Dreieck Oranienburg -> Charlottenburg",4,"STATIONARY_TRAFFIC","7.400000095367432",2025-05-21,"Beginn: 21.05.25 um 21:13 Uhr  Angespannte Verkehrslage, seit 21.05.2025, 21:13 A111: Dreieck Oranienburg -> Charlottenburg, zwischen 3.0 km hinter Stolper Heide und 0.2 km vor Beyschlagtunnel  Im Stillstand Reisezeitverlust: 4 Minuten Durchschnittsgeschwindigkeit: 7 km/h",52.6172653437818,13.2509359326417
"A113","undefined--vi-avl.2025-05-21_21-18-30-000.f.de0","52.449402345397615,13.465733457096752,52.44429430093059,13.476128600116523","52.449402345397615,13.465733457096752","WARNING","A113 | Späthstraße - Johannisthaler Chaussee"," Neukölln -> Schönefeld",0,"SLOW_TRAFFIC","38.400001525878906",2025-05-21,"Beginn: 21.05.25 um 21:18 Uhr  Angespannte Verkehrslage, seit 21.05.2025, 21:18 A113: Neukölln -> Schönefeld, zwischen 0.6 km hinter AS Späthstraße und 0.2 km vor AS Johannisthaler Chaussee  Langsamer Verkehr Reisezeitverlust: 0 Minuten Durchschnittsgeschwindigkeit: 38 km/h",52.4494023453976,13.4657334570968
"A113","undefined--vi-zus.2025-05-06_00-21-00-000.f_003.de0","52.43025717661688,13.505075428607936,52.42875800093087,13.509218300121121","52.43025717661688,13.505075428607936","WARNING","A113 | Stubenrauchstraße - Adlershof"," Neukölln -> Schönefeld",NA,NA,NA,2025-05-06,"Beginn: 06.05.25 um 00:21 Uhr  Zusammengesetzte Verkehrsinformation, seit 06.05.2025, 00:21 A113: Neukölln -> Schönefeld, zwischen 0.6 km hinter AS Stubenrauchstraße und 0.3 km vor AS Adlershof  A113 Autobahnzubringer Dresden, Neukölln Richtung Schönefeld
zwischen Stubenrauchstraße und Tunnel Rudower Höhe
linker Fahrstreifen gesperrt, Bauarbeiten, bis voraussichtlich 20.06.2025",52.4302571766169,13.5050754286079
"A115","undefined--vi-zus.2024-10-09_07-09-40-000.f_531.de0","52.40027056808641,13.185163736426698,52.44227384698058,13.202709435405149","52.40027056808641,13.185163736426698","WARNING","A115 | Am Stern - Hüttenweg"," Dreieck Nuthetal -> Dreieck Funkturm",NA,NA,NA,2024-10-09,"Beginn: 09.10.24 um 07:09 Uhr  Zusammengesetzte Verkehrsinformation, seit 09.10.2024, 07:09 A115: Dreieck Nuthetal -> Dreieck Funkturm, zwischen 2.9 km hinter Am Stern und 3.8 km vor AS Hüttenweg  A115 Autobahnzubringer Magdeburg, Dreieck Nuthetal Richtung Dreieck Funkturm, zwischen Anschlussstelle Kleinmachnow und Anschlussstelle Spanische Allee, Baustelle, bis 31.10.2026 17:00 Uhr",52.4002705680864,13.1851637364267
