"road","identifier","extent","point","display_type","title","subtitle","delay_minutes","abnormalTrafficType","averageSpeed","startTimestamp","description","latitude","longitude"
"A1","undefined--vi-hind.2025-05-23_08-45-13-000.f_001.de0","50.64532865663903,6.72221872833382,50.64698605510406,6.722227086333398","50.64532865663903,6.72221872833382","WARNING","A1 | Grüner Winkel - Wißkirchen"," Blankenheim -> Euskirchen",NA,NA,NA,2025-05-23,"Beginn: 23.05.25 um 08:45 Uhr  Fahrzeug-Hindernis, seit 23.05.2025, 08:45 A1: Blankenheim -> Euskirchen, zwischen 4.3 km hinter Grüner Winkel und 0.1 km vor AS Wißkirchen Gefahr durch ein defektes Fahrzeug auf der Fahrbahn",50.645328656639,6.72221872833382
"A1","undefined--vi-avl.2025-05-23_08-40-45-000.f_002.de0","51.01483988883511,6.922213025721965,51.037966861230416,6.981652561646426","51.01483988883511,6.922213025721965","WARNING","A1 | Köln-Nord - Leverkusen"," Euskirchen -> Dortmund",7,"QUEUING_TRAFFIC","29.100000381469727",2025-05-23,"Beginn: 23.05.25 um 08:40 Uhr  Angespannte Verkehrslage, seit 23.05.2025, 08:40 A1: Euskirchen -> Dortmund, zwischen 3.0 km hinter AK Köln-Nord und 1.9 km vor AK Leverkusen  Stockender Verkehr Reisezeitverlust: 7 Minuten Durchschnittsgeschwindigkeit: 29 km/h",51.0148398888351,6.92221302572197
"A1","undefined--vi-avl.2025-05-23_09-31-27-000.f_005.de0","51.01772145420475,6.928116491149038,51.01772145420475,6.928116491149038","51.01772145420475,6.928116491149038","WARNING","A1 | Köln-Nord - Köln-Nord"," Köln -> Euskirchen",NA,"STATIONARY_TRAFFIC","23",2025-05-23,"Beginn: 23.05.25 um 09:31 Uhr  Angespannte Verkehrslage, seit 23.05.2025, 09:31 A1: Köln -> Euskirchen, 3.5 km vor AK Köln-Nord, aus Richtung Köln-Niehl  Im Stillstand Durchschnittsgeschwindigkeit: 23 km/h",51.0177214542047,6.92811649114904
"A1","undefined--vi-avl.2025-05-23_08-38-24-000.f_002.de0","51.01768399503561,6.928019154433894,51.000796889173756,6.90001362295676","51.01768399503561,6.928019154433894","WARNING","A1 | Köln-Niehl - Köln-Nord"," Dortmund -> Euskirchen",4,"STATIONARY_TRAFFIC","27.700000762939453",2025-05-23,"Beginn: 23.05.25 um 08:38 Uhr  Angespannte Verkehrslage, seit 23.05.2025, 08:38 A1: Dortmund -> Euskirchen, zwischen 1.3 km hinter AS Köln-Niehl und 0.8 km vor AK Köln-Nord  Im Stillstand Reisezeitverlust: 4 Minuten Durchschnittsgeschwindigkeit: 27 km/h",51.0176839950356,6.92801915443389
"A1","undefined--vi-avl.2025-05-23_09-25-28-000.f.de0","51.01373748015266,6.920189012782061,51.01373748015266,6.920189012782061","51.01373748015266,6.920189012782061","WARNING","A1 | Köln-Niehl - Köln-Niehl"," Köln -> Dortmund",NA,"QUEUING_TRAFFIC","19",2025-05-23,"Beginn: 23.05.25 um 09:31 Uhr  Angespannte Verkehrslage, seit 23.05.2025, 09:31 A1: Köln -> Dortmund, 2.0 km vor AS Köln-Niehl, aus Richtung Köln-Nord  Stockender Verkehr Durchschnittsgeschwindigkeit: 19 km/h",51.0137374801527,6.92018901278206
"A1","undefined--vi-zus.2025-05-23_09-16-47-000.f_002.de0","53.02375193459619,8.839654336838683,53.0314840568094,8.864646386573524","53.02375193459619,8.839654336838683","WARNING","A1 | Krummhörens Kuhlen - Bremen-Hemelingen"," Osnabrück -> Bremen",0,"SLOW_TRAFFIC","69.5999984741211",2025-05-23,"Beginn: 23.05.25 um 09:16 Uhr  Zusammengesetzte Verkehrsinformation, seit 23.05.2025, 09:16 A1: Osnabrück -> Bremen, zwischen 1.0 km hinter Krummhörens Kuhlen und 1.7 km vor AS Bremen-Hemelingen  Langsamer Verkehr Reisezeitverlust: 0 Minuten Durchschnittsgeschwindigkeit: 69 km/h",53.0237519345962,8.83965433683868
"A1","undefined--vi-avl.2025-05-23_05-51-00-000.f_006.de0","53.02807677263298,8.935350053330462,53.031460453437994,8.864211532227444","53.02807677263298,8.935350053330462","WARNING","A1 | Mahndorfer Marsch - Bremen-Arsten"," Bremen -> Osnabrück",3,"SLOW_TRAFFIC","48.400001525878906",2025-05-23,"Beginn: 23.05.25 um 05:51 Uhr  Angespannte Verkehrslage, seit 23.05.2025, 05:51 A1: Bremen -> Osnabrück, zwischen 0.6 km hinter Mahndorfer Marsch und 0.4 km vor AS Bremen-Arsten  Langsamer Verkehr Reisezeitverlust: 3 Minuten Durchschnittsgeschwindigkeit: 48 km/h",53.028076772633,8.93535005333046
"A1","undefined--vi-hind.2025-05-23_09-16-15-000.f_001.de0","53.37231789036979,9.8432013114482,53.37239794010546,9.845697588705795","53.37231789036979,9.8432013114482","WARNING","A1 | Rade - Buchholzer Dreieck"," Bremen -> Hamburg",NA,NA,NA,2025-05-23,"Beginn: 23.05.25 um 09:16 Uhr  Fahrzeug-Hindernis, seit 23.05.2025, 09:16 A1: Bremen -> Hamburg, zwischen 2.6 km hinter AS Rade und 0.6 km vor AD Buchholzer Dreieck Gefahr durch ein defektes Fahrzeug auf der Fahrbahn",53.3723178903698,9.8432013114482
"A1","undefined--vi-avl.2025-05-23_09-31-27-000.f.de0","53.43412604902364,10.032913160058003,53.43412604902364,10.032913160058003","53.43412604902364,10.032913160058003","WARNING","A1 | Hamburg-Harburg - Hamburg-Harburg"," Bremen -> Hamburg",NA,"SLOW_TRAFFIC","25",2025-05-23,"Beginn: 23.05.25 um 09:31 Uhr  Angespannte Verkehrslage, seit 23.05.2025, 09:31 A1: Bremen -> Hamburg, 3.6 km vor AS Hamburg-Harburg, aus Richtung Maschener Kreuz  Langsamer Verkehr Durchschnittsgeschwindigkeit: 25 km/h",53.4341260490236,10.032913160058
"A2","undefined--vi-avl.2025-05-23_09-29-26-000.f_007.de0","51.554970271240336,6.925271814348264,51.554970271240336,6.925271814348264","51.554970271240336,6.925271814348264","WARNING","A2 | Bottrop - Bottrop"," Dortmund -> Oberhausen",NA,"SLOW_TRAFFIC","14",2025-05-23,"Beginn: 23.05.25 um 09:31 Uhr  Angespannte Verkehrslage, seit 23.05.2025, 09:31 A2: Dortmund -> Oberhausen, 0.8 km vor AS Bottrop, aus Richtung Bottrop  Langsamer Verkehr Durchschnittsgeschwindigkeit: 14 km/h",51.5549702712403,6.92527181434826
"A2","undefined--vi-avl.2025-05-23_06-54-00-000.f_002.de0","51.554982409060166,6.9253104457303145,51.539310094400335,6.876965702724635","51.554982409060166,6.9253104457303145","WARNING","A2 | Bottrop - Oberhausen-Königshardt"," Dortmund -> Oberhausen",3,"SLOW_TRAFFIC","41.5",2025-05-23,"Beginn: 23.05.25 um 06:54 Uhr  Angespannte Verkehrslage, seit 23.05.2025, 06:54 A2: Dortmund -> Oberhausen, zwischen AD Bottrop und 0.5 km vor AS Oberhausen-Königshardt  Langsamer Verkehr Reisezeitverlust: 3 Minuten Durchschnittsgeschwindigkeit: 41 km/h",51.5549824090602,6.92531044573031
"A2","undefined--vi-hind.2025-05-23_09-12-55-000.f_001.de0","51.60405361140434,7.3166758686165725,51.596263100932816,7.255902199998294","51.60405361140434,7.3166758686165725","WARNING","A2 | Ickern - Recklinghausen-Ost"," Dortmund -> Oberhausen",NA,NA,NA,2025-05-23,"Beginn: 23.05.25 um 09:12 Uhr  Hindernis, seit 23.05.2025, 09:12 A2: Dortmund -> Oberhausen, zwischen 1.5 km hinter Ickern und 0.2 km vor AS Recklinghausen-Ost",51.6040536114043,7.31667586861657
"A2","undefined--vi-avl.2025-05-23_08-47-34-000.f.de0","52.40184518239831,9.49684676709418,52.42225220749882,9.607821541105542","52.40184518239831,9.49684676709418","WARNING","A2 | Wunstorf-Kolenfeld - Hannover-Herrenhausen"," Dortmund -> Hannover",12,"STATIONARY_TRAFFIC","30.200000762939453",2025-05-23,"Beginn: 23.05.25 um 08:47 Uhr  Angespannte Verkehrslage, seit 23.05.2025, 08:47 A2: Dortmund -> Hannover, zwischen 2.1 km hinter AS Wunstorf-Kolenfeld und 1.6 km vor AS Hannover-Herrenhausen  Im Stillstand Reisezeitverlust: 12 Minuten Durchschnittsgeschwindigkeit: 30 km/h",52.4018451823983,9.49684676709418
"A2","undefined--vi-avl.2025-05-23_09-31-58-000.f_002.de0","52.40177165622573,9.496717695821966,52.40177165622573,9.496717695821966","52.40177165622573,9.496717695821966","WARNING","A2 | Wunstorf-Luthe - Wunstorf-Luthe"," Dortmund -> Hannover",NA,"STATIONARY_TRAFFIC","28",2025-05-23,"Beginn: 23.05.25 um 09:31 Uhr  Angespannte Verkehrslage, seit 23.05.2025, 09:31 A2: Dortmund -> Hannover, 1.6 km vor AS Wunstorf-Luthe, aus Richtung Wunstorf-Kolenfeld  Im Stillstand Durchschnittsgeschwindigkeit: 28 km/h",52.4017716562257,9.49671769582197
"A2","undefined--vi-hind.2025-05-23_09-00-26-000.f.de0","52.39737581411087,9.896349992011325,52.39711016877567,9.898884914465782","52.39737581411087,9.896349992011325","WARNING","A2 | Hannover-Buchholz - Hannover-Ost"," Hannover -> Braunschweig",NA,NA,NA,2025-05-23,"Beginn: 23.05.25 um 09:00 Uhr  Fahrzeug-Hindernis, seit 23.05.2025, 09:00 A2: Hannover -> Braunschweig, zwischen 3.8 km hinter AK Hannover-Buchholz und 0.1 km vor AK Hannover-Ost Gefahr durch ein defektes Fahrzeug auf der Fahrbahn",52.3973758141109,9.89634999201133
"A2","undefined--vi-avl.2025-05-23_08-04-34-000.f_003.de0","52.23608230092877,11.020445000002937,52.2200016869151,11.055561566949132","52.23608230092877,11.020445000002937","WARNING","A2 | Helmstedt-Zentrum - Lappwald Nord"," Braunschweig -> Magdeburg",2,"SLOW_TRAFFIC","41",2025-05-23,"Beginn: 23.05.25 um 08:04 Uhr  Angespannte Verkehrslage, seit 23.05.2025, 08:04 A2: Braunschweig -> Magdeburg, zwischen 0.9 km hinter AS Helmstedt-Zentrum und 0.3 km vor Lappwald Nord  Langsamer Verkehr Reisezeitverlust: 2 Minuten Durchschnittsgeschwindigkeit: 41 km/h",52.2360823009288,11.0204450000029
"A2","undefined--vi-zus.2025-05-23_07-45-31-000.f.de0","52.340982501143905,12.75609622221856,52.338993770035245,12.788251202612587","52.340982501143905,12.75609622221856","WARNING","A2 | Netzen - Werder"," Magdeburg -> Berliner Ring",1,"SLOW_TRAFFIC","56.5",2025-05-23,"Beginn: 23.05.25 um 07:45 Uhr  Zusammengesetzte Verkehrsinformation, seit 23.05.2025, 07:45 A2: Magdeburg -> Berliner Ring, zwischen 3.9 km hinter AS Netzen und 1.9 km vor AD Werder  Langsamer Verkehr Reisezeitverlust: 1 Minuten Durchschnittsgeschwindigkeit: 56 km/h",52.3409825011439,12.7560962222186
"A3","undefined--vi-hind.2025-05-23_09-29-26-000.f_002.de0","48.99834216735451,12.151975562870868,48.99539807917272,12.132164540785219","48.99834216735451,12.151975562870868","WARNING","A3 | Augraben-Süd - Regensburg-Universität"," Passau -> Nürnberg",NA,NA,NA,2025-05-23,"Beginn: 23.05.25 um 09:29 Uhr  Hindernis, seit 23.05.2025, 09:29 A3: Passau -> Nürnberg, zwischen 1.6 km hinter Augraben-Süd und 2.1 km vor AS Regensburg-Universität  Gefahr durch Gegenstände auf der Fahrbahn",48.9983421673545,12.1519755628709
"A3","undefined--vi-hind.2025-05-23_07-34-34-000.f_004.de0","48.991489936890964,12.09928352270128,48.990638884599335,12.069012769548563","48.991489936890964,12.09928352270128","WARNING","A3 | Regensburg-Universität - Regensburg"," Passau -> Nürnberg",NA,NA,NA,2025-05-23,"Beginn: 23.05.25 um 07:34 Uhr  Fahrzeug-Hindernis, seit 23.05.2025, 07:34 A3: Passau -> Nürnberg, zwischen 0.3 km hinter AS Regensburg-Universität und 0.6 km vor AK Regensburg Gefahr durch ein defektes Fahrzeug auf der Fahrbahn",48.991489936891,12.0992835227013
"A3","undefined--vi-hind.2025-05-23_08-42-18-000.f_002.de0","49.76950259077636,10.479947107070716,49.74480500094221,10.629872800001372","49.76950259077636,10.479947107070716","WARNING","A3 | Geiselwind - Schlüsselfeld"," Würzburg -> Nürnberg",NA,NA,NA,2025-05-23,"Beginn: 23.05.25 um 08:42 Uhr  Hindernis, seit 23.05.2025, 08:42 A3: Würzburg -> Nürnberg, zwischen 0.3 km hinter AS Geiselwind und 0.2 km vor AS Schlüsselfeld  Gefahr durch Gegenstände auf der Fahrbahn",49.7695025907764,10.4799471070707
"A3","undefined--vi-avl.2025-05-23_09-23-16-000.f_002.de0","51.05603423641,6.991778813003307,51.07510851902716,6.988174921402947","51.05603423641,6.991778813003307","WARNING","A3 | Leverkusen-Opladen - Reusrather Heide"," Köln -> Oberhausen",2,"QUEUING_TRAFFIC","32.900001525878906",2025-05-23,"Beginn: 23.05.25 um 09:23 Uhr  Angespannte Verkehrslage, seit 23.05.2025, 09:23 A3: Köln -> Oberhausen, zwischen AS Leverkusen-Opladen und 1.1 km vor Reusrather Heide  Stockender Verkehr Reisezeitverlust: 2 Minuten Durchschnittsgeschwindigkeit: 32 km/h",51.05603423641,6.99177881300331
"A3","undefined--vi-hind.2025-05-23_08-55-23-000.f_001.de0","51.265631384664744,6.914376421738632,51.265631384664744,6.914376421738632","51.265631384664744,6.914376421738632","WARNING","A3 | Ratingen-Ost - Mettmann"," Oberhausen -> Köln",NA,NA,NA,2025-05-23,"Beginn: 23.05.25 um 08:55 Uhr  Fahrzeug-Hindernis, seit 23.05.2025, 08:55 A3: Oberhausen -> Köln, zwischen 3.9 km hinter AK Ratingen-Ost und 0.6 km vor AS Mettmann Gefahr durch ein defektes Fahrzeug auf der Fahrbahn",51.2656313846647,6.91437642173863
"A3","undefined--vi-avl.2025-05-23_06-00-30-000.f_012.de0","51.47280178391918,6.815978417418129,51.44398922316454,6.799912313193551","51.47280178391918,6.815978417418129","WARNING","A3 | Oberhausen-Lirich - Duisburg-Wedau"," Oberhausen -> Köln",2,"SLOW_TRAFFIC","46.79999923706055",2025-05-23,"Beginn: 23.05.25 um 06:00 Uhr  Angespannte Verkehrslage, seit 23.05.2025, 06:00 A3: Oberhausen -> Köln, zwischen 0.3 km hinter AS Oberhausen-Lirich und 4.3 km vor AS Duisburg-Wedau  Langsamer Verkehr Reisezeitverlust: 2 Minuten Durchschnittsgeschwindigkeit: 46 km/h",51.4728017839192,6.81597841741813
"A3","undefined--vi-avl.2025-05-23_06-01-30-000.f.de0","51.49152570335235,6.817048428288951,51.53191824205067,6.822878410503156","51.49152570335235,6.817048428288951","WARNING","A3 | Oberhausen-West - Oberhausen"," Köln -> Arnheim",4,"QUEUING_TRAFFIC","42.20000076293945",2025-05-23,"Beginn: 23.05.25 um 06:01 Uhr  Angespannte Verkehrslage, seit 23.05.2025, 06:01 A3: Köln -> Arnheim, zwischen 0.5 km hinter AK Oberhausen-West und 1.0 km vor AK Oberhausen  Stockender Verkehr Reisezeitverlust: 4 Minuten Durchschnittsgeschwindigkeit: 42 km/h",51.4915257033524,6.81704842828895
"A3","undefined--vi-avl.2025-05-23_09-18-29-000.f_008.de0","51.565357109411416,6.804653250180014,51.565357109411416,6.804653250180014","51.565357109411416,6.804653250180014","WARNING","A3 | Dinslaken-Süd - Dinslaken-Süd"," Arnheim -> Oberhausen",NA,"STATIONARY_TRAFFIC","16",2025-05-23,"Beginn: 23.05.25 um 09:31 Uhr  Angespannte Verkehrslage, seit 23.05.2025, 09:31 A3: Arnheim -> Oberhausen, 0.7 km vor AS Dinslaken-Süd, aus Richtung Sippenwies  Im Stillstand Durchschnittsgeschwindigkeit: 16 km/h",51.5653571094114,6.80465325018001
"A3","undefined--vi-avl.2025-05-23_09-14-45-000.f_002.de0","51.56533152024894,6.804666905111951,51.55025654209385,6.816918957098412","51.56533152024894,6.804666905111951","WARNING","A3 | Sippenwies - Oberhausen"," Arnheim -> Oberhausen",5,"STATIONARY_TRAFFIC","19.200000762939453",2025-05-23,"Beginn: 23.05.25 um 09:14 Uhr  Angespannte Verkehrslage, seit 23.05.2025, 09:14 A3: Arnheim -> Oberhausen, zwischen 1.5 km hinter Sippenwies und 1.7 km vor AK Oberhausen  Im Stillstand Reisezeitverlust: 5 Minuten Durchschnittsgeschwindigkeit: 19 km/h",51.5653315202489,6.80466690511195
"A3","undefined--vi-avl.2025-05-23_09-05-51-000.f_001.de0","51.89839901701434,6.165717280673193,51.89839901701434,6.165717280673193","51.89839901701434,6.165717280673193","WARNING","A3 | Knauheide - Knauheide"," Arnheim -> Oberhausen",NA,"SLOW_TRAFFIC","19",2025-05-23,"Beginn: 23.05.25 um 09:31 Uhr  Angespannte Verkehrslage, seit 23.05.2025, 09:31 A3: Arnheim -> Oberhausen, 0.1 km vor Knauheide, aus Richtung Elten  Langsamer Verkehr Durchschnittsgeschwindigkeit: 19 km/h",51.8983990170143,6.16571728067319
"A3","undefined--vi-avl.2025-05-23_09-04-48-000.f.de0","51.89836112503476,6.165756320916883,51.89430742738076,6.169921542127004","51.89836112503476,6.165756320916883","WARNING","A3 | Elten - Elten"," Arnheim -> Oberhausen",0,"SLOW_TRAFFIC","41.599998474121094",2025-05-23,"Beginn: 23.05.25 um 09:04 Uhr  Angespannte Verkehrslage, seit 23.05.2025, 09:04 A3: Arnheim -> Oberhausen, zwischen 0.4 km hinter Elten und 1.3 km vor AS Elten  Langsamer Verkehr Reisezeitverlust: 0 Minuten Durchschnittsgeschwindigkeit: 41 km/h",51.8983611250348,6.16575632091688
"A4","undefined--vi-avl.2025-05-23_09-31-58-000.f_003.de0","50.835556102644695,6.401318000525609,50.835556102644695,6.401318000525609","50.835556102644695,6.401318000525609","WARNING","A4 | Langerwehe - Langerwehe"," Köln -> Heerlen/Aachen",NA,"QUEUING_TRAFFIC","24",2025-05-23,"Beginn: 23.05.25 um 09:31 Uhr  Angespannte Verkehrslage, seit 23.05.2025, 09:31 A4: Köln -> Heerlen/Aachen, 1.2 km vor AS Langerwehe, aus Richtung Rur-Scholle  Stockender Verkehr Durchschnittsgeschwindigkeit: 24 km/h",50.8355561026447,6.40131800052561
"A4","undefined--vi-avl.2025-05-23_09-22-15-000.f.de0","50.83555616801814,6.401332195358357,50.83545671302027,6.381644344832907","50.83555616801814,6.401332195358357","WARNING","A4 | Rur-Scholle - Weisweiler"," Köln -> Heerlen/Aachen",1,"QUEUING_TRAFFIC","38.20000076293945",2025-05-23,"Beginn: 23.05.25 um 09:22 Uhr  Angespannte Verkehrslage, seit 23.05.2025, 09:22 A4: Köln -> Heerlen/Aachen, zwischen 1.5 km hinter Rur-Scholle und 4.0 km vor AS Weisweiler  Stockender Verkehr Reisezeitverlust: 1 Minuten Durchschnittsgeschwindigkeit: 38 km/h",50.8355561680181,6.40133219535836
"A4","undefined--vi-avl.2025-05-23_06-08-30-000.f.de0","50.90005643271335,6.905698698406481,50.891618938001756,6.924295559226965","50.90005643271335,6.905698698406481","WARNING","A4 | Köln-West - Köln-Eifeltor"," Heerlen/Aachen -> Köln",1,"SLOW_TRAFFIC","47.099998474121094",2025-05-23,"Beginn: 23.05.25 um 06:08 Uhr  Angespannte Verkehrslage, seit 23.05.2025, 06:08 A4: Heerlen/Aachen -> Köln, zwischen 5.1 km hinter AK Köln-West und 0.1 km vor AS Köln-Eifeltor  Langsamer Verkehr Reisezeitverlust: 1 Minuten Durchschnittsgeschwindigkeit: 47 km/h",50.9000564327133,6.90569869840648
"A4","undefined--vi-avl.2025-05-23_07-17-46-000.f_004.de0","50.88391075143821,6.951968526837498,50.8944794610657,6.918420191363288","50.88391075143821,6.951968526837498","WARNING","A4 | Köln-Süd - Köln-Klettenberg"," Köln -> Heerlen/Aachen",1,"SLOW_TRAFFIC","56.70000076293945",2025-05-23,"Beginn: 23.05.25 um 07:17 Uhr  Angespannte Verkehrslage, seit 23.05.2025, 07:17 A4: Köln -> Heerlen/Aachen, zwischen 1.2 km hinter AK Köln-Süd und 0.8 km vor AS Köln-Klettenberg  Langsamer Verkehr Reisezeitverlust: 1 Minuten Durchschnittsgeschwindigkeit: 56 km/h",50.8839107514382,6.9519685268375
"A4","undefined--vi-avl.2025-05-23_09-11-25-000.f_005.de0","50.97404321274595,7.464917508691024,50.97370473875892,7.517117338756747","50.97404321274595,7.464917508691024","WARNING","A4 | Bielstein - Gummersbach"," Köln -> Olpe",2,"SLOW_TRAFFIC","46.29999923706055",2025-05-23,"Beginn: 23.05.25 um 09:11 Uhr  Angespannte Verkehrslage, seit 23.05.2025, 09:11 A4: Köln -> Olpe, zwischen 0.1 km hinter AS Bielstein und 0.6 km vor AS Gummersbach  Langsamer Verkehr Reisezeitverlust: 2 Minuten Durchschnittsgeschwindigkeit: 46 km/h",50.9740432127459,7.46491750869102
"A4","undefined--vi-avl.2025-05-23_09-31-58-000.f_004.de0","50.97402503070646,7.464997956685957,50.97402503070646,7.464997956685957","50.97402503070646,7.464997956685957","WARNING","A4 | Wiehltalbrücke - Wiehltalbrücke"," Köln -> Olpe",NA,"SLOW_TRAFFIC","25",2025-05-23,"Beginn: 23.05.25 um 09:31 Uhr  Angespannte Verkehrslage, seit 23.05.2025, 09:31 A4: Köln -> Olpe, 1.7 km vor Wiehltalbrücke, aus Richtung Bielstein  Langsamer Verkehr Durchschnittsgeschwindigkeit: 25 km/h",50.9740250307065,7.46499795668596
"A4","undefined--vi-zus.2025-05-23_08-26-10-000.f_006.de0","50.91998078288197,10.550506507315252,50.92101119249458,10.532834019361392","50.91998078288197,10.550506507315252","WARNING","A4 | Hörselgau - Sättelstädt"," Erfurt -> Bad Hersfeld",NA,NA,NA,2025-05-23,"Beginn: 23.05.25 um 08:26 Uhr  Zusammengesetzte Verkehrsinformation, seit 23.05.2025, 08:26 A4: Erfurt -> Bad Hersfeld, zwischen 2.7 km hinter Hörselgau und 4.4 km vor AS Sättelstädt  A4 Erfurt Richtung Kirchheimer Dreieck zwischen Raststätte Hörselgau und Sättelstädt Wanderbaustelle, Grünpflege",50.919980782882,10.5505065073153
"A5","undefined--vi-avl.2025-05-23_08-21-38-000.f_002.de0","48.88425652393836,8.276012803762823,48.901741610795725,8.338099640505602","48.88425652393836,8.276012803762823","WARNING","A5 | Rastatt-Nord - Karlsruhe-Süd"," Basel -> Karlsruhe",7,"STATIONARY_TRAFFIC","31.5",2025-05-23,"Beginn: 23.05.25 um 08:21 Uhr  Angespannte Verkehrslage, seit 23.05.2025, 08:21 A5: Basel -> Karlsruhe, zwischen 3.4 km hinter AS Rastatt-Nord und 7.2 km vor AS Karlsruhe-Süd  Im Stillstand Reisezeitverlust: 7 Minuten Durchschnittsgeschwindigkeit: 31 km/h",48.8842565239384,8.27601280376282
"A5","undefined--vi-zus.2025-05-23_09-31-58-000.f.de0","49.530764992229216,8.633716720567149,49.540919306521964,8.629525873866864","49.530764992229216,8.633716720567149","WARNING","A5 | Hirschberg - Weinheim"," Heidelberg -> Darmstadt",0,"SLOW_TRAFFIC","58.5",2025-05-23,"Beginn: 23.05.25 um 09:31 Uhr  Zusammengesetzte Verkehrsinformation, seit 23.05.2025, 09:31 A5: Heidelberg -> Darmstadt, zwischen 2.5 km hinter AS Hirschberg und 0.9 km vor AK Weinheim  Langsamer Verkehr Reisezeitverlust: 0 Minuten Durchschnittsgeschwindigkeit: 58 km/h",49.5307649922292,8.63371672056715
"A5","undefined--vi-unf.2025-05-23_06-12-30-000.f_009.de0","50.63980978527451,8.962230499633863,50.640213700938126,8.96813569999999","50.63980978527451,8.962230499633863","WARNING","A5 | Grünberg - Homberg (Ohm)"," Frankfurt -> Kassel",NA,NA,NA,2025-05-23,"Beginn: 23.05.25 um 06:12 Uhr  Unfall, seit 23.05.2025, 06:12 A5: Frankfurt -> Kassel, zwischen 2.9 km hinter AS Grünberg und 1.7 km vor AS Homberg (Ohm)",50.6398097852745,8.96223049963386
"A6","undefined--vi-zus.2025-05-23_07-48-10-000.f_004.de0","49.26844663171483,7.137647099310104,49.30702530094391,7.251279199998161","49.26844663171483,7.137647099310104","WARNING","A6 | Sankt Ingbert-West - Neunkirchen"," Metz/Saarbrücken -> Kaiserslautern",NA,NA,NA,2025-05-23,"Beginn: 23.05.25 um 07:48 Uhr  Zusammengesetzte Verkehrsinformation, seit 23.05.2025, 07:48 A6: Metz/Saarbrücken -> Kaiserslautern, zwischen 3.0 km hinter AS Sankt Ingbert-West und 0.4 km vor AK Neunkirchen  A6 Metz/Saarbrücken Richtung Kaiserslautern
zwischen Sankt Ingbert-Mitte und Kreuz Neunkirchen
brennender LKW, Feuerwehreinsatz, Gefahr, Staugefahr, Richtungsfahrbahn gesperrt, 4 km Stau
Ableitung an der AS IGB-Mitte",49.2684466317148,7.1376470993101
"A6","undefined--vi-zus.2025-05-23_09-22-15-000.f.de0","49.26956794395651,7.139547659548061,49.27563948074655,7.17404962139186","49.26956794395651,7.139547659548061","WARNING","A6 | Sankt Ingbert-Mitte - Rohrbach"," Metz/Saarbrücken -> Kaiserslautern",6,"STATIONARY_TRAFFIC","19.799999237060547",2025-05-23,"Beginn: 23.05.25 um 09:22 Uhr  Zusammengesetzte Verkehrsinformation, seit 23.05.2025, 09:22 A6: Metz/Saarbrücken -> Kaiserslautern, zwischen 0.1 km hinter AS Sankt Ingbert-Mitte und 0.4 km vor AS Rohrbach  Im Stillstand Reisezeitverlust: 6 Minuten Durchschnittsgeschwindigkeit: 19 km/h",49.2695679439565,7.13954765954806
"A6","undefined--vi-avl.2025-05-23_09-23-16-000.f_006.de0","49.26956794395651,7.139547659548061,49.26956794395651,7.139547659548061","49.26956794395651,7.139547659548061","WARNING","A6 | Am Kahlenberg - Am Kahlenberg"," Metz/Saarbrücken -> Kaiserslautern",NA,"STATIONARY_TRAFFIC","20",2025-05-23,"Beginn: 23.05.25 um 09:31 Uhr  Angespannte Verkehrslage, seit 23.05.2025, 09:31 A6: Metz/Saarbrücken -> Kaiserslautern, 1.5 km vor Am Kahlenberg, aus Richtung Sankt Ingbert-Mitte  Im Stillstand Durchschnittsgeschwindigkeit: 20 km/h",49.2695679439565,7.13954765954806
"A6","undefined--vi-hind.2025-05-23_08-03-25-000.f_006.de0","49.27563288710457,7.174040274298668,49.30702530094391,7.251279199998161","49.27563288710457,7.174040274298668","WARNING","A6 | Am Kahlenberg - Neunkirchen"," Metz/Saarbrücken -> Kaiserslautern",NA,NA,NA,2025-05-23,"Beginn: 23.05.25 um 08:03 Uhr  Fahrzeug-Hindernis, seit 23.05.2025, 08:03 A6: Metz/Saarbrücken -> Kaiserslautern, zwischen 1.2 km hinter Am Kahlenberg und 0.4 km vor AK Neunkirchen",49.2756328871046,7.17404027429867
"A6","undefined--vi-avl.2025-05-23_09-23-16-000.f_009.de0","49.28026186286379,8.622097551942321,49.276651143372305,8.632251579975398","49.28026186286379,8.622097551942321","WARNING","A6 | Walldorf - Bucheneck"," Mannheim -> Heilbronn",0,"SLOW_TRAFFIC","54.5",2025-05-23,"Beginn: 23.05.25 um 09:23 Uhr  Angespannte Verkehrslage, seit 23.05.2025, 09:23 A6: Mannheim -> Heilbronn, zwischen 0.1 km hinter AK Walldorf und 1.0 km vor Bucheneck  Langsamer Verkehr Reisezeitverlust: 0 Minuten Durchschnittsgeschwindigkeit: 54 km/h",49.2802618628638,8.62209755194232
"A6","undefined--vi-hind.2025-05-23_07-11-49-000.f_004.de0","49.250133623099224,8.853479638755573,49.27631930094402,8.697940299999935","49.250133623099224,8.853479638755573","WARNING","A6 | Sinsheim - Wiesloch/Rauenberg"," Heilbronn -> Mannheim",NA,NA,NA,2025-05-23,"Beginn: 23.05.25 um 07:11 Uhr  Fahrzeug-Hindernis, seit 23.05.2025, 07:11 A6: Heilbronn -> Mannheim, zwischen 0.3 km hinter AS Sinsheim und 0.3 km vor AS Wiesloch/Rauenberg",49.2501336230992,8.85347963875557
"A6","undefined--vi-hind.2025-05-23_08-30-12-000.f_002.de0","49.21152990094426,9.072320200000012,49.161275400944426,9.282053400000063","49.21152990094426,9.072320200000012","WARNING","A6 | Bauernwald - Weinsberg"," Mannheim -> Nürnberg",NA,NA,NA,2025-05-23,"Beginn: 23.05.25 um 08:30 Uhr  Fahrzeug-Hindernis, seit 23.05.2025, 08:30 A6: Mannheim -> Nürnberg, zwischen 7.4 km hinter Bauernwald und 1.4 km vor AK Weinsberg",49.2115299009443,9.07232020000001
"A6","undefined--vi-avl.2025-05-23_09-31-27-000.f_004.de0","49.63298267604683,12.455482163891759,49.63298267604683,12.455482163891759","49.63298267604683,12.455482163891759","WARNING","A6 | Ulrichsberg - Ulrichsberg"," Pilsen -> Nürnberg",NA,"STATIONARY_TRAFFIC","24",2025-05-23,"Beginn: 23.05.25 um 09:31 Uhr  Angespannte Verkehrslage, seit 23.05.2025, 09:31 A6: Pilsen -> Nürnberg, 0.3 km vor Ulrichsberg, aus Richtung Waidhaus  Im Stillstand Durchschnittsgeschwindigkeit: 24 km/h",49.6329826760468,12.4554821638918
"A6","undefined--vi-zus.2025-05-23_09-31-27-000.f_001.de0","49.63298267604683,12.455482163891759,49.63188344576952,12.452223847282372","49.63298267604683,12.455482163891759","WARNING","A6 | Waidhaus - Pleystein"," Pilsen -> Nürnberg",0,"STATIONARY_TRAFFIC","25.399999618530273",2025-05-23,"Beginn: 23.05.25 um 09:31 Uhr  Zusammengesetzte Verkehrsinformation, seit 23.05.2025, 09:31 A6: Pilsen -> Nürnberg, zwischen 2.6 km hinter AS Waidhaus und 3.1 km vor AS Pleystein  Im Stillstand Reisezeitverlust: 0 Minuten Durchschnittsgeschwindigkeit: 25 km/h",49.6329826760468,12.4554821638918
"A7","undefined--vi-zus.2025-05-23_08-43-04-000.f_001.de0","47.56743705942547,10.658961639081179,47.57538933115995,10.661761037364318","47.56743705942547,10.658961639081179","WARNING","A7 | Grenztunnel Füssen - Reinertshofertunnel"," Füssen/Reutte -> Ulm",0,"SLOW_TRAFFIC","33.20000076293945",2025-05-23,"Beginn: 23.05.25 um 08:43 Uhr  Zusammengesetzte Verkehrsinformation, seit 23.05.2025, 08:43 A7: Füssen/Reutte -> Ulm, zwischen 0.9 km hinter Grenztunnel Füssen und 2.9 km vor Reinertshofertunnel  Langsamer Verkehr Reisezeitverlust: 0 Minuten Durchschnittsgeschwindigkeit: 33 km/h",47.5674370594255,10.6589616390812
"A7","undefined--vi-avl.2025-05-23_09-05-51-000.f_002.de0","47.845629851490635,10.282381001076711,47.83182973618053,10.286347041945335","47.845629851490635,10.282381001076711","WARNING","A7 | Allgäuer Tor - Dietmannsried"," Ulm -> Füssen/Reutte",0,"SLOW_TRAFFIC","75.19999694824219",2025-05-23,"Beginn: 23.05.25 um 09:05 Uhr  Angespannte Verkehrslage, seit 23.05.2025, 09:05 A7: Ulm -> Füssen/Reutte, zwischen 0.3 km hinter Allgäuer Tor und 2.7 km vor AS Dietmannsried  Langsamer Verkehr Reisezeitverlust: 0 Minuten Durchschnittsgeschwindigkeit: 75 km/h",47.8456298514906,10.2823810010767
"A7","undefined--vi-hind.2025-05-23_08-41-17-000.f_002.de0","48.12699005936843,10.110435488762135,48.1463350971273,10.11786251959376","48.12699005936843,10.110435488762135","WARNING","A7 | Illertal - Altenstadt an der Iller"," Füssen/Reutte -> Ulm",NA,NA,NA,2025-05-23,"Beginn: 23.05.25 um 08:41 Uhr  Fahrzeug-Hindernis, seit 23.05.2025, 08:41 A7: Füssen/Reutte -> Ulm, zwischen 0.2 km hinter Illertal und 0.3 km vor AS Altenstadt an der Iller",48.1269900593684,10.1104354887621
"A7","undefined--vi-hind.2025-05-23_09-09-37-000.f_001.de0","48.223432700947264,10.125673000000385,48.28625200094711,10.11493310000038","48.223432700947264,10.125673000000385","WARNING","A7 | Illertissen - Winterhalde"," Füssen/Reutte -> Ulm",NA,NA,NA,2025-05-23,"Beginn: 23.05.25 um 09:09 Uhr  Hindernis, seit 23.05.2025, 09:09 A7: Füssen/Reutte -> Ulm, zwischen 0.4 km hinter AS Illertissen und 1.6 km vor Winterhalde  Gefahr durch Gegenstände auf der Fahrbahn",48.2234327009473,10.1256730000004
"A7","undefined--vi-avl.2025-05-23_09-10-53-000.f.de0","49.12277967997452,10.24890216997823,49.16152275680514,10.262080566127862","49.12277967997452,10.24890216997823","WARNING","A7 | Dinkelsbühl/Fichtenau - Feuchtwangen-West"," Ulm -> Würzburg",4,"SLOW_TRAFFIC","43.5",2025-05-23,"Beginn: 23.05.25 um 09:10 Uhr  Angespannte Verkehrslage, seit 23.05.2025, 09:10 A7: Ulm -> Würzburg, zwischen 4.5 km hinter AS Dinkelsbühl/Fichtenau und 1.8 km vor AS Feuchtwangen-West  Langsamer Verkehr Reisezeitverlust: 4 Minuten Durchschnittsgeschwindigkeit: 43 km/h",49.1227796799745,10.2489021699782
"A7","undefined--vi-avl.2025-05-23_09-29-26-000.f_001.de0","49.12277967997452,10.24890216997823,49.12277967997452,10.24890216997823","49.12277967997452,10.24890216997823","WARNING","A7 | Feuchtwangen-West - Feuchtwangen-West"," Ulm -> Würzburg",NA,"SLOW_TRAFFIC","24",2025-05-23,"Beginn: 23.05.25 um 09:31 Uhr  Angespannte Verkehrslage, seit 23.05.2025, 09:31 A7: Ulm -> Würzburg, 6.6 km vor AS Feuchtwangen-West, aus Richtung Dinkelsbühl/Fichtenau  Langsamer Verkehr Durchschnittsgeschwindigkeit: 24 km/h",49.1227796799745,10.2489021699782
"A7","undefined--vi-avl.2025-05-23_09-28-53-000.f.de0","51.85190866257317,10.123774463466932,51.90203390140721,10.133436158719098","51.85190866257317,10.123774463466932","WARNING","A7 | Wetterschacht - Harz"," Kassel -> Hannover",13,"STATIONARY_TRAFFIC","21.799999237060547",2025-05-23,"Beginn: 23.05.25 um 09:28 Uhr  Angespannte Verkehrslage, seit 23.05.2025, 09:28 A7: Kassel -> Hannover, zwischen 5.9 km hinter Wetterschacht und 3.0 km vor Harz  Im Stillstand Reisezeitverlust: 13 Minuten Durchschnittsgeschwindigkeit: 21 km/h",51.8519086625732,10.1237744634669
"A7","undefined--vi-avl.2025-05-23_09-29-26-000.f_002.de0","51.852076580258675,10.123825093921143,51.852076580258675,10.123825093921143","51.852076580258675,10.123825093921143","WARNING","A7 | Schwalenberg - Schwalenberg"," Kassel -> Hannover",NA,"STATIONARY_TRAFFIC","11",2025-05-23,"Beginn: 23.05.25 um 09:31 Uhr  Angespannte Verkehrslage, seit 23.05.2025, 09:31 A7: Kassel -> Hannover, 0.5 km vor Schwalenberg, aus Richtung Wetterschacht  Im Stillstand Durchschnittsgeschwindigkeit: 11 km/h",51.8520765802587,10.1238250939211
"A7","undefined--vi-avl.2025-05-23_08-48-38-000.f.de0","52.15366821343505,9.991338144731538,52.18928601841784,9.9597461139397","52.15366821343505,9.991338144731538","WARNING","A7 | Hildesheimer Börde - An der Alpe"," Kassel -> Hannover",20,"STATIONARY_TRAFFIC","12.199999809265137",2025-05-23,"Beginn: 23.05.25 um 08:48 Uhr  Angespannte Verkehrslage, seit 23.05.2025, 08:48 A7: Kassel -> Hannover, zwischen 5.7 km hinter Hildesheimer Börde und 6.2 km vor An der Alpe  Im Stillstand Reisezeitverlust: 20 Minuten Durchschnittsgeschwindigkeit: 12 km/h",52.153668213435,9.99133814473154
"A7","undefined--vi-avl.2025-05-23_08-59-56-000.f_009.de0","52.15379715948699,9.991273967674186,52.15379715948699,9.991273967674186","52.15379715948699,9.991273967674186","WARNING","A7 | Hildesheim - Hildesheim"," Kassel -> Hannover",NA,"STATIONARY_TRAFFIC","12",2025-05-23,"Beginn: 23.05.25 um 09:31 Uhr  Angespannte Verkehrslage, seit 23.05.2025, 09:31 A7: Kassel -> Hannover, 0.8 km vor AS Hildesheim, aus Richtung Hildesheimer Börde  Im Stillstand Durchschnittsgeschwindigkeit: 12 km/h",52.153797159487,9.99127396767419
"A7","undefined--vi-avl.2025-05-23_09-31-58-000.f.de0","52.88381473114682,9.756975054035806,52.88381473114682,9.756975054035806","52.88381473114682,9.756975054035806","WARNING","A7 | Rummelsburg - Rummelsburg"," Hamburg -> Hannover",NA,"STATIONARY_TRAFFIC","25",2025-05-23,"Beginn: 23.05.25 um 09:31 Uhr  Angespannte Verkehrslage, seit 23.05.2025, 09:31 A7: Hamburg -> Hannover, 2.1 km vor Rummelsburg, aus Richtung Steinbach  Im Stillstand Durchschnittsgeschwindigkeit: 25 km/h",52.8838147311468,9.75697505403581
"A7","undefined--vi-avl.2025-05-23_09-12-25-000.f.de0","52.88380753890729,9.756966139468336,52.86204517706865,9.723203814970994","52.88380753890729,9.756966139468336","WARNING","A7 | Steinbach - Bad Fallingbostel"," Hamburg -> Hannover",6,"STATIONARY_TRAFFIC","25.200000762939453",2025-05-23,"Beginn: 23.05.25 um 09:12 Uhr  Angespannte Verkehrslage, seit 23.05.2025, 09:12 A7: Hamburg -> Hannover, zwischen 0.1 km hinter Steinbach und 2.4 km vor AS Bad Fallingbostel  Im Stillstand Reisezeitverlust: 6 Minuten Durchschnittsgeschwindigkeit: 25 km/h",52.8838075389073,9.75696613946834
"A7","undefined--vi-zus.2025-05-23_09-00-26-000.f.de0","53.28333491034608,10.0798140849878,53.297014474450826,10.075491660150117","53.28333491034608,10.0798140849878","WARNING","A7 | Utspann - Thieshope"," Hannover -> Hamburg",NA,NA,NA,2025-05-23,"Beginn: 23.05.25 um 09:00 Uhr  Zusammengesetzte Verkehrsinformation, seit 23.05.2025, 09:00 A7: Hannover -> Hamburg, zwischen 3.4 km hinter Utspann und 1.3 km vor AS Thieshope  A7 Hannover Richtung Hamburg zwischen Garlstorf und Thieshope Gefahr durch defekten LKW, Unfallaufnahme, Gefahr, linker Fahrstreifen gesperrt, rechter Fahrstreifen gesperrt",53.2833349103461,10.0798140849878
"A7","undefined--vi-avl.2025-05-23_07-33-14-000.f_009.de0","53.4320523470335,9.93684617607881,53.4320523470335,9.93684617607881","53.4320523470335,9.93684617607881","WARNING","A7 | Hamburg-Marmstorf - Hamburg-Marmstorf"," Hannover -> Hamburg",NA,"STATIONARY_TRAFFIC","22",2025-05-23,"Beginn: 23.05.25 um 09:31 Uhr  Angespannte Verkehrslage, seit 23.05.2025, 09:31 A7: Hannover -> Hamburg, 0.1 km vor AS Hamburg-Marmstorf, aus Richtung Harburger Berge  Im Stillstand Durchschnittsgeschwindigkeit: 22 km/h",53.4320523470335,9.93684617607881
"A7","undefined--vi-zus.2025-03-31_00-40-00-000.f_018.de0","53.579141433849884,9.913430072127355,53.55636870091902,9.897540700000414","53.579141433849884,9.913430072127355","WARNING","A7 | Hamburg-Volkspark - Elbtunnel (Nordportal)"," Flensburg -> Hamburg",NA,NA,NA,2025-03-31,"Beginn: 31.03.25 um 00:40 Uhr  Zusammengesetzte Verkehrsinformation, seit 31.03.2025, 00:40 A7: Flensburg -> Hamburg, zwischen 0.4 km hinter AS Hamburg-Volkspark und 0.9 km vor Elbtunnel (Nordportal)  A7 Flensburg Richtung Hamburg Ausfahrt Hamburg-Othmarschen Fahrbahnverengung, maximale Fahrbahnbreite von 4,50 m, Bauarbeiten, bis 29.09.2025",53.5791414338499,9.91343007212735
"A8","undefined--vi-hind.2025-05-23_07-48-10-000.f_005.de0","49.33847342584545,6.7164313484464415,49.339084562097256,6.714700003811243","49.33847342584545,6.7164313484464415","WARNING","A8 | Saarlouis - Dillingen-Mitte"," Saarlouis -> Luxemburg",NA,NA,NA,2025-05-23,"Beginn: 23.05.25 um 07:48 Uhr  Fahrzeug-Hindernis, seit 23.05.2025, 07:48 A8: Saarlouis -> Luxemburg, zwischen 0.9 km hinter AD Saarlouis und 1.1 km vor AS Dillingen-Mitte Gefahr durch ein defektes Fahrzeug auf der Fahrbahn",49.3384734258455,6.71643134844644
"A8","undefined--vi-zus.2025-05-23_09-14-14-000.f_001.de0","49.33982937086519,7.053288404762653,49.32405886596124,7.07602939302828","49.33982937086519,7.053288404762653","WARNING","A8 | Merchweiler - Friedrichsthal"," Saarlouis -> Neunkirchen",1,"SLOW_TRAFFIC","59.5",2025-05-23,"Beginn: 23.05.25 um 09:14 Uhr  Zusammengesetzte Verkehrsinformation, seit 23.05.2025, 09:14 A8: Saarlouis -> Neunkirchen, zwischen 0.2 km hinter AS Merchweiler und 0.5 km vor AD Friedrichsthal  Langsamer Verkehr Reisezeitverlust: 1 Minuten Durchschnittsgeschwindigkeit: 59 km/h",49.3398293708652,7.05328840476265
"A8","undefined--vi-zus.2025-03-26_17-59-56-000.f_013.de0","49.32575278791285,7.172731755291576,49.327350714671546,7.213275819282444","49.32575278791285,7.172731755291576","WARNING","A8 | Neunkirchen/Spiesen - Kohlhof"," Saarlouis -> Neunkirchen",NA,NA,NA,2025-03-26,"Beginn: 26.03.25 um 17:59 Uhr  Zusammengesetzte Verkehrsinformation, seit 26.03.2025, 17:59 A8: Saarlouis -> Neunkirchen, zwischen 1.5 km hinter AS Neunkirchen/Spiesen und 1.0 km vor Kohlhof  A8 Saarlouis - Neunkirchen zwischen Neunkirchen-Spiesen und Neunkirchen-Oberstadt in beiden Richtungen Bauarbeiten, bis voraussichtlich 01.06.2025",49.3257527879128,7.17273175529158
"A8","undefined--vi-zus.2025-05-14_09-26-56-000.f.de0","49.32628400979037,7.229641516813452,49.329166750017514,7.1882642393148934","49.32628400979037,7.229641516813452","WARNING","A8 | Neunkirchen-Wellesweiler - Neunkirchen/Spiesen"," Neunkirchen -> Saarlouis",NA,NA,NA,2025-05-14,"Beginn: 14.05.25 um 09:26 Uhr  Zusammengesetzte Verkehrsinformation, seit 14.05.2025, 09:26 A8: Neunkirchen -> Saarlouis, zwischen 0.4 km hinter AS Neunkirchen-Wellesweiler und 2.7 km vor AS Neunkirchen/Spiesen  A8 Saarlouis - Neunkirchen zwischen Neunkirchen-Spiesen und Neunkirchen-Oberstadt in beiden Richtungen Bauarbeiten, bis voraussichtlich 01.06.2025",49.3262840097904,7.22964151681345
"A8","undefined--vi-zus.2025-05-23_09-09-07-000.f.de0","48.916547829744204,8.71865813348918,48.905806046896146,8.774822968127625","48.916547829744204,8.71865813348918","WARNING","A8 | Pforzheim-Nord - Pforzheim-Süd"," Karlsruhe -> Stuttgart",2,"SLOW_TRAFFIC","48.70000076293945",2025-05-23,"Beginn: 23.05.25 um 09:09 Uhr  Zusammengesetzte Verkehrsinformation, seit 23.05.2025, 09:09 A8: Karlsruhe -> Stuttgart, zwischen 0.1 km hinter AS Pforzheim-Nord und 3.2 km vor AS Pforzheim-Süd  Langsamer Verkehr Reisezeitverlust: 2 Minuten Durchschnittsgeschwindigkeit: 48 km/h",48.9165478297442,8.71865813348918
"A8","undefined--vi-zus.2025-05-23_09-16-47-000.f_001.de0","48.708373325325894,9.120000073794426,48.709368663342104,9.134327010945281","48.708373325325894,9.120000073794426","WARNING","A8 | Stuttgart - Stuttgart-Möhringen"," Karlsruhe -> Stuttgart",0,"SLOW_TRAFFIC","63.099998474121094",2025-05-23,"Beginn: 23.05.25 um 09:16 Uhr  Zusammengesetzte Verkehrsinformation, seit 23.05.2025, 09:16 A8: Karlsruhe -> Stuttgart, zwischen 4.4 km hinter AK Stuttgart und 0.4 km vor AS Stuttgart-Möhringen  Langsamer Verkehr Reisezeitverlust: 0 Minuten Durchschnittsgeschwindigkeit: 63 km/h",48.7083733253259,9.12000007379443
"A8","undefined--vi-hind.2025-05-23_09-31-27-000.f.de0","48.693558628905116,9.200059683601129,48.6951063120896,9.273037761632695","48.693558628905116,9.200059683601129","WARNING","A8 | Stuttgart-Flughafen/Messe - Esslingen"," Stuttgart -> München",NA,NA,NA,2025-05-23,"Beginn: 23.05.25 um 09:31 Uhr  Hindernis, seit 23.05.2025, 09:31 A8: Stuttgart -> München, zwischen 1.1 km hinter AS Stuttgart-Flughafen/Messe und 0.7 km vor AS Esslingen  Gefahr durch Personen auf der Fahrbahn",48.6935586289051,9.20005968360113
"A8","undefined--vi-hind.2025-05-23_09-31-27-000.f_001.de0","48.69524550094597,9.273133000000065,48.69361959668444,9.200531880199842","48.69524550094597,9.273133000000065","WARNING","A8 | Esslingen - Stuttgart-Flughafen/Messe"," München -> Stuttgart",NA,NA,NA,2025-05-23,"Beginn: 23.05.25 um 09:31 Uhr  Hindernis, seit 23.05.2025, 09:31 A8: München -> Stuttgart, zwischen 0.7 km hinter AS Esslingen und 1.1 km vor AS Stuttgart-Flughafen/Messe  Gefahr durch Personen auf der Fahrbahn",48.695245500946,9.27313300000007
"A8","undefined--vi-avl.2025-05-23_09-05-21-000.f.de0","48.650792204804326,9.408803617265507,48.6360549565061,9.440199598074576","48.650792204804326,9.408803617265507","WARNING","A8 | Im Rübholz - Kirchheim (Teck)-Ost"," Stuttgart -> München",3,"QUEUING_TRAFFIC","36",2025-05-23,"Beginn: 23.05.25 um 09:05 Uhr  Angespannte Verkehrslage, seit 23.05.2025, 09:05 A8: Stuttgart -> München, zwischen 0.9 km hinter Im Rübholz und 1.3 km vor AS Kirchheim (Teck)-Ost  Stockender Verkehr Reisezeitverlust: 3 Minuten Durchschnittsgeschwindigkeit: 36 km/h",48.6507922048043,9.40880361726551
"A8","undefined--vi-avl.2025-05-23_09-31-27-000.f_001.de0","48.650803726801904,9.408752173041623,48.650803726801904,9.408752173041623","48.650803726801904,9.408752173041623","WARNING","A8 | Kirchheim (Teck)-West - Kirchheim (Teck)-West"," Stuttgart -> München",NA,"QUEUING_TRAFFIC","24",2025-05-23,"Beginn: 23.05.25 um 09:31 Uhr  Angespannte Verkehrslage, seit 23.05.2025, 09:31 A8: Stuttgart -> München, 2.0 km vor AS Kirchheim (Teck)-West, aus Richtung Im Rübholz  Stockender Verkehr Durchschnittsgeschwindigkeit: 24 km/h",48.6508037268019,9.40875217304162
"A8","undefined--vi-avl.2025-05-23_06-18-30-000.f_001.de0","47.80813181108439,12.113375031993224,47.80293337821077,12.16769406857796","47.80813181108439,12.113375031993224","WARNING","A8 | Inntal - Samerberg"," München -> Salzburg",13,"STATIONARY_TRAFFIC","16.100000381469727",2025-05-23,"Beginn: 23.05.25 um 06:18 Uhr  Angespannte Verkehrslage, seit 23.05.2025, 06:18 A8: München -> Salzburg, zwischen 1.3 km hinter AD Inntal und 0.7 km vor Samerberg  Im Stillstand Reisezeitverlust: 13 Minuten Durchschnittsgeschwindigkeit: 16 km/h",47.8081318110844,12.1133750319932
"A8","undefined--vi-avl.2025-05-23_07-11-17-000.f_004.de0","47.80813299801121,12.113361801525716,47.80813299801121,12.113361801525716","47.80813299801121,12.113361801525716","WARNING","A8 | Rosenheim - Rosenheim"," München -> Salzburg",NA,"STATIONARY_TRAFFIC","7",2025-05-23,"Beginn: 23.05.25 um 09:31 Uhr  Angespannte Verkehrslage, seit 23.05.2025, 09:31 A8: München -> Salzburg, 0.5 km vor AS Rosenheim, aus Richtung Inntal  Im Stillstand Durchschnittsgeschwindigkeit: 7 km/h",47.8081329980112,12.1133618015257
"A8","undefined--vi-avl.2025-05-23_09-18-29-000.f_007.de0","47.802487327683366,12.178297609434365,47.802487327683366,12.178297609434365","47.802487327683366,12.178297609434365","WARNING","A8 | Samerberg - Samerberg"," Salzburg -> München",NA,"SLOW_TRAFFIC","21",2025-05-23,"Beginn: 23.05.25 um 09:31 Uhr  Angespannte Verkehrslage, seit 23.05.2025, 09:31 A8: Salzburg -> München, 0.1 km vor Samerberg, aus Richtung Apfelkam  Langsamer Verkehr Durchschnittsgeschwindigkeit: 21 km/h",47.8024873276834,12.1782976094344
"A8","undefined--vi-avl.2025-05-23_09-06-35-000.f.de0","47.802487622542145,12.17828427116594,47.80366480135511,12.163288462618526","47.802487622542145,12.17828427116594","WARNING","A8 | Apfelkam - Winkelbach"," Salzburg -> München",1,"QUEUING_TRAFFIC","36.599998474121094",2025-05-23,"Beginn: 23.05.25 um 09:06 Uhr  Angespannte Verkehrslage, seit 23.05.2025, 09:06 A8: Salzburg -> München, zwischen 1.7 km hinter Apfelkam und 1.9 km vor Winkelbach  Stockender Verkehr Reisezeitverlust: 1 Minuten Durchschnittsgeschwindigkeit: 36 km/h",47.8024876225421,12.1782842711659
"A8","undefined--vi-avl.2025-05-23_07-13-53-000.f_002.de0","47.798253824343334,12.251963041008997,47.803421912283724,12.301463361010024","47.798253824343334,12.251963041008997","WARNING","A8 | Achenmühle - Bernau am Chiemsee"," München -> Salzburg",17,"STATIONARY_TRAFFIC","11.600000381469727",2025-05-23,"Beginn: 23.05.25 um 07:13 Uhr  Angespannte Verkehrslage, seit 23.05.2025, 07:13 A8: München -> Salzburg, zwischen 2.0 km hinter Achenmühle und 5.0 km vor AS Bernau am Chiemsee  Im Stillstand Reisezeitverlust: 17 Minuten Durchschnittsgeschwindigkeit: 11 km/h",47.7982538243433,12.251963041009
"A8","undefined--vi-avl.2025-05-23_07-37-05-000.f_006.de0","47.79826287306903,12.25208238309439,47.79826287306903,12.25208238309439","47.79826287306903,12.25208238309439","WARNING","A8 | Frasdorf - Frasdorf"," München -> Salzburg",NA,"STATIONARY_TRAFFIC","8",2025-05-23,"Beginn: 23.05.25 um 09:31 Uhr  Angespannte Verkehrslage, seit 23.05.2025, 09:31 A8: München -> Salzburg, 2.2 km vor Frasdorf, aus Richtung Achenmühle  Im Stillstand Durchschnittsgeschwindigkeit: 8 km/h",47.798262873069,12.2520823830944
"A9","undefined--vi-hind.2025-05-23_08-02-11-000.f_004.de0","50.80257170093739,11.895301900016946,50.751835586855286,11.864072246662149","50.80257170093739,11.895301900016946","WARNING","A9 | Lederhose - Triptis"," Halle/Leipzig -> Nürnberg",NA,NA,NA,2025-05-23,"Beginn: 23.05.25 um 08:02 Uhr  Fahrzeug-Hindernis, seit 23.05.2025, 08:02 A9: Halle/Leipzig -> Nürnberg, zwischen 0.4 km hinter AS Lederhose und 0.5 km vor AS Triptis Gefahr durch ein defektes Fahrzeug auf der Fahrbahn",50.8025717009374,11.8953019000169
"A9","undefined--vi-zus.2025-05-23_09-31-27-000.f.de0","50.80818800880169,11.895604551358009,50.86047090093709,11.85365140001569","50.80818800880169,11.895604551358009","WARNING","A9 | Lederhose - Hermsdorf-Süd"," Nürnberg -> Halle/Leipzig",NA,NA,NA,2025-05-23,"Beginn: 23.05.25 um 09:31 Uhr  Zusammengesetzte Verkehrsinformation, seit 23.05.2025, 09:31 A9: Nürnberg -> Halle/Leipzig, zwischen 0.2 km hinter AS Lederhose und 0.5 km vor AS Hermsdorf-Süd  Gefahr durch Gegenstände auf der Fahrbahn  A9 Nürnberg Richtung Halle/Leipzig
zwischen Lederhose und Hermsdorf-Süd
Gefahr durch Reifenteile auf dem linken Fahrstreifen, Gefahr durch defekten LKW auf dem Standstreifen",50.8081880088017,11.895604551358
"A9","undefined--vi-hind.2025-05-23_09-29-26-000.f.de0","50.99948028037206,11.918402273576747,51.000792383353115,11.919225103861793","50.99948028037206,11.918402273576747","WARNING","A9 | Eisenberg - Droyßig"," Nürnberg -> Halle/Leipzig",NA,NA,NA,2025-05-23,"Beginn: 23.05.25 um 09:29 Uhr  Fahrzeug-Hindernis, seit 23.05.2025, 09:29 A9: Nürnberg -> Halle/Leipzig, zwischen 5.4 km hinter AS Eisenberg und 4.7 km vor AS Droyßig",50.9994802803721,11.9184022735767
"A9","undefined--vi-zus.2025-05-23_08-14-55-000.f_004.de0","51.03745546082488,11.94064992102585,50.96954709777969,11.86151033521653","51.03745546082488,11.94064992102585","WARNING","A9 | Droyßig - Kuhberg"," Halle/Leipzig -> Nürnberg",NA,NA,NA,2025-05-23,"Beginn: 23.05.25 um 08:14 Uhr  Zusammengesetzte Verkehrsinformation, seit 23.05.2025, 08:14 A9: Halle/Leipzig -> Nürnberg, zwischen 0.4 km hinter AS Droyßig und 0.8 km vor Kuhberg  Gefahr durch Gegenstände auf der Fahrbahn  A9 Halle/Leipzig Richtung Nürnberg zwischen Droyßig und Eisenberg Gefahr durch 1 Gegenstand (Metallteil) auf dem mittleren Fahrstreifen, Gefahr durch defekten LKW auf dem Standstreifen es läuft Diesel aus",51.0374554608249,11.9406499210258
"A10","undefined--vi-zus.2025-05-23_08-38-24-000.f_001.de0","52.40994522276015,12.895831096305963,52.41912962371556,12.9192571171994","52.40994522276015,12.895831096305963","WARNING","A10 | Groß Kreutz - Leest"," Dreieck Werder -> Dreieck Havelland",1,"SLOW_TRAFFIC","45.900001525878906",2025-05-23,"Beginn: 23.05.25 um 08:38 Uhr  Zusammengesetzte Verkehrsinformation, seit 23.05.2025, 08:38 A10: Dreieck Werder -> Dreieck Havelland, zwischen 4.6 km hinter AS Groß Kreutz und 2.1 km vor AS Leest  Langsamer Verkehr Reisezeitverlust: 1 Minuten Durchschnittsgeschwindigkeit: 45 km/h",52.4099452227602,12.895831096306
"A12","WarnungA10Lkw3","47.61802931631098,12.202336027754352,47.61802931631098,12.202336027754352","47.61802931631098,12.202336027754352","WARNING","E45/E60 | LKW Blockabfertigung | A12-Inntal Autobahn","Richtung Italien",NA,NA,NA,2025-01-11,"Zeitraum: Beginn: 07.01.2025 Ende: 09.12.2025  Hinweis für LKW-Reisende nach Österreich: LKW-Blockabfertigungen an ausgewählten Tagen für Lkw am Grenzübergang Kufstein/Kiefersfelden. Maximaler Durchlass von 300 LKWs pro Stunde  Die genauen Ausführungszeiten und weitere Informationen auf tirol.gv.at/verkehr/verkehrs-und-seilbahnrecht/lkw-dosierung.",47.618029316311,12.2023360277544
"A12","WarnungA10Lkw2","47.6164490154047,12.202382557672273,47.6164490154047,12.202382557672273","47.6164490154047,12.202382557672273","WARNING","E43/E45/E60 | A13-Brenner Autobahn","Richtung Italien",NA,NA,NA,2025-01-11,"Zeitraum: Beginn: 11.01.2025 Ende: 27.09.2025  Hinweis für LKW-Reisende nach Österreich: LKW-Fahrverbot auf der A12-Inntal Autobahn, A13-Brenner Autobahn und A14-Rheintal/Walgau Autobahn, wenn das Ziel der Fahrt der Anschlussstelle Nößlach bis Anschlussstelle Brenner Nord der Richtungsfahrbahn Staatsgrenze der A 13 Brenner Autobahn erreicht werden soll. An ausgewählten Samstagen 7-15 Uhr sowie weiteren Tagen im Zeitraum 11.01. - 27.09.2025 Weitere Informationen auf http://asfinag.at/a13",47.6164490154047,12.2023825576723
"A13","undefined--vi-avl.2025-05-23_09-10-20-000.f.de0","52.03256227442485,13.67540062722285,52.016683822703975,13.693449341733276","52.03256227442485,13.67540062722285","WARNING","A13 | Baruth/Mark - Staakow"," Schönefelder Kreuz -> Dresden",2,"QUEUING_TRAFFIC","32.099998474121094",2025-05-23,"Beginn: 23.05.25 um 09:10 Uhr  Angespannte Verkehrslage, seit 23.05.2025, 09:10 A13: Schönefelder Kreuz -> Dresden, zwischen 3.7 km hinter AS Baruth/Mark und 0.2 km vor AS Staakow  Stockender Verkehr Reisezeitverlust: 2 Minuten Durchschnittsgeschwindigkeit: 32 km/h",52.0325622744248,13.6754006272228
"A15","undefined--vi-avl.2025-05-23_07-07-10-000.f.de0","51.7135299498081,14.393807773762921,51.70779461894658,14.435246468267069","51.7135299498081,14.393807773762921","WARNING","A15 | Cottbus-Süd - Roggosen"," Cottbus -> Breslau",1,"SLOW_TRAFFIC","68.5",2025-05-23,"Beginn: 23.05.25 um 07:07 Uhr  Angespannte Verkehrslage, seit 23.05.2025, 07:07 A15: Cottbus -> Breslau, zwischen 3.1 km hinter AS Cottbus-Süd und 2.1 km vor AS Roggosen  Langsamer Verkehr Reisezeitverlust: 1 Minuten Durchschnittsgeschwindigkeit: 68 km/h",51.7135299498081,14.3938077737629
"A15","undefined--vi-avl.2025-05-23_09-31-58-000.f_005.de0","51.66678252411825,14.73261928882373,51.66678252411825,14.73261928882373","51.66678252411825,14.73261928882373","WARNING","A15 | Forst - Forst"," Breslau -> Cottbus",NA,"QUEUING_TRAFFIC","19",2025-05-23,"Beginn: 23.05.25 um 09:31 Uhr  Angespannte Verkehrslage, seit 23.05.2025, 09:31 A15: Breslau -> Cottbus, 9.9 km vor AS Forst, aus Richtung Bademeusel  Stockender Verkehr Durchschnittsgeschwindigkeit: 19 km/h",51.6667825241182,14.7326192888237
"A15","undefined--vi-avl.2025-05-23_09-31-58-000.f_001.de0","51.66678252411825,14.73261928882373,51.6677173784883,14.725680886994112","51.66678252411825,14.73261928882373","WARNING","A15 | Bademeusel - Forst"," Breslau -> Cottbus",0,"QUEUING_TRAFFIC","38.70000076293945",2025-05-23,"Beginn: 23.05.25 um 09:31 Uhr  Angespannte Verkehrslage, seit 23.05.2025, 09:31 A15: Breslau -> Cottbus, zwischen 0.3 km hinter AS Bademeusel und 9.4 km vor AS Forst  Stockender Verkehr Reisezeitverlust: 0 Minuten Durchschnittsgeschwindigkeit: 38 km/h",51.6667825241182,14.7326192888237
"A17","undefined--vi-avl.2025-05-23_09-28-19-000.f.de0","50.81947068955931,13.88714863784243,50.83475182832958,13.884161256461129","50.81947068955931,13.88714863784243","WARNING","A17 | Breitenau-Schönwald - Bahretal"," Prag -> Dresden",1,"SLOW_TRAFFIC","50",2025-05-23,"Beginn: 23.05.25 um 09:28 Uhr  Angespannte Verkehrslage, seit 23.05.2025, 09:28 A17: Prag -> Dresden, zwischen 4.5 km hinter Breitenau-Schönwald und 7.6 km vor AS Bahretal  Langsamer Verkehr Reisezeitverlust: 1 Minuten Durchschnittsgeschwindigkeit: 50 km/h",50.8194706895593,13.8871486378424
"A20","undefined--vi-hind.2025-05-23_07-57-59-000.f_003.de0","53.899564300916204,10.568389300001224,53.853420469953505,10.585432701625441","53.899564300916204,10.568389300001224","WARNING","A20 | Geschendorf - Lübeck"," Bad Segeberg -> Rostock",NA,NA,NA,2025-05-23,"Beginn: 23.05.25 um 07:57 Uhr  Hindernis, seit 23.05.2025, 07:57 A20: Bad Segeberg -> Rostock, zwischen 8.4 km hinter AS Geschendorf und 0.7 km vor AK Lübeck  Gefahr durch eine ungesicherte Unfallstelle",53.8995643009162,10.5683893000012
"A23","undefined--vi-avl.2025-05-23_09-12-55-000.f.de0","53.67332305916456,9.803717015368507,53.67332305916456,9.803717015368507","53.67332305916456,9.803717015368507","WARNING","A23 | Pinneberg-Mitte - Pinneberg-Mitte"," Heide -> Hamburg",NA,"STATIONARY_TRAFFIC","13",2025-05-23,"Beginn: 23.05.25 um 09:31 Uhr  Angespannte Verkehrslage, seit 23.05.2025, 09:31 A23: Heide -> Hamburg, 2.4 km vor AS Pinneberg-Mitte, aus Richtung Pinneberg-Nord  Im Stillstand Durchschnittsgeschwindigkeit: 13 km/h",53.6733230591646,9.80371701536851
"A23","undefined--vi-avl.2025-05-23_09-12-25-000.f_001.de0","53.67332305916456,9.803717015368507,53.669534840297935,9.808898728948426","53.67332305916456,9.803717015368507","WARNING","A23 | Pinneberg-Nord - Pinneberg-Mitte"," Heide -> Hamburg",1,"STATIONARY_TRAFFIC","15.600000381469727",2025-05-23,"Beginn: 23.05.25 um 09:12 Uhr  Angespannte Verkehrslage, seit 23.05.2025, 09:12 A23: Heide -> Hamburg, zwischen 0.7 km hinter AS Pinneberg-Nord und 1.9 km vor AS Pinneberg-Mitte  Im Stillstand Reisezeitverlust: 1 Minuten Durchschnittsgeschwindigkeit: 15 km/h",53.6733230591646,9.80371701536851
"A27","undefined--vi-zus.2025-05-23_09-02-06-000.f.de0","52.959642000923644,9.244835700000099,53.01908760866976,9.065165415815995","52.959642000923644,9.244835700000099","WARNING","A27 | Verden-Nord - Achim-Nord"," Walsrode -> Bremen",NA,NA,NA,2025-05-23,"Beginn: 23.05.25 um 09:02 Uhr  Zusammengesetzte Verkehrsinformation, seit 23.05.2025, 09:02 A27: Walsrode -> Bremen, zwischen AS Verden-Nord und 2.3 km vor AS Achim-Nord  Gefahr durch ein defektes Fahrzeugs auf der Fahrbahn  A27 Walsrode Richtung Bremen zwischen Verden-Nord und Achim-Ost Gefahr durch defekten LKW auf dem Standstreifen",52.9596420009236,9.2448357000001
"A28","undefined--vi-hind.2025-05-23_09-10-53-000.f.de0","53.03210709624232,8.64214837801618,53.031911296172865,8.644617353102195","53.03210709624232,8.64214837801618","WARNING","A28 | Delmenhorst-Adelheide - Delmenhorst-Hasport"," Oldenburg -> Bremen",NA,NA,NA,2025-05-23,"Beginn: 23.05.25 um 09:10 Uhr  Fahrzeug-Hindernis, seit 23.05.2025, 09:10 A28: Oldenburg -> Bremen, zwischen 1.2 km hinter AS Delmenhorst-Adelheide und 1.0 km vor AS Delmenhorst-Hasport Gefahr durch ein defektes Fahrzeug auf der Fahrbahn",53.0321070962423,8.64214837801618
"A37","undefined--vi-zus.2025-05-20_10-04-05-000.f_002.de0","52.442156462690335,9.933442989087833,52.436581812162494,9.913211841333315","52.442156462690335,9.933442989087833","WARNING","A37 | Beinhorn - Hannover-Kirchhorst"," Celle -> Hannover",NA,NA,NA,2025-05-20,"Beginn: 20.05.25 um 10:04 Uhr  Zusammengesetzte Verkehrsinformation, seit 20.05.2025, 10:04 B3: Celle -> Hannover, zwischen 0.4 km hinter AS Beinhorn und 2.1 km vor AK Hannover-Kirchhorst  A37 Messe - Burgdorf
zwischen Kreuz Hannover-Buchholz und Beinhorn
in beiden Richtungen geänderte Verkehrsführung im Baustellenbereich, Bauarbeiten, bis 30.10.2026 ca. 18:00 Uhr",52.4421564626903,9.93344298908783
"A37","undefined--vi-zus.2025-05-20_10-04-05-000.f_003.de0","52.42566547847685,9.880479425875153,52.44102213295518,9.93161290421946","52.42566547847685,9.880479425875153","WARNING","Baustelle"," km 22.62 --> km 26.54",NA,NA,NA,2025-05-20,"Beginn: 20.05.25 um 10:04 Uhr  Zusammengesetzte Verkehrsinformation, seit 20.05.2025, 10:04 A37: km 22.62 --> km 26.54  A37 Messe - Burgdorf
zwischen Kreuz Hannover-Buchholz und Beinhorn
in beiden Richtungen geänderte Verkehrsführung im Baustellenbereich, Bauarbeiten, bis 30.10.2026 ca. 18:00 Uhr",52.4256654784769,9.88047942587515
"A40","undefined--vi-avl.2025-05-23_07-23-20-000.f_004.de0","51.43562396004139,6.62634664208662,51.43556145633559,6.70327211942937","51.43562396004139,6.62634664208662","WARNING","A40 | Moers - Duisburg-Homberg"," Venlo -> Duisburg",51,"STATIONARY_TRAFFIC","5.900000095367432",2025-05-23,"Beginn: 23.05.25 um 07:23 Uhr  Angespannte Verkehrslage, seit 23.05.2025, 07:23 A40: Venlo -> Duisburg, zwischen 1.2 km hinter AS Moers und 0.3 km vor AS Duisburg-Homberg  Im Stillstand Reisezeitverlust: 51 Minuten Durchschnittsgeschwindigkeit: 5 km/h",51.4356239600414,6.62634664208662
"A40","undefined--vi-avl.2025-05-23_07-48-51-000.f_002.de0","51.4356263396687,6.626231653017142,51.4356263396687,6.626231653017142","51.4356263396687,6.626231653017142","WARNING","A40 | Moers-Zentrum - Moers-Zentrum"," Venlo -> Duisburg",NA,"STATIONARY_TRAFFIC","6",2025-05-23,"Beginn: 23.05.25 um 09:31 Uhr  Angespannte Verkehrslage, seit 23.05.2025, 09:31 A40: Venlo -> Duisburg, 1.3 km vor AS Moers-Zentrum, aus Richtung Moers  Im Stillstand Durchschnittsgeschwindigkeit: 6 km/h",51.4356263396687,6.62623165301714
"A40","undefined--vi-avl.2025-05-23_10-40-00-000.f_043.de0","51.49586584711128,7.188980215086521,51.49600382564044,7.189722511193523","51.49586584711128,7.188980215086521","WARNING","A40 | Bochum-West - Bochum-Freudenbergstraße"," Essen -> Dortmund",0,"STATIONARY_TRAFFIC","35",2025-05-23,"Beginn: 23.05.25 um 10:40 Uhr  Angespannte Verkehrslage, seit 23.05.2025, 10:40 A40: Essen -> Dortmund, zwischen 1.8 km hinter AD Bochum-West und 0.9 km vor AS Bochum-Freudenbergstraße  Im Stillstand Reisezeitverlust: 0 Minuten Durchschnittsgeschwindigkeit: 35 km/h",51.4958658471113,7.18898021508652
"A45","undefined--vi-avl.2025-05-23_06-03-30-000.f_001.de0","51.273757579094706,7.598928474041893,51.273757579094706,7.598928474041893","51.273757579094706,7.598928474041893","WARNING","A45 | Rehweg - Rehweg"," Hagen -> Gießen",NA,"STATIONARY_TRAFFIC","3",2025-05-23,"Beginn: 23.05.25 um 09:26 Uhr  Angespannte Verkehrslage, seit 23.05.2025, 09:26 A45: Hagen -> Gießen, 0.6 km vor Rehweg, aus Richtung Kaltenborn  Im Stillstand Durchschnittsgeschwindigkeit: 3 km/h",51.2737575790947,7.59892847404189
"A45","undefined--vi-avl.2025-05-23_06-03-00-000.f_001.de0","51.27413762186218,7.5985480854926495,51.2648062046249,7.602437327354894","51.27413762186218,7.5985480854926495","WARNING","A45 | Kaltenborn - Lüdenscheid-Nord"," Hagen -> Gießen",9,"STATIONARY_TRAFFIC","6.099999904632568",2025-05-23,"Beginn: 23.05.25 um 06:03 Uhr  Angespannte Verkehrslage, seit 23.05.2025, 06:03 A45: Hagen -> Gießen, zwischen 2.5 km hinter Kaltenborn und 1.0 km vor AS Lüdenscheid-Nord  Im Stillstand Reisezeitverlust: 9 Minuten Durchschnittsgeschwindigkeit: 6 km/h",51.2741376218622,7.59854808549265
"A46","undefined--vi-hind.2025-05-23_09-05-51-000.f_001.de0","51.03729061354414,6.155286617680754,51.03806044361431,6.156661737769988","51.03729061354414,6.155286617680754","WARNING","A46 | Heinsberg - Dremmen"," Heinsberg -> Düsseldorf",NA,NA,NA,2025-05-23,"Beginn: 23.05.25 um 09:05 Uhr  Fahrzeug-Hindernis, seit 23.05.2025, 09:05 A46: Heinsberg -> Düsseldorf, zwischen 3.4 km hinter AS Heinsberg und 1.0 km vor AS Dremmen Gefahr durch ein defektes Fahrzeug auf der Fahrbahn",51.0372906135441,6.15528661768075
"A52","undefined--vi-avl.2025-05-23_09-31-27-000.f_006.de0","51.451049565434275,7.039356449877575,51.451049565434275,7.039356449877575","51.451049565434275,7.039356449877575","WARNING","A52 | Essen-Ost - Essen-Ost"," Düsseldorf -> Essen",NA,"SLOW_TRAFFIC","14",2025-05-23,"Beginn: 23.05.25 um 09:31 Uhr  Angespannte Verkehrslage, seit 23.05.2025, 09:31 A52: Düsseldorf -> Essen, 0.4 km vor AD Essen-Ost, aus Richtung Huttrop  Langsamer Verkehr Durchschnittsgeschwindigkeit: 14 km/h",51.4510495654343,7.03935644987757
"A52","undefined--vi-hind.2025-05-23_06-21-30-000.f_006.de0","51.65380430093249,7.046840199997357,51.67274430093238,7.0765608999975305","51.65380430093249,7.046840199997357","WARNING","A52 | Dorsten-Ost - Marl-Zentrum"," Gelsenkirchen -> Marl",NA,NA,NA,2025-05-23,"Beginn: 23.05.25 um 06:21 Uhr  Fahrzeug-Hindernis, seit 23.05.2025, 06:21 A52: Gelsenkirchen -> Marl, zwischen 1.8 km hinter AS Dorsten-Ost und 1.7 km vor AS Marl-Zentrum Gefahr durch ein defektes Fahrzeug auf der Fahrbahn",51.6538043009325,7.04684019999736
"A60","undefined--vi-zus.2025-04-08_08-51-21-000.f_013.de0","49.98125533976677,8.345695317688524,49.97565770865279,8.441396718063045","49.98125533976677,8.345695317688524","WARNING","A60 | Mainspitz-Dreieck - Rüsselsheimer Dreieck"," Mainz -> Rüsselsheim",NA,NA,NA,2025-04-08,"Beginn: 08.04.25 um 08:51 Uhr  Zusammengesetzte Verkehrsinformation, seit 08.04.2025, 08:51 A60: Mainz -> Rüsselsheim, zwischen 0.5 km hinter AD Mainspitz-Dreieck und 2.2 km vor AD Rüsselsheimer Dreieck  Sperrung der A60 bei Königstädten – Grundhafte Fahrbahnerneuerung zwischen dem Rüsselsheimer Dreieck und dem Mainspitz Dreieck. Die Niederlassung West der Autobahn GmbH erneuert zwischen dem Rüsselsheimer Dreieck (30) und dem Mainspitz Dreieck (26) die Fahrbahn. Von Donnerstagmorgen (24. April) bis Mitte Juli wird die Anschlussstelle (AS) Königstädten (29) in Fahrtrichtung (FR) Mainz sowie in FR Rüsselsheimer Dreieck gesperrt. Umleitungsmöglichkeiten sind ausgeschildert: • Ausfahrt FR Mainz: Umleitung via AS Rüsselsheim-Mitte • Einfahrt FR Mainz: innerstädtische Umleitung zur AS Rüsselsheim-Mitte (Adam-Opel-Straße / Kurt-Schumacher-Ring), von Nauheim kommend via L3482 zur AS Bischofsheim • Einfahrt FR Darmstadt: innerstädtische Umleitung zur AS Rüsselsheim-Mitte (Adam-Opel-Straße / Kurt-Schumacher-Ring) Die Autobahn GmbH bittet alle Verkehrsteilnehmer um Verständnis für die unvermeidlichen Verkehrsbehinderungen, die durch die Arbeiten entstehen.",49.9812553397668,8.34569531768852
"A60","undefined--vi-zus.2025-05-03_10-55-00-000.f_003.de0","49.977457399447445,8.454646346787307,49.981587265039146,8.34517285786785","49.977457399447445,8.454646346787307","WARNING","A60 | Rüsselsheimer Dreieck - Mainspitz-Dreieck"," Rüsselsheim -> Mainz",NA,NA,NA,2025-05-03,"Beginn: 03.05.25 um 10:55 Uhr  Zusammengesetzte Verkehrsinformation, seit 03.05.2025, 10:55 A60: Rüsselsheim -> Mainz, zwischen 0.6 km hinter AD Rüsselsheimer Dreieck und 0.5 km vor AD Mainspitz-Dreieck  Sperrung der A60 bei Königstädten – Grundhafte Fahrbahnerneuerung zwischen dem Rüsselsheimer Dreieck und dem Mainspitz Dreieck. Die Niederlassung West der Autobahn GmbH erneuert zwischen dem Rüsselsheimer Dreieck (30) und dem Mainspitz Dreieck (26) die Fahrbahn. Von Donnerstagmorgen (24. April) bis Mitte Juli wird die Anschlussstelle (AS) Königstädten (29) in Fahrtrichtung (FR) Mainz sowie in FR Rüsselsheimer Dreieck gesperrt. Umleitungsmöglichkeiten sind ausgeschildert: • Ausfahrt FR Mainz: Umleitung via AS Rüsselsheim-Mitte • Einfahrt FR Mainz: innerstädtische Umleitung zur AS Rüsselsheim-Mitte (Adam-Opel-Straße / Kurt-Schumacher-Ring), von Nauheim kommend via L3482 zur AS Bischofsheim • Einfahrt FR Darmstadt: innerstädtische Umleitung zur AS Rüsselsheim-Mitte (Adam-Opel-Straße / Kurt-Schumacher-Ring) Die Autobahn GmbH bittet alle Verkehrsteilnehmer um Verständnis für die unvermeidlichen Verkehrsbehinderungen, die durch die Arbeiten entstehen.",49.9774573994474,8.45464634678731
"A61","undefined--vi-zus.2025-05-23_09-17-26-000.f.de0","49.75291458357487,8.127831759695148,49.78220160423694,8.105743684688642","49.75291458357487,8.127831759695148","WARNING","A61 | Alzey - Bornheim"," Ludwigshafen -> Koblenz",23,"STATIONARY_TRAFFIC","8.699999809265137",2025-05-23,"Beginn: 23.05.25 um 09:17 Uhr  Zusammengesetzte Verkehrsinformation, seit 23.05.2025, 09:17 A61: Ludwigshafen -> Koblenz, zwischen 0.2 km hinter AS Alzey und 1.3 km vor AS Bornheim  Im Stillstand Reisezeitverlust: 23 Minuten Durchschnittsgeschwindigkeit: 8 km/h",49.7529145835749,8.12783175969515
"A61","undefined--vi-unf.2025-05-23_08-27-28-000.f_006.de0","49.77604750822704,8.110348291757063,49.78757800094206,8.09729289999972","49.77604750822704,8.110348291757063","WARNING","A61 | Alzey - Bornheim"," Ludwigshafen -> Koblenz",NA,NA,NA,2025-05-23,"Beginn: 23.05.25 um 08:27 Uhr  Unfall, seit 23.05.2025, 08:27 A61: Ludwigshafen -> Koblenz, zwischen 0.1 km hinter AK Alzey und 0.4 km vor AS Bornheim",49.776047508227,8.11034829175706
"A61","undefined--vi-avl.2025-05-23_09-18-29-000.f_004.de0","49.752960762875176,8.127765712189646,49.752960762875176,8.127765712189646","49.752960762875176,8.127765712189646","WARNING","A61 | Alzey - Alzey"," Ludwigshafen -> Koblenz",NA,"STATIONARY_TRAFFIC","9",2025-05-23,"Beginn: 23.05.25 um 09:31 Uhr  Angespannte Verkehrslage, seit 23.05.2025, 09:31 A61: Ludwigshafen -> Koblenz, 2.8 km vor AK Alzey, aus Richtung Alzey  Im Stillstand Durchschnittsgeschwindigkeit: 9 km/h",49.7529607628752,8.12776571218965
"A61","undefined--vi-avl.2025-05-23_09-25-57-000.f_001.de0","50.299499489910076,7.492292685040878,50.3136616166018,7.492502381486284","50.299499489910076,7.492292685040878","WARNING","A61 | Neufeld - Moseltalbrücke"," Ludwigshafen -> Koblenz",1,"SLOW_TRAFFIC","40",2025-05-23,"Beginn: 23.05.25 um 09:25 Uhr  Angespannte Verkehrslage, seit 23.05.2025, 09:25 A61: Ludwigshafen -> Koblenz, zwischen 1.9 km hinter Neufeld und 0.4 km vor Moseltalbrücke  Langsamer Verkehr Reisezeitverlust: 1 Minuten Durchschnittsgeschwindigkeit: 40 km/h",50.2994994899101,7.49229268504088
"A61","undefined--vi-zus.2025-05-23_09-28-53-000.f.de0","50.53012872564081,7.182665935839195,50.54737488750165,7.159859718355723","50.53012872564081,7.182665935839195","WARNING","A61 | Sinzig - Mühlenberg"," Koblenz -> Mönchengladbach",NA,NA,NA,2025-05-23,"Beginn: 23.05.25 um 09:28 Uhr  Zusammengesetzte Verkehrsinformation, seit 23.05.2025, 09:28 A61: Koblenz -> Mönchengladbach, zwischen 0.4 km hinter AD Sinzig und 3.3 km vor Mühlenberg  Gefahr durch Gegenstände auf der Fahrbahn  A61 Koblenz Richtung Mönchengladbach zwischen Dreieck Sinzig und Ahrtal Brücke Gefahr durch Gegenstände auf dem linken Fahrstreifen",50.5301287256408,7.18266593583919
"A61","undefined--vi-avl.2025-05-23_06-22-00-000.f.de0","51.11350162255888,6.4293679882275265,51.13694134095916,6.424600493556874","51.11350162255888,6.4293679882275265","WARNING","A61 | Mönchengladbach-Wanlo - Mönchengladbach-Wickrath"," Koblenz -> Mönchengladbach",2,"QUEUING_TRAFFIC","37.5",2025-05-23,"Beginn: 23.05.25 um 06:26 Uhr  Angespannte Verkehrslage, seit 23.05.2025, 06:26 A61: Koblenz -> Mönchengladbach, zwischen 1.7 km hinter AD Mönchengladbach-Wanlo und 0.4 km vor AS Mönchengladbach-Wickrath  Stockender Verkehr Reisezeitverlust: 2 Minuten Durchschnittsgeschwindigkeit: 37 km/h",51.1135016225589,6.42936798822753
"A61","undefined--vi-avl.2025-05-23_06-26-30-000.f_004.de0","51.14439128463246,6.416710632023494,51.130108923962005,6.423318179580464","51.14439128463246,6.416710632023494","WARNING","A61 | Mönchengladbach-Rheydt - Mönchengladbach-Güdderath"," Mönchengladbach -> Koblenz",1,"QUEUING_TRAFFIC","37.20000076293945",2025-05-23,"Beginn: 23.05.25 um 06:26 Uhr  Angespannte Verkehrslage, seit 23.05.2025, 06:26 A61: Mönchengladbach -> Koblenz, zwischen 1.3 km hinter AS Mönchengladbach-Rheydt und 1.4 km vor AS Mönchengladbach-Güdderath  Stockender Verkehr Reisezeitverlust: 1 Minuten Durchschnittsgeschwindigkeit: 37 km/h",51.1443912846325,6.41671063202349
"A63","undefined--vi-avl.2025-05-23_09-22-45-000.f_001.de0","49.956292945913816,8.22990971722475,49.96207300094132,8.236405799999783","49.956292945913816,8.22990971722475","WARNING","A63 | Klein-Winternheim - Mainz-Süd"," Kaiserslautern -> Mainz",0,"SLOW_TRAFFIC","32.400001525878906",2025-05-23,"Beginn: 23.05.25 um 09:22 Uhr  Angespannte Verkehrslage, seit 23.05.2025, 09:22 A63: Kaiserslautern -> Mainz, zwischen 1.1 km hinter AS Klein-Winternheim und 0.3 km vor AK Mainz-Süd  Langsamer Verkehr Reisezeitverlust: 0 Minuten Durchschnittsgeschwindigkeit: 32 km/h",49.9562929459138,8.22990971722475
"A63","undefined--vi-avl.2025-05-23_09-26-57-000.f_007.de0","49.956292945913816,8.22990971722475,49.956292945913816,8.22990971722475","49.956292945913816,8.22990971722475","WARNING","A63 | Mainz-Süd - Mainz-Süd"," Kaiserslautern -> Mainz",NA,"SLOW_TRAFFIC","28",2025-05-23,"Beginn: 23.05.25 um 09:31 Uhr  Angespannte Verkehrslage, seit 23.05.2025, 09:31 A63: Kaiserslautern -> Mainz, 1.1 km vor AK Mainz-Süd, aus Richtung Klein-Winternheim  Langsamer Verkehr Durchschnittsgeschwindigkeit: 28 km/h",49.9562929459138,8.22990971722475
"A65","undefined--vi-avl.2025-05-23_09-06-35-000.f_003.de0","49.13393266974103,8.168974121202886,49.17679175841324,8.1508368865022","49.13393266974103,8.168974121202886","WARNING","A65 | Kandel-Nord - Landau-Zentrum"," Karlsruhe -> Landau",7,"QUEUING_TRAFFIC","30.700000762939453",2025-05-23,"Beginn: 23.05.25 um 09:06 Uhr  Angespannte Verkehrslage, seit 23.05.2025, 09:06 A65: Karlsruhe -> Landau, zwischen 3.4 km hinter AS Kandel-Nord und 2.0 km vor AS Landau-Zentrum  Stockender Verkehr Reisezeitverlust: 7 Minuten Durchschnittsgeschwindigkeit: 30 km/h",49.133932669741,8.16897412120289
"A65","undefined--vi-avl.2025-05-23_09-09-07-000.f_004.de0","49.19181530094433,8.14917159999977,49.19181530094433,8.14917159999977","49.19181530094433,8.14917159999977","WARNING","A65 | Landau-Süd - Landau-Süd"," Landau -> Karlsruhe",NA,"STATIONARY_TRAFFIC","10",2025-05-23,"Beginn: 23.05.25 um 09:31 Uhr  Angespannte Verkehrslage, seit 23.05.2025, 09:31 A65: Landau -> Karlsruhe, 1.7 km vor AS Landau-Süd, aus Richtung Landau-Zentrum  Im Stillstand Durchschnittsgeschwindigkeit: 10 km/h",49.1918153009443,8.14917159999977
"A65","undefined--vi-avl.2025-05-23_08-59-56-000.f_007.de0","49.19181530094433,8.14917159999977,49.15579220094446,8.154808799999772","49.19181530094433,8.14917159999977","WARNING","A65 | Landau-Zentrum - Rohrbach"," Landau -> Karlsruhe",9,"STATIONARY_TRAFFIC","21.799999237060547",2025-05-23,"Beginn: 23.05.25 um 08:59 Uhr  Angespannte Verkehrslage, seit 23.05.2025, 08:59 A65: Landau -> Karlsruhe, zwischen 0.3 km hinter AS Landau-Zentrum und 2.0 km vor AS Rohrbach  Im Stillstand Reisezeitverlust: 9 Minuten Durchschnittsgeschwindigkeit: 21 km/h",49.1918153009443,8.14917159999977
"A73","undefined--vi-avl.2025-05-23_09-22-45-000.f_003.de0","49.669822992300645,11.045190031866293,49.65692689371381,11.035917440352902","49.669822992300645,11.045190031866293","WARNING","A73 | Baiersdorf-Nord - Möhrendorf"," Bamberg -> Nürnberg",1,"SLOW_TRAFFIC","45.099998474121094",2025-05-23,"Beginn: 23.05.25 um 09:22 Uhr  Angespannte Verkehrslage, seit 23.05.2025, 09:22 A73: Bamberg -> Nürnberg, zwischen 0.7 km hinter AS Baiersdorf-Nord und 2.9 km vor AS Möhrendorf  Langsamer Verkehr Reisezeitverlust: 1 Minuten Durchschnittsgeschwindigkeit: 45 km/h",49.6698229923006,11.0451900318663
"A73","undefined--vi-hind.2025-05-23_07-40-14-000.f_004.de0","50.01412563095439,10.945692947921945,50.05957123868449,10.96719228639481","50.01412563095439,10.945692947921945","WARNING","A73 | Zapfendorf - Bad Staffelstein"," Bamberg -> Suhl",NA,NA,NA,2025-05-23,"Beginn: 23.05.25 um 07:40 Uhr  Fahrzeug-Hindernis, seit 23.05.2025, 07:40 A73: Bamberg -> Suhl, zwischen 0.3 km hinter AS Zapfendorf und 4.8 km vor AS Bad Staffelstein Gefahr durch ein defektes Fahrzeug auf der Fahrbahn",50.0141256309544,10.9456929479219
"A73","undefined--vi-avl.2025-05-23_09-12-25-000.f_002.de0","50.1465278091798,11.031578682219415,50.1830998878214,11.026319478219195","50.1465278091798,11.031578682219415","WARNING","A73 | Lichtenfels - Ebersdorf b.Coburg"," Bamberg -> Suhl",2,"SLOW_TRAFFIC","67.5",2025-05-23,"Beginn: 23.05.25 um 09:12 Uhr  Angespannte Verkehrslage, seit 23.05.2025, 09:12 A73: Bamberg -> Suhl, zwischen 2.3 km hinter AS Lichtenfels und 4.8 km vor AS Ebersdorf b.Coburg  Langsamer Verkehr Reisezeitverlust: 2 Minuten Durchschnittsgeschwindigkeit: 67 km/h",50.1465278091798,11.0315786822194
"A73","undefined--vi-avl.2025-05-23_09-25-57-000.f.de0","50.15883005421125,11.015786580617727,50.14939905253171,11.029157658227067","50.15883005421125,11.015786580617727","WARNING","A73 | Untersiemau - Lichtenfels-Nord"," Suhl -> Bamberg",0,"SLOW_TRAFFIC","67.5",2025-05-23,"Beginn: 23.05.25 um 09:25 Uhr  Angespannte Verkehrslage, seit 23.05.2025, 09:25 A73: Suhl -> Bamberg, zwischen 0.6 km hinter AS Untersiemau und 0.4 km vor AS Lichtenfels-Nord  Langsamer Verkehr Reisezeitverlust: 0 Minuten Durchschnittsgeschwindigkeit: 67 km/h",50.1588300542113,11.0157865806177
"A81","undefined--vi-zus.2025-05-23_09-28-19-000.f.de0","48.20458706941755,8.619776604326148,48.20046847007951,8.606136816568828","48.20458706941755,8.619776604326148","WARNING","A81 | Neckarburg - Rottweil"," Stuttgart -> Singen",0,"SLOW_TRAFFIC","61.79999923706055",2025-05-23,"Beginn: 23.05.25 um 09:28 Uhr  Zusammengesetzte Verkehrsinformation, seit 23.05.2025, 09:28 A81: Stuttgart -> Singen, zwischen 0.4 km hinter Neckarburg und 3.6 km vor AS Rottweil  Langsamer Verkehr Reisezeitverlust: 0 Minuten Durchschnittsgeschwindigkeit: 61 km/h",48.2045870694175,8.61977660432615
"A81","undefined--vi-avl.2025-05-23_08-25-06-000.f_004.de0","48.33932584436607,8.650124767265613,48.37230410883491,8.69580263052742","48.33932584436607,8.650124767265613","WARNING","A81 | Hasenrain - Empfingen"," Singen -> Stuttgart",2,"SLOW_TRAFFIC","67.80000305175781",2025-05-23,"Beginn: 23.05.25 um 08:25 Uhr  Angespannte Verkehrslage, seit 23.05.2025, 08:25 A81: Singen -> Stuttgart, zwischen 1.7 km hinter Hasenrain und 2.6 km vor AS Empfingen  Langsamer Verkehr Reisezeitverlust: 2 Minuten Durchschnittsgeschwindigkeit: 67 km/h",48.3393258443661,8.65012476726561
"A93","undefined--vi-avl.2025-05-23_09-30-58-000.f.de0","48.967653157263626,12.083112030447984,48.9696972698575,12.07212150737319","48.967653157263626,12.083112030447984","WARNING","A93 | Pentling - Regensburg-Süd"," Holledau -> Regensburg",0,"SLOW_TRAFFIC","52.900001525878906",2025-05-23,"Beginn: 23.05.25 um 09:30 Uhr  Angespannte Verkehrslage, seit 23.05.2025, 09:30 A93: Holledau -> Regensburg, zwischen 1.3 km hinter Pentling und 1.0 km vor AS Regensburg-Süd  Langsamer Verkehr Reisezeitverlust: 0 Minuten Durchschnittsgeschwindigkeit: 52 km/h",48.9676531572636,12.083112030448
"A94","undefined--vi-avl.2025-05-23_09-16-47-000.f.de0","48.16620715037088,11.88187511245075,48.17436556642164,11.89875680851384","48.16620715037088,11.88187511245075","WARNING","A94 | Anzing - Hohenlinden"," München -> Passau",0,"SLOW_TRAFFIC","70.30000305175781",2025-05-23,"Beginn: 23.05.25 um 09:16 Uhr  Angespannte Verkehrslage, seit 23.05.2025, 09:16 A94: München -> Passau, zwischen 2.1 km hinter AS Anzing und 1.5 km vor AS Hohenlinden  Langsamer Verkehr Reisezeitverlust: 0 Minuten Durchschnittsgeschwindigkeit: 70 km/h",48.1662071503709,11.8818751124508
"A96","undefined--vi-hind.2025-05-23_09-22-45-000.f_002.de0","48.03559246778422,10.746356103574422,48.046484584009086,10.83313147573403","48.03559246778422,10.746356103574422","WARNING","A96 | Jengen/Kaufbeuren - Landsberg am Lech-West"," Lindau -> München",NA,NA,NA,2025-05-23,"Beginn: 23.05.25 um 09:22 Uhr  Fahrzeug-Hindernis, seit 23.05.2025, 09:22 A96: Lindau -> München, zwischen 1.8 km hinter AS Jengen/Kaufbeuren und 0.4 km vor AS Landsberg am Lech-West Gefahr durch ein defektes Fahrzeug auf der Fahrbahn",48.0355924677842,10.7463561035744
"A98","undefined--vi-avl.2025-05-23_07-36-27-000.f_002.de0","47.81797958504015,8.881421102456537,47.81065612585189,8.86556551006312","47.81797958504015,8.881421102456537","WARNING","A98 | Nellenburg-Süd - Hegau"," Stockach -> Schaffhausen",0,"SLOW_TRAFFIC","65.4000015258789",2025-05-23,"Beginn: 23.05.25 um 07:36 Uhr  Angespannte Verkehrslage, seit 23.05.2025, 07:36 A98: Stockach -> Schaffhausen, zwischen 5.8 km hinter Nellenburg-Süd und 0.8 km vor AK Hegau  Langsamer Verkehr Reisezeitverlust: 0 Minuten Durchschnittsgeschwindigkeit: 65 km/h",47.8179795850401,8.88142110245654
"A100","undefined--vi-avl.2025-05-23_06-30-00-000.f_004.de0","52.46291332535482,13.444008359245698,52.472817310199,13.365768939001299","52.46291332535482,13.444008359245698","WARNING","A100 | Buschkrugallee - Sachsendamm"," Neukölln -> Wilmersdorf",6,"SLOW_TRAFFIC","31.399999618530273",2025-05-23,"Beginn: 23.05.25 um 06:30 Uhr  Angespannte Verkehrslage, seit 23.05.2025, 06:30 A100: Neukölln -> Wilmersdorf, zwischen AS Buschkrugallee und 0.3 km vor AS Sachsendamm  Langsamer Verkehr Reisezeitverlust: 6 Minuten Durchschnittsgeschwindigkeit: 31 km/h",52.4629133253548,13.4440083592457
"A111","undefined--vi-avl.2025-05-23_08-53-49-000.f.de0","52.61883535501221,13.251010798500142,52.61096219049575,13.253464906741282","52.61883535501221,13.251010798500142","WARNING","A111 | Stolper Heide - Forsthaus-Tunnel"," Dreieck Oranienburg -> Charlottenburg",2,"QUEUING_TRAFFIC","20.899999618530273",2025-05-23,"Beginn: 23.05.25 um 08:53 Uhr  Angespannte Verkehrslage, seit 23.05.2025, 08:53 A111: Dreieck Oranienburg -> Charlottenburg, zwischen 2.8 km hinter Stolper Heide und 1.4 km vor Forsthaus-Tunnel  Stockender Verkehr Reisezeitverlust: 2 Minuten Durchschnittsgeschwindigkeit: 20 km/h",52.6188353550122,13.2510107985001
"A113","undefined--vi-zus.2025-05-23_04-57-30-000.f.de0","52.43617318100181,13.493052326243479,52.427730500930934,13.517008500122175","52.43617318100181,13.493052326243479","WARNING","A113 | Johannisthaler Chaussee - Rudower Höhe"," Neukölln -> Schönefeld",NA,NA,NA,2025-05-23,"Beginn: 23.05.25 um 04:57 Uhr  Zusammengesetzte Verkehrsinformation, seit 23.05.2025, 04:57 A113: Neukölln -> Schönefeld, zwischen 1.2 km hinter AS Johannisthaler Chaussee und 1.0 km vor Rudower Höhe  A113 Autobahnzubringer Dresden, Neukölln Richtung Schönefeld
zwischen Stubenrauchstraße und Tunnel Rudower Höhe
linker Fahrstreifen gesperrt, Bauarbeiten, bis voraussichtlich 20.06.2025",52.4361731810018,13.4930523262435
"A115","undefined--vi-zus.2024-10-09_07-09-40-000.f_531.de0","52.40027056808641,13.185163736426698,52.44227384698058,13.202709435405149","52.40027056808641,13.185163736426698","WARNING","A115 | Am Stern - Hüttenweg"," Dreieck Nuthetal -> Dreieck Funkturm",NA,NA,NA,2024-10-09,"Beginn: 09.10.24 um 07:09 Uhr  Zusammengesetzte Verkehrsinformation, seit 09.10.2024, 07:09 A115: Dreieck Nuthetal -> Dreieck Funkturm, zwischen 2.9 km hinter Am Stern und 3.8 km vor AS Hüttenweg  A115 Autobahnzubringer Magdeburg, Dreieck Nuthetal Richtung Dreieck Funkturm, zwischen Anschlussstelle Kleinmachnow und Anschlussstelle Spanische Allee, Baustelle, bis 31.10.2026 17:00 Uhr",52.4002705680864,13.1851637364267
"A115","undefined--vi-avl.2025-05-23_08-04-01-000.f_014.de0","52.399526728880325,13.184324951594572,52.4089589670027,13.194993785042493","52.399526728880325,13.184324951594572","WARNING","A115 | Am Stern - Dreilinden"," Dreieck Nuthetal -> Dreieck Funkturm",2,"QUEUING_TRAFFIC","25.799999237060547",2025-05-23,"Beginn: 23.05.25 um 08:04 Uhr  Angespannte Verkehrslage, seit 23.05.2025, 08:04 A115: Dreieck Nuthetal -> Dreieck Funkturm, zwischen 2.8 km hinter Am Stern und 0.8 km vor Dreilinden  Stockender Verkehr Reisezeitverlust: 2 Minuten Durchschnittsgeschwindigkeit: 25 km/h",52.3995267288803,13.1843249515946
"A115","undefined--vi-avl.2025-05-23_08-46-26-000.f_007.de0","52.39965827794694,13.184468575399512,52.39965827794694,13.184468575399512","52.39965827794694,13.184468575399512","WARNING","A115 | Kleinmachnow - Kleinmachnow"," Dreieck Nuthetal -> Dreieck Funkturm",NA,"STATIONARY_TRAFFIC","14",2025-05-23,"Beginn: 23.05.25 um 09:31 Uhr  Angespannte Verkehrslage, seit 23.05.2025, 09:31 A115: Dreieck Nuthetal -> Dreieck Funkturm, 0.3 km vor AS Kleinmachnow, aus Richtung Am Stern  Im Stillstand Durchschnittsgeschwindigkeit: 14 km/h",52.3996582779469,13.1844685753995
"A261","undefined--vi-avl.2025-05-23_08-10-12-000.f_001.de0","53.432496189991866,9.928061741985168,53.432496189991866,9.928061741985168","53.432496189991866,9.928061741985168","WARNING","A261 | Hamburg-Südwest - Hamburg-Südwest"," Buchholzer Dreieck -> Hamburg-Südwest",NA,"STATIONARY_TRAFFIC","13",2025-05-23,"Beginn: 23.05.25 um 09:31 Uhr  Angespannte Verkehrslage, seit 23.05.2025, 09:31 A261: Buchholzer Dreieck -> Hamburg-Südwest, 0.4 km vor AD Hamburg-Südwest, aus Richtung Hamburg-Marmstorf-Lürade  Im Stillstand Durchschnittsgeschwindigkeit: 13 km/h",53.4324961899919,9.92806174198517
"A261","undefined--vi-avl.2025-05-23_08-10-12-000.f_004.de0","53.432496189991866,9.928061741985168,53.439623700919974,9.921622800000415","53.432496189991866,9.928061741985168","WARNING","Baustelle"," km 1.12 --> km 0.19",3,"STATIONARY_TRAFFIC","15.699999809265137",2025-05-23,"Beginn: 23.05.25 um 08:10 Uhr  Angespannte Verkehrslage, seit 23.05.2025, 08:10 A261: km 1.12 --> km 0.19  Im Stillstand Reisezeitverlust: 3 Minuten Durchschnittsgeschwindigkeit: 15 km/h",53.4324961899919,9.92806174198517
"A555","undefined--vi-avl.2025-05-23_06-41-30-000.f.de0","50.747402606195564,7.070937981184055,50.747402606195564,7.070937981184055","50.747402606195564,7.070937981184055","WARNING","A555 | Bonn-Nord - Bonn-Nord"," Köln -> Bonn",NA,"STATIONARY_TRAFFIC","9",2025-05-23,"Beginn: 23.05.25 um 09:31 Uhr  Angespannte Verkehrslage, seit 23.05.2025, 09:31 A555: Köln -> Bonn, 0.2 km vor AK Bonn-Nord, aus Richtung Bornheim (Rhld.)  Im Stillstand Durchschnittsgeschwindigkeit: 9 km/h",50.7474026061956,7.07093798118405
"A565","undefined--vi-hind.2025-05-23_09-30-27-000.f.de0","50.76047080093751,7.109654699997598,50.75479403970237,7.095901858645944","50.76047080093751,7.109654699997598","WARNING","A565 | Bonn-Beuel - Bonn-Auerberg"," Bonn -> Meckenheim",NA,NA,NA,2025-05-23,"Beginn: 23.05.25 um 09:30 Uhr  Hindernis, seit 23.05.2025, 09:30 A565: Bonn -> Meckenheim, zwischen 0.3 km hinter AS Bonn-Beuel und 0.5 km vor AS Bonn-Auerberg  Gefahr durch Gegenstände auf der Fahrbahn",50.7604708009375,7.1096546999976
"A661","undefined--vi-avl.2025-05-23_09-26-57-000.f_002.de0","50.179912883469434,8.649369081041781,50.179912883469434,8.649369081041781","50.179912883469434,8.649369081041781","WARNING","A661 | Frankfurt am Main-Heddernheim - Frankfurt am Main-Heddernheim"," Bad Homburg -> Darmstadt",NA,"QUEUING_TRAFFIC","15",2025-05-23,"Beginn: 23.05.25 um 09:31 Uhr  Angespannte Verkehrslage, seit 23.05.2025, 09:31 A661: Bad Homburg -> Darmstadt, 0.3 km vor AS Frankfurt am Main-Heddernheim, aus Richtung Frankfurt am Main-Nieder-Eschbach  Stockender Verkehr Durchschnittsgeschwindigkeit: 15 km/h",50.1799128834694,8.64936908104178
"A661","undefined--vi-avl.2025-05-23_09-23-55-000.f_001.de0","50.17985484646809,8.649304945235317,50.16668972866933,8.664057908714007","50.17985484646809,8.649304945235317","WARNING","A661 | Frankfurt am Main-Nieder-Eschbach - Frankfurt am Main-Eckenheim"," Bad Homburg -> Darmstadt",2,"QUEUING_TRAFFIC","31.600000381469727",2025-05-23,"Beginn: 23.05.25 um 09:23 Uhr  Angespannte Verkehrslage, seit 23.05.2025, 09:23 A661: Bad Homburg -> Darmstadt, zwischen 2.1 km hinter AS Frankfurt am Main-Nieder-Eschbach und 1.5 km vor AS Frankfurt am Main-Eckenheim  Stockender Verkehr Reisezeitverlust: 2 Minuten Durchschnittsgeschwindigkeit: 31 km/h",50.1798548464681,8.64930494523532
"A861","undefined--vi-avl.2025-05-23_09-28-53-000.f_001.de0","47.54978170094872,7.757996199999488,47.551597323064016,7.757662628980717","47.54978170094872,7.757996199999488","WARNING","A861 | Rheinfelden - Rheinfelden-Mitte"," Grenzübergang Rheinfelden -> Dreieck Hochrhein",0,"SLOW_TRAFFIC","11",2025-05-23,"Beginn: 23.05.25 um 09:28 Uhr  Angespannte Verkehrslage, seit 23.05.2025, 09:28 A861: Grenzübergang Rheinfelden -> Dreieck Hochrhein, zwischen 0.2 km hinter Rheinfelden und 2.0 km vor AS Rheinfelden-Mitte  Langsamer Verkehr Reisezeitverlust: 0 Minuten Durchschnittsgeschwindigkeit: 11 km/h",47.5497817009487,7.75799619999949
