"road","identifier","extent","point","display_type","title","subtitle","delay_minutes","abnormalTrafficType","averageSpeed","startTimestamp","description","latitude","longitude"
"A1","undefined--vi-avl.2025-05-22_19-38-31-000.f_001.de0","51.23422470193748,7.229864255622887,51.23422470193748,7.229864255622887","51.23422470193748,7.229864255622887","WARNING","A1 | Wuppertal-Ronsdorf - Wuppertal-Ronsdorf"," Dortmund -> Köln",NA,"STATIONARY_TRAFFIC","10",2025-05-22,"Beginn: 22.05.25 um 20:22 Uhr  Angespannte Verkehrslage, seit 22.05.2025, 20:22 A1: Dortmund -> Köln, 0.9 km vor AS Wuppertal-Ronsdorf, aus Richtung Ehrenberg  Im Stillstand Durchschnittsgeschwindigkeit: 10 km/h",51.2342247019375,7.22986425562289
"A1","undefined--vi-avl.2025-05-22_19-32-35-000.f.de0","51.23419798474438,7.229858371530626,51.221864586811435,7.244038921938837","51.23419798474438,7.229858371530626","WARNING","A1 | Ehrenberg - Remscheid-Lennep"," Dortmund -> Köln",5,"STATIONARY_TRAFFIC","18.100000381469727",2025-05-22,"Beginn: 22.05.25 um 19:32 Uhr  Angespannte Verkehrslage, seit 22.05.2025, 19:32 A1: Dortmund -> Köln, zwischen 4.0 km hinter Ehrenberg und 2.4 km vor AS Remscheid-Lennep  Im Stillstand Reisezeitverlust: 5 Minuten Durchschnittsgeschwindigkeit: 18 km/h",51.2341979847444,7.22985837153063
"A1","undefined--vi-avl.2025-05-22_19-54-30-000.f_005.de0","51.51342792791927,7.654095523651947,51.534640799390175,7.661037649133176","51.51342792791927,7.654095523651947","WARNING","A1 | Lichtendorf - Kamen-Zentrum"," Köln -> Münster",8,"STATIONARY_TRAFFIC","14.399999618530273",2025-05-22,"Beginn: 22.05.25 um 19:54 Uhr  Angespannte Verkehrslage, seit 22.05.2025, 19:54 A1: Köln -> Münster, zwischen 6.5 km hinter Lichtendorf und 4.6 km vor AS Kamen-Zentrum  Im Stillstand Reisezeitverlust: 8 Minuten Durchschnittsgeschwindigkeit: 14 km/h",51.5134279279193,7.65409552365195
"A1","undefined--vi-avl.2025-05-22_19-56-00-000.f_003.de0","51.51336741767136,7.65406779454689,51.51336741767136,7.65406779454689","51.51336741767136,7.65406779454689","WARNING","A1 | Dortmund/Unna - Dortmund/Unna"," Dortmund -> Münster",NA,"STATIONARY_TRAFFIC","14",2025-05-22,"Beginn: 22.05.25 um 20:22 Uhr  Angespannte Verkehrslage, seit 22.05.2025, 20:22 A1: Dortmund -> Münster, 1.0 km vor AK Dortmund/Unna, aus Richtung Lichtendorf  Im Stillstand Durchschnittsgeschwindigkeit: 14 km/h",51.5133674176714,7.65406779454689
"A1","undefined--vi-avl.2025-05-22_19-28-08-000.f_002.de0","53.02342395081075,8.805915266858708,53.03191160595456,8.865654305998177","53.02342395081075,8.805915266858708","WARNING","A1 | Bremen/Brinkum - Bremen-Hemelingen"," Osnabrück -> Bremen",18,"STATIONARY_TRAFFIC","12",2025-05-22,"Beginn: 22.05.25 um 19:28 Uhr  Angespannte Verkehrslage, seit 22.05.2025, 19:28 A1: Osnabrück -> Bremen, zwischen 0.2 km hinter AS Bremen/Brinkum und 1.6 km vor AS Bremen-Hemelingen  Im Stillstand Reisezeitverlust: 18 Minuten Durchschnittsgeschwindigkeit: 12 km/h",53.0234239508108,8.80591526685871
"A1","undefined--vi-avl.2025-05-22_19-38-31-000.f_005.de0","53.02341564306273,8.805751849180586,53.02341564306273,8.805751849180586","53.02341564306273,8.805751849180586","WARNING","A1 | Krummhörens Kuhlen - Krummhörens Kuhlen"," Osnabrück -> Bremen",NA,"STATIONARY_TRAFFIC","6",2025-05-22,"Beginn: 22.05.25 um 20:21 Uhr  Angespannte Verkehrslage, seit 22.05.2025, 20:21 A1: Osnabrück -> Bremen, 1.3 km vor Krummhörens Kuhlen, aus Richtung Bremen/Brinkum  Im Stillstand Durchschnittsgeschwindigkeit: 6 km/h",53.0234156430627,8.80575184918059
"A1","undefined--vi-hind.2025-05-22_20-14-00-000.f.de0","53.946668800856095,10.747243075307592,53.94553722355776,10.74681848838067","53.946668800856095,10.747243075307592","WARNING","A1 | Ratekau - Sereetzerfeld"," Fehmarn -> Lübeck",NA,NA,NA,2025-05-22,"Beginn: 22.05.25 um 20:14 Uhr  Fahrzeug-Hindernis, seit 22.05.2025, 20:14 A1: Fehmarn -> Lübeck, zwischen 0.3 km hinter AS Ratekau und 1.9 km vor Sereetzerfeld Gefahr durch ein defektes Fahrzeug auf der Fahrbahn",53.9466688008561,10.7472430753076
"A2","undefined--vi-avl.2025-05-22_19-42-30-000.f_005.de0","51.5386298801034,6.843310174342619,51.5389614603893,6.871131056553312","51.5386298801034,6.843310174342619","WARNING","A2 | Oberhausen - Schwarze Heide"," Oberhausen -> Dortmund",8,"STATIONARY_TRAFFIC","12.100000381469727",2025-05-22,"Beginn: 22.05.25 um 19:42 Uhr  Angespannte Verkehrslage, seit 22.05.2025, 19:42 A2: Oberhausen -> Dortmund, zwischen 0.6 km hinter AK Oberhausen und 1.0 km vor Schwarze Heide  Im Stillstand Reisezeitverlust: 8 Minuten Durchschnittsgeschwindigkeit: 12 km/h",51.5386298801034,6.84331017434262
"A2","undefined--vi-avl.2025-05-22_19-42-30-000.f_006.de0","51.5386298801034,6.843310174342619,51.5386298801034,6.843310174342619","51.5386298801034,6.843310174342619","WARNING","A2 | Oberhausen-Königshardt - Oberhausen-Königshardt"," Oberhausen -> Dortmund",NA,"STATIONARY_TRAFFIC","4",2025-05-22,"Beginn: 22.05.25 um 20:22 Uhr  Angespannte Verkehrslage, seit 22.05.2025, 20:22 A2: Oberhausen -> Dortmund, 1.8 km vor AS Oberhausen-Königshardt, aus Richtung Oberhausen  Im Stillstand Durchschnittsgeschwindigkeit: 4 km/h",51.5386298801034,6.84331017434262
"A2","undefined--vi-hind.2025-05-22_20-22-30-000.f_002.de0","51.85779814531288,8.331135804382466,51.85155375514928,8.316692754851733","51.85779814531288,8.331135804382466","WARNING","A2 | Gütersloh - Herzebrock-Clarholz"," Hannover -> Dortmund",NA,NA,NA,2025-05-22,"Beginn: 22.05.25 um 20:22 Uhr  Hindernis, seit 22.05.2025, 20:22 A2: Hannover -> Dortmund, zwischen 2.8 km hinter Gütersloh und 7.1 km vor AS Herzebrock-Clarholz  Gefahr durch Gegenstände auf der Fahrbahn",51.8577981453129,8.33113580438247
"A2","undefined--vi-hind.2025-05-22_20-20-34-000.f.de0","52.42197948364526,9.562472279550251,52.413924937217274,9.517798250763537","52.42197948364526,9.562472279550251","WARNING","A2 | Garbsen - Wunstorf-Luthe"," Hannover -> Dortmund",NA,NA,NA,2025-05-22,"Beginn: 22.05.25 um 20:20 Uhr  Fahrzeug-Hindernis, seit 22.05.2025, 20:20 A2: Hannover -> Dortmund, zwischen 0.8 km hinter AS Garbsen und 0.3 km vor AS Wunstorf-Luthe Gefahr durch ein defektes Fahrzeug auf der Fahrbahn",52.4219794836453,9.56247227955025
"A2","undefined--vi-avl.2025-05-22_19-07-03-000.f_001.de0","52.208582618404186,11.152913233026773,52.208582618404186,11.152913233026773","52.208582618404186,11.152913233026773","WARNING","A2 | Alleringersleben - Alleringersleben"," Magdeburg -> Braunschweig",NA,"STATIONARY_TRAFFIC","22",2025-05-22,"Beginn: 22.05.25 um 20:22 Uhr  Angespannte Verkehrslage, seit 22.05.2025, 20:22 A2: Magdeburg -> Braunschweig, 1.3 km vor AS Alleringersleben, aus Richtung Lorkberg  Im Stillstand Durchschnittsgeschwindigkeit: 22 km/h",52.2085826184042,11.1529132330268
"A2","undefined--vi-avl.2025-05-22_19-00-23-000.f.de0","52.20859258592086,11.153307909592435,52.22435878221961,11.044786710414733","52.20859258592086,11.153307909592435","WARNING","A2 | Lorkberg - Helmstedt Süd"," Magdeburg -> Braunschweig",16,"STATIONARY_TRAFFIC","21.799999237060547",2025-05-22,"Beginn: 22.05.25 um 19:00 Uhr  Angespannte Verkehrslage, seit 22.05.2025, 19:00 A2: Magdeburg -> Braunschweig, zwischen 6.5 km hinter Lorkberg und 1.8 km vor Helmstedt Süd  Im Stillstand Reisezeitverlust: 16 Minuten Durchschnittsgeschwindigkeit: 21 km/h",52.2085925859209,11.1533079095924
"A2","undefined--vi-avl.2025-05-22_19-47-30-000.f_006.de0","51.534522200933196,6.827170999995847,51.5386298801034,6.843310174342619","51.534522200933196,6.827170999995847","WARNING","Baustelle"," km 473.65 --> km 472.42",9,"STATIONARY_TRAFFIC","7.300000190734863",2025-05-22,"Beginn: 22.05.25 um 19:47 Uhr  Angespannte Verkehrslage, seit 22.05.2025, 19:47 A2: km 473.65 --> km 472.42  Im Stillstand Reisezeitverlust: 9 Minuten Durchschnittsgeschwindigkeit: 7 km/h",51.5345222009332,6.82717099999585
"A2","undefined--vi-avl.2025-05-22_19-47-30-000.f_004.de0","51.534522200933196,6.827170999995847,51.534522200933196,6.827170999995847","51.534522200933196,6.827170999995847","WARNING","Baustelle","",NA,"STATIONARY_TRAFFIC","7",2025-05-22,"Beginn: 22.05.25 um 20:22 Uhr  Angespannte Verkehrslage, seit 22.05.2025, 20:22 A2 O  Im Stillstand Durchschnittsgeschwindigkeit: 7 km/h",51.5345222009332,6.82717099999585
"A3","undefined--vi-avl.2025-05-22_20-00-00-000.f.de0","48.56392941181218,13.384550309200762,48.5720536322638,13.372408102312967","48.56392941181218,13.384550309200762","WARNING","A3 | Hammerbach - Donautal"," Passau -> Nürnberg",0,"SLOW_TRAFFIC","66.5",2025-05-22,"Beginn: 22.05.25 um 20:00 Uhr  Angespannte Verkehrslage, seit 22.05.2025, 20:00 A3: Passau -> Nürnberg, zwischen 0.6 km hinter Hammerbach und 2.1 km vor Donautal  Langsamer Verkehr Reisezeitverlust: 0 Minuten Durchschnittsgeschwindigkeit: 66 km/h",48.5639294118122,13.3845503092008
"A3","undefined--vi-avl.2025-05-22_20-22-00-000.f.de0","48.76289717159118,13.057763803008287,48.76958990094682,13.043951100118047","48.76289717159118,13.057763803008287","WARNING","A3 | Manzing - Hengersberg"," Passau -> Nürnberg",0,"SLOW_TRAFFIC","63.29999923706055",2025-05-22,"Beginn: 22.05.25 um 20:22 Uhr  Angespannte Verkehrslage, seit 22.05.2025, 20:22 A3: Passau -> Nürnberg, zwischen 0.9 km hinter Manzing und 0.3 km vor AS Hengersberg  Langsamer Verkehr Reisezeitverlust: 0 Minuten Durchschnittsgeschwindigkeit: 63 km/h",48.7628971715912,13.0577638030083
"A3","undefined--vi-avl.2025-05-22_20-21-30-000.f_004.de0","49.7328988679591,10.812931535407008,49.7328988679591,10.812931535407008","49.7328988679591,10.812931535407008","WARNING","A3 | Pommersfelden - Pommersfelden"," Würzburg -> Nürnberg",NA,"QUEUING_TRAFFIC","18",2025-05-22,"Beginn: 22.05.25 um 20:22 Uhr  Angespannte Verkehrslage, seit 22.05.2025, 20:22 A3: Würzburg -> Nürnberg, 0.9 km vor AS Pommersfelden, aus Richtung Limbacher Leiten  Stockender Verkehr Durchschnittsgeschwindigkeit: 18 km/h",49.7328988679591,10.812931535407
"A3","undefined--vi-avl.2025-05-22_20-13-00-000.f.de0","49.732887602579616,10.812953165320087,49.72533191835252,10.823736690701633","49.732887602579616,10.812953165320087","WARNING","A3 | Limbacher Leiten - Vögelsacker"," Würzburg -> Nürnberg",1,"QUEUING_TRAFFIC","29.100000381469727",2025-05-22,"Beginn: 22.05.25 um 20:13 Uhr  Angespannte Verkehrslage, seit 22.05.2025, 20:13 A3: Würzburg -> Nürnberg, zwischen 0.6 km hinter Limbacher Leiten und 0.9 km vor Vögelsacker  Stockender Verkehr Reisezeitverlust: 1 Minuten Durchschnittsgeschwindigkeit: 29 km/h",49.7328876025796,10.8129531653201
"A3","undefined--vi-hind.2025-05-22_19-04-04-000.f_008.de0","49.81796216424824,9.558885235446338,49.904065870576154,9.377735380746325","49.81796216424824,9.558885235446338","WARNING","A3 | Wertheim/Lengfurt - Weibersbrunn"," Würzburg -> Frankfurt",NA,NA,NA,2025-05-22,"Beginn: 22.05.25 um 19:04 Uhr  Hindernis, seit 22.05.2025, 19:04 A3: Würzburg -> Frankfurt, zwischen 7.0 km hinter AS Wertheim/Lengfurt und 4.6 km vor AS Weibersbrunn  Gefahr durch Personen auf der Fahrbahn",49.8179621642482,9.55888523544634
"A3","undefined--vi-zus.2025-05-22_14-29-15-000.f.de0","49.838698530384995,9.512423122001682,49.858295192001734,9.48675144942022","49.838698530384995,9.512423122001682","WARNING","A3 | Bärenroth - Spessart"," Würzburg -> Frankfurt",12,"STATIONARY_TRAFFIC","12.600000381469727",2025-05-22,"Beginn: 22.05.25 um 14:29 Uhr  Zusammengesetzte Verkehrsinformation, seit 22.05.2025, 14:29 A3: Würzburg -> Frankfurt, zwischen 0.5 km hinter Bärenroth und 8.2 km vor Spessart  Im Stillstand Reisezeitverlust: 12 Minuten Durchschnittsgeschwindigkeit: 12 km/h  Gefahr durch Personen auf der Fahrbahn",49.838698530385,9.51242312200168
"A3","undefined--vi-unf.2025-05-22_14-00-56-000.f_012.de0","49.85547846149136,9.493693962645494,49.8636175724626,9.479334604289775","49.85547846149136,9.493693962645494","WARNING","A3 | Bärenroth - Spessart"," Würzburg -> Frankfurt",NA,NA,NA,2025-05-22,"Beginn: 22.05.25 um 14:00 Uhr  Unfall, seit 22.05.2025, 14:00 A3: Würzburg -> Frankfurt, zwischen 2.8 km hinter Bärenroth und 7.4 km vor Spessart",49.8554784614914,9.49369396264549
"A3","undefined--vi-avl.2025-05-22_14-39-25-000.f_009.de0","49.838698530384995,9.512423122001682,49.838698530384995,9.512423122001682","49.838698530384995,9.512423122001682","WARNING","A3 | Spessart - Spessart"," Würzburg -> Frankfurt",NA,"STATIONARY_TRAFFIC","9",2025-05-22,"Beginn: 22.05.25 um 20:21 Uhr  Angespannte Verkehrslage, seit 22.05.2025, 20:21 A3: Würzburg -> Frankfurt, 11.1 km vor Spessart, aus Richtung Bärenroth  Im Stillstand Durchschnittsgeschwindigkeit: 9 km/h",49.838698530385,9.51242312200168
"A3","undefined--vi-hind.2025-05-22_19-04-04-000.f_009.de0","49.90417401343106,9.377065941165666,49.81792095745612,9.558432426347752","49.90417401343106,9.377065941165666","WARNING","A3 | Weibersbrunn - Marktheidenfeld"," Frankfurt -> Würzburg",NA,NA,NA,2025-05-22,"Beginn: 22.05.25 um 19:04 Uhr  Hindernis, seit 22.05.2025, 19:04 A3: Frankfurt -> Würzburg, zwischen 4.6 km hinter AS Weibersbrunn und AS Marktheidenfeld  Gefahr durch Personen auf der Fahrbahn",49.9041740134311,9.37706594116567
"A3","undefined--vi-avl.2025-05-22_19-37-30-000.f_002.de0","50.052554929067796,8.609820257841323,50.05493456423769,8.635644918772039","50.052554929067796,8.609820257841323","WARNING","A3 | Frankfurter Kreuz - Frankfurt am Main-Süd"," Köln -> Würzburg",1,"SLOW_TRAFFIC","46.400001525878906",2025-05-22,"Beginn: 22.05.25 um 19:37 Uhr  Angespannte Verkehrslage, seit 22.05.2025, 19:37 A3: Köln -> Würzburg, zwischen 0.4 km hinter AK Frankfurter Kreuz und 1.0 km vor AS Frankfurt am Main-Süd  Langsamer Verkehr Reisezeitverlust: 1 Minuten Durchschnittsgeschwindigkeit: 46 km/h",50.0525549290678,8.60982025784132
"A3","undefined--vi-hind.2025-05-22_20-22-30-000.f.de0","50.02853994747507,8.467685677703129,50.05079641447929,8.392329840021096","50.02853994747507,8.467685677703129","WARNING","A3 | Raunheim - Wiesbadener Kreuz"," Frankfurt -> Köln",NA,NA,NA,2025-05-22,"Beginn: 22.05.25 um 20:22 Uhr  Fahrzeug-Hindernis, seit 22.05.2025, 20:22 A3: Frankfurt -> Köln, zwischen 0.7 km hinter AS Raunheim und 0.6 km vor AK Wiesbadener Kreuz",50.0285399474751,8.46768567770313
"A3","undefined--vi-avl.2025-05-22_20-20-34-000.f.de0","51.53383941628151,6.825907863221998,51.537502300933184,6.8358212999959145","51.53383941628151,6.825907863221998","WARNING","A3 | Oberhausen-Holten - Dinslaken-Süd"," Oberhausen -> Arnheim",0,"SLOW_TRAFFIC","40.099998474121094",2025-05-22,"Beginn: 22.05.25 um 20:20 Uhr  Angespannte Verkehrslage, seit 22.05.2025, 20:20 A3: Oberhausen -> Arnheim, zwischen 2.6 km hinter AS Oberhausen-Holten und 3.5 km vor AS Dinslaken-Süd  Langsamer Verkehr Reisezeitverlust: 0 Minuten Durchschnittsgeschwindigkeit: 40 km/h",51.5338394162815,6.825907863222
"A3","undefined--vi-avl.2025-05-22_20-22-30-000.f.de0","51.53382734500536,6.825886500981072,51.53382734500536,6.825886500981072","51.53382734500536,6.825886500981072","WARNING","A3 | Oberhausen - Oberhausen"," Oberhausen -> Arnheim",NA,"SLOW_TRAFFIC","26",2025-05-22,"Beginn: 22.05.25 um 20:22 Uhr  Angespannte Verkehrslage, seit 22.05.2025, 20:22 A3: Oberhausen -> Arnheim, 0.7 km vor AK Oberhausen, aus Richtung Oberhausen-Holten  Langsamer Verkehr Durchschnittsgeschwindigkeit: 26 km/h",51.5338273450054,6.82588650098107
"A4","undefined--vi-hind.2025-05-22_20-14-00-000.f_001.de0","50.87625199500096,6.607801962688165,50.87625199500096,6.607801962688165","50.87625199500096,6.607801962688165","WARNING","A4 | Merzenich - Elsdorf"," Heerlen/Aachen -> Köln",NA,NA,NA,2025-05-22,"Beginn: 22.05.25 um 20:14 Uhr  Fahrzeug-Hindernis, seit 22.05.2025, 20:14 A4: Heerlen/Aachen -> Köln, zwischen 7.5 km hinter AS Merzenich und 2.9 km vor AS Elsdorf Gefahr durch ein defektes Fahrzeug auf der Fahrbahn",50.876251995001,6.60780196268816
"A4","undefined--vi-avl.2025-05-22_20-01-00-000.f.de0","50.898614141972224,6.908834048511578,50.89212772911116,6.923158297032745","50.898614141972224,6.908834048511578","WARNING","A4 | Köln-West - Köln-Eifeltor"," Heerlen/Aachen -> Köln",0,"SLOW_TRAFFIC","51.79999923706055",2025-05-22,"Beginn: 22.05.25 um 20:01 Uhr  Angespannte Verkehrslage, seit 22.05.2025, 20:01 A4: Heerlen/Aachen -> Köln, zwischen 5.4 km hinter AK Köln-West und 0.2 km vor AS Köln-Eifeltor  Langsamer Verkehr Reisezeitverlust: 0 Minuten Durchschnittsgeschwindigkeit: 51 km/h",50.8986141419722,6.90883404851158
"A4","undefined--vi-unf.2025-05-22_20-03-00-000.f.de0","50.93179190093663,11.388712800006672,50.898631000936795,11.437136200007341","50.93179190093663,11.388712800006672","WARNING","A4 | Habichtsfang - Magdala"," Erfurt -> Chemnitz",NA,NA,NA,2025-05-22,"Beginn: 22.05.25 um 20:03 Uhr  Unfall, seit 22.05.2025, 20:03 A4: Erfurt -> Chemnitz, zwischen 2.5 km hinter Habichtsfang und 0.3 km vor AS Magdala",50.9317919009366,11.3887128000067
"A4","undefined--vi-avl.2025-05-22_19-24-05-000.f_005.de0","50.937930404586915,11.365044383955361,50.93499211270592,11.382613914189996","50.937930404586915,11.365044383955361","WARNING","A4 | Habichtsfang - Apolda"," Erfurt -> Chemnitz",2,"STATIONARY_TRAFFIC","24.200000762939453",2025-05-22,"Beginn: 22.05.25 um 19:24 Uhr  Angespannte Verkehrslage, seit 22.05.2025, 19:24 A4: Erfurt -> Chemnitz, zwischen 0.6 km hinter Habichtsfang und 0.6 km vor AS Apolda  Im Stillstand Reisezeitverlust: 2 Minuten Durchschnittsgeschwindigkeit: 24 km/h",50.9379304045869,11.3650443839554
"A4","undefined--vi-unf.2025-05-22_19-33-02-000.f.de0","50.897549500936826,11.43935060000738,50.87631010664459,11.502396561048915","50.897549500936826,11.43935060000738","WARNING","A4 | Apolda - Bucha"," Erfurt -> Chemnitz",NA,NA,NA,2025-05-22,"Beginn: 22.05.25 um 19:33 Uhr  Unfall, seit 22.05.2025, 19:33 A4: Erfurt -> Chemnitz, zwischen 5.2 km hinter AS Apolda und AS Bucha",50.8975495009368,11.4393506000074
"A4","undefined--vi-avl.2025-05-22_20-18-30-000.f.de0","50.937930404586915,11.365044383955361,50.937930404586915,11.365044383955361","50.937930404586915,11.365044383955361","WARNING","A4 | Apolda - Apolda"," Erfurt -> Chemnitz",NA,"STATIONARY_TRAFFIC","24",2025-05-22,"Beginn: 22.05.25 um 20:22 Uhr  Angespannte Verkehrslage, seit 22.05.2025, 20:22 A4: Erfurt -> Chemnitz, 1.9 km vor AS Apolda, aus Richtung Habichtsfang  Im Stillstand Durchschnittsgeschwindigkeit: 24 km/h",50.9379304045869,11.3650443839554
"A4","undefined--vi-hind.2025-05-22_20-06-00-000.f_001.de0","50.88446160093708,12.15258750002558,50.87178961556164,12.221168510373618","50.88446160093708,12.15258750002558","WARNING","A4 | Gera-Leumnitz - Ronneburg"," Erfurt -> Chemnitz",NA,NA,NA,2025-05-22,"Beginn: 22.05.25 um 20:06 Uhr  Fahrzeug-Hindernis, seit 22.05.2025, 20:06 A4: Erfurt -> Chemnitz, zwischen 0.2 km hinter AS Gera-Leumnitz und 0.5 km vor AS Ronneburg Gefahr durch ein defektes Fahrzeug auf der Fahrbahn",50.8844616009371,12.1525875000256
"A4","undefined--vi-avl.2025-05-22_17-01-48-000.f_023.de0","50.83659048573762,12.49352375867729,50.84044040721613,12.5098829767425","50.83659048573762,12.49352375867729","WARNING","A4 | Glauchau-West - Glauchau-Ost"," Erfurt -> Chemnitz",0,"SLOW_TRAFFIC","50.5",2025-05-22,"Beginn: 22.05.25 um 17:01 Uhr  Angespannte Verkehrslage, seit 22.05.2025, 17:01 A4: Erfurt -> Chemnitz, zwischen 0.5 km hinter AS Glauchau-West und 2.3 km vor AS Glauchau-Ost  Langsamer Verkehr Reisezeitverlust: 0 Minuten Durchschnittsgeschwindigkeit: 50 km/h",50.8365904857376,12.4935237586773
"A4","undefined--vi-avl.2025-05-22_16-37-19-000.f_007.de0","50.84162743875403,12.525097979124897,50.84028593274674,12.506173214488944","50.84162743875403,12.525097979124897","WARNING","A4 | Glauchau-Ost - Glauchau-West"," Chemnitz -> Erfurt",0,"SLOW_TRAFFIC","51.79999923706055",2025-05-22,"Beginn: 22.05.25 um 16:37 Uhr  Angespannte Verkehrslage, seit 22.05.2025, 16:37 A4: Chemnitz -> Erfurt, zwischen 1.3 km hinter AS Glauchau-Ost und 1.5 km vor AS Glauchau-West  Langsamer Verkehr Reisezeitverlust: 0 Minuten Durchschnittsgeschwindigkeit: 51 km/h",50.841627438754,12.5250979791249
"A4","undefined--vi-hind.2025-05-22_19-46-00-000.f_001.de0","50.99630286626295,13.147125716187391,50.99630286626295,13.147125716187391","50.99630286626295,13.147125716187391","WARNING","A4 | Hainichen - Berbersdorf"," Chemnitz -> Dresden",NA,NA,NA,2025-05-22,"Beginn: 22.05.25 um 19:46 Uhr  Fahrzeug-Hindernis, seit 22.05.2025, 19:46 A4: Chemnitz -> Dresden, zwischen 3.8 km hinter AS Hainichen und 3.8 km vor AS Berbersdorf Gefahr durch ein defektes Fahrzeug auf der Fahrbahn",50.996302866263,13.1471257161874
"A5","undefined--vi-avl.2025-05-22_17-57-11-000.f.de0","50.56778282967828,8.797174287179592,50.579386638280766,8.80387299606869","50.56778282967828,8.797174287179592","WARNING","A5 | Fernwald - Reiskirchen"," Frankfurt -> Kassel",3,"STATIONARY_TRAFFIC","19.100000381469727",2025-05-22,"Beginn: 22.05.25 um 17:57 Uhr  Angespannte Verkehrslage, seit 22.05.2025, 17:57 A5: Frankfurt -> Kassel, zwischen 2.8 km hinter AS Fernwald und 1.9 km vor AS Reiskirchen  Im Stillstand Reisezeitverlust: 3 Minuten Durchschnittsgeschwindigkeit: 19 km/h",50.5677828296783,8.79717428717959
"A5","undefined--vi-avl.2025-05-22_18-03-38-000.f_012.de0","50.56778282967828,8.797174287179592,50.56778282967828,8.797174287179592","50.56778282967828,8.797174287179592","WARNING","A5 | Reiskirchen - Reiskirchen"," Frankfurt -> Kassel",NA,"STATIONARY_TRAFFIC","12",2025-05-22,"Beginn: 22.05.25 um 20:22 Uhr  Angespannte Verkehrslage, seit 22.05.2025, 20:22 A5: Frankfurt -> Kassel, 3.3 km vor AS Reiskirchen, aus Richtung Fernwald  Im Stillstand Durchschnittsgeschwindigkeit: 12 km/h",50.5677828296783,8.79717428717959
"A5","undefined--vi-zus.2025-05-22_20-05-30-000.f.de0","50.63968115919953,8.960007004582243,50.67545629909235,9.027695061375805","50.63968115919953,8.960007004582243","WARNING","A5 | Grünberg - Krachgarten"," Frankfurt -> Kassel",26,"STATIONARY_TRAFFIC","14",2025-05-22,"Beginn: 22.05.25 um 20:05 Uhr  Zusammengesetzte Verkehrsinformation, seit 22.05.2025, 20:05 A5: Frankfurt -> Kassel, zwischen 2.7 km hinter AS Grünberg und 8.1 km vor Krachgarten  Im Stillstand Reisezeitverlust: 26 Minuten Durchschnittsgeschwindigkeit: 14 km/h  Gefahr durch eine ungesicherte Unfallstelle",50.6396811591995,8.96000700458224
"A5","undefined--vi-avl.2025-05-22_20-05-30-000.f_005.de0","50.63967168493125,8.959823764137086,50.63967168493125,8.959823764137086","50.63967168493125,8.959823764137086","WARNING","A5 | Finkenwald - Finkenwald"," Frankfurt -> Kassel",NA,"STATIONARY_TRAFFIC","14",2025-05-22,"Beginn: 22.05.25 um 20:22 Uhr  Angespannte Verkehrslage, seit 22.05.2025, 20:22 A5: Frankfurt -> Kassel, 0.3 km vor Finkenwald, aus Richtung Grünberg  Im Stillstand Durchschnittsgeschwindigkeit: 14 km/h",50.6396716849313,8.95982376413709
"A5","undefined--vi-hind.2025-05-22_19-58-30-000.f_004.de0","50.66976294292815,9.023661280705218,50.680770542574415,9.031734325875902","50.66976294292815,9.023661280705218","WARNING","A5 | Homberg (Ohm) - Krachgarten"," Frankfurt -> Kassel",NA,NA,NA,2025-05-22,"Beginn: 22.05.25 um 19:58 Uhr  Hindernis, seit 22.05.2025, 19:58 A5: Frankfurt -> Kassel, zwischen 3.8 km hinter AS Homberg (Ohm) und 7.5 km vor Krachgarten  Gefahr durch eine ungesicherte Unfallstelle",50.6697629429282,9.02366128070522
"A6","undefined--vi-avl.2025-05-22_20-13-00-000.f_001.de0","49.28026186286379,8.622097551942321,49.27524881001355,8.637090286624353","49.28026186286379,8.622097551942321","WARNING","A6 | Walldorf - Bucheneck"," Mannheim -> Heilbronn",1,"STATIONARY_TRAFFIC","28.299999237060547",2025-05-22,"Beginn: 22.05.25 um 20:13 Uhr  Angespannte Verkehrslage, seit 22.05.2025, 20:13 A6: Mannheim -> Heilbronn, zwischen 0.1 km hinter AK Walldorf und 0.6 km vor Bucheneck  Im Stillstand Reisezeitverlust: 1 Minuten Durchschnittsgeschwindigkeit: 28 km/h",49.2802618628638,8.62209755194232
"A6","undefined--vi-avl.2025-05-22_20-18-30-000.f_006.de0","49.28025240603375,8.622120944444534,49.28025240603375,8.622120944444534","49.28025240603375,8.622120944444534","WARNING","A6 | Bucheneck - Bucheneck"," Mannheim -> Heilbronn",NA,"STATIONARY_TRAFFIC","18",2025-05-22,"Beginn: 22.05.25 um 20:22 Uhr  Angespannte Verkehrslage, seit 22.05.2025, 20:22 A6: Mannheim -> Heilbronn, 1.8 km vor Bucheneck, aus Richtung Walldorf  Im Stillstand Durchschnittsgeschwindigkeit: 18 km/h",49.2802524060338,8.62212094444453
"A6","undefined--vi-zus.2025-05-22_19-30-00-000.f_002.de0","49.465088200943505,12.134933500029003,49.440382049972435,12.05432870185924","49.465088200943505,12.134933500029003","WARNING","A6 | Nabburg-West - Schmidgaden"," Pilsen -> Nürnberg",NA,NA,NA,2025-05-22,"Beginn: 22.05.25 um 19:30 Uhr  Zusammengesetzte Verkehrsinformation, seit 22.05.2025, 19:30 A6: Pilsen -> Nürnberg, zwischen 0.4 km hinter AS Nabburg-West und 0.3 km vor AS Schmidgaden  Gefahr durch Personen auf der Fahrbahn  A6 Pilsen Richtung Nürnberg zwischen Nabburg-West und Schmidgaden Unfall mit LKW, Standstreifen blockiert, Gefahr durch Personen auf der Fahrbahn",49.4650882009435,12.134933500029
"A7","undefined--vi-zus.2025-05-22_18-17-35-000.f.de0","47.57144969209724,10.660382444103417,47.57538933115995,10.661761037364318","47.57144969209724,10.660382444103417","WARNING","A7 | Grenztunnel Füssen - Reinertshofertunnel"," Füssen/Reutte -> Ulm",1,"STATIONARY_TRAFFIC","13.899999618530273",2025-05-22,"Beginn: 22.05.25 um 18:17 Uhr  Zusammengesetzte Verkehrsinformation, seit 22.05.2025, 18:17 A7: Füssen/Reutte -> Ulm, zwischen 1.4 km hinter Grenztunnel Füssen und 2.9 km vor Reinertshofertunnel  Im Stillstand Reisezeitverlust: 1 Minuten Durchschnittsgeschwindigkeit: 13 km/h",47.5714496920972,10.6603824441034
"A7","undefined--vi-avl.2025-05-22_20-09-30-000.f_005.de0","47.57106405539792,10.660095750945596,47.57106405539792,10.660095750945596","47.57106405539792,10.660095750945596","WARNING","A7 | Grenztunnel Füssen - Grenztunnel Füssen"," Ulm -> Füssen/Reutte",NA,"QUEUING_TRAFFIC","4",2025-05-22,"Beginn: 22.05.25 um 20:22 Uhr  Angespannte Verkehrslage, seit 22.05.2025, 20:22 A7: Ulm -> Füssen/Reutte, 1.3 km vor Grenztunnel Füssen, aus Richtung Füssen  Stockender Verkehr Durchschnittsgeschwindigkeit: 4 km/h",47.5710640553979,10.6600957509456
"A7","undefined--vi-avl.2025-05-22_19-49-30-000.f.de0","47.57145842080008,10.660385661305725,47.57145842080008,10.660385661305725","47.57145842080008,10.660385661305725","WARNING","A7 | Füssen - Füssen"," Füssen/Reutte -> Ulm",NA,"STATIONARY_TRAFFIC","5",2025-05-22,"Beginn: 22.05.25 um 20:16 Uhr  Angespannte Verkehrslage, seit 22.05.2025, 20:16 A7: Füssen/Reutte -> Ulm, 0.3 km vor AS Füssen, aus Richtung Grenztunnel Füssen  Im Stillstand Durchschnittsgeschwindigkeit: 5 km/h",47.5714584208001,10.6603856613057
"A7","undefined--vi-avl.2025-05-22_20-08-30-000.f_001.de0","47.57106405539792,10.660095750945596,47.56588319129067,10.658512500275656","47.57106405539792,10.660095750945596","WARNING","A7 | Füssen - Grenztunnel Füssen"," Ulm -> Füssen/Reutte",1,"QUEUING_TRAFFIC","21.5",2025-05-22,"Beginn: 22.05.25 um 20:08 Uhr  Angespannte Verkehrslage, seit 22.05.2025, 20:08 A7: Ulm -> Füssen/Reutte, zwischen 0.3 km hinter AS Füssen und 0.7 km vor Grenztunnel Füssen  Stockender Verkehr Reisezeitverlust: 1 Minuten Durchschnittsgeschwindigkeit: 21 km/h",47.5710640553979,10.6600957509456
"A7","undefined--vi-avl.2025-05-22_18-09-47-000.f_001.de0","47.62617275363063,10.640423470492248,47.61770237141563,10.661411665741468","47.62617275363063,10.640423470492248","WARNING","A7 | Nesselwang - Reinertshofertunnel"," Ulm -> Füssen/Reutte",1,"SLOW_TRAFFIC","63.400001525878906",2025-05-22,"Beginn: 22.05.25 um 18:09 Uhr  Angespannte Verkehrslage, seit 22.05.2025, 18:09 A7: Ulm -> Füssen/Reutte, zwischen 8.9 km hinter AS Nesselwang und 2.0 km vor Reinertshofertunnel  Langsamer Verkehr Reisezeitverlust: 1 Minuten Durchschnittsgeschwindigkeit: 63 km/h",47.6261727536306,10.6404234704922
"A7","undefined--vi-zus.2025-03-31_00-40-00-000.f_018.de0","53.579141433849884,9.913430072127355,53.55636870091902,9.897540700000414","53.579141433849884,9.913430072127355","WARNING","A7 | Hamburg-Volkspark - Elbtunnel (Nordportal)"," Flensburg -> Hamburg",NA,NA,NA,2025-03-31,"Beginn: 31.03.25 um 00:40 Uhr  Zusammengesetzte Verkehrsinformation, seit 31.03.2025, 00:40 A7: Flensburg -> Hamburg, zwischen 0.4 km hinter AS Hamburg-Volkspark und 0.9 km vor Elbtunnel (Nordportal)  A7 Flensburg Richtung Hamburg Ausfahrt Hamburg-Othmarschen Fahrbahnverengung, maximale Fahrbahnbreite von 4,50 m, Bauarbeiten, bis 29.09.2025",53.5791414338499,9.91343007212735
"A7","undefined--vi-avl.2025-05-22_20-21-30-000.f_006.de0","54.804956120681226,9.328584387866814,54.804956120681226,9.328584387866814","54.804956120681226,9.328584387866814","WARNING","A7 | Ellund - Ellund"," Flensburg -> Hamburg",NA,"SLOW_TRAFFIC","27",2025-05-22,"Beginn: 22.05.25 um 20:21 Uhr  Angespannte Verkehrslage, seit 22.05.2025, 20:21 A7: Flensburg -> Hamburg, 0.1 km vor Ellund, aus Richtung Ellund  Langsamer Verkehr Durchschnittsgeschwindigkeit: 27 km/h",54.8049561206812,9.32858438786681
"A7","undefined--vi-avl.2025-05-22_20-15-00-000.f_001.de0","54.8049820054157,9.328571338481932,54.80066594276168,9.33076576341325","54.8049820054157,9.328571338481932","WARNING","A7 | Ellund - Flensburg/Harrislee"," Flensburg -> Hamburg",0,"SLOW_TRAFFIC","34.599998474121094",2025-05-22,"Beginn: 22.05.25 um 20:15 Uhr  Angespannte Verkehrslage, seit 22.05.2025, 20:15 A7: Flensburg -> Hamburg, zwischen 0.1 km hinter Ellund und 3.3 km vor AS Flensburg/Harrislee  Langsamer Verkehr Reisezeitverlust: 0 Minuten Durchschnittsgeschwindigkeit: 34 km/h",54.8049820054157,9.32857133848193
"A8","undefined--vi-zus.2025-03-26_17-59-56-000.f_013.de0","49.32575278791285,7.172731755291576,49.327350714671546,7.213275819282444","49.32575278791285,7.172731755291576","WARNING","A8 | Neunkirchen/Spiesen - Kohlhof"," Saarlouis -> Neunkirchen",NA,NA,NA,2025-03-26,"Beginn: 26.03.25 um 17:59 Uhr  Zusammengesetzte Verkehrsinformation, seit 26.03.2025, 17:59 A8: Saarlouis -> Neunkirchen, zwischen 1.5 km hinter AS Neunkirchen/Spiesen und 1.0 km vor Kohlhof  A8 Saarlouis - Neunkirchen zwischen Neunkirchen-Spiesen und Neunkirchen-Oberstadt in beiden Richtungen Bauarbeiten, bis voraussichtlich 01.06.2025",49.3257527879128,7.17273175529158
"A8","undefined--vi-zus.2025-05-14_09-26-56-000.f.de0","49.32628400979037,7.229641516813452,49.329166750017514,7.1882642393148934","49.32628400979037,7.229641516813452","WARNING","A8 | Neunkirchen-Wellesweiler - Neunkirchen/Spiesen"," Neunkirchen -> Saarlouis",NA,NA,NA,2025-05-14,"Beginn: 14.05.25 um 09:26 Uhr  Zusammengesetzte Verkehrsinformation, seit 14.05.2025, 09:26 A8: Neunkirchen -> Saarlouis, zwischen 0.4 km hinter AS Neunkirchen-Wellesweiler und 2.7 km vor AS Neunkirchen/Spiesen  A8 Saarlouis - Neunkirchen zwischen Neunkirchen-Spiesen und Neunkirchen-Oberstadt in beiden Richtungen Bauarbeiten, bis voraussichtlich 01.06.2025",49.3262840097904,7.22964151681345
"A8","undefined--vi-avl.2025-05-22_19-56-00-000.f.de0","48.89232170094535,8.78590709999996,48.86548047692167,8.792136645405796","48.89232170094535,8.78590709999996","WARNING","A8 | Pforzheim - Heimsheim"," Karlsruhe -> Stuttgart",10,"STATIONARY_TRAFFIC","15.899999618530273",2025-05-22,"Beginn: 22.05.25 um 19:56 Uhr  Angespannte Verkehrslage, seit 22.05.2025, 19:56 A8: Karlsruhe -> Stuttgart, zwischen 1.9 km hinter Pforzheim und 7.4 km vor AS Heimsheim  Im Stillstand Reisezeitverlust: 10 Minuten Durchschnittsgeschwindigkeit: 15 km/h",48.8923217009454,8.78590709999996
"A8","undefined--vi-avl.2025-05-22_19-59-30-000.f_002.de0","48.892398549749096,8.785878395146861,48.892398549749096,8.785878395146861","48.892398549749096,8.785878395146861","WARNING","A8 | Pforzheim-Süd - Pforzheim-Süd"," Karlsruhe -> Stuttgart",NA,"STATIONARY_TRAFFIC","13",2025-05-22,"Beginn: 22.05.25 um 20:22 Uhr  Angespannte Verkehrslage, seit 22.05.2025, 20:22 A8: Karlsruhe -> Stuttgart, 1.5 km vor AS Pforzheim-Süd, aus Richtung Pforzheim  Im Stillstand Durchschnittsgeschwindigkeit: 13 km/h",48.8923985497491,8.78587839514686
"A8","undefined--vi-hind.2025-05-22_20-10-34-000.f_001.de0","48.69446710094597,9.286907700000066,48.674766472565594,9.346776996922609","48.69446710094597,9.286907700000066","WARNING","A8 | Esslingen - Wendlingen"," Stuttgart -> München",NA,NA,NA,2025-05-22,"Beginn: 22.05.25 um 20:10 Uhr  Hindernis, seit 22.05.2025, 20:10 A8: Stuttgart -> München, zwischen 0.3 km hinter AS Esslingen und 0.8 km vor AS Wendlingen  Gefahr durch eine ungesicherte Unfallstelle",48.694467100946,9.28690770000007
"A8","undefined--vi-avl.2025-05-22_06-19-30-000.f_012.de0","47.80599053295347,12.137317950267944,47.80394240094832,12.160497100035558","47.80599053295347,12.137317950267944","WARNING","A8 | Hochstraßer See - Rohrdorf"," München -> Salzburg",2,"QUEUING_TRAFFIC","30.399999618530273",2025-05-22,"Beginn: 22.05.25 um 06:19 Uhr  Angespannte Verkehrslage, seit 22.05.2025, 06:19 A8: München -> Salzburg, zwischen 0.1 km hinter Hochstraßer See und 0.2 km vor AS Rohrdorf  Stockender Verkehr Reisezeitverlust: 2 Minuten Durchschnittsgeschwindigkeit: 30 km/h",47.8059905329535,12.1373179502679
"A8","undefined--vi-avl.2025-05-22_07-34-42-000.f_021.de0","47.80599053295347,12.137317950267944,47.80599053295347,12.137317950267944","47.80599053295347,12.137317950267944","WARNING","A8 | Winkelbach - Winkelbach"," München -> Salzburg",NA,"QUEUING_TRAFFIC","22",2025-05-22,"Beginn: 22.05.25 um 20:22 Uhr  Angespannte Verkehrslage, seit 22.05.2025, 20:22 A8: München -> Salzburg, 0.1 km vor Winkelbach, aus Richtung Hochstraßer See  Stockender Verkehr Durchschnittsgeschwindigkeit: 22 km/h",47.8059905329535,12.1373179502679
"A8","undefined--vi-avl.2025-05-22_07-08-13-000.f_008.de0","47.80000819978615,12.262960764815094,47.803421912283724,12.301463361010024","47.80000819978615,12.262960764815094","WARNING","A8 | Achenmühle - Bernau am Chiemsee"," München -> Salzburg",9,"STATIONARY_TRAFFIC","16.799999237060547",2025-05-22,"Beginn: 22.05.25 um 07:08 Uhr  Angespannte Verkehrslage, seit 22.05.2025, 07:08 A8: München -> Salzburg, zwischen 2.8 km hinter Achenmühle und 5.0 km vor AS Bernau am Chiemsee  Im Stillstand Reisezeitverlust: 9 Minuten Durchschnittsgeschwindigkeit: 16 km/h",47.8000081997861,12.2629607648151
"A8","undefined--vi-avl.2025-05-22_08-15-05-000.f_020.de0","47.79999876006184,12.26292326358309,47.79999876006184,12.26292326358309","47.79999876006184,12.26292326358309","WARNING","A8 | Frasdorf - Frasdorf"," München -> Salzburg",NA,"STATIONARY_TRAFFIC","12",2025-05-22,"Beginn: 22.05.25 um 20:22 Uhr  Angespannte Verkehrslage, seit 22.05.2025, 20:22 A8: München -> Salzburg, 1.3 km vor Frasdorf, aus Richtung Achenmühle  Im Stillstand Durchschnittsgeschwindigkeit: 12 km/h",47.7999987600618,12.2629232635831
"A9","undefined--vi-hind.2025-05-22_20-09-30-000.f_006.de0","48.579693200946316,11.590547400012028,48.506893700946534,11.587370600012015","48.579693200946316,11.590547400012028","WARNING","A9 | Rohrbach (Ost) - Pfaffenhofen a.d.Ilm"," Nürnberg -> München",NA,NA,NA,2025-05-22,"Beginn: 22.05.25 um 20:09 Uhr  Fahrzeug-Hindernis, seit 22.05.2025, 20:09 A9: Nürnberg -> München, zwischen 4.9 km hinter Rohrbach (Ost) und 0.3 km vor AS Pfaffenhofen a.d.Ilm Gefahr durch ein defektes Fahrzeug auf der Fahrbahn",48.5796932009463,11.590547400012
"A9","undefined--vi-zus.2025-05-22_19-46-00-000.f.de0","48.72525109093901,11.476629047891615,48.750090504975454,11.45829990841449","48.72525109093901,11.476629047891615","WARNING","A9 | Neuburg a.d.Donau - Ingolstadt-Süd"," München -> Nürnberg",8,"STATIONARY_TRAFFIC","17.799999237060547",2025-05-22,"Beginn: 22.05.25 um 19:46 Uhr  Zusammengesetzte Verkehrsinformation, seit 22.05.2025, 19:46 A9: München -> Nürnberg, zwischen 1.6 km hinter AS Neuburg a.d.Donau und 0.1 km vor AS Ingolstadt-Süd  Im Stillstand Reisezeitverlust: 8 Minuten Durchschnittsgeschwindigkeit: 17 km/h",48.725251090939,11.4766290478916
"A9","undefined--vi-avl.2025-05-22_20-01-00-000.f_002.de0","48.72525109093901,11.476629047891615,48.72525109093901,11.476629047891615","48.72525109093901,11.476629047891615","WARNING","A9 | Ingolstadt-Süd - Ingolstadt-Süd"," München -> Nürnberg",NA,"STATIONARY_TRAFFIC","11",2025-05-22,"Beginn: 22.05.25 um 20:22 Uhr  Angespannte Verkehrslage, seit 22.05.2025, 20:22 A9: München -> Nürnberg, 3.1 km vor AS Ingolstadt-Süd, aus Richtung Neuburg a.d.Donau  Im Stillstand Durchschnittsgeschwindigkeit: 11 km/h",48.725251090939,11.4766290478916
"A9","undefined--vi-hind.2025-05-22_18-56-19-000.f_004.de0","50.82772107805667,11.880513353158431,50.8290101284759,11.879758541426828","50.82772107805667,11.880513353158431","WARNING","A9 | Lederhose - Hermsdorf-Süd"," Nürnberg -> Halle/Leipzig",NA,NA,NA,2025-05-22,"Beginn: 22.05.25 um 18:56 Uhr  Fahrzeug-Hindernis, seit 22.05.2025, 18:56 A9: Nürnberg -> Halle/Leipzig, zwischen 2.7 km hinter AS Lederhose und 4.5 km vor AS Hermsdorf-Süd Gefahr durch ein defektes Fahrzeug auf der Fahrbahn",50.8277210780567,11.8805133531584
"A9","undefined--vi-avl.2025-05-22_19-05-31-000.f_005.de0","50.92486867671974,11.839325444619517,50.94688583623629,11.834079534554398","50.92486867671974,11.839325444619517","WARNING","A9 | Bad Klosterlausnitz - Kuhberg"," Nürnberg -> Halle/Leipzig",4,"STATIONARY_TRAFFIC","26.5",2025-05-22,"Beginn: 22.05.25 um 19:09 Uhr  Angespannte Verkehrslage, seit 22.05.2025, 19:09 A9: Nürnberg -> Halle/Leipzig, zwischen 1.5 km hinter AS Bad Klosterlausnitz und 2.5 km vor Kuhberg  Im Stillstand Reisezeitverlust: 4 Minuten Durchschnittsgeschwindigkeit: 26 km/h",50.9248686767197,11.8393254446195
"A9","undefined--vi-avl.2025-05-22_19-21-30-000.f_008.de0","50.92486867671974,11.839325444619517,50.92486867671974,11.839325444619517","50.92486867671974,11.839325444619517","WARNING","A9 | Kuhberg - Kuhberg"," Nürnberg -> Halle/Leipzig",NA,"STATIONARY_TRAFFIC","12",2025-05-22,"Beginn: 22.05.25 um 20:22 Uhr  Angespannte Verkehrslage, seit 22.05.2025, 20:22 A9: Nürnberg -> Halle/Leipzig, 4.9 km vor Kuhberg, aus Richtung Bad Klosterlausnitz  Im Stillstand Durchschnittsgeschwindigkeit: 12 km/h",50.9248686767197,11.8393254446195
"A9","undefined--vi-avl.2025-05-22_20-00-00-000.f_001.de0","50.911157151702,11.841515490398724,50.90098420038902,11.843105602594079","50.911157151702,11.841515490398724","WARNING","A9 | Kuhberg - Hermsdorfer Kreuz"," Halle/Leipzig -> Nürnberg",0,"SLOW_TRAFFIC","64.5999984741211",2025-05-22,"Beginn: 22.05.25 um 20:05 Uhr  Angespannte Verkehrslage, seit 22.05.2025, 20:05 A9: Halle/Leipzig -> Nürnberg, zwischen 6.5 km hinter Kuhberg und 2.3 km vor AK Hermsdorfer Kreuz  Langsamer Verkehr Reisezeitverlust: 0 Minuten Durchschnittsgeschwindigkeit: 64 km/h",50.911157151702,11.8415154903987
"A9","undefined--vi-hind.2025-05-22_20-20-34-000.f_001.de0","52.21824377225887,12.9026060910634,52.269365242520486,12.909346337426467","52.21824377225887,12.9026060910634","WARNING","A9 | Beelitz - Potsdam"," Halle/Leipzig -> Berlin",NA,NA,NA,2025-05-22,"Beginn: 22.05.25 um 20:20 Uhr  Hindernis, seit 22.05.2025, 20:20 A9: Halle/Leipzig -> Berlin, zwischen 0.4 km hinter AS Beelitz und 2.4 km vor AD Potsdam  Gefahr durch Gegenstände auf der Fahrbahn",52.2182437722589,12.9026060910634
"A12","WarnungA10Lkw3","47.61802931631098,12.202336027754352,47.61802931631098,12.202336027754352","47.61802931631098,12.202336027754352","WARNING","E45/E60 | LKW Blockabfertigung | A12-Inntal Autobahn","Richtung Italien",NA,NA,NA,2025-01-11,"Zeitraum: Beginn: 07.01.2025 Ende: 09.12.2025  Hinweis für LKW-Reisende nach Österreich: LKW-Blockabfertigungen an ausgewählten Tagen für Lkw am Grenzübergang Kufstein/Kiefersfelden. Maximaler Durchlass von 300 LKWs pro Stunde  Die genauen Ausführungszeiten und weitere Informationen auf tirol.gv.at/verkehr/verkehrs-und-seilbahnrecht/lkw-dosierung.",47.618029316311,12.2023360277544
"A12","WarnungA10Lkw2","47.6164490154047,12.202382557672273,47.6164490154047,12.202382557672273","47.6164490154047,12.202382557672273","WARNING","E43/E45/E60 | A13-Brenner Autobahn","Richtung Italien",NA,NA,NA,2025-01-11,"Zeitraum: Beginn: 11.01.2025 Ende: 27.09.2025  Hinweis für LKW-Reisende nach Österreich: LKW-Fahrverbot auf der A12-Inntal Autobahn, A13-Brenner Autobahn und A14-Rheintal/Walgau Autobahn, wenn das Ziel der Fahrt der Anschlussstelle Nößlach bis Anschlussstelle Brenner Nord der Richtungsfahrbahn Staatsgrenze der A 13 Brenner Autobahn erreicht werden soll. An ausgewählten Samstagen 7-15 Uhr sowie weiteren Tagen im Zeitraum 11.01. - 27.09.2025 Weitere Informationen auf http://asfinag.at/a13",47.6164490154047,12.2023825576723
"A15","undefined--vi-avl.2025-05-22_19-49-30-000.f_003.de0","51.707436229347316,14.409662913357797,51.706832197818336,14.426732276349952","51.707436229347316,14.409662913357797","WARNING","A15 | Cottbus-Süd - Roggosen"," Cottbus -> Breslau",0,"SLOW_TRAFFIC","69.9000015258789",2025-05-22,"Beginn: 22.05.25 um 19:49 Uhr  Angespannte Verkehrslage, seit 22.05.2025, 19:49 A15: Cottbus -> Breslau, zwischen 4.4 km hinter AS Cottbus-Süd und 2.7 km vor AS Roggosen  Langsamer Verkehr Reisezeitverlust: 0 Minuten Durchschnittsgeschwindigkeit: 69 km/h",51.7074362293473,14.4096629133578
"A19","undefined--vi-hind.2025-05-22_18-08-23-000.f_005.de0","53.77464264235735,12.320108124466467,53.61668080091893,12.375491000025056","53.77464264235735,12.320108124466467","WARNING","A19 | Glasewitz - Linstow"," Rostock -> Dreieck Wittstock/Dosse",NA,NA,NA,2025-05-22,"Beginn: 22.05.25 um 18:08 Uhr  Hindernis, seit 22.05.2025, 18:08 A19: Rostock -> Dreieck Wittstock/Dosse, zwischen 6.3 km hinter AS Glasewitz und AS Linstow",53.7746426423573,12.3201081244665
"A23","undefined--vi-avl.2025-05-22_19-31-30-000.f_002.de0","53.68660580412989,9.788470734218086,53.68660580412989,9.788470734218086","53.68660580412989,9.788470734218086","WARNING","A23 | Pinneberg-Nord - Pinneberg-Nord"," Heide -> Hamburg",NA,"STATIONARY_TRAFFIC","8",2025-05-22,"Beginn: 22.05.25 um 20:22 Uhr  Angespannte Verkehrslage, seit 22.05.2025, 20:22 A23: Heide -> Hamburg, 1.1 km vor AS Pinneberg-Nord, aus Richtung Forst Rantzau Süd  Im Stillstand Durchschnittsgeschwindigkeit: 8 km/h",53.6866058041299,9.78847073421809
"A23","undefined--vi-avl.2025-05-22_19-30-30-000.f.de0","53.68660580412989,9.788470734218086,53.67835910091804,9.797528500000368","53.68660580412989,9.788470734218086","WARNING","A23 | Forst Rantzau Süd - Pinneberg-Mitte"," Heide -> Hamburg",5,"STATIONARY_TRAFFIC","10.699999809265137",2025-05-22,"Beginn: 22.05.25 um 19:30 Uhr  Angespannte Verkehrslage, seit 22.05.2025, 19:30 A23: Heide -> Hamburg, zwischen 2.1 km hinter Forst Rantzau Süd und 3.1 km vor AS Pinneberg-Mitte  Im Stillstand Reisezeitverlust: 5 Minuten Durchschnittsgeschwindigkeit: 10 km/h",53.6866058041299,9.78847073421809
"A23","undefined--vi-avl.2025-05-22_20-18-30-000.f_003.de0","54.027668324897114,9.447596103603962,54.027668324897114,9.447596103603962","54.027668324897114,9.447596103603962","WARNING","A23 | Kaaksburg - Kaaksburg"," Heide -> Hamburg",NA,"STATIONARY_TRAFFIC","10",2025-05-22,"Beginn: 22.05.25 um 20:22 Uhr  Angespannte Verkehrslage, seit 22.05.2025, 20:22 A23: Heide -> Hamburg, 3.0 km vor Kaaksburg, aus Richtung Schenefeld  Im Stillstand Durchschnittsgeschwindigkeit: 10 km/h",54.0276683248971,9.44759610360396
"A23","undefined--vi-zus.2025-05-22_20-18-00-000.f.de0","54.027668324897114,9.447596103603962,54.02601731713675,9.450849202882912","54.027668324897114,9.447596103603962","WARNING","A23 | Schenefeld - Kaaksburg"," Heide -> Hamburg",1,"STATIONARY_TRAFFIC","15",2025-05-22,"Beginn: 22.05.25 um 20:18 Uhr  Zusammengesetzte Verkehrsinformation, seit 22.05.2025, 20:18 A23: Heide -> Hamburg, zwischen 0.4 km hinter AS Schenefeld und 2.8 km vor Kaaksburg  Gefahr durch eine ungesicherte Unfallstelle  Im Stillstand Reisezeitverlust: 1 Minuten Durchschnittsgeschwindigkeit: 15 km/h",54.0276683248971,9.44759610360396
"A23","undefined--vi-hind.2025-05-22_20-09-30-000.f_008.de0","54.02953730700684,9.44373106552915,54.021597670752456,9.458776484924975","54.02953730700684,9.44373106552915","WARNING","A23 | Schenefeld - Kaaksburg"," Heide -> Hamburg",NA,NA,NA,2025-05-22,"Beginn: 22.05.25 um 20:09 Uhr  Hindernis, seit 22.05.2025, 20:09 A23: Heide -> Hamburg, zwischen 0.1 km hinter AS Schenefeld und 2.0 km vor Kaaksburg  Gefahr durch eine ungesicherte Unfallstelle",54.0295373070068,9.44373106552915
"A25","undefined--vi-hind.2025-05-22_20-17-00-000.f_002.de0","53.473080103559326,10.181260829919184,53.475335630747566,10.205843249053402","53.473080103559326,10.181260829919184","WARNING","A25 | Hamburg-Nettelnburg - Hamburg-Curslack"," Hamburg -> Geesthacht",NA,NA,NA,2025-05-22,"Beginn: 22.05.25 um 20:17 Uhr  Hindernis, seit 22.05.2025, 20:17 A25: Hamburg -> Geesthacht, zwischen 0.3 km hinter AS Hamburg-Nettelnburg und 2.3 km vor AS Hamburg-Curslack  Gefahr durch Personen auf der Fahrbahn",53.4730801035593,10.1812608299192
"A25","undefined--vi-hind.2025-05-22_20-17-00-000.f_003.de0","53.47523136151579,10.204812967333853,53.47316980091968,10.181337900000617","53.47523136151579,10.204812967333853","WARNING","A25 | Hamburg-Bergedorf - Hamburg-Nettelnburg"," Geesthacht -> Hamburg",NA,NA,NA,2025-05-22,"Beginn: 22.05.25 um 20:17 Uhr  Hindernis, seit 22.05.2025, 20:17 A25: Geesthacht -> Hamburg, zwischen AS Hamburg-Bergedorf und 0.3 km vor AS Hamburg-Nettelnburg  Gefahr durch Personen auf der Fahrbahn",53.4752313615158,10.2048129673339
"A31","undefined--vi-avl.2025-05-22_17-49-56-000.f_016.de0","52.1169689276444,7.086497118105593,52.135186734791155,7.089543852877889","52.1169689276444,7.086497118105593","WARNING","A31 | Averbeck - Gronau/Ochtrup"," Oberhausen -> Gronau",1,"SLOW_TRAFFIC","58.5",2025-05-22,"Beginn: 22.05.25 um 17:49 Uhr  Angespannte Verkehrslage, seit 22.05.2025, 17:49 A31: Oberhausen -> Gronau, zwischen 1.4 km hinter Averbeck und 6.6 km vor AS Gronau/Ochtrup  Langsamer Verkehr Reisezeitverlust: 1 Minuten Durchschnittsgeschwindigkeit: 58 km/h",52.1169689276444,7.08649711810559
"A31","undefined--vi-hind.2025-05-22_20-22-30-000.f_003.de0","52.879336844229385,7.230080835329503,52.98664312065207,7.250780173629311","52.879336844229385,7.230080835329503","WARNING","A31 | Lathen - Rhede (Ems)"," Meppen -> Leer",NA,NA,NA,2025-05-22,"Beginn: 22.05.25 um 20:22 Uhr  Hindernis, seit 22.05.2025, 20:22 A31: Meppen -> Leer, zwischen 0.3 km hinter AS Lathen und 8.8 km vor AS Rhede (Ems)  Gefahr durch Personen auf der Fahrbahn",52.8793368442294,7.2300808353295
"A31","undefined--vi-hind.2025-05-22_20-22-30-000.f_001.de0","52.986537716335604,7.2506105989016145,52.87785819686398,7.228637265192921","52.986537716335604,7.2506105989016145","WARNING","A31 | Rhede (Ems) - Lathen"," Leer -> Meppen",NA,NA,NA,2025-05-22,"Beginn: 22.05.25 um 20:22 Uhr  Hindernis, seit 22.05.2025, 20:22 A31: Leer -> Meppen, zwischen 8.9 km hinter AS Rhede (Ems) und 0.1 km vor AS Lathen  Gefahr durch Personen auf der Fahrbahn",52.9865377163356,7.25061059890161
"A37","undefined--vi-zus.2025-05-20_10-04-05-000.f_002.de0","52.442156462690335,9.933442989087833,52.436581812162494,9.913211841333315","52.442156462690335,9.933442989087833","WARNING","A37 | Beinhorn - Hannover-Kirchhorst"," Celle -> Hannover",NA,NA,NA,2025-05-20,"Beginn: 20.05.25 um 10:04 Uhr  Zusammengesetzte Verkehrsinformation, seit 20.05.2025, 10:04 B3: Celle -> Hannover, zwischen 0.4 km hinter AS Beinhorn und 2.1 km vor AK Hannover-Kirchhorst  A37 Messe - Burgdorf
zwischen Kreuz Hannover-Buchholz und Beinhorn
in beiden Richtungen geänderte Verkehrsführung im Baustellenbereich, Bauarbeiten, bis 30.10.2026 ca. 18:00 Uhr",52.4421564626903,9.93344298908783
"A37","undefined--vi-zus.2025-05-20_10-04-05-000.f_003.de0","52.42566547847685,9.880479425875153,52.44102213295518,9.93161290421946","52.42566547847685,9.880479425875153","WARNING","Baustelle"," km 22.62 --> km 26.54",NA,NA,NA,2025-05-20,"Beginn: 20.05.25 um 10:04 Uhr  Zusammengesetzte Verkehrsinformation, seit 20.05.2025, 10:04 A37: km 22.62 --> km 26.54  A37 Messe - Burgdorf
zwischen Kreuz Hannover-Buchholz und Beinhorn
in beiden Richtungen geänderte Verkehrsführung im Baustellenbereich, Bauarbeiten, bis 30.10.2026 ca. 18:00 Uhr",52.4256654784769,9.88047942587515
"A40","undefined--vi-avl.2025-05-23_10-40-00-000.f_018.de0","51.49586584711128,7.188980215086521,51.49600382564044,7.189722511193523","51.49586584711128,7.188980215086521","WARNING","A40 | Bochum-West - Bochum-Freudenbergstraße"," Essen -> Dortmund",0,"STATIONARY_TRAFFIC","35",2025-05-23,"Beginn: 23.05.25 um 10:40 Uhr  Angespannte Verkehrslage, seit 23.05.2025, 10:40 A40: Essen -> Dortmund, zwischen 1.8 km hinter AD Bochum-West und 0.9 km vor AS Bochum-Freudenbergstraße  Im Stillstand Reisezeitverlust: 0 Minuten Durchschnittsgeschwindigkeit: 35 km/h",51.4958658471113,7.18898021508652
"A43","undefined--vi-avl.2025-05-22_09-25-06-000.f.de0","51.53592680093318,7.206711599998101,51.51432716103217,7.215532841552294","51.53592680093318,7.206711599998101","WARNING","A43 | Herne - Bochum-Gerthe"," Recklinghausen -> Wuppertal",1,"SLOW_TRAFFIC","58",2025-05-22,"Beginn: 22.05.25 um 09:25 Uhr  Angespannte Verkehrslage, seit 22.05.2025, 09:25 A43: Recklinghausen -> Wuppertal, zwischen 1.1 km hinter AK Herne und 3.3 km vor AS Bochum-Gerthe  Langsamer Verkehr Reisezeitverlust: 1 Minuten Durchschnittsgeschwindigkeit: 58 km/h",51.5359268009332,7.2067115999981
"A43","undefined--vi-avl.2025-05-22_18-38-10-000.f.de0","51.90418579466637,7.432189116997391,51.90418579466637,7.432189116997391","51.90418579466637,7.432189116997391","WARNING","A43 | Nottuln - Nottuln"," Münster -> Recklinghausen",NA,"STATIONARY_TRAFFIC","24",2025-05-22,"Beginn: 22.05.25 um 20:22 Uhr  Angespannte Verkehrslage, seit 22.05.2025, 20:22 A43: Münster -> Recklinghausen, 1.8 km vor AS Nottuln, aus Richtung Senden  Im Stillstand Durchschnittsgeschwindigkeit: 24 km/h",51.9041857946664,7.43218911699739
"A43","undefined--vi-avl.2025-05-22_18-36-26-000.f.de0","51.90418579466637,7.432189116997391,51.90673711915578,7.410424223519217","51.90418579466637,7.432189116997391","WARNING","A43 | Senden - Nottuln"," Münster -> Recklinghausen",2,"STATIONARY_TRAFFIC","33",2025-05-22,"Beginn: 22.05.25 um 18:36 Uhr  Angespannte Verkehrslage, seit 22.05.2025, 18:36 A43: Münster -> Recklinghausen, zwischen 4.2 km hinter AS Senden und 0.3 km vor AS Nottuln  Im Stillstand Reisezeitverlust: 2 Minuten Durchschnittsgeschwindigkeit: 33 km/h",51.9041857946664,7.43218911699739
"A44","undefined--vi-avl.2025-05-22_19-41-33-000.f.de0","51.526056480926954,7.799384335322027,51.5330901009332,7.857236499999488","51.526056480926954,7.799384335322027","WARNING","A44 | Buchenhain - Am Haarstrang"," Dortmund -> Kassel",13,"STATIONARY_TRAFFIC","16.600000381469727",2025-05-22,"Beginn: 22.05.25 um 19:41 Uhr  Angespannte Verkehrslage, seit 22.05.2025, 19:41 A44: Dortmund -> Kassel, zwischen 0.5 km hinter Buchenhain und 0.2 km vor Am Haarstrang  Im Stillstand Reisezeitverlust: 13 Minuten Durchschnittsgeschwindigkeit: 16 km/h",51.526056480927,7.79938433532203
"A44","undefined--vi-avl.2025-05-22_20-03-30-000.f_004.de0","51.526056480926954,7.799384335322027,51.526056480926954,7.799384335322027","51.526056480926954,7.799384335322027","WARNING","A44 | Am Haarstrang - Am Haarstrang"," Dortmund -> Kassel",NA,"STATIONARY_TRAFFIC","10",2025-05-22,"Beginn: 22.05.25 um 20:22 Uhr  Angespannte Verkehrslage, seit 22.05.2025, 20:22 A44: Dortmund -> Kassel, 4.4 km vor Am Haarstrang, aus Richtung Buchenhain  Im Stillstand Durchschnittsgeschwindigkeit: 10 km/h",51.526056480927,7.79938433532203
"A44","undefined--vi-avl.2025-05-22_18-38-43-000.f_001.de0","51.57740352717801,8.23592309020764,51.573830305004996,8.218808528612874","51.57740352717801,8.23592309020764","WARNING","A44 | Völlinghauser Flur - Lohner Klei"," Kassel -> Dortmund",0,"SLOW_TRAFFIC","60.099998474121094",2025-05-22,"Beginn: 22.05.25 um 18:38 Uhr  Angespannte Verkehrslage, seit 22.05.2025, 18:38 A44: Kassel -> Dortmund, zwischen 3.0 km hinter Völlinghauser Flur und 1.1 km vor Lohner Klei  Langsamer Verkehr Reisezeitverlust: 0 Minuten Durchschnittsgeschwindigkeit: 60 km/h",51.577403527178,8.23592309020764
"A44","undefined--vi-avl.2025-05-22_18-33-56-000.f_001.de0","51.511947322997905,8.944988931387524,51.511947322997905,8.944988931387524","51.511947322997905,8.944988931387524","WARNING","A44 | Blankenrode - Blankenrode"," Kassel -> Dortmund",NA,"STATIONARY_TRAFFIC","8",2025-05-22,"Beginn: 22.05.25 um 20:22 Uhr  Angespannte Verkehrslage, seit 22.05.2025, 20:22 A44: Kassel -> Dortmund, 6.0 km vor Blankenrode, aus Richtung Marsberg  Im Stillstand Durchschnittsgeschwindigkeit: 8 km/h",51.5119473229979,8.94498893138752
"A44","undefined--vi-avl.2025-05-22_18-23-04-000.f_006.de0","51.511947322997905,8.944988931387524,51.53524847671271,8.88919965741539","51.511947322997905,8.944988931387524","WARNING","A44 | Marsberg - Blankenrode"," Kassel -> Dortmund",12,"STATIONARY_TRAFFIC","19",2025-05-22,"Beginn: 22.05.25 um 18:23 Uhr  Angespannte Verkehrslage, seit 22.05.2025, 18:23 A44: Kassel -> Dortmund, zwischen 0.8 km hinter AS Marsberg und 1.3 km vor Blankenrode  Im Stillstand Reisezeitverlust: 12 Minuten Durchschnittsgeschwindigkeit: 19 km/h",51.5119473229979,8.94498893138752
"A44","undefined--vi-avl.2025-05-22_19-44-30-000.f_002.de0","51.27744912896152,9.405421470710676,51.267207869722135,9.433990205678016","51.27744912896152,9.405421470710676","WARNING","A44 | Kassel-Bad Wilhelmshöhe - Kassel-West"," Dortmund -> Kassel",3,"QUEUING_TRAFFIC","31.799999237060547",2025-05-22,"Beginn: 22.05.25 um 19:44 Uhr  Angespannte Verkehrslage, seit 22.05.2025, 19:44 A44: Dortmund -> Kassel, zwischen 0.5 km hinter AS Kassel-Bad Wilhelmshöhe und 1.3 km vor AK Kassel-West  Stockender Verkehr Reisezeitverlust: 3 Minuten Durchschnittsgeschwindigkeit: 31 km/h",51.2774491289615,9.40542147071068
"A45","undefined--vi-avl.2025-05-22_20-08-30-000.f.de0","50.56158261885087,8.557343148696232,50.567875378056975,8.548225517928762","50.56158261885087,8.557343148696232","WARNING","A45 | Wetzlar-Süd - Wetzlar-Ost"," Gießen -> Hagen",0,"SLOW_TRAFFIC","60.099998474121094",2025-05-22,"Beginn: 22.05.25 um 20:16 Uhr  Angespannte Verkehrslage, seit 22.05.2025, 20:16 A45: Gießen -> Hagen, zwischen 0.8 km hinter AS Wetzlar-Süd und 0.3 km vor AS Wetzlar-Ost  Langsamer Verkehr Reisezeitverlust: 0 Minuten Durchschnittsgeschwindigkeit: 60 km/h",50.5615826188509,8.55734314869623
"A45","undefined--vi-avl.2025-05-22_12-16-16-000.f_007.de0","51.270596947257516,7.600831916485575,51.270596947257516,7.600831916485575","51.270596947257516,7.600831916485575","WARNING","A45 | Rehweg - Rehweg"," Hagen -> Gießen",NA,"STATIONARY_TRAFFIC","3",2025-05-22,"Beginn: 22.05.25 um 20:22 Uhr  Angespannte Verkehrslage, seit 22.05.2025, 20:22 A45: Hagen -> Gießen, 0.3 km vor Rehweg, aus Richtung Kaltenborn  Im Stillstand Durchschnittsgeschwindigkeit: 3 km/h",51.2705969472575,7.60083191648557
"A45","undefined--vi-avl.2025-05-22_12-15-41-000.f.de0","51.27119102033463,7.600601589894081,51.26417655734046,7.602675014641066","51.27119102033463,7.600601589894081","WARNING","A45 | Kaltenborn - Lüdenscheid-Nord"," Hagen -> Gießen",4,"STATIONARY_TRAFFIC","10",2025-05-22,"Beginn: 22.05.25 um 12:15 Uhr  Angespannte Verkehrslage, seit 22.05.2025, 12:15 A45: Hagen -> Gießen, zwischen 2.9 km hinter Kaltenborn und 0.9 km vor AS Lüdenscheid-Nord  Im Stillstand Reisezeitverlust: 4 Minuten Durchschnittsgeschwindigkeit: 10 km/h",51.2711910203346,7.60060158989408
"A46","undefined--vi-avl.2025-05-22_20-18-30-000.f_001.de0","51.30443583979424,7.22792844537993,51.30443583979424,7.22792844537993","51.30443583979424,7.22792844537993","WARNING","A46 | Galerie Sternenberg - Galerie Sternenberg"," Wuppertal -> Düsseldorf",NA,"QUEUING_TRAFFIC","25",2025-05-22,"Beginn: 22.05.25 um 20:22 Uhr  Angespannte Verkehrslage, seit 22.05.2025, 20:22 A46: Wuppertal -> Düsseldorf, 0.9 km vor Galerie Sternenberg, aus Richtung Holtkamp  Stockender Verkehr Durchschnittsgeschwindigkeit: 25 km/h",51.3044358397942,7.22792844537993
"A46","undefined--vi-avl.2025-05-22_20-02-30-000.f_001.de0","51.304447697028266,7.227982607453402,51.28607126108136,7.192515451356982","51.304447697028266,7.227982607453402","WARNING","A46 | Holtkamp - Wuppertal-Barmen"," Wuppertal -> Düsseldorf",4,"QUEUING_TRAFFIC","33.5",2025-05-22,"Beginn: 22.05.25 um 20:02 Uhr  Angespannte Verkehrslage, seit 22.05.2025, 20:02 A46: Wuppertal -> Düsseldorf, zwischen 0.5 km hinter Holtkamp und 0.9 km vor AS Wuppertal-Barmen  Stockender Verkehr Reisezeitverlust: 4 Minuten Durchschnittsgeschwindigkeit: 33 km/h",51.3044476970283,7.2279826074534
"A59","undefined--vi-avl.2025-05-22_19-56-36-000.f.de0","51.462775088473194,6.769453022480794,51.474777629418725,6.766606882550396","51.462775088473194,6.769453022480794","WARNING","A59 | Duisburg-Ruhrort - Duisburg-Nord"," Duisburg -> Dinslaken",1,"SLOW_TRAFFIC","32.70000076293945",2025-05-22,"Beginn: 22.05.25 um 19:56 Uhr  Angespannte Verkehrslage, seit 22.05.2025, 19:56 A59: Duisburg -> Dinslaken, zwischen AS Duisburg-Ruhrort und 1.0 km vor AK Duisburg-Nord  Langsamer Verkehr Reisezeitverlust: 1 Minuten Durchschnittsgeschwindigkeit: 32 km/h",51.4627750884732,6.76945302248079
"A59","undefined--vi-avl.2025-05-22_19-57-30-000.f_005.de0","51.462775088473194,6.769453022480794,51.462775088473194,6.769453022480794","51.462775088473194,6.769453022480794","WARNING","A59 | Duisburg-Meiderich - Duisburg-Meiderich"," Duisburg -> Dinslaken",NA,"SLOW_TRAFFIC","14",2025-05-22,"Beginn: 22.05.25 um 20:22 Uhr  Angespannte Verkehrslage, seit 22.05.2025, 20:22 A59: Duisburg -> Dinslaken, 0.8 km vor AS Duisburg-Meiderich, aus Richtung Duisburg-Ruhrort  Langsamer Verkehr Durchschnittsgeschwindigkeit: 14 km/h",51.4627750884732,6.76945302248079
"A60","undefined--vi-zus.2025-04-08_08-51-21-000.f_013.de0","49.98125533976677,8.345695317688524,49.97565770865279,8.441396718063045","49.98125533976677,8.345695317688524","WARNING","A60 | Mainspitz-Dreieck - Rüsselsheimer Dreieck"," Mainz -> Rüsselsheim",NA,NA,NA,2025-04-08,"Beginn: 08.04.25 um 08:51 Uhr  Zusammengesetzte Verkehrsinformation, seit 08.04.2025, 08:51 A60: Mainz -> Rüsselsheim, zwischen 0.5 km hinter AD Mainspitz-Dreieck und 2.2 km vor AD Rüsselsheimer Dreieck  Sperrung der A60 bei Königstädten – Grundhafte Fahrbahnerneuerung zwischen dem Rüsselsheimer Dreieck und dem Mainspitz Dreieck. Die Niederlassung West der Autobahn GmbH erneuert zwischen dem Rüsselsheimer Dreieck (30) und dem Mainspitz Dreieck (26) die Fahrbahn. Von Donnerstagmorgen (24. April) bis Mitte Juli wird die Anschlussstelle (AS) Königstädten (29) in Fahrtrichtung (FR) Mainz sowie in FR Rüsselsheimer Dreieck gesperrt. Umleitungsmöglichkeiten sind ausgeschildert: • Ausfahrt FR Mainz: Umleitung via AS Rüsselsheim-Mitte • Einfahrt FR Mainz: innerstädtische Umleitung zur AS Rüsselsheim-Mitte (Adam-Opel-Straße / Kurt-Schumacher-Ring), von Nauheim kommend via L3482 zur AS Bischofsheim • Einfahrt FR Darmstadt: innerstädtische Umleitung zur AS Rüsselsheim-Mitte (Adam-Opel-Straße / Kurt-Schumacher-Ring) Die Autobahn GmbH bittet alle Verkehrsteilnehmer um Verständnis für die unvermeidlichen Verkehrsbehinderungen, die durch die Arbeiten entstehen.",49.9812553397668,8.34569531768852
"A60","undefined--vi-zus.2025-05-03_10-55-00-000.f_003.de0","49.977457399447445,8.454646346787307,49.981587265039146,8.34517285786785","49.977457399447445,8.454646346787307","WARNING","A60 | Rüsselsheimer Dreieck - Mainspitz-Dreieck"," Rüsselsheim -> Mainz",NA,NA,NA,2025-05-03,"Beginn: 03.05.25 um 10:55 Uhr  Zusammengesetzte Verkehrsinformation, seit 03.05.2025, 10:55 A60: Rüsselsheim -> Mainz, zwischen 0.6 km hinter AD Rüsselsheimer Dreieck und 0.5 km vor AD Mainspitz-Dreieck  Sperrung der A60 bei Königstädten – Grundhafte Fahrbahnerneuerung zwischen dem Rüsselsheimer Dreieck und dem Mainspitz Dreieck. Die Niederlassung West der Autobahn GmbH erneuert zwischen dem Rüsselsheimer Dreieck (30) und dem Mainspitz Dreieck (26) die Fahrbahn. Von Donnerstagmorgen (24. April) bis Mitte Juli wird die Anschlussstelle (AS) Königstädten (29) in Fahrtrichtung (FR) Mainz sowie in FR Rüsselsheimer Dreieck gesperrt. Umleitungsmöglichkeiten sind ausgeschildert: • Ausfahrt FR Mainz: Umleitung via AS Rüsselsheim-Mitte • Einfahrt FR Mainz: innerstädtische Umleitung zur AS Rüsselsheim-Mitte (Adam-Opel-Straße / Kurt-Schumacher-Ring), von Nauheim kommend via L3482 zur AS Bischofsheim • Einfahrt FR Darmstadt: innerstädtische Umleitung zur AS Rüsselsheim-Mitte (Adam-Opel-Straße / Kurt-Schumacher-Ring) Die Autobahn GmbH bittet alle Verkehrsteilnehmer um Verständnis für die unvermeidlichen Verkehrsbehinderungen, die durch die Arbeiten entstehen.",49.9774573994474,8.45464634678731
"A65","undefined--vi-avl.2025-05-22_20-16-35-000.f_003.de0","49.21462001091958,8.142109481843391,49.20786807030006,8.147633047093155","49.21462001091958,8.142109481843391","WARNING","A65 | Landau-Nord - Landau-Zentrum"," Ludwigshafen -> Karlsruhe",0,"SLOW_TRAFFIC","41.29999923706055",2025-05-22,"Beginn: 22.05.25 um 20:16 Uhr  Angespannte Verkehrslage, seit 22.05.2025, 20:16 A65: Ludwigshafen -> Karlsruhe, zwischen 0.3 km hinter AS Landau-Nord und 1.5 km vor AS Landau-Zentrum  Langsamer Verkehr Reisezeitverlust: 0 Minuten Durchschnittsgeschwindigkeit: 41 km/h",49.2146200109196,8.14210948184339
"A65","undefined--vi-avl.2025-05-22_20-06-35-000.f.de0","49.2253667323836,8.147273929712469,49.21462854380047,8.142105138168976","49.2253667323836,8.147273929712469","WARNING","A65 | Landau-Dammheim - Landau-Zentrum"," Ludwigshafen -> Karlsruhe",0,"SLOW_TRAFFIC","47",2025-05-22,"Beginn: 22.05.25 um 20:06 Uhr  Angespannte Verkehrslage, seit 22.05.2025, 20:06 A65: Ludwigshafen -> Karlsruhe, zwischen AS Landau-Dammheim und 2.4 km vor AS Landau-Zentrum  Langsamer Verkehr Reisezeitverlust: 0 Minuten Durchschnittsgeschwindigkeit: 47 km/h",49.2253667323836,8.14727392971247
"A72","undefined--vi-hind.2025-05-22_19-54-00-000.f_001.de0","50.38980873690478,11.980092059583718,50.43547630093932,12.09220010002442","50.38980873690478,11.980092059583718","WARNING","A72 | Landesgrenze - Vogtland Süd"," Hof -> Plauen",NA,NA,NA,2025-05-22,"Beginn: 22.05.25 um 19:54 Uhr  Fahrzeug-Hindernis, seit 22.05.2025, 19:54 A72: Hof -> Plauen, zwischen Landesgrenze und 2.9 km vor Vogtland Süd Gefahr durch ein defektes Fahrzeug auf der Fahrbahn",50.3898087369048,11.9800920595837
"A73","undefined--vi-hind.2025-05-22_18-49-35-000.f_010.de0","50.38696529046689,10.916421671343523,50.38924387792433,10.917244142829075","50.38696529046689,10.916421671343523","WARNING","A73 | Coburg - Eisfeld-Süd"," Bamberg -> Suhl",NA,NA,NA,2025-05-22,"Beginn: 22.05.25 um 18:49 Uhr  Hindernis, seit 22.05.2025, 18:49 A73: Bamberg -> Suhl, zwischen 12.7 km hinter AS Coburg und 0.1 km vor AS Eisfeld-Süd  Gefahr durch Personen auf der Fahrbahn",50.3869652904669,10.9164216713435
"A73","undefined--vi-hind.2025-05-22_18-49-35-000.f_009.de0","50.38913350093936,10.917048100002589,50.38696364240184,10.916255652980537","50.38913350093936,10.917048100002589","WARNING","A73 | Eisfeld-Süd - Coburg"," Suhl -> Bamberg",NA,NA,NA,2025-05-22,"Beginn: 22.05.25 um 18:49 Uhr  Hindernis, seit 22.05.2025, 18:49 A73: Suhl -> Bamberg, zwischen 0.1 km hinter AS Eisfeld-Süd und 12.7 km vor AS Coburg  Gefahr durch Personen auf der Fahrbahn",50.3891335009394,10.9170481000026
"A93","undefined--vi-zus.2025-05-22_20-11-00-000.f.de0","48.71492138029518,11.811757102104897,48.71246784505694,11.79835504962069","48.71492138029518,11.811757102104897","WARNING","A93 | Deutschmeister - Aiglsbach"," Regensburg -> Holledau",0,"SLOW_TRAFFIC","60.099998474121094",2025-05-22,"Beginn: 22.05.25 um 20:11 Uhr  Zusammengesetzte Verkehrsinformation, seit 22.05.2025, 20:11 A93: Regensburg -> Holledau, zwischen 4.3 km hinter Deutschmeister und 5.4 km vor AS Aiglsbach  Langsamer Verkehr Reisezeitverlust: 0 Minuten Durchschnittsgeschwindigkeit: 60 km/h",48.7149213802952,11.8117571021049
"A94","undefined--vi-zus.2025-02-27_08-33-21-000.f_006.de0","48.25128218091382,12.792916560887534,48.2447759052642,12.834335029857865","48.25128218091382,12.792916560887534","WARNING","A94 | Neuötting-Ost - Anschluss B12-Bergham"," München -> Passau",NA,NA,NA,2025-02-27,"Beginn: 27.02.25 um 08:33 Uhr  Zusammengesetzte Verkehrsinformation, seit 27.02.2025, 08:33 A94: München -> Passau, zwischen 3.1 km hinter AS Neuötting-Ost und 0.5 km vor Anschluss B12-Bergham  A94 München Richtung Passau
zwischen Neuötting und Burghausen
rechter Fahrstreifen gesperrt, Bauarbeiten, bis 22.05.2025 22:00 Uhr",48.2512821809138,12.7929165608875
"A95","undefined--vi-avl.2025-05-22_20-16-35-000.f_002.de0","47.58933632014187,11.175943841205727,47.58933632014187,11.175943841205727","47.58933632014187,11.175943841205727","WARNING","A95 | Eschenlohe - Eschenlohe"," Garmisch-Partenkirchen -> München",NA,"STATIONARY_TRAFFIC","5",2025-05-22,"Beginn: 22.05.25 um 20:21 Uhr  Angespannte Verkehrslage, seit 22.05.2025, 20:21 A95: Garmisch-Partenkirchen -> München, 1.6 km vor AS Eschenlohe, aus Richtung Anschluss B2  Im Stillstand Durchschnittsgeschwindigkeit: 5 km/h",47.5893363201419,11.1759438412057
"A95","undefined--vi-hind.2025-05-22_20-09-30-000.f_007.de0","48.104454820228874,11.505770344764372,48.10875955978843,11.514252373015287","48.104454820228874,11.505770344764372","WARNING","A95 | München-Kreuzhof - München-Sendling-Süd"," Garmisch-Partenkirchen -> München",NA,NA,NA,2025-05-22,"Beginn: 22.05.25 um 20:09 Uhr  Hindernis, seit 22.05.2025, 20:09 A95: Garmisch-Partenkirchen -> München, zwischen 0.4 km hinter AS München-Kreuzhof und 0.2 km vor AS München-Sendling-Süd  Gefahr durch Personen auf der Fahrbahn",48.1044548202289,11.5057703447644
"A95","undefined--vi-hind.2025-05-22_20-09-30-000.f_004.de0","48.10875850094755,11.51402260001075,48.104731141278414,11.506072168570123","48.10875850094755,11.51402260001075","WARNING","A95 | München-Sendling-Süd - München-Kreuzhof"," München -> Garmisch-Partenkirchen",NA,NA,NA,2025-05-22,"Beginn: 22.05.25 um 20:09 Uhr  Hindernis, seit 22.05.2025, 20:09 A95: München -> Garmisch-Partenkirchen, zwischen 0.3 km hinter AS München-Sendling-Süd und 0.4 km vor AS München-Kreuzhof  Gefahr durch Personen auf der Fahrbahn",48.1087585009476,11.5140226000107
"A111","undefined--vi-avl.2025-05-22_19-31-30-000.f_005.de0","52.55405727297542,13.305858055619112,52.55807561609457,13.30968926971051","52.55405727297542,13.305858055619112","WARNING","A111 | Am Festplatz - Flughafen Tegel"," Charlottenburg -> Dreieck Oranienburg",1,"QUEUING_TRAFFIC","22.100000381469727",2025-05-22,"Beginn: 22.05.25 um 19:31 Uhr  Angespannte Verkehrslage, seit 22.05.2025, 19:31 A111: Charlottenburg -> Dreieck Oranienburg, zwischen 0.2 km hinter AS Am Festplatz und 0.4 km vor Flughafen Tegel  Stockender Verkehr Reisezeitverlust: 1 Minuten Durchschnittsgeschwindigkeit: 22 km/h",52.5540572729754,13.3058580556191
"A111","undefined--vi-avl.2025-05-22_19-31-30-000.f_001.de0","52.55405727297542,13.305858055619112,52.55405727297542,13.305858055619112","52.55405727297542,13.305858055619112","WARNING","A111 | Flughafen Tegel - Flughafen Tegel"," Charlottenburg -> Dreieck Oranienburg",NA,"QUEUING_TRAFFIC","16",2025-05-22,"Beginn: 22.05.25 um 20:22 Uhr  Angespannte Verkehrslage, seit 22.05.2025, 20:22 A111: Charlottenburg -> Dreieck Oranienburg, 0.9 km vor Flughafen Tegel, aus Richtung Am Festplatz  Stockender Verkehr Durchschnittsgeschwindigkeit: 16 km/h",52.5540572729754,13.3058580556191
"A113","undefined--vi-zus.2025-05-22_04-29-30-000.f.de0","52.43548310093075,13.494446300119055,52.427430081232416,13.518107437510764","52.43548310093075,13.494446300119055","WARNING","A113 | Johannisthaler Chaussee - Rudower Höhe"," Neukölln -> Schönefeld",NA,NA,NA,2025-05-22,"Beginn: 22.05.25 um 04:29 Uhr  Zusammengesetzte Verkehrsinformation, seit 22.05.2025, 04:29 A113: Neukölln -> Schönefeld, zwischen 1.3 km hinter AS Johannisthaler Chaussee und 0.9 km vor Rudower Höhe  A113 Autobahnzubringer Dresden, Neukölln Richtung Schönefeld
zwischen Stubenrauchstraße und Tunnel Rudower Höhe
linker Fahrstreifen gesperrt, Bauarbeiten, bis voraussichtlich 20.06.2025",52.4354831009308,13.4944463001191
"A115","undefined--vi-zus.2024-10-09_07-09-40-000.f_531.de0","52.40027056808641,13.185163736426698,52.44227384698058,13.202709435405149","52.40027056808641,13.185163736426698","WARNING","A115 | Am Stern - Hüttenweg"," Dreieck Nuthetal -> Dreieck Funkturm",NA,NA,NA,2024-10-09,"Beginn: 09.10.24 um 07:09 Uhr  Zusammengesetzte Verkehrsinformation, seit 09.10.2024, 07:09 A115: Dreieck Nuthetal -> Dreieck Funkturm, zwischen 2.9 km hinter Am Stern und 3.8 km vor AS Hüttenweg  A115 Autobahnzubringer Magdeburg, Dreieck Nuthetal Richtung Dreieck Funkturm, zwischen Anschlussstelle Kleinmachnow und Anschlussstelle Spanische Allee, Baustelle, bis 31.10.2026 17:00 Uhr",52.4002705680864,13.1851637364267
"A115","undefined--vi-avl.2025-05-22_20-22-00-000.f_001.de0","52.424827886048455,13.193475058196077,52.44227384698058,13.202709435405149","52.424827886048455,13.193475058196077","WARNING","A115 | Kreuz Zehlendorf - Hüttenweg"," Dreieck Nuthetal -> Dreieck Funkturm",1,"SLOW_TRAFFIC","47.79999923706055",2025-05-22,"Beginn: 22.05.25 um 20:22 Uhr  Angespannte Verkehrslage, seit 22.05.2025, 20:22 A115: Dreieck Nuthetal -> Dreieck Funkturm, zwischen 0.5 km hinter AS Kreuz Zehlendorf und 3.8 km vor AS Hüttenweg  Langsamer Verkehr Reisezeitverlust: 1 Minuten Durchschnittsgeschwindigkeit: 47 km/h",52.4248278860485,13.1934750581961
