"road","identifier","extent","point","display_type","title","subtitle","delay_minutes","abnormalTrafficType","averageSpeed","startTimestamp","description","latitude","longitude"
"A1","undefined--vi-avl.2025-05-23_21-59-00-000.f.de0","50.8437206627885,6.801115812210484,50.85269977087939,6.804601196334652","50.8437206627885,6.801115812210484","WARNING","A1 | Erfttal - Ville"," Euskirchen -> Köln",0,"SLOW_TRAFFIC","62.20000076293945",2025-05-23,"Beginn: 23.05.25 um 21:59 Uhr  Angespannte Verkehrslage, seit 23.05.2025, 21:59 A1: Euskirchen -> Köln, zwischen 3.3 km hinter AD Erfttal und 0.6 km vor Ville  Langsamer Verkehr Reisezeitverlust: 0 Minuten Durchschnittsgeschwindigkeit: 62 km/h",50.8437206627885,6.80111581221048
"A1","undefined--vi-hind.2025-05-23_21-56-30-000.f_002.de0","53.03242658670996,8.866484568703395,53.03188898267006,8.865224707998776","53.03242658670996,8.866484568703395","WARNING","A1 | Bremen-Hemelingen - Bremen-Arsten"," Bremen -> Osnabrück",NA,NA,NA,2025-05-23,"Beginn: 23.05.25 um 21:56 Uhr  Fahrzeug-Hindernis, seit 23.05.2025, 21:56 A1: Bremen -> Osnabrück, zwischen 1.5 km hinter AS Bremen-Hemelingen und 0.5 km vor AS Bremen-Arsten Gefahr durch ein defektes Fahrzeug auf der Fahrbahn",53.03242658671,8.8664845687034
"A2","undefined--vi-avl.2025-05-23_19-01-25-000.f.de0","51.5386298801034,6.843310174342619,51.538983261858974,6.873333325128906","51.5386298801034,6.843310174342619","WARNING","A2 | Oberhausen - Schwarze Heide"," Oberhausen -> Dortmund",6,"STATIONARY_TRAFFIC","15.399999618530273",2025-05-23,"Beginn: 23.05.25 um 19:01 Uhr  Angespannte Verkehrslage, seit 23.05.2025, 19:01 A2: Oberhausen -> Dortmund, zwischen 0.6 km hinter AK Oberhausen und 0.8 km vor Schwarze Heide  Im Stillstand Reisezeitverlust: 6 Minuten Durchschnittsgeschwindigkeit: 15 km/h",51.5386298801034,6.84331017434262
"A2","undefined--vi-avl.2025-05-23_19-02-22-000.f_004.de0","51.5386298801034,6.843310174342619,51.5386298801034,6.843310174342619","51.5386298801034,6.843310174342619","WARNING","A2 | Oberhausen-Königshardt - Oberhausen-Königshardt"," Oberhausen -> Dortmund",NA,"STATIONARY_TRAFFIC","6",2025-05-23,"Beginn: 23.05.25 um 22:02 Uhr  Angespannte Verkehrslage, seit 23.05.2025, 22:02 A2: Oberhausen -> Dortmund, 1.8 km vor AS Oberhausen-Königshardt, aus Richtung Oberhausen  Im Stillstand Durchschnittsgeschwindigkeit: 6 km/h",51.5386298801034,6.84331017434262
"A2","undefined--vi-hind.2025-05-23_21-52-30-000.f_001.de0","51.88246653040949,8.431693539424105,51.85780203903795,8.331148892286768","51.88246653040949,8.431693539424105","WARNING","A2 | Sürenheide - Rheda-Wiedenbrück"," Hannover -> Dortmund",NA,NA,NA,2025-05-23,"Beginn: 23.05.25 um 21:52 Uhr  Hindernis, seit 23.05.2025, 21:52 A2: Hannover -> Dortmund, zwischen 2.1 km hinter Sürenheide und 0.6 km vor AS Rheda-Wiedenbrück  Gefahr durch eine ungesicherte Unfallstelle",51.8824665304095,8.4316935394241
"A2","undefined--vi-hind.2025-05-23_21-22-00-000.f_001.de0","52.423437891596286,9.594005149458168,52.42329325065509,9.59633104715893","52.423437891596286,9.594005149458168","WARNING","A2 | Garbsen - Hannover-Herrenhausen"," Dortmund -> Hannover",NA,NA,NA,2025-05-23,"Beginn: 23.05.25 um 21:22 Uhr  Fahrzeug-Hindernis, seit 23.05.2025, 21:22 A2: Dortmund -> Hannover, zwischen 1.4 km hinter AS Garbsen und 2.3 km vor AS Hannover-Herrenhausen Gefahr durch ein defektes Fahrzeug auf der Fahrbahn",52.4234378915963,9.59400514945817
"A2","undefined--vi-hind.2025-05-23_21-31-00-000.f_001.de0","52.40146390301068,9.871914295415927,52.40035206156658,9.875604729090993","52.40146390301068,9.871914295415927","WARNING","A2 | Hannover-Buchholz - Hannover-Ost"," Hannover -> Braunschweig",NA,NA,NA,2025-05-23,"Beginn: 23.05.25 um 21:31 Uhr  Fahrzeug-Hindernis, seit 23.05.2025, 21:31 A2: Hannover -> Braunschweig, zwischen 2.1 km hinter AK Hannover-Buchholz und 1.7 km vor AK Hannover-Ost Gefahr durch ein defektes Fahrzeug auf der Fahrbahn",52.4014639030107,9.87191429541593
"A2","undefined--vi-zus.2025-05-23_18-52-34-000.f_006.de0","52.33856234405578,12.698662064256032,52.34080110092891,12.753443400050127","52.33856234405578,12.698662064256032","WARNING","A2 | Netzen - Lehnin"," Magdeburg -> Berliner Ring",NA,NA,NA,2025-05-23,"Beginn: 23.05.25 um 18:52 Uhr  Zusammengesetzte Verkehrsinformation, seit 23.05.2025, 18:52 A2: Magdeburg -> Berliner Ring, zwischen AS Netzen und 0.3 km vor AS Lehnin  A2 Magdeburg Richtung Berliner Ring zwischen Netzen und Lehnin 1 Unfall auf dem Standstreifen, fahren Sie bitte besonders vorsichtig, Polizei ist benachrichtigt",52.3385623440558,12.698662064256
"A3","undefined--vi-avl.2025-05-23_20-00-00-000.f.de0","51.182763626880856,6.946123343596556,51.200334484181845,6.936316125381191","51.182763626880856,6.946123343596556","WARNING","A3 | Ohligser Heide - Stindertal / Stinderhof"," Köln -> Oberhausen",4,"STATIONARY_TRAFFIC","21.5",2025-05-23,"Beginn: 23.05.25 um 20:00 Uhr  Angespannte Verkehrslage, seit 23.05.2025, 20:00 A3: Köln -> Oberhausen, zwischen 3.0 km hinter Ohligser Heide und 4.5 km vor Stindertal / Stinderhof  Im Stillstand Reisezeitverlust: 4 Minuten Durchschnittsgeschwindigkeit: 21 km/h",51.1827636268809,6.94612334359656
"A3","undefined--vi-avl.2025-05-23_20-14-30-000.f_002.de0","51.182763626880856,6.946123343596556,51.182763626880856,6.946123343596556","51.182763626880856,6.946123343596556","WARNING","A3 | Hilden - Hilden"," Köln -> Oberhausen",NA,"STATIONARY_TRAFFIC","21",2025-05-23,"Beginn: 23.05.25 um 22:02 Uhr  Angespannte Verkehrslage, seit 23.05.2025, 22:02 A3: Köln -> Oberhausen, 1.4 km vor AK Hilden, aus Richtung Ohligser Heide  Im Stillstand Durchschnittsgeschwindigkeit: 21 km/h",51.1827636268809,6.94612334359656
"A4","undefined--vi-avl.2025-05-23_21-57-00-000.f.de0","50.898870669449984,6.9082629606477335,50.89212772911116,6.923158297032745","50.898870669449984,6.9082629606477335","WARNING","A4 | Köln-West - Köln-Eifeltor"," Heerlen/Aachen -> Köln",0,"SLOW_TRAFFIC","53.70000076293945",2025-05-23,"Beginn: 23.05.25 um 21:57 Uhr  Angespannte Verkehrslage, seit 23.05.2025, 21:57 A4: Heerlen/Aachen -> Köln, zwischen 5.4 km hinter AK Köln-West und 0.2 km vor AS Köln-Eifeltor  Langsamer Verkehr Reisezeitverlust: 0 Minuten Durchschnittsgeschwindigkeit: 53 km/h",50.89887066945,6.90826296064773
"A4","undefined--vi-hind.2025-05-23_21-48-00-000.f.de0","50.998165379408896,10.413722473188667,50.997435237730706,10.416388173094607","50.998165379408896,10.413722473188667","WARNING","A4 | Eisenach-Ost - Hainich"," Bad Hersfeld -> Erfurt",NA,NA,NA,2025-05-23,"Beginn: 23.05.25 um 21:48 Uhr  Fahrzeug-Hindernis, seit 23.05.2025, 21:48 A4: Bad Hersfeld -> Erfurt, zwischen 0.5 km hinter AS Eisenach-Ost und 1.9 km vor Hainich Gefahr durch ein defektes Fahrzeug auf der Fahrbahn",50.9981653794089,10.4137224731887
"A5","undefined--vi-hind.2025-05-23_21-53-30-000.f_001.de0","49.005958204448596,8.455299831807139,49.011941133998214,8.462540220199177","49.005958204448596,8.455299831807139","WARNING","A5 | Karlsruhe-Durlach - Karlsruhe-Nord"," Karlsruhe -> Heidelberg",NA,NA,NA,2025-05-23,"Beginn: 23.05.25 um 21:53 Uhr  Hindernis, seit 23.05.2025, 21:53 A5: Karlsruhe -> Heidelberg, zwischen 0.5 km hinter AS Karlsruhe-Durlach und 0.5 km vor AS Karlsruhe-Nord  Gefahr durch Gegenstände auf der Fahrbahn",49.0059582044486,8.45529983180714
"A5","undefined--vi-zus.2025-05-23_20-18-05-000.f.de0","50.779556596316326,9.40289275128609,50.789023348616745,9.442990174700048","50.779556596316326,9.40289275128609","WARNING","A5 | Berfa - Frohnkreuz"," Frankfurt -> Kassel",1,"SLOW_TRAFFIC","57.099998474121094",2025-05-23,"Beginn: 23.05.25 um 20:18 Uhr  Zusammengesetzte Verkehrsinformation, seit 23.05.2025, 20:18 A5: Frankfurt -> Kassel, zwischen 3.8 km hinter Berfa und 0.2 km vor Frohnkreuz  Langsamer Verkehr Reisezeitverlust: 1 Minuten Durchschnittsgeschwindigkeit: 57 km/h",50.7795565963163,9.40289275128609
"A5","undefined--vi-avl.2025-05-23_21-59-30-000.f.de0","47.59705340958059,7.603327679473785,47.59558040094862,7.603796099999223","47.59705340958059,7.603327679473785","WARNING","Baustelle"," km 812.83 --> km 813.00",0,"SLOW_TRAFFIC","11.199999809265137",2025-05-23,"Beginn: 23.05.25 um 21:59 Uhr  Angespannte Verkehrslage, seit 23.05.2025, 21:59 A5: km 812.83 --> km 813.00  Langsamer Verkehr Reisezeitverlust: 0 Minuten Durchschnittsgeschwindigkeit: 11 km/h",47.5970534095806,7.60332767947378
"A6","undefined--vi-zus.2025-05-23_19-03-20-000.f_001.de0","49.177260398704185,9.939382588450655,49.17828345976738,10.030948718508837","49.177260398704185,9.939382588450655","WARNING","A6 | Ilshofen/Wolpertshausen - Crailsheim"," Heilbronn -> Nürnberg",5,"SLOW_TRAFFIC","46.70000076293945",2025-05-23,"Beginn: 23.05.25 um 19:03 Uhr  Zusammengesetzte Verkehrsinformation, seit 23.05.2025, 19:03 A6: Heilbronn -> Nürnberg, zwischen 5.5 km hinter AS Ilshofen/Wolpertshausen und 3.2 km vor AS Crailsheim  Langsamer Verkehr Reisezeitverlust: 5 Minuten Durchschnittsgeschwindigkeit: 46 km/h",49.1772603987042,9.93938258845066
"A6","undefined--vi-avl.2025-05-23_21-49-00-000.f_001.de0","49.44883060064394,12.105067857264258,49.46600052660322,12.135252028152522","49.44883060064394,12.105067857264258","WARNING","A6 | Stocker Holz - Nabburg-West"," Nürnberg -> Pilsen",1,"SLOW_TRAFFIC","60.20000076293945",2025-05-23,"Beginn: 23.05.25 um 21:49 Uhr  Angespannte Verkehrslage, seit 23.05.2025, 21:49 A6: Nürnberg -> Pilsen, zwischen 1.5 km hinter Stocker Holz und 0.3 km vor AS Nabburg-West  Langsamer Verkehr Reisezeitverlust: 1 Minuten Durchschnittsgeschwindigkeit: 60 km/h",49.4488306006439,12.1050678572643
"A7","undefined--vi-zus.2025-05-23_21-12-00-000.f.de0","47.57144969209724,10.660382444103417,47.577037246669576,10.66215100562998","47.57144969209724,10.660382444103417","WARNING","A7 | Grenztunnel Füssen - Reinertshofertunnel"," Füssen/Reutte -> Ulm",1,"QUEUING_TRAFFIC","20.700000762939453",2025-05-23,"Beginn: 23.05.25 um 21:12 Uhr  Zusammengesetzte Verkehrsinformation, seit 23.05.2025, 21:12 A7: Füssen/Reutte -> Ulm, zwischen 1.4 km hinter Grenztunnel Füssen und 2.7 km vor Reinertshofertunnel  Stockender Verkehr Reisezeitverlust: 1 Minuten Durchschnittsgeschwindigkeit: 20 km/h",47.5714496920972,10.6603824441034
"A7","undefined--vi-avl.2025-05-23_21-53-30-000.f_001.de0","47.57145842080008,10.660385661305725,47.57145842080008,10.660385661305725","47.57145842080008,10.660385661305725","WARNING","A7 | Füssen - Füssen"," Füssen/Reutte -> Ulm",NA,"QUEUING_TRAFFIC","6",2025-05-23,"Beginn: 23.05.25 um 21:58 Uhr  Angespannte Verkehrslage, seit 23.05.2025, 21:58 A7: Füssen/Reutte -> Ulm, 0.3 km vor AS Füssen, aus Richtung Grenztunnel Füssen  Stockender Verkehr Durchschnittsgeschwindigkeit: 6 km/h",47.5714584208001,10.6603856613057
"A7","undefined--vi-avl.2025-05-23_21-44-30-000.f_002.de0","48.86804579897248,10.176013431943488,48.889127211079334,10.167236459526585","48.86804579897248,10.176013431943488","WARNING","A7 | Aalen/Oberkochen - Ellwangen"," Ulm -> Würzburg",0,"SLOW_TRAFFIC","68.5",2025-05-23,"Beginn: 23.05.25 um 21:44 Uhr  Angespannte Verkehrslage, seit 23.05.2025, 21:44 A7: Ulm -> Würzburg, zwischen 8.2 km hinter AS Aalen/Oberkochen und 8.0 km vor AS Ellwangen  Langsamer Verkehr Reisezeitverlust: 0 Minuten Durchschnittsgeschwindigkeit: 68 km/h",48.8680457989725,10.1760134319435
"A7","undefined--vi-avl.2025-05-23_19-32-00-000.f.de0","51.41928803264647,9.840570233598264,51.41928803264647,9.840570233598264","51.41928803264647,9.840570233598264","WARNING","A7 | Hackelberg - Hackelberg"," Hannover -> Kassel",NA,"STATIONARY_TRAFFIC","17",2025-05-23,"Beginn: 23.05.25 um 22:02 Uhr  Angespannte Verkehrslage, seit 23.05.2025, 22:02 A7: Hannover -> Kassel, 5.0 km vor Hackelberg, aus Richtung Drammetal  Im Stillstand Durchschnittsgeschwindigkeit: 17 km/h",51.4192880326465,9.84057023359826
"A7","undefined--vi-avl.2025-05-23_19-21-37-000.f_002.de0","51.41928803264647,9.840570233598264,51.404406201692545,9.808980998569226","51.41928803264647,9.840570233598264","WARNING","A7 | Drammetal - Hackelberg"," Hannover -> Kassel",8,"STATIONARY_TRAFFIC","17.100000381469727",2025-05-23,"Beginn: 23.05.25 um 19:21 Uhr  Angespannte Verkehrslage, seit 23.05.2025, 19:21 A7: Hannover -> Kassel, zwischen 4.2 km hinter AD Drammetal und 2.2 km vor Hackelberg  Im Stillstand Reisezeitverlust: 8 Minuten Durchschnittsgeschwindigkeit: 17 km/h",51.4192880326465,9.84057023359826
"A7","undefined--vi-zus.2025-03-31_00-40-00-000.f_018.de0","53.579141433849884,9.913430072127355,53.55636870091902,9.897540700000414","53.579141433849884,9.913430072127355","WARNING","A7 | Hamburg-Volkspark - Elbtunnel (Nordportal)"," Flensburg -> Hamburg",NA,NA,NA,2025-03-31,"Beginn: 31.03.25 um 00:40 Uhr  Zusammengesetzte Verkehrsinformation, seit 31.03.2025, 00:40 A7: Flensburg -> Hamburg, zwischen 0.4 km hinter AS Hamburg-Volkspark und 0.9 km vor Elbtunnel (Nordportal)  A7 Flensburg Richtung Hamburg Ausfahrt Hamburg-Othmarschen Fahrbahnverengung, maximale Fahrbahnbreite von 4,50 m, Bauarbeiten, bis 29.09.2025",53.5791414338499,9.91343007212735
"A7","undefined--vi-hind.2025-05-23_21-35-00-000.f_003.de0","53.74400119992577,9.947971603145552,53.8009933225245,9.930510356786112","53.74400119992577,9.947971603145552","WARNING","A7 | Holmmoor - Henstedt-Ulzburg"," Hamburg -> Flensburg",NA,NA,NA,2025-05-23,"Beginn: 23.05.25 um 21:35 Uhr  Fahrzeug-Hindernis, seit 23.05.2025, 21:35 A7: Hamburg -> Flensburg, zwischen 3.0 km hinter Holmmoor und 0.3 km vor AS Henstedt-Ulzburg Gefahr durch ein defektes Fahrzeug auf der Fahrbahn",53.7440011999258,9.94797160314555
"A7","undefined--vi-hind.2025-05-23_21-35-00-000.f_002.de0","53.74400119992577,9.947971603145552,53.8009933225245,9.930510356786112","53.74400119992577,9.947971603145552","WARNING","A7 | Holmmoor - Henstedt-Ulzburg"," Hamburg -> Flensburg",NA,NA,NA,2025-05-23,"Beginn: 23.05.25 um 21:35 Uhr  Fahrzeug-Hindernis, seit 23.05.2025, 21:35 A7: Hamburg -> Flensburg, zwischen 3.0 km hinter Holmmoor und 0.3 km vor AS Henstedt-Ulzburg Gefahr durch ein defektes Fahrzeug auf der Fahrbahn",53.7440011999258,9.94797160314555
"A7","undefined--vi-zus.2025-05-23_21-56-30-000.f.de0","53.74400119992577,9.947971603145552,53.8009933225245,9.930510356786112","53.74400119992577,9.947971603145552","WARNING","A7 | Holmmoor - Henstedt-Ulzburg"," Hamburg -> Flensburg",NA,NA,NA,2025-05-23,"Beginn: 23.05.25 um 21:56 Uhr  Zusammengesetzte Verkehrsinformation, seit 23.05.2025, 21:56 A7: Hamburg -> Flensburg, zwischen 3.0 km hinter Holmmoor und 0.3 km vor AS Henstedt-Ulzburg  Gefahr durch eine ungesicherte Unfallstelle  A7 Hamburg Richtung Flensburg
zwischen Quickborn und Henstedt-Ulzburg
Gefahr durch ungesicherte Unfallstelle, blockiert",53.7440011999258,9.94797160314555
"A7","undefined--vi-avl.2025-05-23_21-58-30-000.f_002.de0","54.765372612922505,9.353937095427046,54.765372612922505,9.353937095427046","54.765372612922505,9.353937095427046","WARNING","A7 | Handewitter Forst - Handewitter Forst"," Flensburg -> Hamburg",NA,"STATIONARY_TRAFFIC","4",2025-05-23,"Beginn: 23.05.25 um 22:02 Uhr  Angespannte Verkehrslage, seit 23.05.2025, 22:02 A7: Flensburg -> Hamburg, 0.8 km vor Handewitter Forst, aus Richtung Flensburg/Harrislee  Im Stillstand Durchschnittsgeschwindigkeit: 4 km/h",54.7653726129225,9.35393709542705
"A7","undefined--vi-avl.2025-05-23_21-58-30-000.f_003.de0","54.765372612922505,9.353937095427046,54.76270245017178,9.357835465736892","54.765372612922505,9.353937095427046","WARNING","A7 | Flensburg/Harrislee - Handewitter Forst"," Flensburg -> Hamburg",3,"STATIONARY_TRAFFIC","7",2025-05-23,"Beginn: 23.05.25 um 21:58 Uhr  Angespannte Verkehrslage, seit 23.05.2025, 21:58 A7: Flensburg -> Hamburg, zwischen 1.0 km hinter AS Flensburg/Harrislee und 0.5 km vor Handewitter Forst  Im Stillstand Reisezeitverlust: 3 Minuten Durchschnittsgeschwindigkeit: 7 km/h",54.7653726129225,9.35393709542705
"A7","undefined--vi-avl.2025-05-23_20-00-30-000.f_003.de0","54.804956120681226,9.328584387866814,54.804956120681226,9.328584387866814","54.804956120681226,9.328584387866814","WARNING","A7 | Ellund - Ellund"," Flensburg -> Hamburg",NA,"STATIONARY_TRAFFIC","7",2025-05-23,"Beginn: 23.05.25 um 22:02 Uhr  Angespannte Verkehrslage, seit 23.05.2025, 22:02 A7: Flensburg -> Hamburg, 0.1 km vor Ellund, aus Richtung Ellund  Im Stillstand Durchschnittsgeschwindigkeit: 7 km/h",54.8049561206812,9.32858438786681
"A7","undefined--vi-avl.2025-05-23_19-55-04-000.f.de0","54.8049820054157,9.328571338481932,54.80066594276168,9.33076576341325","54.8049820054157,9.328571338481932","WARNING","A7 | Ellund - Flensburg/Harrislee"," Flensburg -> Hamburg",1,"STATIONARY_TRAFFIC","12.800000190734863",2025-05-23,"Beginn: 23.05.25 um 19:55 Uhr  Angespannte Verkehrslage, seit 23.05.2025, 19:55 A7: Flensburg -> Hamburg, zwischen 0.1 km hinter Ellund und 3.3 km vor AS Flensburg/Harrislee  Im Stillstand Reisezeitverlust: 1 Minuten Durchschnittsgeschwindigkeit: 12 km/h",54.8049820054157,9.32857133848193
"A8","undefined--vi-avl.2025-05-23_22-02-30-000.f_002.de0","49.387103500943624,6.67384479999335,49.387103500943624,6.67384479999335","49.387103500943624,6.67384479999335","WARNING","A8 | Niedmündung - Niedmündung"," Saarlouis -> Luxemburg",NA,"STATIONARY_TRAFFIC","23",2025-05-23,"Beginn: 23.05.25 um 22:02 Uhr  Angespannte Verkehrslage, seit 23.05.2025, 22:02 A8: Saarlouis -> Luxemburg, 0.2 km vor Niedmündung, aus Richtung Rehlingen  Im Stillstand Durchschnittsgeschwindigkeit: 23 km/h",49.3871035009436,6.67384479999335
"A8","undefined--vi-avl.2025-05-23_22-02-30-000.f_001.de0","49.387103500943624,6.67384479999335,49.38911561293728,6.669812018546999","49.387103500943624,6.67384479999335","WARNING","A8 | Rehlingen - Merzig"," Saarlouis -> Luxemburg",0,"STATIONARY_TRAFFIC","24.5",2025-05-23,"Beginn: 23.05.25 um 22:02 Uhr  Angespannte Verkehrslage, seit 23.05.2025, 22:02 A8: Saarlouis -> Luxemburg, zwischen 3.5 km hinter AS Rehlingen und 6.9 km vor AS Merzig  Im Stillstand Reisezeitverlust: 0 Minuten Durchschnittsgeschwindigkeit: 24 km/h",49.3871035009436,6.67384479999335
"A8","undefined--vi-zus.2025-05-23_21-59-00-000.f.de0","49.33793555543541,7.057861672118389,49.331505100943815,7.070995399997189","49.33793555543541,7.057861672118389","WARNING","A8 | Merchweiler - Friedrichsthal-Bildstock"," Saarlouis -> Neunkirchen",0,"SLOW_TRAFFIC","67.9000015258789",2025-05-23,"Beginn: 23.05.25 um 21:59 Uhr  Zusammengesetzte Verkehrsinformation, seit 23.05.2025, 21:59 A8: Saarlouis -> Neunkirchen, zwischen 0.6 km hinter AS Merchweiler und 0.3 km vor AS Friedrichsthal-Bildstock  Langsamer Verkehr Reisezeitverlust: 0 Minuten Durchschnittsgeschwindigkeit: 67 km/h",49.3379355554354,7.05786167211839
"A8","undefined--vi-zus.2025-05-14_09-26-56-000.f.de0","49.32628400979037,7.229641516813452,49.329166750017514,7.1882642393148934","49.32628400979037,7.229641516813452","WARNING","A8 | Neunkirchen-Wellesweiler - Neunkirchen/Spiesen"," Neunkirchen -> Saarlouis",NA,NA,NA,2025-05-14,"Beginn: 14.05.25 um 09:26 Uhr  Zusammengesetzte Verkehrsinformation, seit 14.05.2025, 09:26 A8: Neunkirchen -> Saarlouis, zwischen 0.4 km hinter AS Neunkirchen-Wellesweiler und 2.7 km vor AS Neunkirchen/Spiesen  A8 Saarlouis - Neunkirchen zwischen Neunkirchen-Spiesen und Neunkirchen-Oberstadt in beiden Richtungen Bauarbeiten, bis voraussichtlich 01.06.2025",49.3262840097904,7.22964151681345
"A8","undefined--vi-hind.2025-05-23_20-50-00-000.f_013.de0","48.308149200947035,11.206672600005593,48.27975730094711,11.271940900006438","48.308149200947035,11.206672600005593","WARNING","A8 | Adelzhauser Berg - Fuchsberg"," Stuttgart -> München",NA,NA,NA,2025-05-23,"Beginn: 23.05.25 um 20:50 Uhr  Fahrzeug-Hindernis, seit 23.05.2025, 20:50 A8: Stuttgart -> München, zwischen 5.7 km hinter Adelzhauser Berg und 3.3 km vor Fuchsberg Gefahr durch ein defektes Fahrzeug auf der Fahrbahn",48.308149200947,11.2066726000056
"A8","undefined--vi-avl.2025-05-23_21-27-30-000.f.de0","48.25552011612748,11.304601331272405,48.25552011612748,11.304601331272405","48.25552011612748,11.304601331272405","WARNING","A8 | Fuchsberg - Fuchsberg"," München -> Stuttgart",NA,"STATIONARY_TRAFFIC","23",2025-05-23,"Beginn: 23.05.25 um 22:02 Uhr  Angespannte Verkehrslage, seit 23.05.2025, 22:02 A8: München -> Stuttgart, 0.4 km vor Fuchsberg, aus Richtung Dachau/Fürstenfeldbruck  Im Stillstand Durchschnittsgeschwindigkeit: 23 km/h",48.2555201161275,11.3046013312724
"A8","undefined--vi-zus.2025-05-23_21-09-32-000.f.de0","48.25556031503278,11.304528780101283,48.26603626677083,11.292327581921024","48.25556031503278,11.304528780101283","WARNING","A8 | Dachau/Fürstenfeldbruck - Sulzemoos"," München -> Stuttgart",3,"STATIONARY_TRAFFIC","23",2025-05-23,"Beginn: 23.05.25 um 21:09 Uhr  Zusammengesetzte Verkehrsinformation, seit 23.05.2025, 21:09 A8: München -> Stuttgart, zwischen 4.1 km hinter AS Dachau/Fürstenfeldbruck und 2.3 km vor AS Sulzemoos  Im Stillstand Reisezeitverlust: 3 Minuten Durchschnittsgeschwindigkeit: 23 km/h",48.2555603150328,11.3045287801013
"A8","undefined--vi-zus.2025-05-23_20-39-30-000.f.de0","47.803193142287995,12.273558347912116,47.804090800948394,12.292731900044066","47.803193142287995,12.273558347912116","WARNING","A8 | Achenmühle - Prien"," München -> Salzburg",12,"STATIONARY_TRAFFIC","6.400000095367432",2025-05-23,"Beginn: 23.05.25 um 20:39 Uhr  Zusammengesetzte Verkehrsinformation, seit 23.05.2025, 20:39 A8: München -> Salzburg, zwischen 3.7 km hinter Achenmühle und 0.6 km vor Prien  Im Stillstand Reisezeitverlust: 12 Minuten Durchschnittsgeschwindigkeit: 6 km/h",47.803193142288,12.2735583479121
"A8","undefined--vi-avl.2025-05-23_20-43-32-000.f.de0","47.80312530648663,12.273340257980268,47.80312530648663,12.273340257980268","47.80312530648663,12.273340257980268","WARNING","A8 | Frasdorf - Frasdorf"," München -> Salzburg",NA,"STATIONARY_TRAFFIC","5",2025-05-23,"Beginn: 23.05.25 um 22:02 Uhr  Angespannte Verkehrslage, seit 23.05.2025, 22:02 A8: München -> Salzburg, 0.5 km vor Frasdorf, aus Richtung Achenmühle  Im Stillstand Durchschnittsgeschwindigkeit: 5 km/h",47.8031253064866,12.2733402579803
"A9","undefined--vi-avl.2025-05-23_21-59-00-000.f_002.de0","49.37428449916052,11.200692097780356,49.35285291189406,11.203423494983221","49.37428449916052,11.200692097780356","WARNING","A9 | Nürnberg-Ost - Nürnberg/Feucht"," Halle/Leipzig -> München",1,"SLOW_TRAFFIC","48.599998474121094",2025-05-23,"Beginn: 23.05.25 um 21:59 Uhr  Angespannte Verkehrslage, seit 23.05.2025, 21:59 A9: Halle/Leipzig -> München, zwischen 2.4 km hinter AK Nürnberg-Ost und 0.4 km vor AD Nürnberg/Feucht  Langsamer Verkehr Reisezeitverlust: 1 Minuten Durchschnittsgeschwindigkeit: 48 km/h",49.3742844991605,11.2006920977804
"A12","WarnungA10Lkw3","47.61802931631098,12.202336027754352,47.61802931631098,12.202336027754352","47.61802931631098,12.202336027754352","WARNING","E45/E60 | LKW Blockabfertigung | A12-Inntal Autobahn","Richtung Italien",NA,NA,NA,2025-01-11,"Zeitraum: Beginn: 07.01.2025 Ende: 09.12.2025  Hinweis für LKW-Reisende nach Österreich: LKW-Blockabfertigungen an ausgewählten Tagen für Lkw am Grenzübergang Kufstein/Kiefersfelden. Maximaler Durchlass von 300 LKWs pro Stunde  Die genauen Ausführungszeiten und weitere Informationen auf tirol.gv.at/verkehr/verkehrs-und-seilbahnrecht/lkw-dosierung.",47.618029316311,12.2023360277544
"A12","WarnungA10Lkw2","47.6164490154047,12.202382557672273,47.6164490154047,12.202382557672273","47.6164490154047,12.202382557672273","WARNING","E43/E45/E60 | A13-Brenner Autobahn","Richtung Italien",NA,NA,NA,2025-01-11,"Zeitraum: Beginn: 11.01.2025 Ende: 27.09.2025  Hinweis für LKW-Reisende nach Österreich: LKW-Fahrverbot auf der A12-Inntal Autobahn, A13-Brenner Autobahn und A14-Rheintal/Walgau Autobahn, wenn das Ziel der Fahrt der Anschlussstelle Nößlach bis Anschlussstelle Brenner Nord der Richtungsfahrbahn Staatsgrenze der A 13 Brenner Autobahn erreicht werden soll. An ausgewählten Samstagen 7-15 Uhr sowie weiteren Tagen im Zeitraum 11.01. - 27.09.2025 Weitere Informationen auf http://asfinag.at/a13",47.6164490154047,12.2023825576723
"A13","undefined--vi-hind.2025-05-23_12-51-02-000.f_022.de0","51.89963080093657,13.81291380018386,51.85302630093776,13.90793880020439","51.89963080093657,13.81291380018386","WARNING","A13 | Berstetal - Lübbenau"," Schönefelder Kreuz -> Dresden",NA,NA,NA,2025-05-23,"Beginn: 23.05.25 um 12:51 Uhr  Hindernis, seit 23.05.2025, 12:51 A13: Schönefelder Kreuz -> Dresden, zwischen 1.8 km hinter Berstetal und 0.5 km vor AS Lübbenau  Gefahr durch Gegenstände auf der Fahrbahn",51.8996308009366,13.8129138001839
"A14","undefined--vi-hind.2025-05-23_21-05-00-000.f_002.de0","53.58996130091879,11.505900200006554,53.4297425847661,11.516651162135194","53.58996130091879,11.505900200006554","WARNING","A14 | Schwerin-Ost - Schwerin"," Wismar -> Schwerin",NA,NA,NA,2025-05-23,"Beginn: 23.05.25 um 21:05 Uhr  Hindernis, seit 23.05.2025, 21:05 A14: Wismar -> Schwerin, zwischen 0.3 km hinter AS Schwerin-Ost und 0.8 km vor AK Schwerin  Gefahr durch eine ungesicherte Unfallstelle",53.5899613009188,11.5059002000066
"A14","undefined--vi-hind.2025-05-23_17-13-21-000.f_010.de0","52.00644964803081,11.65804105114419,52.05217580093004,11.618093300009233","52.00644964803081,11.65804105114419","WARNING","A14 | Schönebeck - Magdeburg-Reform"," Halle -> Magdeburg",NA,NA,NA,2025-05-23,"Beginn: 23.05.25 um 17:13 Uhr  Hindernis, seit 23.05.2025, 17:13 A14: Halle -> Magdeburg, zwischen 0.4 km hinter AS Schönebeck und 0.3 km vor AS Magdeburg-Reform  Gefahr durch Gegenstände auf der Fahrbahn",52.0064496480308,11.6580410511442
"A15","undefined--vi-avl.2025-05-23_21-34-30-000.f.de0","51.708102064575144,14.40715242245038,51.708048454237684,14.437492311535769","51.708102064575144,14.40715242245038","WARNING","A15 | Cottbus-Süd - Roggosen"," Cottbus -> Breslau",0,"SLOW_TRAFFIC","76.5999984741211",2025-05-23,"Beginn: 23.05.25 um 21:34 Uhr  Angespannte Verkehrslage, seit 23.05.2025, 21:34 A15: Cottbus -> Breslau, zwischen 4.2 km hinter AS Cottbus-Süd und 2.0 km vor AS Roggosen  Langsamer Verkehr Reisezeitverlust: 0 Minuten Durchschnittsgeschwindigkeit: 76 km/h",51.7081020645751,14.4071524224504
"A17","undefined--vi-avl.2025-05-23_22-00-30-000.f_003.de0","50.82026170094333,13.887384300240237,50.82026170094333,13.887384300240237","50.82026170094333,13.887384300240237","WARNING","A17 | Am Heidenholz - Am Heidenholz"," Prag -> Dresden",NA,"STATIONARY_TRAFFIC","19",2025-05-23,"Beginn: 23.05.25 um 22:02 Uhr  Angespannte Verkehrslage, seit 23.05.2025, 22:02 A17: Prag -> Dresden, 0.2 km vor Am Heidenholz, aus Richtung Breitenau-Schönwald  Im Stillstand Durchschnittsgeschwindigkeit: 19 km/h",50.8202617009433,13.8873843002402
"A17","undefined--vi-zus.2025-05-23_22-00-30-000.f.de0","50.82026170094333,13.887384300240237,50.825784654914514,13.887788152709305","50.82026170094333,13.887384300240237","WARNING","A17 | Breitenau-Schönwald - Bad Gottleuba"," Prag -> Dresden",1,"STATIONARY_TRAFFIC","24.700000762939453",2025-05-23,"Beginn: 23.05.25 um 22:00 Uhr  Zusammengesetzte Verkehrsinformation, seit 23.05.2025, 22:00 A17: Prag -> Dresden, zwischen 4.5 km hinter Breitenau-Schönwald und 0.6 km vor AS Bad Gottleuba  Im Stillstand Reisezeitverlust: 1 Minuten Durchschnittsgeschwindigkeit: 24 km/h",50.8202617009433,13.8873843002402
"A19","undefined--vi-avl.2025-05-23_20-55-30-000.f_002.de0","53.45475133591888,12.387177964623255,53.45475133591888,12.387177964623255","53.45475133591888,12.387177964623255","WARNING","A19 | Leizen - Leizen"," Rostock -> Dreieck Wittstock/Dosse",NA,"STATIONARY_TRAFFIC","13",2025-05-23,"Beginn: 23.05.25 um 22:00 Uhr  Angespannte Verkehrslage, seit 23.05.2025, 22:00 A19: Rostock -> Dreieck Wittstock/Dosse, 9.4 km vor Leizen, aus Richtung Waren  Im Stillstand Durchschnittsgeschwindigkeit: 13 km/h",53.4547513359189,12.3871779646233
"A19","undefined--vi-zus.2025-05-23_20-55-30-000.f.de0","53.45475133591888,12.387177964623255,53.45063729719607,12.391405846531521","53.45475133591888,12.387177964623255","WARNING","A19 | Waren - Leizen"," Rostock -> Dreieck Wittstock/Dosse",1,"STATIONARY_TRAFFIC","17.100000381469727",2025-05-23,"Beginn: 23.05.25 um 20:55 Uhr  Zusammengesetzte Verkehrsinformation, seit 23.05.2025, 20:55 A19: Rostock -> Dreieck Wittstock/Dosse, zwischen 0.2 km hinter AS Waren und 8.9 km vor Leizen  Im Stillstand Reisezeitverlust: 1 Minuten Durchschnittsgeschwindigkeit: 17 km/h",53.4547513359189,12.3871779646233
"A19","undefined--vi-hind.2025-05-23_21-02-30-000.f_001.de0","53.46082037904534,12.382971182462365,53.44683188218695,12.396580317788008","53.46082037904534,12.382971182462365","WARNING","A19 | Malchow - Leizen"," Rostock -> Dreieck Wittstock/Dosse",NA,NA,NA,2025-05-23,"Beginn: 23.05.25 um 21:02 Uhr  Hindernis, seit 23.05.2025, 21:02 A19: Rostock -> Dreieck Wittstock/Dosse, zwischen 3.9 km hinter AS Malchow und 8.3 km vor Leizen",53.4608203790453,12.3829711824624
"A23","undefined--vi-avl.2025-05-23_21-57-30-000.f.de0","53.65737216078637,9.820726617230656,53.641359609158584,9.8357754629769","53.65737216078637,9.820726617230656","WARNING","A23 | Pinneberg-Nord - Halstenbek/Rellingen"," Heide -> Hamburg",0,"SLOW_TRAFFIC","60.70000076293945",2025-05-23,"Beginn: 23.05.25 um 21:57 Uhr  Angespannte Verkehrslage, seit 23.05.2025, 21:57 A23: Heide -> Hamburg, zwischen 2.9 km hinter AS Pinneberg-Nord und 0.2 km vor AS Halstenbek/Rellingen  Langsamer Verkehr Reisezeitverlust: 0 Minuten Durchschnittsgeschwindigkeit: 60 km/h",53.6573721607864,9.82072661723066
"A24","undefined--vi-hind.2025-05-23_22-02-00-000.f.de0","53.4927515994478,11.150391719537582,53.4927515994478,11.150391719537582","53.4927515994478,11.150391719537582","WARNING","A24 | Wittenburger Land - Hagenow"," Hamburg -> Schwerin",NA,NA,NA,2025-05-23,"Beginn: 23.05.25 um 22:02 Uhr  Fahrzeug-Hindernis, seit 23.05.2025, 22:02 A24: Hamburg -> Schwerin, zwischen 1.6 km hinter Wittenburger Land und 8.0 km vor AS Hagenow Gefahr durch ein defektes Fahrzeug auf der Fahrbahn",53.4927515994478,11.1503917195376
"A28","undefined--vi-hind.2025-05-23_21-46-00-000.f.de0","53.27950250822561,7.9040943410053535,53.2779577116288,7.908154112290834","53.27950250822561,7.9040943410053535","WARNING","A28 | Westerstede-West - Westerstede"," Leer -> Oldenburg",NA,NA,NA,2025-05-23,"Beginn: 23.05.25 um 21:46 Uhr  Fahrzeug-Hindernis, seit 23.05.2025, 21:46 A28: Leer -> Oldenburg, zwischen 0.2 km hinter AS Westerstede-West und 2.8 km vor AS Westerstede Gefahr durch ein defektes Fahrzeug auf der Fahrbahn",53.2795025082256,7.90409434100535
"A31","undefined--vi-avl.2025-05-23_17-43-30-000.f_010.de0","52.25884102544591,7.173268418035341,52.246752971037886,7.163099312945632","52.25884102544591,7.173268418035341","WARNING","A31 | Gut Friedrichstal - Wester Mark"," Lingen (Ems) -> Gronau",0,"SLOW_TRAFFIC","61.20000076293945",2025-05-23,"Beginn: 23.05.25 um 17:49 Uhr  Angespannte Verkehrslage, seit 23.05.2025, 17:49 A31: Lingen (Ems) -> Gronau, zwischen 3.0 km hinter Gut Friedrichstal und 3.0 km vor Wester Mark  Langsamer Verkehr Reisezeitverlust: 0 Minuten Durchschnittsgeschwindigkeit: 61 km/h",52.2588410254459,7.17326841803534
"A37","undefined--vi-zus.2025-05-20_10-04-05-000.f_002.de0","52.442156462690335,9.933442989087833,52.436581812162494,9.913211841333315","52.442156462690335,9.933442989087833","WARNING","A37 | Beinhorn - Hannover-Kirchhorst"," Celle -> Hannover",NA,NA,NA,2025-05-20,"Beginn: 20.05.25 um 10:04 Uhr  Zusammengesetzte Verkehrsinformation, seit 20.05.2025, 10:04 B3: Celle -> Hannover, zwischen 0.4 km hinter AS Beinhorn und 2.1 km vor AK Hannover-Kirchhorst  A37 Messe - Burgdorf
zwischen Kreuz Hannover-Buchholz und Beinhorn
in beiden Richtungen geänderte Verkehrsführung im Baustellenbereich, Bauarbeiten, bis 30.10.2026 ca. 18:00 Uhr",52.4421564626903,9.93344298908783
"A37","undefined--vi-zus.2025-05-20_10-04-05-000.f_003.de0","52.42566547847685,9.880479425875153,52.44102213295518,9.93161290421946","52.42566547847685,9.880479425875153","WARNING","Baustelle"," km 22.62 --> km 26.54",NA,NA,NA,2025-05-20,"Beginn: 20.05.25 um 10:04 Uhr  Zusammengesetzte Verkehrsinformation, seit 20.05.2025, 10:04 A37: km 22.62 --> km 26.54  A37 Messe - Burgdorf
zwischen Kreuz Hannover-Buchholz und Beinhorn
in beiden Richtungen geänderte Verkehrsführung im Baustellenbereich, Bauarbeiten, bis 30.10.2026 ca. 18:00 Uhr",52.4256654784769,9.88047942587515
"A38","undefined--vi-hind.2025-05-23_19-57-30-000.f_014.de0","51.40984951019261,9.907833015130057,51.3996772486831,9.982558625738454","51.40984951019261,9.907833015130057","WARNING","A38 | Gieseberg - Heidkopftunnel"," Göttingen -> Halle",NA,NA,NA,2025-05-23,"Beginn: 23.05.25 um 19:57 Uhr  Hindernis, seit 23.05.2025, 19:57 A38: Göttingen -> Halle, zwischen 1.5 km hinter Gieseberg und 0.5 km vor Heidkopftunnel  Gefahr durch Gegenstände auf der Fahrbahn",51.4098495101926,9.90783301513006
"A43","undefined--vi-avl.2025-05-23_21-56-00-000.f.de0","51.90238505962746,7.388806433189563,51.89408020275073,7.376541826836408","51.90238505962746,7.388806433189563","WARNING","A43 | Nottuln - Karthaus"," Münster -> Recklinghausen",0,"SLOW_TRAFFIC","61.400001525878906",2025-05-23,"Beginn: 23.05.25 um 21:56 Uhr  Angespannte Verkehrslage, seit 23.05.2025, 21:56 A43: Münster -> Recklinghausen, zwischen 1.3 km hinter AS Nottuln und 2.5 km vor Karthaus  Langsamer Verkehr Reisezeitverlust: 0 Minuten Durchschnittsgeschwindigkeit: 61 km/h",51.9023850596275,7.38880643318956
"A44","undefined--vi-avl.2025-05-23_18-43-20-000.f_001.de0","51.55259025223094,8.158217432313819,51.54986159340913,8.140322719225859","51.55259025223094,8.158217432313819","WARNING","A44 | Soest-Ost - Soester Börde"," Kassel -> Dortmund",0,"SLOW_TRAFFIC","62.20000076293945",2025-05-23,"Beginn: 23.05.25 um 18:43 Uhr  Angespannte Verkehrslage, seit 23.05.2025, 18:43 A44: Kassel -> Dortmund, zwischen 0.2 km hinter AS Soest-Ost und 0.5 km vor Soester Börde  Langsamer Verkehr Reisezeitverlust: 0 Minuten Durchschnittsgeschwindigkeit: 62 km/h",51.5525902522309,8.15821743231382
"A44","undefined--vi-avl.2025-05-23_18-31-56-000.f_001.de0","51.5372419009332,8.866476899999954,51.54133410892257,8.835672240409098","51.5372419009332,8.866476899999954","WARNING","A44 | Blankenrode - Sintfeld"," Kassel -> Dortmund",1,"SLOW_TRAFFIC","64.80000305175781",2025-05-23,"Beginn: 23.05.25 um 18:31 Uhr  Angespannte Verkehrslage, seit 23.05.2025, 18:31 A44: Kassel -> Dortmund, zwischen 0.3 km hinter Blankenrode und 3.0 km vor Sintfeld  Langsamer Verkehr Reisezeitverlust: 1 Minuten Durchschnittsgeschwindigkeit: 64 km/h",51.5372419009332,8.86647689999995
"A44","undefined--vi-hind.2025-05-23_21-38-30-000.f.de0","51.260445596767944,9.479627398963565,51.26024181951703,9.481316041969064","51.260445596767944,9.479627398963565","WARNING","A44 | Kassel-West - Kassel-Süd"," Dortmund -> Kassel",NA,NA,NA,2025-05-23,"Beginn: 23.05.25 um 21:38 Uhr  Fahrzeug-Hindernis, seit 23.05.2025, 21:38 A44: Dortmund -> Kassel, zwischen 2.0 km hinter AK Kassel-West und 2.0 km vor AD Kassel-Süd Gefahr durch ein defektes Fahrzeug auf der Fahrbahn",51.2604455967679,9.47962739896357
"A59","undefined--vi-avl.2025-05-23_22-02-00-000.f.de0","51.13827412013609,6.904054176147024,51.17863492084766,6.883399214177404","51.13827412013609,6.904054176147024","WARNING","A59 | Wolfhagen - Düsseldorf-Süd"," Köln -> Düsseldorf",1,"SLOW_TRAFFIC","67.30000305175781",2025-05-23,"Beginn: 23.05.25 um 22:02 Uhr  Angespannte Verkehrslage, seit 23.05.2025, 22:02 A59: Köln -> Düsseldorf, zwischen 1.6 km hinter Wolfhagen und 1.5 km vor AD Düsseldorf-Süd  Langsamer Verkehr Reisezeitverlust: 1 Minuten Durchschnittsgeschwindigkeit: 67 km/h",51.1382741201361,6.90405417614702
"A60","undefined--vi-hind.2025-05-23_19-16-36-000.f_004.de0","49.95599067274176,7.948629850613441,49.979180834182145,8.018461006876805","49.95599067274176,7.948629850613441","WARNING","A60 | Bingen-Ost - Ingelheim-West"," Bingen -> Mainz",NA,NA,NA,2025-05-23,"Beginn: 23.05.25 um 19:16 Uhr  Fahrzeug-Hindernis, seit 23.05.2025, 19:16 A60: Bingen -> Mainz, zwischen 0.3 km hinter AS Bingen-Ost und 0.5 km vor AS Ingelheim-West Gefahr durch ein defektes Fahrzeug auf der Fahrbahn",49.9559906727418,7.94862985061344
"A60","undefined--vi-zus.2025-04-08_08-51-21-000.f_013.de0","49.98125533976677,8.345695317688524,49.97565770865279,8.441396718063045","49.98125533976677,8.345695317688524","WARNING","A60 | Mainspitz-Dreieck - Rüsselsheimer Dreieck"," Mainz -> Rüsselsheim",NA,NA,NA,2025-04-08,"Beginn: 08.04.25 um 08:51 Uhr  Zusammengesetzte Verkehrsinformation, seit 08.04.2025, 08:51 A60: Mainz -> Rüsselsheim, zwischen 0.5 km hinter AD Mainspitz-Dreieck und 2.2 km vor AD Rüsselsheimer Dreieck  Sperrung der A60 bei Königstädten – Grundhafte Fahrbahnerneuerung zwischen dem Rüsselsheimer Dreieck und dem Mainspitz Dreieck. Die Niederlassung West der Autobahn GmbH erneuert zwischen dem Rüsselsheimer Dreieck (30) und dem Mainspitz Dreieck (26) die Fahrbahn. Von Donnerstagmorgen (24. April) bis Mitte Juli wird die Anschlussstelle (AS) Königstädten (29) in Fahrtrichtung (FR) Mainz sowie in FR Rüsselsheimer Dreieck gesperrt. Umleitungsmöglichkeiten sind ausgeschildert: • Ausfahrt FR Mainz: Umleitung via AS Rüsselsheim-Mitte • Einfahrt FR Mainz: innerstädtische Umleitung zur AS Rüsselsheim-Mitte (Adam-Opel-Straße / Kurt-Schumacher-Ring), von Nauheim kommend via L3482 zur AS Bischofsheim • Einfahrt FR Darmstadt: innerstädtische Umleitung zur AS Rüsselsheim-Mitte (Adam-Opel-Straße / Kurt-Schumacher-Ring) Die Autobahn GmbH bittet alle Verkehrsteilnehmer um Verständnis für die unvermeidlichen Verkehrsbehinderungen, die durch die Arbeiten entstehen.",49.9812553397668,8.34569531768852
"A60","undefined--vi-zus.2025-05-03_10-55-00-000.f_003.de0","49.977457399447445,8.454646346787307,49.981587265039146,8.34517285786785","49.977457399447445,8.454646346787307","WARNING","A60 | Rüsselsheimer Dreieck - Mainspitz-Dreieck"," Rüsselsheim -> Mainz",NA,NA,NA,2025-05-03,"Beginn: 03.05.25 um 10:55 Uhr  Zusammengesetzte Verkehrsinformation, seit 03.05.2025, 10:55 A60: Rüsselsheim -> Mainz, zwischen 0.6 km hinter AD Rüsselsheimer Dreieck und 0.5 km vor AD Mainspitz-Dreieck  Sperrung der A60 bei Königstädten – Grundhafte Fahrbahnerneuerung zwischen dem Rüsselsheimer Dreieck und dem Mainspitz Dreieck. Die Niederlassung West der Autobahn GmbH erneuert zwischen dem Rüsselsheimer Dreieck (30) und dem Mainspitz Dreieck (26) die Fahrbahn. Von Donnerstagmorgen (24. April) bis Mitte Juli wird die Anschlussstelle (AS) Königstädten (29) in Fahrtrichtung (FR) Mainz sowie in FR Rüsselsheimer Dreieck gesperrt. Umleitungsmöglichkeiten sind ausgeschildert: • Ausfahrt FR Mainz: Umleitung via AS Rüsselsheim-Mitte • Einfahrt FR Mainz: innerstädtische Umleitung zur AS Rüsselsheim-Mitte (Adam-Opel-Straße / Kurt-Schumacher-Ring), von Nauheim kommend via L3482 zur AS Bischofsheim • Einfahrt FR Darmstadt: innerstädtische Umleitung zur AS Rüsselsheim-Mitte (Adam-Opel-Straße / Kurt-Schumacher-Ring) Die Autobahn GmbH bittet alle Verkehrsteilnehmer um Verständnis für die unvermeidlichen Verkehrsbehinderungen, die durch die Arbeiten entstehen.",49.9774573994474,8.45464634678731
"A64","undefined--vi-avl.2025-05-23_22-00-30-000.f_002.de0","49.78507244370596,6.6409570341333515,49.78507244370596,6.6409570341333515","49.78507244370596,6.6409570341333515","WARNING","A64 | Trier - Trier"," Trier -> Luxemburg",NA,"SLOW_TRAFFIC","18",2025-05-23,"Beginn: 23.05.25 um 22:02 Uhr  Angespannte Verkehrslage, seit 23.05.2025, 22:02 A64: Trier -> Luxemburg, 3.2 km vor AS Trier, aus Richtung Anschluss B52-Trier  Langsamer Verkehr Durchschnittsgeschwindigkeit: 18 km/h",49.785072443706,6.64095703413335
"A64","undefined--vi-avl.2025-05-23_21-59-00-000.f_001.de0","49.78507244370596,6.6409570341333515,49.79020932058812,6.646868211249463","49.78507244370596,6.6409570341333515","WARNING","A64 | Trier - Anschluss B52-Trier"," Luxemburg -> Trier",0,"SLOW_TRAFFIC","34.70000076293945",2025-05-23,"Beginn: 23.05.25 um 21:59 Uhr  Angespannte Verkehrslage, seit 23.05.2025, 21:59 A64: Luxemburg -> Trier, zwischen 3.2 km hinter AS Trier und 1.0 km vor Anschluss B52-Trier  Langsamer Verkehr Reisezeitverlust: 0 Minuten Durchschnittsgeschwindigkeit: 34 km/h",49.785072443706,6.64095703413335
"A81","undefined--vi-avl.2025-05-23_21-27-30-000.f_002.de0","47.831920823282736,8.823280350861456,47.831920823282736,8.823280350861456","47.831920823282736,8.823280350861456","WARNING","A81 | Bruckried - Bruckried"," Stuttgart -> Singen",NA,"STATIONARY_TRAFFIC","12",2025-05-23,"Beginn: 23.05.25 um 22:02 Uhr  Angespannte Verkehrslage, seit 23.05.2025, 22:02 A81: Stuttgart -> Singen, 1.0 km vor Bruckried, aus Richtung Engen  Im Stillstand Durchschnittsgeschwindigkeit: 12 km/h",47.8319208232827,8.82328035086146
"A81","undefined--vi-avl.2025-05-23_21-27-30-000.f_003.de0","47.83180825940686,8.823413627607417,47.81579380094821,8.84875269999997","47.83180825940686,8.823413627607417","WARNING","A81 | Engen - Hegau"," Stuttgart -> Singen",7,"STATIONARY_TRAFFIC","18.799999237060547",2025-05-23,"Beginn: 23.05.25 um 21:27 Uhr  Angespannte Verkehrslage, seit 23.05.2025, 21:27 A81: Stuttgart -> Singen, zwischen 3.1 km hinter AS Engen und 1.1 km vor AK Hegau  Im Stillstand Reisezeitverlust: 7 Minuten Durchschnittsgeschwindigkeit: 18 km/h",47.8318082594069,8.82341362760742
"A92","undefined--vi-zus.2025-05-23_20-56-00-000.f_001.de0","48.33273139124402,11.681870563417586,48.33355040094701,11.697053200015015","48.33273139124402,11.681870563417586","WARNING","A92 | Eching-Ost - Freising-Süd"," München -> Deggendorf",6,"STATIONARY_TRAFFIC","9.199999809265137",2025-05-23,"Beginn: 23.05.25 um 20:56 Uhr  Zusammengesetzte Verkehrsinformation, seit 23.05.2025, 20:56 A92: München -> Deggendorf, zwischen 4.0 km hinter AS Eching-Ost und 0.2 km vor AS Freising-Süd  Gefahr durch eine ungesicherte Unfallstelle  Im Stillstand Reisezeitverlust: 6 Minuten Durchschnittsgeschwindigkeit: 9 km/h",48.332731391244,11.6818705634176
"A92","undefined--vi-hind.2025-05-23_20-50-00-000.f_011.de0","48.33313480908842,11.693832633375258,48.34646673320027,11.720174153702258","48.33313480908842,11.693832633375258","WARNING","A92 | Eching-Ost - Flughafen München"," München -> Deggendorf",NA,NA,NA,2025-05-23,"Beginn: 23.05.25 um 20:50 Uhr  Hindernis, seit 23.05.2025, 20:50 A92: München -> Deggendorf, zwischen 4.8 km hinter AS Eching-Ost und 0.8 km vor AS Flughafen München  Gefahr durch eine ungesicherte Unfallstelle",48.3331348090884,11.6938326333753
"A92","undefined--vi-avl.2025-05-23_21-08-00-000.f_002.de0","48.33273139124402,11.681870563417586,48.33273139124402,11.681870563417586","48.33273139124402,11.681870563417586","WARNING","A92 | Freising-Süd - Freising-Süd"," München -> Deggendorf",NA,"STATIONARY_TRAFFIC","9",2025-05-23,"Beginn: 23.05.25 um 22:02 Uhr  Angespannte Verkehrslage, seit 23.05.2025, 22:02 A92: München -> Deggendorf, 1.4 km vor AS Freising-Süd, aus Richtung Eching-Ost  Im Stillstand Durchschnittsgeschwindigkeit: 9 km/h",48.332731391244,11.6818705634176
"A95","undefined--vi-hind.2025-05-23_20-07-00-000.f_005.de0","47.99613040094782,11.428298900009114,47.905839200947995,11.39606340000859","47.99613040094782,11.428298900009114","WARNING","A95 | Starnberg - Wolfratshausen"," München -> Garmisch-Partenkirchen",NA,NA,NA,2025-05-23,"Beginn: 23.05.25 um 20:07 Uhr  Fahrzeug-Hindernis, seit 23.05.2025, 20:07 A95: München -> Garmisch-Partenkirchen, zwischen 2.3 km hinter AD Starnberg und 0.4 km vor AS Wolfratshausen Gefahr durch ein defektes Fahrzeug auf der Fahrbahn",47.9961304009478,11.4282989000091
"A96","undefined--vi-zus.2025-05-23_19-28-37-000.f.de0","47.56325560488933,9.737670344537605,47.577566348834736,9.734955554949021","47.56325560488933,9.737670344537605","WARNING","A96 | Lindau - Sigmarszell"," Bregenz -> München",7,"STATIONARY_TRAFFIC","11.199999809265137",2025-05-23,"Beginn: 23.05.25 um 19:28 Uhr  Zusammengesetzte Verkehrsinformation, seit 23.05.2025, 19:28 A96: Bregenz -> München, zwischen 2.3 km hinter AS Lindau und 0.2 km vor AS Sigmarszell  Im Stillstand Reisezeitverlust: 7 Minuten Durchschnittsgeschwindigkeit: 11 km/h",47.5632556048893,9.73767034453761
"A96","undefined--vi-avl.2025-05-23_19-38-07-000.f_001.de0","47.56320166002896,9.737667261401691,47.56320166002896,9.737667261401691","47.56320166002896,9.737667261401691","WARNING","A96 | Sigmarszell - Sigmarszell"," Lindau -> München",NA,"STATIONARY_TRAFFIC","6",2025-05-23,"Beginn: 23.05.25 um 22:02 Uhr  Angespannte Verkehrslage, seit 23.05.2025, 22:02 A96: Lindau -> München, 1.8 km vor AS Sigmarszell, aus Richtung Lindau  Im Stillstand Durchschnittsgeschwindigkeit: 6 km/h",47.563201660029,9.73766726140169
"A96","undefined--vi-avl.2025-05-23_21-04-30-000.f_002.de0","47.94304269601482,10.100937635690293,47.932503162323194,10.094873706257136","47.94304269601482,10.100937635690293","WARNING","A96 | Buxheimer Wald - Aichstetten"," München -> Lindau",0,"SLOW_TRAFFIC","61.5",2025-05-23,"Beginn: 23.05.25 um 21:04 Uhr  Angespannte Verkehrslage, seit 23.05.2025, 21:04 A96: München -> Lindau, zwischen 3.2 km hinter Buxheimer Wald und 6.9 km vor AS Aichstetten  Langsamer Verkehr Reisezeitverlust: 0 Minuten Durchschnittsgeschwindigkeit: 61 km/h",47.9430426960148,10.1009376356903
"A96","undefined--vi-avl.2025-05-23_21-43-00-000.f.de0","48.041764428678654,10.58741714310182,48.04091915518163,10.611416911387376","48.041764428678654,10.58741714310182","WARNING","A96 | Mindelheim - Bad Wörishofen"," Lindau -> München",0,"SLOW_TRAFFIC","71.0999984741211",2025-05-23,"Beginn: 23.05.25 um 21:43 Uhr  Angespannte Verkehrslage, seit 23.05.2025, 21:43 A96: Lindau -> München, zwischen 6.0 km hinter AS Mindelheim und 0.6 km vor AS Bad Wörishofen  Langsamer Verkehr Reisezeitverlust: 0 Minuten Durchschnittsgeschwindigkeit: 71 km/h",48.0417644286787,10.5874171431018
"A100","undefined--vi-avl.2025-05-23_22-02-00-000.f_001.de0","52.462277389848296,13.40524438537095,52.46159150093012,13.408052300107808","52.462277389848296,13.40524438537095","WARNING","A100 | Oberlandstraße - Gradestraße"," Wilmersdorf -> Neukölln",0,"STATIONARY_TRAFFIC","15.699999809265137",2025-05-23,"Beginn: 23.05.25 um 22:02 Uhr  Angespannte Verkehrslage, seit 23.05.2025, 22:02 A100: Wilmersdorf -> Neukölln, zwischen 0.2 km hinter AS Oberlandstraße und AS Gradestraße  Im Stillstand Reisezeitverlust: 0 Minuten Durchschnittsgeschwindigkeit: 15 km/h",52.4622773898483,13.405244385371
"A100","undefined--vi-avl.2025-05-23_22-02-30-000.f_003.de0","52.46237041989286,13.405028293977034,52.46237041989286,13.405028293977034","52.46237041989286,13.405028293977034","WARNING","A100 | Gradestraße - Gradestraße"," Wilmersdorf -> Neukölln",NA,"STATIONARY_TRAFFIC","10",2025-05-23,"Beginn: 23.05.25 um 22:02 Uhr  Angespannte Verkehrslage, seit 23.05.2025, 22:02 A100: Wilmersdorf -> Neukölln, 0.3 km vor AS Gradestraße, aus Richtung Oberlandstraße  Im Stillstand Durchschnittsgeschwindigkeit: 10 km/h",52.4623704198929,13.405028293977
"A113","undefined--vi-avl.2025-05-23_20-59-30-000.f_001.de0","52.44548690544778,13.474047869164579,52.44548690544778,13.474047869164579","52.44548690544778,13.474047869164579","WARNING","A113 | Späthstraße - Späthstraße"," Schönefeld -> Neukölln",NA,"STATIONARY_TRAFFIC","3",2025-05-23,"Beginn: 23.05.25 um 22:02 Uhr  Angespannte Verkehrslage, seit 23.05.2025, 22:02 A113: Schönefeld -> Neukölln, 1.3 km vor AS Späthstraße, aus Richtung Johannisthaler Chaussee  Im Stillstand Durchschnittsgeschwindigkeit: 3 km/h",52.4454869054478,13.4740478691646
"A113","undefined--vi-hind.2025-05-23_21-17-00-000.f_003.de0","52.46220784372782,13.45527755622371,52.46283719671924,13.454766937468646","52.46220784372782,13.45527755622371","WARNING","A113 | Späthstraße - Neukölln"," Schönefeld -> Neukölln",NA,NA,NA,2025-05-23,"Beginn: 23.05.25 um 21:17 Uhr  Hindernis, seit 23.05.2025, 21:17 A113: Schönefeld -> Neukölln, zwischen 1.0 km hinter AS Späthstraße und 0.2 km vor AD Neukölln",52.4622078437278,13.4552775562237
"A113","undefined--vi-zus.2025-05-23_20-58-00-000.f_001.de0","52.44548690544778,13.474047869164579,52.45209490093047,13.462718900114677","52.44548690544778,13.474047869164579","WARNING","A113 | Johannisthaler Chaussee - Späthstraße"," Schönefeld -> Neukölln",9,"STATIONARY_TRAFFIC","6.199999809265137",2025-05-23,"Beginn: 23.05.25 um 20:58 Uhr  Zusammengesetzte Verkehrsinformation, seit 23.05.2025, 20:58 A113: Schönefeld -> Neukölln, zwischen 0.4 km hinter AS Johannisthaler Chaussee und 0.2 km vor AS Späthstraße  Im Stillstand Reisezeitverlust: 9 Minuten Durchschnittsgeschwindigkeit: 6 km/h",52.4454869054478,13.4740478691646
"A113","undefined--vi-hind.2025-05-23_21-17-00-000.f_002.de0","52.44934197282068,13.466158565943008,52.4622000261686,13.455284791132451","52.44934197282068,13.466158565943008","WARNING","A113 | Johannisthaler Chaussee - Neukölln"," Schönefeld -> Neukölln",NA,NA,NA,2025-05-23,"Beginn: 23.05.25 um 21:17 Uhr  Hindernis, seit 23.05.2025, 21:17 A113: Schönefeld -> Neukölln, zwischen 1.1 km hinter AS Johannisthaler Chaussee und 0.2 km vor AD Neukölln",52.4493419728207,13.466158565943
"A113","undefined--vi-zus.2025-05-23_04-57-30-000.f.de0","52.43617318100181,13.493052326243479,52.427730500930934,13.517008500122175","52.43617318100181,13.493052326243479","WARNING","A113 | Johannisthaler Chaussee - Rudower Höhe"," Neukölln -> Schönefeld",NA,NA,NA,2025-05-23,"Beginn: 23.05.25 um 04:57 Uhr  Zusammengesetzte Verkehrsinformation, seit 23.05.2025, 04:57 A113: Neukölln -> Schönefeld, zwischen 1.2 km hinter AS Johannisthaler Chaussee und 1.0 km vor Rudower Höhe  A113 Autobahnzubringer Dresden, Neukölln Richtung Schönefeld
zwischen Stubenrauchstraße und Tunnel Rudower Höhe
linker Fahrstreifen gesperrt, Bauarbeiten, bis voraussichtlich 20.06.2025",52.4361731810018,13.4930523262435
"A115","undefined--vi-zus.2024-10-09_07-09-40-000.f_531.de0","52.40027056808641,13.185163736426698,52.44227384698058,13.202709435405149","52.40027056808641,13.185163736426698","WARNING","A115 | Am Stern - Hüttenweg"," Dreieck Nuthetal -> Dreieck Funkturm",NA,NA,NA,2024-10-09,"Beginn: 09.10.24 um 07:09 Uhr  Zusammengesetzte Verkehrsinformation, seit 09.10.2024, 07:09 A115: Dreieck Nuthetal -> Dreieck Funkturm, zwischen 2.9 km hinter Am Stern und 3.8 km vor AS Hüttenweg  A115 Autobahnzubringer Magdeburg, Dreieck Nuthetal Richtung Dreieck Funkturm, zwischen Anschlussstelle Kleinmachnow und Anschlussstelle Spanische Allee, Baustelle, bis 31.10.2026 17:00 Uhr",52.4002705680864,13.1851637364267
"A115","undefined--vi-avl.2025-05-23_13-50-20-000.f_012.de0","52.39925764850916,13.184031871911735,52.411883226906994,13.197306385751547","52.39925764850916,13.184031871911735","WARNING","A115 | Am Stern - Dreilinden"," Dreieck Nuthetal -> Dreieck Funkturm",7,"STATIONARY_TRAFFIC","12",2025-05-23,"Beginn: 23.05.25 um 13:50 Uhr  Angespannte Verkehrslage, seit 23.05.2025, 13:50 A115: Dreieck Nuthetal -> Dreieck Funkturm, zwischen 2.8 km hinter Am Stern und 0.4 km vor Dreilinden  Im Stillstand Reisezeitverlust: 7 Minuten Durchschnittsgeschwindigkeit: 12 km/h",52.3992576485092,13.1840318719117
"A115","undefined--vi-avl.2025-05-23_19-40-30-000.f_002.de0","52.3994893566551,13.184284245866367,52.3994893566551,13.184284245866367","52.3994893566551,13.184284245866367","WARNING","A115 | Kleinmachnow - Kleinmachnow"," Dreieck Nuthetal -> Dreieck Funkturm",NA,"STATIONARY_TRAFFIC","7",2025-05-23,"Beginn: 23.05.25 um 22:02 Uhr  Angespannte Verkehrslage, seit 23.05.2025, 22:02 A115: Dreieck Nuthetal -> Dreieck Funkturm, 0.4 km vor AS Kleinmachnow, aus Richtung Am Stern  Im Stillstand Durchschnittsgeschwindigkeit: 7 km/h",52.3994893566551,13.1842842458664
"A115","undefined--vi-hind.2025-05-23_21-27-00-000.f_005.de0","52.41331116028423,13.197344489674744,52.40245046246128,13.187321092094361","52.41331116028423,13.197344489674744","WARNING","A115 | Dreilinden - Kleinmachnow"," Dreieck Funkturm -> Dreieck Nuthetal",NA,NA,NA,2025-05-23,"Beginn: 23.05.25 um 21:27 Uhr  Hindernis, seit 23.05.2025, 21:27 A115: Dreieck Funkturm -> Dreieck Nuthetal, zwischen 0.3 km hinter Dreilinden und AS Kleinmachnow  Gefahr durch eine ungesicherte Unfallstelle",52.4133111602842,13.1973444896747
"A115","undefined--vi-zus.2025-05-23_21-45-30-000.f.de0","52.43113744777867,13.19182070092506,52.42349730092946,13.1949130000852","52.43113744777867,13.19182070092506","WARNING","A115 | Spanische Allee - Kreuz Zehlendorf"," Dreieck Funkturm -> Dreieck Nuthetal",NA,NA,NA,2025-05-23,"Beginn: 23.05.25 um 21:45 Uhr  Zusammengesetzte Verkehrsinformation, seit 23.05.2025, 21:45 A115: Dreieck Funkturm -> Dreieck Nuthetal, zwischen 0.3 km hinter AS Spanische Allee und 0.3 km vor AS Kreuz Zehlendorf  A115 AVUS, Dreieck Funkturm Richtung Dreieck Nuthetal
zwischen Spanische Allee und Kreuz Zehlendorf
gesperrt, Unfall",52.4311374477787,13.1918207009251
"A115","undefined--vi-unf.2025-05-23_21-45-30-000.f.de0","52.43113744777867,13.19182070092506,52.42349730092946,13.1949130000852","52.43113744777867,13.19182070092506","WARNING","A115 | Spanische Allee - Kreuz Zehlendorf"," Dreieck Funkturm -> Dreieck Nuthetal",NA,NA,NA,2025-05-23,"Beginn: 23.05.25 um 21:45 Uhr  Unfall, seit 23.05.2025, 21:45 A115: Dreieck Funkturm -> Dreieck Nuthetal, zwischen 0.3 km hinter AS Spanische Allee und 0.3 km vor AS Kreuz Zehlendorf",52.4311374477787,13.1918207009251
"A115","undefined--vi-zus.2024-10-13_05-33-30-000.f_688.de0","52.44029442937371,13.199911385595513,52.43107524997983,13.191805707063864","52.44029442937371,13.199911385595513","WARNING","A115 | Hüttenweg - Kreuz Zehlendorf"," Dreieck Funkturm -> Dreieck Nuthetal",NA,NA,NA,2024-10-13,"Beginn: 13.10.24 um 05:33 Uhr  Zusammengesetzte Verkehrsinformation, seit 13.10.2024, 05:33 A115: Dreieck Funkturm -> Dreieck Nuthetal, zwischen 4.1 km hinter AS Hüttenweg und 1.3 km vor AS Kreuz Zehlendorf  A115 Dreieck Funkturm Richtung Dreieck Nuthetal
zwischen Spanische Allee und Kleinmachnow
Verkehr wird über die Gegenfahrbahn geleitet, geänderte Verkehrsführung im Baustellenbereich, Bauarbeiten",52.4402944293737,13.1999113855955
"A115","undefined--vi-avl.2025-05-23_22-02-30-000.f.de0","52.42349730092946,13.1949130000852,52.42349730092946,13.1949130000852","52.42349730092946,13.1949130000852","WARNING","Baustelle"," Dreilinden (aus Richtung Kreuz Zehlendorf)",NA,"STATIONARY_TRAFFIC","8",2025-05-23,"Beginn: 23.05.25 um 22:02 Uhr  Angespannte Verkehrslage, seit 23.05.2025, 22:02 Auffahrt auf die A115: Dreilinden (aus Richtung Kreuz Zehlendorf)  Im Stillstand Durchschnittsgeschwindigkeit: 8 km/h",52.4234973009295,13.1949130000852
"A115","undefined--vi-zus.2024-10-13_05-33-30-000.f_689.de0","52.42349730092946,13.1949130000852,52.40733756254109,13.192866658009402","52.42349730092946,13.1949130000852","WARNING","Baustelle"," AS Kreuz Zehlendorf (aus Richtung Spanische Allee)",NA,NA,NA,2024-10-13,"Beginn: 13.10.24 um 05:33 Uhr  Zusammengesetzte Verkehrsinformation, seit 13.10.2024, 05:33 Abfahrt von der A115: AS Kreuz Zehlendorf (aus Richtung Spanische Allee)  A115 Dreieck Funkturm Richtung Dreieck Nuthetal
zwischen Spanische Allee und Kleinmachnow
Verkehr wird über die Gegenfahrbahn geleitet, geänderte Verkehrsführung im Baustellenbereich, Bauarbeiten",52.4234973009295,13.1949130000852
"A115","undefined--vi-zus.2025-05-23_21-32-30-000.f_001.de0","52.42349730092946,13.1949130000852,52.408765418499485,13.194473699098017","52.42349730092946,13.1949130000852","WARNING","Baustelle"," AS Kreuz Zehlendorf (aus Richtung Spanische Allee)",11,"STATIONARY_TRAFFIC","8.199999809265137",2025-05-23,"Beginn: 23.05.25 um 21:32 Uhr  Zusammengesetzte Verkehrsinformation, seit 23.05.2025, 21:32 Abfahrt von der A115: AS Kreuz Zehlendorf (aus Richtung Spanische Allee)  Im Stillstand Reisezeitverlust: 11 Minuten Durchschnittsgeschwindigkeit: 8 km/h  Gefahr durch eine ungesicherte Unfallstelle",52.4234973009295,13.1949130000852
"A143","undefined--vi-zus.2025-05-23_18-36-02-000.f_007.de0","51.426090519569115,11.864188829637131,51.44971890093379,11.863302600015","51.426090519569115,11.864188829637131","WARNING","A143 | Halle-Süd - Teutschenthal"," Halle-Süd -> Halle Nord",NA,NA,NA,2025-05-23,"Beginn: 23.05.25 um 18:36 Uhr  Zusammengesetzte Verkehrsinformation, seit 23.05.2025, 18:36 A143: Halle-Süd -> Halle Nord, zwischen 2.5 km hinter AD Halle-Süd und 0.2 km vor AS Teutschenthal  Gefahr durch Gegenstände auf der Fahrbahn  A143 Westumfahrung Halle, Halle-Süd Richtung Halle Nord zwischen Holleben und Teutschenthal Gefahr durch Gegenstände (mehrere Plastikteile) auf allen Fahrstreifen, Gefahr durch defekten PKW auf dem Standstreifen, fahren Sie bitte besonders vorsichtig, Polizei ist benachrichtigt",51.4260905195691,11.8641888296371
"A656","undefined--vi-hind.2025-05-23_21-06-30-000.f_002.de0","49.45869850946979,8.546590455706493,49.46356255245675,8.532269908673774","49.45869850946979,8.546590455706493","WARNING","A656 | Mannheim-Seckenheim - Mannheim-Neckarau"," Heidelberg -> Mannheim",NA,NA,NA,2025-05-23,"Beginn: 23.05.25 um 21:06 Uhr  Fahrzeug-Hindernis, seit 23.05.2025, 21:06 A656: Heidelberg -> Mannheim, zwischen 2.0 km hinter AS Mannheim-Seckenheim und 1.1 km vor AS Mannheim-Neckarau Gefahr durch ein defektes Fahrzeug auf der Fahrbahn",49.4586985094698,8.54659045570649
