"road","identifier","extent","point","display_type","title","subtitle","delay_minutes","abnormalTrafficType","averageSpeed","startTimestamp","description","latitude","longitude"
"A1","undefined--vi-zus.2025-05-23_03-18-00-000.f.de0","53.49376935476263,10.033958252282927,53.50908382905724,10.065496349170601","53.49376935476263,10.033958252282927","WARNING","A1 | Hamburg-Stillhorn - Hamburg-Südost"," Bremen -> Lübeck",1,"SLOW_TRAFFIC","54.5",2025-05-23,"Beginn: 23.05.25 um 03:18 Uhr  Zusammengesetzte Verkehrsinformation, seit 23.05.2025, 03:18 A1: Bremen -> Lübeck, zwischen 1.3 km hinter Hamburg-Stillhorn und 1.0 km vor AD Hamburg-Südost  Langsamer Verkehr Reisezeitverlust: 1 Minuten Durchschnittsgeschwindigkeit: 54 km/h",53.4937693547626,10.0339582522829
"A1","undefined--vi-hind.2025-05-22_22-03-00-000.f_001.de0","53.50929678257153,10.057088901590378,53.50929678257153,10.057088901590378","53.50929678257153,10.057088901590378","WARNING","A1 | Hamburg-Norderelbe - Hamburg-Südost"," Hamburg -> Lübeck",NA,NA,NA,2025-05-22,"Beginn: 22.05.25 um 22:03 Uhr  Fahrzeug-Hindernis, seit 22.05.2025, 22:03 A1: Hamburg -> Lübeck, zwischen 1.2 km hinter AK Hamburg-Norderelbe und 1.2 km vor AD Hamburg-Südost",53.5092967825715,10.0570889015904
"A1","undefined--vi-hind.2025-05-22_22-03-00-000.f.de0","53.509302500919404,10.063278300000514,53.5094444127468,10.056993241326454","53.509302500919404,10.063278300000514","WARNING","A1 | Hamburg-Südost - Hamburg-Norderelbe"," Lübeck -> Hamburg",NA,NA,NA,2025-05-22,"Beginn: 22.05.25 um 22:03 Uhr  Fahrzeug-Hindernis, seit 22.05.2025, 22:03 A1: Lübeck -> Hamburg, zwischen 1.2 km hinter AD Hamburg-Südost und 1.4 km vor AK Hamburg-Norderelbe",53.5093025009194,10.0632783000005
"A3","undefined--vi-hind.2025-05-23_01-11-30-000.f_005.de0","49.39940430094358,11.304096300006345,49.38154920094366,11.340370000006855","49.39940430094358,11.304096300006345","WARNING","A3 | Altdorf - Klosterblick"," Nürnberg -> Passau",NA,NA,NA,2025-05-23,"Beginn: 23.05.25 um 01:11 Uhr  Fahrzeug-Hindernis, seit 23.05.2025, 01:11 A3: Nürnberg -> Passau, zwischen 0.6 km hinter AK Altdorf und 5.5 km vor Klosterblick Gefahr durch ein defektes Fahrzeug auf der Fahrbahn",49.3994043009436,11.3040963000063
"A3","undefined--vi-avl.2025-05-23_00-28-30-000.f_002.de0","51.89839901701434,6.165717280673193,51.89839901701434,6.165717280673193","51.89839901701434,6.165717280673193","WARNING","A3 | Knauheide - Knauheide"," Arnheim -> Oberhausen",NA,"SLOW_TRAFFIC","18",2025-05-23,"Beginn: 23.05.25 um 03:31 Uhr  Angespannte Verkehrslage, seit 23.05.2025, 03:31 A3: Arnheim -> Oberhausen, 0.1 km vor Knauheide, aus Richtung Elten  Langsamer Verkehr Durchschnittsgeschwindigkeit: 18 km/h",51.8983990170143,6.16571728067319
"A3","undefined--vi-avl.2025-05-23_00-28-00-000.f.de0","51.89836112503476,6.165756320916883,51.89430742738076,6.169921542127004","51.89836112503476,6.165756320916883","WARNING","A3 | Elten - Elten"," Arnheim -> Oberhausen",0,"SLOW_TRAFFIC","42.20000076293945",2025-05-23,"Beginn: 23.05.25 um 02:55 Uhr  Angespannte Verkehrslage, seit 23.05.2025, 02:55 A3: Arnheim -> Oberhausen, zwischen 0.4 km hinter Elten und 1.3 km vor AS Elten  Langsamer Verkehr Reisezeitverlust: 0 Minuten Durchschnittsgeschwindigkeit: 42 km/h",51.8983611250348,6.16575632091688
"A4","undefined--vi-avl.2025-05-23_03-31-00-000.f.de0","50.90005643271335,6.905698698406481,50.891618938001756,6.924295559226965","50.90005643271335,6.905698698406481","WARNING","A4 | Köln-West - Köln-Eifeltor"," Heerlen/Aachen -> Köln",1,"SLOW_TRAFFIC","49",2025-05-23,"Beginn: 23.05.25 um 03:31 Uhr  Angespannte Verkehrslage, seit 23.05.2025, 03:31 A4: Heerlen/Aachen -> Köln, zwischen 5.1 km hinter AK Köln-West und 0.1 km vor AS Köln-Eifeltor  Langsamer Verkehr Reisezeitverlust: 1 Minuten Durchschnittsgeschwindigkeit: 49 km/h",50.9000564327133,6.90569869840648
"A4","undefined--vi-avl.2025-05-23_03-23-30-000.f_005.de0","50.846461541379114,9.669714096172024,50.8490333266132,9.639961583115483","50.846461541379114,9.669714096172024","WARNING","A4 | Bad Hersfeld - Kirchheimer Dreieck"," Erfurt -> Bad Hersfeld",0,"SLOW_TRAFFIC","69.9000015258789",2025-05-23,"Beginn: 23.05.25 um 03:23 Uhr  Angespannte Verkehrslage, seit 23.05.2025, 03:23 A4: Erfurt -> Bad Hersfeld, zwischen 3.9 km hinter AS Bad Hersfeld und 4.2 km vor AD Kirchheimer Dreieck  Langsamer Verkehr Reisezeitverlust: 0 Minuten Durchschnittsgeschwindigkeit: 69 km/h",50.8464615413791,9.66971409617202
"A6","undefined--vi-zus.2025-05-23_02-09-30-000.f_004.de0","49.511685369658444,8.560378602439775,49.49980485927508,8.55947112463632","49.511685369658444,8.560378602439775","WARNING","A6 | Viernheimer Kreuz - Mannheim"," Mannheim -> Heilbronn",NA,NA,NA,2025-05-23,"Beginn: 23.05.25 um 02:09 Uhr  Zusammengesetzte Verkehrsinformation, seit 23.05.2025, 02:09 A6: Mannheim -> Heilbronn, zwischen 1.3 km hinter AK Viernheimer Kreuz und 4.6 km vor AK Mannheim  Gefahr durch Personen auf der Fahrbahn  A6 Mannheim Richtung Heilbronn
in Höhe Rastplatz Linsenbühl
Unfallaufnahme auf allen Fahrstreifen, Gefahr, Gefahr durch Personen auf der Fahrbahn, Richtungsfahrbahn gesperrt, Verkehr wird an der Unfallstelle vorbeigeführt",49.5116853696584,8.56037860243977
"A6","undefined--vi-zus.2025-05-23_03-10-00-000.f.de0","49.51534139538804,8.56021205923548,49.50458782593435,8.560632129597817","49.51534139538804,8.56021205923548","WARNING","A6 | Viernheimer Kreuz - Mannheim"," Mannheim -> Heilbronn",1,"QUEUING_TRAFFIC","46.70000076293945",2025-05-23,"Beginn: 23.05.25 um 03:10 Uhr  Zusammengesetzte Verkehrsinformation, seit 23.05.2025, 03:10 A6: Mannheim -> Heilbronn, zwischen 0.9 km hinter AK Viernheimer Kreuz und 5.1 km vor AK Mannheim  Stockender Verkehr Reisezeitverlust: 1 Minuten Durchschnittsgeschwindigkeit: 46 km/h",49.515341395388,8.56021205923548
"A7","undefined--vi-avl.2025-05-23_03-30-30-000.f.de0","50.199913900586765,9.938251705577546,50.20865825150231,9.928676142505683","50.199913900586765,9.938251705577546","WARNING","A7 | Bad Kissingen/Oberthulba - Brodpfad"," Würzburg -> Fulda",0,"SLOW_TRAFFIC","66.19999694824219",2025-05-23,"Beginn: 23.05.25 um 03:30 Uhr  Angespannte Verkehrslage, seit 23.05.2025, 03:30 A7: Würzburg -> Fulda, zwischen 0.2 km hinter AS Bad Kissingen/Oberthulba und Brodpfad  Langsamer Verkehr Reisezeitverlust: 0 Minuten Durchschnittsgeschwindigkeit: 66 km/h",50.1999139005868,9.93825170557755
"A7","undefined--vi-avl.2025-05-23_03-32-00-000.f_002.de0","50.85505679282564,9.587106574547713,50.86392781755306,9.59097098888207","50.85505679282564,9.587106574547713","WARNING","A7 | Kirchheimer Dreieck - Bad Hersfeld-West"," Fulda -> Kassel",0,"SLOW_TRAFFIC","67.9000015258789",2025-05-23,"Beginn: 23.05.25 um 03:32 Uhr  Angespannte Verkehrslage, seit 23.05.2025, 03:32 A7: Fulda -> Kassel, zwischen 1.8 km hinter AD Kirchheimer Dreieck und 6.8 km vor AS Bad Hersfeld-West  Langsamer Verkehr Reisezeitverlust: 0 Minuten Durchschnittsgeschwindigkeit: 67 km/h",50.8550567928256,9.58710657454771
"A7","undefined--vi-avl.2025-05-23_03-28-30-000.f_004.de0","50.919271072196835,9.559666980345082,50.937141556163816,9.542517737094494","50.919271072196835,9.559666980345082","WARNING","A7 | Bad Hersfeld-West - Pommer"," Fulda -> Kassel",1,"SLOW_TRAFFIC","67.5",2025-05-23,"Beginn: 23.05.25 um 03:28 Uhr  Angespannte Verkehrslage, seit 23.05.2025, 03:28 A7: Fulda -> Kassel, zwischen 1.5 km hinter AS Bad Hersfeld-West und 0.2 km vor Pommer  Langsamer Verkehr Reisezeitverlust: 1 Minuten Durchschnittsgeschwindigkeit: 67 km/h",50.9192710721968,9.55966698034508
"A7","undefined--vi-zus.2025-03-31_00-40-00-000.f_018.de0","53.579141433849884,9.913430072127355,53.55636870091902,9.897540700000414","53.579141433849884,9.913430072127355","WARNING","A7 | Hamburg-Volkspark - Elbtunnel (Nordportal)"," Flensburg -> Hamburg",NA,NA,NA,2025-03-31,"Beginn: 31.03.25 um 00:40 Uhr  Zusammengesetzte Verkehrsinformation, seit 31.03.2025, 00:40 A7: Flensburg -> Hamburg, zwischen 0.4 km hinter AS Hamburg-Volkspark und 0.9 km vor Elbtunnel (Nordportal)  A7 Flensburg Richtung Hamburg Ausfahrt Hamburg-Othmarschen Fahrbahnverengung, maximale Fahrbahnbreite von 4,50 m, Bauarbeiten, bis 29.09.2025",53.5791414338499,9.91343007212735
"A7","undefined--vi-avl.2025-05-22_20-21-30-000.f_006.de0","54.804956120681226,9.328584387866814,54.804956120681226,9.328584387866814","54.804956120681226,9.328584387866814","WARNING","A7 | Ellund - Ellund"," Flensburg -> Hamburg",NA,"QUEUING_TRAFFIC","18",2025-05-23,"Beginn: 23.05.25 um 03:29 Uhr  Angespannte Verkehrslage, seit 23.05.2025, 03:29 A7: Flensburg -> Hamburg, 0.1 km vor Ellund, aus Richtung Ellund  Stockender Verkehr Durchschnittsgeschwindigkeit: 18 km/h",54.8049561206812,9.32858438786681
"A7","undefined--vi-avl.2025-05-22_20-15-00-000.f_001.de0","54.8049820054157,9.328571338481932,54.79935473438442,9.331428547658858","54.8049820054157,9.328571338481932","WARNING","A7 | Ellund - Flensburg/Harrislee"," Flensburg -> Hamburg",0,"QUEUING_TRAFFIC","32",2025-05-22,"Beginn: 22.05.25 um 20:15 Uhr  Angespannte Verkehrslage, seit 22.05.2025, 20:15 A7: Flensburg -> Hamburg, zwischen 0.1 km hinter Ellund und 3.1 km vor AS Flensburg/Harrislee  Stockender Verkehr Reisezeitverlust: 0 Minuten Durchschnittsgeschwindigkeit: 32 km/h",54.8049820054157,9.32857133848193
"A8","undefined--vi-zus.2025-03-26_17-59-56-000.f_013.de0","49.32575278791285,7.172731755291576,49.327350714671546,7.213275819282444","49.32575278791285,7.172731755291576","WARNING","A8 | Neunkirchen/Spiesen - Kohlhof"," Saarlouis -> Neunkirchen",NA,NA,NA,2025-03-26,"Beginn: 26.03.25 um 17:59 Uhr  Zusammengesetzte Verkehrsinformation, seit 26.03.2025, 17:59 A8: Saarlouis -> Neunkirchen, zwischen 1.5 km hinter AS Neunkirchen/Spiesen und 1.0 km vor Kohlhof  A8 Saarlouis - Neunkirchen zwischen Neunkirchen-Spiesen und Neunkirchen-Oberstadt in beiden Richtungen Bauarbeiten, bis voraussichtlich 01.06.2025",49.3257527879128,7.17273175529158
"A8","undefined--vi-zus.2025-05-14_09-26-56-000.f.de0","49.32628400979037,7.229641516813452,49.329166750017514,7.1882642393148934","49.32628400979037,7.229641516813452","WARNING","A8 | Neunkirchen-Wellesweiler - Neunkirchen/Spiesen"," Neunkirchen -> Saarlouis",NA,NA,NA,2025-05-14,"Beginn: 14.05.25 um 09:26 Uhr  Zusammengesetzte Verkehrsinformation, seit 14.05.2025, 09:26 A8: Neunkirchen -> Saarlouis, zwischen 0.4 km hinter AS Neunkirchen-Wellesweiler und 2.7 km vor AS Neunkirchen/Spiesen  A8 Saarlouis - Neunkirchen zwischen Neunkirchen-Spiesen und Neunkirchen-Oberstadt in beiden Richtungen Bauarbeiten, bis voraussichtlich 01.06.2025",49.3262840097904,7.22964151681345
"A8","undefined--vi-zus.2025-05-23_03-32-30-000.f.de0","48.91853361756533,8.759895429225134,48.92388350622058,8.742788271557554","48.91853361756533,8.759895429225134","WARNING","A8 | Pforzheim-Ost - Pforzheim-Nord"," Stuttgart -> Karlsruhe",0,"SLOW_TRAFFIC","45.099998474121094",2025-05-23,"Beginn: 23.05.25 um 03:32 Uhr  Zusammengesetzte Verkehrsinformation, seit 23.05.2025, 03:32 A8: Stuttgart -> Karlsruhe, zwischen 0.7 km hinter AS Pforzheim-Ost und 2.0 km vor AS Pforzheim-Nord  Langsamer Verkehr Reisezeitverlust: 0 Minuten Durchschnittsgeschwindigkeit: 45 km/h",48.9185336175653,8.75989542922513
"A8","undefined--vi-unf.2025-05-23_02-04-00-000.f_003.de0","48.463833900946604,10.127293900000392,48.44550020094666,10.207631000000479","48.463833900946604,10.127293900000392","WARNING","A8 | Ulm/Elchingen - Leipheim"," Stuttgart -> München",NA,NA,NA,2025-05-23,"Beginn: 23.05.25 um 02:04 Uhr  Unfall, seit 23.05.2025, 02:04 A8: Stuttgart -> München, zwischen 0.9 km hinter AK Ulm/Elchingen und 0.1 km vor AS Leipheim",48.4638339009466,10.1272939000004
"A8","undefined--vi-avl.2025-05-23_03-33-00-000.f_001.de0","47.814908895883605,12.360022712828513,47.810302290064676,12.344426440449798","47.814908895883605,12.360022712828513","WARNING","A8 | Bernau am Chiemsee - Prien"," Salzburg -> München",0,"SLOW_TRAFFIC","66.69999694824219",2025-05-23,"Beginn: 23.05.25 um 03:33 Uhr  Angespannte Verkehrslage, seit 23.05.2025, 03:33 A8: Salzburg -> München, zwischen 0.2 km hinter AS Bernau am Chiemsee und 3.5 km vor Prien  Langsamer Verkehr Reisezeitverlust: 0 Minuten Durchschnittsgeschwindigkeit: 66 km/h",47.8149088958836,12.3600227128285
"A8","undefined--vi-avl.2025-05-23_03-31-30-000.f_002.de0","47.82920284034917,12.796599491851486,47.82665277383055,12.781139660659422","47.82920284034917,12.796599491851486","WARNING","A8 | Teisenberg - Neukirchen"," Salzburg -> München",0,"SLOW_TRAFFIC","63.900001525878906",2025-05-23,"Beginn: 23.05.25 um 03:31 Uhr  Angespannte Verkehrslage, seit 23.05.2025, 03:31 A8: Salzburg -> München, zwischen 0.3 km hinter Teisenberg und 3.1 km vor AS Neukirchen  Langsamer Verkehr Reisezeitverlust: 0 Minuten Durchschnittsgeschwindigkeit: 63 km/h",47.8292028403492,12.7965994918515
"A9","undefined--vi-zus.2025-05-23_03-33-30-000.f.de0","49.277317487825066,11.209644285412027,49.270783494929475,11.211165050805226","49.277317487825066,11.209644285412027","WARNING","A9 | Räubersried - Allersberg"," Nürnberg -> München",0,"QUEUING_TRAFFIC","45",2025-05-23,"Beginn: 23.05.25 um 03:33 Uhr  Zusammengesetzte Verkehrsinformation, seit 23.05.2025, 03:33 A9: Nürnberg -> München, zwischen 4.9 km hinter Räubersried und 2.5 km vor AS Allersberg  Gefahr durch Gegenstände auf der Fahrbahn  Stockender Verkehr Reisezeitverlust: 0 Minuten Durchschnittsgeschwindigkeit: 45 km/h",49.2773174878251,11.209644285412
"A9","undefined--vi-hind.2025-05-23_03-18-00-000.f_001.de0","49.34645060094379,11.203646800005162,49.25279508080149,11.215413633358697","49.34645060094379,11.203646800005162","WARNING","A9 | Nürnberg/Feucht - Allersberg"," Nürnberg -> München",NA,NA,NA,2025-05-23,"Beginn: 23.05.25 um 03:18 Uhr  Hindernis, seit 23.05.2025, 03:18 A9: Nürnberg -> München, zwischen 0.3 km hinter AD Nürnberg/Feucht und 0.5 km vor AS Allersberg  Gefahr durch Gegenstände auf der Fahrbahn",49.3464506009438,11.2036468000052
"A9","undefined--vi-avl.2025-05-23_03-31-00-000.f_004.de0","50.00206789432732,11.608565741930672,50.01215555406846,11.606862195388505","50.00206789432732,11.608565741930672","WARNING","A9 | Bayreuth-Nord - Bindlacher Berg"," Nürnberg -> Halle/Leipzig",0,"SLOW_TRAFFIC","59.400001525878906",2025-05-23,"Beginn: 23.05.25 um 03:31 Uhr  Angespannte Verkehrslage, seit 23.05.2025, 03:31 A9: Nürnberg -> Halle/Leipzig, zwischen 4.8 km hinter AS Bayreuth-Nord und 0.3 km vor AS Bindlacher Berg  Langsamer Verkehr Reisezeitverlust: 0 Minuten Durchschnittsgeschwindigkeit: 59 km/h",50.0020678943273,11.6085657419307
"A9","undefined--vi-hind.2025-05-23_03-27-00-000.f_001.de0","51.092779800935865,11.955568400018173,51.03930390093616,11.940898200017848","51.092779800935865,11.955568400018173","WARNING","A9 | Osterfeld - Eisenberg"," Halle/Leipzig -> Nürnberg",NA,NA,NA,2025-05-23,"Beginn: 23.05.25 um 03:27 Uhr  Fahrzeug-Hindernis, seit 23.05.2025, 03:27 A9: Halle/Leipzig -> Nürnberg, zwischen 1.5 km hinter Osterfeld und 10.1 km vor AS Eisenberg Gefahr durch ein defektes Fahrzeug auf der Fahrbahn",51.0927798009359,11.9555684000182
"A9","undefined--vi-hind.2025-05-23_03-30-00-000.f.de0","51.342024873685936,12.18370253053999,51.326037402315585,12.171956272919788","51.342024873685936,12.18370253053999","WARNING","A9 | Leipzig-West/Merseburg - Bad Dürrenberg"," Halle/Leipzig -> Nürnberg",NA,NA,NA,2025-05-23,"Beginn: 23.05.25 um 03:30 Uhr  Hindernis, seit 23.05.2025, 03:30 A9: Halle/Leipzig -> Nürnberg, zwischen 0.5 km hinter AS Leipzig-West/Merseburg und 4.9 km vor AS Bad Dürrenberg  Gefahr durch Gegenstände auf der Fahrbahn",51.3420248736859,12.18370253054
"A12","undefined--vi-avl.2025-05-23_03-33-30-000.f_002.de0","52.32060768101747,14.392730830469336,52.32060768101747,14.392730830469336","52.32060768101747,14.392730830469336","WARNING","A12 | Biegener Hellen-Süd - Biegener Hellen-Süd"," Frankfurt(Oder) -> Berliner Ring",NA,"STATIONARY_TRAFFIC","17",2025-05-23,"Beginn: 23.05.25 um 03:33 Uhr  Angespannte Verkehrslage, seit 23.05.2025, 03:33 A12: Frankfurt(Oder) -> Berliner Ring, 0.3 km vor Biegener Hellen-Süd, aus Richtung Frankfurt(Oder)-West  Im Stillstand Durchschnittsgeschwindigkeit: 17 km/h",52.3206076810175,14.3927308304693
"A12","undefined--vi-avl.2025-05-23_03-32-30-000.f_001.de0","52.32060939605466,14.392686977845095,52.320969557601586,14.382997825630689","52.32060939605466,14.392686977845095","WARNING","A12 | Frankfurt(Oder)-West - Müllrose"," Frankfurt(Oder) -> Berliner Ring",0,"STATIONARY_TRAFFIC","33.29999923706055",2025-05-23,"Beginn: 23.05.25 um 03:32 Uhr  Angespannte Verkehrslage, seit 23.05.2025, 03:32 A12: Frankfurt(Oder) -> Berliner Ring, zwischen 5.6 km hinter AS Frankfurt(Oder)-West und 2.1 km vor AS Müllrose  Im Stillstand Reisezeitverlust: 0 Minuten Durchschnittsgeschwindigkeit: 33 km/h",52.3206093960547,14.3926869778451
"A12","WarnungA10Lkw3","47.61802931631098,12.202336027754352,47.61802931631098,12.202336027754352","47.61802931631098,12.202336027754352","WARNING","E45/E60 | LKW Blockabfertigung | A12-Inntal Autobahn","Richtung Italien",NA,NA,NA,2025-01-11,"Zeitraum: Beginn: 07.01.2025 Ende: 09.12.2025  Hinweis für LKW-Reisende nach Österreich: LKW-Blockabfertigungen an ausgewählten Tagen für Lkw am Grenzübergang Kufstein/Kiefersfelden. Maximaler Durchlass von 300 LKWs pro Stunde  Die genauen Ausführungszeiten und weitere Informationen auf tirol.gv.at/verkehr/verkehrs-und-seilbahnrecht/lkw-dosierung.",47.618029316311,12.2023360277544
"A12","WarnungA10Lkw2","47.6164490154047,12.202382557672273,47.6164490154047,12.202382557672273","47.6164490154047,12.202382557672273","WARNING","E43/E45/E60 | A13-Brenner Autobahn","Richtung Italien",NA,NA,NA,2025-01-11,"Zeitraum: Beginn: 11.01.2025 Ende: 27.09.2025  Hinweis für LKW-Reisende nach Österreich: LKW-Fahrverbot auf der A12-Inntal Autobahn, A13-Brenner Autobahn und A14-Rheintal/Walgau Autobahn, wenn das Ziel der Fahrt der Anschlussstelle Nößlach bis Anschlussstelle Brenner Nord der Richtungsfahrbahn Staatsgrenze der A 13 Brenner Autobahn erreicht werden soll. An ausgewählten Samstagen 7-15 Uhr sowie weiteren Tagen im Zeitraum 11.01. - 27.09.2025 Weitere Informationen auf http://asfinag.at/a13",47.6164490154047,12.2023825576723
"A13","undefined--vi-avl.2025-05-23_03-29-30-000.f_009.de0","51.294253300939474,13.733419200188209,51.294253300939474,13.733419200188209","51.294253300939474,13.733419200188209","WARNING","A13 | Thiendorf - Thiendorf"," Dresden -> Schönefelder Kreuz",NA,"STATIONARY_TRAFFIC","15",2025-05-23,"Beginn: 23.05.25 um 03:31 Uhr  Angespannte Verkehrslage, seit 23.05.2025, 03:31 A13: Dresden -> Schönefelder Kreuz, in Höhe AS Thiendorf, aus Richtung Radeburg  Im Stillstand Durchschnittsgeschwindigkeit: 15 km/h",51.2942533009395,13.7334192001882
"A14","undefined--vi-avl.2025-05-23_03-33-30-000.f_004.de0","51.71334374604102,11.715413941050297,51.70763454011437,11.721130364388348","51.71334374604102,11.715413941050297","WARNING","A14 | Plötzkau - Könnern"," Magdeburg -> Halle",0,"QUEUING_TRAFFIC","45.79999923706055",2025-05-23,"Beginn: 23.05.25 um 03:33 Uhr  Angespannte Verkehrslage, seit 23.05.2025, 03:33 A14: Magdeburg -> Halle, zwischen 4.1 km hinter AS Plötzkau und 4.4 km vor AS Könnern  Stockender Verkehr Reisezeitverlust: 0 Minuten Durchschnittsgeschwindigkeit: 45 km/h",51.713343746041,11.7154139410503
"A17","undefined--vi-avl.2025-05-23_03-33-30-000.f_003.de0","50.82181451229406,13.887548428344449,50.81529790789895,13.88490190554726","50.82181451229406,13.887548428344449","WARNING","A17 | Am Heidenholz - Breitenau-Schönwald"," Dresden -> Prag",0,"SLOW_TRAFFIC","52.400001525878906",2025-05-23,"Beginn: 23.05.25 um 03:33 Uhr  Angespannte Verkehrslage, seit 23.05.2025, 03:33 A17: Dresden -> Prag, zwischen Am Heidenholz und 4.0 km vor Breitenau-Schönwald  Langsamer Verkehr Reisezeitverlust: 0 Minuten Durchschnittsgeschwindigkeit: 52 km/h",50.8218145122941,13.8875484283444
"A20","undefined--vi-avl.2025-05-23_03-29-00-000.f.de0","53.879828700916406,11.542634400006795,53.88120852119615,11.558056843360077","53.879828700916406,11.542634400006795","WARNING","A20 | Wismar - Zurow"," Lübeck -> Rostock",0,"SLOW_TRAFFIC","66.69999694824219",2025-05-23,"Beginn: 23.05.25 um 03:29 Uhr  Angespannte Verkehrslage, seit 23.05.2025, 03:29 A20: Lübeck -> Rostock, zwischen 0.5 km hinter AK Wismar und 4.5 km vor AS Zurow  Langsamer Verkehr Reisezeitverlust: 0 Minuten Durchschnittsgeschwindigkeit: 66 km/h",53.8798287009164,11.5426344000068
"A27","undefined--vi-avl.2025-05-23_02-54-00-000.f_001.de0","53.11655357042051,8.817051808024019,53.11682370092247,8.811311199999922","53.11655357042051,8.817051808024019","WARNING","A27 | Bremen-Horn/Lehe - Fahrwiesen"," Bremen -> Bremerhaven",2,"STATIONARY_TRAFFIC","8.899999618530273",2025-05-23,"Beginn: 23.05.25 um 02:54 Uhr  Angespannte Verkehrslage, seit 23.05.2025, 02:54 A27: Bremen -> Bremerhaven, zwischen 3.5 km hinter AS Bremen-Horn/Lehe und 1.2 km vor Fahrwiesen  Im Stillstand Reisezeitverlust: 2 Minuten Durchschnittsgeschwindigkeit: 8 km/h",53.1165535704205,8.81705180802402
"A27","undefined--vi-avl.2025-05-23_03-26-30-000.f.de0","53.11655357042051,8.817051808024019,53.11655357042051,8.817051808024019","53.11655357042051,8.817051808024019","WARNING","A27 | Bremen-Überseestadt - Bremen-Überseestadt"," Bremen -> Bremerhaven",NA,"STATIONARY_TRAFFIC","5",2025-05-23,"Beginn: 23.05.25 um 03:29 Uhr  Angespannte Verkehrslage, seit 23.05.2025, 03:29 A27: Bremen -> Bremerhaven, 0.4 km vor AS Bremen-Überseestadt, aus Richtung Bremen-Horn/Lehe  Im Stillstand Durchschnittsgeschwindigkeit: 5 km/h",53.1165535704205,8.81705180802402
"A28","undefined--vi-avl.2025-05-23_03-32-00-000.f.de0","53.17103848150398,8.11899710576372,53.16386954979753,8.126598179417389","53.17103848150398,8.11899710576372","WARNING","A28 | Neuenkruge - Oldenburg-Wechloy"," Leer -> Oldenburg",0,"SLOW_TRAFFIC","50.599998474121094",2025-05-23,"Beginn: 23.05.25 um 03:32 Uhr  Angespannte Verkehrslage, seit 23.05.2025, 03:32 A28: Leer -> Oldenburg, zwischen 2.3 km hinter AS Neuenkruge und 3.0 km vor AS Oldenburg-Wechloy  Langsamer Verkehr Reisezeitverlust: 0 Minuten Durchschnittsgeschwindigkeit: 50 km/h",53.171038481504,8.11899710576372
"A28","undefined--vi-avl.2025-05-23_03-33-30-000.f.de0","53.17103848150398,8.11899710576372,53.17103848150398,8.11899710576372","53.17103848150398,8.11899710576372","WARNING","A28 | Wechloy - Wechloy"," Leer -> Oldenburg",NA,"SLOW_TRAFFIC","26",2025-05-23,"Beginn: 23.05.25 um 03:33 Uhr  Angespannte Verkehrslage, seit 23.05.2025, 03:33 A28: Leer -> Oldenburg, 0.9 km vor Wechloy, aus Richtung Neuenkruge  Langsamer Verkehr Durchschnittsgeschwindigkeit: 26 km/h",53.171038481504,8.11899710576372
"A31","undefined--vi-avl.2025-05-22_17-49-56-000.f_016.de0","52.110773133030506,7.08605846540596,52.13648767542907,7.089672672422646","52.110773133030506,7.08605846540596","WARNING","A31 | Averbeck - Gronau/Ochtrup"," Oberhausen -> Gronau",2,"SLOW_TRAFFIC","50.79999923706055",2025-05-22,"Beginn: 22.05.25 um 17:49 Uhr  Angespannte Verkehrslage, seit 22.05.2025, 17:49 A31: Oberhausen -> Gronau, zwischen 0.7 km hinter Averbeck und 6.5 km vor AS Gronau/Ochtrup  Langsamer Verkehr Reisezeitverlust: 2 Minuten Durchschnittsgeschwindigkeit: 50 km/h",52.1107731330305,7.08605846540596
"A37","undefined--vi-zus.2025-05-20_10-04-05-000.f_002.de0","52.442156462690335,9.933442989087833,52.436581812162494,9.913211841333315","52.442156462690335,9.933442989087833","WARNING","A37 | Beinhorn - Hannover-Kirchhorst"," Celle -> Hannover",NA,NA,NA,2025-05-20,"Beginn: 20.05.25 um 10:04 Uhr  Zusammengesetzte Verkehrsinformation, seit 20.05.2025, 10:04 B3: Celle -> Hannover, zwischen 0.4 km hinter AS Beinhorn und 2.1 km vor AK Hannover-Kirchhorst  A37 Messe - Burgdorf
zwischen Kreuz Hannover-Buchholz und Beinhorn
in beiden Richtungen geänderte Verkehrsführung im Baustellenbereich, Bauarbeiten, bis 30.10.2026 ca. 18:00 Uhr",52.4421564626903,9.93344298908783
"A37","undefined--vi-zus.2025-05-20_10-04-05-000.f_003.de0","52.42566547847685,9.880479425875153,52.44102213295518,9.93161290421946","52.42566547847685,9.880479425875153","WARNING","Baustelle"," km 22.62 --> km 26.54",NA,NA,NA,2025-05-20,"Beginn: 20.05.25 um 10:04 Uhr  Zusammengesetzte Verkehrsinformation, seit 20.05.2025, 10:04 A37: km 22.62 --> km 26.54  A37 Messe - Burgdorf
zwischen Kreuz Hannover-Buchholz und Beinhorn
in beiden Richtungen geänderte Verkehrsführung im Baustellenbereich, Bauarbeiten, bis 30.10.2026 ca. 18:00 Uhr",52.4256654784769,9.88047942587515
"A39","undefined--vi-avl.2025-05-23_03-26-30-000.f_003.de0","52.30287930092831,10.724227600001605,52.30287930092831,10.724227600001605","52.30287930092831,10.724227600001605","WARNING","A39 | Scheppau - Scheppau"," Wolfsburg -> Braunschweig",NA,"SLOW_TRAFFIC","24",2025-05-23,"Beginn: 23.05.25 um 03:29 Uhr  Angespannte Verkehrslage, seit 23.05.2025, 03:29 A39: Wolfsburg -> Braunschweig, 0.8 km vor AS Scheppau, aus Richtung Wolfsburg/Königslutter  Langsamer Verkehr Durchschnittsgeschwindigkeit: 24 km/h",52.3028793009283,10.7242276000016
"A39","undefined--vi-avl.2025-05-23_03-26-00-000.f.de0","52.30287930092831,10.724227600001605,52.295027326610494,10.719676729027894","52.30287930092831,10.724227600001605","WARNING","A39 | Wolfsburg/Königslutter - Cremlingen"," Wolfsburg -> Braunschweig",0,"QUEUING_TRAFFIC","41.20000076293945",2025-05-23,"Beginn: 23.05.25 um 03:26 Uhr  Angespannte Verkehrslage, seit 23.05.2025, 03:26 A39: Wolfsburg -> Braunschweig, zwischen 0.7 km hinter AK Wolfsburg/Königslutter und 6.5 km vor AS Cremlingen  Stockender Verkehr Reisezeitverlust: 0 Minuten Durchschnittsgeschwindigkeit: 41 km/h",52.3028793009283,10.7242276000016
"A40","undefined--vi-avl.2025-05-23_10-40-00-000.f_032.de0","51.49586584711128,7.188980215086521,51.49600382564044,7.189722511193523","51.49586584711128,7.188980215086521","WARNING","A40 | Bochum-West - Bochum-Freudenbergstraße"," Essen -> Dortmund",0,"STATIONARY_TRAFFIC","35",2025-05-23,"Beginn: 23.05.25 um 10:40 Uhr  Angespannte Verkehrslage, seit 23.05.2025, 10:40 A40: Essen -> Dortmund, zwischen 1.8 km hinter AD Bochum-West und 0.9 km vor AS Bochum-Freudenbergstraße  Im Stillstand Reisezeitverlust: 0 Minuten Durchschnittsgeschwindigkeit: 35 km/h",51.4958658471113,7.18898021508652
"A43","undefined--vi-avl.2025-05-23_03-32-00-000.f_001.de0","51.904386343144104,7.430077508068042,51.90669948504982,7.411192127823538","51.904386343144104,7.430077508068042","WARNING","A43 | Senden - Nottuln"," Münster -> Recklinghausen",0,"SLOW_TRAFFIC","67.80000305175781",2025-05-23,"Beginn: 23.05.25 um 03:32 Uhr  Angespannte Verkehrslage, seit 23.05.2025, 03:32 A43: Münster -> Recklinghausen, zwischen 4.3 km hinter AS Senden und 0.4 km vor AS Nottuln  Langsamer Verkehr Reisezeitverlust: 0 Minuten Durchschnittsgeschwindigkeit: 67 km/h",51.9043863431441,7.43007750806804
"A44","undefined--vi-avl.2025-05-22_18-23-04-000.f_006.de0","51.51760993284985,8.936658390774925,51.53524847671271,8.88919965741539","51.51760993284985,8.936658390774925","WARNING","A44 | Marsberg - Blankenrode"," Kassel -> Dortmund",2,"SLOW_TRAFFIC","57.099998474121094",2025-05-22,"Beginn: 22.05.25 um 18:23 Uhr  Angespannte Verkehrslage, seit 22.05.2025, 18:23 A44: Kassel -> Dortmund, zwischen 1.7 km hinter AS Marsberg und 1.3 km vor Blankenrode  Langsamer Verkehr Reisezeitverlust: 2 Minuten Durchschnittsgeschwindigkeit: 57 km/h",51.5176099328499,8.93665839077492
"A44","undefined--vi-avl.2025-05-23_03-31-00-000.f_003.de0","51.26795435658816,9.428323933846494,51.27782834664769,9.40459943250427","51.26795435658816,9.428323933846494","WARNING","A44 | Kassel-West - Kassel-Bad Wilhelmshöhe"," Kassel -> Dortmund",0,"SLOW_TRAFFIC","74.0999984741211",2025-05-23,"Beginn: 23.05.25 um 03:31 Uhr  Angespannte Verkehrslage, seit 23.05.2025, 03:31 A44: Kassel -> Dortmund, zwischen 2.1 km hinter AK Kassel-West und 0.4 km vor AS Kassel-Bad Wilhelmshöhe  Langsamer Verkehr Reisezeitverlust: 0 Minuten Durchschnittsgeschwindigkeit: 74 km/h",51.2679543565882,9.42832393384649
"A45","undefined--vi-avl.2025-05-23_03-21-30-000.f.de0","50.55628207484746,8.564207096047674,50.56896153520826,8.547685342854388","50.55628207484746,8.564207096047674","WARNING","A45 | Gießen-Lützellinden - Wetzlar-Ost"," Aschaffenburg -> Hagen",0,"SLOW_TRAFFIC","63.79999923706055",2025-05-23,"Beginn: 23.05.25 um 03:21 Uhr  Angespannte Verkehrslage, seit 23.05.2025, 03:21 A45: Aschaffenburg -> Hagen, zwischen 4.1 km hinter AS Gießen-Lützellinden und 0.2 km vor AS Wetzlar-Ost  Langsamer Verkehr Reisezeitverlust: 0 Minuten Durchschnittsgeschwindigkeit: 63 km/h",50.5562820748475,8.56420709604767
"A45","undefined--vi-avl.2025-05-23_03-33-30-000.f_001.de0","50.78627063063274,8.107716102773747,50.78496081598153,8.139600713366203","50.78627063063274,8.107716102773747","WARNING","A45 | Landskroner Weiher - Am Wildenstein"," Hagen -> Gießen",1,"SLOW_TRAFFIC","66.19999694824219",2025-05-23,"Beginn: 23.05.25 um 03:33 Uhr  Angespannte Verkehrslage, seit 23.05.2025, 03:33 A45: Hagen -> Gießen, zwischen 0.2 km hinter Landskroner Weiher und 1.5 km vor Am Wildenstein  Langsamer Verkehr Reisezeitverlust: 1 Minuten Durchschnittsgeschwindigkeit: 66 km/h",50.7862706306327,8.10771610277375
"A48","undefined--vi-avl.2025-05-23_03-29-00-000.f_001.de0","50.20380297258895,6.966134418194645,50.20738976413027,6.972664040686562","50.20380297258895,6.966134418194645","WARNING","A48 | Vulkaneifel - Ulmen"," Dreieck Vulkaneifel -> Koblenz",0,"QUEUING_TRAFFIC","42",2025-05-23,"Beginn: 23.05.25 um 03:29 Uhr  Angespannte Verkehrslage, seit 23.05.2025, 03:29 A48: Dreieck Vulkaneifel -> Koblenz, zwischen 5.2 km hinter AD Vulkaneifel und 0.1 km vor AS Ulmen  Stockender Verkehr Reisezeitverlust: 0 Minuten Durchschnittsgeschwindigkeit: 42 km/h",50.203802972589,6.96613441819465
"A60","undefined--vi-avl.2025-05-23_03-21-00-000.f.de0","50.18613658259842,6.386546193796111,50.173811347139264,6.389987030883763","50.18613658259842,6.386546193796111","WARNING","A60 | Schnee-Eifel - Prümer Land"," Lüttich -> Wittlich",0,"SLOW_TRAFFIC","62.20000076293945",2025-05-23,"Beginn: 23.05.25 um 03:21 Uhr  Angespannte Verkehrslage, seit 23.05.2025, 03:21 A60: Lüttich -> Wittlich, zwischen 3.9 km hinter Schnee-Eifel und 6.7 km vor Prümer Land  Langsamer Verkehr Reisezeitverlust: 0 Minuten Durchschnittsgeschwindigkeit: 62 km/h",50.1861365825984,6.38654619379611
"A60","undefined--vi-zus.2025-04-08_08-51-21-000.f_013.de0","49.98125533976677,8.345695317688524,49.97565770865279,8.441396718063045","49.98125533976677,8.345695317688524","WARNING","A60 | Mainspitz-Dreieck - Rüsselsheimer Dreieck"," Mainz -> Rüsselsheim",NA,NA,NA,2025-04-08,"Beginn: 08.04.25 um 08:51 Uhr  Zusammengesetzte Verkehrsinformation, seit 08.04.2025, 08:51 A60: Mainz -> Rüsselsheim, zwischen 0.5 km hinter AD Mainspitz-Dreieck und 2.2 km vor AD Rüsselsheimer Dreieck  Sperrung der A60 bei Königstädten – Grundhafte Fahrbahnerneuerung zwischen dem Rüsselsheimer Dreieck und dem Mainspitz Dreieck. Die Niederlassung West der Autobahn GmbH erneuert zwischen dem Rüsselsheimer Dreieck (30) und dem Mainspitz Dreieck (26) die Fahrbahn. Von Donnerstagmorgen (24. April) bis Mitte Juli wird die Anschlussstelle (AS) Königstädten (29) in Fahrtrichtung (FR) Mainz sowie in FR Rüsselsheimer Dreieck gesperrt. Umleitungsmöglichkeiten sind ausgeschildert: • Ausfahrt FR Mainz: Umleitung via AS Rüsselsheim-Mitte • Einfahrt FR Mainz: innerstädtische Umleitung zur AS Rüsselsheim-Mitte (Adam-Opel-Straße / Kurt-Schumacher-Ring), von Nauheim kommend via L3482 zur AS Bischofsheim • Einfahrt FR Darmstadt: innerstädtische Umleitung zur AS Rüsselsheim-Mitte (Adam-Opel-Straße / Kurt-Schumacher-Ring) Die Autobahn GmbH bittet alle Verkehrsteilnehmer um Verständnis für die unvermeidlichen Verkehrsbehinderungen, die durch die Arbeiten entstehen.",49.9812553397668,8.34569531768852
"A60","undefined--vi-zus.2025-05-03_10-55-00-000.f_003.de0","49.977457399447445,8.454646346787307,49.981587265039146,8.34517285786785","49.977457399447445,8.454646346787307","WARNING","A60 | Rüsselsheimer Dreieck - Mainspitz-Dreieck"," Rüsselsheim -> Mainz",NA,NA,NA,2025-05-03,"Beginn: 03.05.25 um 10:55 Uhr  Zusammengesetzte Verkehrsinformation, seit 03.05.2025, 10:55 A60: Rüsselsheim -> Mainz, zwischen 0.6 km hinter AD Rüsselsheimer Dreieck und 0.5 km vor AD Mainspitz-Dreieck  Sperrung der A60 bei Königstädten – Grundhafte Fahrbahnerneuerung zwischen dem Rüsselsheimer Dreieck und dem Mainspitz Dreieck. Die Niederlassung West der Autobahn GmbH erneuert zwischen dem Rüsselsheimer Dreieck (30) und dem Mainspitz Dreieck (26) die Fahrbahn. Von Donnerstagmorgen (24. April) bis Mitte Juli wird die Anschlussstelle (AS) Königstädten (29) in Fahrtrichtung (FR) Mainz sowie in FR Rüsselsheimer Dreieck gesperrt. Umleitungsmöglichkeiten sind ausgeschildert: • Ausfahrt FR Mainz: Umleitung via AS Rüsselsheim-Mitte • Einfahrt FR Mainz: innerstädtische Umleitung zur AS Rüsselsheim-Mitte (Adam-Opel-Straße / Kurt-Schumacher-Ring), von Nauheim kommend via L3482 zur AS Bischofsheim • Einfahrt FR Darmstadt: innerstädtische Umleitung zur AS Rüsselsheim-Mitte (Adam-Opel-Straße / Kurt-Schumacher-Ring) Die Autobahn GmbH bittet alle Verkehrsteilnehmer um Verständnis für die unvermeidlichen Verkehrsbehinderungen, die durch die Arbeiten entstehen.",49.9774573994474,8.45464634678731
"A61","undefined--vi-avl.2025-05-23_03-31-30-000.f.de0","49.96177255612274,7.769432279929981,49.9696233874452,7.752427727150953","49.96177255612274,7.769432279929981","WARNING","A61 | Stromberg - Rheinböllen"," Ludwigshafen -> Koblenz",0,"SLOW_TRAFFIC","62",2025-05-23,"Beginn: 23.05.25 um 03:31 Uhr  Angespannte Verkehrslage, seit 23.05.2025, 03:31 A61: Ludwigshafen -> Koblenz, zwischen 2.2 km hinter AS Stromberg und 6.1 km vor AS Rheinböllen  Langsamer Verkehr Reisezeitverlust: 0 Minuten Durchschnittsgeschwindigkeit: 62 km/h",49.9617725561227,7.76943227992998
"A61","undefined--vi-avl.2025-05-23_03-31-30-000.f_001.de0","50.3855618176484,7.27073429949694,50.398675181334305,7.242415614661737","50.3855618176484,7.27073429949694","WARNING","A61 | Am Streitgieren - Wehr"," Koblenz -> Mönchengladbach",1,"SLOW_TRAFFIC","56.400001525878906",2025-05-23,"Beginn: 23.05.25 um 03:31 Uhr  Angespannte Verkehrslage, seit 23.05.2025, 03:31 A61: Koblenz -> Mönchengladbach, zwischen 3.5 km hinter Am Streitgieren und 1.2 km vor AS Wehr  Langsamer Verkehr Reisezeitverlust: 1 Minuten Durchschnittsgeschwindigkeit: 56 km/h",50.3855618176484,7.27073429949694
"A65","undefined--vi-avl.2025-05-23_03-11-30-000.f.de0","49.21462001091958,8.142109481843391,49.20301670094429,8.148072799999765","49.21462001091958,8.142109481843391","WARNING","A65 | Landau-Nord - Landau-Zentrum"," Ludwigshafen -> Karlsruhe",0,"SLOW_TRAFFIC","60",2025-05-23,"Beginn: 23.05.25 um 03:11 Uhr  Angespannte Verkehrslage, seit 23.05.2025, 03:11 A65: Ludwigshafen -> Karlsruhe, zwischen 0.3 km hinter AS Landau-Nord und 1.0 km vor AS Landau-Zentrum  Langsamer Verkehr Reisezeitverlust: 0 Minuten Durchschnittsgeschwindigkeit: 60 km/h",49.2146200109196,8.14210948184339
"A70","undefined--vi-avl.2025-05-23_03-28-30-000.f_002.de0","49.98228963953391,11.052532702899784,49.98565294204592,11.097319689535988","49.98228963953391,11.052532702899784","WARNING","A70 | Scheßlitz - Roßdorf am Berg"," Bamberg -> Bayreuth",1,"SLOW_TRAFFIC","68.19999694824219",2025-05-23,"Beginn: 23.05.25 um 03:28 Uhr  Angespannte Verkehrslage, seit 23.05.2025, 03:28 A70: Bamberg -> Bayreuth, zwischen 0.5 km hinter AS Scheßlitz und 1.7 km vor AS Roßdorf am Berg  Langsamer Verkehr Reisezeitverlust: 1 Minuten Durchschnittsgeschwindigkeit: 68 km/h",49.9822896395339,11.0525327028998
"A70","undefined--vi-avl.2025-05-23_03-32-30-000.f.de0","50.016869394811216,11.3819958794812,50.00938917383808,11.351441606419284","50.016869394811216,11.3819958794812","WARNING","A70 | Thurnau-West - Schirradorf"," Bayreuth -> Bamberg",1,"SLOW_TRAFFIC","60",2025-05-23,"Beginn: 23.05.25 um 03:32 Uhr  Angespannte Verkehrslage, seit 23.05.2025, 03:32 A70: Bayreuth -> Bamberg, zwischen 0.6 km hinter AS Thurnau-West und 2.1 km vor AS Schirradorf  Langsamer Verkehr Reisezeitverlust: 1 Minuten Durchschnittsgeschwindigkeit: 60 km/h",50.0168693948112,11.3819958794812
"A70","undefined--vi-avl.2025-05-23_03-08-30-000.f_002.de0","50.02808763255244,11.581644132765843,50.02513330094107,11.599927100010804","50.02808763255244,11.581644132765843","WARNING","A70 | Kulmbach/Neudrossenfeld - Bayreuth/Kulmbach"," Bamberg -> Bayreuth",0,"SLOW_TRAFFIC","64.0999984741211",2025-05-23,"Beginn: 23.05.25 um 03:08 Uhr  Angespannte Verkehrslage, seit 23.05.2025, 03:08 A70: Bamberg -> Bayreuth, zwischen 6.8 km hinter AS Kulmbach/Neudrossenfeld und 8.0 km vor AD Bayreuth/Kulmbach  Langsamer Verkehr Reisezeitverlust: 0 Minuten Durchschnittsgeschwindigkeit: 64 km/h",50.0280876325524,11.5816441327658
"A71","undefined--vi-avl.2025-05-23_03-29-30-000.f_005.de0","50.35605761302479,10.317256710738988,50.3688064560667,10.315891131261768","50.35605761302479,10.317256710738988","WARNING","A71 | Bad Neustadt a.d.Saale - Mellrichstadt"," Schweinfurt -> Suhl",0,"SLOW_TRAFFIC","60.79999923706055",2025-05-23,"Beginn: 23.05.25 um 03:29 Uhr  Angespannte Verkehrslage, seit 23.05.2025, 03:29 A71: Schweinfurt -> Suhl, zwischen 3.5 km hinter AS Bad Neustadt a.d.Saale und 5.3 km vor AS Mellrichstadt  Langsamer Verkehr Reisezeitverlust: 0 Minuten Durchschnittsgeschwindigkeit: 60 km/h",50.3560576130248,10.317256710739
"A71","undefined--vi-avl.2025-05-23_03-33-00-000.f.de0","50.391309863496446,10.31435255224582,50.399226049361296,10.319344541413278","50.391309863496446,10.31435255224582","WARNING","A71 | Bad Neustadt a.d.Saale - Mellrichstadt"," Schweinfurt -> Suhl",0,"SLOW_TRAFFIC","59.400001525878906",2025-05-23,"Beginn: 23.05.25 um 03:33 Uhr  Angespannte Verkehrslage, seit 23.05.2025, 03:33 A71: Schweinfurt -> Suhl, zwischen 7.4 km hinter AS Bad Neustadt a.d.Saale und 1.8 km vor AS Mellrichstadt  Langsamer Verkehr Reisezeitverlust: 0 Minuten Durchschnittsgeschwindigkeit: 59 km/h",50.3913098634964,10.3143525522458
"A81","undefined--vi-hind.2025-05-23_03-32-30-000.f.de0","49.13613810094452,9.304750400000064,49.13491081782075,9.303897009774836","49.13613810094452,9.304750400000064","WARNING","A81 | Weinsberg/Ellhofen - Heilbronn/Untergruppenbach"," Würzburg -> Stuttgart",NA,NA,NA,2025-05-23,"Beginn: 23.05.25 um 03:32 Uhr  Hindernis, seit 23.05.2025, 03:32 A81: Würzburg -> Stuttgart, zwischen 0.1 km hinter AS Weinsberg/Ellhofen und 5.8 km vor AS Heilbronn/Untergruppenbach  Gefahr durch Gegenstände auf der Fahrbahn",49.1361381009445,9.30475040000006
"A81","undefined--vi-zus.2025-05-23_03-13-30-000.f_001.de0","49.14817949220483,9.303235286893528,49.14817949220483,9.303235286893528","49.14817949220483,9.303235286893528","WARNING","A81 | Weinsberg - Weinsberg/Ellhofen"," Würzburg -> Heilbronn",NA,NA,NA,2025-05-23,"Beginn: 23.05.25 um 03:13 Uhr  Zusammengesetzte Verkehrsinformation, seit 23.05.2025, 03:13 A81: Würzburg -> Heilbronn, zwischen 1.1 km hinter AK Weinsberg und 1.2 km vor AS Weinsberg/Ellhofen  A81 Würzburg Richtung Heilbronn zwischen Kreuz Weinsberg und Weinsberg/Ellhofen Bergungsarbeiten, defekter LKW auf dem Standstreifen",49.1481794922048,9.30323528689353
"A81","undefined--vi-zus.2025-05-23_03-08-30-000.f.de0","49.14784793523616,9.303410050360652,49.13613810094452,9.304750400000064","49.14784793523616,9.303410050360652","WARNING","A81 | Weinsberg - Heilbronn/Untergruppenbach"," Würzburg -> Stuttgart",NA,NA,NA,2025-05-23,"Beginn: 23.05.25 um 03:08 Uhr  Zusammengesetzte Verkehrsinformation, seit 23.05.2025, 03:08 A81: Würzburg -> Stuttgart, zwischen 1.1 km hinter AK Weinsberg und 5.9 km vor AS Heilbronn/Untergruppenbach  A81 Würzburg Richtung Heilbronn
zwischen Kreuz Weinsberg und Weinsberg/Ellhofen
Bergungsarbeiten, defekter LKW auf dem Standstreifen",49.1478479352362,9.30341005036065
"A93","undefined--vi-zus.2025-05-23_03-19-00-000.f_001.de0","48.714187470616714,11.80981186704224,48.71246784505694,11.79835504962069","48.714187470616714,11.80981186704224","WARNING","A93 | Deutschmeister - Aiglsbach"," Regensburg -> Holledau",0,"SLOW_TRAFFIC","54.599998474121094",2025-05-23,"Beginn: 23.05.25 um 03:19 Uhr  Zusammengesetzte Verkehrsinformation, seit 23.05.2025, 03:19 A93: Regensburg -> Holledau, zwischen 4.4 km hinter Deutschmeister und 5.4 km vor AS Aiglsbach  Langsamer Verkehr Reisezeitverlust: 0 Minuten Durchschnittsgeschwindigkeit: 54 km/h",48.7141874706167,11.8098118670422
"A96","undefined--vi-avl.2025-05-23_03-02-30-000.f_004.de0","48.04154611730867,10.589538570417739,48.04095606564676,10.613133004357154","48.04154611730867,10.589538570417739","WARNING","A96 | Mindelheim - Bad Wörishofen"," Lindau -> München",0,"SLOW_TRAFFIC","61.900001525878906",2025-05-23,"Beginn: 23.05.25 um 03:02 Uhr  Angespannte Verkehrslage, seit 23.05.2025, 03:02 A96: Lindau -> München, zwischen 6.2 km hinter AS Mindelheim und 0.5 km vor AS Bad Wörishofen  Langsamer Verkehr Reisezeitverlust: 0 Minuten Durchschnittsgeschwindigkeit: 61 km/h",48.0415461173087,10.5895385704177
"A99","undefined--vi-avl.2025-05-23_02-59-00-000.f_001.de0","48.18943447915054,11.708751587175463,48.21015657522778,11.647223887487932","48.18943447915054,11.708751587175463","WARNING","A99 | Aschheim - München-Nord"," München-Süd -> München-Nord",2,"SLOW_TRAFFIC","66.30000305175781",2025-05-23,"Beginn: 23.05.25 um 02:59 Uhr  Angespannte Verkehrslage, seit 23.05.2025, 02:59 A99: München-Süd -> München-Nord, zwischen 1.7 km hinter Aschheim und 1.8 km vor AK München-Nord  Langsamer Verkehr Reisezeitverlust: 2 Minuten Durchschnittsgeschwindigkeit: 66 km/h",48.1894344791505,11.7087515871755
"A115","undefined--vi-zus.2024-10-09_07-09-40-000.f_531.de0","52.40027056808641,13.185163736426698,52.44227384698058,13.202709435405149","52.40027056808641,13.185163736426698","WARNING","A115 | Am Stern - Hüttenweg"," Dreieck Nuthetal -> Dreieck Funkturm",NA,NA,NA,2024-10-09,"Beginn: 09.10.24 um 07:09 Uhr  Zusammengesetzte Verkehrsinformation, seit 09.10.2024, 07:09 A115: Dreieck Nuthetal -> Dreieck Funkturm, zwischen 2.9 km hinter Am Stern und 3.8 km vor AS Hüttenweg  A115 Autobahnzubringer Magdeburg, Dreieck Nuthetal Richtung Dreieck Funkturm, zwischen Anschlussstelle Kleinmachnow und Anschlussstelle Spanische Allee, Baustelle, bis 31.10.2026 17:00 Uhr",52.4002705680864,13.1851637364267
"A671","undefined--vi-avl.2025-05-23_03-29-30-000.f_002.de0","49.99338106009318,8.343496831555655,49.99800182195793,8.345559704948299","49.99338106009318,8.343496831555655","WARNING","A671 | Mainspitz-Dreieck - Hochheim-Süd"," Mainz -> Wiesbaden",0,"QUEUING_TRAFFIC","27.899999618530273",2025-05-23,"Beginn: 23.05.25 um 03:29 Uhr  Angespannte Verkehrslage, seit 23.05.2025, 03:29 A671: Mainz -> Wiesbaden, zwischen 1.3 km hinter AD Mainspitz-Dreieck und 1.5 km vor AS Hochheim-Süd  Stockender Verkehr Reisezeitverlust: 0 Minuten Durchschnittsgeschwindigkeit: 27 km/h",49.9933810600932,8.34349683155565
"A671","undefined--vi-avl.2025-05-23_03-29-30-000.f.de0","49.993293194836504,8.343399616736614,49.993293194836504,8.343399616736614","49.993293194836504,8.343399616736614","WARNING","A671 | Gustavsburg - Gustavsburg"," Mainz -> Wiesbaden",NA,"QUEUING_TRAFFIC","8",2025-05-23,"Beginn: 23.05.25 um 03:29 Uhr  Angespannte Verkehrslage, seit 23.05.2025, 03:29 A671: Mainz -> Wiesbaden, 0.3 km vor AS Gustavsburg, aus Richtung Mainspitz-Dreieck  Stockender Verkehr Durchschnittsgeschwindigkeit: 8 km/h",49.9932931948365,8.34339961673661
