"road","identifier","extent","point","display_type","title","subtitle","delay_minutes","abnormalTrafficType","averageSpeed","startTimestamp","description","latitude","longitude"
"A1","undefined--vi-hind.2025-05-19_19-54-00-000.f_006.de0","50.67331588614863,6.735201692610461,50.65047740093807,6.722068199994528","50.67331588614863,6.735201692610461","WARNING","A1 | Euskirchen - Wißkirchen"," Köln -> Blankenheim",NA,NA,NA,2025-05-19,"Beginn: 19.05.25 um 19:54 Uhr  Hindernis, seit 19.05.2025, 19:54 A1: Köln -> Blankenheim, zwischen 0.7 km hinter AS Euskirchen und 0.3 km vor AS Wißkirchen  Gefahr durch Gegenstände auf der Fahrbahn",50.6733158861486,6.73520169261046
"A1","undefined--vi-hind.2025-05-19_21-40-30-000.f.de0","51.055420656926394,7.052888340799862,51.05625241443639,7.055672429546339","51.055420656926394,7.052888340799862","WARNING","A1 | Leverkusen - Burscheid"," Köln -> Dortmund",NA,NA,NA,2025-05-19,"Beginn: 19.05.25 um 21:40 Uhr  Fahrzeug-Hindernis, seit 19.05.2025, 21:40 A1: Köln -> Dortmund, zwischen 3.5 km hinter AK Leverkusen und 6.3 km vor AS Burscheid Gefahr durch ein defektes Fahrzeug auf der Fahrbahn",51.0554206569264,7.05288834079986
"A1","undefined--vi-avl.2025-05-19_19-31-30-000.f_005.de0","53.02358456180761,8.809381733303995,53.026565426633645,8.853023177618908","53.02358456180761,8.809381733303995","WARNING","A1 | Bremen/Brinkum - Bremen-Arsten"," Osnabrück -> Bremen",7,"STATIONARY_TRAFFIC","19.600000381469727",2025-05-19,"Beginn: 19.05.25 um 19:31 Uhr  Angespannte Verkehrslage, seit 19.05.2025, 19:31 A1: Osnabrück -> Bremen, zwischen 0.5 km hinter AS Bremen/Brinkum und 0.5 km vor AS Bremen-Arsten  Im Stillstand Reisezeitverlust: 7 Minuten Durchschnittsgeschwindigkeit: 19 km/h",53.0235845618076,8.809381733304
"A1","undefined--vi-avl.2025-05-19_21-17-30-000.f_003.de0","53.02358136274723,8.80929243725845,53.02358136274723,8.80929243725845","53.02358136274723,8.80929243725845","WARNING","A1 | Krummhörens Kuhlen - Krummhörens Kuhlen"," Osnabrück -> Bremen",NA,"STATIONARY_TRAFFIC","20",2025-05-19,"Beginn: 19.05.25 um 21:47 Uhr  Angespannte Verkehrslage, seit 19.05.2025, 21:47 A1: Osnabrück -> Bremen, 1.0 km vor Krummhörens Kuhlen, aus Richtung Bremen/Brinkum  Im Stillstand Durchschnittsgeschwindigkeit: 20 km/h",53.0235813627472,8.80929243725845
"A2","undefined--vi-avl.2025-05-19_20-00-00-000.f.de0","51.5386298801034,6.843310174342619,51.53887574555629,6.864115930365085","51.5386298801034,6.843310174342619","WARNING","A2 | Oberhausen - Oberhausen-Königshardt"," Oberhausen -> Dortmund",4,"STATIONARY_TRAFFIC","15.399999618530273",2025-05-19,"Beginn: 19.05.25 um 20:00 Uhr  Angespannte Verkehrslage, seit 19.05.2025, 20:00 A2: Oberhausen -> Dortmund, zwischen 0.6 km hinter AK Oberhausen und 0.4 km vor AS Oberhausen-Königshardt  Im Stillstand Reisezeitverlust: 4 Minuten Durchschnittsgeschwindigkeit: 15 km/h",51.5386298801034,6.84331017434262
"A2","undefined--vi-avl.2025-05-19_20-00-30-000.f_003.de0","51.5386298801034,6.843310174342619,51.5386298801034,6.843310174342619","51.5386298801034,6.843310174342619","WARNING","A2 | Oberhausen-Königshardt - Oberhausen-Königshardt"," Oberhausen -> Dortmund",NA,"STATIONARY_TRAFFIC","7",2025-05-19,"Beginn: 19.05.25 um 21:47 Uhr  Angespannte Verkehrslage, seit 19.05.2025, 21:47 A2: Oberhausen -> Dortmund, 1.8 km vor AS Oberhausen-Königshardt, aus Richtung Oberhausen  Im Stillstand Durchschnittsgeschwindigkeit: 7 km/h",51.5386298801034,6.84331017434262
"A2","undefined--vi-hind.2025-05-19_20-28-00-000.f_006.de0","51.578676000932944,7.505967199998997,51.57855901402244,7.5088034970347515","51.578676000932944,7.505967199998997","WARNING","A2 | Dortmund-Nordost - Dortmund-Lanstrop"," Dortmund -> Hannover",NA,NA,NA,2025-05-19,"Beginn: 19.05.25 um 20:28 Uhr  Fahrzeug-Hindernis, seit 19.05.2025, 20:28 A2: Dortmund -> Hannover, zwischen 0.8 km hinter AS Dortmund-Nordost und 2.7 km vor AS Dortmund-Lanstrop Gefahr durch ein defektes Fahrzeug auf der Fahrbahn",51.5786760009329,7.505967199999
"A3","undefined--vi-avl.2025-05-19_20-36-00-000.f_002.de0","48.5299920664242,13.39984396279744,48.54710455482725,13.397367013243365","48.5299920664242,13.39984396279744","WARNING","A3 | Rottal-Ost - Hammerbach"," Linz -> Nürnberg",1,"SLOW_TRAFFIC","54.099998474121094",2025-05-19,"Beginn: 19.05.25 um 20:36 Uhr  Angespannte Verkehrslage, seit 19.05.2025, 20:36 A3: Linz -> Nürnberg, zwischen 8.3 km hinter Rottal-Ost und 1.6 km vor Hammerbach  Langsamer Verkehr Reisezeitverlust: 1 Minuten Durchschnittsgeschwindigkeit: 54 km/h",48.5299920664242,13.3998439627974
"A3","undefined--vi-avl.2025-05-19_21-33-00-000.f.de0","48.77868643818949,13.026638457608101,48.78923850094671,13.00827200011237","48.77868643818949,13.026638457608101","WARNING","A3 | Hengersberg - Isarblick"," Passau -> Nürnberg",0,"SLOW_TRAFFIC","58.5",2025-05-19,"Beginn: 19.05.25 um 21:33 Uhr  Angespannte Verkehrslage, seit 19.05.2025, 21:33 A3: Passau -> Nürnberg, zwischen 1.4 km hinter AS Hengersberg und 2.7 km vor Isarblick  Langsamer Verkehr Reisezeitverlust: 0 Minuten Durchschnittsgeschwindigkeit: 58 km/h",48.7786864381895,13.0266384576081
"A3","undefined--vi-hind.2025-05-19_20-18-30-000.f_003.de0","49.380533400943676,11.343884400006912,49.361355500943716,11.425877200008168","49.380533400943676,11.343884400006912","WARNING","A3 | Altdorf/Burgthann - Eichenäcker"," Nürnberg -> Passau",NA,NA,NA,2025-05-19,"Beginn: 19.05.25 um 20:18 Uhr  Hindernis, seit 19.05.2025, 20:18 A3: Nürnberg -> Passau, zwischen 0.3 km hinter AS Altdorf/Burgthann und 1.0 km vor Eichenäcker  Gefahr durch Gegenstände auf der Fahrbahn",49.3805334009437,11.3438844000069
"A3","undefined--vi-hind.2025-05-19_21-17-00-000.f_001.de0","49.53584951350884,11.039071192889226,49.501380209361976,11.129243728635945","49.53584951350884,11.039071192889226","WARNING","A3 | Erlangen-Tennenlohe - Nürnberg-Nord"," Würzburg -> Nürnberg",NA,NA,NA,2025-05-19,"Beginn: 19.05.25 um 21:17 Uhr  Fahrzeug-Hindernis, seit 19.05.2025, 21:17 A3: Würzburg -> Nürnberg, zwischen 0.7 km hinter AS Erlangen-Tennenlohe und 0.4 km vor AS Nürnberg-Nord Gefahr durch ein defektes Fahrzeug auf der Fahrbahn",49.5358495135088,11.0390711928892
"A3","undefined--vi-hind.2025-05-19_21-41-00-000.f_001.de0","49.78133200094207,10.214134600000515,49.775000168533836,10.341546909847363","49.78133200094207,10.214134600000515","WARNING","A3 | Kitzingen/Schwarzach - Wiesentheid"," Würzburg -> Nürnberg",NA,NA,NA,2025-05-19,"Beginn: 19.05.25 um 21:41 Uhr  Fahrzeug-Hindernis, seit 19.05.2025, 21:41 A3: Würzburg -> Nürnberg, zwischen 0.4 km hinter AS Kitzingen/Schwarzach und 0.3 km vor AS Wiesentheid",49.7813320009421,10.2141346000005
"A3","undefined--vi-zus.2025-05-19_21-47-30-000.f.de0","49.75218820973652,9.932415443023865,49.754830226297265,9.91797672080349","49.75218820973652,9.932415443023865","WARNING","A3 | Würzburg - Würzburg/Kist"," Nürnberg -> Frankfurt",0,"SLOW_TRAFFIC","58.599998474121094",2025-05-19,"Beginn: 19.05.25 um 21:47 Uhr  Zusammengesetzte Verkehrsinformation, seit 19.05.2025, 21:47 A3: Nürnberg -> Frankfurt, zwischen 2.3 km hinter Würzburg und 5.5 km vor AS Würzburg/Kist  Langsamer Verkehr Reisezeitverlust: 0 Minuten Durchschnittsgeschwindigkeit: 58 km/h",49.7521882097365,9.93241544302387
"A3","undefined--vi-hind.2025-05-19_20-35-00-000.f_003.de0","49.81807230094192,9.557897500000147,49.76987810094211,9.58305290000015","49.81807230094192,9.557897500000147","WARNING","A3 | Kohlsberg - Fronberg"," Frankfurt -> Würzburg",NA,NA,NA,2025-05-19,"Beginn: 19.05.25 um 20:35 Uhr  Hindernis, seit 19.05.2025, 20:35 A3: Frankfurt -> Würzburg, zwischen 3.5 km hinter Kohlsberg und 9.9 km vor Fronberg  Gefahr durch Personen auf der Fahrbahn",49.8180723009419,9.55789750000015
"A3","undefined--vi-hind.2025-05-19_19-02-05-000.f_008.de0","49.93618220094141,9.347012000000095,49.93587303761145,9.347237728894852","49.93618220094141,9.347012000000095","WARNING","A3 | Weibersbrunn - Rohrbrunn"," Frankfurt -> Würzburg",NA,NA,NA,2025-05-19,"Beginn: 19.05.25 um 19:02 Uhr  Fahrzeug-Hindernis, seit 19.05.2025, 19:02 A3: Frankfurt -> Würzburg, zwischen 0.3 km hinter AS Weibersbrunn und 5.4 km vor AS Rohrbrunn Gefahr durch ein defektes Fahrzeug auf der Fahrbahn",49.9361822009414,9.3470120000001
"A3","undefined--vi-hind.2025-05-19_20-52-30-000.f_006.de0","50.98718079341669,7.013933981348319,50.988459687364724,7.013281338558663","50.98718079341669,7.013933981348319","WARNING","A3 | Köln-Mülheim - Leverkusen-Zentrum"," Köln -> Oberhausen",NA,NA,NA,2025-05-19,"Beginn: 19.05.25 um 20:52 Uhr  Fahrzeug-Hindernis, seit 19.05.2025, 20:52 A3: Köln -> Oberhausen, zwischen 0.4 km hinter AS Köln-Mülheim und 4.0 km vor AS Leverkusen-Zentrum Gefahr durch ein defektes Fahrzeug auf der Fahrbahn",50.9871807934167,7.01393398134832
"A3","undefined--vi-avl.2025-05-19_20-37-30-000.f_002.de0","51.0440717187152,7.005842924881878,51.0440717187152,7.005842924881878","51.0440717187152,7.005842924881878","WARNING","A3 | Leverkusen - Leverkusen"," Oberhausen -> Köln",NA,"STATIONARY_TRAFFIC","8",2025-05-19,"Beginn: 19.05.25 um 21:47 Uhr  Angespannte Verkehrslage, seit 19.05.2025, 21:47 A3: Oberhausen -> Köln, 0.3 km vor AK Leverkusen, aus Richtung Leverkusen-Opladen  Im Stillstand Durchschnittsgeschwindigkeit: 8 km/h",51.0440717187152,7.00584292488188
"A3","undefined--vi-hind.2025-05-19_20-36-00-000.f_003.de0","51.03506290106329,7.009007159834092,51.02508757451233,7.011214804424841","51.03506290106329,7.009007159834092","WARNING","A3 | Leverkusen - Leverkusen-Zentrum"," Oberhausen -> Köln",NA,NA,NA,2025-05-19,"Beginn: 19.05.25 um 20:36 Uhr  Hindernis, seit 19.05.2025, 20:36 A3: Oberhausen -> Köln, zwischen 0.8 km hinter AK Leverkusen und 0.1 km vor AS Leverkusen-Zentrum  Gefahr durch eine ungesicherte Unfallstelle",51.0350629010633,7.00900715983409
"A3","undefined--vi-zus.2025-05-19_20-35-30-000.f_001.de0","51.044063681350586,7.00584931470104,51.03136577542134,7.0097834345433965","51.044063681350586,7.00584931470104","WARNING","A3 | Leverkusen-Opladen - Leverkusen-Zentrum"," Oberhausen -> Köln",4,"STATIONARY_TRAFFIC","16.100000381469727",2025-05-19,"Beginn: 19.05.25 um 20:35 Uhr  Zusammengesetzte Verkehrsinformation, seit 19.05.2025, 20:35 A3: Oberhausen -> Köln, zwischen 1.7 km hinter AS Leverkusen-Opladen und 0.8 km vor AS Leverkusen-Zentrum  Im Stillstand Reisezeitverlust: 4 Minuten Durchschnittsgeschwindigkeit: 16 km/h  Gefahr durch eine ungesicherte Unfallstelle",51.0440636813506,7.00584931470104
"A4","undefined--vi-zus.2025-05-19_21-46-30-000.f.de0","50.88828072972216,6.932411857352662,50.89357310395614,6.920414723104205","50.88828072972216,6.932411857352662","WARNING","A4 | Köln-Süd - Köln-Klettenberg"," Köln -> Heerlen/Aachen",0,"SLOW_TRAFFIC","57.099998474121094",2025-05-19,"Beginn: 19.05.25 um 21:46 Uhr  Zusammengesetzte Verkehrsinformation, seit 19.05.2025, 21:46 A4: Köln -> Heerlen/Aachen, zwischen 2.6 km hinter AK Köln-Süd und 0.9 km vor AS Köln-Klettenberg  Langsamer Verkehr Reisezeitverlust: 0 Minuten Durchschnittsgeschwindigkeit: 57 km/h",50.8882807297222,6.93241185735266
"A4","undefined--vi-zus.2025-05-19_20-52-30-000.f_002.de0","50.90686020093674,6.998990199996974,50.887143669159386,6.9731587626731715","50.90686020093674,6.998990199996974","WARNING","A4 | Köln-Poll - Köln-Süd"," Köln -> Heerlen/Aachen",NA,NA,NA,2025-05-19,"Beginn: 19.05.25 um 20:52 Uhr  Zusammengesetzte Verkehrsinformation, seit 19.05.2025, 20:52 A4: Köln -> Heerlen/Aachen, zwischen 0.5 km hinter AS Köln-Poll und 0.4 km vor AK Köln-Süd  Gefahr durch Personen auf der Fahrbahn  Gefahr durch ein defektes Fahrzeugs auf der Fahrbahn  A4 Köln Richtung Heerlen/Aachen zwischen Köln-Poll und Kreuz Köln-Süd Gefahr durch liegengebliebenes Fahrzeug auf dem rechten Fahrstreifen, Gefahr durch Personen auf der Fahrbahn",50.9068602009367,6.99899019999697
"A4","undefined--vi-zus.2025-05-19_11-40-25-000.f_015.de0","51.1810751649104,15.008092488371936,51.186736500965786,14.989494200636342","51.1810751649104,15.008092488371936","WARNING","A4 | Ludwigsdorf - An der Neiße"," Görlitz -> Dresden",2,"SLOW_TRAFFIC","16",2025-05-19,"Beginn: 19.05.25 um 11:40 Uhr  Zusammengesetzte Verkehrsinformation, seit 19.05.2025, 11:40 A4: Görlitz -> Dresden, zwischen Ludwigsdorf und 0.1 km vor An der Neiße  Langsamer Verkehr Reisezeitverlust: 2 Minuten Durchschnittsgeschwindigkeit: 16 km/h",51.1810751649104,15.0080924883719
"A5","undefined--vi-avl.2025-05-19_20-36-00-000.f_004.de0","47.67522994209035,7.523711877627248,47.679953851412556,7.523277335071464","47.67522994209035,7.523711877627248","WARNING","A5 | Weil am Rhein - Rheinaue"," Basel -> Karlsruhe",3,"STATIONARY_TRAFFIC","9.399999618530273",2025-05-19,"Beginn: 19.05.25 um 20:36 Uhr  Angespannte Verkehrslage, seit 19.05.2025, 20:36 A5: Basel -> Karlsruhe, zwischen 7.9 km hinter AD Weil am Rhein und 3.1 km vor Rheinaue  Im Stillstand Reisezeitverlust: 3 Minuten Durchschnittsgeschwindigkeit: 9 km/h",47.6752299420903,7.52371187762725
"A5","undefined--vi-avl.2025-05-19_20-37-30-000.f_003.de0","47.67521195161683,7.523712294974333,47.67521195161683,7.523712294974333","47.67521195161683,7.523712294974333","WARNING","A5 | Efringen-Kirchen - Efringen-Kirchen"," Basel -> Karlsruhe",NA,"STATIONARY_TRAFFIC","5",2025-05-19,"Beginn: 19.05.25 um 21:47 Uhr  Angespannte Verkehrslage, seit 19.05.2025, 21:47 A5: Basel -> Karlsruhe, 0.3 km vor AS Efringen-Kirchen, aus Richtung Weil am Rhein  Im Stillstand Durchschnittsgeschwindigkeit: 5 km/h",47.6752119516168,7.52371229497433
"A5","undefined--vi-unf.2025-05-19_19-12-00-000.f_004.de0","47.74731966254893,7.550205889719576,47.81634428297589,7.554743369304464","47.74731966254893,7.550205889719576","WARNING","A5 | Galgenloch - Neuenburg"," Basel -> Karlsruhe",NA,NA,NA,2025-05-19,"Beginn: 19.05.25 um 19:12 Uhr  Unfall, seit 19.05.2025, 19:12 A5: Basel -> Karlsruhe, zwischen 0.2 km hinter Galgenloch und 1.6 km vor Neuenburg",47.7473196625489,7.55020588971958
"A5","undefined--vi-unf.2025-05-19_18-46-30-000.f_004.de0","47.784415033764276,7.53658778740455,47.814678300948195,7.553525299999106","47.784415033764276,7.53658778740455","WARNING","A5 | Neuenburg - Neuenburg"," Basel -> Karlsruhe",NA,NA,NA,2025-05-19,"Beginn: 19.05.25 um 18:46 Uhr  Unfall, seit 19.05.2025, 18:46 A5: Basel -> Karlsruhe, zwischen 0.9 km hinter AD Neuenburg und 1.9 km vor Neuenburg",47.7844150337643,7.53658778740455
"A5","undefined--vi-zus.2025-05-19_21-34-30-000.f.de0","47.79559862529983,7.541124746230616,47.80716953072818,7.548142335406055","47.79559862529983,7.541124746230616","WARNING","A5 | Weidengrien - Müllheim/Neuenburg"," Basel -> Karlsruhe",9,"STATIONARY_TRAFFIC","7.900000095367432",2025-05-19,"Beginn: 19.05.25 um 21:34 Uhr  Zusammengesetzte Verkehrsinformation, seit 19.05.2025, 21:34 A5: Basel -> Karlsruhe, zwischen 0.6 km hinter Weidengrien und 0.8 km vor AS Müllheim/Neuenburg  Im Stillstand Reisezeitverlust: 9 Minuten Durchschnittsgeschwindigkeit: 7 km/h",47.7955986252998,7.54112474623062
"A5","undefined--vi-avl.2025-05-19_21-34-30-000.f_001.de0","47.79559862529983,7.541124746230616,47.79559862529983,7.541124746230616","47.79559862529983,7.541124746230616","WARNING","A5 | Müllheim/Neuenburg - Müllheim/Neuenburg"," Basel -> Karlsruhe",NA,"STATIONARY_TRAFFIC","4",2025-05-19,"Beginn: 19.05.25 um 21:45 Uhr  Angespannte Verkehrslage, seit 19.05.2025, 21:45 A5: Basel -> Karlsruhe, 2.2 km vor AS Müllheim/Neuenburg, aus Richtung Weidengrien  Im Stillstand Durchschnittsgeschwindigkeit: 4 km/h",47.7955986252998,7.54112474623062
"A6","undefined--vi-unf.2025-05-19_17-53-40-000.f_008.de0","49.3386096009438,7.294529899998337,49.37161520094368,7.368636399998608","49.3386096009438,7.294529899998337","WARNING","A6 | Neunkirchen - Waldmohr"," Metz/Saarbrücken -> Kaiserslautern",NA,NA,NA,2025-05-19,"Beginn: 19.05.25 um 17:53 Uhr  Unfall, seit 19.05.2025, 17:53 A6: Metz/Saarbrücken -> Kaiserslautern, zwischen 4.3 km hinter AK Neunkirchen und 0.5 km vor Waldmohr",49.3386096009438,7.29452989999834
"A6","undefined--vi-hind.2025-05-19_21-42-00-000.f.de0","49.55620046256542,8.548894966834956,49.553618400942995,8.453963299999867","49.55620046256542,8.548894966834956","WARNING","A6 | Viernheimer Dreieck - Mannheim-Sandhofen"," Heilbronn -> Kaiserslautern",NA,NA,NA,2025-05-19,"Beginn: 19.05.25 um 21:42 Uhr  Fahrzeug-Hindernis, seit 19.05.2025, 21:42 A6: Heilbronn -> Kaiserslautern, zwischen 0.8 km hinter AD Viernheimer Dreieck und 0.5 km vor AS Mannheim-Sandhofen",49.5562004625654,8.54889496683496
"A6","undefined--vi-hind.2025-05-19_20-50-32-000.f_004.de0","49.25652729353772,10.591871442975938,49.27795020094403,10.717874100001723","49.25652729353772,10.591871442975938","WARNING","A6 | Ansbach - Lichtenau"," Heilbronn -> Nürnberg",NA,NA,NA,2025-05-19,"Beginn: 19.05.25 um 20:50 Uhr  Hindernis, seit 19.05.2025, 20:50 A6: Heilbronn -> Nürnberg, zwischen 0.2 km hinter AS Ansbach und 0.2 km vor AS Lichtenau  Gefahr durch Gegenstände auf der Fahrbahn",49.2565272935377,10.5918714429759
"A6","undefined--vi-avl.2025-05-19_21-36-00-000.f_002.de0","49.63298267604683,12.455482163891759,49.63298267604683,12.455482163891759","49.63298267604683,12.455482163891759","WARNING","A6 | Ulrichsberg - Ulrichsberg"," Pilsen -> Nürnberg",NA,"STATIONARY_TRAFFIC","15",2025-05-19,"Beginn: 19.05.25 um 21:47 Uhr  Angespannte Verkehrslage, seit 19.05.2025, 21:47 A6: Pilsen -> Nürnberg, 0.3 km vor Ulrichsberg, aus Richtung Waidhaus  Im Stillstand Durchschnittsgeschwindigkeit: 15 km/h",49.6329826760468,12.4554821638918
"A6","undefined--vi-zus.2025-05-19_21-05-00-000.f_001.de0","49.63298267604683,12.455482163891759,49.629822456439456,12.448038252468278","49.63298267604683,12.455482163891759","WARNING","A6 | Waidhaus - Pleystein"," Pilsen -> Nürnberg",1,"STATIONARY_TRAFFIC","25.600000381469727",2025-05-19,"Beginn: 19.05.25 um 21:05 Uhr  Zusammengesetzte Verkehrsinformation, seit 19.05.2025, 21:05 A6: Pilsen -> Nürnberg, zwischen 2.6 km hinter AS Waidhaus und 2.7 km vor AS Pleystein  Im Stillstand Reisezeitverlust: 1 Minuten Durchschnittsgeschwindigkeit: 25 km/h",49.6329826760468,12.4554821638918
"A7","undefined--vi-zus.2025-05-19_21-23-30-000.f.de0","47.572965577642115,10.660922982282756,47.577037246669576,10.66215100562998","47.572965577642115,10.660922982282756","WARNING","A7 | Grenztunnel Füssen - Reinertshofertunnel"," Füssen/Reutte -> Ulm",0,"QUEUING_TRAFFIC","21.399999618530273",2025-05-19,"Beginn: 19.05.25 um 21:23 Uhr  Zusammengesetzte Verkehrsinformation, seit 19.05.2025, 21:23 A7: Füssen/Reutte -> Ulm, zwischen 1.6 km hinter Grenztunnel Füssen und 2.7 km vor Reinertshofertunnel  Stockender Verkehr Reisezeitverlust: 0 Minuten Durchschnittsgeschwindigkeit: 21 km/h",47.5729655776421,10.6609229822828
"A7","undefined--vi-zus.2025-05-13_04-57-00-000.f_002.de0","47.595412441892016,10.656244234565428,47.62855194383104,10.58197876986764","47.595412441892016,10.656244234565428","WARNING","A7 | Füssen - Nesselwang"," Füssen/Reutte -> Ulm",NA,NA,NA,2025-05-13,"Beginn: 13.05.25 um 04:57 Uhr  Zusammengesetzte Verkehrsinformation, seit 13.05.2025, 04:57 A7: Füssen/Reutte -> Ulm, zwischen 2.5 km hinter AS Füssen und 4.4 km vor AS Nesselwang  A7 Füssen/Reutte Richtung Ulm zwischen Reinertshoftunnel und Nesselwang Verkehr wird über die Gegenfahrbahn geleitet, Baustelle, von 16.05.2025 05:00 Uhr bis 18.07.2025 15:00 Uhr",47.595412441892,10.6562442345654
"A7","undefined--vi-avl.2025-05-19_21-37-30-000.f_001.de0","47.629506050197506,10.601875554865249,47.62854032886443,10.586606678743902","47.629506050197506,10.601875554865249","WARNING","A7 | Reinertshofertunnel - Nesselwang"," Füssen/Reutte -> Ulm",0,"SLOW_TRAFFIC","64.30000305175781",2025-05-19,"Beginn: 19.05.25 um 21:37 Uhr  Angespannte Verkehrslage, seit 19.05.2025, 21:37 A7: Füssen/Reutte -> Ulm, zwischen 7.2 km hinter Reinertshofertunnel und 4.8 km vor AS Nesselwang  Langsamer Verkehr Reisezeitverlust: 0 Minuten Durchschnittsgeschwindigkeit: 64 km/h",47.6295060501975,10.6018755548652
"A7","undefined--vi-avl.2025-05-19_21-37-30-000.f_002.de0","47.604724750386666,10.655635225757555,47.61442526041592,10.66036887997401","47.604724750386666,10.655635225757555","WARNING","A7 | Reinertshofertunnel - Nesselwang"," Füssen/Reutte -> Ulm",0,"SLOW_TRAFFIC","64.5",2025-05-19,"Beginn: 19.05.25 um 21:37 Uhr  Angespannte Verkehrslage, seit 19.05.2025, 21:37 A7: Füssen/Reutte -> Ulm, zwischen 0.5 km hinter Reinertshofertunnel und 11.5 km vor AS Nesselwang  Langsamer Verkehr Reisezeitverlust: 0 Minuten Durchschnittsgeschwindigkeit: 64 km/h",47.6047247503867,10.6556352257576
"A7","undefined--vi-zus.2025-05-19_21-47-00-000.f.de0","50.239512984333594,9.875623360891469,50.248674088966204,9.87512783350896","50.239512984333594,9.875623360891469","WARNING","A7 | Bildbuche - Rhön"," Würzburg -> Fulda",1,"QUEUING_TRAFFIC","36.79999923706055",2025-05-19,"Beginn: 19.05.25 um 21:47 Uhr  Zusammengesetzte Verkehrsinformation, seit 19.05.2025, 21:47 A7: Würzburg -> Fulda, zwischen 1.2 km hinter Bildbuche und 1.9 km vor Rhön  Stockender Verkehr Reisezeitverlust: 1 Minuten Durchschnittsgeschwindigkeit: 36 km/h",50.2395129843336,9.87562336089147
"A7","undefined--vi-avl.2025-05-19_21-47-30-000.f.de0","50.239512984333594,9.875623360891469,50.239512984333594,9.875623360891469","50.239512984333594,9.875623360891469","WARNING","A7 | Veitsbrunn - Veitsbrunn"," Würzburg -> Fulda",NA,"QUEUING_TRAFFIC","21",2025-05-19,"Beginn: 19.05.25 um 21:47 Uhr  Angespannte Verkehrslage, seit 19.05.2025, 21:47 A7: Würzburg -> Fulda, in Höhe Veitsbrunn, aus Richtung Bildbuche  Stockender Verkehr Durchschnittsgeschwindigkeit: 21 km/h",50.2395129843336,9.87562336089147
"A7","undefined--vi-zus.2025-05-19_21-45-30-000.f_002.de0","50.24246118925683,9.87416287312733,50.25490635496167,9.88012446472483","50.24246118925683,9.87416287312733","WARNING","A7 | Veitsbrunn - Rhön"," Würzburg -> Fulda",NA,NA,NA,2025-05-19,"Beginn: 19.05.25 um 21:45 Uhr  Zusammengesetzte Verkehrsinformation, seit 19.05.2025, 21:45 A7: Würzburg -> Fulda, zwischen 0.3 km hinter Veitsbrunn und 1.1 km vor Rhön  A7 Würzburg Richtung Fulda
zwischen Bad Kissingen/Oberthulba und Bad Brückenau/Wildflecken
Gefahr durch 1 brennendes Fahrzeug, Gasse für Rettungs- und Einsatzfahrzeuge bilden, Polizei und Kräfte zur Störungsbeseitigung sind unterwegs",50.2424611892568,9.87416287312733
"A7","undefined--vi-hind.2025-05-19_21-45-30-000.f.de0","51.11367060731468,9.484299864755064,51.112167785788955,9.483817752800693","51.11367060731468,9.484299864755064","WARNING","A7 | Melsungen - Malsfeld"," Kassel -> Fulda",NA,NA,NA,2025-05-19,"Beginn: 19.05.25 um 21:45 Uhr  Fahrzeug-Hindernis, seit 19.05.2025, 21:45 A7: Kassel -> Fulda, zwischen 1.3 km hinter AS Melsungen und 2.7 km vor AS Malsfeld Gefahr durch ein defektes Fahrzeug auf der Fahrbahn",51.1136706073147,9.48429986475506
"A7","undefined--vi-hind.2025-05-19_18-37-50-000.f_007.de0","51.62995586638154,9.919160032779399,51.700829805128095,9.938183272438987","51.62995586638154,9.919160032779399","WARNING","A7 | Nörten-Hardenberg - Schlochau"," Kassel -> Hannover",NA,NA,NA,2025-05-19,"Beginn: 19.05.25 um 18:37 Uhr  Fahrzeug-Hindernis, seit 19.05.2025, 18:37 A7: Kassel -> Hannover, zwischen 0.1 km hinter AS Nörten-Hardenberg und 1.8 km vor Schlochau",51.6299558663815,9.9191600327794
"A7","undefined--vi-zus.2025-03-31_00-40-00-000.f_018.de0","53.579141433849884,9.913430072127355,53.55636870091902,9.897540700000414","53.579141433849884,9.913430072127355","WARNING","A7 | Hamburg-Volkspark - Elbtunnel (Nordportal)"," Flensburg -> Hamburg",NA,NA,NA,2025-03-31,"Beginn: 31.03.25 um 00:40 Uhr  Zusammengesetzte Verkehrsinformation, seit 31.03.2025, 00:40 A7: Flensburg -> Hamburg, zwischen 0.4 km hinter AS Hamburg-Volkspark und 0.9 km vor Elbtunnel (Nordportal)  A7 Flensburg Richtung Hamburg Ausfahrt Hamburg-Othmarschen Fahrbahnverengung, maximale Fahrbahnbreite von 4,50 m, Bauarbeiten, bis 29.09.2025",53.5791414338499,9.91343007212735
"A8","undefined--vi-zus.2025-03-26_17-59-56-000.f_013.de0","49.32575278791285,7.172731755291576,49.327350714671546,7.213275819282444","49.32575278791285,7.172731755291576","WARNING","A8 | Neunkirchen/Spiesen - Kohlhof"," Saarlouis -> Neunkirchen",NA,NA,NA,2025-03-26,"Beginn: 26.03.25 um 17:59 Uhr  Zusammengesetzte Verkehrsinformation, seit 26.03.2025, 17:59 A8: Saarlouis -> Neunkirchen, zwischen 1.5 km hinter AS Neunkirchen/Spiesen und 1.0 km vor Kohlhof  A8 Saarlouis - Neunkirchen zwischen Neunkirchen-Spiesen und Neunkirchen-Oberstadt in beiden Richtungen Bauarbeiten, bis voraussichtlich 01.06.2025",49.3257527879128,7.17273175529158
"A8","undefined--vi-zus.2025-05-14_09-26-56-000.f.de0","49.32628400979037,7.229641516813452,49.329166750017514,7.1882642393148934","49.32628400979037,7.229641516813452","WARNING","A8 | Neunkirchen-Wellesweiler - Neunkirchen/Spiesen"," Neunkirchen -> Saarlouis",NA,NA,NA,2025-05-14,"Beginn: 14.05.25 um 09:26 Uhr  Zusammengesetzte Verkehrsinformation, seit 14.05.2025, 09:26 A8: Neunkirchen -> Saarlouis, zwischen 0.4 km hinter AS Neunkirchen-Wellesweiler und 2.7 km vor AS Neunkirchen/Spiesen  A8 Saarlouis - Neunkirchen zwischen Neunkirchen-Spiesen und Neunkirchen-Oberstadt in beiden Richtungen Bauarbeiten, bis voraussichtlich 01.06.2025",49.3262840097904,7.22964151681345
"A8","undefined--vi-avl.2025-05-19_19-55-03-000.f_003.de0","48.881977352352855,8.78796617904081,48.86548047692167,8.792136645405796","48.881977352352855,8.78796617904081","WARNING","A8 | Pforzheim - Heimsheim"," Karlsruhe -> Stuttgart",4,"STATIONARY_TRAFFIC","22",2025-05-19,"Beginn: 19.05.25 um 19:55 Uhr  Angespannte Verkehrslage, seit 19.05.2025, 19:55 A8: Karlsruhe -> Stuttgart, zwischen 3.1 km hinter Pforzheim und 7.4 km vor AS Heimsheim  Im Stillstand Reisezeitverlust: 4 Minuten Durchschnittsgeschwindigkeit: 22 km/h",48.8819773523529,8.78796617904081
"A8","undefined--vi-avl.2025-05-19_20-02-30-000.f_002.de0","48.88193249065589,8.787971098579114,48.88193249065589,8.787971098579114","48.88193249065589,8.787971098579114","WARNING","A8 | Pforzheim-Süd - Pforzheim-Süd"," Karlsruhe -> Stuttgart",NA,"STATIONARY_TRAFFIC","11",2025-05-19,"Beginn: 19.05.25 um 21:47 Uhr  Angespannte Verkehrslage, seit 19.05.2025, 21:47 A8: Karlsruhe -> Stuttgart, 0.3 km vor AS Pforzheim-Süd, aus Richtung Pforzheim  Im Stillstand Durchschnittsgeschwindigkeit: 11 km/h",48.8819324906559,8.78797109857911
"A9","undefined--vi-hind.2025-05-19_21-12-30-000.f_004.de0","48.582231536116765,11.58606660534785,48.64292580094614,11.518115800010378","48.582231536116765,11.58606660534785","WARNING","A9 | Holledau - Langenbruck"," München -> Nürnberg",NA,NA,NA,2025-05-19,"Beginn: 19.05.25 um 21:12 Uhr  Fahrzeug-Hindernis, seit 19.05.2025, 21:12 A9: München -> Nürnberg, zwischen 0.5 km hinter AD Holledau und 0.3 km vor AS Langenbruck Gefahr durch ein defektes Fahrzeug auf der Fahrbahn",48.5822315361168,11.5860666053479
"A9","undefined--vi-zus.2025-05-19_19-31-30-000.f_002.de0","48.71796315836113,11.481275506288835,48.73516756601846,11.469076647308716","48.71796315836113,11.481275506288835","WARNING","A9 | Neuburg a.d.Donau - Ingolstadt-Süd"," München -> Nürnberg",1,"SLOW_TRAFFIC","62.20000076293945",2025-05-19,"Beginn: 19.05.25 um 19:31 Uhr  Zusammengesetzte Verkehrsinformation, seit 19.05.2025, 19:31 A9: München -> Nürnberg, zwischen 0.7 km hinter AS Neuburg a.d.Donau und 1.9 km vor AS Ingolstadt-Süd  Langsamer Verkehr Reisezeitverlust: 1 Minuten Durchschnittsgeschwindigkeit: 62 km/h",48.7179631583611,11.4812755062888
"A9","undefined--vi-hind.2025-05-19_21-09-30-000.f_001.de0","49.1913710588844,11.248113670093643,49.19201585851902,11.247569994242685","49.1913710588844,11.248113670093643","WARNING","A9 | Hilpoltstein - Göggelsbuch"," München -> Nürnberg",NA,NA,NA,2025-05-19,"Beginn: 19.05.25 um 21:09 Uhr  Fahrzeug-Hindernis, seit 19.05.2025, 21:09 A9: München -> Nürnberg, zwischen 3.5 km hinter AS Hilpoltstein und 3.6 km vor Göggelsbuch Gefahr durch ein defektes Fahrzeug auf der Fahrbahn",49.1913710588844,11.2481136700936
"A9","undefined--vi-avl.2025-05-19_20-04-33-000.f.de0","50.92486867671974,11.839325444619517,50.93997703975021,11.835181273395047","50.92486867671974,11.839325444619517","WARNING","A9 | Bad Klosterlausnitz - Kuhberg"," Nürnberg -> Halle/Leipzig",0,"SLOW_TRAFFIC","60.400001525878906",2025-05-19,"Beginn: 19.05.25 um 20:04 Uhr  Angespannte Verkehrslage, seit 19.05.2025, 20:04 A9: Nürnberg -> Halle/Leipzig, zwischen 1.5 km hinter AS Bad Klosterlausnitz und 3.2 km vor Kuhberg  Langsamer Verkehr Reisezeitverlust: 0 Minuten Durchschnittsgeschwindigkeit: 60 km/h",50.9248686767197,11.8393254446195
"A12","undefined--vi-avl.2025-05-19_16-20-22-000.f_005.de0","52.3155760805876,14.577600847563337,52.314680708111105,14.561546427138259","52.3155760805876,14.577600847563337","WARNING","A12 | Frankfurt(Oder) - Frankfurt(Oder)-Mitte"," Frankfurt(Oder) -> Berliner Ring",4,"SLOW_TRAFFIC","8.399999618530273",2025-05-19,"Beginn: 19.05.25 um 16:20 Uhr  Angespannte Verkehrslage, seit 19.05.2025, 16:20 A12: Frankfurt(Oder) -> Berliner Ring, zwischen Frankfurt(Oder) und 2.9 km vor AS Frankfurt(Oder)-Mitte  Langsamer Verkehr Reisezeitverlust: 4 Minuten Durchschnittsgeschwindigkeit: 8 km/h",52.3155760805876,14.5776008475633
"A12","WarnungA10Lkw3","47.61802931631098,12.202336027754352,47.61802931631098,12.202336027754352","47.61802931631098,12.202336027754352","WARNING","E45/E60 | LKW Blockabfertigung | A12-Inntal Autobahn","Richtung Italien",NA,NA,NA,2025-01-11,"Zeitraum: Beginn: 07.01.2025 Ende: 09.12.2025  Hinweis für LKW-Reisende nach Österreich: LKW-Blockabfertigungen an ausgewählten Tagen für Lkw am Grenzübergang Kufstein/Kiefersfelden. Maximaler Durchlass von 300 LKWs pro Stunde  Die genauen Ausführungszeiten und weitere Informationen auf tirol.gv.at/verkehr/verkehrs-und-seilbahnrecht/lkw-dosierung.",47.618029316311,12.2023360277544
"A12","WarnungA10Lkw2","47.6164490154047,12.202382557672273,47.6164490154047,12.202382557672273","47.6164490154047,12.202382557672273","WARNING","E43/E45/E60 | A13-Brenner Autobahn","Richtung Italien",NA,NA,NA,2025-01-11,"Zeitraum: Beginn: 11.01.2025 Ende: 27.09.2025  Hinweis für LKW-Reisende nach Österreich: LKW-Fahrverbot auf der A12-Inntal Autobahn, A13-Brenner Autobahn und A14-Rheintal/Walgau Autobahn, wenn das Ziel der Fahrt der Anschlussstelle Nößlach bis Anschlussstelle Brenner Nord der Richtungsfahrbahn Staatsgrenze der A 13 Brenner Autobahn erreicht werden soll. An ausgewählten Samstagen 7-15 Uhr sowie weiteren Tagen im Zeitraum 11.01. - 27.09.2025 Weitere Informationen auf http://asfinag.at/a13",47.6164490154047,12.2023825576723
"A14","undefined--vi-hind.2025-05-19_17-22-02-000.f_010.de0","53.15945940092222,11.728050100009963,53.15945940092222,11.728050100009963","53.15945940092222,11.728050100009963","WARNING","A14 | Karstädt - Groß Warnow"," Wittenberge -> Schwerin",NA,NA,NA,2025-05-19,"Beginn: 19.05.25 um 17:22 Uhr  Hindernis, seit 19.05.2025, 17:22 A14: Wittenberge -> Schwerin, zwischen 0.4 km hinter AS Karstädt und 10.4 km vor AS Groß Warnow  Gefahr durch Gegenstände auf der Fahrbahn",53.1594594009222,11.72805010001
"A14","undefined--vi-hind.2025-05-19_17-17-30-000.f_009.de0","53.15961128935529,11.72789029312949,53.223319900921695,11.615065400008177","53.15961128935529,11.72789029312949","WARNING","A14 | Karstädt - Meynbach"," Wittenberge -> Schwerin",NA,NA,NA,2025-05-19,"Beginn: 19.05.25 um 17:17 Uhr  Hindernis, seit 19.05.2025, 17:17 A14: Wittenberge -> Schwerin, zwischen 0.4 km hinter AS Karstädt und 1.8 km vor Meynbach  Gefahr durch Gegenstände auf der Fahrbahn",53.1596112893553,11.7278902931295
"A31","undefined--vi-avl.2025-05-19_21-23-30-000.f.de0","52.11533598065041,7.086335600887026,52.13225657840769,7.089168011963959","52.11533598065041,7.086335600887026","WARNING","A31 | Averbeck - Gronau/Ochtrup"," Oberhausen -> Gronau",0,"SLOW_TRAFFIC","67.4000015258789",2025-05-19,"Beginn: 19.05.25 um 21:23 Uhr  Angespannte Verkehrslage, seit 19.05.2025, 21:23 A31: Oberhausen -> Gronau, zwischen 1.2 km hinter Averbeck und 7.0 km vor AS Gronau/Ochtrup  Langsamer Verkehr Reisezeitverlust: 0 Minuten Durchschnittsgeschwindigkeit: 67 km/h",52.1153359806504,7.08633560088703
"A38","undefined--vi-avl.2025-05-19_21-47-00-000.f.de0","51.408487796006405,10.182897221506654,51.409612038753814,10.168566746879504","51.408487796006405,10.182897221506654","WARNING","A38 | Leinefelde-Worbis - Heilbad Heiligenstadt"," Halle -> Göttingen",0,"SLOW_TRAFFIC","65.9000015258789",2025-05-19,"Beginn: 19.05.25 um 21:47 Uhr  Angespannte Verkehrslage, seit 19.05.2025, 21:47 A38: Halle -> Göttingen, zwischen 11.6 km hinter AS Leinefelde-Worbis und 3.1 km vor AS Heilbad Heiligenstadt  Langsamer Verkehr Reisezeitverlust: 0 Minuten Durchschnittsgeschwindigkeit: 65 km/h",51.4084877960064,10.1828972215067
"A40","undefined--vi-avl.2025-05-19_21-22-30-000.f_001.de0","51.486709200418545,7.184217619437807,51.495854149665654,7.188925738353752","51.486709200418545,7.184217619437807","WARNING","A40 | Bochum-West - Bochum-Hamme"," Essen -> Dortmund",1,"SLOW_TRAFFIC","37.099998474121094",2025-05-19,"Beginn: 19.05.25 um 21:22 Uhr  Angespannte Verkehrslage, seit 19.05.2025, 21:22 A40: Essen -> Dortmund, zwischen 0.6 km hinter AD Bochum-West und AS Bochum-Hamme  Langsamer Verkehr Reisezeitverlust: 1 Minuten Durchschnittsgeschwindigkeit: 37 km/h",51.4867092004185,7.18421761943781
"A40","undefined--vi-avl.2025-05-19_21-47-30-000.f_001.de0","51.4864715201961,7.184034083202536,51.4864715201961,7.184034083202536","51.4864715201961,7.184034083202536","WARNING","A40 | Bochum-Hamme - Bochum-Hamme"," Essen -> Dortmund",NA,"SLOW_TRAFFIC","23",2025-05-19,"Beginn: 19.05.25 um 21:47 Uhr  Angespannte Verkehrslage, seit 19.05.2025, 21:47 A40: Essen -> Dortmund, 1.2 km vor AS Bochum-Hamme, aus Richtung Bochum-West  Langsamer Verkehr Durchschnittsgeschwindigkeit: 23 km/h",51.4864715201961,7.18403408320254
"A43","undefined--vi-avl.2025-05-19_18-36-12-000.f_002.de0","51.89092387319833,7.371646194428154,51.902360769330265,7.389025264915474","51.89092387319833,7.371646194428154","WARNING","A43 | Karthaus - Nottuln"," Recklinghausen -> Münster",0,"SLOW_TRAFFIC","64.5",2025-05-19,"Beginn: 19.05.25 um 18:36 Uhr  Angespannte Verkehrslage, seit 19.05.2025, 18:36 A43: Recklinghausen -> Münster, zwischen 2.0 km hinter Karthaus und 1.3 km vor AS Nottuln  Langsamer Verkehr Reisezeitverlust: 0 Minuten Durchschnittsgeschwindigkeit: 64 km/h",51.8909238731983,7.37164619442815
"A44","undefined--vi-avl.2025-05-19_20-10-30-000.f_005.de0","51.53272339434072,7.8262479134296585,51.5330901009332,7.857236499999488","51.53272339434072,7.8262479134296585","WARNING","A44 | Buchenhain - Am Haarstrang"," Dortmund -> Kassel",1,"SLOW_TRAFFIC","64.9000015258789",2025-05-19,"Beginn: 19.05.25 um 20:10 Uhr  Angespannte Verkehrslage, seit 19.05.2025, 20:10 A44: Dortmund -> Kassel, zwischen 2.5 km hinter Buchenhain und 0.2 km vor Am Haarstrang  Langsamer Verkehr Reisezeitverlust: 1 Minuten Durchschnittsgeschwindigkeit: 64 km/h",51.5327233943407,7.82624791342966
"A44","undefined--vi-avl.2025-05-19_21-41-30-000.f.de0","51.576507068237355,8.230751484771853,51.572721247255835,8.214958804060602","51.576507068237355,8.230751484771853","WARNING","A44 | Völlinghauser Flur - Lohner Klei"," Kassel -> Dortmund",0,"SLOW_TRAFFIC","70.5",2025-05-19,"Beginn: 19.05.25 um 21:41 Uhr  Angespannte Verkehrslage, seit 19.05.2025, 21:41 A44: Kassel -> Dortmund, zwischen 3.4 km hinter Völlinghauser Flur und 0.8 km vor Lohner Klei  Langsamer Verkehr Reisezeitverlust: 0 Minuten Durchschnittsgeschwindigkeit: 70 km/h",51.5765070682374,8.23075148477185
"A44","undefined--vi-avl.2025-05-19_21-21-30-000.f_001.de0","51.53018579845976,8.902454271824084,51.5370391407598,8.876119934785645","51.53018579845976,8.902454271824084","WARNING","A44 | Marsberg - Blankenrode"," Kassel -> Dortmund",0,"SLOW_TRAFFIC","68.5",2025-05-19,"Beginn: 19.05.25 um 21:21 Uhr  Angespannte Verkehrslage, seit 19.05.2025, 21:21 A44: Kassel -> Dortmund, zwischen 4.4 km hinter AS Marsberg und 0.4 km vor Blankenrode  Langsamer Verkehr Reisezeitverlust: 0 Minuten Durchschnittsgeschwindigkeit: 68 km/h",51.5301857984598,8.90245427182408
"A44","undefined--vi-hind.2025-05-19_21-26-00-000.f.de0","51.266643667381665,9.44013702164464,51.266606617913354,9.440440195433984","51.266643667381665,9.44013702164464","WARNING","A44 | Baunsberg - Kassel-West"," Dortmund -> Kassel",NA,NA,NA,2025-05-19,"Beginn: 19.05.25 um 21:26 Uhr  Fahrzeug-Hindernis, seit 19.05.2025, 21:26 A44: Dortmund -> Kassel, zwischen 1.7 km hinter Baunsberg und 0.8 km vor AK Kassel-West Gefahr durch ein defektes Fahrzeug auf der Fahrbahn",51.2666436673817,9.44013702164464
"A59","undefined--vi-hind.2025-05-19_20-33-00-000.f_003.de0","50.889311500936856,7.092703699997522,50.88200493018122,7.094231456684229","50.889311500936856,7.092703699997522","WARNING","A59 | Schloß Röttgen - Köln-Wahn"," Köln -> Bonn",NA,NA,NA,2025-05-19,"Beginn: 19.05.25 um 20:33 Uhr  Hindernis, seit 19.05.2025, 20:33 A59: Köln -> Bonn, zwischen 1.1 km hinter Schloß Röttgen und 2.6 km vor AS Köln-Wahn  Gefahr durch eine ungesicherte Unfallstelle",50.8893115009369,7.09270369999752
"A59","undefined--vi-avl.2025-05-19_20-57-30-000.f_002.de0","51.46702019315552,6.7675655413500495,51.474826003544635,6.766645076208408","51.46702019315552,6.7675655413500495","WARNING","A59 | Duisburg-Ruhrort - Duisburg-Nord"," Duisburg -> Dinslaken",0,"SLOW_TRAFFIC","41.79999923706055",2025-05-19,"Beginn: 19.05.25 um 20:57 Uhr  Angespannte Verkehrslage, seit 19.05.2025, 20:57 A59: Duisburg -> Dinslaken, zwischen 0.5 km hinter AS Duisburg-Ruhrort und 1.0 km vor AK Duisburg-Nord  Langsamer Verkehr Reisezeitverlust: 0 Minuten Durchschnittsgeschwindigkeit: 41 km/h",51.4670201931555,6.76756554135005
"A60","undefined--vi-zus.2025-04-08_08-51-21-000.f_013.de0","49.98125533976677,8.345695317688524,49.97565770865279,8.441396718063045","49.98125533976677,8.345695317688524","WARNING","A60 | Mainspitz-Dreieck - Rüsselsheimer Dreieck"," Mainz -> Rüsselsheim",NA,NA,NA,2025-04-08,"Beginn: 08.04.25 um 08:51 Uhr  Zusammengesetzte Verkehrsinformation, seit 08.04.2025, 08:51 A60: Mainz -> Rüsselsheim, zwischen 0.5 km hinter AD Mainspitz-Dreieck und 2.2 km vor AD Rüsselsheimer Dreieck  Sperrung der A60 bei Königstädten – Grundhafte Fahrbahnerneuerung zwischen dem Rüsselsheimer Dreieck und dem Mainspitz Dreieck. Die Niederlassung West der Autobahn GmbH erneuert zwischen dem Rüsselsheimer Dreieck (30) und dem Mainspitz Dreieck (26) die Fahrbahn. Von Donnerstagmorgen (24. April) bis Mitte Juli wird die Anschlussstelle (AS) Königstädten (29) in Fahrtrichtung (FR) Mainz sowie in FR Rüsselsheimer Dreieck gesperrt. Umleitungsmöglichkeiten sind ausgeschildert: • Ausfahrt FR Mainz: Umleitung via AS Rüsselsheim-Mitte • Einfahrt FR Mainz: innerstädtische Umleitung zur AS Rüsselsheim-Mitte (Adam-Opel-Straße / Kurt-Schumacher-Ring), von Nauheim kommend via L3482 zur AS Bischofsheim • Einfahrt FR Darmstadt: innerstädtische Umleitung zur AS Rüsselsheim-Mitte (Adam-Opel-Straße / Kurt-Schumacher-Ring) Die Autobahn GmbH bittet alle Verkehrsteilnehmer um Verständnis für die unvermeidlichen Verkehrsbehinderungen, die durch die Arbeiten entstehen.",49.9812553397668,8.34569531768852
"A60","undefined--vi-zus.2025-05-03_10-55-00-000.f_003.de0","49.977457399447445,8.454646346787307,49.981587265039146,8.34517285786785","49.977457399447445,8.454646346787307","WARNING","A60 | Rüsselsheimer Dreieck - Mainspitz-Dreieck"," Rüsselsheim -> Mainz",NA,NA,NA,2025-05-03,"Beginn: 03.05.25 um 10:55 Uhr  Zusammengesetzte Verkehrsinformation, seit 03.05.2025, 10:55 A60: Rüsselsheim -> Mainz, zwischen 0.6 km hinter AD Rüsselsheimer Dreieck und 0.5 km vor AD Mainspitz-Dreieck  Sperrung der A60 bei Königstädten – Grundhafte Fahrbahnerneuerung zwischen dem Rüsselsheimer Dreieck und dem Mainspitz Dreieck. Die Niederlassung West der Autobahn GmbH erneuert zwischen dem Rüsselsheimer Dreieck (30) und dem Mainspitz Dreieck (26) die Fahrbahn. Von Donnerstagmorgen (24. April) bis Mitte Juli wird die Anschlussstelle (AS) Königstädten (29) in Fahrtrichtung (FR) Mainz sowie in FR Rüsselsheimer Dreieck gesperrt. Umleitungsmöglichkeiten sind ausgeschildert: • Ausfahrt FR Mainz: Umleitung via AS Rüsselsheim-Mitte • Einfahrt FR Mainz: innerstädtische Umleitung zur AS Rüsselsheim-Mitte (Adam-Opel-Straße / Kurt-Schumacher-Ring), von Nauheim kommend via L3482 zur AS Bischofsheim • Einfahrt FR Darmstadt: innerstädtische Umleitung zur AS Rüsselsheim-Mitte (Adam-Opel-Straße / Kurt-Schumacher-Ring) Die Autobahn GmbH bittet alle Verkehrsteilnehmer um Verständnis für die unvermeidlichen Verkehrsbehinderungen, die durch die Arbeiten entstehen.",49.9774573994474,8.45464634678731
"A64","undefined--vi-avl.2025-05-19_21-41-00-000.f_001.de0","49.73672363313537,6.534560967710944,49.7443468505656,6.555810949400642","49.73672363313537,6.534560967710944","WARNING","A64 | Sauertalbrücke - Markusberg"," Luxemburg -> Trier",0,"SLOW_TRAFFIC","68.30000305175781",2025-05-19,"Beginn: 19.05.25 um 21:41 Uhr  Angespannte Verkehrslage, seit 19.05.2025, 21:41 A64: Luxemburg -> Trier, zwischen 2.3 km hinter Sauertalbrücke und 2.1 km vor Markusberg  Langsamer Verkehr Reisezeitverlust: 0 Minuten Durchschnittsgeschwindigkeit: 68 km/h",49.7367236331354,6.53456096771094
"A64","undefined--vi-avl.2025-05-19_21-42-30-000.f_002.de0","49.786085127680785,6.6422896048579965,49.786085127680785,6.6422896048579965","49.786085127680785,6.6422896048579965","WARNING","A64 | Trier - Trier"," Trier -> Luxemburg",NA,"SLOW_TRAFFIC","10",2025-05-19,"Beginn: 19.05.25 um 21:47 Uhr  Angespannte Verkehrslage, seit 19.05.2025, 21:47 A64: Trier -> Luxemburg, 3.3 km vor AS Trier, aus Richtung Anschluss B52-Trier  Langsamer Verkehr Durchschnittsgeschwindigkeit: 10 km/h",49.7860851276808,6.642289604858
"A64","undefined--vi-avl.2025-05-19_21-41-00-000.f.de0","49.786085127680785,6.6422896048579965,49.79020932058812,6.646868211249463","49.786085127680785,6.6422896048579965","WARNING","A64 | Trier - Anschluss B52-Trier"," Luxemburg -> Trier",0,"SLOW_TRAFFIC","22.700000762939453",2025-05-19,"Beginn: 19.05.25 um 21:41 Uhr  Angespannte Verkehrslage, seit 19.05.2025, 21:41 A64: Luxemburg -> Trier, zwischen 3.3 km hinter AS Trier und 1.0 km vor Anschluss B52-Trier  Langsamer Verkehr Reisezeitverlust: 0 Minuten Durchschnittsgeschwindigkeit: 22 km/h",49.7860851276808,6.642289604858
"A70","undefined--vi-hind.2025-05-19_20-41-30-000.f_002.de0","49.92280591451336,10.898754767881082,49.927029800941455,10.912612100002635","49.92280591451336,10.898754767881082","WARNING","A70 | Hallstadt - Bamberg"," Schweinfurt/Werneck -> Bamberg",NA,NA,NA,2025-05-19,"Beginn: 19.05.25 um 20:41 Uhr  Fahrzeug-Hindernis, seit 19.05.2025, 20:41 A70: Schweinfurt/Werneck -> Bamberg, zwischen 1.7 km hinter AS Hallstadt und 0.4 km vor AK Bamberg",49.9228059145134,10.8987547678811
"A71","undefined--vi-hind.2025-05-19_21-40-00-000.f.de0","50.608718110062824,10.645421864804781,50.5794545371562,10.48314637469602","50.608718110062824,10.645421864804781","WARNING","A71 | Berg Bock - Meiningen-Nord"," Erfurt -> Schweinfurt",NA,NA,NA,2025-05-19,"Beginn: 19.05.25 um 21:40 Uhr  Hindernis, seit 19.05.2025, 21:40 A71: Erfurt -> Schweinfurt, zwischen 3.6 km hinter Berg Bock und 0.2 km vor AS Meiningen-Nord  Gefahr durch Gegenstände auf der Fahrbahn",50.6087181100628,10.6454218648048
"A71","undefined--vi-zus.2025-05-19_21-28-00-000.f.de0","50.608718110062824,10.645421864804781,50.5794545371562,10.48314637469602","50.608718110062824,10.645421864804781","WARNING","A71 | Berg Bock - Meiningen-Nord"," Erfurt -> Schweinfurt",NA,NA,NA,2025-05-19,"Beginn: 19.05.25 um 21:28 Uhr  Zusammengesetzte Verkehrsinformation, seit 19.05.2025, 21:28 A71: Erfurt -> Schweinfurt, zwischen 3.6 km hinter Berg Bock und 0.2 km vor AS Meiningen-Nord  Gefahr durch eine ungesicherte Unfallstelle  Gefahr durch Gegenstände auf der Fahrbahn  A71 Suhl Richtung Schweinfurt zwischen Dreieck Suhl und Meiningen-Nord Gefahr durch ungesicherte Unfallstelle, Gefahr durch Gegenstände auf der Fahrbahn",50.6087181100628,10.6454218648048
"A81","undefined--vi-avl.2025-05-19_21-16-02-000.f.de0","48.56912844902916,8.898793074440592,48.57766790094631,8.899728499999986","48.56912844902916,8.898793074440592","WARNING","A81 | Geyern - Herrenberg"," Singen -> Stuttgart",4,"STATIONARY_TRAFFIC","11",2025-05-19,"Beginn: 19.05.25 um 21:16 Uhr  Angespannte Verkehrslage, seit 19.05.2025, 21:16 A81: Singen -> Stuttgart, zwischen 5.1 km hinter Geyern und 0.4 km vor AS Herrenberg  Im Stillstand Reisezeitverlust: 4 Minuten Durchschnittsgeschwindigkeit: 11 km/h",48.5691284490292,8.89879307444059
"A81","undefined--vi-avl.2025-05-19_21-17-30-000.f.de0","48.56912844902916,8.898793074440592,48.56912844902916,8.898793074440592","48.56912844902916,8.898793074440592","WARNING","A81 | Herrenberg - Herrenberg"," Singen -> Stuttgart",NA,"STATIONARY_TRAFFIC","8",2025-05-19,"Beginn: 19.05.25 um 21:47 Uhr  Angespannte Verkehrslage, seit 19.05.2025, 21:47 A81: Singen -> Stuttgart, 1.3 km vor AS Herrenberg, aus Richtung Geyern  Im Stillstand Durchschnittsgeschwindigkeit: 8 km/h",48.5691284490292,8.89879307444059
"A81","undefined--vi-avl.2025-05-19_21-07-00-000.f.de0","48.95151699677594,9.206285747134828,48.961399175268284,9.219894391468898","48.95151699677594,9.206285747134828","WARNING","A81 | Ludwigsburg-Nord - Kälbling"," Stuttgart -> Heilbronn",1,"QUEUING_TRAFFIC","34.20000076293945",2025-05-19,"Beginn: 19.05.25 um 21:07 Uhr  Angespannte Verkehrslage, seit 19.05.2025, 21:07 A81: Stuttgart -> Heilbronn, zwischen 5.1 km hinter AS Ludwigsburg-Nord und 3.5 km vor Kälbling  Stockender Verkehr Reisezeitverlust: 1 Minuten Durchschnittsgeschwindigkeit: 34 km/h",48.9515169967759,9.20628574713483
"A93","undefined--vi-hind.2025-05-19_21-32-30-000.f_001.de0","48.629177760361316,11.703508863514564,48.5972940009463,11.635847500013078","48.629177760361316,11.703508863514564","WARNING","A93 | Oberempfenbach - Wolnzach"," Regensburg -> Holledau",NA,NA,NA,2025-05-19,"Beginn: 19.05.25 um 21:32 Uhr  Fahrzeug-Hindernis, seit 19.05.2025, 21:32 A93: Regensburg -> Holledau, zwischen 3.0 km hinter Oberempfenbach und 0.4 km vor AS Wolnzach Gefahr durch ein defektes Fahrzeug auf der Fahrbahn",48.6291777603613,11.7035088635146
"A96","undefined--vi-avl.2025-05-19_21-25-30-000.f_004.de0","48.032897088201196,10.436038203282218,48.03040241347317,10.461038750669983","48.032897088201196,10.436038203282218","WARNING","A96 | Kammlachtal - Mindelheim"," Lindau -> München",1,"SLOW_TRAFFIC","60.29999923706055",2025-05-19,"Beginn: 19.05.25 um 21:36 Uhr  Angespannte Verkehrslage, seit 19.05.2025, 21:36 A96: Lindau -> München, zwischen 1.2 km hinter Kammlachtal und 3.9 km vor AS Mindelheim  Langsamer Verkehr Reisezeitverlust: 1 Minuten Durchschnittsgeschwindigkeit: 60 km/h",48.0328970882012,10.4360382032822
"A96","undefined--vi-avl.2025-05-19_20-08-00-000.f.de0","48.033873073927346,10.655247063297374,48.02680776850765,10.683411200384159","48.033873073927346,10.655247063297374","WARNING","A96 | Bad Wörishofen - Buchloe-West"," Lindau -> München",1,"SLOW_TRAFFIC","62.79999923706055",2025-05-19,"Beginn: 19.05.25 um 20:08 Uhr  Angespannte Verkehrslage, seit 19.05.2025, 20:08 A96: Lindau -> München, zwischen 2.8 km hinter AS Bad Wörishofen und 2.0 km vor AS Buchloe-West  Langsamer Verkehr Reisezeitverlust: 1 Minuten Durchschnittsgeschwindigkeit: 62 km/h",48.0338730739273,10.6552470632974
"A99","undefined--vi-hind.2025-05-19_21-00-00-000.f.de0","48.22568428554725,11.53753571910202,48.22822000094727,11.582903800012192","48.22568428554725,11.53753571910202","WARNING","A99 | München-Ludwigsfeld - München-Neuherberg"," München-Süd-West -> München-Nord",NA,NA,NA,2025-05-19,"Beginn: 19.05.25 um 21:00 Uhr  Fahrzeug-Hindernis, seit 19.05.2025, 21:00 A99: München-Süd-West -> München-Nord, zwischen 4.4 km hinter AS München-Ludwigsfeld und 0.3 km vor AS München-Neuherberg",48.2256842855473,11.537535719102
"A111","undefined--vi-avl.2025-05-19_21-15-30-000.f.de0","52.61883535501221,13.251010798500142,52.61883535501221,13.251010798500142","52.61883535501221,13.251010798500142","WARNING","A111 | Schulzendorfer Straße - Schulzendorfer Straße"," Dreieck Oranienburg -> Charlottenburg",NA,"STATIONARY_TRAFFIC","5",2025-05-19,"Beginn: 19.05.25 um 21:44 Uhr  Angespannte Verkehrslage, seit 19.05.2025, 21:44 A111: Dreieck Oranienburg -> Charlottenburg, 0.6 km vor AS Schulzendorfer Straße, aus Richtung Stolper Heide  Im Stillstand Durchschnittsgeschwindigkeit: 5 km/h",52.6188353550122,13.2510107985001
"A111","undefined--vi-avl.2025-05-19_21-15-30-000.f_004.de0","52.61883535501221,13.251010798500142,52.613329505215916,13.248382456596776","52.61883535501221,13.251010798500142","WARNING","A111 | Stolper Heide - Beyschlagtunnel"," Dreieck Oranienburg -> Charlottenburg",4,"STATIONARY_TRAFFIC","8.399999618530273",2025-05-19,"Beginn: 19.05.25 um 21:15 Uhr  Angespannte Verkehrslage, seit 19.05.2025, 21:15 A111: Dreieck Oranienburg -> Charlottenburg, zwischen 2.8 km hinter Stolper Heide und 0.3 km vor Beyschlagtunnel  Im Stillstand Reisezeitverlust: 4 Minuten Durchschnittsgeschwindigkeit: 8 km/h",52.6188353550122,13.2510107985001
"A113","undefined--vi-zus.2025-05-06_00-21-00-000.f_003.de0","52.43025717661688,13.505075428607936,52.42875800093087,13.509218300121121","52.43025717661688,13.505075428607936","WARNING","A113 | Stubenrauchstraße - Adlershof"," Neukölln -> Schönefeld",NA,NA,NA,2025-05-06,"Beginn: 06.05.25 um 00:21 Uhr  Zusammengesetzte Verkehrsinformation, seit 06.05.2025, 00:21 A113: Neukölln -> Schönefeld, zwischen 0.6 km hinter AS Stubenrauchstraße und 0.3 km vor AS Adlershof  A113 Autobahnzubringer Dresden, Neukölln Richtung Schönefeld
zwischen Stubenrauchstraße und Tunnel Rudower Höhe
linker Fahrstreifen gesperrt, Bauarbeiten, bis voraussichtlich 20.06.2025",52.4302571766169,13.5050754286079
"A115","undefined--vi-zus.2024-10-09_07-09-40-000.f_531.de0","52.40027056808641,13.185163736426698,52.44227384698058,13.202709435405149","52.40027056808641,13.185163736426698","WARNING","A115 | Am Stern - Hüttenweg"," Dreieck Nuthetal -> Dreieck Funkturm",NA,NA,NA,2024-10-09,"Beginn: 09.10.24 um 07:09 Uhr  Zusammengesetzte Verkehrsinformation, seit 09.10.2024, 07:09 A115: Dreieck Nuthetal -> Dreieck Funkturm, zwischen 2.9 km hinter Am Stern und 3.8 km vor AS Hüttenweg  A115 Autobahnzubringer Magdeburg, Dreieck Nuthetal Richtung Dreieck Funkturm, zwischen Anschlussstelle Kleinmachnow und Anschlussstelle Spanische Allee, Baustelle, bis 31.10.2026 17:00 Uhr",52.4002705680864,13.1851637364267
"A659","undefined--vi-hind.2025-05-19_21-37-30-000.f_001.de0","49.54829068021773,8.622241523849889,49.548997000943004,8.631344399999902","49.54829068021773,8.622241523849889","WARNING","A659 | Viernheim - Weinheim B38"," Viernheim -> Weinheim",NA,NA,NA,2025-05-19,"Beginn: 19.05.25 um 21:37 Uhr  Hindernis, seit 19.05.2025, 21:37 A659: Viernheim -> Weinheim, zwischen 1.2 km hinter Viernheim und Weinheim B38",49.5482906802177,8.62224152384989
