"road","identifier","extent","point","display_type","title","subtitle","delay_minutes","abnormalTrafficType","averageSpeed","startTimestamp","description","latitude","longitude"
"A1","undefined--vi-avl.2025-05-21_18-57-52-000.f.de0","53.12997564253532,9.215788874645032,53.115991097740846,9.206858118667244","53.12997564253532,9.215788874645032","WARNING","A1 | Bockel - Stuckenborstel"," Hamburg -> Bremen",1,"QUEUING_TRAFFIC","37.29999923706055",2025-05-21,"Beginn: 21.05.25 um 18:57 Uhr  Angespannte Verkehrslage, seit 21.05.2025, 18:57 A1: Hamburg -> Bremen, zwischen 8.7 km hinter AS Bockel und 0.9 km vor AS Stuckenborstel  Stockender Verkehr Reisezeitverlust: 1 Minuten Durchschnittsgeschwindigkeit: 37 km/h",53.1299756425353,9.21578887464503
"A2","undefined--vi-hind.2025-05-21_19-33-30-000.f.de0","51.82908970093139,8.220404399999714,51.82908970093139,8.220404399999714","51.82908970093139,8.220404399999714","WARNING","A2 | Herzebrock-Clarholz - Marburg"," Hannover -> Dortmund",NA,NA,NA,2025-05-21,"Beginn: 21.05.25 um 19:33 Uhr  Fahrzeug-Hindernis, seit 21.05.2025, 19:33 A2: Hannover -> Dortmund, zwischen 0.1 km hinter AS Herzebrock-Clarholz und 1.2 km vor Marburg Gefahr durch ein defektes Fahrzeug auf der Fahrbahn",51.8290897009314,8.22040439999971
"A2","undefined--vi-avl.2025-05-21_13-45-18-000.f_014.de0","52.21638980328618,9.166569461617927,52.21638980328618,9.166569461617927","52.21638980328618,9.166569461617927","WARNING","A2 | Bad Eilsen-Ost - Bad Eilsen-Ost"," Hannover -> Dortmund",NA,"STATIONARY_TRAFFIC","10",2025-05-21,"Beginn: 21.05.25 um 19:31 Uhr  Angespannte Verkehrslage, seit 21.05.2025, 19:31 A2: Hannover -> Dortmund, 2.9 km vor AS Bad Eilsen-Ost, aus Richtung Bernser Kirchweg  Im Stillstand Durchschnittsgeschwindigkeit: 10 km/h",52.2163898032862,9.16656946161793
"A2","undefined--vi-avl.2025-05-21_12-39-17-000.f_008.de0","52.216447071982195,9.166370683766635,52.22046225493514,9.08492226312741","52.216447071982195,9.166370683766635","WARNING","A2 | Bernser Kirchweg - Papenbrink"," Hannover -> Dortmund",27,"STATIONARY_TRAFFIC","11.199999809265137",2025-05-21,"Beginn: 21.05.25 um 12:39 Uhr  Angespannte Verkehrslage, seit 21.05.2025, 12:39 A2: Hannover -> Dortmund, zwischen Bernser Kirchweg und 2.1 km vor Papenbrink  Im Stillstand Reisezeitverlust: 27 Minuten Durchschnittsgeschwindigkeit: 11 km/h",52.2164470719822,9.16637068376663
"A2","undefined--vi-hind.2025-05-21_18-50-19-000.f_002.de0","52.24868170092897,12.260949300025613,52.28947250092887,12.458366300033878","52.24868170092897,12.260949300025613","WARNING","A2 | Ziesar - Wollin"," Magdeburg -> Berliner Ring",NA,NA,NA,2025-05-21,"Beginn: 21.05.25 um 18:50 Uhr  Hindernis, seit 21.05.2025, 18:50 A2: Magdeburg -> Berliner Ring, zwischen 0.3 km hinter AS Ziesar und 0.3 km vor AS Wollin  Gefahr durch Personen auf der Fahrbahn",52.248681700929,12.2609493000256
"A2","undefined--vi-zus.2025-05-21_18-14-35-000.f_005.de0","52.289934809950196,12.458703906645667,52.248771600928976,12.261478200025628","52.289934809950196,12.458703906645667","WARNING","A2 | Wollin - Ziesar"," Berliner Ring -> Magdeburg",NA,NA,NA,2025-05-21,"Beginn: 21.05.25 um 18:14 Uhr  Zusammengesetzte Verkehrsinformation, seit 21.05.2025, 18:14 A2: Berliner Ring -> Magdeburg, zwischen 0.3 km hinter AS Wollin und 0.3 km vor AS Ziesar  Gefahr durch Personen auf der Fahrbahn  Gefahr durch Gegenstände auf der Fahrbahn  A2 Berliner Ring Richtung Magdeburg zwischen Wollin und Ziesar Gefahr durch ein totes Tier auf der Fahrbahn, fahren Sie bitte besonders vorsichtig, Polizei ist benachrichtigt Toter Fuchs auf der linken Spur",52.2899348099502,12.4587039066457
"A2","undefined--vi-avl.2025-05-21_19-26-30-000.f.de0","52.33492159141404,12.505320307975865,52.33492159141404,12.505320307975865","52.33492159141404,12.505320307975865","WARNING","A2 | Wollin - Wollin"," Berliner Ring -> Magdeburg",NA,"STATIONARY_TRAFFIC","8",2025-05-21,"Beginn: 21.05.25 um 19:31 Uhr  Angespannte Verkehrslage, seit 21.05.2025, 19:31 A2: Berliner Ring -> Magdeburg, 5.7 km vor AS Wollin, aus Richtung Wendgräben  Im Stillstand Durchschnittsgeschwindigkeit: 8 km/h",52.334921591414,12.5053203079759
"A2","undefined--vi-zus.2025-05-21_18-29-43-000.f_002.de0","52.30652632014801,12.47813889055546,52.297434062852346,12.467663203342186","52.30652632014801,12.47813889055546","WARNING","A2 | Wendgräben - Wollin"," Berliner Ring -> Magdeburg",NA,NA,NA,2025-05-21,"Beginn: 21.05.25 um 18:29 Uhr  Zusammengesetzte Verkehrsinformation, seit 21.05.2025, 18:29 A2: Berliner Ring -> Magdeburg, zwischen 4.7 km hinter Wendgräben und 0.8 km vor AS Wollin  A2 Berliner Ring Richtung Magdeburg zwischen Brandenburg und Wollin Unfall mit Verletzten, wieder offen, Polizei ist vor Ort, rechter Fahrstreifen wieder befahrbar",52.306526320148,12.4781388905555
"A2","undefined--vi-zus.2025-05-21_19-26-00-000.f.de0","52.33492159141404,12.505320307975865,52.30244658734402,12.473436742329664","52.33492159141404,12.505320307975865","WARNING","A2 | Wendgräben - Wollin"," Berliner Ring -> Magdeburg",30,"STATIONARY_TRAFFIC","7.900000095367432",2025-05-21,"Beginn: 21.05.25 um 19:26 Uhr  Zusammengesetzte Verkehrsinformation, seit 21.05.2025, 19:26 A2: Berliner Ring -> Magdeburg, zwischen 1.0 km hinter Wendgräben und 1.5 km vor AS Wollin  Im Stillstand Reisezeitverlust: 30 Minuten Durchschnittsgeschwindigkeit: 7 km/h",52.334921591414,12.5053203079759
"A3","undefined--vi-avl.2025-05-21_19-30-30-000.f.de0","48.457587439698536,13.375651548971618,48.459220524571634,13.375336019430383","48.457587439698536,13.375651548971618","WARNING","A3 | Rottal-West - Rottal-Ost"," Linz -> Passau",0,"SLOW_TRAFFIC","10.600000381469727",2025-05-21,"Beginn: 21.05.25 um 19:30 Uhr  Angespannte Verkehrslage, seit 21.05.2025, 19:30 A3: Linz -> Passau, zwischen 0.2 km hinter Rottal-West und 0.1 km vor Rottal-Ost  Langsamer Verkehr Reisezeitverlust: 0 Minuten Durchschnittsgeschwindigkeit: 10 km/h",48.4575874396985,13.3756515489716
"A3","undefined--vi-avl.2025-05-21_18-07-59-000.f.de0","48.53621362470916,13.400019546096544,48.554062525849474,13.393550358383271","48.53621362470916,13.400019546096544","WARNING","A3 | Passau-Süd - Hammerbach"," Linz -> Nürnberg",0,"SLOW_TRAFFIC","68.5",2025-05-21,"Beginn: 21.05.25 um 18:07 Uhr  Angespannte Verkehrslage, seit 21.05.2025, 18:07 A3: Linz -> Nürnberg, zwischen AS Passau-Süd und 0.7 km vor Hammerbach  Langsamer Verkehr Reisezeitverlust: 0 Minuten Durchschnittsgeschwindigkeit: 68 km/h",48.5362136247092,13.4000195460965
"A3","undefined--vi-avl.2025-05-21_18-41-36-000.f.de0","48.75926660094689,13.06358710012129,48.77153647702648,13.039568278445953","48.75926660094689,13.06358710012129","WARNING","A3 | Manzing - Seebach"," Passau -> Nürnberg",1,"SLOW_TRAFFIC","64.19999694824219",2025-05-21,"Beginn: 21.05.25 um 18:41 Uhr  Angespannte Verkehrslage, seit 21.05.2025, 18:41 A3: Passau -> Nürnberg, zwischen 0.3 km hinter Manzing und 2.8 km vor Seebach  Langsamer Verkehr Reisezeitverlust: 1 Minuten Durchschnittsgeschwindigkeit: 64 km/h",48.7592666009469,13.0635871001213
"A3","undefined--vi-avl.2025-05-21_18-51-32-000.f_001.de0","49.739464988300604,9.976414261874728,49.748285015274995,9.885783574385448","49.739464988300604,9.976414261874728","WARNING","A3 | Würzburg/Randersacker - Würzburg/Kist"," Nürnberg -> Frankfurt",9,"QUEUING_TRAFFIC","36.29999923706055",2025-05-21,"Beginn: 21.05.25 um 18:51 Uhr  Angespannte Verkehrslage, seit 21.05.2025, 18:51 A3: Nürnberg -> Frankfurt, zwischen 1.0 km hinter AS Würzburg/Randersacker und 3.0 km vor AS Würzburg/Kist  Stockender Verkehr Reisezeitverlust: 9 Minuten Durchschnittsgeschwindigkeit: 36 km/h",49.7394649883006,9.97641426187473
"A3","undefined--vi-hind.2025-05-21_19-31-00-000.f_001.de0","50.0643557557758,8.735477769809417,50.05884120094088,8.648539499999906","50.0643557557758,8.735477769809417","WARNING","A3 | Offenbach - Frankfurt am Main-Süd"," Würzburg -> Frankfurt",NA,NA,NA,2025-05-21,"Beginn: 21.05.25 um 19:31 Uhr  Hindernis, seit 21.05.2025, 19:31 A3: Würzburg -> Frankfurt, zwischen 0.4 km hinter AS Offenbach und AS Frankfurt am Main-Süd  Gefahr durch Gegenstände auf der Fahrbahn",50.0643557557758,8.73547776980942
"A3","undefined--vi-hind.2025-05-21_19-28-07-000.f.de0","50.052145201209974,8.621506856581249,50.058481638852854,8.647998513027014","50.052145201209974,8.621506856581249","WARNING","A3 | Frankfurter Kreuz - Frankfurt am Main-Süd"," Köln -> Würzburg",NA,NA,NA,2025-05-21,"Beginn: 21.05.25 um 19:28 Uhr  Fahrzeug-Hindernis, seit 21.05.2025, 19:28 A3: Köln -> Würzburg, zwischen 1.2 km hinter AK Frankfurter Kreuz und AS Frankfurt am Main-Süd Gefahr durch ein defektes Fahrzeug auf der Fahrbahn",50.05214520121,8.62150685658125
"A3","undefined--vi-hind.2025-05-21_19-28-07-000.f_001.de0","50.052145201209974,8.621506856581249,50.05862488405293,8.64849584941686","50.052145201209974,8.621506856581249","WARNING","A3 | Frankfurter Kreuz - Offenbacher Kreuz"," Köln -> Würzburg",NA,NA,NA,2025-05-21,"Beginn: 21.05.25 um 19:28 Uhr  Fahrzeug-Hindernis, seit 21.05.2025, 19:28 A3: Köln -> Würzburg, zwischen 1.2 km hinter AK Frankfurter Kreuz und 5.7 km vor AK Offenbacher Kreuz Gefahr durch ein defektes Fahrzeug auf der Fahrbahn",50.05214520121,8.62150685658125
"A3","undefined--vi-zus.2025-05-21_19-31-30-000.f.de0","50.91471884657958,7.106213395950638,50.91706430969025,7.0976954794676415","50.91471884657958,7.106213395950638","WARNING","A3 | Königsforst - Köln-Heumar"," Frankfurt -> Köln",1,"STATIONARY_TRAFFIC","18.200000762939453",2025-05-21,"Beginn: 21.05.25 um 19:31 Uhr  Zusammengesetzte Verkehrsinformation, seit 21.05.2025, 19:31 A3: Frankfurt -> Köln, zwischen AS Königsforst und 2.8 km vor AD Köln-Heumar  Gefahr durch Gegenstände auf der Fahrbahn  Im Stillstand Reisezeitverlust: 1 Minuten Durchschnittsgeschwindigkeit: 18 km/h",50.9147188465796,7.10621339595064
"A3","undefined--vi-hind.2025-05-21_19-17-00-000.f_002.de0","50.91471884657958,7.106213395950638,50.9158941009367,7.102635599997568","50.91471884657958,7.106213395950638","WARNING","A3 | Königsforst - Köln-Heumar"," Frankfurt -> Köln",NA,NA,NA,2025-05-21,"Beginn: 21.05.25 um 19:17 Uhr  Hindernis, seit 21.05.2025, 19:17 A3: Frankfurt -> Köln, zwischen AS Königsforst und 3.2 km vor AD Köln-Heumar  Gefahr durch Gegenstände auf der Fahrbahn",50.9147188465796,7.10621339595064
"A3","undefined--vi-avl.2025-05-21_19-31-30-000.f.de0","50.91471884657958,7.106213395950638,50.91471884657958,7.106213395950638","50.91471884657958,7.106213395950638","WARNING","A3 | Köln-Heumar - Köln-Heumar"," Frankfurt -> Köln",NA,"STATIONARY_TRAFFIC","7",2025-05-21,"Beginn: 21.05.25 um 19:31 Uhr  Angespannte Verkehrslage, seit 21.05.2025, 19:31 A3: Frankfurt -> Köln, 3.4 km vor AD Köln-Heumar, aus Richtung Königsforst  Im Stillstand Durchschnittsgeschwindigkeit: 7 km/h",50.9147188465796,7.10621339595064
"A3","undefined--vi-hind.2025-05-21_18-44-57-000.f_003.de0","50.95729572746947,7.035018427155965,50.96785107765755,7.030993823885503","50.95729572746947,7.035018427155965","WARNING","A3 | Köln-Ost - Köln-Mülheim"," Frankfurt -> Oberhausen",NA,NA,NA,2025-05-21,"Beginn: 21.05.25 um 18:44 Uhr  Fahrzeug-Hindernis, seit 21.05.2025, 18:44 A3: Frankfurt -> Oberhausen, zwischen 0.6 km hinter AK Köln-Ost und 2.1 km vor AS Köln-Mülheim Gefahr durch ein defektes Fahrzeug auf der Fahrbahn",50.9572957274695,7.03501842715596
"A3","undefined--vi-avl.2025-05-21_04-44-00-000.f.de0","51.41928068314607,6.797064680673937,51.44471633191113,6.799513356365973","51.41928068314607,6.797064680673937","WARNING","A3 | Duisburg-Wedau - Kaiserberg"," Köln -> Oberhausen",7,"STATIONARY_TRAFFIC","18.899999618530273",2025-05-21,"Beginn: 21.05.25 um 04:44 Uhr  Angespannte Verkehrslage, seit 21.05.2025, 04:44 A3: Köln -> Oberhausen, zwischen 1.2 km hinter AS Duisburg-Wedau und 0.2 km vor AK Kaiserberg  Im Stillstand Reisezeitverlust: 7 Minuten Durchschnittsgeschwindigkeit: 18 km/h",51.4192806831461,6.79706468067394
"A3","undefined--vi-avl.2025-05-21_12-29-04-000.f_003.de0","51.41937955700932,6.79706669426754,51.41937955700932,6.79706669426754","51.41937955700932,6.79706669426754","WARNING","A3 | Kaiserberg - Kaiserberg"," Köln -> Oberhausen",NA,"STATIONARY_TRAFFIC","12",2025-05-21,"Beginn: 21.05.25 um 19:31 Uhr  Angespannte Verkehrslage, seit 21.05.2025, 19:31 A3: Köln -> Oberhausen, 3.4 km vor AK Kaiserberg, aus Richtung Duisburg-Wedau  Im Stillstand Durchschnittsgeschwindigkeit: 12 km/h",51.4193795570093,6.79706669426754
"A3","undefined--vi-avl.2025-05-21_19-24-34-000.f.de0","51.89839901701434,6.165717280673193,51.89839901701434,6.165717280673193","51.89839901701434,6.165717280673193","WARNING","A3 | Knauheide - Knauheide"," Arnheim -> Oberhausen",NA,"QUEUING_TRAFFIC","19",2025-05-21,"Beginn: 21.05.25 um 19:31 Uhr  Angespannte Verkehrslage, seit 21.05.2025, 19:31 A3: Arnheim -> Oberhausen, 0.1 km vor Knauheide, aus Richtung Elten  Stockender Verkehr Durchschnittsgeschwindigkeit: 19 km/h",51.8983990170143,6.16571728067319
"A3","undefined--vi-avl.2025-05-21_19-24-06-000.f_002.de0","51.89839901701434,6.165717280673193,51.89532710093108,6.168877099986451","51.89839901701434,6.165717280673193","WARNING","A3 | Elten - Elten"," Arnheim -> Oberhausen",0,"QUEUING_TRAFFIC","38.5",2025-05-21,"Beginn: 21.05.25 um 19:24 Uhr  Angespannte Verkehrslage, seit 21.05.2025, 19:24 A3: Arnheim -> Oberhausen, zwischen 0.4 km hinter Elten und 1.4 km vor AS Elten  Stockender Verkehr Reisezeitverlust: 0 Minuten Durchschnittsgeschwindigkeit: 38 km/h",51.8983990170143,6.16571728067319
"A4","undefined--vi-avl.2025-05-21_19-33-04-000.f.de0","50.898480002352755,6.90911922073696,50.89212772911116,6.923158297032745","50.898480002352755,6.90911922073696","WARNING","A4 | Köln-West - Köln-Eifeltor"," Heerlen/Aachen -> Köln",0,"SLOW_TRAFFIC","54.20000076293945",2025-05-21,"Beginn: 21.05.25 um 19:33 Uhr  Angespannte Verkehrslage, seit 21.05.2025, 19:33 A4: Heerlen/Aachen -> Köln, zwischen 5.4 km hinter AK Köln-West und 0.2 km vor AS Köln-Eifeltor  Langsamer Verkehr Reisezeitverlust: 0 Minuten Durchschnittsgeschwindigkeit: 54 km/h",50.8984800023528,6.90911922073696
"A4","undefined--vi-hind.2025-05-21_18-05-57-000.f_004.de0","50.98220425048973,7.397246944399315,50.98190478640431,7.400691935279066","50.98220425048973,7.397246944399315","WARNING","A4 | Erlenhof - Engelskirchen"," Köln -> Olpe",NA,NA,NA,2025-05-21,"Beginn: 21.05.25 um 18:05 Uhr  Fahrzeug-Hindernis, seit 21.05.2025, 18:05 A4: Köln -> Olpe, zwischen 3.5 km hinter Erlenhof und 2.2 km vor AS Engelskirchen Gefahr durch ein defektes Fahrzeug auf der Fahrbahn",50.9822042504897,7.39724694439932
"A5","undefined--vi-hind.2025-05-21_19-22-30-000.f_001.de0","50.137858522868726,8.592638889606953,50.197823025277124,8.639915820477366","50.137858522868726,8.592638889606953","WARNING","A5 | Nordwestkreuz Frankfurt am Main - Bad Homburger Kreuz"," Frankfurt -> Kassel",NA,NA,NA,2025-05-21,"Beginn: 21.05.25 um 19:22 Uhr  Hindernis, seit 21.05.2025, 19:22 A5: Frankfurt -> Kassel, zwischen 0.4 km hinter AK Nordwestkreuz Frankfurt am Main und 0.5 km vor AK Bad Homburger Kreuz  Gefahr durch Gegenstände auf der Fahrbahn",50.1378585228687,8.59263888960695
"A5","undefined--vi-zus.2025-05-21_19-18-30-000.f.de0","50.18343027041049,8.617972403275921,50.19335118413753,8.632159599455042","50.18343027041049,8.617972403275921","WARNING","A5 | Taunusblick - Bad Homburger Kreuz"," Frankfurt -> Kassel",0,"SLOW_TRAFFIC","54.599998474121094",2025-05-21,"Beginn: 21.05.25 um 19:18 Uhr  Zusammengesetzte Verkehrsinformation, seit 21.05.2025, 19:18 A5: Frankfurt -> Kassel, zwischen 3.4 km hinter Taunusblick und 1.3 km vor AK Bad Homburger Kreuz  Langsamer Verkehr Reisezeitverlust: 0 Minuten Durchschnittsgeschwindigkeit: 54 km/h  Gefahr durch Gegenstände auf der Fahrbahn",50.1834302704105,8.61797240327592
"A6","undefined--vi-avl.2025-05-21_19-31-30-000.f_002.de0","49.24463787653218,10.385655617618978,49.24463787653218,10.385655617618978","49.24463787653218,10.385655617618978","WARNING","A6 | Hasenzagel - Hasenzagel"," Nürnberg -> Heilbronn",NA,"STATIONARY_TRAFFIC","26",2025-05-21,"Beginn: 21.05.25 um 19:31 Uhr  Angespannte Verkehrslage, seit 21.05.2025, 19:31 A6: Nürnberg -> Heilbronn, 0.4 km vor Hasenzagel, aus Richtung Waltersberg  Im Stillstand Durchschnittsgeschwindigkeit: 26 km/h",49.2446378765322,10.385655617619
"A6","undefined--vi-unf.2025-05-21_17-54-35-000.f_004.de0","49.24221255640962,10.3579358604394,49.24046804414735,10.33980696275113","49.24221255640962,10.3579358604394","WARNING","A6 | Hasenzagel - Feuchtwangen-Nord"," Nürnberg -> Heilbronn",NA,NA,NA,2025-05-21,"Beginn: 21.05.25 um 17:54 Uhr  Unfall, seit 21.05.2025, 17:54 A6: Nürnberg -> Heilbronn, zwischen 1.6 km hinter Hasenzagel und 4.5 km vor AS Feuchtwangen-Nord",49.2422125564096,10.3579358604394
"A6","undefined--vi-zus.2025-05-21_15-45-41-000.f_012.de0","49.24463787653218,10.385655617618978,49.241480000944165,10.348225200000702","49.24463787653218,10.385655617618978","WARNING","A6 | Waltersberg - Feuchtwangen-Nord"," Nürnberg -> Heilbronn",4,"STATIONARY_TRAFFIC","30.5",2025-05-21,"Beginn: 21.05.25 um 15:45 Uhr  Zusammengesetzte Verkehrsinformation, seit 21.05.2025, 15:45 A6: Nürnberg -> Heilbronn, zwischen 0.3 km hinter Waltersberg und 5.1 km vor AS Feuchtwangen-Nord  Im Stillstand Reisezeitverlust: 4 Minuten Durchschnittsgeschwindigkeit: 30 km/h",49.2446378765322,10.385655617619
"A7","undefined--vi-zus.2025-05-21_19-25-00-000.f.de0","47.57144969209724,10.660382444103417,47.577037246669576,10.66215100562998","47.57144969209724,10.660382444103417","WARNING","A7 | Grenztunnel Füssen - Reinertshofertunnel"," Füssen/Reutte -> Ulm",1,"QUEUING_TRAFFIC","23.899999618530273",2025-05-21,"Beginn: 21.05.25 um 19:25 Uhr  Zusammengesetzte Verkehrsinformation, seit 21.05.2025, 19:25 A7: Füssen/Reutte -> Ulm, zwischen 1.4 km hinter Grenztunnel Füssen und 2.7 km vor Reinertshofertunnel  Stockender Verkehr Reisezeitverlust: 1 Minuten Durchschnittsgeschwindigkeit: 23 km/h",47.5714496920972,10.6603824441034
"A7","undefined--vi-zus.2025-05-13_04-57-00-000.f_006.de0","47.595412441892016,10.656244234565428,47.62855194383104,10.58197876986764","47.595412441892016,10.656244234565428","WARNING","A7 | Füssen - Nesselwang"," Füssen/Reutte -> Ulm",NA,NA,NA,2025-05-13,"Beginn: 13.05.25 um 04:57 Uhr  Zusammengesetzte Verkehrsinformation, seit 13.05.2025, 04:57 A7: Füssen/Reutte -> Ulm, zwischen 2.5 km hinter AS Füssen und 4.4 km vor AS Nesselwang  A7 Füssen/Reutte Richtung Ulm zwischen Reinertshoftunnel und Nesselwang Verkehr wird über die Gegenfahrbahn geleitet, Baustelle, von 16.05.2025 05:00 Uhr bis 18.07.2025 15:00 Uhr",47.595412441892,10.6562442345654
"A7","undefined--vi-avl.2025-05-21_19-26-30-000.f_002.de0","47.57145842080008,10.660385661305725,47.57145842080008,10.660385661305725","47.57145842080008,10.660385661305725","WARNING","A7 | Füssen - Füssen"," Füssen/Reutte -> Ulm",NA,"QUEUING_TRAFFIC","7",2025-05-21,"Beginn: 21.05.25 um 19:29 Uhr  Angespannte Verkehrslage, seit 21.05.2025, 19:29 A7: Füssen/Reutte -> Ulm, 0.3 km vor AS Füssen, aus Richtung Grenztunnel Füssen  Stockender Verkehr Durchschnittsgeschwindigkeit: 7 km/h",47.5714584208001,10.6603856613057
"A7","undefined--vi-avl.2025-05-21_19-25-00-000.f_001.de0","47.628415534869234,10.607041027652894,47.62939402310685,10.593437906255199","47.628415534869234,10.607041027652894","WARNING","A7 | Reinertshofertunnel - Nesselwang"," Füssen/Reutte -> Ulm",0,"SLOW_TRAFFIC","64.5999984741211",2025-05-21,"Beginn: 21.05.25 um 19:25 Uhr  Angespannte Verkehrslage, seit 21.05.2025, 19:25 A7: Füssen/Reutte -> Ulm, zwischen 6.8 km hinter Reinertshofertunnel und 5.3 km vor AS Nesselwang  Langsamer Verkehr Reisezeitverlust: 0 Minuten Durchschnittsgeschwindigkeit: 64 km/h",47.6284155348692,10.6070410276529
"A7","undefined--vi-avl.2025-05-21_19-25-00-000.f.de0","47.62858494404561,10.588235777005526,47.625961401006506,10.616565710034276","47.62858494404561,10.588235777005526","WARNING","A7 | Nesselwang - Reinertshofertunnel"," Ulm -> Füssen/Reutte",1,"QUEUING_TRAFFIC","48.599998474121094",2025-05-21,"Beginn: 21.05.25 um 19:25 Uhr  Angespannte Verkehrslage, seit 21.05.2025, 19:25 A7: Ulm -> Füssen/Reutte, zwischen 4.9 km hinter AS Nesselwang und 6.0 km vor Reinertshofertunnel  Stockender Verkehr Reisezeitverlust: 1 Minuten Durchschnittsgeschwindigkeit: 48 km/h",47.6285849440456,10.5882357770055
"A7","undefined--vi-hind.2025-05-21_19-33-30-000.f_001.de0","52.48948839097519,9.838745367585457,52.54535252728051,9.798309546344763","52.48948839097519,9.838745367585457","WARNING","A7 | Altwarmbüchen - Mellendorf"," Hannover -> Hamburg",NA,NA,NA,2025-05-21,"Beginn: 21.05.25 um 19:33 Uhr  Hindernis, seit 21.05.2025, 19:33 A7: Hannover -> Hamburg, zwischen 6.7 km hinter AS Altwarmbüchen und 1.3 km vor AS Mellendorf  Gefahr durch Gegenstände auf der Fahrbahn",52.4894883909752,9.83874536758546
"A7","undefined--vi-zus.2025-03-31_00-40-00-000.f_018.de0","53.579141433849884,9.913430072127355,53.55636870091902,9.897540700000414","53.579141433849884,9.913430072127355","WARNING","A7 | Hamburg-Volkspark - Elbtunnel (Nordportal)"," Flensburg -> Hamburg",NA,NA,NA,2025-03-31,"Beginn: 31.03.25 um 00:40 Uhr  Zusammengesetzte Verkehrsinformation, seit 31.03.2025, 00:40 A7: Flensburg -> Hamburg, zwischen 0.4 km hinter AS Hamburg-Volkspark und 0.9 km vor Elbtunnel (Nordportal)  A7 Flensburg Richtung Hamburg Ausfahrt Hamburg-Othmarschen Fahrbahnverengung, maximale Fahrbahnbreite von 4,50 m, Bauarbeiten, bis 29.09.2025",53.5791414338499,9.91343007212735
"A8","undefined--vi-zus.2025-03-26_17-59-56-000.f_013.de0","49.32575278791285,7.172731755291576,49.327350714671546,7.213275819282444","49.32575278791285,7.172731755291576","WARNING","A8 | Neunkirchen/Spiesen - Kohlhof"," Saarlouis -> Neunkirchen",NA,NA,NA,2025-03-26,"Beginn: 26.03.25 um 17:59 Uhr  Zusammengesetzte Verkehrsinformation, seit 26.03.2025, 17:59 A8: Saarlouis -> Neunkirchen, zwischen 1.5 km hinter AS Neunkirchen/Spiesen und 1.0 km vor Kohlhof  A8 Saarlouis - Neunkirchen zwischen Neunkirchen-Spiesen und Neunkirchen-Oberstadt in beiden Richtungen Bauarbeiten, bis voraussichtlich 01.06.2025",49.3257527879128,7.17273175529158
"A8","undefined--vi-zus.2025-05-14_09-26-56-000.f.de0","49.32628400979037,7.229641516813452,49.329166750017514,7.1882642393148934","49.32628400979037,7.229641516813452","WARNING","A8 | Neunkirchen-Wellesweiler - Neunkirchen/Spiesen"," Neunkirchen -> Saarlouis",NA,NA,NA,2025-05-14,"Beginn: 14.05.25 um 09:26 Uhr  Zusammengesetzte Verkehrsinformation, seit 14.05.2025, 09:26 A8: Neunkirchen -> Saarlouis, zwischen 0.4 km hinter AS Neunkirchen-Wellesweiler und 2.7 km vor AS Neunkirchen/Spiesen  A8 Saarlouis - Neunkirchen zwischen Neunkirchen-Spiesen und Neunkirchen-Oberstadt in beiden Richtungen Bauarbeiten, bis voraussichtlich 01.06.2025",49.3262840097904,7.22964151681345
"A8","undefined--vi-hind.2025-05-21_19-03-35-000.f_005.de0","48.82903270094555,8.869434399999967,48.878674424446636,8.78854928466473","48.82903270094555,8.869434399999967","WARNING","A8 | Höllberg - Pforzheim-Süd"," Stuttgart -> Karlsruhe",NA,NA,NA,2025-05-21,"Beginn: 21.05.25 um 19:03 Uhr  Hindernis, seit 21.05.2025, 19:03 A8: Stuttgart -> Karlsruhe, zwischen 1.5 km hinter Höllberg und AS Pforzheim-Süd  Gefahr durch Gegenstände auf der Fahrbahn",48.8290327009455,8.86943439999997
"A8","undefined--vi-zus.2025-05-21_18-12-32-000.f_001.de0","48.72185705836184,9.076181600236806,48.71079267712494,9.105724778582555","48.72185705836184,9.076181600236806","WARNING","A8 | Stuttgart - Stuttgart-Möhringen"," Karlsruhe -> Stuttgart",2,"QUEUING_TRAFFIC","35.79999923706055",2025-05-21,"Beginn: 21.05.25 um 18:12 Uhr  Zusammengesetzte Verkehrsinformation, seit 21.05.2025, 18:12 A8: Karlsruhe -> Stuttgart, zwischen 0.8 km hinter AK Stuttgart und 2.5 km vor AS Stuttgart-Möhringen  Stockender Verkehr Reisezeitverlust: 2 Minuten Durchschnittsgeschwindigkeit: 35 km/h",48.7218570583618,9.07618160023681
"A8","undefined--vi-zus.2025-05-21_18-19-50-000.f_002.de0","48.71283397843317,9.096390045321757,48.70905764223461,9.114608191320547","48.71283397843317,9.096390045321757","WARNING","A8 | Stuttgart - Stuttgart-Möhringen"," Karlsruhe -> Stuttgart",NA,NA,NA,2025-05-21,"Beginn: 21.05.25 um 18:19 Uhr  Zusammengesetzte Verkehrsinformation, seit 21.05.2025, 18:19 A8: Karlsruhe -> Stuttgart, zwischen 2.6 km hinter AK Stuttgart und 1.8 km vor AS Stuttgart-Möhringen  Gefahr durch Gegenstände auf der Fahrbahn  A8 Karlsruhe Richtung Stuttgart zwischen Kreuz Stuttgart und Stuttgart-Möhringen Gefahr durch Fahrzeugteile auf dem rechten Fahrstreifen, Unfallaufnahme auf dem rechten Fahrstreifen, Gefahr, Verkehr wird an der Unfallstelle vorbeigeführt",48.7128339784332,9.09639004532176
"A8","undefined--vi-avl.2025-05-21_06-24-00-000.f_001.de0","47.80528424799917,12.146027102720748,47.80394240094832,12.160497100035558","47.80528424799917,12.146027102720748","WARNING","A8 | Winkelbach - Rohrdorf"," München -> Salzburg",1,"QUEUING_TRAFFIC","36.400001525878906",2025-05-21,"Beginn: 21.05.25 um 06:24 Uhr  Angespannte Verkehrslage, seit 21.05.2025, 06:24 A8: München -> Salzburg, zwischen 0.6 km hinter Winkelbach und 0.2 km vor AS Rohrdorf  Stockender Verkehr Reisezeitverlust: 1 Minuten Durchschnittsgeschwindigkeit: 36 km/h",47.8052842479992,12.1460271027207
"A8","undefined--vi-avl.2025-05-21_19-26-30-000.f_003.de0","47.80528424799917,12.146027102720748,47.80528424799917,12.146027102720748","47.80528424799917,12.146027102720748","WARNING","A8 | Rohrdorf - Rohrdorf"," München -> Salzburg",NA,"QUEUING_TRAFFIC","28",2025-05-21,"Beginn: 21.05.25 um 19:31 Uhr  Angespannte Verkehrslage, seit 21.05.2025, 19:31 A8: München -> Salzburg, 1.3 km vor AS Rohrdorf, aus Richtung Winkelbach  Stockender Verkehr Durchschnittsgeschwindigkeit: 28 km/h",47.8052842479992,12.1460271027207
"A9","undefined--vi-avl.2025-05-21_19-26-30-000.f_001.de0","48.73201733104972,11.471467738878296,48.73201733104972,11.471467738878296","48.73201733104972,11.471467738878296","WARNING","A9 | Neuburg a.d.Donau - Ingolstadt-Süd"," München -> Nürnberg",0,"SLOW_TRAFFIC","61.400001525878906",2025-05-21,"Beginn: 21.05.25 um 19:26 Uhr  Angespannte Verkehrslage, seit 21.05.2025, 19:26 A9: München -> Nürnberg, zwischen 2.4 km hinter AS Neuburg a.d.Donau und 0.8 km vor AS Ingolstadt-Süd  Langsamer Verkehr Reisezeitverlust: 0 Minuten Durchschnittsgeschwindigkeit: 61 km/h",48.7320173310497,11.4714677388783
"A9","undefined--vi-avl.2025-05-21_19-33-04-000.f_001.de0","48.98170868460339,11.393874255604754,48.98410018031158,11.39109861472371","48.98170868460339,11.393874255604754","WARNING","A9 | Gelbelsee - Altmühltal"," München -> Nürnberg",1,"STATIONARY_TRAFFIC","12.899999618530273",2025-05-21,"Beginn: 21.05.25 um 19:33 Uhr  Angespannte Verkehrslage, seit 21.05.2025, 19:33 A9: München -> Nürnberg, zwischen 4.3 km hinter Gelbelsee und 2.3 km vor AS Altmühltal  Im Stillstand Reisezeitverlust: 1 Minuten Durchschnittsgeschwindigkeit: 12 km/h",48.9817086846034,11.3938742556048
"A9","undefined--vi-avl.2025-05-21_19-22-30-000.f_003.de0","50.13970545532701,11.742206113343974,50.13970545532701,11.742206113343974","50.13970545532701,11.742206113343974","WARNING","A9 | Streitau - Streitau"," Halle/Leipzig -> Nürnberg",NA,"STATIONARY_TRAFFIC","12",2025-05-21,"Beginn: 21.05.25 um 19:30 Uhr  Angespannte Verkehrslage, seit 21.05.2025, 19:30 A9: Halle/Leipzig -> Nürnberg, 5.0 km vor Streitau, aus Richtung Münchberg-Süd  Im Stillstand Durchschnittsgeschwindigkeit: 12 km/h",50.139705455327,11.742206113344
"A9","undefined--vi-zus.2025-05-21_19-19-36-000.f.de0","50.13970545532701,11.742206113343974,50.12153331583945,11.730303871057501","50.13970545532701,11.742206113343974","WARNING","A9 | Münchberg-Süd - Streitau"," Halle/Leipzig -> Nürnberg",10,"STATIONARY_TRAFFIC","11.899999618530273",2025-05-21,"Beginn: 21.05.25 um 19:19 Uhr  Zusammengesetzte Verkehrsinformation, seit 21.05.2025, 19:19 A9: Halle/Leipzig -> Nürnberg, zwischen 3.5 km hinter AS Münchberg-Süd und 2.7 km vor Streitau  Im Stillstand Reisezeitverlust: 10 Minuten Durchschnittsgeschwindigkeit: 11 km/h",50.139705455327,11.742206113344
"A9","undefined--vi-unf.2025-05-21_18-55-54-000.f_002.de0","50.12850999815575,11.739930291474934,50.11803835871802,11.723605164242882","50.12850999815575,11.739930291474934","WARNING","A9 | Münchberg-Süd - Streitau"," Halle/Leipzig -> Nürnberg",NA,NA,NA,2025-05-21,"Beginn: 21.05.25 um 18:55 Uhr  Unfall, seit 21.05.2025, 18:55 A9: Halle/Leipzig -> Nürnberg, zwischen 4.8 km hinter AS Münchberg-Süd und 2.0 km vor Streitau",50.1285099981557,11.7399302914749
"A9","undefined--vi-hind.2025-05-21_19-17-00-000.f_001.de0","51.99858361500589,12.553654615129679,51.9997940383605,12.555413646149985","51.99858361500589,12.553654615129679","WARNING","A9 | Rosselquelle - Klein Marzehns"," Halle/Leipzig -> Berlin",NA,NA,NA,2025-05-21,"Beginn: 21.05.25 um 19:17 Uhr  Fahrzeug-Hindernis, seit 21.05.2025, 19:17 A9: Halle/Leipzig -> Berlin, zwischen 5.6 km hinter Rosselquelle und 2.5 km vor AS Klein Marzehns Gefahr durch ein defektes Fahrzeug auf der Fahrbahn",51.9985836150059,12.5536546151297
"A9","undefined--vi-hind.2025-05-21_18-52-34-000.f_001.de0","52.2594912851434,12.907537889296426,52.2609600222853,12.907368598057039","52.2594912851434,12.907537889296426","WARNING","A9 | Beelitz - Beelitz-Heilstätten"," Halle/Leipzig -> Berlin",NA,NA,NA,2025-05-21,"Beginn: 21.05.25 um 18:52 Uhr  Fahrzeug-Hindernis, seit 21.05.2025, 18:52 A9: Halle/Leipzig -> Berlin, zwischen 5.3 km hinter AS Beelitz und 0.9 km vor AS Beelitz-Heilstätten Gefahr durch ein defektes Fahrzeug auf der Fahrbahn",52.2594912851434,12.9075378892964
"A9","undefined--vi-zus.2025-05-21_19-32-38-000.f.de0","52.282090447870644,12.913435859850843,52.270904800929685,12.909623200061853","52.282090447870644,12.913435859850843","WARNING","A9 | Potsdam - Beelitz-Heilstätten"," Berlin -> Halle/Leipzig",1,"STATIONARY_TRAFFIC","30.799999237060547",2025-05-21,"Beginn: 21.05.25 um 19:32 Uhr  Zusammengesetzte Verkehrsinformation, seit 21.05.2025, 19:32 A9: Berlin -> Halle/Leipzig, zwischen 0.9 km hinter AD Potsdam und 0.2 km vor AS Beelitz-Heilstätten  Im Stillstand Reisezeitverlust: 1 Minuten Durchschnittsgeschwindigkeit: 30 km/h",52.2820904478706,12.9134358598508
"A10","undefined--vi-zus.2025-05-21_19-31-00-000.f.de0","52.306322306876794,13.441127903387828,52.30654030093073,13.312906600099536","52.306322306876794,13.441127903387828","WARNING","A10 | Rangsdorf - Ludwigsfelde-Ost"," Schönefelder Kreuz -> Dreieck Potsdam",NA,NA,NA,2025-05-21,"Beginn: 21.05.25 um 19:31 Uhr  Zusammengesetzte Verkehrsinformation, seit 21.05.2025, 19:31 A10: Schönefelder Kreuz -> Dreieck Potsdam, zwischen 0.6 km hinter AS Rangsdorf und 1.7 km vor AS Ludwigsfelde-Ost  A10 Südlicher Berliner Ring, Schönefelder Kreuz Richtung Dreieck Potsdam
zwischen Rangsdorf und Genshagen
Gefahr durch liegengebliebenes Fahrzeug auf dem rechten Fahrstreifen und dem Standstreifen, fahren Sie bitte besonders vorsichtig, Polizei ist benachrichtigt",52.3063223068768,13.4411279033878
"A10","undefined--vi-zus.2025-05-21_19-31-00-000.f_001.de0","52.306322306876794,13.441127903387828,52.30654030093073,13.312906600099536","52.306322306876794,13.441127903387828","WARNING","A10 | Rangsdorf - Ludwigsfelde-Ost"," Schönefelder Kreuz -> Dreieck Potsdam",NA,NA,NA,2025-05-21,"Beginn: 21.05.25 um 19:31 Uhr  Zusammengesetzte Verkehrsinformation, seit 21.05.2025, 19:31 A10: Schönefelder Kreuz -> Dreieck Potsdam, zwischen 0.6 km hinter AS Rangsdorf und 1.7 km vor AS Ludwigsfelde-Ost  Gefahr durch ein defektes Fahrzeugs auf der Fahrbahn  A10 Südlicher Berliner Ring, Schönefelder Kreuz Richtung Dreieck Potsdam zwischen Rangsdorf und Genshagen Gefahr durch liegengebliebenes Fahrzeug auf dem rechten Fahrstreifen und dem Standstreifen, fahren Sie bitte besonders vorsichtig, Polizei ist benachrichtigt",52.3063223068768,13.4411279033878
"A10","undefined--vi-avl.2025-05-22_11-50-00-000.f_014.de0","52.412149100523266,12.901041845080828,52.412149100523266,12.901041845080828","52.412149100523266,12.901041845080828","WARNING","A10 | Groß Kreutz - Phöben"," Dreieck Werder -> Dreieck Havelland",0,"STATIONARY_TRAFFIC","25",2025-05-22,"Beginn: 22.05.25 um 11:50 Uhr  Angespannte Verkehrslage, seit 22.05.2025, 11:50 A10: Dreieck Werder -> Dreieck Havelland, zwischen 5.0 km hinter AS Groß Kreutz und 0.1 km vor AS Phöben  Im Stillstand Reisezeitverlust: 0 Minuten Durchschnittsgeschwindigkeit: 25 km/h",52.4121491005233,12.9010418450808
"A12","undefined--vi-avl.2025-05-21_14-30-30-000.f_008.de0","52.315126132440305,14.573049356606512,52.31474236365472,14.555532094102352","52.315126132440305,14.573049356606512","WARNING","A12 | Frankfurt(Oder) - Frankfurt(Oder)-Mitte"," Frankfurt(Oder) -> Berliner Ring",2,"SLOW_TRAFFIC","14",2025-05-21,"Beginn: 21.05.25 um 14:30 Uhr  Angespannte Verkehrslage, seit 21.05.2025, 14:30 A12: Frankfurt(Oder) -> Berliner Ring, zwischen 0.3 km hinter Frankfurt(Oder) und 2.5 km vor AS Frankfurt(Oder)-Mitte  Langsamer Verkehr Reisezeitverlust: 2 Minuten Durchschnittsgeschwindigkeit: 14 km/h",52.3151261324403,14.5730493566065
"A12","WarnungA10Lkw3","47.61802931631098,12.202336027754352,47.61802931631098,12.202336027754352","47.61802931631098,12.202336027754352","WARNING","E45/E60 | LKW Blockabfertigung | A12-Inntal Autobahn","Richtung Italien",NA,NA,NA,2025-01-11,"Zeitraum: Beginn: 07.01.2025 Ende: 09.12.2025  Hinweis für LKW-Reisende nach Österreich: LKW-Blockabfertigungen an ausgewählten Tagen für Lkw am Grenzübergang Kufstein/Kiefersfelden. Maximaler Durchlass von 300 LKWs pro Stunde  Die genauen Ausführungszeiten und weitere Informationen auf tirol.gv.at/verkehr/verkehrs-und-seilbahnrecht/lkw-dosierung.",47.618029316311,12.2023360277544
"A12","WarnungA10Lkw2","47.6164490154047,12.202382557672273,47.6164490154047,12.202382557672273","47.6164490154047,12.202382557672273","WARNING","E43/E45/E60 | A13-Brenner Autobahn","Richtung Italien",NA,NA,NA,2025-01-11,"Zeitraum: Beginn: 11.01.2025 Ende: 27.09.2025  Hinweis für LKW-Reisende nach Österreich: LKW-Fahrverbot auf der A12-Inntal Autobahn, A13-Brenner Autobahn und A14-Rheintal/Walgau Autobahn, wenn das Ziel der Fahrt der Anschlussstelle Nößlach bis Anschlussstelle Brenner Nord der Richtungsfahrbahn Staatsgrenze der A 13 Brenner Autobahn erreicht werden soll. An ausgewählten Samstagen 7-15 Uhr sowie weiteren Tagen im Zeitraum 11.01. - 27.09.2025 Weitere Informationen auf http://asfinag.at/a13",47.6164490154047,12.2023825576723
"A14","undefined--vi-hind.2025-05-21_19-24-34-000.f_001.de0","51.09777187327033,13.213356527861858,51.098646172117505,13.211823224256342","51.09777187327033,13.213356527861858","WARNING","A14 | Hansens Holz - Döbeln-Ost"," Nossen -> Leipzig",NA,NA,NA,2025-05-21,"Beginn: 21.05.25 um 19:24 Uhr  Fahrzeug-Hindernis, seit 21.05.2025, 19:24 A14: Nossen -> Leipzig, zwischen 1.9 km hinter Hansens Holz und 2.7 km vor AS Döbeln-Ost Gefahr durch ein defektes Fahrzeug auf der Fahrbahn",51.0977718732703,13.2133565278619
"A15","undefined--vi-avl.2025-05-21_19-32-00-000.f.de0","51.70890709988504,14.404734117831369,51.70779461894658,14.435246468267069","51.70890709988504,14.404734117831369","WARNING","A15 | Cottbus-Süd - Roggosen"," Cottbus -> Breslau",1,"SLOW_TRAFFIC","66.5999984741211",2025-05-21,"Beginn: 21.05.25 um 19:32 Uhr  Angespannte Verkehrslage, seit 21.05.2025, 19:32 A15: Cottbus -> Breslau, zwischen 4.0 km hinter AS Cottbus-Süd und 2.1 km vor AS Roggosen  Langsamer Verkehr Reisezeitverlust: 1 Minuten Durchschnittsgeschwindigkeit: 66 km/h",51.708907099885,14.4047341178314
"A17","undefined--vi-avl.2025-05-21_19-33-30-000.f_004.de0","50.82026170094333,13.887384300240237,50.82026170094333,13.887384300240237","50.82026170094333,13.887384300240237","WARNING","A17 | Am Heidenholz - Am Heidenholz"," Prag -> Dresden",NA,"QUEUING_TRAFFIC","27",2025-05-21,"Beginn: 21.05.25 um 19:33 Uhr  Angespannte Verkehrslage, seit 21.05.2025, 19:33 A17: Prag -> Dresden, 0.2 km vor Am Heidenholz, aus Richtung Breitenau-Schönwald  Stockender Verkehr Durchschnittsgeschwindigkeit: 27 km/h",50.8202617009433,13.8873843002402
"A17","undefined--vi-zus.2025-05-21_19-32-38-000.f_001.de0","50.82026170094333,13.887384300240237,50.82713299600389,13.887562977689061","50.82026170094333,13.887384300240237","WARNING","A17 | Breitenau-Schönwald - Bad Gottleuba"," Prag -> Dresden",0,"QUEUING_TRAFFIC","37.099998474121094",2025-05-21,"Beginn: 21.05.25 um 19:32 Uhr  Zusammengesetzte Verkehrsinformation, seit 21.05.2025, 19:32 A17: Prag -> Dresden, zwischen 4.5 km hinter Breitenau-Schönwald und 0.5 km vor AS Bad Gottleuba  Stockender Verkehr Reisezeitverlust: 0 Minuten Durchschnittsgeschwindigkeit: 37 km/h",50.8202617009433,13.8873843002402
"A19","undefined--vi-hind.2025-05-21_19-02-38-000.f_001.de0","54.10489670091471,12.193838100018143,54.12038590658406,12.163569683449415","54.10489670091471,12.193838100018143","WARNING","A19 | Rostock-Süd - Rostock-Überseehafen"," Dreieck Wittstock/Dosse -> Rostock",NA,NA,NA,2025-05-21,"Beginn: 21.05.25 um 19:02 Uhr  Fahrzeug-Hindernis, seit 21.05.2025, 19:02 A19: Dreieck Wittstock/Dosse -> Rostock, zwischen 2.9 km hinter AS Rostock-Süd und 3.7 km vor AS Rostock-Überseehafen Gefahr durch ein defektes Fahrzeug auf der Fahrbahn",54.1048967009147,12.1938381000181
"A24","undefined--vi-hind.2025-05-21_19-32-38-000.f_001.de0","53.56701960915551,10.12618037445902,53.5637850680247,10.14942063932768","53.56701960915551,10.12618037445902","WARNING","A24 | Hamburg-Jenfeld - Hamburg-Ost"," Hamburg -> Schwerin",NA,NA,NA,2025-05-21,"Beginn: 21.05.25 um 19:32 Uhr  Hindernis, seit 21.05.2025, 19:32 A24: Hamburg -> Schwerin, zwischen 0.3 km hinter AS Hamburg-Jenfeld und 0.8 km vor AK Hamburg-Ost  Gefahr durch Personen auf der Fahrbahn",53.5670196091555,10.126180374459
"A24","undefined--vi-hind.2025-05-21_19-32-38-000.f.de0","53.56389260091896,10.149438000000613,53.567127346596365,10.126103266700522","53.56389260091896,10.149438000000613","WARNING","A24 | Hamburg-Ost - Hamburg-Jenfeld"," Schwerin -> Hamburg",NA,NA,NA,2025-05-21,"Beginn: 21.05.25 um 19:32 Uhr  Hindernis, seit 21.05.2025, 19:32 A24: Schwerin -> Hamburg, zwischen 0.8 km hinter AK Hamburg-Ost und 0.3 km vor AS Hamburg-Jenfeld  Gefahr durch Personen auf der Fahrbahn",53.563892600919,10.1494380000006
"A28","undefined--vi-hind.2025-05-21_19-07-37-000.f_001.de0","53.25275015128005,7.965804490688796,53.25257740868963,7.968260596795111","53.25275015128005,7.965804490688796","WARNING","A28 | Westerstede - Bad Zwischenahn-West"," Leer -> Oldenburg",NA,NA,NA,2025-05-21,"Beginn: 21.05.25 um 19:07 Uhr  Fahrzeug-Hindernis, seit 21.05.2025, 19:07 A28: Leer -> Oldenburg, zwischen 2.1 km hinter AS Westerstede und 0.1 km vor AS Bad Zwischenahn-West Gefahr durch ein defektes Fahrzeug auf der Fahrbahn",53.25275015128,7.9658044906888
"A31","undefined--vi-hind.2025-05-21_19-21-00-000.f_003.de0","51.65646350093246,6.928202599996641,51.70132500093221,6.925337899996634","51.65646350093246,6.928202599996641","WARNING","A31 | Dorsten - Lembeck"," Oberhausen -> Gronau",NA,NA,NA,2025-05-21,"Beginn: 21.05.25 um 19:21 Uhr  Hindernis, seit 21.05.2025, 19:21 A31: Oberhausen -> Gronau, zwischen 0.3 km hinter AS Dorsten und 6.8 km vor AS Lembeck  Gefahr durch Gegenstände auf der Fahrbahn",51.6564635009325,6.92820259999664
"A31","undefined--vi-avl.2025-05-21_17-28-46-000.f_015.de0","52.10750148768647,7.0860044594746405,52.135186734791155,7.089543852877889","52.10750148768647,7.0860044594746405","WARNING","A31 | Averbeck - Gronau/Ochtrup"," Oberhausen -> Gronau",1,"SLOW_TRAFFIC","60.599998474121094",2025-05-21,"Beginn: 21.05.25 um 17:28 Uhr  Angespannte Verkehrslage, seit 21.05.2025, 17:28 A31: Oberhausen -> Gronau, zwischen 0.4 km hinter Averbeck und 6.6 km vor AS Gronau/Ochtrup  Langsamer Verkehr Reisezeitverlust: 1 Minuten Durchschnittsgeschwindigkeit: 60 km/h",52.1075014876865,7.08600445947464
"A31","undefined--vi-hind.2025-05-21_19-31-00-000.f.de0","53.066847028329086,7.238660851119283,53.066847028329086,7.238660851119283","53.066847028329086,7.238660851119283","WARNING","A31 | Rhede (Ems) - Olle Rheen"," Meppen -> Leer",NA,NA,NA,2025-05-21,"Beginn: 21.05.25 um 19:31 Uhr  Fahrzeug-Hindernis, seit 21.05.2025, 19:31 A31: Meppen -> Leer, zwischen 0.1 km hinter AS Rhede (Ems) und 2.0 km vor Olle Rheen Gefahr durch ein defektes Fahrzeug auf der Fahrbahn",53.0668470283291,7.23866085111928
"A37","undefined--vi-zus.2025-05-20_10-04-05-000.f_002.de0","52.442156462690335,9.933442989087833,52.436581812162494,9.913211841333315","52.442156462690335,9.933442989087833","WARNING","A37 | Beinhorn - Hannover-Kirchhorst"," Celle -> Hannover",NA,NA,NA,2025-05-20,"Beginn: 20.05.25 um 10:04 Uhr  Zusammengesetzte Verkehrsinformation, seit 20.05.2025, 10:04 B3: Celle -> Hannover, zwischen 0.4 km hinter AS Beinhorn und 2.1 km vor AK Hannover-Kirchhorst  A37 Messe - Burgdorf
zwischen Kreuz Hannover-Buchholz und Beinhorn
in beiden Richtungen geänderte Verkehrsführung im Baustellenbereich, Bauarbeiten, bis 30.10.2026 ca. 18:00 Uhr",52.4421564626903,9.93344298908783
"A37","undefined--vi-zus.2025-05-20_10-04-05-000.f_003.de0","52.42566547847685,9.880479425875153,52.44102213295518,9.93161290421946","52.42566547847685,9.880479425875153","WARNING","Baustelle"," km 22.62 --> km 26.54",NA,NA,NA,2025-05-20,"Beginn: 20.05.25 um 10:04 Uhr  Zusammengesetzte Verkehrsinformation, seit 20.05.2025, 10:04 A37: km 22.62 --> km 26.54  A37 Messe - Burgdorf
zwischen Kreuz Hannover-Buchholz und Beinhorn
in beiden Richtungen geänderte Verkehrsführung im Baustellenbereich, Bauarbeiten, bis 30.10.2026 ca. 18:00 Uhr",52.4256654784769,9.88047942587515
"A39","undefined--vi-unf.2025-05-21_19-19-09-000.f.de0","52.17747000306773,10.37376287676027,52.15146490092933,10.360392600000782","52.17747000306773,10.37376287676027","WARNING","A39 | Salzgitterhüttenblick - Salzgitter-Watenstedt"," Braunschweig -> Salzgitter",NA,NA,NA,2025-05-21,"Beginn: 21.05.25 um 19:19 Uhr  Unfall, seit 21.05.2025, 19:19 A39: Braunschweig -> Salzgitter, zwischen 2.0 km hinter Salzgitterhüttenblick und 0.1 km vor AS Salzgitter-Watenstedt",52.1774700030677,10.3737628767603
"A43","undefined--vi-avl.2025-05-21_18-21-01-000.f_002.de0","51.903466877286924,7.450799178850568,51.903466877286924,7.450799178850568","51.903466877286924,7.450799178850568","WARNING","A43 | Nottuln - Nottuln"," Münster -> Recklinghausen",NA,"STATIONARY_TRAFFIC","9",2025-05-21,"Beginn: 21.05.25 um 19:31 Uhr  Angespannte Verkehrslage, seit 21.05.2025, 19:31 A43: Münster -> Recklinghausen, 3.1 km vor AS Nottuln, aus Richtung Senden  Im Stillstand Durchschnittsgeschwindigkeit: 9 km/h",51.9034668772869,7.45079917885057
"A43","undefined--vi-avl.2025-05-21_18-13-57-000.f_002.de0","51.90346048287697,7.450914984416171,51.90679626115789,7.407713540186634","51.90346048287697,7.450914984416171","WARNING","A43 | Senden - Nottuln"," Münster -> Recklinghausen",8,"STATIONARY_TRAFFIC","19.200000762939453",2025-05-21,"Beginn: 21.05.25 um 18:13 Uhr  Angespannte Verkehrslage, seit 21.05.2025, 18:13 A43: Münster -> Recklinghausen, zwischen 2.9 km hinter AS Senden und 0.1 km vor AS Nottuln  Im Stillstand Reisezeitverlust: 8 Minuten Durchschnittsgeschwindigkeit: 19 km/h",51.903460482877,7.45091498441617
"A44","undefined--vi-hind.2025-05-21_19-24-34-000.f_002.de0","50.96552090093649,6.364247099989418,50.96552090093649,6.364247099989418","50.96552090093649,6.364247099989418","WARNING","A44 | Jülich-Ost - Titz"," Aachen -> Mönchengladbach",NA,NA,NA,2025-05-21,"Beginn: 21.05.25 um 19:24 Uhr  Hindernis, seit 21.05.2025, 19:24 A44: Aachen -> Mönchengladbach, zwischen AS Jülich-Ost und 5.2 km vor AS Titz  Gefahr durch Gegenstände auf der Fahrbahn",50.9655209009365,6.36424709998942
"A44","undefined--vi-avl.2025-05-21_19-29-30-000.f.de0","51.53103000874459,7.817591448594009,51.53331597610454,7.831699073229939","51.53103000874459,7.817591448594009","WARNING","A44 | Buchenhain - Am Haarstrang"," Dortmund -> Kassel",0,"SLOW_TRAFFIC","65.5",2025-05-21,"Beginn: 21.05.25 um 19:29 Uhr  Angespannte Verkehrslage, seit 21.05.2025, 19:29 A44: Dortmund -> Kassel, zwischen 1.9 km hinter Buchenhain und 2.0 km vor Am Haarstrang  Langsamer Verkehr Reisezeitverlust: 0 Minuten Durchschnittsgeschwindigkeit: 65 km/h",51.5310300087446,7.81759144859401
"A44","undefined--vi-avl.2025-05-21_19-33-30-000.f_001.de0","51.53193208962367,7.821634935509236,51.53193208962367,7.821634935509236","51.53193208962367,7.821634935509236","WARNING","A44 | Am Haarstrang - Am Haarstrang"," Dortmund -> Kassel",NA,"QUEUING_TRAFFIC","25",2025-05-21,"Beginn: 21.05.25 um 19:33 Uhr  Angespannte Verkehrslage, seit 21.05.2025, 19:33 A44: Dortmund -> Kassel, 2.7 km vor Am Haarstrang, aus Richtung Buchenhain  Stockender Verkehr Durchschnittsgeschwindigkeit: 25 km/h",51.5319320896237,7.82163493550924
"A44","undefined--vi-avl.2025-05-21_18-56-21-000.f.de0","51.550791131753314,8.144877138164038,51.54622256278009,8.12532033719499","51.550791131753314,8.144877138164038","WARNING","A44 | Soest-Ost - Soest"," Kassel -> Dortmund",0,"SLOW_TRAFFIC","53.79999923706055",2025-05-21,"Beginn: 21.05.25 um 18:56 Uhr  Angespannte Verkehrslage, seit 21.05.2025, 18:56 A44: Kassel -> Dortmund, zwischen 1.1 km hinter AS Soest-Ost und 1.7 km vor AS Soest  Langsamer Verkehr Reisezeitverlust: 0 Minuten Durchschnittsgeschwindigkeit: 53 km/h",51.5507911317533,8.14487713816404
"A44","undefined--vi-avl.2025-05-21_19-13-13-000.f_006.de0","51.50768980093336,8.950395799999992,51.50768980093336,8.950395799999992","51.50768980093336,8.950395799999992","WARNING","A44 | Blankenrode - Blankenrode"," Kassel -> Dortmund",NA,"STATIONARY_TRAFFIC","14",2025-05-21,"Beginn: 21.05.25 um 19:31 Uhr  Angespannte Verkehrslage, seit 21.05.2025, 19:31 A44: Kassel -> Dortmund, 6.6 km vor Blankenrode, aus Richtung Marsberg  Im Stillstand Durchschnittsgeschwindigkeit: 14 km/h",51.5076898009334,8.95039579999999
"A44","undefined--vi-avl.2025-05-21_18-31-24-000.f.de0","51.50768980093336,8.950395799999992,51.53524847671271,8.88919965741539","51.50768980093336,8.950395799999992","WARNING","A44 | Marsberg - Blankenrode"," Kassel -> Dortmund",14,"STATIONARY_TRAFFIC","19.399999618530273",2025-05-21,"Beginn: 21.05.25 um 18:31 Uhr  Angespannte Verkehrslage, seit 21.05.2025, 18:31 A44: Kassel -> Dortmund, zwischen 0.2 km hinter AS Marsberg und 1.3 km vor Blankenrode  Im Stillstand Reisezeitverlust: 14 Minuten Durchschnittsgeschwindigkeit: 19 km/h",51.5076898009334,8.95039579999999
"A44","undefined--vi-avl.2025-05-21_19-06-00-000.f_002.de0","51.27911848834641,9.395471857441338,51.27051240723888,9.418928476486323","51.27911848834641,9.395471857441338","WARNING","A44 | Firnsbachtal - Kassel-West"," Dortmund -> Kassel",2,"QUEUING_TRAFFIC","35.900001525878906",2025-05-21,"Beginn: 21.05.25 um 19:06 Uhr  Angespannte Verkehrslage, seit 21.05.2025, 19:06 A44: Dortmund -> Kassel, zwischen 1.9 km hinter Firnsbachtal und 2.4 km vor AK Kassel-West  Stockender Verkehr Reisezeitverlust: 2 Minuten Durchschnittsgeschwindigkeit: 35 km/h",51.2791184883464,9.39547185744134
"A45","undefined--vi-avl.2025-05-21_19-31-30-000.f_001.de0","50.52345674565986,8.64033357172239,50.52345674565986,8.64033357172239","50.52345674565986,8.64033357172239","WARNING","A45 | Hardtwald - Hardtwald"," Gießen -> Aschaffenburg",NA,"SLOW_TRAFFIC","27",2025-05-21,"Beginn: 21.05.25 um 19:31 Uhr  Angespannte Verkehrslage, seit 21.05.2025, 19:31 A45: Gießen -> Aschaffenburg, 3.3 km vor Hardtwald, aus Richtung Gießener Südkreuz  Langsamer Verkehr Durchschnittsgeschwindigkeit: 27 km/h",50.5234567456599,8.64033357172239
"A45","undefined--vi-avl.2025-05-21_19-18-00-000.f.de0","50.52345939780553,8.640320092059557,50.517102005833074,8.664896917476769","50.52345939780553,8.640320092059557","WARNING","A45 | Gießener Südkreuz - Hardtwald"," Gießen -> Aschaffenburg",1,"SLOW_TRAFFIC","55",2025-05-21,"Beginn: 21.05.25 um 19:18 Uhr  Angespannte Verkehrslage, seit 21.05.2025, 19:18 A45: Gießen -> Aschaffenburg, zwischen AK Gießener Südkreuz und 1.4 km vor Hardtwald  Langsamer Verkehr Reisezeitverlust: 1 Minuten Durchschnittsgeschwindigkeit: 55 km/h",50.5234593978055,8.64032009205956
"A45","undefined--vi-avl.2025-05-21_06-03-30-000.f_001.de0","51.26696337815559,7.601821204435279,51.26696337815559,7.601821204435279","51.26696337815559,7.601821204435279","WARNING","A45 | Lüdenscheid-Nord - Lüdenscheid-Nord"," Hagen -> Gießen",NA,"STATIONARY_TRAFFIC","5",2025-05-21,"Beginn: 21.05.25 um 19:30 Uhr  Angespannte Verkehrslage, seit 21.05.2025, 19:30 A45: Hagen -> Gießen, 1.2 km vor AS Lüdenscheid-Nord, aus Richtung Sterbecker Siepen  Im Stillstand Durchschnittsgeschwindigkeit: 5 km/h",51.2669633781556,7.60182120443528
"A45","undefined--vi-avl.2025-05-21_06-03-00-000.f_004.de0","51.26696337815559,7.601821204435279,51.263860400934774,7.60281269999918","51.26696337815559,7.601821204435279","WARNING","A45 | Sterbecker Siepen - Lüdenscheid-Nord"," Hagen -> Gießen",2,"STATIONARY_TRAFFIC","7.5",2025-05-21,"Beginn: 21.05.25 um 06:03 Uhr  Angespannte Verkehrslage, seit 21.05.2025, 06:03 A45: Hagen -> Gießen, zwischen 0.1 km hinter Sterbecker Siepen und 0.8 km vor AS Lüdenscheid-Nord  Im Stillstand Reisezeitverlust: 2 Minuten Durchschnittsgeschwindigkeit: 7 km/h",51.2669633781556,7.60182120443528
"A48","undefined--vi-hind.2025-05-21_19-27-00-000.f.de0","50.414218088273905,7.5837479609652805,50.44387960093909,7.664673199999299","50.414218088273905,7.5837479609652805","WARNING","A48 | Bendorf/Neuwied - Dernbach"," Koblenz -> Dernbach",NA,NA,NA,2025-05-21,"Beginn: 21.05.25 um 19:27 Uhr  Fahrzeug-Hindernis, seit 21.05.2025, 19:27 A48: Koblenz -> Dernbach, zwischen 0.3 km hinter AS Bendorf/Neuwied und 7.7 km vor AD Dernbach Gefahr durch ein defektes Fahrzeug auf der Fahrbahn",50.4142180882739,7.58374796096528
"A60","undefined--vi-hind.2025-05-21_19-23-38-000.f.de0","50.09480570094073,6.447585499990185,50.096192200940756,6.446702799990174","50.09480570094073,6.447585499990185","WARNING","A60 | Waxweiler - Prümer Land"," Wittlich -> Lüttich",NA,NA,NA,2025-05-21,"Beginn: 21.05.25 um 19:23 Uhr  Fahrzeug-Hindernis, seit 21.05.2025, 19:23 A60: Wittlich -> Lüttich, zwischen 0.1 km hinter AS Waxweiler und 3.1 km vor Prümer Land Gefahr durch ein defektes Fahrzeug auf der Fahrbahn",50.0948057009407,6.44758549999019
"A60","undefined--vi-zus.2025-04-08_08-51-21-000.f_013.de0","49.98125533976677,8.345695317688524,49.97565770865279,8.441396718063045","49.98125533976677,8.345695317688524","WARNING","A60 | Mainspitz-Dreieck - Rüsselsheimer Dreieck"," Mainz -> Rüsselsheim",NA,NA,NA,2025-04-08,"Beginn: 08.04.25 um 08:51 Uhr  Zusammengesetzte Verkehrsinformation, seit 08.04.2025, 08:51 A60: Mainz -> Rüsselsheim, zwischen 0.5 km hinter AD Mainspitz-Dreieck und 2.2 km vor AD Rüsselsheimer Dreieck  Sperrung der A60 bei Königstädten – Grundhafte Fahrbahnerneuerung zwischen dem Rüsselsheimer Dreieck und dem Mainspitz Dreieck. Die Niederlassung West der Autobahn GmbH erneuert zwischen dem Rüsselsheimer Dreieck (30) und dem Mainspitz Dreieck (26) die Fahrbahn. Von Donnerstagmorgen (24. April) bis Mitte Juli wird die Anschlussstelle (AS) Königstädten (29) in Fahrtrichtung (FR) Mainz sowie in FR Rüsselsheimer Dreieck gesperrt. Umleitungsmöglichkeiten sind ausgeschildert: • Ausfahrt FR Mainz: Umleitung via AS Rüsselsheim-Mitte • Einfahrt FR Mainz: innerstädtische Umleitung zur AS Rüsselsheim-Mitte (Adam-Opel-Straße / Kurt-Schumacher-Ring), von Nauheim kommend via L3482 zur AS Bischofsheim • Einfahrt FR Darmstadt: innerstädtische Umleitung zur AS Rüsselsheim-Mitte (Adam-Opel-Straße / Kurt-Schumacher-Ring) Die Autobahn GmbH bittet alle Verkehrsteilnehmer um Verständnis für die unvermeidlichen Verkehrsbehinderungen, die durch die Arbeiten entstehen.",49.9812553397668,8.34569531768852
"A60","undefined--vi-zus.2025-05-03_10-55-00-000.f_003.de0","49.977457399447445,8.454646346787307,49.981587265039146,8.34517285786785","49.977457399447445,8.454646346787307","WARNING","A60 | Rüsselsheimer Dreieck - Mainspitz-Dreieck"," Rüsselsheim -> Mainz",NA,NA,NA,2025-05-03,"Beginn: 03.05.25 um 10:55 Uhr  Zusammengesetzte Verkehrsinformation, seit 03.05.2025, 10:55 A60: Rüsselsheim -> Mainz, zwischen 0.6 km hinter AD Rüsselsheimer Dreieck und 0.5 km vor AD Mainspitz-Dreieck  Sperrung der A60 bei Königstädten – Grundhafte Fahrbahnerneuerung zwischen dem Rüsselsheimer Dreieck und dem Mainspitz Dreieck. Die Niederlassung West der Autobahn GmbH erneuert zwischen dem Rüsselsheimer Dreieck (30) und dem Mainspitz Dreieck (26) die Fahrbahn. Von Donnerstagmorgen (24. April) bis Mitte Juli wird die Anschlussstelle (AS) Königstädten (29) in Fahrtrichtung (FR) Mainz sowie in FR Rüsselsheimer Dreieck gesperrt. Umleitungsmöglichkeiten sind ausgeschildert: • Ausfahrt FR Mainz: Umleitung via AS Rüsselsheim-Mitte • Einfahrt FR Mainz: innerstädtische Umleitung zur AS Rüsselsheim-Mitte (Adam-Opel-Straße / Kurt-Schumacher-Ring), von Nauheim kommend via L3482 zur AS Bischofsheim • Einfahrt FR Darmstadt: innerstädtische Umleitung zur AS Rüsselsheim-Mitte (Adam-Opel-Straße / Kurt-Schumacher-Ring) Die Autobahn GmbH bittet alle Verkehrsteilnehmer um Verständnis für die unvermeidlichen Verkehrsbehinderungen, die durch die Arbeiten entstehen.",49.9774573994474,8.45464634678731
"A67","undefined--vi-hind.2025-05-21_19-21-00-000.f_002.de0","49.9837209828149,8.465462483985007,49.9837209828149,8.465462483985007","49.9837209828149,8.465462483985007","WARNING","A67 | Rüsselsheim-Ost - Rüsselsheimer Dreieck"," Mönchhof-Dreieck -> Darmstadt",NA,NA,NA,2025-05-21,"Beginn: 21.05.25 um 19:21 Uhr  Fahrzeug-Hindernis, seit 21.05.2025, 19:21 A67: Mönchhof-Dreieck -> Darmstadt, zwischen 0.7 km hinter AS Rüsselsheim-Ost und 0.6 km vor AD Rüsselsheimer Dreieck Gefahr durch ein defektes Fahrzeug auf der Fahrbahn",49.9837209828149,8.46546248398501
"A70","undefined--vi-hind.2025-05-21_19-33-30-000.f_002.de0","49.977437628141644,10.651247707594072,49.97748135435965,10.654049717087828","49.977437628141644,10.651247707594072","WARNING","A70 | Schwarzer Berg - Eltmann"," Schweinfurt/Werneck -> Bamberg",NA,NA,NA,2025-05-21,"Beginn: 21.05.25 um 19:33 Uhr  Fahrzeug-Hindernis, seit 21.05.2025, 19:33 A70: Schweinfurt/Werneck -> Bamberg, zwischen 1.3 km hinter Schwarzer Berg und 1.2 km vor AS Eltmann Gefahr durch ein defektes Fahrzeug auf der Fahrbahn",49.9774376281416,10.6512477075941
"A81","undefined--vi-hind.2025-05-21_15-42-07-000.f_010.de0","47.74721183582933,8.757341367662926,47.74904743839311,8.76297820312878","47.74721183582933,8.757341367662926","WARNING","A81 | Gottmadingen-Bietingen - Hilzingen"," Schaffhausen -> Singen",NA,NA,NA,2025-05-21,"Beginn: 21.05.25 um 15:42 Uhr  Fahrzeug-Hindernis, seit 21.05.2025, 15:42 A81: Schaffhausen -> Singen, zwischen 1.4 km hinter AS Gottmadingen-Bietingen und 3.0 km vor AS Hilzingen",47.7472118358293,8.75734136766293
"A81","undefined--vi-hind.2025-05-21_19-15-30-000.f_001.de0","48.88522038376548,9.145794066628062,48.91621580094525,9.155167700000039","48.88522038376548,9.145794066628062","WARNING","A81 | Stuttgart-Zuffenhausen - Ludwigsburg-Nord"," Stuttgart -> Heilbronn",NA,NA,NA,2025-05-21,"Beginn: 21.05.25 um 19:15 Uhr  Hindernis, seit 21.05.2025, 19:15 A81: Stuttgart -> Heilbronn, zwischen 4.2 km hinter AS Stuttgart-Zuffenhausen und 0.5 km vor AS Ludwigsburg-Nord  Gefahr durch eine ungesicherte Unfallstelle",48.8852203837655,9.14579406662806
"A81","undefined--vi-hind.2025-05-21_18-03-11-000.f_008.de0","49.54082280094302,9.589535400000155,49.60455181179832,9.685712699413616","49.54082280094302,9.589535400000155","WARNING","A81 | Ahorn - Tauberbischofsheim"," Heilbronn -> Würzburg",NA,NA,NA,2025-05-21,"Beginn: 21.05.25 um 18:03 Uhr  Hindernis, seit 21.05.2025, 18:03 A81: Heilbronn -> Würzburg, zwischen 0.3 km hinter AS Ahorn und 0.3 km vor AS Tauberbischofsheim  Gefahr durch eine ungesicherte Unfallstelle  Gefahr durch Gegenstände auf der Fahrbahn",49.540822800943,9.58953540000016
"A81","undefined--vi-unf.2025-05-21_18-30-17-000.f_001.de0","49.725895700942274,9.825354400000242,49.60676246758876,9.687721157833664","49.725895700942274,9.825354400000242","WARNING","A81 | Würzburg-West - Ahorn"," Würzburg -> Heilbronn",NA,NA,NA,2025-05-21,"Beginn: 21.05.25 um 18:30 Uhr  Unfall, seit 21.05.2025, 18:30 A81: Würzburg -> Heilbronn, zwischen 2.5 km hinter AD Würzburg-West und 10.9 km vor AS Ahorn",49.7258957009423,9.82535440000024
"A93","undefined--vi-avl.2025-05-21_19-33-30-000.f_002.de0","47.71742048416051,12.14491860236738,47.718945974729735,12.143428444683883","47.71742048416051,12.14491860236738","WARNING","A93 | Gletschergarten - Heuberg"," Kiefersfelden -> Rosenheim",5,"STATIONARY_TRAFFIC","2",2025-05-21,"Beginn: 21.05.25 um 19:33 Uhr  Angespannte Verkehrslage, seit 21.05.2025, 19:33 A93: Kiefersfelden -> Rosenheim, zwischen 0.7 km hinter Gletschergarten und 1.6 km vor Heuberg  Im Stillstand Reisezeitverlust: 5 Minuten Durchschnittsgeschwindigkeit: 2 km/h",47.7174204841605,12.1449186023674
"A93","undefined--vi-avl.2025-05-21_19-33-30-000.f_003.de0","47.71742048416051,12.14491860236738,47.71742048416051,12.14491860236738","47.71742048416051,12.14491860236738","WARNING","A93 | Heuberg - Heuberg"," Kiefersfelden -> Rosenheim",NA,"STATIONARY_TRAFFIC","2",2025-05-21,"Beginn: 21.05.25 um 19:33 Uhr  Angespannte Verkehrslage, seit 21.05.2025, 19:33 A93: Kiefersfelden -> Rosenheim, 1.8 km vor Heuberg, aus Richtung Gletschergarten  Im Stillstand Durchschnittsgeschwindigkeit: 2 km/h",47.7174204841605,12.1449186023674
"A93","undefined--vi-hind.2025-05-21_19-11-19-000.f_001.de0","50.036450200941154,12.105896200026061,50.01849660094123,12.115073800026503","50.036450200941154,12.105896200026061","WARNING","A93 | Wunsiedel - Marktredwitz-Nord"," Hof -> Weiden",NA,NA,NA,2025-05-21,"Beginn: 21.05.25 um 19:11 Uhr  Hindernis, seit 21.05.2025, 19:11 A93: Hof -> Weiden, zwischen 0.2 km hinter AS Wunsiedel und 0.2 km vor AS Marktredwitz-Nord  Gefahr durch eine ungesicherte Unfallstelle",50.0364502009412,12.1058962000261
"A113","undefined--vi-zus.2025-05-06_00-21-00-000.f_003.de0","52.43025717661688,13.505075428607936,52.42875800093087,13.509218300121121","52.43025717661688,13.505075428607936","WARNING","A113 | Stubenrauchstraße - Adlershof"," Neukölln -> Schönefeld",NA,NA,NA,2025-05-06,"Beginn: 06.05.25 um 00:21 Uhr  Zusammengesetzte Verkehrsinformation, seit 06.05.2025, 00:21 A113: Neukölln -> Schönefeld, zwischen 0.6 km hinter AS Stubenrauchstraße und 0.3 km vor AS Adlershof  A113 Autobahnzubringer Dresden, Neukölln Richtung Schönefeld
zwischen Stubenrauchstraße und Tunnel Rudower Höhe
linker Fahrstreifen gesperrt, Bauarbeiten, bis voraussichtlich 20.06.2025",52.4302571766169,13.5050754286079
"A115","undefined--vi-zus.2024-10-09_07-09-40-000.f_531.de0","52.40027056808641,13.185163736426698,52.44227384698058,13.202709435405149","52.40027056808641,13.185163736426698","WARNING","A115 | Am Stern - Hüttenweg"," Dreieck Nuthetal -> Dreieck Funkturm",NA,NA,NA,2024-10-09,"Beginn: 09.10.24 um 07:09 Uhr  Zusammengesetzte Verkehrsinformation, seit 09.10.2024, 07:09 A115: Dreieck Nuthetal -> Dreieck Funkturm, zwischen 2.9 km hinter Am Stern und 3.8 km vor AS Hüttenweg  A115 Autobahnzubringer Magdeburg, Dreieck Nuthetal Richtung Dreieck Funkturm, zwischen Anschlussstelle Kleinmachnow und Anschlussstelle Spanische Allee, Baustelle, bis 31.10.2026 17:00 Uhr",52.4002705680864,13.1851637364267
