"road","identifier","extent","point","display_type","title","subtitle","delay_minutes","abnormalTrafficType","averageSpeed","startTimestamp","description","latitude","longitude"
"A1","undefined--vi-zus.2025-05-20_18-54-09-000.f_002.de0","49.35968630154252,7.016783816841487,49.38099410094365,7.001853999996721","49.35968630154252,7.016783816841487","WARNING","A1 | Saarbrücken - Illingen"," Saarbrücken -> Trier",NA,NA,NA,2025-05-20,"Beginn: 20.05.25 um 18:54 Uhr  Zusammengesetzte Verkehrsinformation, seit 20.05.2025, 18:54 A1: Saarbrücken -> Trier, zwischen 0.6 km hinter AK Saarbrücken und 0.3 km vor AS Illingen  Gefahr durch eine ungesicherte Unfallstelle  A1 Saarbrücken Richtung Trier zwischen Kreuz Saarbrücken und Illingen Gefahr durch ungesicherte Unfallstelle, Gefahr durch defektes Fahrzeug auf dem Standstreifen, fahren Sie bitte besonders vorsichtig",49.3596863015425,7.01678381684149
"A1","undefined--vi-avl.2025-05-20_18-42-10-000.f_001.de0","51.24674316990886,7.2257021482780885,51.24674316990886,7.2257021482780885","51.24674316990886,7.2257021482780885","WARNING","A1 | Wuppertal-Ronsdorf - Wuppertal-Ronsdorf"," Dortmund -> Köln",NA,"STATIONARY_TRAFFIC","8",2025-05-20,"Beginn: 20.05.25 um 19:31 Uhr  Angespannte Verkehrslage, seit 20.05.2025, 19:31 A1: Dortmund -> Köln, 2.3 km vor AS Wuppertal-Ronsdorf, aus Richtung Ehrenberg  Im Stillstand Durchschnittsgeschwindigkeit: 8 km/h",51.2467431699089,7.22570214827809
"A1","undefined--vi-avl.2025-05-20_18-37-14-000.f_003.de0","51.24684920354763,7.225670439099858,51.22267102918807,7.242692576711864","51.24684920354763,7.225670439099858","WARNING","A1 | Ehrenberg - Remscheid-Lennep"," Dortmund -> Köln",13,"STATIONARY_TRAFFIC","12",2025-05-20,"Beginn: 20.05.25 um 18:37 Uhr  Angespannte Verkehrslage, seit 20.05.2025, 18:37 A1: Dortmund -> Köln, zwischen 2.6 km hinter Ehrenberg und 2.5 km vor AS Remscheid-Lennep  Im Stillstand Reisezeitverlust: 13 Minuten Durchschnittsgeschwindigkeit: 12 km/h",51.2468492035476,7.22567043909986
"A1","undefined--vi-hind.2025-05-20_19-04-00-000.f.de0","51.946840168161735,7.548509972772272,51.945307224016375,7.548934773754552","51.946840168161735,7.548509972772272","WARNING","A1 | Münster-Nord - Münsterland"," Osnabrück -> Münster",NA,NA,NA,2025-05-20,"Beginn: 20.05.25 um 19:04 Uhr  Hindernis, seit 20.05.2025, 19:04 A1: Osnabrück -> Münster, zwischen 4.9 km hinter AS Münster-Nord und 0.3 km vor Münsterland  Gefahr durch Gegenstände auf der Fahrbahn",51.9468401681617,7.54850997277227
"A1","undefined--vi-avl.2025-05-20_06-06-30-000.f_017.de0","53.03880234137913,8.899935247595252,53.03184767902425,8.865127051627695","53.03880234137913,8.899935247595252","WARNING","A1 | Mahndorfer Marsch - Bremen-Arsten"," Bremen -> Osnabrück",1,"SLOW_TRAFFIC","55.79999923706055",2025-05-20,"Beginn: 20.05.25 um 06:06 Uhr  Angespannte Verkehrslage, seit 20.05.2025, 06:06 A1: Bremen -> Osnabrück, zwischen 3.3 km hinter Mahndorfer Marsch und 0.5 km vor AS Bremen-Arsten  Langsamer Verkehr Reisezeitverlust: 1 Minuten Durchschnittsgeschwindigkeit: 55 km/h",53.0388023413791,8.89993524759525
"A1","undefined--vi-hind.2025-05-20_19-17-00-000.f.de0","53.20031260092184,9.295084500000122,53.110726233777484,9.201271968668555","53.20031260092184,9.295084500000122","WARNING","A1 | Bockel - Stuckenborstel"," Hamburg -> Bremen",NA,NA,NA,2025-05-20,"Beginn: 20.05.25 um 19:17 Uhr  Fahrzeug-Hindernis, seit 20.05.2025, 19:17 A1: Hamburg -> Bremen, zwischen 0.2 km hinter Bockel und 0.2 km vor AS Stuckenborstel",53.2003126009218,9.29508450000012
"A1","undefined--vi-hind.2025-05-20_19-20-30-000.f_002.de0","53.87919300091635,10.66061360000142,53.8827857422508,10.664596574039464","53.87919300091635,10.66061360000142","WARNING","A1 | Lübeck-Moisling - Bad Schwartau"," Hamburg -> Fehmarn",NA,NA,NA,2025-05-20,"Beginn: 20.05.25 um 19:20 Uhr  Fahrzeug-Hindernis, seit 20.05.2025, 19:20 A1: Hamburg -> Fehmarn, zwischen 3.0 km hinter AS Lübeck-Moisling und 3.1 km vor AS Bad Schwartau Gefahr durch ein defektes Fahrzeug auf der Fahrbahn",53.8791930009164,10.6606136000014
"A2","undefined--vi-zus.2025-05-20_19-31-00-000.f.de0","51.70067699951933,7.975517778178152,51.69043184009976,7.96407273423837","51.70067699951933,7.975517778178152","WARNING","A2 | Stettin - Im Großen Klei"," Hannover -> Dortmund",1,"SLOW_TRAFFIC","48.70000076293945",2025-05-20,"Beginn: 20.05.25 um 19:31 Uhr  Zusammengesetzte Verkehrsinformation, seit 20.05.2025, 19:31 A2: Hannover -> Dortmund, zwischen 2.6 km hinter Stettin und 3.0 km vor Im Großen Klei  Langsamer Verkehr Reisezeitverlust: 1 Minuten Durchschnittsgeschwindigkeit: 48 km/h",51.7006769995193,7.97551777817815
"A2","undefined--vi-hind.2025-05-20_19-10-30-000.f_002.de0","52.127323383456584,8.736185042112215,52.128511400929476,8.736369299999907","52.127323383456584,8.736185042112215","WARNING","A2 | Herford - Herford-Ost"," Dortmund -> Hannover",NA,NA,NA,2025-05-20,"Beginn: 20.05.25 um 19:10 Uhr  Hindernis, seit 20.05.2025, 19:10 A2: Dortmund -> Hannover, zwischen 3.3 km hinter Herford und 0.3 km vor AS Herford-Ost  Gefahr durch Gegenstände auf der Fahrbahn",52.1273233834566,8.73618504211221
"A2","undefined--vi-avl.2025-05-20_10-45-52-000.f_002.de0","52.21718138668875,9.189964902406585,52.220295412498,9.088361314138318","52.21718138668875,9.189964902406585","WARNING","A2 | Auetal Nord - Papenbrink"," Hannover -> Dortmund",9,"QUEUING_TRAFFIC","34.29999923706055",2025-05-20,"Beginn: 20.05.25 um 10:45 Uhr  Angespannte Verkehrslage, seit 20.05.2025, 10:45 A2: Hannover -> Dortmund, zwischen 2.6 km hinter Auetal Nord und 2.4 km vor Papenbrink  Stockender Verkehr Reisezeitverlust: 9 Minuten Durchschnittsgeschwindigkeit: 34 km/h",52.2171813866888,9.18996490240658
"A3","undefined--vi-avl.2025-05-20_19-03-30-000.f.de0","48.537668745407935,13.399887048992406,48.55069787195742,13.395633271972423","48.537668745407935,13.399887048992406","WARNING","A3 | Passau-Süd - Hammerbach"," Linz -> Nürnberg",0,"SLOW_TRAFFIC","64.5",2025-05-20,"Beginn: 20.05.25 um 19:03 Uhr  Angespannte Verkehrslage, seit 20.05.2025, 19:03 A3: Linz -> Nürnberg, zwischen 0.2 km hinter AS Passau-Süd und 1.1 km vor Hammerbach  Langsamer Verkehr Reisezeitverlust: 0 Minuten Durchschnittsgeschwindigkeit: 64 km/h",48.5376687454079,13.3998870489924
"A3","undefined--vi-avl.2025-05-20_18-52-32-000.f_007.de0","48.77868643818949,13.026638457608101,48.78923850094671,13.00827200011237","48.77868643818949,13.026638457608101","WARNING","A3 | Hengersberg - Isarblick"," Passau -> Nürnberg",1,"SLOW_TRAFFIC","56.900001525878906",2025-05-20,"Beginn: 20.05.25 um 18:52 Uhr  Angespannte Verkehrslage, seit 20.05.2025, 18:52 A3: Passau -> Nürnberg, zwischen 1.4 km hinter AS Hengersberg und 2.7 km vor Isarblick  Langsamer Verkehr Reisezeitverlust: 1 Minuten Durchschnittsgeschwindigkeit: 56 km/h",48.7786864381895,13.0266384576081
"A3","undefined--vi-hind.2025-05-20_17-59-12-000.f_006.de0","49.81796216424824,9.558885235446338,49.904065870576154,9.377735380746325","49.81796216424824,9.558885235446338","WARNING","A3 | Wertheim/Lengfurt - Weibersbrunn"," Würzburg -> Frankfurt",NA,NA,NA,2025-05-20,"Beginn: 20.05.25 um 17:59 Uhr  Fahrzeug-Hindernis, seit 20.05.2025, 17:59 A3: Würzburg -> Frankfurt, zwischen 7.0 km hinter AS Wertheim/Lengfurt und 4.6 km vor AS Weibersbrunn",49.8179621642482,9.55888523544634
"A3","undefined--vi-hind.2025-05-20_19-09-34-000.f_003.de0","50.05384279761072,8.585433555128574,50.05392150074909,8.582772207783032","50.05384279761072,8.585433555128574","WARNING","A3 | Frankfurter Kreuz - Kelsterbach"," Frankfurt -> Köln",NA,NA,NA,2025-05-20,"Beginn: 20.05.25 um 19:09 Uhr  Fahrzeug-Hindernis, seit 20.05.2025, 19:09 A3: Frankfurt -> Köln, zwischen 1.3 km hinter AK Frankfurter Kreuz und 2.9 km vor AS Kelsterbach Gefahr durch ein defektes Fahrzeug auf der Fahrbahn",50.0538427976107,8.58543355512857
"A3","undefined--vi-hind.2025-05-20_19-16-00-000.f_001.de0","50.84920910093703,7.213430999998093,50.85037508067743,7.214316001446836","50.84920910093703,7.213430999998093","WARNING","A3 | Lohmar - Sülztal"," Frankfurt -> Köln",NA,NA,NA,2025-05-20,"Beginn: 20.05.25 um 19:16 Uhr  Hindernis, seit 20.05.2025, 19:16 A3: Frankfurt -> Köln, zwischen 3.2 km hinter AS Lohmar und 1.2 km vor Sülztal  Gefahr durch Gegenstände auf der Fahrbahn",50.849209100937,7.21343099999809
"A3","undefined--vi-hind.2025-05-20_19-23-00-000.f_002.de0","50.84770170093706,7.211440899998083,50.82518630093718,7.203434199998047","50.84770170093706,7.211440899998083","WARNING","A3 | Lohmar-Nord - Lohmar"," Köln -> Frankfurt",NA,NA,NA,2025-05-20,"Beginn: 20.05.25 um 19:23 Uhr  Fahrzeug-Hindernis, seit 20.05.2025, 19:23 A3: Köln -> Frankfurt, zwischen 0.3 km hinter AS Lohmar-Nord und 0.3 km vor AS Lohmar",50.8477017009371,7.21144089999808
"A3","undefined--vi-avl.2025-05-20_19-24-31-000.f_003.de0","51.152648145169124,6.966039694032865,51.152648145169124,6.966039694032865","51.152648145169124,6.966039694032865","WARNING","A3 | Solingen - Solingen"," Oberhausen -> Köln",NA,"QUEUING_TRAFFIC","27",2025-05-20,"Beginn: 20.05.25 um 19:31 Uhr  Angespannte Verkehrslage, seit 20.05.2025, 19:31 A3: Oberhausen -> Köln, 3.6 km vor AS Solingen, aus Richtung Ohligser Heide  Stockender Verkehr Durchschnittsgeschwindigkeit: 27 km/h",51.1526481451691,6.96603969403287
"A3","undefined--vi-zus.2025-05-20_18-29-35-000.f.de0","51.15270029935317,6.966017806479032,51.121208407627314,6.98061614469339","51.15270029935317,6.966017806479032","WARNING","A3 | Ohligser Heide - Langenfeld"," Oberhausen -> Köln",6,"QUEUING_TRAFFIC","26.700000762939453",2025-05-20,"Beginn: 20.05.25 um 18:29 Uhr  Zusammengesetzte Verkehrsinformation, seit 20.05.2025, 18:29 A3: Oberhausen -> Köln, zwischen 0.7 km hinter Ohligser Heide und 0.9 km vor AD Langenfeld  Stockender Verkehr Reisezeitverlust: 6 Minuten Durchschnittsgeschwindigkeit: 26 km/h",51.1527002993532,6.96601780647903
"A3","undefined--vi-avl.2025-05-20_09-05-12-000.f_002.de0","51.41605603862709,6.798016286273017,51.444170572815516,6.799883874969225","51.41605603862709,6.798016286273017","WARNING","A3 | Duisburg-Wedau - Kaiserberg"," Köln -> Oberhausen",9,"STATIONARY_TRAFFIC","17.200000762939453",2025-05-20,"Beginn: 20.05.25 um 09:05 Uhr  Angespannte Verkehrslage, seit 20.05.2025, 09:05 A3: Köln -> Oberhausen, zwischen 0.8 km hinter AS Duisburg-Wedau und 0.2 km vor AK Kaiserberg  Im Stillstand Reisezeitverlust: 9 Minuten Durchschnittsgeschwindigkeit: 17 km/h",51.4160560386271,6.79801628627302
"A3","undefined--vi-avl.2025-05-20_11-50-23-000.f.de0","51.416021257979665,6.798030875176742,51.416021257979665,6.798030875176742","51.416021257979665,6.798030875176742","WARNING","A3 | Kaiserberg - Kaiserberg"," Köln -> Oberhausen",NA,"STATIONARY_TRAFFIC","17",2025-05-20,"Beginn: 20.05.25 um 19:31 Uhr  Angespannte Verkehrslage, seit 20.05.2025, 19:31 A3: Köln -> Oberhausen, 3.8 km vor AK Kaiserberg, aus Richtung Duisburg-Wedau  Im Stillstand Durchschnittsgeschwindigkeit: 17 km/h",51.4160212579797,6.79803087517674
"A3","undefined--vi-avl.2025-05-20_19-27-32-000.f.de0","51.525648580705365,6.816116821639008,51.531636393670226,6.822497659188195","51.525648580705365,6.816116821639008","WARNING","A3 | Oberhausen-Holten - Oberhausen"," Oberhausen -> Arnheim",0,"SLOW_TRAFFIC","57.400001525878906",2025-05-20,"Beginn: 20.05.25 um 19:27 Uhr  Angespannte Verkehrslage, seit 20.05.2025, 19:27 A3: Oberhausen -> Arnheim, zwischen 1.5 km hinter AS Oberhausen-Holten und 1.0 km vor AK Oberhausen  Langsamer Verkehr Reisezeitverlust: 0 Minuten Durchschnittsgeschwindigkeit: 57 km/h",51.5256485807054,6.81611682163901
"A4","undefined--vi-avl.2025-05-20_19-31-00-000.f_001.de0","51.061932243204545,13.573935581929772,51.06176754983427,13.56225722425174","51.061932243204545,13.573935581929772","WARNING","A4 | Dresden-West - Wilsdruff"," Dresden -> Chemnitz",0,"SLOW_TRAFFIC","50.400001525878906",2025-05-20,"Beginn: 20.05.25 um 19:31 Uhr  Angespannte Verkehrslage, seit 20.05.2025, 19:31 A4: Dresden -> Chemnitz, zwischen 2.2 km hinter AD Dresden-West und 2.5 km vor AS Wilsdruff  Langsamer Verkehr Reisezeitverlust: 0 Minuten Durchschnittsgeschwindigkeit: 50 km/h",51.0619322432045,13.5739355819298
"A4","undefined--vi-zus.2025-05-20_16-57-30-000.f_003.de0","51.18107036166011,15.00810454668067,51.18430040096618,14.998414400641499","51.18107036166011,15.00810454668067","WARNING","A4 | Ludwigsdorf - An der Neiße"," Görlitz -> Dresden",3,"SLOW_TRAFFIC","8.600000381469727",2025-05-20,"Beginn: 20.05.25 um 16:57 Uhr  Zusammengesetzte Verkehrsinformation, seit 20.05.2025, 16:57 A4: Görlitz -> Dresden, zwischen Ludwigsdorf und 0.7 km vor An der Neiße  Langsamer Verkehr Reisezeitverlust: 3 Minuten Durchschnittsgeschwindigkeit: 8 km/h",51.1810703616601,15.0081045466807
"A5","undefined--vi-avl.2025-05-20_19-31-00-000.f_002.de0","47.81743570094821,7.5553375999991195,47.81743570094821,7.5553375999991195","47.81743570094821,7.5553375999991195","WARNING","A5 | Müllheim/Neuenburg - Müllheim/Neuenburg"," Karlsruhe -> Basel",NA,"STATIONARY_TRAFFIC","16",2025-05-20,"Beginn: 20.05.25 um 19:31 Uhr  Angespannte Verkehrslage, seit 20.05.2025, 19:31 A5: Karlsruhe -> Basel, 0.4 km vor AS Müllheim/Neuenburg, aus Richtung Neuenburg  Im Stillstand Durchschnittsgeschwindigkeit: 16 km/h",47.8174357009482,7.55533759999912
"A5","undefined--vi-avl.2025-05-20_19-09-34-000.f_011.de0","47.81743570094821,7.5553375999991195,47.81743570094821,7.5553375999991195","47.81743570094821,7.5553375999991195","WARNING","A5 | Neuenburg - Müllheim/Neuenburg"," Karlsruhe -> Basel",0,"STATIONARY_TRAFFIC","17.799999237060547",2025-05-20,"Beginn: 20.05.25 um 19:09 Uhr  Angespannte Verkehrslage, seit 20.05.2025, 19:09 A5: Karlsruhe -> Basel, zwischen 1.5 km hinter Neuenburg und 0.3 km vor AS Müllheim/Neuenburg  Im Stillstand Reisezeitverlust: 0 Minuten Durchschnittsgeschwindigkeit: 17 km/h",47.8174357009482,7.55533759999912
"A6","undefined--vi-avl.2025-05-20_19-20-00-000.f_001.de0","49.37334111866212,8.544451237313785,49.36281100724034,8.546350582061466","49.37334111866212,8.544451237313785","WARNING","A6 | Mannheim/Schwetzingen - Schwetzingen/Hockenheim"," Mannheim -> Heilbronn",1,"SLOW_TRAFFIC","37.5",2025-05-20,"Beginn: 20.05.25 um 19:20 Uhr  Angespannte Verkehrslage, seit 20.05.2025, 19:20 A6: Mannheim -> Heilbronn, zwischen 3.9 km hinter AS Mannheim/Schwetzingen und 0.5 km vor AS Schwetzingen/Hockenheim  Langsamer Verkehr Reisezeitverlust: 1 Minuten Durchschnittsgeschwindigkeit: 37 km/h",49.3733411186621,8.54445123731379
"A7","undefined--vi-zus.2025-05-20_19-29-30-000.f.de0","47.57144969209724,10.660382444103417,47.577037246669576,10.66215100562998","47.57144969209724,10.660382444103417","WARNING","A7 | Grenztunnel Füssen - Reinertshofertunnel"," Füssen/Reutte -> Ulm",1,"QUEUING_TRAFFIC","23.100000381469727",2025-05-20,"Beginn: 20.05.25 um 19:29 Uhr  Zusammengesetzte Verkehrsinformation, seit 20.05.2025, 19:29 A7: Füssen/Reutte -> Ulm, zwischen 1.4 km hinter Grenztunnel Füssen und 2.7 km vor Reinertshofertunnel  Stockender Verkehr Reisezeitverlust: 1 Minuten Durchschnittsgeschwindigkeit: 23 km/h",47.5714496920972,10.6603824441034
"A7","undefined--vi-zus.2025-05-13_04-57-00-000.f_003.de0","47.595412441892016,10.656244234565428,47.62654678358412,10.642572056942274","47.595412441892016,10.656244234565428","WARNING","A7 | Füssen - Nesselwang"," Füssen/Reutte -> Ulm",NA,NA,NA,2025-05-13,"Beginn: 13.05.25 um 04:57 Uhr  Zusammengesetzte Verkehrsinformation, seit 13.05.2025, 04:57 A7: Füssen/Reutte -> Ulm, zwischen 2.5 km hinter AS Füssen und 9.1 km vor AS Nesselwang  A7 Füssen/Reutte Richtung Ulm zwischen Reinertshoftunnel und Nesselwang Verkehr wird über die Gegenfahrbahn geleitet, Baustelle, von 16.05.2025 05:00 Uhr bis 18.07.2025 15:00 Uhr",47.595412441892,10.6562442345654
"A7","undefined--vi-avl.2025-05-20_19-30-30-000.f.de0","47.57145842080008,10.660385661305725,47.57145842080008,10.660385661305725","47.57145842080008,10.660385661305725","WARNING","A7 | Füssen - Füssen"," Füssen/Reutte -> Ulm",NA,"QUEUING_TRAFFIC","7",2025-05-20,"Beginn: 20.05.25 um 19:31 Uhr  Angespannte Verkehrslage, seit 20.05.2025, 19:31 A7: Füssen/Reutte -> Ulm, 0.3 km vor AS Füssen, aus Richtung Grenztunnel Füssen  Stockender Verkehr Durchschnittsgeschwindigkeit: 7 km/h",47.5714584208001,10.6603856613057
"A7","undefined--vi-avl.2025-05-20_19-23-38-000.f.de0","47.62964937839484,10.600346426479463,47.628845137148026,10.579706267763612","47.62964937839484,10.600346426479463","WARNING","A7 | Reinertshofertunnel - Nesselwang"," Füssen/Reutte -> Ulm",0,"SLOW_TRAFFIC","67.69999694824219",2025-05-20,"Beginn: 20.05.25 um 19:23 Uhr  Angespannte Verkehrslage, seit 20.05.2025, 19:23 A7: Füssen/Reutte -> Ulm, zwischen 7.3 km hinter Reinertshofertunnel und 4.3 km vor AS Nesselwang  Langsamer Verkehr Reisezeitverlust: 0 Minuten Durchschnittsgeschwindigkeit: 67 km/h",47.6296493783948,10.6003464264795
"A7","undefined--vi-hind.2025-05-20_19-27-06-000.f.de0","50.197843941338284,9.939406677450647,50.29408126851662,9.850317296512928","50.197843941338284,9.939406677450647","WARNING","A7 | Elfershausen - Bad Brückenau/Wildflecken"," Würzburg -> Fulda",NA,NA,NA,2025-05-20,"Beginn: 20.05.25 um 19:27 Uhr  Hindernis, seit 20.05.2025, 19:27 A7: Würzburg -> Fulda, zwischen 5.4 km hinter Elfershausen und 0.2 km vor AS Bad Brückenau/Wildflecken  Gefahr durch Gegenstände auf der Fahrbahn",50.1978439413383,9.93940667745065
"A7","undefined--vi-zus.2023-03-23_07-30-00-000.f_051.de0","50.31695704374244,9.843455291788164,50.3316029435679,9.776824079768884","50.31695704374244,9.843455291788164","WARNING","A7 | Riedenberg - Bad Brückenau-Volkers"," Würzburg -> Fulda",NA,NA,NA,2023-03-23,"Beginn: 23.03.23 um 07:30 Uhr  Zusammengesetzte Verkehrsinformation, seit 23.03.2023, 07:30 A7: Würzburg -> Fulda, zwischen 0.9 km hinter Riedenberg und 0.6 km vor AS Bad Brückenau-Volkers  A7 Würzburg Richtung Fulda zwischen Sinntalbrücke und Rastplatz Rehhecke Fahrbahn auf einen Fahrstreifen verengt, Verkehr wird über die Gegenfahrbahn geleitet, Brückenarbeiten, bis 31.03.2026 15:00 Uhr",50.3169570437424,9.84345529178816
"A7","undefined--vi-avl.2025-05-20_19-29-00-000.f.de0","52.28976261937276,9.898274769755359,52.27830431826341,9.909753673382832","52.28976261937276,9.898274769755359","WARNING","A7 | Hannover-Süd - An der Alpe"," Hannover -> Kassel",0,"SLOW_TRAFFIC","56.599998474121094",2025-05-20,"Beginn: 20.05.25 um 19:29 Uhr  Angespannte Verkehrslage, seit 20.05.2025, 19:29 A7: Hannover -> Kassel, zwischen 2.2 km hinter AD Hannover-Süd und 4.6 km vor An der Alpe  Langsamer Verkehr Reisezeitverlust: 0 Minuten Durchschnittsgeschwindigkeit: 56 km/h",52.2897626193728,9.89827476975536
"A7","undefined--vi-hind.2025-05-20_19-18-32-000.f_001.de0","52.30433436907528,9.876162224465464,52.3040810507079,9.876483598747729","52.30433436907528,9.876162224465464","WARNING","A7 | Laatzen - An der Alpe"," Hannover -> Kassel",NA,NA,NA,2025-05-20,"Beginn: 20.05.25 um 19:18 Uhr  Fahrzeug-Hindernis, seit 20.05.2025, 19:18 A7: Hannover -> Kassel, zwischen 0.8 km hinter AS Laatzen und 8.3 km vor An der Alpe Gefahr durch ein defektes Fahrzeug auf der Fahrbahn",52.3043343690753,9.87616222446546
"A7","undefined--vi-zus.2025-03-31_00-40-00-000.f_018.de0","53.579141433849884,9.913430072127355,53.55636870091902,9.897540700000414","53.579141433849884,9.913430072127355","WARNING","A7 | Hamburg-Volkspark - Elbtunnel (Nordportal)"," Flensburg -> Hamburg",NA,NA,NA,2025-03-31,"Beginn: 31.03.25 um 00:40 Uhr  Zusammengesetzte Verkehrsinformation, seit 31.03.2025, 00:40 A7: Flensburg -> Hamburg, zwischen 0.4 km hinter AS Hamburg-Volkspark und 0.9 km vor Elbtunnel (Nordportal)  A7 Flensburg Richtung Hamburg Ausfahrt Hamburg-Othmarschen Fahrbahnverengung, maximale Fahrbahnbreite von 4,50 m, Bauarbeiten, bis 29.09.2025",53.5791414338499,9.91343007212735
"A8","undefined--vi-zus.2025-03-26_17-59-56-000.f_013.de0","49.32575278791285,7.172731755291576,49.327350714671546,7.213275819282444","49.32575278791285,7.172731755291576","WARNING","A8 | Neunkirchen/Spiesen - Kohlhof"," Saarlouis -> Neunkirchen",NA,NA,NA,2025-03-26,"Beginn: 26.03.25 um 17:59 Uhr  Zusammengesetzte Verkehrsinformation, seit 26.03.2025, 17:59 A8: Saarlouis -> Neunkirchen, zwischen 1.5 km hinter AS Neunkirchen/Spiesen und 1.0 km vor Kohlhof  A8 Saarlouis - Neunkirchen zwischen Neunkirchen-Spiesen und Neunkirchen-Oberstadt in beiden Richtungen Bauarbeiten, bis voraussichtlich 01.06.2025",49.3257527879128,7.17273175529158
"A8","undefined--vi-zus.2025-05-14_09-26-56-000.f.de0","49.32628400979037,7.229641516813452,49.329166750017514,7.1882642393148934","49.32628400979037,7.229641516813452","WARNING","A8 | Neunkirchen-Wellesweiler - Neunkirchen/Spiesen"," Neunkirchen -> Saarlouis",NA,NA,NA,2025-05-14,"Beginn: 14.05.25 um 09:26 Uhr  Zusammengesetzte Verkehrsinformation, seit 14.05.2025, 09:26 A8: Neunkirchen -> Saarlouis, zwischen 0.4 km hinter AS Neunkirchen-Wellesweiler und 2.7 km vor AS Neunkirchen/Spiesen  A8 Saarlouis - Neunkirchen zwischen Neunkirchen-Spiesen und Neunkirchen-Oberstadt in beiden Richtungen Bauarbeiten, bis voraussichtlich 01.06.2025",49.3262840097904,7.22964151681345
"A8","undefined--vi-hind.2025-05-20_18-13-47-000.f_003.de0","49.32487380094384,7.23242369999807,49.32945450094384,7.194932899997895","49.32487380094384,7.23242369999807","WARNING","A8 | Neunkirchen-Wellesweiler - Neunkirchen-Oberstadt"," Neunkirchen -> Saarlouis",NA,NA,NA,2025-05-20,"Beginn: 20.05.25 um 18:13 Uhr  Fahrzeug-Hindernis, seit 20.05.2025, 18:13 A8: Neunkirchen -> Saarlouis, zwischen 0.2 km hinter AS Neunkirchen-Wellesweiler und 0.3 km vor AS Neunkirchen-Oberstadt Gefahr durch ein defektes Fahrzeug auf der Fahrbahn",49.3248738009438,7.23242369999807
"A8","undefined--vi-hind.2025-05-20_19-23-00-000.f_003.de0","48.673594510318374,9.349857897667047,48.69091770094597,9.310111400000077","48.673594510318374,9.349857897667047","WARNING","A8 | Wendlingen - Denkendorf"," München -> Stuttgart",NA,NA,NA,2025-05-20,"Beginn: 20.05.25 um 19:23 Uhr  Fahrzeug-Hindernis, seit 20.05.2025, 19:23 A8: München -> Stuttgart, zwischen 0.5 km hinter AS Wendlingen und 0.6 km vor Denkendorf Gefahr durch ein defektes Fahrzeug auf der Fahrbahn",48.6735945103184,9.34985789766705
"A9","undefined--vi-hind.2025-05-20_19-28-30-000.f.de0","48.50534940094653,11.588750700012048,48.42842022184167,11.589287204026638","48.50534940094653,11.588750700012048","WARNING","A9 | In der Holledau - Aster Moos"," Nürnberg -> München",NA,NA,NA,2025-05-20,"Beginn: 20.05.25 um 19:28 Uhr  Fahrzeug-Hindernis, seit 20.05.2025, 19:28 A9: Nürnberg -> München, zwischen 6.0 km hinter In der Holledau und 4.8 km vor Aster Moos Gefahr durch ein defektes Fahrzeug auf der Fahrbahn",48.5053494009465,11.588750700012
"A9","undefined--vi-avl.2025-05-20_19-00-36-000.f.de0","48.72525109093901,11.476629047891615,48.73752217570162,11.4672892366959","48.72525109093901,11.476629047891615","WARNING","A9 | Neuburg a.d.Donau - Ingolstadt-Süd"," München -> Nürnberg",0,"SLOW_TRAFFIC","67.4000015258789",2025-05-20,"Beginn: 20.05.25 um 19:09 Uhr  Angespannte Verkehrslage, seit 20.05.2025, 19:09 A9: München -> Nürnberg, zwischen 1.6 km hinter AS Neuburg a.d.Donau und 1.6 km vor AS Ingolstadt-Süd  Langsamer Verkehr Reisezeitverlust: 0 Minuten Durchschnittsgeschwindigkeit: 67 km/h",48.725251090939,11.4766290478916
"A9","undefined--vi-hind.2025-05-20_18-37-14-000.f_001.de0","50.547970587548676,11.795799632265243,50.65721970093812,11.814038900014959","50.547970587548676,11.795799632265243","WARNING","A9 | Bad Lobenstein - Triptis"," Nürnberg -> Halle/Leipzig",NA,NA,NA,2025-05-20,"Beginn: 20.05.25 um 18:37 Uhr  Fahrzeug-Hindernis, seit 20.05.2025, 18:37 A9: Nürnberg -> Halle/Leipzig, zwischen 12.4 km hinter AS Bad Lobenstein und 11.0 km vor AS Triptis",50.5479705875487,11.7957996322652
"A9","undefined--vi-zus.2025-05-20_19-05-12-000.f_001.de0","50.968168254040535,11.860873515271516,50.911139252764706,11.841518128308563","50.968168254040535,11.860873515271516","WARNING","A9 | Eisenberg - Bad Klosterlausnitz"," Halle/Leipzig -> Nürnberg",NA,NA,NA,2025-05-20,"Beginn: 20.05.25 um 19:05 Uhr  Zusammengesetzte Verkehrsinformation, seit 20.05.2025, 19:05 A9: Halle/Leipzig -> Nürnberg, zwischen 0.3 km hinter AS Eisenberg und AS Bad Klosterlausnitz  Gefahr durch Personen auf der Fahrbahn  A9 Halle/Leipzig Richtung Nürnberg zwischen Eisenberg und Bad Klosterlausnitz Gefahr durch Personen auf der Fahrbahn, defekter LKW auf dem Standstreifen",50.9681682540405,11.8608735152715
"A9","undefined--vi-avl.2025-05-20_16-57-30-000.f.de0","51.072276304195455,11.955090514422453,51.05494545429789,11.946445398947317","51.072276304195455,11.955090514422453","WARNING","A9 | Naumburg - Droyßig"," Halle/Leipzig -> Nürnberg",2,"STATIONARY_TRAFFIC","34.099998474121094",2025-05-20,"Beginn: 20.05.25 um 16:57 Uhr  Angespannte Verkehrslage, seit 20.05.2025, 16:57 A9: Halle/Leipzig -> Nürnberg, zwischen 2.2 km hinter AS Naumburg und 1.7 km vor AS Droyßig  Im Stillstand Reisezeitverlust: 2 Minuten Durchschnittsgeschwindigkeit: 34 km/h",51.0722763041955,11.9550905144225
"A9","undefined--vi-zus.2025-05-20_18-20-03-000.f_003.de0","51.168591795337775,11.996773134807771,51.11339725159672,11.955761832032232","51.168591795337775,11.996773134807771","WARNING","A9 | Weißenfels - Osterfeld"," Halle/Leipzig -> Nürnberg",NA,NA,NA,2025-05-20,"Beginn: 20.05.25 um 18:20 Uhr  Zusammengesetzte Verkehrsinformation, seit 20.05.2025, 18:20 A9: Halle/Leipzig -> Nürnberg, zwischen 1.0 km hinter AS Weißenfels und 0.8 km vor Osterfeld  Gefahr durch eine ungesicherte Unfallstelle  A9 Halle/Leipzig Richtung Nürnberg zwischen Weißenfels und Raststätte Osterfeld West Gefahr durch ungesicherte Unfallstelle auf dem Standstreifen, Polizei ist benachrichtigt, fahren Sie bitte besonders vorsichtig",51.1685917953378,11.9967731348078
"A10","undefined--vi-hind.2025-05-20_19-12-00-000.f.de0","52.30624249764329,13.403052197812002,52.30624249764329,13.403052197812002","52.30624249764329,13.403052197812002","WARNING","A10 | Rangsdorf - Jühnsdorfer Heide"," Schönefelder Kreuz -> Dreieck Potsdam",NA,NA,NA,2025-05-20,"Beginn: 20.05.25 um 19:12 Uhr  Hindernis, seit 20.05.2025, 19:12 A10: Schönefelder Kreuz -> Dreieck Potsdam, zwischen 3.2 km hinter AS Rangsdorf und 2.1 km vor Jühnsdorfer Heide  Gefahr durch Gegenstände auf der Fahrbahn",52.3062424976433,13.403052197812
"A11","undefined--vi-hind.2025-05-20_19-28-30-000.f_001.de0","52.89735607094836,13.727615743043398,52.89632022410873,13.725802607499311","52.89735607094836,13.727615743043398","WARNING","A11 | Chorin - Werbellin"," Kreuz Uckermark -> Berliner Ring",NA,NA,NA,2025-05-20,"Beginn: 20.05.25 um 19:28 Uhr  Fahrzeug-Hindernis, seit 20.05.2025, 19:28 A11: Kreuz Uckermark -> Berliner Ring, zwischen 6.3 km hinter AS Chorin und 0.7 km vor AS Werbellin Gefahr durch ein defektes Fahrzeug auf der Fahrbahn",52.8973560709484,13.7276157430434
"A12","undefined--vi-zus.2025-05-20_19-03-00-000.f_001.de0","52.31581573597617,13.99154425185567,52.31596296172843,13.906020451235634","52.31581573597617,13.99154425185567","WARNING","A12 | Fürstenwalde-West - Storkow"," Frankfurt(Oder) -> Berliner Ring",NA,NA,NA,2025-05-20,"Beginn: 20.05.25 um 19:03 Uhr  Zusammengesetzte Verkehrsinformation, seit 20.05.2025, 19:03 A12: Frankfurt(Oder) -> Berliner Ring, zwischen 6.1 km hinter AS Fürstenwalde-West und 0.3 km vor AS Storkow  Gefahr durch Gegenstände auf der Fahrbahn  A12 Autobahn der Freiheit, Frankfurt(Oder) Richtung Berliner Ring zwischen Fürstenwalde-West und Storkow Gefahr durch mehrere Reifenteile auf dem linken Fahrstreifen, bitte vorsichtig fahren, Polizei ist benachrichtigt",52.3158157359762,13.9915442518557
"A12","undefined--vi-avl.2025-05-20_15-36-19-000.f_001.de0","52.31547855823725,14.57664753914431,52.31474236365472,14.555532094102352","52.31547855823725,14.57664753914431","WARNING","A12 | Frankfurt(Oder) - Frankfurt(Oder)-Mitte"," Frankfurt(Oder) -> Berliner Ring",4,"SLOW_TRAFFIC","10.199999809265137",2025-05-20,"Beginn: 20.05.25 um 15:36 Uhr  Angespannte Verkehrslage, seit 20.05.2025, 15:36 A12: Frankfurt(Oder) -> Berliner Ring, zwischen 0.1 km hinter Frankfurt(Oder) und 2.5 km vor AS Frankfurt(Oder)-Mitte  Langsamer Verkehr Reisezeitverlust: 4 Minuten Durchschnittsgeschwindigkeit: 10 km/h",52.3154785582373,14.5766475391443
"A12","WarnungA10Lkw3","47.61802931631098,12.202336027754352,47.61802931631098,12.202336027754352","47.61802931631098,12.202336027754352","WARNING","E45/E60 | LKW Blockabfertigung | A12-Inntal Autobahn","Richtung Italien",NA,NA,NA,2025-01-11,"Zeitraum: Beginn: 07.01.2025 Ende: 09.12.2025  Hinweis für LKW-Reisende nach Österreich: LKW-Blockabfertigungen an ausgewählten Tagen für Lkw am Grenzübergang Kufstein/Kiefersfelden. Maximaler Durchlass von 300 LKWs pro Stunde  Die genauen Ausführungszeiten und weitere Informationen auf tirol.gv.at/verkehr/verkehrs-und-seilbahnrecht/lkw-dosierung.",47.618029316311,12.2023360277544
"A12","WarnungA10Lkw2","47.6164490154047,12.202382557672273,47.6164490154047,12.202382557672273","47.6164490154047,12.202382557672273","WARNING","E43/E45/E60 | A13-Brenner Autobahn","Richtung Italien",NA,NA,NA,2025-01-11,"Zeitraum: Beginn: 11.01.2025 Ende: 27.09.2025  Hinweis für LKW-Reisende nach Österreich: LKW-Fahrverbot auf der A12-Inntal Autobahn, A13-Brenner Autobahn und A14-Rheintal/Walgau Autobahn, wenn das Ziel der Fahrt der Anschlussstelle Nößlach bis Anschlussstelle Brenner Nord der Richtungsfahrbahn Staatsgrenze der A 13 Brenner Autobahn erreicht werden soll. An ausgewählten Samstagen 7-15 Uhr sowie weiteren Tagen im Zeitraum 11.01. - 27.09.2025 Weitere Informationen auf http://asfinag.at/a13",47.6164490154047,12.2023825576723
"A13","undefined--vi-zus.2025-05-20_19-31-00-000.f_001.de0","51.95374210518419,13.76686055700756,51.9596113313501,13.766326146677052","51.95374210518419,13.76686055700756","WARNING","A13 | Berstetal - Krausnicker Berge"," Dresden -> Schönefelder Kreuz",0,"QUEUING_TRAFFIC","38.29999923706055",2025-05-20,"Beginn: 20.05.25 um 19:31 Uhr  Zusammengesetzte Verkehrsinformation, seit 20.05.2025, 19:31 A13: Dresden -> Schönefelder Kreuz, zwischen 5.6 km hinter Berstetal und 4.8 km vor Krausnicker Berge  Stockender Verkehr Reisezeitverlust: 0 Minuten Durchschnittsgeschwindigkeit: 38 km/h",51.9537421051842,13.7668605570076
"A14","undefined--vi-zus.2025-05-20_17-25-09-000.f_006.de0","52.33012570092819,11.618452800008985,52.29028243523017,11.624471119086898","52.33012570092819,11.618452800008985","WARNING","A14 | Colbitz - Wolmirstedt"," Colbitz -> Wolmirstedt",NA,NA,NA,2025-05-20,"Beginn: 20.05.25 um 17:25 Uhr  Zusammengesetzte Verkehrsinformation, seit 20.05.2025, 17:25 A14: Colbitz -> Wolmirstedt, zwischen 0.3 km hinter AS Colbitz und 0.2 km vor AS Wolmirstedt  Gefahr durch Gegenstände auf der Fahrbahn  A14 Colbitz Richtung Wolmirstedt zwischen Colbitz und Ausfahrt B189, Wolmirstedt Gefahr durch Gegenstände auf der Fahrbahn, Polizei ist benachrichtigt, bitte vorsichtig fahren",52.3301257009282,11.618452800009
"A14","undefined--vi-hind.2025-05-20_18-47-09-000.f_005.de0","51.15479694165301,13.127835699872538,51.154247726061925,13.12976475896021","51.15479694165301,13.127835699872538","WARNING","A14 | Döbeln-Nord - Döbeln-Ost"," Leipzig -> Nossen",NA,NA,NA,2025-05-20,"Beginn: 20.05.25 um 18:47 Uhr  Fahrzeug-Hindernis, seit 20.05.2025, 18:47 A14: Leipzig -> Nossen, zwischen 0.3 km hinter AS Döbeln-Nord und 6.1 km vor AS Döbeln-Ost Gefahr durch ein defektes Fahrzeug auf der Fahrbahn",51.154796941653,13.1278356998725
"A15","undefined--vi-avl.2025-05-20_04-56-00-000.f_001.de0","51.71080413521021,14.400207112994863,51.70779461894658,14.435246468267069","51.71080413521021,14.400207112994863","WARNING","A15 | Cottbus-Süd - Roggosen"," Cottbus -> Breslau",0,"SLOW_TRAFFIC","72.19999694824219",2025-05-20,"Beginn: 20.05.25 um 04:56 Uhr  Angespannte Verkehrslage, seit 20.05.2025, 04:56 A15: Cottbus -> Breslau, zwischen 3.6 km hinter AS Cottbus-Süd und 2.1 km vor AS Roggosen  Langsamer Verkehr Reisezeitverlust: 0 Minuten Durchschnittsgeschwindigkeit: 72 km/h",51.7108041352102,14.4002071129949
"A17","undefined--vi-zus.2025-05-20_17-34-28-000.f_001.de0","50.82026170094333,13.887384300240237,50.82713299600389,13.887562977689061","50.82026170094333,13.887384300240237","WARNING","A17 | Breitenau-Schönwald - Bad Gottleuba"," Prag -> Dresden",0,"QUEUING_TRAFFIC","39.400001525878906",2025-05-20,"Beginn: 20.05.25 um 19:23 Uhr  Zusammengesetzte Verkehrsinformation, seit 20.05.2025, 19:23 A17: Prag -> Dresden, zwischen 4.5 km hinter Breitenau-Schönwald und 0.5 km vor AS Bad Gottleuba  Stockender Verkehr Reisezeitverlust: 0 Minuten Durchschnittsgeschwindigkeit: 39 km/h",50.8202617009433,13.8873843002402
"A31","undefined--vi-avl.2025-05-20_18-23-45-000.f_003.de0","52.12139566927093,7.087093961543608,52.135213635922234,7.08954690446089","52.12139566927093,7.087093961543608","WARNING","A31 | Heek - Gronau/Ochtrup"," Oberhausen -> Gronau",0,"SLOW_TRAFFIC","72",2025-05-20,"Beginn: 20.05.25 um 18:23 Uhr  Angespannte Verkehrslage, seit 20.05.2025, 18:23 A31: Oberhausen -> Gronau, zwischen 0.3 km hinter AS Heek und 6.6 km vor AS Gronau/Ochtrup  Langsamer Verkehr Reisezeitverlust: 0 Minuten Durchschnittsgeschwindigkeit: 72 km/h",52.1213956692709,7.08709396154361
"A37","undefined--vi-zus.2025-05-20_10-04-05-000.f_002.de0","52.442156462690335,9.933442989087833,52.436581812162494,9.913211841333315","52.442156462690335,9.933442989087833","WARNING","A37 | Beinhorn - Hannover-Kirchhorst"," Celle -> Hannover",NA,NA,NA,2025-05-20,"Beginn: 20.05.25 um 10:04 Uhr  Zusammengesetzte Verkehrsinformation, seit 20.05.2025, 10:04 B3: Celle -> Hannover, zwischen 0.4 km hinter AS Beinhorn und 2.1 km vor AK Hannover-Kirchhorst  A37 Messe - Burgdorf
zwischen Kreuz Hannover-Buchholz und Beinhorn
in beiden Richtungen geänderte Verkehrsführung im Baustellenbereich, Bauarbeiten, bis 30.10.2026 ca. 18:00 Uhr",52.4421564626903,9.93344298908783
"A37","undefined--vi-zus.2025-05-20_10-04-05-000.f_003.de0","52.42566547847685,9.880479425875153,52.44102213295518,9.93161290421946","52.42566547847685,9.880479425875153","WARNING","Baustelle"," km 22.62 --> km 26.54",NA,NA,NA,2025-05-20,"Beginn: 20.05.25 um 10:04 Uhr  Zusammengesetzte Verkehrsinformation, seit 20.05.2025, 10:04 A37: km 22.62 --> km 26.54  A37 Messe - Burgdorf
zwischen Kreuz Hannover-Buchholz und Beinhorn
in beiden Richtungen geänderte Verkehrsführung im Baustellenbereich, Bauarbeiten, bis 30.10.2026 ca. 18:00 Uhr",52.4256654784769,9.88047942587515
"A40","undefined--vi-hind.2025-05-20_19-02-30-000.f_002.de0","51.40899811031761,6.425918209687218,51.40878169400043,6.422924028534556","51.40899811031761,6.425918209687218","WARNING","A40 | Kerken - Kempen"," Duisburg -> Venlo",NA,NA,NA,2025-05-20,"Beginn: 20.05.25 um 19:02 Uhr  Fahrzeug-Hindernis, seit 20.05.2025, 19:02 A40: Duisburg -> Venlo, zwischen 3.7 km hinter AS Kerken und 0.3 km vor AS Kempen Gefahr durch ein defektes Fahrzeug auf der Fahrbahn",51.4089981103176,6.42591820968722
"A40","undefined--vi-hind.2025-05-20_19-18-32-000.f_003.de0","51.49688377344338,7.28070156445008,51.49680490093341,7.284841399998396","51.49688377344338,7.28070156445008","WARNING","A40 | Bochum - Bochum-Werne"," Essen -> Dortmund",NA,NA,NA,2025-05-20,"Beginn: 20.05.25 um 19:18 Uhr  Hindernis, seit 20.05.2025, 19:18 A40: Essen -> Dortmund, zwischen 0.7 km hinter AK Bochum und 0.3 km vor AS Bochum-Werne  Gefahr durch Gegenstände auf der Fahrbahn",51.4968837734434,7.28070156445008
"A43","undefined--vi-avl.2025-05-20_18-38-49-000.f.de0","51.909645419077215,7.524138457575388,51.914321504435776,7.547969365094297","51.909645419077215,7.524138457575388","WARNING","A43 | Senden - Münster-Süd"," Recklinghausen -> Münster",2,"QUEUING_TRAFFIC","33.400001525878906",2025-05-20,"Beginn: 20.05.25 um 18:38 Uhr  Angespannte Verkehrslage, seit 20.05.2025, 18:38 A43: Recklinghausen -> Münster, zwischen 2.4 km hinter AS Senden und 0.9 km vor AK Münster-Süd  Stockender Verkehr Reisezeitverlust: 2 Minuten Durchschnittsgeschwindigkeit: 33 km/h",51.9096454190772,7.52413845757539
"A43","undefined--vi-avl.2025-05-20_19-36-30-000.f_003.de0","51.909645419077215,7.524138457575388,51.909645419077215,7.524138457575388","51.909645419077215,7.524138457575388","WARNING","A43 | Münster-Süd - Münster-Süd"," Recklinghausen -> Münster",NA,"QUEUING_TRAFFIC","15",2025-05-20,"Beginn: 20.05.25 um 19:36 Uhr  Angespannte Verkehrslage, seit 20.05.2025, 19:36 A43: Recklinghausen -> Münster, 2.6 km vor AK Münster-Süd, aus Richtung Senden  Stockender Verkehr Durchschnittsgeschwindigkeit: 15 km/h",51.9096454190772,7.52413845757539
"A44","undefined--vi-avl.2025-05-20_19-34-00-000.f_001.de0","51.53142951005734,7.819244785814973,51.53365177525339,7.838983714737522","51.53142951005734,7.819244785814973","WARNING","A44 | Buchenhain - Am Haarstrang"," Dortmund -> Kassel",0,"SLOW_TRAFFIC","54.5",2025-05-20,"Beginn: 20.05.25 um 19:34 Uhr  Angespannte Verkehrslage, seit 20.05.2025, 19:34 A44: Dortmund -> Kassel, zwischen 2.0 km hinter Buchenhain und 1.5 km vor Am Haarstrang  Langsamer Verkehr Reisezeitverlust: 0 Minuten Durchschnittsgeschwindigkeit: 54 km/h",51.5314295100573,7.81924478581497
"A44","undefined--vi-hind.2025-05-20_19-11-30-000.f_001.de0","51.59695450093284,8.511005499999836,51.58395142711757,8.32070442215169","51.59695450093284,8.511005499999836","WARNING","A44 | Geseke - Erwitte/Anröchte"," Kassel -> Dortmund",NA,NA,NA,2025-05-20,"Beginn: 20.05.25 um 19:11 Uhr  Hindernis, seit 20.05.2025, 19:11 A44: Kassel -> Dortmund, zwischen 0.3 km hinter AS Geseke und 0.5 km vor AS Erwitte/Anröchte  Gefahr durch Gegenstände auf der Fahrbahn",51.5969545009328,8.51100549999984
"A44","undefined--vi-avl.2025-05-20_18-32-01-000.f_010.de0","51.524166360784314,8.91558576836401,51.524166360784314,8.91558576836401","51.524166360784314,8.91558576836401","WARNING","A44 | Blankenrode - Blankenrode"," Kassel -> Dortmund",NA,"STATIONARY_TRAFFIC","8",2025-05-20,"Beginn: 20.05.25 um 19:36 Uhr  Angespannte Verkehrslage, seit 20.05.2025, 19:36 A44: Kassel -> Dortmund, 3.5 km vor Blankenrode, aus Richtung Marsberg  Im Stillstand Durchschnittsgeschwindigkeit: 8 km/h",51.5241663607843,8.91558576836401
"A44","undefined--vi-avl.2025-05-20_18-20-03-000.f_001.de0","51.52410787730819,8.915764466927948,51.538735987696114,8.84621064787934","51.52410787730819,8.915764466927948","WARNING","A44 | Marsberg - Lichtenau (Westf.)"," Kassel -> Dortmund",11,"STATIONARY_TRAFFIC","22",2025-05-20,"Beginn: 20.05.25 um 18:20 Uhr  Angespannte Verkehrslage, seit 20.05.2025, 18:20 A44: Kassel -> Dortmund, zwischen 3.3 km hinter AS Marsberg und 0.5 km vor AS Lichtenau (Westf.)  Im Stillstand Reisezeitverlust: 11 Minuten Durchschnittsgeschwindigkeit: 22 km/h",51.5241078773082,8.91576446692795
"A45","undefined--vi-hind.2025-05-20_19-20-30-000.f_001.de0","50.0925138835485,9.033667808517814,50.09395901128563,9.032851666119468","50.0925138835485,9.033667808517814","WARNING","A45 | Alzenau-Mitte - Alzenau-Nord"," Aschaffenburg -> Gießen",NA,NA,NA,2025-05-20,"Beginn: 20.05.25 um 19:20 Uhr  Fahrzeug-Hindernis, seit 20.05.2025, 19:20 A45: Aschaffenburg -> Gießen, zwischen 0.8 km hinter AS Alzenau-Mitte und 0.5 km vor AS Alzenau-Nord Gefahr durch ein defektes Fahrzeug auf der Fahrbahn",50.0925138835485,9.03366780851781
"A45","undefined--vi-avl.2025-05-20_11-27-19-000.f_004.de0","51.26660853555361,7.601914542576193,51.26660853555361,7.601914542576193","51.26660853555361,7.601914542576193","WARNING","A45 | Lüdenscheid-Nord - Lüdenscheid-Nord"," Hagen -> Gießen",NA,"STATIONARY_TRAFFIC","4",2025-05-20,"Beginn: 20.05.25 um 19:36 Uhr  Angespannte Verkehrslage, seit 20.05.2025, 19:36 A45: Hagen -> Gießen, 1.2 km vor AS Lüdenscheid-Nord, aus Richtung Sterbecker Siepen  Im Stillstand Durchschnittsgeschwindigkeit: 4 km/h",51.2666085355536,7.60191454257619
"A45","undefined--vi-avl.2025-05-20_11-26-49-000.f_003.de0","51.26660853555361,7.601914542576193,51.263860400934774,7.60281269999918","51.26660853555361,7.601914542576193","WARNING","A45 | Sterbecker Siepen - Lüdenscheid-Nord"," Hagen -> Gießen",2,"STATIONARY_TRAFFIC","9.399999618530273",2025-05-20,"Beginn: 20.05.25 um 11:26 Uhr  Angespannte Verkehrslage, seit 20.05.2025, 11:26 A45: Hagen -> Gießen, zwischen 0.1 km hinter Sterbecker Siepen und 0.8 km vor AS Lüdenscheid-Nord  Im Stillstand Reisezeitverlust: 2 Minuten Durchschnittsgeschwindigkeit: 9 km/h",51.2666085355536,7.60191454257619
"A46","undefined--vi-unf.2025-05-20_19-07-03-000.f_001.de0","51.06835510093594,6.2996757999882425,51.068957215327856,6.29698782096779","51.06835510093594,6.2996757999882425","WARNING","A46 | Erkelenz-Süd - Hückelhoven-Ost"," Düsseldorf -> Heinsberg",NA,NA,NA,2025-05-20,"Beginn: 20.05.25 um 19:07 Uhr  Unfall, seit 20.05.2025, 19:07 A46: Düsseldorf -> Heinsberg, zwischen 0.1 km hinter AS Erkelenz-Süd und 4.5 km vor AS Hückelhoven-Ost",51.0683551009359,6.29967579998824
"A46","undefined--vi-avl.2025-05-20_18-01-55-000.f_001.de0","51.19471849202223,6.939640111883779,51.19471849202223,6.939640111883779","51.19471849202223,6.939640111883779","WARNING","A46 | Hilden - Hilden"," Wuppertal -> Düsseldorf",NA,"STATIONARY_TRAFFIC","13",2025-05-20,"Beginn: 20.05.25 um 19:36 Uhr  Angespannte Verkehrslage, seit 20.05.2025, 19:36 A46: Wuppertal -> Düsseldorf, in Höhe AK Hilden, aus Richtung Hilden  Im Stillstand Durchschnittsgeschwindigkeit: 13 km/h",51.1947184920222,6.93964011188378
"A60","undefined--vi-zus.2025-04-08_08-51-21-000.f_013.de0","49.98125533976677,8.345695317688524,49.97565770865279,8.441396718063045","49.98125533976677,8.345695317688524","WARNING","A60 | Mainspitz-Dreieck - Rüsselsheimer Dreieck"," Mainz -> Rüsselsheim",NA,NA,NA,2025-04-08,"Beginn: 08.04.25 um 08:51 Uhr  Zusammengesetzte Verkehrsinformation, seit 08.04.2025, 08:51 A60: Mainz -> Rüsselsheim, zwischen 0.5 km hinter AD Mainspitz-Dreieck und 2.2 km vor AD Rüsselsheimer Dreieck  Sperrung der A60 bei Königstädten – Grundhafte Fahrbahnerneuerung zwischen dem Rüsselsheimer Dreieck und dem Mainspitz Dreieck. Die Niederlassung West der Autobahn GmbH erneuert zwischen dem Rüsselsheimer Dreieck (30) und dem Mainspitz Dreieck (26) die Fahrbahn. Von Donnerstagmorgen (24. April) bis Mitte Juli wird die Anschlussstelle (AS) Königstädten (29) in Fahrtrichtung (FR) Mainz sowie in FR Rüsselsheimer Dreieck gesperrt. Umleitungsmöglichkeiten sind ausgeschildert: • Ausfahrt FR Mainz: Umleitung via AS Rüsselsheim-Mitte • Einfahrt FR Mainz: innerstädtische Umleitung zur AS Rüsselsheim-Mitte (Adam-Opel-Straße / Kurt-Schumacher-Ring), von Nauheim kommend via L3482 zur AS Bischofsheim • Einfahrt FR Darmstadt: innerstädtische Umleitung zur AS Rüsselsheim-Mitte (Adam-Opel-Straße / Kurt-Schumacher-Ring) Die Autobahn GmbH bittet alle Verkehrsteilnehmer um Verständnis für die unvermeidlichen Verkehrsbehinderungen, die durch die Arbeiten entstehen.",49.9812553397668,8.34569531768852
"A60","undefined--vi-avl.2025-05-20_19-15-30-000.f.de0","49.97745990831603,8.454743895627844,49.97745990831603,8.454743895627844","49.97745990831603,8.454743895627844","WARNING","A60 | Rüsselsheim-Königstädten - Rüsselsheim-Königstädten"," Rüsselsheim -> Mainz",NA,"STATIONARY_TRAFFIC","5",2025-05-20,"Beginn: 20.05.25 um 19:36 Uhr  Angespannte Verkehrslage, seit 20.05.2025, 19:36 A60: Rüsselsheim -> Mainz, 1.2 km vor AS Rüsselsheim-Königstädten, aus Richtung Rüsselsheimer Dreieck  Im Stillstand Durchschnittsgeschwindigkeit: 5 km/h",49.977459908316,8.45474389562784
"A60","undefined--vi-avl.2025-05-20_18-32-33-000.f_002.de0","49.97619106522448,8.446868862296796,49.976259100941235,8.453442999999853","49.97619106522448,8.446868862296796","WARNING","A60 | Rüsselsheim-Königstädten - Rüsselsheimer Dreieck"," Mainz -> Rüsselsheim",0,"QUEUING_TRAFFIC","28.399999618530273",2025-05-20,"Beginn: 20.05.25 um 18:32 Uhr  Angespannte Verkehrslage, seit 20.05.2025, 18:32 A60: Mainz -> Rüsselsheim, zwischen 0.6 km hinter AS Rüsselsheim-Königstädten und 1.3 km vor AD Rüsselsheimer Dreieck  Stockender Verkehr Reisezeitverlust: 0 Minuten Durchschnittsgeschwindigkeit: 28 km/h",49.9761910652245,8.4468688622968
"A60","undefined--vi-zus.2025-05-03_10-55-00-000.f_003.de0","49.977457399447445,8.454646346787307,49.981587265039146,8.34517285786785","49.977457399447445,8.454646346787307","WARNING","A60 | Rüsselsheimer Dreieck - Mainspitz-Dreieck"," Rüsselsheim -> Mainz",NA,NA,NA,2025-05-03,"Beginn: 03.05.25 um 10:55 Uhr  Zusammengesetzte Verkehrsinformation, seit 03.05.2025, 10:55 A60: Rüsselsheim -> Mainz, zwischen 0.6 km hinter AD Rüsselsheimer Dreieck und 0.5 km vor AD Mainspitz-Dreieck  Sperrung der A60 bei Königstädten – Grundhafte Fahrbahnerneuerung zwischen dem Rüsselsheimer Dreieck und dem Mainspitz Dreieck. Die Niederlassung West der Autobahn GmbH erneuert zwischen dem Rüsselsheimer Dreieck (30) und dem Mainspitz Dreieck (26) die Fahrbahn. Von Donnerstagmorgen (24. April) bis Mitte Juli wird die Anschlussstelle (AS) Königstädten (29) in Fahrtrichtung (FR) Mainz sowie in FR Rüsselsheimer Dreieck gesperrt. Umleitungsmöglichkeiten sind ausgeschildert: • Ausfahrt FR Mainz: Umleitung via AS Rüsselsheim-Mitte • Einfahrt FR Mainz: innerstädtische Umleitung zur AS Rüsselsheim-Mitte (Adam-Opel-Straße / Kurt-Schumacher-Ring), von Nauheim kommend via L3482 zur AS Bischofsheim • Einfahrt FR Darmstadt: innerstädtische Umleitung zur AS Rüsselsheim-Mitte (Adam-Opel-Straße / Kurt-Schumacher-Ring) Die Autobahn GmbH bittet alle Verkehrsteilnehmer um Verständnis für die unvermeidlichen Verkehrsbehinderungen, die durch die Arbeiten entstehen.",49.9774573994474,8.45464634678731
"A60","undefined--vi-avl.2025-05-20_18-30-13-000.f_015.de0","49.97745775786225,8.454660282335292,49.97487948659168,8.418260469272393","49.97745775786225,8.454660282335292","WARNING","A60 | Rüsselsheimer Dreieck - Rüsselsheim-Mitte"," Rüsselsheim -> Mainz",5,"STATIONARY_TRAFFIC","23.899999618530273",2025-05-20,"Beginn: 20.05.25 um 18:30 Uhr  Angespannte Verkehrslage, seit 20.05.2025, 18:30 A60: Rüsselsheim -> Mainz, zwischen 0.6 km hinter AD Rüsselsheimer Dreieck und 0.3 km vor AS Rüsselsheim-Mitte  Im Stillstand Reisezeitverlust: 5 Minuten Durchschnittsgeschwindigkeit: 23 km/h",49.9774577578622,8.45466028233529
"A60","undefined--vi-avl.2025-05-20_19-36-30-000.f_002.de0","49.97619106522448,8.446868862296796,49.97619106522448,8.446868862296796","49.97619106522448,8.446868862296796","WARNING","A60 | Rüsselsheimer Dreieck - Rüsselsheimer Dreieck"," Mainz -> Rüsselsheim",NA,"QUEUING_TRAFFIC","22",2025-05-20,"Beginn: 20.05.25 um 19:36 Uhr  Angespannte Verkehrslage, seit 20.05.2025, 19:36 A60: Mainz -> Rüsselsheim, 1.8 km vor AD Rüsselsheimer Dreieck, aus Richtung Rüsselsheim-Königstädten  Stockender Verkehr Durchschnittsgeschwindigkeit: 22 km/h",49.9761910652245,8.4468688622968
"A66","undefined--vi-zus.2025-05-20_18-43-22-000.f_002.de0","50.09394169627694,8.483462705529531,50.114199200940625,8.53038179999988","50.09394169627694,8.483462705529531","WARNING","A66 | Krifteler Dreieck - Frankfurt am Main-Höchst"," Wiesbaden -> Frankfurt",40,"STATIONARY_TRAFFIC","5.800000190734863",2025-05-20,"Beginn: 20.05.25 um 18:43 Uhr  Zusammengesetzte Verkehrsinformation, seit 20.05.2025, 18:43 A66: Wiesbaden -> Frankfurt, zwischen 1.3 km hinter AD Krifteler Dreieck und 0.2 km vor AS Frankfurt am Main-Höchst  Im Stillstand Reisezeitverlust: 40 Minuten Durchschnittsgeschwindigkeit: 5 km/h",50.0939416962769,8.48346270552953
"A66","undefined--vi-avl.2025-05-20_18-49-22-000.f_005.de0","50.09395966637287,8.483463935682824,50.09395966637287,8.483463935682824","50.09395966637287,8.483463935682824","WARNING","A66 | Frankfurt am Main-Zeilsheim - Frankfurt am Main-Zeilsheim"," Wiesbaden -> Frankfurt",NA,"STATIONARY_TRAFFIC","4",2025-05-20,"Beginn: 20.05.25 um 19:36 Uhr  Angespannte Verkehrslage, seit 20.05.2025, 19:36 A66: Wiesbaden -> Frankfurt, 0.3 km vor AS Frankfurt am Main-Zeilsheim, aus Richtung Krifteler Dreieck  Im Stillstand Durchschnittsgeschwindigkeit: 4 km/h",50.0939596663729,8.48346393568282
"A66","undefined--vi-unf.2025-05-20_17-59-50-000.f_002.de0","50.11192751976789,8.524157601895318,50.117471679704764,8.539348885285913","50.11192751976789,8.524157601895318","WARNING","A66 | Kelkheim - Frankfurt am Main"," Wiesbaden -> Frankfurt",NA,NA,NA,2025-05-20,"Beginn: 20.05.25 um 17:59 Uhr  Unfall, seit 20.05.2025, 17:59 A66: Wiesbaden -> Frankfurt, zwischen 0.1 km hinter AS Kelkheim und 0.3 km vor Frankfurt am Main",50.1119275197679,8.52415760189532
"A66","undefined--vi-unf.2025-05-20_18-43-22-000.f_002.de0","50.13023180094057,8.57710679999989,50.13282665932168,8.582852049025613","50.13023180094057,8.57710679999989","WARNING","A66 | Eschborner Dreieck - Nordwestkreuz Frankfurt am Main"," Wiesbaden -> Frankfurt",NA,NA,NA,2025-05-20,"Beginn: 20.05.25 um 18:43 Uhr  Unfall, seit 20.05.2025, 18:43 A66: Wiesbaden -> Frankfurt, zwischen 0.2 km hinter AD Eschborner Dreieck und 0.6 km vor AK Nordwestkreuz Frankfurt am Main",50.1302318009406,8.57710679999989
"A70","undefined--vi-hind.2025-05-20_18-52-32-000.f_002.de0","50.00486758957512,10.146126335757762,50.00561272606467,10.14827578712263","50.00486758957512,10.146126335757762","WARNING","A70 | Werneck - Werntal"," Schweinfurt/Werneck -> Bamberg",NA,NA,NA,2025-05-20,"Beginn: 20.05.25 um 18:52 Uhr  Fahrzeug-Hindernis, seit 20.05.2025, 18:52 A70: Schweinfurt/Werneck -> Bamberg, zwischen 2.0 km hinter AS Werneck und 1.9 km vor AD Werntal Gefahr durch ein defektes Fahrzeug auf der Fahrbahn",50.0048675895751,10.1461263357578
"A70","undefined--vi-unf.2025-05-20_18-06-26-000.f_003.de0","49.91793836131073,10.860244753485976,49.93053440094142,10.782675700001946","49.91793836131073,10.860244753485976","WARNING","A70 | Hallstadt - Viereth-Trunstadt"," Bamberg -> Schweinfurt/Werneck",NA,NA,NA,2025-05-20,"Beginn: 20.05.25 um 18:06 Uhr  Unfall, seit 20.05.2025, 18:06 A70: Bamberg -> Schweinfurt/Werneck, zwischen 1.2 km hinter AS Hallstadt und 0.3 km vor AS Viereth-Trunstadt",49.9179383613107,10.860244753486
"A71","undefined--vi-unf.2025-05-20_18-15-33-000.f_003.de0","51.157337400935376,11.168633500004223,51.20336750093513,11.182515000004331","51.157337400935376,11.168633500004223","WARNING","A71 | Sömmerda-Ost - Kölleda"," Erfurt -> Sangerhausen",NA,NA,NA,2025-05-20,"Beginn: 20.05.25 um 18:15 Uhr  Unfall, seit 20.05.2025, 18:15 A71: Erfurt -> Sangerhausen, zwischen 0.2 km hinter AS Sömmerda-Ost und 1.8 km vor AS Kölleda",51.1573374009354,11.1686335000042
"A93","undefined--vi-avl.2025-05-20_19-09-06-000.f_001.de0","48.70530070400537,11.778291346069244,48.70021005403361,11.756525589655805","48.70530070400537,11.778291346069244","WARNING","A93 | Elsendorf - Aiglsbach"," Regensburg -> Holledau",0,"SLOW_TRAFFIC","68.5999984741211",2025-05-20,"Beginn: 20.05.25 um 19:09 Uhr  Angespannte Verkehrslage, seit 20.05.2025, 19:09 A93: Regensburg -> Holledau, zwischen 1.8 km hinter AS Elsendorf und 2.0 km vor AS Aiglsbach  Langsamer Verkehr Reisezeitverlust: 0 Minuten Durchschnittsgeschwindigkeit: 68 km/h",48.7053007040054,11.7782913460692
"A93","undefined--vi-hind.2025-05-20_17-54-23-000.f_006.de0","49.00928737455302,12.060896857638944,49.013749200945085,12.063784500026992","49.00928737455302,12.060896857638944","WARNING","A93 | Regensburg-Kumpfmühl - Regensburg-Prüfening"," Holledau -> Regensburg",NA,NA,NA,2025-05-20,"Beginn: 20.05.25 um 17:54 Uhr  Fahrzeug-Hindernis, seit 20.05.2025, 17:54 A93: Holledau -> Regensburg, zwischen 0.9 km hinter AS Regensburg-Kumpfmühl und 0.2 km vor AS Regensburg-Prüfening Gefahr durch ein defektes Fahrzeug auf der Fahrbahn",49.009287374553,12.0608968576389
"A100","undefined--vi-avl.2025-05-20_19-09-34-000.f_008.de0","52.500354821082325,13.280285735091148,52.521239900929125,13.282059300092635","52.500354821082325,13.280285735091148","WARNING","A100 | Halenseestraße - Siemensdamm"," Wilmersdorf -> Wedding",2,"SLOW_TRAFFIC","36.70000076293945",2025-05-20,"Beginn: 20.05.25 um 19:09 Uhr  Angespannte Verkehrslage, seit 20.05.2025, 19:09 A100: Wilmersdorf -> Wedding, zwischen 0.7 km hinter AS Halenseestraße und 1.4 km vor AS Siemensdamm  Langsamer Verkehr Reisezeitverlust: 2 Minuten Durchschnittsgeschwindigkeit: 36 km/h",52.5003548210823,13.2802857350911
"A113","undefined--vi-zus.2025-05-06_00-21-00-000.f_003.de0","52.43025717661688,13.505075428607936,52.42875800093087,13.509218300121121","52.43025717661688,13.505075428607936","WARNING","A113 | Stubenrauchstraße - Adlershof"," Neukölln -> Schönefeld",NA,NA,NA,2025-05-06,"Beginn: 06.05.25 um 00:21 Uhr  Zusammengesetzte Verkehrsinformation, seit 06.05.2025, 00:21 A113: Neukölln -> Schönefeld, zwischen 0.6 km hinter AS Stubenrauchstraße und 0.3 km vor AS Adlershof  A113 Autobahnzubringer Dresden, Neukölln Richtung Schönefeld
zwischen Stubenrauchstraße und Tunnel Rudower Höhe
linker Fahrstreifen gesperrt, Bauarbeiten, bis voraussichtlich 20.06.2025",52.4302571766169,13.5050754286079
"A113","undefined--vi-hind.2025-05-20_18-52-04-000.f_002.de0","52.366914842525205,13.54870128596725,52.368514647286595,13.548562154980514","52.366914842525205,13.54870128596725","WARNING","A113 | Waltersdorf - Flughafen BBI"," Schönefeld -> Neukölln",NA,NA,NA,2025-05-20,"Beginn: 20.05.25 um 18:52 Uhr  Hindernis, seit 20.05.2025, 18:52 A113: Schönefeld -> Neukölln, zwischen 0.3 km hinter AD Waltersdorf und 0.6 km vor AS Flughafen BBI  Gefahr durch Gegenstände auf der Fahrbahn",52.3669148425252,13.5487012859672
"A115","undefined--vi-zus.2024-10-09_07-09-40-000.f_531.de0","52.40027056808641,13.185163736426698,52.44227384698058,13.202709435405149","52.40027056808641,13.185163736426698","WARNING","A115 | Am Stern - Hüttenweg"," Dreieck Nuthetal -> Dreieck Funkturm",NA,NA,NA,2024-10-09,"Beginn: 09.10.24 um 07:09 Uhr  Zusammengesetzte Verkehrsinformation, seit 09.10.2024, 07:09 A115: Dreieck Nuthetal -> Dreieck Funkturm, zwischen 2.9 km hinter Am Stern und 3.8 km vor AS Hüttenweg  A115 Autobahnzubringer Magdeburg, Dreieck Nuthetal Richtung Dreieck Funkturm, zwischen Anschlussstelle Kleinmachnow und Anschlussstelle Spanische Allee, Baustelle, bis 31.10.2026 17:00 Uhr",52.4002705680864,13.1851637364267
