"road","identifier","extent","point","display_type","title","subtitle","delay_minutes","abnormalTrafficType","averageSpeed","startTimestamp","description","latitude","longitude"
"A1","undefined--vi-hind.2025-05-22_02-51-30-000.f_001.de0","53.00914465323472,8.724302027382599,53.00835829613413,8.720511782003257","53.00914465323472,8.724302027382599","WARNING","A1 | Bremen/Brinkum - Stuhr"," Bremen -> Osnabrück",NA,NA,NA,2025-05-22,"Beginn: 22.05.25 um 02:51 Uhr  Fahrzeug-Hindernis, seit 22.05.2025, 02:51 A1: Bremen -> Osnabrück, zwischen 5.5 km hinter AS Bremen/Brinkum und 1.3 km vor AD Stuhr Gefahr durch ein defektes Fahrzeug auf der Fahrbahn",53.0091446532347,8.7243020273826
"A3","undefined--vi-avl.2025-05-22_03-19-00-000.f_004.de0","48.5335684009485,13.400091000191024,48.55398100478808,13.393607257066062","48.5335684009485,13.400091000191024","WARNING","A3 | Rottal-Ost - Hammerbach"," Linz -> Nürnberg",1,"SLOW_TRAFFIC","65.9000015258789",2025-05-22,"Beginn: 22.05.25 um 03:19 Uhr  Angespannte Verkehrslage, seit 22.05.2025, 03:19 A3: Linz -> Nürnberg, zwischen 8.7 km hinter Rottal-Ost und 0.7 km vor Hammerbach  Langsamer Verkehr Reisezeitverlust: 1 Minuten Durchschnittsgeschwindigkeit: 65 km/h",48.5335684009485,13.400091000191
"A3","undefined--vi-avl.2025-05-22_03-31-00-000.f_001.de0","48.99204826194482,12.425005325898967,48.99396991156233,12.414397951700481","48.99204826194482,12.425005325898967","WARNING","A3 | Kirchroth - Wörth an der Donau-Ost"," Passau -> Nürnberg",1,"STATIONARY_TRAFFIC","26.5",2025-05-22,"Beginn: 22.05.25 um 03:31 Uhr  Angespannte Verkehrslage, seit 22.05.2025, 03:31 A3: Passau -> Nürnberg, zwischen 9.4 km hinter AS Kirchroth und 0.4 km vor AS Wörth an der Donau-Ost  Im Stillstand Reisezeitverlust: 1 Minuten Durchschnittsgeschwindigkeit: 26 km/h",48.9920482619448,12.425005325899
"A3","undefined--vi-avl.2025-05-22_03-32-30-000.f_003.de0","48.992038705150414,12.425057997394411,48.992038705150414,12.425057997394411","48.992038705150414,12.425057997394411","WARNING","A3 | Wellerbach - Wellerbach"," Passau -> Nürnberg",NA,"STATIONARY_TRAFFIC","12",2025-05-22,"Beginn: 22.05.25 um 03:32 Uhr  Angespannte Verkehrslage, seit 22.05.2025, 03:32 A3: Passau -> Nürnberg, 0.2 km vor Wellerbach, aus Richtung Kirchroth  Im Stillstand Durchschnittsgeschwindigkeit: 12 km/h",48.9920387051504,12.4250579973944
"A3","undefined--vi-hind.2025-05-22_01-35-00-000.f_008.de0","49.465794886905684,11.224838803760916,49.46982026148334,11.185869711119755","49.465794886905684,11.224838803760916","WARNING","A3 | Nürnberg - Nürnberg/Behringersdorf"," Passau -> Würzburg",NA,NA,NA,2025-05-22,"Beginn: 22.05.25 um 01:35 Uhr  Fahrzeug-Hindernis, seit 22.05.2025, 01:35 A3: Passau -> Würzburg, zwischen 1.6 km hinter AK Nürnberg und 1.0 km vor AS Nürnberg/Behringersdorf Gefahr durch ein defektes Fahrzeug auf der Fahrbahn",49.4657948869057,11.2248388037609
"A3","undefined--vi-avl.2025-05-22_03-32-30-000.f_002.de0","49.88378554624043,9.422165374579818,49.89123124129902,9.406975566291587","49.88378554624043,9.422165374579818","WARNING","A3 | Bärenroth - Spessart"," Würzburg -> Frankfurt",0,"SLOW_TRAFFIC","63.70000076293945",2025-05-22,"Beginn: 22.05.25 um 03:32 Uhr  Angespannte Verkehrslage, seit 22.05.2025, 03:32 A3: Würzburg -> Frankfurt, zwischen 9.0 km hinter Bärenroth und 1.2 km vor Spessart  Langsamer Verkehr Reisezeitverlust: 0 Minuten Durchschnittsgeschwindigkeit: 63 km/h",49.8837855462404,9.42216537457982
"A3","undefined--vi-avl.2025-05-22_03-28-30-000.f_003.de0","51.89839901701434,6.165717280673193,51.89839901701434,6.165717280673193","51.89839901701434,6.165717280673193","WARNING","A3 | Knauheide - Knauheide"," Arnheim -> Oberhausen",NA,"SLOW_TRAFFIC","27",2025-05-22,"Beginn: 22.05.25 um 03:28 Uhr  Angespannte Verkehrslage, seit 22.05.2025, 03:28 A3: Arnheim -> Oberhausen, 0.1 km vor Knauheide, aus Richtung Elten  Langsamer Verkehr Durchschnittsgeschwindigkeit: 27 km/h",51.8983990170143,6.16571728067319
"A3","undefined--vi-avl.2025-05-22_03-27-30-000.f.de0","51.89836112503476,6.165756320916883,51.89301417265614,6.171263286721311","51.89836112503476,6.165756320916883","WARNING","A3 | Elten - Elten"," Arnheim -> Oberhausen",0,"SLOW_TRAFFIC","47.099998474121094",2025-05-22,"Beginn: 22.05.25 um 03:27 Uhr  Angespannte Verkehrslage, seit 22.05.2025, 03:27 A3: Arnheim -> Oberhausen, zwischen 0.4 km hinter Elten und 1.1 km vor AS Elten  Langsamer Verkehr Reisezeitverlust: 0 Minuten Durchschnittsgeschwindigkeit: 47 km/h",51.8983611250348,6.16575632091688
"A4","undefined--vi-hind.2025-05-22_03-25-30-000.f.de0","50.93758100104128,7.046127846542637,50.93839257227119,7.045311077566508","50.93758100104128,7.046127846542637","WARNING","A4 | Köln-Heumar - Köln-Ost"," Heerlen/Aachen -> Olpe",NA,NA,NA,2025-05-22,"Beginn: 22.05.25 um 03:25 Uhr  Fahrzeug-Hindernis, seit 22.05.2025, 03:25 A4: Heerlen/Aachen -> Olpe, zwischen 1.8 km hinter AD Köln-Heumar und 1.6 km vor AK Köln-Ost Gefahr durch ein defektes Fahrzeug auf der Fahrbahn",50.9375810010413,7.04612784654264
"A4","undefined--vi-avl.2025-05-22_03-29-00-000.f_001.de0","50.839497756127024,9.585491698228342,50.83952088135522,9.600948636497458","50.839497756127024,9.585491698228342","WARNING","A4 | Kirchheimer Dreieck - Bad Hersfeld"," Bad Hersfeld -> Erfurt",0,"SLOW_TRAFFIC","58.400001525878906",2025-05-22,"Beginn: 22.05.25 um 03:29 Uhr  Angespannte Verkehrslage, seit 22.05.2025, 03:29 A4: Bad Hersfeld -> Erfurt, zwischen AD Kirchheimer Dreieck und 9.1 km vor AS Bad Hersfeld  Langsamer Verkehr Reisezeitverlust: 0 Minuten Durchschnittsgeschwindigkeit: 58 km/h",50.839497756127,9.58549169822834
"A4","undefined--vi-avl.2025-05-22_03-25-00-000.f.de0","50.88682268260102,9.830782153520216,50.89435482824323,9.855397170571274","50.88682268260102,9.830782153520216","WARNING","A4 | Bad Hersfeld - Friedewald"," Bad Hersfeld -> Erfurt",0,"SLOW_TRAFFIC","64.69999694824219",2025-05-22,"Beginn: 22.05.25 um 03:25 Uhr  Angespannte Verkehrslage, seit 22.05.2025, 03:25 A4: Bad Hersfeld -> Erfurt, zwischen 9.3 km hinter AS Bad Hersfeld und AS Friedewald  Langsamer Verkehr Reisezeitverlust: 0 Minuten Durchschnittsgeschwindigkeit: 64 km/h",50.886822682601,9.83078215352022
"A4","undefined--vi-avl.2025-05-22_03-04-30-000.f_003.de0","50.846180869730524,9.665618885404463,50.8490333266132,9.639961583115483","50.846180869730524,9.665618885404463","WARNING","A4 | Bad Hersfeld - Kirchheimer Dreieck"," Erfurt -> Bad Hersfeld",0,"SLOW_TRAFFIC","64.80000305175781",2025-05-22,"Beginn: 22.05.25 um 03:04 Uhr  Angespannte Verkehrslage, seit 22.05.2025, 03:04 A4: Erfurt -> Bad Hersfeld, zwischen 4.2 km hinter AS Bad Hersfeld und 4.2 km vor AD Kirchheimer Dreieck  Langsamer Verkehr Reisezeitverlust: 0 Minuten Durchschnittsgeschwindigkeit: 64 km/h",50.8461808697305,9.66561888540446
"A4","undefined--vi-avl.2025-05-22_03-19-00-000.f_003.de0","51.06063100093931,13.52448480015535,51.06056396339873,13.457404004791881","51.06063100093931,13.52448480015535","WARNING","A4 | Wilsdruff - Nossen"," Dresden -> Chemnitz",1,"SLOW_TRAFFIC","68.4000015258789",2025-05-22,"Beginn: 22.05.25 um 03:19 Uhr  Angespannte Verkehrslage, seit 22.05.2025, 03:19 A4: Dresden -> Chemnitz, zwischen 0.2 km hinter AS Wilsdruff und 6.6 km vor AD Nossen  Langsamer Verkehr Reisezeitverlust: 1 Minuten Durchschnittsgeschwindigkeit: 68 km/h",51.0606310009393,13.5244848001553
"A5","undefined--vi-hind.2025-05-22_01-53-30-000.f_004.de0","49.01980790094491,8.470768799999881,49.22385671115606,8.603793139059679","49.01980790094491,8.470768799999881","WARNING","A5 | Karlsruhe-Nord - Kronau"," Karlsruhe -> Heidelberg",NA,NA,NA,2025-05-22,"Beginn: 22.05.25 um 01:53 Uhr  Fahrzeug-Hindernis, seit 22.05.2025, 01:53 A5: Karlsruhe -> Heidelberg, zwischen 0.5 km hinter AS Karlsruhe-Nord und 0.3 km vor AS Kronau",49.0198079009449,8.47076879999988
"A5","undefined--vi-unf.2025-05-22_02-33-00-000.f.de0","49.59150635936111,8.632182773992168,49.593824834432574,8.631565007092716","49.59150635936111,8.632182773992168","WARNING","A5 | Weinheim - Fuchsbuckel"," Heidelberg -> Darmstadt",NA,NA,NA,2025-05-22,"Beginn: 22.05.25 um 02:33 Uhr  Unfall, seit 22.05.2025, 02:33 A5: Heidelberg -> Darmstadt, zwischen 4.8 km hinter AK Weinheim und 3.3 km vor Fuchsbuckel",49.5915063593611,8.63218277399217
"A6","undefined--vi-hind.2025-05-22_01-42-00-000.f_003.de0","49.27980349802968,10.720159959784306,49.27980349802968,10.720159959784306","49.27980349802968,10.720159959784306","WARNING","A6 | Lerchenbuck - Lichtenau"," Nürnberg -> Heilbronn",NA,NA,NA,2025-05-22,"Beginn: 22.05.25 um 01:42 Uhr  Fahrzeug-Hindernis, seit 22.05.2025, 01:42 A6: Nürnberg -> Heilbronn, zwischen 4.2 km hinter Lerchenbuck und AS Lichtenau Gefahr durch ein defektes Fahrzeug auf der Fahrbahn",49.2798034980297,10.7201599597843
"A6","undefined--vi-avl.2025-05-22_03-30-30-000.f.de0","49.408286785793976,11.397334190546992,49.41682686191055,11.44249487962177","49.408286785793976,11.397334190546992","WARNING","A6 | Unterrieden - Hölle"," Nürnberg -> Pilsen",1,"SLOW_TRAFFIC","70.5999984741211",2025-05-22,"Beginn: 22.05.25 um 03:30 Uhr  Angespannte Verkehrslage, seit 22.05.2025, 03:30 A6: Nürnberg -> Pilsen, zwischen 1.2 km hinter Unterrieden und 0.3 km vor Hölle  Langsamer Verkehr Reisezeitverlust: 1 Minuten Durchschnittsgeschwindigkeit: 70 km/h",49.408286785794,11.397334190547
"A6","undefined--vi-avl.2025-05-22_03-26-00-000.f_005.de0","49.40735722708723,11.586630409996143,49.42468471029652,11.635331399545993","49.40735722708723,11.586630409996143","WARNING","A6 | Rehwinkel - Sulzbach-Rosenberg"," Nürnberg -> Pilsen",1,"SLOW_TRAFFIC","63",2025-05-22,"Beginn: 22.05.25 um 03:26 Uhr  Angespannte Verkehrslage, seit 22.05.2025, 03:26 A6: Nürnberg -> Pilsen, zwischen 2.0 km hinter Rehwinkel und 1.5 km vor AS Sulzbach-Rosenberg  Langsamer Verkehr Reisezeitverlust: 1 Minuten Durchschnittsgeschwindigkeit: 63 km/h",49.4073572270872,11.5866304099961
"A7","undefined--vi-zus.2025-05-22_03-28-00-000.f.de0","47.56743705942547,10.658961639081179,47.57990819169926,10.66229038001951","47.56743705942547,10.658961639081179","WARNING","A7 | Grenztunnel Füssen - Reinertshofertunnel"," Füssen/Reutte -> Ulm",0,"SLOW_TRAFFIC","41.599998474121094",2025-05-22,"Beginn: 22.05.25 um 03:28 Uhr  Zusammengesetzte Verkehrsinformation, seit 22.05.2025, 03:28 A7: Füssen/Reutte -> Ulm, zwischen 0.9 km hinter Grenztunnel Füssen und 2.4 km vor Reinertshofertunnel  Langsamer Verkehr Reisezeitverlust: 0 Minuten Durchschnittsgeschwindigkeit: 41 km/h",47.5674370594255,10.6589616390812
"A7","undefined--vi-avl.2025-05-22_03-32-30-000.f_004.de0","47.59280841862817,10.656455011092287,47.61034523628167,10.656949350556962","47.59280841862817,10.656455011092287","WARNING","A7 | Füssen - Nesselwang"," Füssen/Reutte -> Ulm",1,"SLOW_TRAFFIC","52.5",2025-05-22,"Beginn: 22.05.25 um 03:32 Uhr  Angespannte Verkehrslage, seit 22.05.2025, 03:32 A7: Füssen/Reutte -> Ulm, zwischen 2.2 km hinter AS Füssen und 12.0 km vor AS Nesselwang  Langsamer Verkehr Reisezeitverlust: 1 Minuten Durchschnittsgeschwindigkeit: 52 km/h",47.5928084186282,10.6564550110923
"A7","undefined--vi-zus.2025-05-13_04-57-00-000.f_007.de0","47.595412441892016,10.656244234565428,47.626144871649025,10.654585437937621","47.595412441892016,10.656244234565428","WARNING","A7 | Füssen - Nesselwang"," Füssen/Reutte -> Ulm",NA,NA,NA,2025-05-13,"Beginn: 13.05.25 um 04:57 Uhr  Zusammengesetzte Verkehrsinformation, seit 13.05.2025, 04:57 A7: Füssen/Reutte -> Ulm, zwischen 2.5 km hinter AS Füssen und 10.0 km vor AS Nesselwang  A7 Füssen/Reutte Richtung Ulm zwischen Reinertshoftunnel und Nesselwang Verkehr wird über die Gegenfahrbahn geleitet, Baustelle, von 16.05.2025 05:00 Uhr bis 18.07.2025 15:00 Uhr",47.595412441892,10.6562442345654
"A7","undefined--vi-avl.2025-05-22_03-21-00-000.f_001.de0","50.85337403936928,9.586566073204633,50.86894233001544,9.594144432329614","50.85337403936928,9.586566073204633","WARNING","A7 | Kirchheimer Dreieck - Bad Hersfeld-West"," Fulda -> Kassel",0,"SLOW_TRAFFIC","63.5",2025-05-22,"Beginn: 22.05.25 um 03:21 Uhr  Angespannte Verkehrslage, seit 22.05.2025, 03:21 A7: Fulda -> Kassel, zwischen 1.6 km hinter AD Kirchheimer Dreieck und 6.2 km vor AS Bad Hersfeld-West  Langsamer Verkehr Reisezeitverlust: 0 Minuten Durchschnittsgeschwindigkeit: 63 km/h",50.8533740393693,9.58656607320463
"A7","undefined--vi-avl.2025-05-22_03-00-00-000.f_001.de0","50.91608001897746,9.565256896959454,50.936177467934954,9.542867784251019","50.91608001897746,9.565256896959454","WARNING","A7 | Bad Hersfeld-West - Pommer"," Fulda -> Kassel",1,"SLOW_TRAFFIC","61.599998474121094",2025-05-22,"Beginn: 22.05.25 um 03:00 Uhr  Angespannte Verkehrslage, seit 22.05.2025, 03:00 A7: Fulda -> Kassel, zwischen 0.9 km hinter AS Bad Hersfeld-West und 0.3 km vor Pommer  Langsamer Verkehr Reisezeitverlust: 1 Minuten Durchschnittsgeschwindigkeit: 61 km/h",50.9160800189775,9.56525689695945
"A7","undefined--vi-avl.2025-05-22_03-23-00-000.f_002.de0","50.97311700421558,9.476216600084669,50.95544887509735,9.502505255891672","50.97311700421558,9.476216600084669","WARNING","A7 | Homberg (Efze) - Fuchsrain"," Kassel -> Fulda",1,"SLOW_TRAFFIC","59.5",2025-05-22,"Beginn: 22.05.25 um 03:23 Uhr  Angespannte Verkehrslage, seit 22.05.2025, 03:23 A7: Kassel -> Fulda, zwischen 3.6 km hinter AS Homberg (Efze) und 2.5 km vor Fuchsrain  Langsamer Verkehr Reisezeitverlust: 1 Minuten Durchschnittsgeschwindigkeit: 59 km/h",50.9731170042156,9.47621660008467
"A7","undefined--vi-hind.2025-05-22_03-10-30-000.f_001.de0","51.88608753103716,10.130142742996584,51.78999700093165,10.054061900000445","51.88608753103716,10.130142742996584","WARNING","A7 | Harz - Am Bierberg"," Hannover -> Kassel",NA,NA,NA,2025-05-22,"Beginn: 22.05.25 um 03:10 Uhr  Hindernis, seit 22.05.2025, 03:10 A7: Hannover -> Kassel, zwischen 4.8 km hinter Harz und 1.7 km vor Am Bierberg  Gefahr durch Gegenstände auf der Fahrbahn",51.8860875310372,10.1301427429966
"A7","undefined--vi-avl.2025-05-22_03-32-30-000.f.de0","52.14269154497275,9.999852181323373,52.13720514001532,10.011210682812798","52.14269154497275,9.999852181323373","WARNING","A7 | Hildesheim - Hildesheimer Börde"," Hannover -> Kassel",0,"SLOW_TRAFFIC","56.400001525878906",2025-05-22,"Beginn: 22.05.25 um 03:32 Uhr  Angespannte Verkehrslage, seit 22.05.2025, 03:32 A7: Hannover -> Kassel, zwischen 2.2 km hinter AS Hildesheim und 3.3 km vor Hildesheimer Börde  Langsamer Verkehr Reisezeitverlust: 0 Minuten Durchschnittsgeschwindigkeit: 56 km/h",52.1426915449727,9.99985218132337
"A7","undefined--vi-zus.2025-03-31_00-40-00-000.f_018.de0","53.579141433849884,9.913430072127355,53.55636870091902,9.897540700000414","53.579141433849884,9.913430072127355","WARNING","A7 | Hamburg-Volkspark - Elbtunnel (Nordportal)"," Flensburg -> Hamburg",NA,NA,NA,2025-03-31,"Beginn: 31.03.25 um 00:40 Uhr  Zusammengesetzte Verkehrsinformation, seit 31.03.2025, 00:40 A7: Flensburg -> Hamburg, zwischen 0.4 km hinter AS Hamburg-Volkspark und 0.9 km vor Elbtunnel (Nordportal)  A7 Flensburg Richtung Hamburg Ausfahrt Hamburg-Othmarschen Fahrbahnverengung, maximale Fahrbahnbreite von 4,50 m, Bauarbeiten, bis 29.09.2025",53.5791414338499,9.91343007212735
"A8","undefined--vi-avl.2025-05-22_03-30-30-000.f_002.de0","49.338090160774485,7.0577256751963935,49.348215364967636,7.041207043667541","49.338090160774485,7.0577256751963935","WARNING","A8 | Friedrichsthal-Bildstock - Saarbrücken"," Neunkirchen -> Saarlouis",0,"SLOW_TRAFFIC","56.70000076293945",2025-05-22,"Beginn: 22.05.25 um 03:30 Uhr  Angespannte Verkehrslage, seit 22.05.2025, 03:30 A8: Neunkirchen -> Saarlouis, zwischen 1.5 km hinter AS Friedrichsthal-Bildstock und 1.8 km vor AK Saarbrücken  Langsamer Verkehr Reisezeitverlust: 0 Minuten Durchschnittsgeschwindigkeit: 56 km/h",49.3380901607745,7.05772567519639
"A8","undefined--vi-zus.2025-03-26_17-59-56-000.f_013.de0","49.32575278791285,7.172731755291576,49.327350714671546,7.213275819282444","49.32575278791285,7.172731755291576","WARNING","A8 | Neunkirchen/Spiesen - Kohlhof"," Saarlouis -> Neunkirchen",NA,NA,NA,2025-03-26,"Beginn: 26.03.25 um 17:59 Uhr  Zusammengesetzte Verkehrsinformation, seit 26.03.2025, 17:59 A8: Saarlouis -> Neunkirchen, zwischen 1.5 km hinter AS Neunkirchen/Spiesen und 1.0 km vor Kohlhof  A8 Saarlouis - Neunkirchen zwischen Neunkirchen-Spiesen und Neunkirchen-Oberstadt in beiden Richtungen Bauarbeiten, bis voraussichtlich 01.06.2025",49.3257527879128,7.17273175529158
"A8","undefined--vi-zus.2025-05-14_09-26-56-000.f.de0","49.32628400979037,7.229641516813452,49.329166750017514,7.1882642393148934","49.32628400979037,7.229641516813452","WARNING","A8 | Neunkirchen-Wellesweiler - Neunkirchen/Spiesen"," Neunkirchen -> Saarlouis",NA,NA,NA,2025-05-14,"Beginn: 14.05.25 um 09:26 Uhr  Zusammengesetzte Verkehrsinformation, seit 14.05.2025, 09:26 A8: Neunkirchen -> Saarlouis, zwischen 0.4 km hinter AS Neunkirchen-Wellesweiler und 2.7 km vor AS Neunkirchen/Spiesen  A8 Saarlouis - Neunkirchen zwischen Neunkirchen-Spiesen und Neunkirchen-Oberstadt in beiden Richtungen Bauarbeiten, bis voraussichtlich 01.06.2025",49.3262840097904,7.22964151681345
"A8","undefined--vi-avl.2025-05-22_03-32-00-000.f.de0","49.23190283480652,7.358749458714405,49.233794245449126,7.380250813953577","49.23190283480652,7.358749458714405","WARNING","A8 | Zweibrücken - Contwig"," Neunkirchen -> Karlsruhe",0,"SLOW_TRAFFIC","66.5",2025-05-22,"Beginn: 22.05.25 um 03:32 Uhr  Angespannte Verkehrslage, seit 22.05.2025, 03:32 A8: Neunkirchen -> Karlsruhe, zwischen 1.4 km hinter AS Zweibrücken und 1.4 km vor AS Contwig  Langsamer Verkehr Reisezeitverlust: 0 Minuten Durchschnittsgeschwindigkeit: 66 km/h",49.2319028348065,7.3587494587144
"A9","undefined--vi-avl.2025-05-22_03-31-30-000.f.de0","50.56633546763727,11.780130492420048,50.548063200938664,11.795332800014636","50.56633546763727,11.780130492420048","WARNING","A9 | Himmelsteiche - Bad Lobenstein"," Halle/Leipzig -> Nürnberg",1,"SLOW_TRAFFIC","66.30000305175781",2025-05-22,"Beginn: 22.05.25 um 03:31 Uhr  Angespannte Verkehrslage, seit 22.05.2025, 03:31 A9: Halle/Leipzig -> Nürnberg, zwischen 2.1 km hinter Himmelsteiche und 12.4 km vor AS Bad Lobenstein  Langsamer Verkehr Reisezeitverlust: 1 Minuten Durchschnittsgeschwindigkeit: 66 km/h",50.5663354676373,11.78013049242
"A9","undefined--vi-zus.2025-05-22_03-21-00-000.f.de0","50.93416187656767,11.83664239977625,50.95187213152183,11.837059480990261","50.93416187656767,11.83664239977625","WARNING","A9 | Bad Klosterlausnitz - Kuhberg"," Nürnberg -> Halle/Leipzig",0,"SLOW_TRAFFIC","70.5",2025-05-22,"Beginn: 22.05.25 um 03:21 Uhr  Zusammengesetzte Verkehrsinformation, seit 22.05.2025, 03:21 A9: Nürnberg -> Halle/Leipzig, zwischen 2.6 km hinter AS Bad Klosterlausnitz und 1.9 km vor Kuhberg  Langsamer Verkehr Reisezeitverlust: 0 Minuten Durchschnittsgeschwindigkeit: 70 km/h",50.9341618765677,11.8366423997763
"A9","undefined--vi-avl.2025-05-22_03-12-30-000.f_004.de0","52.27596641591559,12.911360094520834,52.27596641591559,12.911360094520834","52.27596641591559,12.911360094520834","WARNING","A9 | Beelitz-Heilstätten - Beelitz-Heilstätten"," Berlin -> Halle/Leipzig",NA,"STATIONARY_TRAFFIC","10",2025-05-22,"Beginn: 22.05.25 um 03:32 Uhr  Angespannte Verkehrslage, seit 22.05.2025, 03:32 A9: Berlin -> Halle/Leipzig, 0.8 km vor AS Beelitz-Heilstätten, aus Richtung Potsdam  Im Stillstand Durchschnittsgeschwindigkeit: 10 km/h",52.2759664159156,12.9113600945208
"A9","undefined--vi-zus.2025-05-22_03-12-30-000.f.de0","52.27596641591559,12.911360094520834,52.270904800929685,12.909623200061853","52.27596641591559,12.911360094520834","WARNING","A9 | Potsdam - Beelitz-Heilstätten"," Berlin -> Halle/Leipzig",2,"STATIONARY_TRAFFIC","15.100000381469727",2025-05-22,"Beginn: 22.05.25 um 03:12 Uhr  Zusammengesetzte Verkehrsinformation, seit 22.05.2025, 03:12 A9: Berlin -> Halle/Leipzig, zwischen 1.6 km hinter AD Potsdam und 0.2 km vor AS Beelitz-Heilstätten  Im Stillstand Reisezeitverlust: 2 Minuten Durchschnittsgeschwindigkeit: 15 km/h",52.2759664159156,12.9113600945208
"A10","undefined--vi-avl.2025-05-22_11-50-00-000.f_030.de0","52.412149100523266,12.901041845080828,52.412149100523266,12.901041845080828","52.412149100523266,12.901041845080828","WARNING","A10 | Groß Kreutz - Phöben"," Dreieck Werder -> Dreieck Havelland",0,"STATIONARY_TRAFFIC","25",2025-05-22,"Beginn: 22.05.25 um 11:50 Uhr  Angespannte Verkehrslage, seit 22.05.2025, 11:50 A10: Dreieck Werder -> Dreieck Havelland, zwischen 5.0 km hinter AS Groß Kreutz und 0.1 km vor AS Phöben  Im Stillstand Reisezeitverlust: 0 Minuten Durchschnittsgeschwindigkeit: 25 km/h",52.4121491005233,12.9010418450808
"A12","WarnungA10Lkw3","47.61802931631098,12.202336027754352,47.61802931631098,12.202336027754352","47.61802931631098,12.202336027754352","WARNING","E45/E60 | LKW Blockabfertigung | A12-Inntal Autobahn","Richtung Italien",NA,NA,NA,2025-01-11,"Zeitraum: Beginn: 07.01.2025 Ende: 09.12.2025  Hinweis für LKW-Reisende nach Österreich: LKW-Blockabfertigungen an ausgewählten Tagen für Lkw am Grenzübergang Kufstein/Kiefersfelden. Maximaler Durchlass von 300 LKWs pro Stunde  Die genauen Ausführungszeiten und weitere Informationen auf tirol.gv.at/verkehr/verkehrs-und-seilbahnrecht/lkw-dosierung.",47.618029316311,12.2023360277544
"A12","WarnungA10Lkw2","47.6164490154047,12.202382557672273,47.6164490154047,12.202382557672273","47.6164490154047,12.202382557672273","WARNING","E43/E45/E60 | A13-Brenner Autobahn","Richtung Italien",NA,NA,NA,2025-01-11,"Zeitraum: Beginn: 11.01.2025 Ende: 27.09.2025  Hinweis für LKW-Reisende nach Österreich: LKW-Fahrverbot auf der A12-Inntal Autobahn, A13-Brenner Autobahn und A14-Rheintal/Walgau Autobahn, wenn das Ziel der Fahrt der Anschlussstelle Nößlach bis Anschlussstelle Brenner Nord der Richtungsfahrbahn Staatsgrenze der A 13 Brenner Autobahn erreicht werden soll. An ausgewählten Samstagen 7-15 Uhr sowie weiteren Tagen im Zeitraum 11.01. - 27.09.2025 Weitere Informationen auf http://asfinag.at/a13",47.6164490154047,12.2023825576723
"A14","undefined--vi-avl.2025-05-22_03-09-30-000.f_007.de0","53.88420082268812,11.528962133192563,53.88420082268812,11.528962133192563","53.88420082268812,11.528962133192563","WARNING","A14 | Wismar Ost - Wismar Ost"," Schwerin -> Wismar",NA,"QUEUING_TRAFFIC","20",2025-05-22,"Beginn: 22.05.25 um 03:09 Uhr  Angespannte Verkehrslage, seit 22.05.2025, 03:09 A14: Schwerin -> Wismar, 0.8 km vor AS Wismar Ost, aus Richtung Wismar  Stockender Verkehr Durchschnittsgeschwindigkeit: 20 km/h",53.8842008226881,11.5289621331926
"A14","undefined--vi-avl.2025-05-22_03-09-00-000.f_002.de0","53.88420082268812,11.528962133192563,53.88856290091633,11.526405400006594","53.88420082268812,11.528962133192563","WARNING","A14 | Wismar - Wismar Ost"," Schwerin -> Wismar",0,"QUEUING_TRAFFIC","32.099998474121094",2025-05-22,"Beginn: 22.05.25 um 03:09 Uhr  Angespannte Verkehrslage, seit 22.05.2025, 03:09 A14: Schwerin -> Wismar, zwischen 0.8 km hinter AK Wismar und 0.3 km vor AS Wismar Ost  Stockender Verkehr Reisezeitverlust: 0 Minuten Durchschnittsgeschwindigkeit: 32 km/h",53.8842008226881,11.5289621331926
"A17","undefined--vi-avl.2025-05-22_03-29-30-000.f.de0","50.82956518538695,13.88663368806717,50.81944800094332,13.88697220024017","50.82956518538695,13.88663368806717","WARNING","A17 | Bad Gottleuba - Breitenau-Schönwald"," Dresden -> Prag",0,"SLOW_TRAFFIC","60.20000076293945",2025-05-22,"Beginn: 22.05.25 um 03:29 Uhr  Angespannte Verkehrslage, seit 22.05.2025, 03:29 A17: Dresden -> Prag, zwischen 0.2 km hinter AS Bad Gottleuba und 4.5 km vor Breitenau-Schönwald  Langsamer Verkehr Reisezeitverlust: 0 Minuten Durchschnittsgeschwindigkeit: 60 km/h",50.8295651853869,13.8866336880672
"A17","undefined--vi-zus.2025-05-22_02-49-00-000.f.de0","50.81703424586921,13.886120798474188,50.82846943877399,13.887202985083944","50.81703424586921,13.886120798474188","WARNING","A17 | Breitenau-Schönwald - Bad Gottleuba"," Prag -> Dresden",1,"SLOW_TRAFFIC","36.099998474121094",2025-05-22,"Beginn: 22.05.25 um 02:49 Uhr  Zusammengesetzte Verkehrsinformation, seit 22.05.2025, 02:49 A17: Prag -> Dresden, zwischen 4.2 km hinter Breitenau-Schönwald und 0.3 km vor AS Bad Gottleuba  Langsamer Verkehr Reisezeitverlust: 1 Minuten Durchschnittsgeschwindigkeit: 36 km/h",50.8170342458692,13.8861207984742
"A31","undefined--vi-avl.2025-05-22_02-26-00-000.f_002.de0","52.10815767536237,7.086006931606898,52.140415074669306,7.08995700743211","52.10815767536237,7.086006931606898","WARNING","A31 | Averbeck - Gronau/Ochtrup"," Oberhausen -> Gronau",1,"SLOW_TRAFFIC","67.9000015258789",2025-05-22,"Beginn: 22.05.25 um 02:26 Uhr  Angespannte Verkehrslage, seit 22.05.2025, 02:26 A31: Oberhausen -> Gronau, zwischen 0.4 km hinter Averbeck und 6.1 km vor AS Gronau/Ochtrup  Langsamer Verkehr Reisezeitverlust: 1 Minuten Durchschnittsgeschwindigkeit: 67 km/h",52.1081576753624,7.0860069316069
"A37","undefined--vi-zus.2025-05-20_10-04-05-000.f_002.de0","52.442156462690335,9.933442989087833,52.436581812162494,9.913211841333315","52.442156462690335,9.933442989087833","WARNING","A37 | Beinhorn - Hannover-Kirchhorst"," Celle -> Hannover",NA,NA,NA,2025-05-20,"Beginn: 20.05.25 um 10:04 Uhr  Zusammengesetzte Verkehrsinformation, seit 20.05.2025, 10:04 B3: Celle -> Hannover, zwischen 0.4 km hinter AS Beinhorn und 2.1 km vor AK Hannover-Kirchhorst  A37 Messe - Burgdorf
zwischen Kreuz Hannover-Buchholz und Beinhorn
in beiden Richtungen geänderte Verkehrsführung im Baustellenbereich, Bauarbeiten, bis 30.10.2026 ca. 18:00 Uhr",52.4421564626903,9.93344298908783
"A37","undefined--vi-zus.2025-05-20_10-04-05-000.f_003.de0","52.42566547847685,9.880479425875153,52.44102213295518,9.93161290421946","52.42566547847685,9.880479425875153","WARNING","Baustelle"," km 22.62 --> km 26.54",NA,NA,NA,2025-05-20,"Beginn: 20.05.25 um 10:04 Uhr  Zusammengesetzte Verkehrsinformation, seit 20.05.2025, 10:04 A37: km 22.62 --> km 26.54  A37 Messe - Burgdorf
zwischen Kreuz Hannover-Buchholz und Beinhorn
in beiden Richtungen geänderte Verkehrsführung im Baustellenbereich, Bauarbeiten, bis 30.10.2026 ca. 18:00 Uhr",52.4256654784769,9.88047942587515
"A38","undefined--vi-avl.2025-05-22_03-31-30-000.f_001.de0","51.397712139934974,10.378808116664874,51.396585361867324,10.362682054832339","51.397712139934974,10.378808116664874","WARNING","A38 | Eichsfeld - Leinefelde-Worbis"," Halle -> Göttingen",0,"SLOW_TRAFFIC","67.80000305175781",2025-05-22,"Beginn: 22.05.25 um 03:31 Uhr  Angespannte Verkehrslage, seit 22.05.2025, 03:31 A38: Halle -> Göttingen, zwischen 2.7 km hinter Eichsfeld und 1.4 km vor AS Leinefelde-Worbis  Langsamer Verkehr Reisezeitverlust: 0 Minuten Durchschnittsgeschwindigkeit: 67 km/h",51.397712139935,10.3788081166649
"A43","undefined--vi-avl.2025-05-22_03-21-00-000.f.de0","51.90439663365883,7.429977145083031,51.90679626115789,7.407713540186634","51.90439663365883,7.429977145083031","WARNING","A43 | Senden - Nottuln"," Münster -> Recklinghausen",0,"SLOW_TRAFFIC","67.19999694824219",2025-05-22,"Beginn: 22.05.25 um 03:21 Uhr  Angespannte Verkehrslage, seit 22.05.2025, 03:21 A43: Münster -> Recklinghausen, zwischen 4.3 km hinter AS Senden und 0.1 km vor AS Nottuln  Langsamer Verkehr Reisezeitverlust: 0 Minuten Durchschnittsgeschwindigkeit: 67 km/h",51.9043966336588,7.42997714508303
"A44","undefined--vi-avl.2025-05-22_03-30-30-000.f_001.de0","51.50428900523508,8.960089366423682,51.50428900523508,8.960089366423682","51.50428900523508,8.960089366423682","WARNING","A44 | Marsberg - Marsberg"," Kassel -> Dortmund",NA,"STATIONARY_TRAFFIC","22",2025-05-22,"Beginn: 22.05.25 um 03:32 Uhr  Angespannte Verkehrslage, seit 22.05.2025, 03:32 A44: Kassel -> Dortmund, 0.6 km vor AS Marsberg, aus Richtung Am Biggenkopf  Im Stillstand Durchschnittsgeschwindigkeit: 22 km/h",51.5042890052351,8.96008936642368
"A44","undefined--vi-avl.2025-05-22_03-30-30-000.f_004.de0","51.504279703783176,8.960145037580288,51.50663386330124,8.95235743399789","51.504279703783176,8.960145037580288","WARNING","A44 | Am Biggenkopf - Blankenrode"," Kassel -> Dortmund",0,"STATIONARY_TRAFFIC","32.5",2025-05-22,"Beginn: 22.05.25 um 03:30 Uhr  Angespannte Verkehrslage, seit 22.05.2025, 03:30 A44: Kassel -> Dortmund, zwischen 1.9 km hinter Am Biggenkopf und 6.8 km vor Blankenrode  Im Stillstand Reisezeitverlust: 0 Minuten Durchschnittsgeschwindigkeit: 32 km/h",51.5042797037832,8.96014503758029
"A46","undefined--vi-avl.2025-05-22_03-17-00-000.f_002.de0","51.35733208203521,8.17846386838133,51.3583127599699,8.203825401418902","51.35733208203521,8.17846386838133","WARNING","A46 | Olpe - Enste"," Arnsberg-Neheim -> Brilon",0,"SLOW_TRAFFIC","64.5",2025-05-22,"Beginn: 22.05.25 um 03:17 Uhr  Angespannte Verkehrslage, seit 22.05.2025, 03:17 A46: Arnsberg-Neheim -> Brilon, zwischen 0.6 km hinter Olpe und 3.2 km vor AS Enste  Langsamer Verkehr Reisezeitverlust: 0 Minuten Durchschnittsgeschwindigkeit: 64 km/h",51.3573320820352,8.17846386838133
"A46","undefined--vi-avl.2025-05-22_03-26-30-000.f_003.de0","51.3703325852625,8.40278781365102,51.375077791000805,8.415001785940786","51.3703325852625,8.40278781365102","WARNING","A46 | Sengenberg - Talbrücke Nuttlar"," Arnsberg-Neheim -> Brilon",0,"QUEUING_TRAFFIC","43",2025-05-22,"Beginn: 22.05.25 um 03:26 Uhr  Angespannte Verkehrslage, seit 22.05.2025, 03:26 A46: Arnsberg-Neheim -> Brilon, zwischen Sengenberg und 0.8 km vor Talbrücke Nuttlar  Stockender Verkehr Reisezeitverlust: 0 Minuten Durchschnittsgeschwindigkeit: 43 km/h",51.3703325852625,8.40278781365102
"A46","undefined--vi-avl.2025-05-22_03-26-30-000.f_001.de0","51.37027446878642,8.402659947897718,51.37027446878642,8.402659947897718","51.37027446878642,8.402659947897718","WARNING","A46 | Alfert - Alfert"," Arnsberg-Neheim -> Brilon",NA,"QUEUING_TRAFFIC","17",2025-05-22,"Beginn: 22.05.25 um 03:32 Uhr  Angespannte Verkehrslage, seit 22.05.2025, 03:32 A46: Arnsberg-Neheim -> Brilon, 0.2 km vor Alfert, aus Richtung Sengenberg  Stockender Verkehr Durchschnittsgeschwindigkeit: 17 km/h",51.3702744687864,8.40265994789772
"A48","undefined--vi-avl.2025-05-22_03-32-30-000.f_001.de0","50.387279082435256,7.539425818903081,50.37556578338324,7.520619779203328","50.387279082435256,7.539425818903081","WARNING","A48 | Koblenz-Nord - Koblenz"," Dernbach -> Dreieck Vulkaneifel",1,"SLOW_TRAFFIC","59.599998474121094",2025-05-22,"Beginn: 22.05.25 um 03:32 Uhr  Angespannte Verkehrslage, seit 22.05.2025, 03:32 A48: Dernbach -> Dreieck Vulkaneifel, zwischen 0.7 km hinter AS Koblenz-Nord und 3.2 km vor AK Koblenz  Langsamer Verkehr Reisezeitverlust: 1 Minuten Durchschnittsgeschwindigkeit: 59 km/h",50.3872790824353,7.53942581890308
"A48","undefined--vi-avl.2025-05-22_03-26-00-000.f_003.de0","50.430120073462,7.631492864832424,50.42511466367142,7.619938657567085","50.430120073462,7.631492864832424","WARNING","A48 | Grenzau-Süd - Nonnenberg"," Dernbach -> Koblenz",0,"SLOW_TRAFFIC","66.4000015258789",2025-05-22,"Beginn: 22.05.25 um 03:26 Uhr  Angespannte Verkehrslage, seit 22.05.2025, 03:26 A48: Dernbach -> Koblenz, zwischen 1.4 km hinter Grenzau-Süd und 1.2 km vor Nonnenberg  Langsamer Verkehr Reisezeitverlust: 0 Minuten Durchschnittsgeschwindigkeit: 66 km/h",50.430120073462,7.63149286483242
"A48","undefined--vi-avl.2025-05-22_03-32-00-000.f_001.de0","50.44905569959277,7.699843053587398,50.45042523265386,7.721426236938795","50.44905569959277,7.699843053587398","WARNING","A48 | Höhr-Grenzhausen - Dernbach"," Koblenz -> Dernbach",0,"SLOW_TRAFFIC","68.9000015258789",2025-05-22,"Beginn: 22.05.25 um 03:32 Uhr  Angespannte Verkehrslage, seit 22.05.2025, 03:32 A48: Koblenz -> Dernbach, zwischen 2.8 km hinter AS Höhr-Grenzhausen und 3.5 km vor AD Dernbach  Langsamer Verkehr Reisezeitverlust: 0 Minuten Durchschnittsgeschwindigkeit: 68 km/h",50.4490556995928,7.6998430535874
"A49","undefined--vi-avl.2025-05-22_03-32-00-000.f_002.de0","51.27339200093471,9.53012100000017,51.27842809759585,9.52731134526228","51.27339200093471,9.53012100000017","WARNING","A49 | Autobahnende - Kassel-Industriepark"," Kassel -> Gießen",0,"SLOW_TRAFFIC","31.100000381469727",2025-05-22,"Beginn: 22.05.25 um 03:32 Uhr  Angespannte Verkehrslage, seit 22.05.2025, 03:32 A49: Kassel -> Gießen, zwischen 0.1 km hinter AS Autobahnende und 0.8 km vor AS Kassel-Industriepark  Langsamer Verkehr Reisezeitverlust: 0 Minuten Durchschnittsgeschwindigkeit: 31 km/h",51.2733920009347,9.53012100000017
"A60","undefined--vi-zus.2025-04-08_08-51-21-000.f_013.de0","49.98125533976677,8.345695317688524,49.97565770865279,8.441396718063045","49.98125533976677,8.345695317688524","WARNING","A60 | Mainspitz-Dreieck - Rüsselsheimer Dreieck"," Mainz -> Rüsselsheim",NA,NA,NA,2025-04-08,"Beginn: 08.04.25 um 08:51 Uhr  Zusammengesetzte Verkehrsinformation, seit 08.04.2025, 08:51 A60: Mainz -> Rüsselsheim, zwischen 0.5 km hinter AD Mainspitz-Dreieck und 2.2 km vor AD Rüsselsheimer Dreieck  Sperrung der A60 bei Königstädten – Grundhafte Fahrbahnerneuerung zwischen dem Rüsselsheimer Dreieck und dem Mainspitz Dreieck. Die Niederlassung West der Autobahn GmbH erneuert zwischen dem Rüsselsheimer Dreieck (30) und dem Mainspitz Dreieck (26) die Fahrbahn. Von Donnerstagmorgen (24. April) bis Mitte Juli wird die Anschlussstelle (AS) Königstädten (29) in Fahrtrichtung (FR) Mainz sowie in FR Rüsselsheimer Dreieck gesperrt. Umleitungsmöglichkeiten sind ausgeschildert: • Ausfahrt FR Mainz: Umleitung via AS Rüsselsheim-Mitte • Einfahrt FR Mainz: innerstädtische Umleitung zur AS Rüsselsheim-Mitte (Adam-Opel-Straße / Kurt-Schumacher-Ring), von Nauheim kommend via L3482 zur AS Bischofsheim • Einfahrt FR Darmstadt: innerstädtische Umleitung zur AS Rüsselsheim-Mitte (Adam-Opel-Straße / Kurt-Schumacher-Ring) Die Autobahn GmbH bittet alle Verkehrsteilnehmer um Verständnis für die unvermeidlichen Verkehrsbehinderungen, die durch die Arbeiten entstehen.",49.9812553397668,8.34569531768852
"A60","undefined--vi-zus.2025-05-03_10-55-00-000.f_003.de0","49.977457399447445,8.454646346787307,49.981587265039146,8.34517285786785","49.977457399447445,8.454646346787307","WARNING","A60 | Rüsselsheimer Dreieck - Mainspitz-Dreieck"," Rüsselsheim -> Mainz",NA,NA,NA,2025-05-03,"Beginn: 03.05.25 um 10:55 Uhr  Zusammengesetzte Verkehrsinformation, seit 03.05.2025, 10:55 A60: Rüsselsheim -> Mainz, zwischen 0.6 km hinter AD Rüsselsheimer Dreieck und 0.5 km vor AD Mainspitz-Dreieck  Sperrung der A60 bei Königstädten – Grundhafte Fahrbahnerneuerung zwischen dem Rüsselsheimer Dreieck und dem Mainspitz Dreieck. Die Niederlassung West der Autobahn GmbH erneuert zwischen dem Rüsselsheimer Dreieck (30) und dem Mainspitz Dreieck (26) die Fahrbahn. Von Donnerstagmorgen (24. April) bis Mitte Juli wird die Anschlussstelle (AS) Königstädten (29) in Fahrtrichtung (FR) Mainz sowie in FR Rüsselsheimer Dreieck gesperrt. Umleitungsmöglichkeiten sind ausgeschildert: • Ausfahrt FR Mainz: Umleitung via AS Rüsselsheim-Mitte • Einfahrt FR Mainz: innerstädtische Umleitung zur AS Rüsselsheim-Mitte (Adam-Opel-Straße / Kurt-Schumacher-Ring), von Nauheim kommend via L3482 zur AS Bischofsheim • Einfahrt FR Darmstadt: innerstädtische Umleitung zur AS Rüsselsheim-Mitte (Adam-Opel-Straße / Kurt-Schumacher-Ring) Die Autobahn GmbH bittet alle Verkehrsteilnehmer um Verständnis für die unvermeidlichen Verkehrsbehinderungen, die durch die Arbeiten entstehen.",49.9774573994474,8.45464634678731
"A62","undefined--vi-avl.2025-05-22_03-04-00-000.f.de0","49.540432637166845,7.281514811156415,49.543755989843,7.259370667377582","49.540432637166845,7.281514811156415","WARNING","A62 | Reichweiler - Freisen"," Landstuhl -> Nonnweiler",0,"SLOW_TRAFFIC","67.69999694824219",2025-05-22,"Beginn: 22.05.25 um 03:04 Uhr  Angespannte Verkehrslage, seit 22.05.2025, 03:04 A62: Landstuhl -> Nonnweiler, zwischen 0.9 km hinter AS Reichweiler und 1.3 km vor AS Freisen  Langsamer Verkehr Reisezeitverlust: 0 Minuten Durchschnittsgeschwindigkeit: 67 km/h",49.5404326371668,7.28151481115642
"A64","undefined--vi-avl.2025-05-22_03-28-00-000.f_002.de0","49.735830397533654,6.529633378964453,49.741481060812994,6.549887863753272","49.735830397533654,6.529633378964453","WARNING","A64 | Sauertalbrücke - Markusberg"," Luxemburg -> Trier",0,"SLOW_TRAFFIC","65",2025-05-22,"Beginn: 22.05.25 um 03:28 Uhr  Angespannte Verkehrslage, seit 22.05.2025, 03:28 A64: Luxemburg -> Trier, zwischen 2.0 km hinter Sauertalbrücke und 2.6 km vor Markusberg  Langsamer Verkehr Reisezeitverlust: 0 Minuten Durchschnittsgeschwindigkeit: 65 km/h",49.7358303975337,6.52963337896445
"A65","undefined--vi-avl.2025-05-22_03-24-30-000.f_004.de0","49.25581051967224,8.15054437643974,49.26569211471294,8.15229867581993","49.25581051967224,8.15054437643974","WARNING","A65 | Landau-Dammheim - Pfälzer Weinstraße-Ost"," Landau -> Ludwigshafen",0,"SLOW_TRAFFIC","70",2025-05-22,"Beginn: 22.05.25 um 03:24 Uhr  Angespannte Verkehrslage, seit 22.05.2025, 03:24 A65: Landau -> Ludwigshafen, zwischen 3.4 km hinter AS Landau-Dammheim und 0.3 km vor Pfälzer Weinstraße-Ost  Langsamer Verkehr Reisezeitverlust: 0 Minuten Durchschnittsgeschwindigkeit: 70 km/h",49.2558105196722,8.15054437643974
"A70","undefined--vi-avl.2025-05-22_03-30-00-000.f.de0","50.01689650094109,11.383384300007126,50.00938917383808,11.351441606419284","50.01689650094109,11.383384300007126","WARNING","A70 | Thurnau-West - Schirradorf"," Bayreuth -> Bamberg",1,"SLOW_TRAFFIC","69.69999694824219",2025-05-22,"Beginn: 22.05.25 um 03:30 Uhr  Angespannte Verkehrslage, seit 22.05.2025, 03:30 A70: Bayreuth -> Bamberg, zwischen 0.5 km hinter AS Thurnau-West und 2.1 km vor AS Schirradorf  Langsamer Verkehr Reisezeitverlust: 1 Minuten Durchschnittsgeschwindigkeit: 69 km/h",50.0168965009411,11.3833843000071
"A70","undefined--vi-avl.2025-05-22_03-21-33-000.f_007.de0","50.02808763255244,11.581644132765843,50.02513330094107,11.599927100010804","50.02808763255244,11.581644132765843","WARNING","A70 | Kulmbach/Neudrossenfeld - Bayreuth/Kulmbach"," Bamberg -> Bayreuth",0,"SLOW_TRAFFIC","64.80000305175781",2025-05-22,"Beginn: 22.05.25 um 03:21 Uhr  Angespannte Verkehrslage, seit 22.05.2025, 03:21 A70: Bamberg -> Bayreuth, zwischen 6.8 km hinter AS Kulmbach/Neudrossenfeld und 8.0 km vor AD Bayreuth/Kulmbach  Langsamer Verkehr Reisezeitverlust: 0 Minuten Durchschnittsgeschwindigkeit: 64 km/h",50.0280876325524,11.5816441327658
"A71","undefined--vi-avl.2025-05-22_02-53-00-000.f.de0","50.60095829741318,10.535516345816056,50.609050225147094,10.548552601647428","50.60095829741318,10.535516345816056","WARNING","A71 | Dolmar - Dreieck Suhl"," Schweinfurt -> Suhl",0,"SLOW_TRAFFIC","71.0999984741211",2025-05-22,"Beginn: 22.05.25 um 02:53 Uhr  Angespannte Verkehrslage, seit 22.05.2025, 02:53 A71: Schweinfurt -> Suhl, zwischen 0.2 km hinter Dolmar und 7.2 km vor AD Dreieck Suhl  Langsamer Verkehr Reisezeitverlust: 0 Minuten Durchschnittsgeschwindigkeit: 71 km/h",50.6009582974132,10.5355163458161
"A71","undefined--vi-avl.2025-05-22_03-28-00-000.f_001.de0","50.71693872780553,10.810417438981828,50.71105680093778,10.892582900002433","50.71693872780553,10.810417438981828","WARNING","A71 | Alte Burg - Ilmenau-West"," Suhl -> Erfurt",3,"SLOW_TRAFFIC","60.5",2025-05-22,"Beginn: 22.05.25 um 03:28 Uhr  Angespannte Verkehrslage, seit 22.05.2025, 03:28 A71: Suhl -> Erfurt, zwischen 0.4 km hinter Alte Burg und 0.2 km vor AS Ilmenau-West  Langsamer Verkehr Reisezeitverlust: 3 Minuten Durchschnittsgeschwindigkeit: 60 km/h",50.7169387278055,10.8104174389818
"A72","undefined--vi-avl.2025-05-22_03-31-30-000.f_002.de0","50.56253864666069,12.284100539974329,50.55373562664458,12.277252591128173","50.56253864666069,12.284100539974329","WARNING","A72 | Reichenbach - Treuen"," Zwickau -> Plauen",0,"SLOW_TRAFFIC","49.599998474121094",2025-05-22,"Beginn: 22.05.25 um 03:31 Uhr  Angespannte Verkehrslage, seit 22.05.2025, 03:31 A72: Zwickau -> Plauen, zwischen 5.5 km hinter AS Reichenbach und AS Treuen  Langsamer Verkehr Reisezeitverlust: 0 Minuten Durchschnittsgeschwindigkeit: 49 km/h",50.5625386466607,12.2841005399743
"A72","undefined--vi-avl.2025-05-22_03-31-00-000.f.de0","50.65673963224412,12.50396479577761,50.65019314832481,12.490606513799555","50.65673963224412,12.50396479577761","WARNING","A72 | Zwickau-Ost - Niedercrinitz"," Zwickau -> Plauen",0,"SLOW_TRAFFIC","64.19999694824219",2025-05-22,"Beginn: 22.05.25 um 03:31 Uhr  Angespannte Verkehrslage, seit 22.05.2025, 03:31 A72: Zwickau -> Plauen, zwischen 6.5 km hinter AS Zwickau-Ost und 0.2 km vor Niedercrinitz  Langsamer Verkehr Reisezeitverlust: 0 Minuten Durchschnittsgeschwindigkeit: 64 km/h",50.6567396322441,12.5039647957776
"A72","undefined--vi-avl.2025-05-22_03-27-00-000.f.de0","50.732537160231026,12.779836924929583,50.70662440284892,12.755505870778206","50.732537160231026,12.779836924929583","WARNING","A72 | Am Neukirchner Wald - Stollberg-West"," Chemnitz -> Zwickau",2,"SLOW_TRAFFIC","55.900001525878906",2025-05-22,"Beginn: 22.05.25 um 03:27 Uhr  Angespannte Verkehrslage, seit 22.05.2025, 03:27 A72: Chemnitz -> Zwickau, zwischen 6.4 km hinter Am Neukirchner Wald und 0.3 km vor AS Stollberg-West  Langsamer Verkehr Reisezeitverlust: 2 Minuten Durchschnittsgeschwindigkeit: 55 km/h",50.732537160231,12.7798369249296
"A81","undefined--vi-avl.2025-05-22_03-26-30-000.f_005.de0","47.875803218612134,8.77611404909678,47.887477848640714,8.773542454875333","47.875803218612134,8.77611404909678","WARNING","A81 | Im Hegau - Geisingen"," Singen -> Stuttgart",0,"SLOW_TRAFFIC","73.19999694824219",2025-05-22,"Beginn: 22.05.25 um 03:26 Uhr  Angespannte Verkehrslage, seit 22.05.2025, 03:26 A81: Singen -> Stuttgart, zwischen 1.7 km hinter Im Hegau und 9.5 km vor AS Geisingen  Langsamer Verkehr Reisezeitverlust: 0 Minuten Durchschnittsgeschwindigkeit: 73 km/h",47.8758032186121,8.77611404909678
"A81","undefined--vi-avl.2025-05-22_03-29-00-000.f_002.de0","47.8919334315434,8.755094978552538,47.89142118761061,8.726040342656567","47.8919334315434,8.755094978552538","WARNING","A81 | Im Hegau - Geisingen"," Singen -> Stuttgart",1,"SLOW_TRAFFIC","59.29999923706055",2025-05-22,"Beginn: 22.05.25 um 03:29 Uhr  Angespannte Verkehrslage, seit 22.05.2025, 03:29 A81: Singen -> Stuttgart, zwischen 4.6 km hinter Im Hegau und 5.5 km vor AS Geisingen  Langsamer Verkehr Reisezeitverlust: 1 Minuten Durchschnittsgeschwindigkeit: 59 km/h",47.8919334315434,8.75509497855254
"A96","undefined--vi-avl.2025-05-22_03-29-00-000.f_003.de0","47.99876019646697,10.221220554373769,48.00383940094778,10.234793000000508","47.99876019646697,10.221220554373769","WARNING","A96 | Memmingen-Ost - Burgacker"," Lindau -> München",0,"SLOW_TRAFFIC","68.69999694824219",2025-05-22,"Beginn: 22.05.25 um 03:29 Uhr  Angespannte Verkehrslage, seit 22.05.2025, 03:29 A96: Lindau -> München, zwischen 1.5 km hinter AS Memmingen-Ost und 0.3 km vor Burgacker  Langsamer Verkehr Reisezeitverlust: 0 Minuten Durchschnittsgeschwindigkeit: 68 km/h",47.998760196467,10.2212205543738
"A96","undefined--vi-zus.2025-05-22_03-28-00-000.f_001.de0","48.03980694055125,10.781114129547605,48.046484584009086,10.83313147573403","48.03980694055125,10.781114129547605","WARNING","A96 | Buchloe-Ost - Landsberg am Lech-West"," Lindau -> München",2,"SLOW_TRAFFIC","62.29999923706055",2025-05-22,"Beginn: 22.05.25 um 03:28 Uhr  Zusammengesetzte Verkehrsinformation, seit 22.05.2025, 03:28 A96: Lindau -> München, zwischen 2.6 km hinter AS Buchloe-Ost und 0.4 km vor AS Landsberg am Lech-West  Langsamer Verkehr Reisezeitverlust: 2 Minuten Durchschnittsgeschwindigkeit: 62 km/h",48.0398069405513,10.7811141295476
"A98","undefined--vi-avl.2025-05-22_03-32-00-000.f_003.de0","47.62655294187372,7.604792029735911,47.631282472659635,7.651642232750993","47.62655294187372,7.604792029735911","WARNING","A98 | Eimeldingen - Lörrach-Mitte"," Weil am Rhein -> Schaffhausen",1,"SLOW_TRAFFIC","58.70000076293945",2025-05-22,"Beginn: 22.05.25 um 03:32 Uhr  Angespannte Verkehrslage, seit 22.05.2025, 03:32 A98: Weil am Rhein -> Schaffhausen, zwischen 0.1 km hinter AS Eimeldingen und 1.7 km vor AS Lörrach-Mitte  Langsamer Verkehr Reisezeitverlust: 1 Minuten Durchschnittsgeschwindigkeit: 58 km/h",47.6265529418737,7.60479202973591
"A115","undefined--vi-zus.2024-10-09_07-09-40-000.f_531.de0","52.40027056808641,13.185163736426698,52.44227384698058,13.202709435405149","52.40027056808641,13.185163736426698","WARNING","A115 | Am Stern - Hüttenweg"," Dreieck Nuthetal -> Dreieck Funkturm",NA,NA,NA,2024-10-09,"Beginn: 09.10.24 um 07:09 Uhr  Zusammengesetzte Verkehrsinformation, seit 09.10.2024, 07:09 A115: Dreieck Nuthetal -> Dreieck Funkturm, zwischen 2.9 km hinter Am Stern und 3.8 km vor AS Hüttenweg  A115 Autobahnzubringer Magdeburg, Dreieck Nuthetal Richtung Dreieck Funkturm, zwischen Anschlussstelle Kleinmachnow und Anschlussstelle Spanische Allee, Baustelle, bis 31.10.2026 17:00 Uhr",52.4002705680864,13.1851637364267
