"road","identifier","extent","point","display_type","title","subtitle","delay_minutes","abnormalTrafficType","averageSpeed","startTimestamp","description","latitude","longitude"
"A1","undefined--vi-hind.2025-05-19_23-06-00-000.f_019.de0","53.50929678257153,10.057088901590378,53.50929678257153,10.057088901590378","53.50929678257153,10.057088901590378","WARNING","A1 | Hamburg-Norderelbe - Hamburg-Südost"," Hamburg -> Lübeck",NA,NA,NA,2025-05-19,"Beginn: 19.05.25 um 23:06 Uhr  Fahrzeug-Hindernis, seit 19.05.2025, 23:06 A1: Hamburg -> Lübeck, zwischen 1.2 km hinter AK Hamburg-Norderelbe und 1.2 km vor AD Hamburg-Südost",53.5092967825715,10.0570889015904
"A1","undefined--vi-hind.2025-05-19_23-06-00-000.f_018.de0","53.509302500919404,10.063278300000514,53.5094444127468,10.056993241326454","53.509302500919404,10.063278300000514","WARNING","A1 | Hamburg-Südost - Hamburg-Norderelbe"," Lübeck -> Hamburg",NA,NA,NA,2025-05-19,"Beginn: 19.05.25 um 23:06 Uhr  Fahrzeug-Hindernis, seit 19.05.2025, 23:06 A1: Lübeck -> Hamburg, zwischen 1.2 km hinter AD Hamburg-Südost und 1.4 km vor AK Hamburg-Norderelbe",53.5093025009194,10.0632783000005
"A1","undefined--vi-avl.2025-05-20_04-19-30-000.f_003.de0","54.037318682785255,10.728639984912009,54.05031763785792,10.732215719213956","54.037318682785255,10.728639984912009","WARNING","A1 | Scharbeutz - Eutin"," Lübeck -> Fehmarn",0,"SLOW_TRAFFIC","58.70000076293945",2025-05-20,"Beginn: 20.05.25 um 04:19 Uhr  Angespannte Verkehrslage, seit 20.05.2025, 04:19 A1: Lübeck -> Fehmarn, zwischen 0.3 km hinter AS Scharbeutz und 0.2 km vor AS Eutin  Langsamer Verkehr Reisezeitverlust: 0 Minuten Durchschnittsgeschwindigkeit: 58 km/h",54.0373186827853,10.728639984912
"A1","undefined--vi-avl.2025-05-20_04-21-00-000.f_001.de0","54.13504912945439,10.838371384495096,54.14725195063493,10.847301098849565","54.13504912945439,10.838371384495096","WARNING","A1 | Neustadt i.H.-Pelzerhaken - Hasselburger Mühle"," Lübeck -> Fehmarn",0,"SLOW_TRAFFIC","58.79999923706055",2025-05-20,"Beginn: 20.05.25 um 04:21 Uhr  Angespannte Verkehrslage, seit 20.05.2025, 04:21 A1: Lübeck -> Fehmarn, zwischen 1.2 km hinter AS Neustadt i.H.-Pelzerhaken und 1.0 km vor Hasselburger Mühle  Langsamer Verkehr Reisezeitverlust: 0 Minuten Durchschnittsgeschwindigkeit: 58 km/h",54.1350491294544,10.8383713844951
"A2","undefined--vi-avl.2025-05-20_04-17-00-000.f_001.de0","52.22161467520666,9.101735698405111,52.220474982910204,9.084747827337115","52.22161467520666,9.101735698405111","WARNING","A2 | Bad Eilsen - Papenbrink"," Hannover -> Dortmund",0,"SLOW_TRAFFIC","66.19999694824219",2025-05-20,"Beginn: 20.05.25 um 04:17 Uhr  Angespannte Verkehrslage, seit 20.05.2025, 04:17 A2: Hannover -> Dortmund, zwischen 0.5 km hinter AS Bad Eilsen und 2.1 km vor Papenbrink  Langsamer Verkehr Reisezeitverlust: 0 Minuten Durchschnittsgeschwindigkeit: 66 km/h",52.2216146752067,9.10173569840511
"A3","undefined--vi-zus.2025-05-20_02-37-00-000.f.de0","49.75242017167602,9.941280322406048,49.754800097216076,9.908350380476227","49.75242017167602,9.941280322406048","WARNING","A3 | Würzburg - Würzburg/Kist"," Nürnberg -> Frankfurt",1,"SLOW_TRAFFIC","61.5",2025-05-20,"Beginn: 20.05.25 um 02:37 Uhr  Zusammengesetzte Verkehrsinformation, seit 20.05.2025, 02:37 A3: Nürnberg -> Frankfurt, zwischen 1.6 km hinter Würzburg und 4.8 km vor AS Würzburg/Kist  Langsamer Verkehr Reisezeitverlust: 1 Minuten Durchschnittsgeschwindigkeit: 61 km/h",49.752420171676,9.94128032240605
"A3","undefined--vi-hind.2025-05-20_02-44-00-000.f_001.de0","49.94182568422217,9.341171503093392,49.938711949593724,9.345076285498656","49.94182568422217,9.341171503093392","WARNING","A3 | Röthenwald - Weibersbrunn"," Frankfurt -> Würzburg",NA,NA,NA,2025-05-20,"Beginn: 20.05.25 um 02:44 Uhr  Fahrzeug-Hindernis, seit 20.05.2025, 02:44 A3: Frankfurt -> Würzburg, zwischen 7.3 km hinter Röthenwald und AS Weibersbrunn",49.9418256842222,9.34117150309339
"A3","undefined--vi-avl.2025-05-20_03-20-30-000.f_002.de0","51.254349921439086,6.9137681103585065,51.26699599963733,6.914087213067187","51.254349921439086,6.9137681103585065","WARNING","A3 | Stindertal / Stinderhof - Ratingen-Ost"," Köln -> Oberhausen",1,"QUEUING_TRAFFIC","41.900001525878906",2025-05-20,"Beginn: 20.05.25 um 04:05 Uhr  Angespannte Verkehrslage, seit 20.05.2025, 04:05 A3: Köln -> Oberhausen, zwischen 1.9 km hinter Stindertal / Stinderhof und 3.7 km vor AK Ratingen-Ost  Stockender Verkehr Reisezeitverlust: 1 Minuten Durchschnittsgeschwindigkeit: 41 km/h",51.2543499214391,6.91376811035851
"A3","undefined--vi-avl.2025-05-20_04-22-30-000.f_002.de0","51.284654382312155,6.90031928352681,51.284654382312155,6.90031928352681","51.284654382312155,6.90031928352681","WARNING","A3 | Mettmann - Mettmann"," Oberhausen -> Köln",NA,"QUEUING_TRAFFIC","20",2025-05-20,"Beginn: 20.05.25 um 04:22 Uhr  Angespannte Verkehrslage, seit 20.05.2025, 04:22 A3: Oberhausen -> Köln, 3.0 km vor AS Mettmann, aus Richtung Ratingen-Ost  Stockender Verkehr Durchschnittsgeschwindigkeit: 20 km/h",51.2846543823122,6.90031928352681
"A3","undefined--vi-avl.2025-05-20_03-18-30-000.f_002.de0","51.284654382312155,6.90031928352681,51.27148036824203,6.9106804520443585","51.284654382312155,6.90031928352681","WARNING","A3 | Ratingen-Ost - Mettmann"," Oberhausen -> Köln",1,"QUEUING_TRAFFIC","35.29999923706055",2025-05-20,"Beginn: 20.05.25 um 03:18 Uhr  Angespannte Verkehrslage, seit 20.05.2025, 03:18 A3: Oberhausen -> Köln, zwischen 1.5 km hinter AK Ratingen-Ost und 1.4 km vor AS Mettmann  Stockender Verkehr Reisezeitverlust: 1 Minuten Durchschnittsgeschwindigkeit: 35 km/h",51.2846543823122,6.90031928352681
"A3","undefined--vi-avl.2025-05-20_04-22-30-000.f.de0","51.89839901701434,6.165717280673193,51.89839901701434,6.165717280673193","51.89839901701434,6.165717280673193","WARNING","A3 | Knauheide - Knauheide"," Arnheim -> Oberhausen",NA,"QUEUING_TRAFFIC","14",2025-05-20,"Beginn: 20.05.25 um 04:22 Uhr  Angespannte Verkehrslage, seit 20.05.2025, 04:22 A3: Arnheim -> Oberhausen, 0.1 km vor Knauheide, aus Richtung Elten  Stockender Verkehr Durchschnittsgeschwindigkeit: 14 km/h",51.8983990170143,6.16571728067319
"A3","undefined--vi-avl.2025-05-20_04-22-00-000.f_001.de0","51.89836112503476,6.165756320916883,51.89430742738076,6.169921542127004","51.89836112503476,6.165756320916883","WARNING","A3 | Elten - Elten"," Arnheim -> Oberhausen",0,"QUEUING_TRAFFIC","29.700000762939453",2025-05-20,"Beginn: 20.05.25 um 04:22 Uhr  Angespannte Verkehrslage, seit 20.05.2025, 04:22 A3: Arnheim -> Oberhausen, zwischen 0.4 km hinter Elten und 1.3 km vor AS Elten  Stockender Verkehr Reisezeitverlust: 0 Minuten Durchschnittsgeschwindigkeit: 29 km/h",51.8983611250348,6.16575632091688
"A4","undefined--vi-avl.2025-05-20_03-55-30-000.f_001.de0","50.88682268260102,9.830782153520216,50.893387507113694,9.853640204815708","50.88682268260102,9.830782153520216","WARNING","A4 | Bad Hersfeld - Friedewald"," Bad Hersfeld -> Erfurt",0,"SLOW_TRAFFIC","70.30000305175781",2025-05-20,"Beginn: 20.05.25 um 03:55 Uhr  Angespannte Verkehrslage, seit 20.05.2025, 03:55 A4: Bad Hersfeld -> Erfurt, zwischen 9.3 km hinter AS Bad Hersfeld und 0.2 km vor AS Friedewald  Langsamer Verkehr Reisezeitverlust: 0 Minuten Durchschnittsgeschwindigkeit: 70 km/h",50.886822682601,9.83078215352022
"A4","undefined--vi-zus.2025-05-20_04-11-30-000.f.de0","50.86538545991697,11.760362415153494,50.86840860093703,11.775785400013696","50.86538545991697,11.760362415153494","WARNING","A4 | Rodablick - Stadtroda"," Erfurt -> Chemnitz",0,"QUEUING_TRAFFIC","45.900001525878906",2025-05-20,"Beginn: 20.05.25 um 04:11 Uhr  Zusammengesetzte Verkehrsinformation, seit 20.05.2025, 04:11 A4: Erfurt -> Chemnitz, zwischen 3.8 km hinter Rodablick und 0.1 km vor AS Stadtroda  Stockender Verkehr Reisezeitverlust: 0 Minuten Durchschnittsgeschwindigkeit: 45 km/h",50.865385459917,11.7603624151535
"A4","undefined--vi-unf.2025-05-20_02-49-00-000.f_003.de0","50.86840860093703,11.775785400013696,50.878805109067876,11.83421261450875","50.86840860093703,11.775785400013696","WARNING","A4 | Rodablick - Hermsdorfer Kreuz"," Erfurt -> Chemnitz",NA,NA,NA,2025-05-20,"Beginn: 20.05.25 um 02:49 Uhr  Unfall, seit 20.05.2025, 02:49 A4: Erfurt -> Chemnitz, zwischen 4.9 km hinter Rodablick und 0.9 km vor AK Hermsdorfer Kreuz",50.868408600937,11.7757854000137
"A4","undefined--vi-unf.2025-05-20_02-49-00-000.f_004.de0","50.86840860093703,11.775785400013696,50.878763899841125,11.83386345722032","50.86840860093703,11.775785400013696","WARNING","A4 | Rodablick - Hermsdorfer Kreuz"," Erfurt -> Chemnitz",NA,NA,NA,2025-05-20,"Beginn: 20.05.25 um 02:49 Uhr  Unfall, seit 20.05.2025, 02:49 A4: Erfurt -> Chemnitz, zwischen 4.9 km hinter Rodablick und 0.9 km vor AK Hermsdorfer Kreuz",50.868408600937,11.7757854000137
"A4","undefined--vi-zus.2025-05-20_02-44-30-000.f_005.de0","50.8687986498719,11.777036560544275,50.868620000937035,11.776126000013715","50.8687986498719,11.777036560544275","WARNING","A4 | Teufelstalschenke - Rodablick"," Chemnitz -> Erfurt",NA,NA,NA,2025-05-20,"Beginn: 20.05.25 um 02:44 Uhr  Zusammengesetzte Verkehrsinformation, seit 20.05.2025, 02:44 A4: Chemnitz -> Erfurt, zwischen 2.7 km hinter Teufelstalschenke und 5.0 km vor Rodablick  Gefahr durch Gegenstände auf der Fahrbahn  A4 Chemnitz Richtung Erfurt zwischen Raststätte Teufelstal Nord und Ausfahrt Stadtroda Gefahr durch Gegenstände auf der Fahrbahn, Unfall Abfahrt AS Stadtroda gesperrt",50.8687986498719,11.7770365605443
"A4","undefined--vi-zus.2025-05-20_04-18-30-000.f_001.de0","51.182116438894006,15.005324272135438,51.184005937988296,14.999430962593934","51.182116438894006,15.005324272135438","WARNING","A4 | Ludwigsdorf - An der Neiße"," Görlitz -> Dresden",3,"QUEUING_TRAFFIC","6.5",2025-05-20,"Beginn: 20.05.25 um 04:18 Uhr  Zusammengesetzte Verkehrsinformation, seit 20.05.2025, 04:18 A4: Görlitz -> Dresden, zwischen 0.3 km hinter Ludwigsdorf und 0.8 km vor An der Neiße  Stockender Verkehr Reisezeitverlust: 3 Minuten Durchschnittsgeschwindigkeit: 6 km/h",51.182116438894,15.0053242721354
"A6","undefined--vi-avl.2025-05-20_04-18-00-000.f.de0","49.294052407905774,10.739024184705293,49.27850711029205,10.718421616194355","49.294052407905774,10.739024184705293","WARNING","A6 | Lerchenbuck - Geisberg"," Nürnberg -> Heilbronn",1,"SLOW_TRAFFIC","44.900001525878906",2025-05-20,"Beginn: 20.05.25 um 04:18 Uhr  Angespannte Verkehrslage, seit 20.05.2025, 04:18 A6: Nürnberg -> Heilbronn, zwischen 2.1 km hinter Lerchenbuck und 2.4 km vor Geisberg  Langsamer Verkehr Reisezeitverlust: 1 Minuten Durchschnittsgeschwindigkeit: 44 km/h",49.2940524079058,10.7390241847053
"A7","undefined--vi-zus.2025-05-13_04-57-00-000.f_003.de0","47.595412441892016,10.656244234565428,47.62654678358412,10.642572056942274","47.595412441892016,10.656244234565428","WARNING","A7 | Füssen - Nesselwang"," Füssen/Reutte -> Ulm",NA,NA,NA,2025-05-13,"Beginn: 13.05.25 um 04:57 Uhr  Zusammengesetzte Verkehrsinformation, seit 13.05.2025, 04:57 A7: Füssen/Reutte -> Ulm, zwischen 2.5 km hinter AS Füssen und 9.1 km vor AS Nesselwang  A7 Füssen/Reutte Richtung Ulm zwischen Reinertshoftunnel und Nesselwang Verkehr wird über die Gegenfahrbahn geleitet, Baustelle, von 16.05.2025 05:00 Uhr bis 18.07.2025 15:00 Uhr",47.595412441892,10.6562442345654
"A7","undefined--vi-avl.2025-05-20_04-18-30-000.f_002.de0","47.62971227299873,10.597263669182922,47.62854032886443,10.586606678743902","47.62971227299873,10.597263669182922","WARNING","A7 | Reinertshofertunnel - Nesselwang"," Füssen/Reutte -> Ulm",0,"SLOW_TRAFFIC","60.20000076293945",2025-05-20,"Beginn: 20.05.25 um 04:18 Uhr  Angespannte Verkehrslage, seit 20.05.2025, 04:18 A7: Füssen/Reutte -> Ulm, zwischen 7.5 km hinter Reinertshofertunnel und 4.8 km vor AS Nesselwang  Langsamer Verkehr Reisezeitverlust: 0 Minuten Durchschnittsgeschwindigkeit: 60 km/h",47.6297122729987,10.5972636691829
"A7","undefined--vi-hind.2025-05-19_21-45-30-000.f_002.de0","50.197843941338284,9.939406677450647,50.29408126851662,9.850317296512928","50.197843941338284,9.939406677450647","WARNING","A7 | Elfershausen - Bad Brückenau/Wildflecken"," Würzburg -> Fulda",NA,NA,NA,2025-05-19,"Beginn: 19.05.25 um 21:45 Uhr  Hindernis, seit 19.05.2025, 21:45 A7: Würzburg -> Fulda, zwischen 5.4 km hinter Elfershausen und 0.2 km vor AS Bad Brückenau/Wildflecken",50.1978439413383,9.93940667745065
"A7","undefined--vi-hind.2025-05-19_22-10-00-000.f_001.de0","50.19526160094026,9.940670600000306,50.23946453480515,9.875660399375718","50.19526160094026,9.940670600000306","WARNING","A7 | Elfershausen - Veitsbrunn"," Würzburg -> Fulda",NA,NA,NA,2025-05-19,"Beginn: 19.05.25 um 22:10 Uhr  Hindernis, seit 19.05.2025, 22:10 A7: Würzburg -> Fulda, zwischen 5.1 km hinter Elfershausen und Veitsbrunn",50.1952616009403,9.94067060000031
"A7","undefined--vi-avl.2025-05-20_04-19-30-000.f_002.de0","50.653402065730106,9.680102310481995,50.63737092219126,9.680139983116877","50.653402065730106,9.680102310481995","WARNING","A7 | Hünfeld/Schlitz - Rotkopf"," Kassel -> Fulda",0,"SLOW_TRAFFIC","76.5999984741211",2025-05-20,"Beginn: 20.05.25 um 04:19 Uhr  Angespannte Verkehrslage, seit 20.05.2025, 04:19 A7: Kassel -> Fulda, zwischen 1.0 km hinter AS Hünfeld/Schlitz und 1.5 km vor Rotkopf  Langsamer Verkehr Reisezeitverlust: 0 Minuten Durchschnittsgeschwindigkeit: 76 km/h",50.6534020657301,9.680102310482
"A7","undefined--vi-avl.2025-05-20_04-16-30-000.f_001.de0","50.91807145523276,9.561446318111766,50.9334311475359,9.543591796663863","50.91807145523276,9.561446318111766","WARNING","A7 | Bad Hersfeld-West - Pommer"," Fulda -> Kassel",0,"SLOW_TRAFFIC","65.80000305175781",2025-05-20,"Beginn: 20.05.25 um 04:16 Uhr  Angespannte Verkehrslage, seit 20.05.2025, 04:16 A7: Fulda -> Kassel, zwischen 1.3 km hinter AS Bad Hersfeld-West und 0.6 km vor Pommer  Langsamer Verkehr Reisezeitverlust: 0 Minuten Durchschnittsgeschwindigkeit: 65 km/h",50.9180714552328,9.56144631811177
"A7","undefined--vi-avl.2025-05-20_04-21-00-000.f.de0","50.96662196929153,9.479344370022442,50.95428440973641,9.504906099834225","50.96662196929153,9.479344370022442","WARNING","A7 | Homberg (Efze) - Fuchsrain"," Kassel -> Fulda",1,"SLOW_TRAFFIC","66",2025-05-20,"Beginn: 20.05.25 um 04:21 Uhr  Angespannte Verkehrslage, seit 20.05.2025, 04:21 A7: Kassel -> Fulda, zwischen 4.4 km hinter AS Homberg (Efze) und 2.2 km vor Fuchsrain  Langsamer Verkehr Reisezeitverlust: 1 Minuten Durchschnittsgeschwindigkeit: 66 km/h",50.9666219692915,9.47934437002244
"A7","undefined--vi-hind.2025-05-20_04-09-30-000.f_001.de0","51.56175240093303,9.879560200000324,51.62673130093266,9.91687770000035","51.56175240093303,9.879560200000324","WARNING","A7 | Göttingen-Nord - Nörten-Hardenberg"," Kassel -> Hannover",NA,NA,NA,2025-05-20,"Beginn: 20.05.25 um 04:09 Uhr  Hindernis, seit 20.05.2025, 04:09 A7: Kassel -> Hannover, zwischen 0.6 km hinter AS Göttingen-Nord und 0.3 km vor AS Nörten-Hardenberg  Gefahr durch Gegenstände auf der Fahrbahn",51.561752400933,9.87956020000032
"A7","undefined--vi-zus.2025-05-20_04-14-30-000.f_001.de0","51.617228444209246,9.91016069240666,51.63444024959479,9.920538901690975","51.617228444209246,9.91016069240666","WARNING","A7 | Leineholz West - Northeim-West"," Kassel -> Hannover",0,"SLOW_TRAFFIC","79.5",2025-05-20,"Beginn: 20.05.25 um 04:14 Uhr  Zusammengesetzte Verkehrsinformation, seit 20.05.2025, 04:14 A7: Kassel -> Hannover, zwischen 1.3 km hinter Leineholz West und 7.6 km vor AS Northeim-West  Langsamer Verkehr Reisezeitverlust: 0 Minuten Durchschnittsgeschwindigkeit: 79 km/h  Gefahr durch Gegenstände auf der Fahrbahn",51.6172284442092,9.91016069240666
"A7","undefined--vi-zus.2025-03-31_00-40-00-000.f_018.de0","53.579141433849884,9.913430072127355,53.55636870091902,9.897540700000414","53.579141433849884,9.913430072127355","WARNING","A7 | Hamburg-Volkspark - Elbtunnel (Nordportal)"," Flensburg -> Hamburg",NA,NA,NA,2025-03-31,"Beginn: 31.03.25 um 00:40 Uhr  Zusammengesetzte Verkehrsinformation, seit 31.03.2025, 00:40 A7: Flensburg -> Hamburg, zwischen 0.4 km hinter AS Hamburg-Volkspark und 0.9 km vor Elbtunnel (Nordportal)  A7 Flensburg Richtung Hamburg Ausfahrt Hamburg-Othmarschen Fahrbahnverengung, maximale Fahrbahnbreite von 4,50 m, Bauarbeiten, bis 29.09.2025",53.5791414338499,9.91343007212735
"A7","undefined--vi-hind.2025-05-20_02-27-00-000.f_004.de0","54.30057750091275,9.757904900000362,54.21668860091348,9.858213400000423","54.30057750091275,9.757904900000362","WARNING","A7 | Rendsburg - Warder"," Flensburg -> Hamburg",NA,NA,NA,2025-05-20,"Beginn: 20.05.25 um 02:27 Uhr  Hindernis, seit 20.05.2025, 02:27 A7: Flensburg -> Hamburg, zwischen 0.6 km hinter AK Rendsburg und 0.3 km vor AS Warder  Gefahr durch Gegenstände auf der Fahrbahn",54.3005775009128,9.75790490000036
"A7","undefined--vi-avl.2025-05-20_04-18-30-000.f.de0","54.8043435148632,9.328893218458067,54.8043435148632,9.328893218458067","54.8043435148632,9.328893218458067","WARNING","A7 | Flensburg/Harrislee - Flensburg/Harrislee"," Flensburg -> Hamburg",NA,"QUEUING_TRAFFIC","13",2025-05-20,"Beginn: 20.05.25 um 04:18 Uhr  Angespannte Verkehrslage, seit 20.05.2025, 04:18 A7: Flensburg -> Hamburg, 3.7 km vor AS Flensburg/Harrislee, aus Richtung Ellund  Stockender Verkehr Durchschnittsgeschwindigkeit: 13 km/h",54.8043435148632,9.32889321845807
"A7","undefined--vi-avl.2025-05-20_04-17-00-000.f.de0","54.8043435148632,9.328893218458067,54.79927709692572,9.331467790122373","54.8043435148632,9.328893218458067","WARNING","A7 | Ellund - Flensburg/Harrislee"," Flensburg -> Hamburg",0,"QUEUING_TRAFFIC","31.799999237060547",2025-05-20,"Beginn: 20.05.25 um 04:17 Uhr  Angespannte Verkehrslage, seit 20.05.2025, 04:17 A7: Flensburg -> Hamburg, zwischen Ellund und 3.1 km vor AS Flensburg/Harrislee  Stockender Verkehr Reisezeitverlust: 0 Minuten Durchschnittsgeschwindigkeit: 31 km/h",54.8043435148632,9.32889321845807
"A8","undefined--vi-zus.2025-03-26_17-59-56-000.f_013.de0","49.32575278791285,7.172731755291576,49.327350714671546,7.213275819282444","49.32575278791285,7.172731755291576","WARNING","A8 | Neunkirchen/Spiesen - Kohlhof"," Saarlouis -> Neunkirchen",NA,NA,NA,2025-03-26,"Beginn: 26.03.25 um 17:59 Uhr  Zusammengesetzte Verkehrsinformation, seit 26.03.2025, 17:59 A8: Saarlouis -> Neunkirchen, zwischen 1.5 km hinter AS Neunkirchen/Spiesen und 1.0 km vor Kohlhof  A8 Saarlouis - Neunkirchen zwischen Neunkirchen-Spiesen und Neunkirchen-Oberstadt in beiden Richtungen Bauarbeiten, bis voraussichtlich 01.06.2025",49.3257527879128,7.17273175529158
"A8","undefined--vi-zus.2025-05-14_09-26-56-000.f.de0","49.32628400979037,7.229641516813452,49.329166750017514,7.1882642393148934","49.32628400979037,7.229641516813452","WARNING","A8 | Neunkirchen-Wellesweiler - Neunkirchen/Spiesen"," Neunkirchen -> Saarlouis",NA,NA,NA,2025-05-14,"Beginn: 14.05.25 um 09:26 Uhr  Zusammengesetzte Verkehrsinformation, seit 14.05.2025, 09:26 A8: Neunkirchen -> Saarlouis, zwischen 0.4 km hinter AS Neunkirchen-Wellesweiler und 2.7 km vor AS Neunkirchen/Spiesen  A8 Saarlouis - Neunkirchen zwischen Neunkirchen-Spiesen und Neunkirchen-Oberstadt in beiden Richtungen Bauarbeiten, bis voraussichtlich 01.06.2025",49.3262840097904,7.22964151681345
"A8","undefined--vi-avl.2025-05-20_04-16-00-000.f.de0","47.76831155385765,12.936363378739337,47.76820041309682,12.933978807303449","47.76831155385765,12.936363378739337","WARNING","A8 | Schwarzbach - Bad Reichenhall"," Salzburg -> München",1,"STATIONARY_TRAFFIC","6.800000190734863",2025-05-20,"Beginn: 20.05.25 um 04:16 Uhr  Angespannte Verkehrslage, seit 20.05.2025, 04:16 A8: Salzburg -> München, zwischen 0.3 km hinter Schwarzbach und 2.2 km vor AS Bad Reichenhall  Im Stillstand Reisezeitverlust: 1 Minuten Durchschnittsgeschwindigkeit: 6 km/h",47.7683115538577,12.9363633787393
"A9","undefined--vi-avl.2025-05-20_04-07-30-000.f.de0","50.00417259682099,11.610229480964728,50.016820734040735,11.604963239833687","50.00417259682099,11.610229480964728","WARNING","A9 | Bayreuth-Nord - Bayreuth/Kulmbach"," Nürnberg -> Halle/Leipzig",0,"SLOW_TRAFFIC","67.19999694824219",2025-05-20,"Beginn: 20.05.25 um 04:07 Uhr  Angespannte Verkehrslage, seit 20.05.2025, 04:07 A9: Nürnberg -> Halle/Leipzig, zwischen 5.0 km hinter AS Bayreuth-Nord und 0.9 km vor AD Bayreuth/Kulmbach  Langsamer Verkehr Reisezeitverlust: 0 Minuten Durchschnittsgeschwindigkeit: 67 km/h",50.004172596821,11.6102294809647
"A9","undefined--vi-avl.2025-05-20_04-21-00-000.f_002.de0","50.41123665446771,11.77768837670725,50.39412392410043,11.76452989370065","50.41123665446771,11.77768837670725","WARNING","A9 | Hirschberg - Berg/Bad Steben"," Halle/Leipzig -> Nürnberg",0,"SLOW_TRAFFIC","62.599998474121094",2025-05-20,"Beginn: 20.05.25 um 04:21 Uhr  Angespannte Verkehrslage, seit 20.05.2025, 04:21 A9: Halle/Leipzig -> Nürnberg, zwischen 2.2 km hinter Hirschberg und 3.2 km vor AS Berg/Bad Steben  Langsamer Verkehr Reisezeitverlust: 0 Minuten Durchschnittsgeschwindigkeit: 62 km/h",50.4112366544677,11.7776883767072
"A11","undefined--vi-avl.2025-05-20_04-21-30-000.f_002.de0","52.87927255483505,13.697948903478903,52.88779017198412,13.711054176553242","52.87927255483505,13.697948903478903","WARNING","A11 | Finowfurt - Werbellin"," Berliner Ring -> Kreuz Uckermark",0,"SLOW_TRAFFIC","54.599998474121094",2025-05-20,"Beginn: 20.05.25 um 04:21 Uhr  Angespannte Verkehrslage, seit 20.05.2025, 04:21 A11: Berliner Ring -> Kreuz Uckermark, zwischen 3.7 km hinter AS Finowfurt und 0.7 km vor AS Werbellin  Langsamer Verkehr Reisezeitverlust: 0 Minuten Durchschnittsgeschwindigkeit: 54 km/h",52.879272554835,13.6979489034789
"A12","undefined--vi-avl.2025-05-20_04-11-30-000.f_004.de0","52.3155760805876,14.577600847563337,52.31448070047937,14.547348150449816","52.3155760805876,14.577600847563337","WARNING","A12 | Frankfurt(Oder) - Frankfurt(Oder)-Mitte"," Frankfurt(Oder) -> Berliner Ring",4,"SLOW_TRAFFIC","14.100000381469727",2025-05-20,"Beginn: 20.05.25 um 04:11 Uhr  Angespannte Verkehrslage, seit 20.05.2025, 04:11 A12: Frankfurt(Oder) -> Berliner Ring, zwischen Frankfurt(Oder) und 2.0 km vor AS Frankfurt(Oder)-Mitte  Langsamer Verkehr Reisezeitverlust: 4 Minuten Durchschnittsgeschwindigkeit: 14 km/h",52.3155760805876,14.5776008475633
"A12","WarnungA10Lkw3","47.61802931631098,12.202336027754352,47.61802931631098,12.202336027754352","47.61802931631098,12.202336027754352","WARNING","E45/E60 | LKW Blockabfertigung | A12-Inntal Autobahn","Richtung Italien",NA,NA,NA,2025-01-11,"Zeitraum: Beginn: 07.01.2025 Ende: 09.12.2025  Hinweis für LKW-Reisende nach Österreich: LKW-Blockabfertigungen an ausgewählten Tagen für Lkw am Grenzübergang Kufstein/Kiefersfelden. Maximaler Durchlass von 300 LKWs pro Stunde  Die genauen Ausführungszeiten und weitere Informationen auf tirol.gv.at/verkehr/verkehrs-und-seilbahnrecht/lkw-dosierung.",47.618029316311,12.2023360277544
"A12","WarnungA10Lkw2","47.6164490154047,12.202382557672273,47.6164490154047,12.202382557672273","47.6164490154047,12.202382557672273","WARNING","E43/E45/E60 | A13-Brenner Autobahn","Richtung Italien",NA,NA,NA,2025-01-11,"Zeitraum: Beginn: 11.01.2025 Ende: 27.09.2025  Hinweis für LKW-Reisende nach Österreich: LKW-Fahrverbot auf der A12-Inntal Autobahn, A13-Brenner Autobahn und A14-Rheintal/Walgau Autobahn, wenn das Ziel der Fahrt der Anschlussstelle Nößlach bis Anschlussstelle Brenner Nord der Richtungsfahrbahn Staatsgrenze der A 13 Brenner Autobahn erreicht werden soll. An ausgewählten Samstagen 7-15 Uhr sowie weiteren Tagen im Zeitraum 11.01. - 27.09.2025 Weitere Informationen auf http://asfinag.at/a13",47.6164490154047,12.2023825576723
"A14","undefined--vi-hind.2025-05-19_17-17-30-000.f_021.de0","53.15961128935529,11.72789029312949,53.223319900921695,11.615065400008177","53.15961128935529,11.72789029312949","WARNING","A14 | Karstädt - Meynbach"," Wittenberge -> Schwerin",NA,NA,NA,2025-05-19,"Beginn: 19.05.25 um 17:17 Uhr  Hindernis, seit 19.05.2025, 17:17 A14: Wittenberge -> Schwerin, zwischen 0.4 km hinter AS Karstädt und 1.8 km vor Meynbach  Gefahr durch Gegenstände auf der Fahrbahn",53.1596112893553,11.7278902931295
"A14","undefined--vi-hind.2025-05-19_17-22-02-000.f_022.de0","53.15945940092222,11.728050100009963,53.15945940092222,11.728050100009963","53.15945940092222,11.728050100009963","WARNING","A14 | Karstädt - Groß Warnow"," Wittenberge -> Schwerin",NA,NA,NA,2025-05-19,"Beginn: 19.05.25 um 17:22 Uhr  Hindernis, seit 19.05.2025, 17:22 A14: Wittenberge -> Schwerin, zwischen 0.4 km hinter AS Karstädt und 10.4 km vor AS Groß Warnow  Gefahr durch Gegenstände auf der Fahrbahn",53.1594594009222,11.72805010001
"A17","undefined--vi-avl.2025-05-20_04-22-30-000.f_004.de0","51.00638088435455,13.736850133654698,51.00638088435455,13.736850133654698","51.00638088435455,13.736850133654698","WARNING","A17 | Dresden-Südvorstadt - Dresden-Südvorstadt"," Prag -> Dresden",NA,"STATIONARY_TRAFFIC","15",2025-05-20,"Beginn: 20.05.25 um 04:22 Uhr  Angespannte Verkehrslage, seit 20.05.2025, 04:22 A17: Prag -> Dresden, 0.5 km vor AS Dresden-Südvorstadt, aus Richtung Am Nöthnitzgrund  Im Stillstand Durchschnittsgeschwindigkeit: 15 km/h",51.0063808843545,13.7368501336547
"A17","undefined--vi-avl.2025-05-20_04-21-00-000.f_003.de0","51.00638088435455,13.736850133654698,51.008285700940974,13.728316900196363","51.00638088435455,13.736850133654698","WARNING","A17 | Am Nöthnitzgrund - Coschütz"," Prag -> Dresden",1,"STATIONARY_TRAFFIC","23.299999237060547",2025-05-20,"Beginn: 20.05.25 um 04:21 Uhr  Angespannte Verkehrslage, seit 20.05.2025, 04:21 A17: Prag -> Dresden, zwischen 0.7 km hinter Am Nöthnitzgrund und 3.3 km vor Coschütz  Im Stillstand Reisezeitverlust: 1 Minuten Durchschnittsgeschwindigkeit: 23 km/h",51.0063808843545,13.7368501336547
"A17","undefined--vi-zus.2025-05-20_04-19-30-000.f.de0","50.81918130918735,13.887047918609865,50.82565078152641,13.887804615088058","50.81918130918735,13.887047918609865","WARNING","A17 | Breitenau-Schönwald - Bad Gottleuba"," Prag -> Dresden",1,"QUEUING_TRAFFIC","25.100000381469727",2025-05-20,"Beginn: 20.05.25 um 04:19 Uhr  Zusammengesetzte Verkehrsinformation, seit 20.05.2025, 04:19 A17: Prag -> Dresden, zwischen 4.4 km hinter Breitenau-Schönwald und 0.6 km vor AS Bad Gottleuba  Stockender Verkehr Reisezeitverlust: 1 Minuten Durchschnittsgeschwindigkeit: 25 km/h",50.8191813091873,13.8870479186099
"A21","undefined--vi-avl.2025-05-20_04-08-30-000.f_002.de0","53.84031693450762,10.309616648209857,53.855425000916554,10.305686900000786","53.84031693450762,10.309616648209857","WARNING","A21 | Bad Oldesloe-Nord - Leezen"," Bargteheide -> Kiel",0,"SLOW_TRAFFIC","71",2025-05-20,"Beginn: 20.05.25 um 04:08 Uhr  Angespannte Verkehrslage, seit 20.05.2025, 04:08 A21: Bargteheide -> Kiel, zwischen 3.4 km hinter AS Bad Oldesloe-Nord und 0.2 km vor AS Leezen  Langsamer Verkehr Reisezeitverlust: 0 Minuten Durchschnittsgeschwindigkeit: 71 km/h",53.8403169345076,10.3096166482099
"A21","undefined--vi-avl.2025-05-20_04-17-30-000.f_001.de0","53.83574987064782,10.3095201979037,53.819474349281485,10.324336474524028","53.83574987064782,10.3095201979037","WARNING","A21 | Leezen - Bad Oldesloe-Nord"," Kiel -> Bargteheide",1,"SLOW_TRAFFIC","53.70000076293945",2025-05-20,"Beginn: 20.05.25 um 04:17 Uhr  Angespannte Verkehrslage, seit 20.05.2025, 04:17 A21: Kiel -> Bargteheide, zwischen 2.5 km hinter AS Leezen und 0.7 km vor AS Bad Oldesloe-Nord  Langsamer Verkehr Reisezeitverlust: 1 Minuten Durchschnittsgeschwindigkeit: 53 km/h",53.8357498706478,10.3095201979037
"A38","undefined--vi-avl.2025-05-20_04-22-30-000.f_003.de0","51.40352504270048,10.416400328059806,51.40352504270048,10.416400328059806","51.40352504270048,10.416400328059806","WARNING","A38 | Eichsfeld - Eichsfeld"," Halle -> Göttingen",NA,"STATIONARY_TRAFFIC","18",2025-05-20,"Beginn: 20.05.25 um 04:22 Uhr  Angespannte Verkehrslage, seit 20.05.2025, 04:22 A38: Halle -> Göttingen, in Höhe Eichsfeld, aus Richtung Breitenworbis  Im Stillstand Durchschnittsgeschwindigkeit: 18 km/h",51.4035250427005,10.4164003280598
"A38","undefined--vi-avl.2025-05-20_04-20-30-000.f.de0","51.39811355280732,10.381521495316637,51.396604671693595,10.359376798094297","51.39811355280732,10.381521495316637","WARNING","A38 | Eichsfeld - Leinefelde-Worbis"," Halle -> Göttingen",0,"SLOW_TRAFFIC","68.69999694824219",2025-05-20,"Beginn: 20.05.25 um 04:20 Uhr  Angespannte Verkehrslage, seit 20.05.2025, 04:20 A38: Halle -> Göttingen, zwischen 2.5 km hinter Eichsfeld und 1.1 km vor AS Leinefelde-Worbis  Langsamer Verkehr Reisezeitverlust: 0 Minuten Durchschnittsgeschwindigkeit: 68 km/h",51.3981135528073,10.3815214953166
"A38","undefined--vi-avl.2025-05-20_04-19-30-000.f_001.de0","51.40352635767428,10.416357255744446,51.40333791338668,10.408193683231088","51.40352635767428,10.416357255744446","WARNING","A38 | Breitenworbis - Leinefelde-Worbis"," Halle -> Göttingen",1,"STATIONARY_TRAFFIC","25.799999237060547",2025-05-20,"Beginn: 20.05.25 um 04:19 Uhr  Angespannte Verkehrslage, seit 20.05.2025, 04:19 A38: Halle -> Göttingen, zwischen 1.4 km hinter AS Breitenworbis und 4.6 km vor AS Leinefelde-Worbis  Im Stillstand Reisezeitverlust: 1 Minuten Durchschnittsgeschwindigkeit: 25 km/h",51.4035263576743,10.4163572557444
"A43","undefined--vi-avl.2025-05-19_18-36-12-000.f_002.de0","51.891392767219855,7.372482224160206,51.902360769330265,7.389025264915474","51.891392767219855,7.372482224160206","WARNING","A43 | Karthaus - Nottuln"," Recklinghausen -> Münster",0,"SLOW_TRAFFIC","65.19999694824219",2025-05-19,"Beginn: 19.05.25 um 18:36 Uhr  Angespannte Verkehrslage, seit 19.05.2025, 18:36 A43: Recklinghausen -> Münster, zwischen 2.1 km hinter Karthaus und 1.3 km vor AS Nottuln  Langsamer Verkehr Reisezeitverlust: 0 Minuten Durchschnittsgeschwindigkeit: 65 km/h",51.8913927672199,7.37248222416021
"A44","undefined--vi-avl.2025-05-20_03-56-30-000.f.de0","51.524166360784314,8.91558576836401,51.5362541631677,8.883997822056491","51.524166360784314,8.91558576836401","WARNING","A44 | Marsberg - Blankenrode"," Kassel -> Dortmund",1,"SLOW_TRAFFIC","65.9000015258789",2025-05-20,"Beginn: 20.05.25 um 03:56 Uhr  Angespannte Verkehrslage, seit 20.05.2025, 03:56 A44: Kassel -> Dortmund, zwischen 3.3 km hinter AS Marsberg und 0.9 km vor Blankenrode  Langsamer Verkehr Reisezeitverlust: 1 Minuten Durchschnittsgeschwindigkeit: 65 km/h",51.5241663607843,8.91558576836401
"A59","undefined--vi-avl.2025-05-20_04-16-00-000.f_001.de0","51.180562396560504,6.880692981304466,51.1193735009356,6.913401699996418","51.180562396560504,6.880692981304466","WARNING","A59 | Düsseldorf-Süd - Richrath"," Düsseldorf -> Köln",3,"SLOW_TRAFFIC","59.20000076293945",2025-05-20,"Beginn: 20.05.25 um 04:16 Uhr  Angespannte Verkehrslage, seit 20.05.2025, 04:16 A59: Düsseldorf -> Köln, zwischen 1.3 km hinter AD Düsseldorf-Süd und 0.3 km vor AS Richrath  Langsamer Verkehr Reisezeitverlust: 3 Minuten Durchschnittsgeschwindigkeit: 59 km/h",51.1805623965605,6.88069298130447
"A60","undefined--vi-avl.2025-05-20_04-14-30-000.f_005.de0","49.96412020052733,6.842710635040154,49.97873727868934,6.811993309999279","49.96412020052733,6.842710635040154","WARNING","A60 | Wittlich-West - Landscheid"," Wittlich -> Lüttich",1,"SLOW_TRAFFIC","65.5999984741211",2025-05-20,"Beginn: 20.05.25 um 04:14 Uhr  Angespannte Verkehrslage, seit 20.05.2025, 04:14 A60: Wittlich -> Lüttich, zwischen 0.8 km hinter AS Wittlich-West und 2.5 km vor AS Landscheid  Langsamer Verkehr Reisezeitverlust: 1 Minuten Durchschnittsgeschwindigkeit: 65 km/h",49.9641202005273,6.84271063504015
"A60","undefined--vi-zus.2025-04-08_08-51-21-000.f_013.de0","49.98125533976677,8.345695317688524,49.97565770865279,8.441396718063045","49.98125533976677,8.345695317688524","WARNING","A60 | Mainspitz-Dreieck - Rüsselsheimer Dreieck"," Mainz -> Rüsselsheim",NA,NA,NA,2025-04-08,"Beginn: 08.04.25 um 08:51 Uhr  Zusammengesetzte Verkehrsinformation, seit 08.04.2025, 08:51 A60: Mainz -> Rüsselsheim, zwischen 0.5 km hinter AD Mainspitz-Dreieck und 2.2 km vor AD Rüsselsheimer Dreieck  Sperrung der A60 bei Königstädten – Grundhafte Fahrbahnerneuerung zwischen dem Rüsselsheimer Dreieck und dem Mainspitz Dreieck. Die Niederlassung West der Autobahn GmbH erneuert zwischen dem Rüsselsheimer Dreieck (30) und dem Mainspitz Dreieck (26) die Fahrbahn. Von Donnerstagmorgen (24. April) bis Mitte Juli wird die Anschlussstelle (AS) Königstädten (29) in Fahrtrichtung (FR) Mainz sowie in FR Rüsselsheimer Dreieck gesperrt. Umleitungsmöglichkeiten sind ausgeschildert: • Ausfahrt FR Mainz: Umleitung via AS Rüsselsheim-Mitte • Einfahrt FR Mainz: innerstädtische Umleitung zur AS Rüsselsheim-Mitte (Adam-Opel-Straße / Kurt-Schumacher-Ring), von Nauheim kommend via L3482 zur AS Bischofsheim • Einfahrt FR Darmstadt: innerstädtische Umleitung zur AS Rüsselsheim-Mitte (Adam-Opel-Straße / Kurt-Schumacher-Ring) Die Autobahn GmbH bittet alle Verkehrsteilnehmer um Verständnis für die unvermeidlichen Verkehrsbehinderungen, die durch die Arbeiten entstehen.",49.9812553397668,8.34569531768852
"A60","undefined--vi-avl.2025-05-20_04-18-30-000.f_009.de0","49.9758339072105,8.358497256098433,49.9818818303534,8.344357827750231","49.9758339072105,8.358497256098433","WARNING","A60 | Bischofsheim - Mainspitz-Dreieck"," Rüsselsheim -> Mainz",0,"SLOW_TRAFFIC","66.80000305175781",2025-05-20,"Beginn: 20.05.25 um 04:18 Uhr  Angespannte Verkehrslage, seit 20.05.2025, 04:18 A60: Rüsselsheim -> Mainz, zwischen 1.5 km hinter AS Bischofsheim und 0.4 km vor AD Mainspitz-Dreieck  Langsamer Verkehr Reisezeitverlust: 0 Minuten Durchschnittsgeschwindigkeit: 66 km/h",49.9758339072105,8.35849725609843
"A60","undefined--vi-zus.2025-05-03_10-55-00-000.f_003.de0","49.977457399447445,8.454646346787307,49.981587265039146,8.34517285786785","49.977457399447445,8.454646346787307","WARNING","A60 | Rüsselsheimer Dreieck - Mainspitz-Dreieck"," Rüsselsheim -> Mainz",NA,NA,NA,2025-05-03,"Beginn: 03.05.25 um 10:55 Uhr  Zusammengesetzte Verkehrsinformation, seit 03.05.2025, 10:55 A60: Rüsselsheim -> Mainz, zwischen 0.6 km hinter AD Rüsselsheimer Dreieck und 0.5 km vor AD Mainspitz-Dreieck  Sperrung der A60 bei Königstädten – Grundhafte Fahrbahnerneuerung zwischen dem Rüsselsheimer Dreieck und dem Mainspitz Dreieck. Die Niederlassung West der Autobahn GmbH erneuert zwischen dem Rüsselsheimer Dreieck (30) und dem Mainspitz Dreieck (26) die Fahrbahn. Von Donnerstagmorgen (24. April) bis Mitte Juli wird die Anschlussstelle (AS) Königstädten (29) in Fahrtrichtung (FR) Mainz sowie in FR Rüsselsheimer Dreieck gesperrt. Umleitungsmöglichkeiten sind ausgeschildert: • Ausfahrt FR Mainz: Umleitung via AS Rüsselsheim-Mitte • Einfahrt FR Mainz: innerstädtische Umleitung zur AS Rüsselsheim-Mitte (Adam-Opel-Straße / Kurt-Schumacher-Ring), von Nauheim kommend via L3482 zur AS Bischofsheim • Einfahrt FR Darmstadt: innerstädtische Umleitung zur AS Rüsselsheim-Mitte (Adam-Opel-Straße / Kurt-Schumacher-Ring) Die Autobahn GmbH bittet alle Verkehrsteilnehmer um Verständnis für die unvermeidlichen Verkehrsbehinderungen, die durch die Arbeiten entstehen.",49.9774573994474,8.45464634678731
"A62","undefined--vi-avl.2025-05-20_03-52-30-000.f_013.de0","49.25265152538731,7.590076829622141,49.23496976532556,7.559437584998767","49.25265152538731,7.590076829622141","WARNING","A62 | Thaleischweiler-Fröschen - Pirmasens"," Landstuhl -> Pirmasens",1,"SLOW_TRAFFIC","61",2025-05-20,"Beginn: 20.05.25 um 03:52 Uhr  Angespannte Verkehrslage, seit 20.05.2025, 03:52 A62: Landstuhl -> Pirmasens, zwischen 0.8 km hinter AS Thaleischweiler-Fröschen und 0.4 km vor AS Pirmasens  Langsamer Verkehr Reisezeitverlust: 1 Minuten Durchschnittsgeschwindigkeit: 61 km/h",49.2526515253873,7.59007682962214
"A64","undefined--vi-avl.2025-05-20_04-16-00-000.f_003.de0","49.73785652577911,6.539355580375627,49.748620349376736,6.562466225007674","49.73785652577911,6.539355580375627","WARNING","A64 | Sauertalbrücke - Markusberg"," Luxemburg -> Trier",0,"SLOW_TRAFFIC","64.0999984741211",2025-05-20,"Beginn: 20.05.25 um 04:16 Uhr  Angespannte Verkehrslage, seit 20.05.2025, 04:16 A64: Luxemburg -> Trier, zwischen 2.7 km hinter Sauertalbrücke und 1.4 km vor Markusberg  Langsamer Verkehr Reisezeitverlust: 0 Minuten Durchschnittsgeschwindigkeit: 64 km/h",49.7378565257791,6.53935558037563
"A66","undefined--vi-avl.2025-05-20_04-20-00-000.f.de0","50.330076666589726,9.478367781910286,50.34174169505708,9.49348603615372","50.330076666589726,9.478367781910286","WARNING","A66 | Schlüchtern-Süd - Schlüchtern-Nord"," Frankfurt -> Fulda",0,"SLOW_TRAFFIC","59.20000076293945",2025-05-20,"Beginn: 20.05.25 um 04:20 Uhr  Angespannte Verkehrslage, seit 20.05.2025, 04:20 A66: Frankfurt -> Fulda, zwischen 0.2 km hinter AS Schlüchtern-Süd und 5.6 km vor AS Schlüchtern-Nord  Langsamer Verkehr Reisezeitverlust: 0 Minuten Durchschnittsgeschwindigkeit: 59 km/h",50.3300766665897,9.47836778191029
"A70","undefined--vi-avl.2025-05-20_04-19-00-000.f_001.de0","50.01633253873858,11.378524455852608,50.00951286482983,11.353637377809873","50.01633253873858,11.378524455852608","WARNING","A70 | Thurnau-West - Schirradorf"," Bayreuth -> Bamberg",0,"SLOW_TRAFFIC","64.80000305175781",2025-05-20,"Beginn: 20.05.25 um 04:19 Uhr  Angespannte Verkehrslage, seit 20.05.2025, 04:19 A70: Bayreuth -> Bamberg, zwischen 0.8 km hinter AS Thurnau-West und 2.3 km vor AS Schirradorf  Langsamer Verkehr Reisezeitverlust: 0 Minuten Durchschnittsgeschwindigkeit: 64 km/h",50.0163325387386,11.3785244558526
"A71","undefined--vi-avl.2025-05-20_04-22-00-000.f_002.de0","50.391309863496446,10.31435255224582,50.400471628852415,10.320442635764188","50.391309863496446,10.31435255224582","WARNING","A71 | Bad Neustadt a.d.Saale - Mellrichstadt"," Schweinfurt -> Suhl",0,"SLOW_TRAFFIC","65",2025-05-20,"Beginn: 20.05.25 um 04:22 Uhr  Angespannte Verkehrslage, seit 20.05.2025, 04:22 A71: Schweinfurt -> Suhl, zwischen 7.4 km hinter AS Bad Neustadt a.d.Saale und 1.6 km vor AS Mellrichstadt  Langsamer Verkehr Reisezeitverlust: 0 Minuten Durchschnittsgeschwindigkeit: 65 km/h",50.3913098634964,10.3143525522458
"A71","undefined--vi-avl.2025-05-20_04-21-00-000.f_004.de0","50.35464235767163,10.317061734013357,50.36705839822574,10.316419435427415","50.35464235767163,10.317061734013357","WARNING","A71 | Bad Neustadt a.d.Saale - Mellrichstadt"," Schweinfurt -> Suhl",0,"SLOW_TRAFFIC","61.70000076293945",2025-05-20,"Beginn: 20.05.25 um 04:21 Uhr  Angespannte Verkehrslage, seit 20.05.2025, 04:21 A71: Schweinfurt -> Suhl, zwischen 3.3 km hinter AS Bad Neustadt a.d.Saale und 5.5 km vor AS Mellrichstadt  Langsamer Verkehr Reisezeitverlust: 0 Minuten Durchschnittsgeschwindigkeit: 61 km/h",50.3546423576716,10.3170617340134
"A73","undefined--vi-avl.2025-05-20_04-21-30-000.f_001.de0","50.31050331753215,10.962489093667534,50.3256352358353,10.943545006430202","50.31050331753215,10.962489093667534","WARNING","A73 | Coburg - Eisfeld-Süd"," Bamberg -> Suhl",1,"SLOW_TRAFFIC","64",2025-05-20,"Beginn: 20.05.25 um 04:21 Uhr  Angespannte Verkehrslage, seit 20.05.2025, 04:21 A73: Bamberg -> Suhl, zwischen 3.0 km hinter AS Coburg und 7.8 km vor AS Eisfeld-Süd  Langsamer Verkehr Reisezeitverlust: 1 Minuten Durchschnittsgeschwindigkeit: 64 km/h",50.3105033175322,10.9624890936675
"A81","undefined--vi-avl.2025-05-20_04-22-30-000.f_001.de0","49.59664456233072,9.67716331464656,49.58361755426011,9.659322147247009","49.59664456233072,9.67716331464656","WARNING","A81 | Tauberbischofsheim - Ahorn"," Würzburg -> Heilbronn",0,"SLOW_TRAFFIC","66.5999984741211",2025-05-20,"Beginn: 20.05.25 um 04:22 Uhr  Angespannte Verkehrslage, seit 20.05.2025, 04:22 A81: Würzburg -> Heilbronn, zwischen 1.4 km hinter AS Tauberbischofsheim und 7.6 km vor AS Ahorn  Langsamer Verkehr Reisezeitverlust: 0 Minuten Durchschnittsgeschwindigkeit: 66 km/h",49.5966445623307,9.67716331464656
"A92","undefined--vi-avl.2025-05-20_04-11-00-000.f.de0","48.80199210862083,12.874581827899329,48.80155382414128,12.87952255783988","48.80199210862083,12.874581827899329","WARNING","A92 | Plattling-West - Plattling-Nord"," München -> Deggendorf",1,"STATIONARY_TRAFFIC","16.100000381469727",2025-05-20,"Beginn: 20.05.25 um 04:11 Uhr  Angespannte Verkehrslage, seit 20.05.2025, 04:11 A92: München -> Deggendorf, zwischen 3.2 km hinter AS Plattling-West und 1.9 km vor AS Plattling-Nord  Im Stillstand Reisezeitverlust: 1 Minuten Durchschnittsgeschwindigkeit: 16 km/h",48.8019921086208,12.8745818278993
"A92","undefined--vi-avl.2025-05-20_04-11-30-000.f_005.de0","48.80199210862083,12.874581827899329,48.80199210862083,12.874581827899329","48.80199210862083,12.874581827899329","WARNING","A92 | Michaelsbuch - Michaelsbuch"," München -> Deggendorf",NA,"STATIONARY_TRAFFIC","10",2025-05-20,"Beginn: 20.05.25 um 04:22 Uhr  Angespannte Verkehrslage, seit 20.05.2025, 04:22 A92: München -> Deggendorf, 0.1 km vor Michaelsbuch, aus Richtung Plattling-West  Im Stillstand Durchschnittsgeschwindigkeit: 10 km/h",48.8019921086208,12.8745818278993
"A94","undefined--vi-avl.2025-05-20_04-22-00-000.f.de0","48.18752586211572,11.918575627321978,48.20788188905436,11.93979085926315","48.18752586211572,11.918575627321978","WARNING","A94 | Hohenlinden - Pastetten"," München -> Passau",2,"QUEUING_TRAFFIC","48.5",2025-05-20,"Beginn: 20.05.25 um 04:22 Uhr  Angespannte Verkehrslage, seit 20.05.2025, 04:22 A94: München -> Passau, zwischen 0.6 km hinter AS Hohenlinden und 1.1 km vor AS Pastetten  Stockender Verkehr Reisezeitverlust: 2 Minuten Durchschnittsgeschwindigkeit: 48 km/h",48.1875258621157,11.918575627322
"A96","undefined--vi-avl.2025-05-20_02-31-30-000.f_008.de0","48.03272701966515,10.439287501236132,48.031695937090156,10.455208476476106","48.03272701966515,10.439287501236132","WARNING","A96 | Kammlachtal - Mindelheim"," Lindau -> München",0,"SLOW_TRAFFIC","61.29999923706055",2025-05-20,"Beginn: 20.05.25 um 02:31 Uhr  Angespannte Verkehrslage, seit 20.05.2025, 02:31 A96: Lindau -> München, zwischen 1.5 km hinter Kammlachtal und 4.3 km vor AS Mindelheim  Langsamer Verkehr Reisezeitverlust: 0 Minuten Durchschnittsgeschwindigkeit: 61 km/h",48.0327270196652,10.4392875012361
"A96","undefined--vi-avl.2025-05-20_04-13-30-000.f.de0","48.0331225584307,10.657310176459966,48.02822028265034,10.675994690279937","48.0331225584307,10.657310176459966","WARNING","A96 | Wertachtal - Buchloe-West"," Lindau -> München",0,"SLOW_TRAFFIC","68.9000015258789",2025-05-20,"Beginn: 20.05.25 um 04:13 Uhr  Angespannte Verkehrslage, seit 20.05.2025, 04:13 A96: Lindau -> München, zwischen 0.1 km hinter Wertachtal und 2.6 km vor AS Buchloe-West  Langsamer Verkehr Reisezeitverlust: 0 Minuten Durchschnittsgeschwindigkeit: 68 km/h",48.0331225584307,10.65731017646
"A98","undefined--vi-avl.2025-05-20_04-21-30-000.f.de0","47.62590484996833,7.680329713250042,47.60740893524412,7.700890317773208","47.62590484996833,7.680329713250042","WARNING","A98 | Lörrach-Mitte - Hochrhein"," Weil am Rhein -> Schaffhausen",1,"SLOW_TRAFFIC","65.30000305175781",2025-05-20,"Beginn: 20.05.25 um 04:21 Uhr  Angespannte Verkehrslage, seit 20.05.2025, 04:21 A98: Weil am Rhein -> Schaffhausen, zwischen 0.9 km hinter AS Lörrach-Mitte und 4.7 km vor AD Hochrhein  Langsamer Verkehr Reisezeitverlust: 1 Minuten Durchschnittsgeschwindigkeit: 65 km/h",47.6259048499683,7.68032971325004
"A99","undefined--vi-hind.2025-05-19_21-00-00-000.f.de0","48.22568428554725,11.53753571910202,48.22822000094727,11.582903800012192","48.22568428554725,11.53753571910202","WARNING","A99 | München-Ludwigsfeld - München-Neuherberg"," München-Süd-West -> München-Nord",NA,NA,NA,2025-05-19,"Beginn: 19.05.25 um 21:00 Uhr  Fahrzeug-Hindernis, seit 19.05.2025, 21:00 A99: München-Süd-West -> München-Nord, zwischen 4.4 km hinter AS München-Ludwigsfeld und 0.3 km vor AS München-Neuherberg",48.2256842855473,11.537535719102
"A113","undefined--vi-zus.2025-05-06_00-21-00-000.f_003.de0","52.43025717661688,13.505075428607936,52.42875800093087,13.509218300121121","52.43025717661688,13.505075428607936","WARNING","A113 | Stubenrauchstraße - Adlershof"," Neukölln -> Schönefeld",NA,NA,NA,2025-05-06,"Beginn: 06.05.25 um 00:21 Uhr  Zusammengesetzte Verkehrsinformation, seit 06.05.2025, 00:21 A113: Neukölln -> Schönefeld, zwischen 0.6 km hinter AS Stubenrauchstraße und 0.3 km vor AS Adlershof  A113 Autobahnzubringer Dresden, Neukölln Richtung Schönefeld
zwischen Stubenrauchstraße und Tunnel Rudower Höhe
linker Fahrstreifen gesperrt, Bauarbeiten, bis voraussichtlich 20.06.2025",52.4302571766169,13.5050754286079
"A115","undefined--vi-zus.2024-10-09_07-09-40-000.f_531.de0","52.40027056808641,13.185163736426698,52.44227384698058,13.202709435405149","52.40027056808641,13.185163736426698","WARNING","A115 | Am Stern - Hüttenweg"," Dreieck Nuthetal -> Dreieck Funkturm",NA,NA,NA,2024-10-09,"Beginn: 09.10.24 um 07:09 Uhr  Zusammengesetzte Verkehrsinformation, seit 09.10.2024, 07:09 A115: Dreieck Nuthetal -> Dreieck Funkturm, zwischen 2.9 km hinter Am Stern und 3.8 km vor AS Hüttenweg  A115 Autobahnzubringer Magdeburg, Dreieck Nuthetal Richtung Dreieck Funkturm, zwischen Anschlussstelle Kleinmachnow und Anschlussstelle Spanische Allee, Baustelle, bis 31.10.2026 17:00 Uhr",52.4002705680864,13.1851637364267
"A391","undefined--vi-hind.2025-05-20_03-36-30-000.f_002.de0","52.27911864544913,10.491453847675304,52.27489794016378,10.492353265517814","52.27911864544913,10.491453847675304","WARNING","A391 | Ölper - Braunschweig-Lehndorf"," Braunschweig-Nord -> Braunschweig-Südwest",NA,NA,NA,2025-05-20,"Beginn: 20.05.25 um 03:36 Uhr  Fahrzeug-Hindernis, seit 20.05.2025, 03:36 A391: Braunschweig-Nord -> Braunschweig-Südwest, zwischen 0.5 km hinter AK Ölper und 0.3 km vor AS Braunschweig-Lehndorf Gefahr durch ein defektes Fahrzeug auf der Fahrbahn",52.2791186454491,10.4914538476753
"A659","undefined--vi-hind.2025-05-19_21-37-30-000.f_014.de0","49.54829068021773,8.622241523849889,49.548997000943004,8.631344399999902","49.54829068021773,8.622241523849889","WARNING","A659 | Viernheim - Weinheim B38"," Viernheim -> Weinheim",NA,NA,NA,2025-05-19,"Beginn: 19.05.25 um 21:37 Uhr  Hindernis, seit 19.05.2025, 21:37 A659: Viernheim -> Weinheim, zwischen 1.2 km hinter Viernheim und Weinheim B38",49.5482906802177,8.62224152384989
"A864","undefined--vi-avl.2025-05-20_04-17-30-000.f_002.de0","47.99314372746839,8.536920364464567,47.99644546070869,8.55442906851208","47.99314372746839,8.536920364464567","WARNING","A864 | Donaueschingen - Bad Dürrheim"," Donaueschingen -> Bad Dürrheim",0,"SLOW_TRAFFIC","67.5",2025-05-20,"Beginn: 20.05.25 um 04:17 Uhr  Angespannte Verkehrslage, seit 20.05.2025, 04:17 A864: Donaueschingen -> Bad Dürrheim, zwischen 0.8 km hinter AS Donaueschingen und 4.1 km vor AD Bad Dürrheim  Langsamer Verkehr Reisezeitverlust: 0 Minuten Durchschnittsgeschwindigkeit: 67 km/h",47.9931437274684,8.53692036446457
