"road","identifier","extent","point","display_type","title","subtitle","delay_minutes","abnormalTrafficType","averageSpeed","startTimestamp","description","latitude","longitude"
"A1","undefined--vi-hind.2025-05-20_05-28-06-000.f.de0","52.20621415937557,7.823037023782231,52.20635626626534,7.82354820503175","52.20621415937557,7.823037023782231","WARNING","A1 | Lengerich - Exterheide"," Münster -> Osnabrück",NA,NA,NA,2025-05-20,"Beginn: 20.05.25 um 05:28 Uhr  Fahrzeug-Hindernis, seit 20.05.2025, 05:28 A1: Münster -> Osnabrück, zwischen 0.8 km hinter AS Lengerich und 0.7 km vor Exterheide Gefahr durch ein defektes Fahrzeug auf der Fahrbahn",52.2062141593756,7.82303702378223
"A2","undefined--vi-avl.2025-05-20_05-27-30-000.f_001.de0","51.5528596507774,6.92001529749866,51.5528596507774,6.92001529749866","51.5528596507774,6.92001529749866","WARNING","A2 | Bottrop - Bottrop"," Dortmund -> Oberhausen",NA,"SLOW_TRAFFIC","13",2025-05-20,"Beginn: 20.05.25 um 05:31 Uhr  Angespannte Verkehrslage, seit 20.05.2025, 05:31 A2: Dortmund -> Oberhausen, 0.4 km vor AS Bottrop, aus Richtung Bottrop  Langsamer Verkehr Durchschnittsgeschwindigkeit: 13 km/h",51.5528596507774,6.92001529749866
"A2","undefined--vi-avl.2025-05-20_05-17-30-000.f_002.de0","51.552865685685816,6.920025984571161,51.540102000933175,6.882420599996286","51.552865685685816,6.920025984571161","WARNING","A2 | Bottrop - Oberhausen-Königshardt"," Dortmund -> Oberhausen",2,"SLOW_TRAFFIC","40.599998474121094",2025-05-20,"Beginn: 20.05.25 um 05:17 Uhr  Angespannte Verkehrslage, seit 20.05.2025, 05:17 A2: Dortmund -> Oberhausen, zwischen 0.5 km hinter AD Bottrop und 0.9 km vor AS Oberhausen-Königshardt  Langsamer Verkehr Reisezeitverlust: 2 Minuten Durchschnittsgeschwindigkeit: 40 km/h",51.5528656856858,6.92002598457116
"A2","undefined--vi-avl.2025-05-20_05-17-00-000.f_001.de0","52.21985739388858,9.139346803179182,52.220422152402776,9.091879501064163","52.21985739388858,9.139346803179182","WARNING","A2 | Bernser Kirchweg - Papenbrink"," Hannover -> Dortmund",1,"SLOW_TRAFFIC","60.20000076293945",2025-05-20,"Beginn: 20.05.25 um 05:17 Uhr  Angespannte Verkehrslage, seit 20.05.2025, 05:17 A2: Hannover -> Dortmund, zwischen 2.0 km hinter Bernser Kirchweg und 2.6 km vor Papenbrink  Langsamer Verkehr Reisezeitverlust: 1 Minuten Durchschnittsgeschwindigkeit: 60 km/h",52.2198573938886,9.13934680317918
"A2","undefined--vi-avl.2025-05-20_05-17-00-000.f_002.de0","52.21586700416687,9.173917759513179,52.2196660715803,9.146762461874273","52.21586700416687,9.173917759513179","WARNING","A2 | Auetal Nord - Bad Eilsen-Ost"," Hannover -> Dortmund",1,"SLOW_TRAFFIC","59.400001525878906",2025-05-20,"Beginn: 20.05.25 um 05:17 Uhr  Angespannte Verkehrslage, seit 20.05.2025, 05:17 A2: Hannover -> Dortmund, zwischen 3.8 km hinter Auetal Nord und 1.5 km vor AS Bad Eilsen-Ost  Langsamer Verkehr Reisezeitverlust: 1 Minuten Durchschnittsgeschwindigkeit: 59 km/h",52.2158670041669,9.17391775951318
"A2","undefined--vi-avl.2025-05-20_05-28-06-000.f.de0","52.18139389403302,11.462155798590807,52.17326264607897,11.487714527996046","52.18139389403302,11.462155798590807","WARNING","A2 | Börde - Irxleben"," Braunschweig -> Magdeburg",0,"SLOW_TRAFFIC","72.69999694824219",2025-05-20,"Beginn: 20.05.25 um 05:28 Uhr  Angespannte Verkehrslage, seit 20.05.2025, 05:28 A2: Braunschweig -> Magdeburg, zwischen 0.8 km hinter Börde und 0.1 km vor AS Irxleben  Langsamer Verkehr Reisezeitverlust: 0 Minuten Durchschnittsgeschwindigkeit: 72 km/h",52.181393894033,11.4621557985908
"A3","undefined--vi-zus.2025-05-20_02-37-00-000.f.de0","49.75214940094218,9.96393670000032,49.751700551266744,9.894673353289447","49.75214940094218,9.96393670000032","WARNING","A3 | Würzburg/Randersacker - Würzburg/Kist"," Nürnberg -> Frankfurt",5,"QUEUING_TRAFFIC","40.900001525878906",2025-05-20,"Beginn: 20.05.25 um 02:37 Uhr  Zusammengesetzte Verkehrsinformation, seit 20.05.2025, 02:37 A3: Nürnberg -> Frankfurt, zwischen 2.8 km hinter AS Würzburg/Randersacker und 3.8 km vor AS Würzburg/Kist  Stockender Verkehr Reisezeitverlust: 5 Minuten Durchschnittsgeschwindigkeit: 40 km/h",49.7521494009422,9.96393670000032
"A3","undefined--vi-hind.2025-05-20_05-27-00-000.f_001.de0","50.026585285024545,8.4767388251818,50.04595890124053,8.542346653545835","50.026585285024545,8.4767388251818","WARNING","A3 | Raunheim - Kelsterbach"," Köln -> Frankfurt",NA,NA,NA,2025-05-20,"Beginn: 20.05.25 um 05:27 Uhr  Hindernis, seit 20.05.2025, 05:27 A3: Köln -> Frankfurt, zwischen AS Raunheim und 0.2 km vor AS Kelsterbach  Gefahr durch Personen auf der Fahrbahn",50.0265852850245,8.4767388251818
"A4","undefined--vi-unf.2025-05-20_02-49-00-000.f_008.de0","50.86840860093703,11.775785400013696,50.878805109067876,11.83421261450875","50.86840860093703,11.775785400013696","WARNING","A4 | Rodablick - Hermsdorfer Kreuz"," Erfurt -> Chemnitz",NA,NA,NA,2025-05-20,"Beginn: 20.05.25 um 02:49 Uhr  Unfall, seit 20.05.2025, 02:49 A4: Erfurt -> Chemnitz, zwischen 4.9 km hinter Rodablick und 0.9 km vor AK Hermsdorfer Kreuz",50.868408600937,11.7757854000137
"A4","undefined--vi-zus.2025-05-20_04-11-30-000.f.de0","50.86654982634739,11.74220098336754,50.86840860093703,11.775785400013696","50.86654982634739,11.74220098336754","WARNING","A4 | Rodablick - Stadtroda"," Erfurt -> Chemnitz",17,"STATIONARY_TRAFFIC","8.100000381469727",2025-05-20,"Beginn: 20.05.25 um 04:11 Uhr  Zusammengesetzte Verkehrsinformation, seit 20.05.2025, 04:11 A4: Erfurt -> Chemnitz, zwischen 2.5 km hinter Rodablick und 0.1 km vor AS Stadtroda  Im Stillstand Reisezeitverlust: 17 Minuten Durchschnittsgeschwindigkeit: 8 km/h",50.8665498263474,11.7422009833675
"A4","undefined--vi-avl.2025-05-20_05-02-30-000.f.de0","50.86660139578699,11.742067674377695,50.86660139578699,11.742067674377695","50.86660139578699,11.742067674377695","WARNING","A4 | Stadtroda - Stadtroda"," Erfurt -> Chemnitz",NA,"STATIONARY_TRAFFIC","8",2025-05-20,"Beginn: 20.05.25 um 05:31 Uhr  Angespannte Verkehrslage, seit 20.05.2025, 05:31 A4: Erfurt -> Chemnitz, 2.6 km vor AS Stadtroda, aus Richtung Rodablick  Im Stillstand Durchschnittsgeschwindigkeit: 8 km/h",50.866601395787,11.7420676743777
"A4","undefined--vi-zus.2025-05-20_02-44-30-000.f_008.de0","50.8687986498719,11.777036560544275,50.868620000937035,11.776126000013715","50.8687986498719,11.777036560544275","WARNING","A4 | Teufelstalschenke - Rodablick"," Chemnitz -> Erfurt",NA,NA,NA,2025-05-20,"Beginn: 20.05.25 um 02:44 Uhr  Zusammengesetzte Verkehrsinformation, seit 20.05.2025, 02:44 A4: Chemnitz -> Erfurt, zwischen 2.7 km hinter Teufelstalschenke und 5.0 km vor Rodablick  Gefahr durch Gegenstände auf der Fahrbahn  A4 Chemnitz Richtung Erfurt zwischen Raststätte Teufelstal Nord und Ausfahrt Stadtroda Gefahr durch Gegenstände auf der Fahrbahn, Unfall Abfahrt AS Stadtroda gesperrt",50.8687986498719,11.7770365605443
"A4","undefined--vi-zus.2025-05-20_04-38-00-000.f_002.de0","51.18098870622666,15.008309537534126,51.18485341954864,14.99635281470803","51.18098870622666,15.008309537534126","WARNING","A4 | Ludwigsdorf - An der Neiße"," Görlitz -> Dresden",2,"SLOW_TRAFFIC","11.600000381469727",2025-05-20,"Beginn: 20.05.25 um 04:38 Uhr  Zusammengesetzte Verkehrsinformation, seit 20.05.2025, 04:38 A4: Görlitz -> Dresden, zwischen Ludwigsdorf und 0.6 km vor An der Neiße  Langsamer Verkehr Reisezeitverlust: 2 Minuten Durchschnittsgeschwindigkeit: 11 km/h",51.1809887062267,15.0083095375341
"A6","undefined--vi-avl.2025-05-20_04-47-30-000.f_002.de0","49.63324290094308,12.492308700049518,49.63324290094308,12.492308700049518","49.63324290094308,12.492308700049518","WARNING","A6 | Waidhaus - Waidhaus"," Pilsen -> Nürnberg",NA,"STATIONARY_TRAFFIC","17",2025-05-20,"Beginn: 20.05.25 um 05:31 Uhr  Angespannte Verkehrslage, seit 20.05.2025, 05:31 A6: Pilsen -> Nürnberg, 0.2 km vor AS Waidhaus, aus Richtung Waidhaus-Autobahn  Im Stillstand Durchschnittsgeschwindigkeit: 17 km/h",49.6332429009431,12.4923087000495
"A6","undefined--vi-zus.2025-05-20_04-25-00-000.f.de0","49.63324290094308,12.492308700049518,49.62986671968,12.448142485428031","49.63324290094308,12.492308700049518","WARNING","A6 | Waidhaus-Autobahn - Pleystein"," Pilsen -> Nürnberg",10,"STATIONARY_TRAFFIC","16.600000381469727",2025-05-20,"Beginn: 20.05.25 um 04:25 Uhr  Zusammengesetzte Verkehrsinformation, seit 20.05.2025, 04:25 A6: Pilsen -> Nürnberg, zwischen 2.7 km hinter Waidhaus-Autobahn und 2.7 km vor AS Pleystein  Im Stillstand Reisezeitverlust: 10 Minuten Durchschnittsgeschwindigkeit: 16 km/h",49.6332429009431,12.4923087000495
"A7","undefined--vi-zus.2025-05-20_05-27-00-000.f.de0","47.5691654154121,10.659587980943792,47.57538933115995,10.661761037364318","47.5691654154121,10.659587980943792","WARNING","A7 | Grenztunnel Füssen - Reinertshofertunnel"," Füssen/Reutte -> Ulm",0,"SLOW_TRAFFIC","30.200000762939453",2025-05-20,"Beginn: 20.05.25 um 05:27 Uhr  Zusammengesetzte Verkehrsinformation, seit 20.05.2025, 05:27 A7: Füssen/Reutte -> Ulm, zwischen 1.1 km hinter Grenztunnel Füssen und 2.9 km vor Reinertshofertunnel  Langsamer Verkehr Reisezeitverlust: 0 Minuten Durchschnittsgeschwindigkeit: 30 km/h",47.5691654154121,10.6595879809438
"A7","undefined--vi-avl.2025-05-20_05-27-30-000.f_002.de0","47.56921826808985,10.659604173770441,47.56921826808985,10.659604173770441","47.56921826808985,10.659604173770441","WARNING","A7 | Füssen - Füssen"," Füssen/Reutte -> Ulm",NA,"SLOW_TRAFFIC","12",2025-05-20,"Beginn: 20.05.25 um 05:31 Uhr  Angespannte Verkehrslage, seit 20.05.2025, 05:31 A7: Füssen/Reutte -> Ulm, 0.5 km vor AS Füssen, aus Richtung Grenztunnel Füssen  Langsamer Verkehr Durchschnittsgeschwindigkeit: 12 km/h",47.5692182680898,10.6596041737704
"A7","undefined--vi-zus.2025-05-13_04-57-00-000.f_003.de0","47.595412441892016,10.656244234565428,47.62654678358412,10.642572056942274","47.595412441892016,10.656244234565428","WARNING","A7 | Füssen - Nesselwang"," Füssen/Reutte -> Ulm",NA,NA,NA,2025-05-13,"Beginn: 13.05.25 um 04:57 Uhr  Zusammengesetzte Verkehrsinformation, seit 13.05.2025, 04:57 A7: Füssen/Reutte -> Ulm, zwischen 2.5 km hinter AS Füssen und 9.1 km vor AS Nesselwang  A7 Füssen/Reutte Richtung Ulm zwischen Reinertshoftunnel und Nesselwang Verkehr wird über die Gegenfahrbahn geleitet, Baustelle, von 16.05.2025 05:00 Uhr bis 18.07.2025 15:00 Uhr",47.595412441892,10.6562442345654
"A7","undefined--vi-avl.2025-05-20_05-17-30-000.f_001.de0","47.62964937839484,10.600346426479463,47.62854032886443,10.586606678743902","47.62964937839484,10.600346426479463","WARNING","A7 | Reinertshofertunnel - Nesselwang"," Füssen/Reutte -> Ulm",0,"SLOW_TRAFFIC","65.5",2025-05-20,"Beginn: 20.05.25 um 05:17 Uhr  Angespannte Verkehrslage, seit 20.05.2025, 05:17 A7: Füssen/Reutte -> Ulm, zwischen 7.3 km hinter Reinertshofertunnel und 4.8 km vor AS Nesselwang  Langsamer Verkehr Reisezeitverlust: 0 Minuten Durchschnittsgeschwindigkeit: 65 km/h",47.6296493783948,10.6003464264795
"A7","undefined--vi-hind.2025-05-19_21-45-30-000.f_002.de0","50.197843941338284,9.939406677450647,50.29408126851662,9.850317296512928","50.197843941338284,9.939406677450647","WARNING","A7 | Elfershausen - Bad Brückenau/Wildflecken"," Würzburg -> Fulda",NA,NA,NA,2025-05-19,"Beginn: 19.05.25 um 21:45 Uhr  Hindernis, seit 19.05.2025, 21:45 A7: Würzburg -> Fulda, zwischen 5.4 km hinter Elfershausen und 0.2 km vor AS Bad Brückenau/Wildflecken",50.1978439413383,9.93940667745065
"A7","undefined--vi-hind.2025-05-19_22-10-00-000.f_001.de0","50.19526160094026,9.940670600000306,50.23946453480515,9.875660399375718","50.19526160094026,9.940670600000306","WARNING","A7 | Elfershausen - Veitsbrunn"," Würzburg -> Fulda",NA,NA,NA,2025-05-19,"Beginn: 19.05.25 um 22:10 Uhr  Hindernis, seit 19.05.2025, 22:10 A7: Würzburg -> Fulda, zwischen 5.1 km hinter Elfershausen und Veitsbrunn",50.1952616009403,9.94067060000031
"A7","undefined--vi-zus.2025-03-31_00-40-00-000.f_018.de0","53.579141433849884,9.913430072127355,53.55636870091902,9.897540700000414","53.579141433849884,9.913430072127355","WARNING","A7 | Hamburg-Volkspark - Elbtunnel (Nordportal)"," Flensburg -> Hamburg",NA,NA,NA,2025-03-31,"Beginn: 31.03.25 um 00:40 Uhr  Zusammengesetzte Verkehrsinformation, seit 31.03.2025, 00:40 A7: Flensburg -> Hamburg, zwischen 0.4 km hinter AS Hamburg-Volkspark und 0.9 km vor Elbtunnel (Nordportal)  A7 Flensburg Richtung Hamburg Ausfahrt Hamburg-Othmarschen Fahrbahnverengung, maximale Fahrbahnbreite von 4,50 m, Bauarbeiten, bis 29.09.2025",53.5791414338499,9.91343007212735
"A8","undefined--vi-zus.2025-05-20_05-26-30-000.f.de0","49.33795368216346,7.05779873790425,49.32810322495014,7.073310717650288","49.33795368216346,7.05779873790425","WARNING","A8 | Merchweiler - Friedrichsthal"," Saarlouis -> Neunkirchen",0,"SLOW_TRAFFIC","70.80000305175781",2025-05-20,"Beginn: 20.05.25 um 05:26 Uhr  Zusammengesetzte Verkehrsinformation, seit 20.05.2025, 05:26 A8: Saarlouis -> Neunkirchen, zwischen 0.6 km hinter AS Merchweiler und 1.0 km vor AD Friedrichsthal  Langsamer Verkehr Reisezeitverlust: 0 Minuten Durchschnittsgeschwindigkeit: 70 km/h",49.3379536821635,7.05779873790425
"A8","undefined--vi-zus.2025-03-26_17-59-56-000.f_013.de0","49.32575278791285,7.172731755291576,49.327350714671546,7.213275819282444","49.32575278791285,7.172731755291576","WARNING","A8 | Neunkirchen/Spiesen - Kohlhof"," Saarlouis -> Neunkirchen",NA,NA,NA,2025-03-26,"Beginn: 26.03.25 um 17:59 Uhr  Zusammengesetzte Verkehrsinformation, seit 26.03.2025, 17:59 A8: Saarlouis -> Neunkirchen, zwischen 1.5 km hinter AS Neunkirchen/Spiesen und 1.0 km vor Kohlhof  A8 Saarlouis - Neunkirchen zwischen Neunkirchen-Spiesen und Neunkirchen-Oberstadt in beiden Richtungen Bauarbeiten, bis voraussichtlich 01.06.2025",49.3257527879128,7.17273175529158
"A8","undefined--vi-zus.2025-05-14_09-26-56-000.f.de0","49.32628400979037,7.229641516813452,49.329166750017514,7.1882642393148934","49.32628400979037,7.229641516813452","WARNING","A8 | Neunkirchen-Wellesweiler - Neunkirchen/Spiesen"," Neunkirchen -> Saarlouis",NA,NA,NA,2025-05-14,"Beginn: 14.05.25 um 09:26 Uhr  Zusammengesetzte Verkehrsinformation, seit 14.05.2025, 09:26 A8: Neunkirchen -> Saarlouis, zwischen 0.4 km hinter AS Neunkirchen-Wellesweiler und 2.7 km vor AS Neunkirchen/Spiesen  A8 Saarlouis - Neunkirchen zwischen Neunkirchen-Spiesen und Neunkirchen-Oberstadt in beiden Richtungen Bauarbeiten, bis voraussichtlich 01.06.2025",49.3262840097904,7.22964151681345
"A8","undefined--vi-avl.2025-05-20_04-26-00-000.f_007.de0","47.85155279107322,11.863428262660232,47.829468565202525,11.889404183739215","47.85155279107322,11.863428262660232","WARNING","A8 | Seehamer See (Ost) - Irschenberg"," München -> Salzburg",1,"SLOW_TRAFFIC","70.69999694824219",2025-05-20,"Beginn: 20.05.25 um 04:26 Uhr  Angespannte Verkehrslage, seit 20.05.2025, 04:26 A8: München -> Salzburg, zwischen 0.6 km hinter Seehamer See (Ost) und 1.2 km vor AS Irschenberg  Langsamer Verkehr Reisezeitverlust: 1 Minuten Durchschnittsgeschwindigkeit: 70 km/h",47.8515527910732,11.8634282626602
"A9","undefined--vi-avl.2025-05-20_05-31-30-000.f_001.de0","50.00583894508499,11.610663570285924,50.016820734040735,11.604963239833687","50.00583894508499,11.610663570285924","WARNING","A9 | Bayreuth-Nord - Bayreuth/Kulmbach"," Nürnberg -> Halle/Leipzig",0,"SLOW_TRAFFIC","60",2025-05-20,"Beginn: 20.05.25 um 05:31 Uhr  Angespannte Verkehrslage, seit 20.05.2025, 05:31 A9: Nürnberg -> Halle/Leipzig, zwischen 5.2 km hinter AS Bayreuth-Nord und 0.9 km vor AD Bayreuth/Kulmbach  Langsamer Verkehr Reisezeitverlust: 0 Minuten Durchschnittsgeschwindigkeit: 60 km/h",50.005838945085,11.6106635702859
"A9","undefined--vi-hind.2025-05-20_05-20-30-000.f_001.de0","51.03745546082488,11.94064992102585,50.96954709777969,11.86151033521653","51.03745546082488,11.94064992102585","WARNING","A9 | Droyßig - Kuhberg"," Halle/Leipzig -> Nürnberg",NA,NA,NA,2025-05-20,"Beginn: 20.05.25 um 05:20 Uhr  Hindernis, seit 20.05.2025, 05:20 A9: Halle/Leipzig -> Nürnberg, zwischen 0.4 km hinter AS Droyßig und 0.8 km vor Kuhberg  Gefahr durch Gegenstände auf der Fahrbahn",51.0374554608249,11.9406499210258
"A9","undefined--vi-hind.2025-05-20_04-40-00-000.f_002.de0","51.40270400093421,12.183930000025287,51.42182551578314,12.194928135159659","51.40270400093421,12.183930000025287","WARNING","A9 | Großkugel - Schkeuditzer Kreuz"," Halle/Leipzig -> Berlin",NA,NA,NA,2025-05-20,"Beginn: 20.05.25 um 04:40 Uhr  Fahrzeug-Hindernis, seit 20.05.2025, 04:40 A9: Halle/Leipzig -> Berlin, zwischen 0.3 km hinter AS Großkugel und 0.7 km vor AK Schkeuditzer Kreuz Gefahr durch ein defektes Fahrzeug auf der Fahrbahn",51.4027040009342,12.1839300000253
"A9","undefined--vi-zus.2025-05-20_05-30-30-000.f.de0","52.27596641591559,12.911360094520834,52.270904800929685,12.909623200061853","52.27596641591559,12.911360094520834","WARNING","A9 | Potsdam - Beelitz-Heilstätten"," Berlin -> Halle/Leipzig",0,"SLOW_TRAFFIC","48.29999923706055",2025-05-20,"Beginn: 20.05.25 um 05:30 Uhr  Zusammengesetzte Verkehrsinformation, seit 20.05.2025, 05:30 A9: Berlin -> Halle/Leipzig, zwischen 1.6 km hinter AD Potsdam und 0.2 km vor AS Beelitz-Heilstätten  Langsamer Verkehr Reisezeitverlust: 0 Minuten Durchschnittsgeschwindigkeit: 48 km/h",52.2759664159156,12.9113600945208
"A10","undefined--vi-hind.2025-05-20_05-19-30-000.f_001.de0","52.700122289622534,13.270532755437412,52.70303440092757,13.210977300082781","52.700122289622534,13.270532755437412","WARNING","A10 | Birkenwerder - Kreuz Oranienburg"," Dreieck Barnim -> Dreieck Havelland",NA,NA,NA,2025-05-20,"Beginn: 20.05.25 um 05:19 Uhr  Hindernis, seit 20.05.2025, 05:19 A10: Dreieck Barnim -> Dreieck Havelland, zwischen 0.3 km hinter AS Birkenwerder und 1.1 km vor AD Kreuz Oranienburg  Gefahr durch Gegenstände auf der Fahrbahn",52.7001222896225,13.2705327554374
"A10","undefined--vi-hind.2025-05-20_05-05-30-000.f.de0","52.65928248983581,13.41132665619107,52.65928248983581,13.41132665619107","52.65928248983581,13.41132665619107","WARNING","A10 | Pankow - Mühlenbeck"," Dreieck Barnim -> Dreieck Havelland",NA,NA,NA,2025-05-20,"Beginn: 20.05.25 um 05:05 Uhr  Fahrzeug-Hindernis, seit 20.05.2025, 05:05 A10: Dreieck Barnim -> Dreieck Havelland, zwischen 2.1 km hinter AD Pankow und 3.5 km vor AS Mühlenbeck Gefahr durch ein defektes Fahrzeug auf der Fahrbahn",52.6592824898358,13.4113266561911
"A12","undefined--vi-avl.2025-05-20_04-11-30-000.f_004.de0","52.31555096194386,14.577355298076597,52.31465040151104,14.563713134786033","52.31555096194386,14.577355298076597","WARNING","A12 | Frankfurt(Oder) - Frankfurt(Oder)-Mitte"," Frankfurt(Oder) -> Berliner Ring",2,"SLOW_TRAFFIC","11.100000381469727",2025-05-20,"Beginn: 20.05.25 um 04:11 Uhr  Angespannte Verkehrslage, seit 20.05.2025, 04:11 A12: Frankfurt(Oder) -> Berliner Ring, zwischen Frankfurt(Oder) und 3.1 km vor AS Frankfurt(Oder)-Mitte  Langsamer Verkehr Reisezeitverlust: 2 Minuten Durchschnittsgeschwindigkeit: 11 km/h",52.3155509619439,14.5773552980766
"A12","WarnungA10Lkw3","47.61802931631098,12.202336027754352,47.61802931631098,12.202336027754352","47.61802931631098,12.202336027754352","WARNING","E45/E60 | LKW Blockabfertigung | A12-Inntal Autobahn","Richtung Italien",NA,NA,NA,2025-01-11,"Zeitraum: Beginn: 07.01.2025 Ende: 09.12.2025  Hinweis für LKW-Reisende nach Österreich: LKW-Blockabfertigungen an ausgewählten Tagen für Lkw am Grenzübergang Kufstein/Kiefersfelden. Maximaler Durchlass von 300 LKWs pro Stunde  Die genauen Ausführungszeiten und weitere Informationen auf tirol.gv.at/verkehr/verkehrs-und-seilbahnrecht/lkw-dosierung.",47.618029316311,12.2023360277544
"A12","WarnungA10Lkw2","47.6164490154047,12.202382557672273,47.6164490154047,12.202382557672273","47.6164490154047,12.202382557672273","WARNING","E43/E45/E60 | A13-Brenner Autobahn","Richtung Italien",NA,NA,NA,2025-01-11,"Zeitraum: Beginn: 11.01.2025 Ende: 27.09.2025  Hinweis für LKW-Reisende nach Österreich: LKW-Fahrverbot auf der A12-Inntal Autobahn, A13-Brenner Autobahn und A14-Rheintal/Walgau Autobahn, wenn das Ziel der Fahrt der Anschlussstelle Nößlach bis Anschlussstelle Brenner Nord der Richtungsfahrbahn Staatsgrenze der A 13 Brenner Autobahn erreicht werden soll. An ausgewählten Samstagen 7-15 Uhr sowie weiteren Tagen im Zeitraum 11.01. - 27.09.2025 Weitere Informationen auf http://asfinag.at/a13",47.6164490154047,12.2023825576723
"A14","undefined--vi-hind.2025-05-19_17-17-30-000.f_024.de0","53.15961128935529,11.72789029312949,53.223319900921695,11.615065400008177","53.15961128935529,11.72789029312949","WARNING","A14 | Karstädt - Meynbach"," Wittenberge -> Schwerin",NA,NA,NA,2025-05-19,"Beginn: 19.05.25 um 17:17 Uhr  Hindernis, seit 19.05.2025, 17:17 A14: Wittenberge -> Schwerin, zwischen 0.4 km hinter AS Karstädt und 1.8 km vor Meynbach  Gefahr durch Gegenstände auf der Fahrbahn",53.1596112893553,11.7278902931295
"A14","undefined--vi-hind.2025-05-19_17-22-02-000.f_025.de0","53.15945940092222,11.728050100009963,53.15945940092222,11.728050100009963","53.15945940092222,11.728050100009963","WARNING","A14 | Karstädt - Groß Warnow"," Wittenberge -> Schwerin",NA,NA,NA,2025-05-19,"Beginn: 19.05.25 um 17:22 Uhr  Hindernis, seit 19.05.2025, 17:22 A14: Wittenberge -> Schwerin, zwischen 0.4 km hinter AS Karstädt und 10.4 km vor AS Groß Warnow  Gefahr durch Gegenstände auf der Fahrbahn",53.1594594009222,11.72805010001
"A15","undefined--vi-avl.2025-05-20_04-56-00-000.f_001.de0","51.714294198032114,14.391885567782898,51.70779461894658,14.435246468267069","51.714294198032114,14.391885567782898","WARNING","A15 | Cottbus-Süd - Roggosen"," Cottbus -> Breslau",1,"SLOW_TRAFFIC","71.80000305175781",2025-05-20,"Beginn: 20.05.25 um 04:56 Uhr  Angespannte Verkehrslage, seit 20.05.2025, 04:56 A15: Cottbus -> Breslau, zwischen 2.9 km hinter AS Cottbus-Süd und 2.1 km vor AS Roggosen  Langsamer Verkehr Reisezeitverlust: 1 Minuten Durchschnittsgeschwindigkeit: 71 km/h",51.7142941980321,14.3918855677829
"A15","undefined--vi-avl.2025-05-20_05-01-00-000.f.de0","51.70852714554242,14.440649860744784,51.71296758989965,14.39540855796781","51.70852714554242,14.440649860744784","WARNING","A15 | Roggosen - Cottbus-Süd"," Breslau -> Cottbus",1,"SLOW_TRAFFIC","74.19999694824219",2025-05-20,"Beginn: 20.05.25 um 05:01 Uhr  Angespannte Verkehrslage, seit 20.05.2025, 05:01 A15: Breslau -> Cottbus, zwischen 1.8 km hinter AS Roggosen und 3.2 km vor AS Cottbus-Süd  Langsamer Verkehr Reisezeitverlust: 1 Minuten Durchschnittsgeschwindigkeit: 74 km/h",51.7085271455424,14.4406498607448
"A15","undefined--vi-avl.2025-05-20_05-31-00-000.f_001.de0","51.66642055227197,14.744244052195764,51.66638197792415,14.74088277037715","51.66642055227197,14.744244052195764","WARNING","A15 | Forst - Bademeusel"," Breslau -> Cottbus",0,"SLOW_TRAFFIC","10.800000190734863",2025-05-20,"Beginn: 20.05.25 um 05:31 Uhr  Angespannte Verkehrslage, seit 20.05.2025, 05:31 A15: Breslau -> Cottbus, zwischen 0.6 km hinter Forst und 0.3 km vor AS Bademeusel  Langsamer Verkehr Reisezeitverlust: 0 Minuten Durchschnittsgeschwindigkeit: 10 km/h",51.666420552272,14.7442440521958
"A23","undefined--vi-avl.2025-05-20_05-18-30-000.f_005.de0","53.7032370977472,9.773163693438136,53.7032370977472,9.773163693438136","53.7032370977472,9.773163693438136","WARNING","A23 | Forst Rantzau Süd - Forst Rantzau Süd"," Heide -> Hamburg",NA,"STATIONARY_TRAFFIC","21",2025-05-20,"Beginn: 20.05.25 um 05:31 Uhr  Angespannte Verkehrslage, seit 20.05.2025, 05:31 A23: Heide -> Hamburg, in Höhe Forst Rantzau Süd, aus Richtung Forst Rantzau Nord  Im Stillstand Durchschnittsgeschwindigkeit: 21 km/h",53.7032370977472,9.77316369343814
"A23","undefined--vi-avl.2025-05-20_05-10-30-000.f_001.de0","53.70334192274192,9.773076700512519,53.66328391927647,9.816929274149718","53.70334192274192,9.773076700512519","WARNING","A23 | Forst Rantzau Nord - Pinneberg-Mitte"," Heide -> Hamburg",12,"STATIONARY_TRAFFIC","20.899999618530273",2025-05-20,"Beginn: 20.05.25 um 05:10 Uhr  Angespannte Verkehrslage, seit 20.05.2025, 05:10 A23: Heide -> Hamburg, zwischen 0.4 km hinter Forst Rantzau Nord und 1.0 km vor AS Pinneberg-Mitte  Im Stillstand Reisezeitverlust: 12 Minuten Durchschnittsgeschwindigkeit: 20 km/h",53.7033419227419,9.77307670051252
"A43","undefined--vi-avl.2025-05-20_04-35-30-000.f.de0","51.88971624739755,7.3693966518897795,51.902360769330265,7.389025264915474","51.88971624739755,7.3693966518897795","WARNING","A43 | Karthaus - Nottuln"," Recklinghausen -> Münster",0,"SLOW_TRAFFIC","64.80000305175781",2025-05-20,"Beginn: 20.05.25 um 04:35 Uhr  Angespannte Verkehrslage, seit 20.05.2025, 04:35 A43: Recklinghausen -> Münster, zwischen 1.8 km hinter Karthaus und 1.3 km vor AS Nottuln  Langsamer Verkehr Reisezeitverlust: 0 Minuten Durchschnittsgeschwindigkeit: 64 km/h",51.8897162473976,7.36939665188978
"A44","undefined--vi-avl.2025-05-20_05-25-00-000.f_001.de0","51.52657057772472,8.90944389715171,51.53229549191092,8.898185444458301","51.52657057772472,8.90944389715171","WARNING","A44 | Marsberg - Blankenrode"," Kassel -> Dortmund",0,"SLOW_TRAFFIC","63.20000076293945",2025-05-20,"Beginn: 20.05.25 um 05:25 Uhr  Angespannte Verkehrslage, seit 20.05.2025, 05:25 A44: Kassel -> Dortmund, zwischen 3.8 km hinter AS Marsberg und 2.0 km vor Blankenrode  Langsamer Verkehr Reisezeitverlust: 0 Minuten Durchschnittsgeschwindigkeit: 63 km/h",51.5265705777247,8.90944389715171
"A60","undefined--vi-zus.2025-04-08_08-51-21-000.f_013.de0","49.98125533976677,8.345695317688524,49.97565770865279,8.441396718063045","49.98125533976677,8.345695317688524","WARNING","A60 | Mainspitz-Dreieck - Rüsselsheimer Dreieck"," Mainz -> Rüsselsheim",NA,NA,NA,2025-04-08,"Beginn: 08.04.25 um 08:51 Uhr  Zusammengesetzte Verkehrsinformation, seit 08.04.2025, 08:51 A60: Mainz -> Rüsselsheim, zwischen 0.5 km hinter AD Mainspitz-Dreieck und 2.2 km vor AD Rüsselsheimer Dreieck  Sperrung der A60 bei Königstädten – Grundhafte Fahrbahnerneuerung zwischen dem Rüsselsheimer Dreieck und dem Mainspitz Dreieck. Die Niederlassung West der Autobahn GmbH erneuert zwischen dem Rüsselsheimer Dreieck (30) und dem Mainspitz Dreieck (26) die Fahrbahn. Von Donnerstagmorgen (24. April) bis Mitte Juli wird die Anschlussstelle (AS) Königstädten (29) in Fahrtrichtung (FR) Mainz sowie in FR Rüsselsheimer Dreieck gesperrt. Umleitungsmöglichkeiten sind ausgeschildert: • Ausfahrt FR Mainz: Umleitung via AS Rüsselsheim-Mitte • Einfahrt FR Mainz: innerstädtische Umleitung zur AS Rüsselsheim-Mitte (Adam-Opel-Straße / Kurt-Schumacher-Ring), von Nauheim kommend via L3482 zur AS Bischofsheim • Einfahrt FR Darmstadt: innerstädtische Umleitung zur AS Rüsselsheim-Mitte (Adam-Opel-Straße / Kurt-Schumacher-Ring) Die Autobahn GmbH bittet alle Verkehrsteilnehmer um Verständnis für die unvermeidlichen Verkehrsbehinderungen, die durch die Arbeiten entstehen.",49.9812553397668,8.34569531768852
"A60","undefined--vi-zus.2025-05-03_10-55-00-000.f_003.de0","49.977457399447445,8.454646346787307,49.981587265039146,8.34517285786785","49.977457399447445,8.454646346787307","WARNING","A60 | Rüsselsheimer Dreieck - Mainspitz-Dreieck"," Rüsselsheim -> Mainz",NA,NA,NA,2025-05-03,"Beginn: 03.05.25 um 10:55 Uhr  Zusammengesetzte Verkehrsinformation, seit 03.05.2025, 10:55 A60: Rüsselsheim -> Mainz, zwischen 0.6 km hinter AD Rüsselsheimer Dreieck und 0.5 km vor AD Mainspitz-Dreieck  Sperrung der A60 bei Königstädten – Grundhafte Fahrbahnerneuerung zwischen dem Rüsselsheimer Dreieck und dem Mainspitz Dreieck. Die Niederlassung West der Autobahn GmbH erneuert zwischen dem Rüsselsheimer Dreieck (30) und dem Mainspitz Dreieck (26) die Fahrbahn. Von Donnerstagmorgen (24. April) bis Mitte Juli wird die Anschlussstelle (AS) Königstädten (29) in Fahrtrichtung (FR) Mainz sowie in FR Rüsselsheimer Dreieck gesperrt. Umleitungsmöglichkeiten sind ausgeschildert: • Ausfahrt FR Mainz: Umleitung via AS Rüsselsheim-Mitte • Einfahrt FR Mainz: innerstädtische Umleitung zur AS Rüsselsheim-Mitte (Adam-Opel-Straße / Kurt-Schumacher-Ring), von Nauheim kommend via L3482 zur AS Bischofsheim • Einfahrt FR Darmstadt: innerstädtische Umleitung zur AS Rüsselsheim-Mitte (Adam-Opel-Straße / Kurt-Schumacher-Ring) Die Autobahn GmbH bittet alle Verkehrsteilnehmer um Verständnis für die unvermeidlichen Verkehrsbehinderungen, die durch die Arbeiten entstehen.",49.9774573994474,8.45464634678731
"A64","undefined--vi-avl.2025-05-20_05-21-00-000.f_001.de0","49.735830397533654,6.529633378964453,49.748620349376736,6.562466225007674","49.735830397533654,6.529633378964453","WARNING","A64 | Sauertalbrücke - Markusberg"," Luxemburg -> Trier",0,"SLOW_TRAFFIC","71.4000015258789",2025-05-20,"Beginn: 20.05.25 um 05:21 Uhr  Angespannte Verkehrslage, seit 20.05.2025, 05:21 A64: Luxemburg -> Trier, zwischen 2.0 km hinter Sauertalbrücke und 1.4 km vor Markusberg  Langsamer Verkehr Reisezeitverlust: 0 Minuten Durchschnittsgeschwindigkeit: 71 km/h",49.7358303975337,6.52963337896445
"A73","undefined--vi-avl.2025-05-20_05-30-30-000.f.de0","50.31050331753215,10.962489093667534,50.32461345336873,10.944940326944316","50.31050331753215,10.962489093667534","WARNING","A73 | Coburg - Eisfeld-Süd"," Bamberg -> Suhl",0,"SLOW_TRAFFIC","66.30000305175781",2025-05-20,"Beginn: 20.05.25 um 05:30 Uhr  Angespannte Verkehrslage, seit 20.05.2025, 05:30 A73: Bamberg -> Suhl, zwischen 3.0 km hinter AS Coburg und 7.9 km vor AS Eisfeld-Süd  Langsamer Verkehr Reisezeitverlust: 0 Minuten Durchschnittsgeschwindigkeit: 66 km/h",50.3105033175322,10.9624890936675
"A94","undefined--vi-avl.2025-05-20_05-31-00-000.f.de0","48.25968697639659,12.164889004790416,48.256946656681784,12.15633414932574","48.25968697639659,12.164889004790416","WARNING","A94 | Fürthholz - Lengdorf"," Passau -> München",0,"SLOW_TRAFFIC","51.900001525878906",2025-05-20,"Beginn: 20.05.25 um 05:31 Uhr  Angespannte Verkehrslage, seit 20.05.2025, 05:31 A94: Passau -> München, zwischen 1.8 km hinter Fürthholz und 8.8 km vor AS Lengdorf  Langsamer Verkehr Reisezeitverlust: 0 Minuten Durchschnittsgeschwindigkeit: 51 km/h",48.2596869763966,12.1648890047904
"A99","undefined--vi-hind.2025-05-19_21-00-00-000.f.de0","48.22568428554725,11.53753571910202,48.22822000094727,11.582903800012192","48.22568428554725,11.53753571910202","WARNING","A99 | München-Ludwigsfeld - München-Neuherberg"," München-Süd-West -> München-Nord",NA,NA,NA,2025-05-19,"Beginn: 19.05.25 um 21:00 Uhr  Fahrzeug-Hindernis, seit 19.05.2025, 21:00 A99: München-Süd-West -> München-Nord, zwischen 4.4 km hinter AS München-Ludwigsfeld und 0.3 km vor AS München-Neuherberg",48.2256842855473,11.537535719102
"A113","undefined--vi-zus.2025-05-06_00-21-00-000.f_003.de0","52.43025717661688,13.505075428607936,52.42875800093087,13.509218300121121","52.43025717661688,13.505075428607936","WARNING","A113 | Stubenrauchstraße - Adlershof"," Neukölln -> Schönefeld",NA,NA,NA,2025-05-06,"Beginn: 06.05.25 um 00:21 Uhr  Zusammengesetzte Verkehrsinformation, seit 06.05.2025, 00:21 A113: Neukölln -> Schönefeld, zwischen 0.6 km hinter AS Stubenrauchstraße und 0.3 km vor AS Adlershof  A113 Autobahnzubringer Dresden, Neukölln Richtung Schönefeld
zwischen Stubenrauchstraße und Tunnel Rudower Höhe
linker Fahrstreifen gesperrt, Bauarbeiten, bis voraussichtlich 20.06.2025",52.4302571766169,13.5050754286079
"A115","undefined--vi-zus.2024-10-09_07-09-40-000.f_531.de0","52.40027056808641,13.185163736426698,52.44227384698058,13.202709435405149","52.40027056808641,13.185163736426698","WARNING","A115 | Am Stern - Hüttenweg"," Dreieck Nuthetal -> Dreieck Funkturm",NA,NA,NA,2024-10-09,"Beginn: 09.10.24 um 07:09 Uhr  Zusammengesetzte Verkehrsinformation, seit 09.10.2024, 07:09 A115: Dreieck Nuthetal -> Dreieck Funkturm, zwischen 2.9 km hinter Am Stern und 3.8 km vor AS Hüttenweg  A115 Autobahnzubringer Magdeburg, Dreieck Nuthetal Richtung Dreieck Funkturm, zwischen Anschlussstelle Kleinmachnow und Anschlussstelle Spanische Allee, Baustelle, bis 31.10.2026 17:00 Uhr",52.4002705680864,13.1851637364267
"A391","undefined--vi-hind.2025-05-20_03-36-30-000.f_004.de0","52.27911864544913,10.491453847675304,52.27489794016378,10.492353265517814","52.27911864544913,10.491453847675304","WARNING","A391 | Ölper - Braunschweig-Lehndorf"," Braunschweig-Nord -> Braunschweig-Südwest",NA,NA,NA,2025-05-20,"Beginn: 20.05.25 um 03:36 Uhr  Fahrzeug-Hindernis, seit 20.05.2025, 03:36 A391: Braunschweig-Nord -> Braunschweig-Südwest, zwischen 0.5 km hinter AK Ölper und 0.3 km vor AS Braunschweig-Lehndorf Gefahr durch ein defektes Fahrzeug auf der Fahrbahn",52.2791186454491,10.4914538476753
"A620","undefined--vi-avl.2025-05-20_05-31-30-000.f_002.de0","49.29938111177104,6.749705131835134,49.29938111177104,6.749705131835134","49.29938111177104,6.749705131835134","WARNING","A620 | Saarlouis - Saarlouis"," Saarbrücken -> Saarlouis",NA,"STATIONARY_TRAFFIC","15",2025-05-20,"Beginn: 20.05.25 um 05:31 Uhr  Angespannte Verkehrslage, seit 20.05.2025, 05:31 A620: Saarbrücken -> Saarlouis, 0.1 km vor Saarlouis, aus Richtung Saarlouis-Lisdorf  Im Stillstand Durchschnittsgeschwindigkeit: 15 km/h",49.299381111771,6.74970513183513
"A620","undefined--vi-avl.2025-05-20_05-31-30-000.f_003.de0","49.29938111177104,6.749705131835134,49.30066743407955,6.747815214859498","49.29938111177104,6.749705131835134","WARNING","A620 | Saarlouis-Lisdorf - Saarlouis-Mitte"," Saarbrücken -> Saarlouis",0,"STATIONARY_TRAFFIC","14.699999809265137",2025-05-20,"Beginn: 20.05.25 um 05:31 Uhr  Angespannte Verkehrslage, seit 20.05.2025, 05:31 A620: Saarbrücken -> Saarlouis, zwischen 1.4 km hinter AS Saarlouis-Lisdorf und 0.8 km vor AS Saarlouis-Mitte  Im Stillstand Reisezeitverlust: 0 Minuten Durchschnittsgeschwindigkeit: 14 km/h",49.299381111771,6.74970513183513
