"road","identifier","extent","point","display_type","title","subtitle","delay_minutes","abnormalTrafficType","averageSpeed","startTimestamp","description","latitude","longitude"
"A1","undefined--vi-hind.2025-05-23_19-26-20-000.f_006.de0","49.90412509130561,6.853460202887012,49.90245530394217,6.853206335554334","49.90412509130561,6.853460202887012","WARNING","A1 | Pohlbach - Salmtal"," Köln/Koblenz -> Trier",NA,NA,NA,2025-05-23,"Beginn: 23.05.25 um 19:26 Uhr  Fahrzeug-Hindernis, seit 23.05.2025, 19:26 A1: Köln/Koblenz -> Trier, zwischen 1.8 km hinter Pohlbach und 0.2 km vor AS Salmtal Gefahr durch ein defektes Fahrzeug auf der Fahrbahn",49.9041250913056,6.85346020288701
"A1","undefined--vi-avl.2025-05-23_19-51-35-000.f_001.de0","51.51171790093334,7.653314299999252,51.534640799390175,7.661037649133176","51.51171790093334,7.653314299999252","WARNING","A1 | Lichtendorf - Kamen-Zentrum"," Köln -> Münster",10,"STATIONARY_TRAFFIC","13.100000381469727",2025-05-23,"Beginn: 23.05.25 um 19:51 Uhr  Angespannte Verkehrslage, seit 23.05.2025, 19:51 A1: Köln -> Münster, zwischen 6.3 km hinter Lichtendorf und 4.6 km vor AS Kamen-Zentrum  Im Stillstand Reisezeitverlust: 10 Minuten Durchschnittsgeschwindigkeit: 13 km/h",51.5117179009333,7.65331429999925
"A1","undefined--vi-avl.2025-05-23_19-57-30-000.f_001.de0","51.51171790093334,7.653314299999252,51.51171790093334,7.653314299999252","51.51171790093334,7.653314299999252","WARNING","A1 | Dortmund/Unna - Dortmund/Unna"," Dortmund -> Münster",NA,"STATIONARY_TRAFFIC","13",2025-05-23,"Beginn: 23.05.25 um 20:52 Uhr  Angespannte Verkehrslage, seit 23.05.2025, 20:52 A1: Dortmund -> Münster, 1.2 km vor AK Dortmund/Unna, aus Richtung Lichtendorf  Im Stillstand Durchschnittsgeschwindigkeit: 13 km/h",51.5117179009333,7.65331429999925
"A2","undefined--vi-avl.2025-05-23_19-01-25-000.f.de0","51.5386298801034,6.843310174342619,51.5389614603893,6.871131056553312","51.5386298801034,6.843310174342619","WARNING","A2 | Oberhausen - Schwarze Heide"," Oberhausen -> Dortmund",11,"STATIONARY_TRAFFIC","9.300000190734863",2025-05-23,"Beginn: 23.05.25 um 19:01 Uhr  Angespannte Verkehrslage, seit 23.05.2025, 19:01 A2: Oberhausen -> Dortmund, zwischen 0.6 km hinter AK Oberhausen und 1.0 km vor Schwarze Heide  Im Stillstand Reisezeitverlust: 11 Minuten Durchschnittsgeschwindigkeit: 9 km/h",51.5386298801034,6.84331017434262
"A2","undefined--vi-avl.2025-05-23_19-02-22-000.f_004.de0","51.5386298801034,6.843310174342619,51.5386298801034,6.843310174342619","51.5386298801034,6.843310174342619","WARNING","A2 | Oberhausen-Königshardt - Oberhausen-Königshardt"," Oberhausen -> Dortmund",NA,"STATIONARY_TRAFFIC","5",2025-05-23,"Beginn: 23.05.25 um 20:51 Uhr  Angespannte Verkehrslage, seit 23.05.2025, 20:51 A2: Oberhausen -> Dortmund, 1.8 km vor AS Oberhausen-Königshardt, aus Richtung Oberhausen  Im Stillstand Durchschnittsgeschwindigkeit: 5 km/h",51.5386298801034,6.84331017434262
"A2","undefined--vi-avl.2025-05-23_20-09-30-000.f.de0","52.23424236873912,11.023262736631954,52.23424236873912,11.023262736631954","52.23424236873912,11.023262736631954","WARNING","A2 | Helmstedt-Zentrum - Helmstedt-Zentrum"," Magdeburg -> Braunschweig",NA,"STATIONARY_TRAFFIC","11",2025-05-23,"Beginn: 23.05.25 um 20:52 Uhr  Angespannte Verkehrslage, seit 23.05.2025, 20:52 A2: Magdeburg -> Braunschweig, 1.2 km vor AS Helmstedt-Zentrum, aus Richtung Helmstedt Süd  Im Stillstand Durchschnittsgeschwindigkeit: 11 km/h",52.2342423687391,11.023262736632
"A2","undefined--vi-avl.2025-05-23_19-16-08-000.f.de0","52.233804417841036,11.023957155552354,52.2437263987944,11.008354834388639","52.233804417841036,11.023957155552354","WARNING","A2 | Helmstedt Süd - Helmstedt-West"," Magdeburg -> Braunschweig",3,"STATIONARY_TRAFFIC","24.700000762939453",2025-05-23,"Beginn: 23.05.25 um 19:16 Uhr  Angespannte Verkehrslage, seit 23.05.2025, 19:16 A2: Magdeburg -> Braunschweig, zwischen Helmstedt Süd und 2.6 km vor AS Helmstedt-West  Im Stillstand Reisezeitverlust: 3 Minuten Durchschnittsgeschwindigkeit: 24 km/h",52.233804417841,11.0239571555524
"A2","undefined--vi-zus.2025-05-23_18-52-34-000.f_004.de0","52.33856234405578,12.698662064256032,52.34080110092891,12.753443400050127","52.33856234405578,12.698662064256032","WARNING","A2 | Netzen - Lehnin"," Magdeburg -> Berliner Ring",NA,NA,NA,2025-05-23,"Beginn: 23.05.25 um 18:52 Uhr  Zusammengesetzte Verkehrsinformation, seit 23.05.2025, 18:52 A2: Magdeburg -> Berliner Ring, zwischen AS Netzen und 0.3 km vor AS Lehnin  A2 Magdeburg Richtung Berliner Ring zwischen Netzen und Lehnin 1 Unfall auf dem Standstreifen, fahren Sie bitte besonders vorsichtig, Polizei ist benachrichtigt",52.3385623440558,12.698662064256
"A2","undefined--vi-avl.2025-05-23_19-10-33-000.f.de0","51.534522200933196,6.827170999995847,51.5386298801034,6.843310174342619","51.534522200933196,6.827170999995847","WARNING","Baustelle"," km 473.65 --> km 472.42",13,"STATIONARY_TRAFFIC","5.099999904632568",2025-05-23,"Beginn: 23.05.25 um 19:10 Uhr  Angespannte Verkehrslage, seit 23.05.2025, 19:10 A2: km 473.65 --> km 472.42  Im Stillstand Reisezeitverlust: 13 Minuten Durchschnittsgeschwindigkeit: 5 km/h",51.5345222009332,6.82717099999585
"A2","undefined--vi-avl.2025-05-23_19-11-30-000.f_002.de0","51.534522200933196,6.827170999995847,51.534522200933196,6.827170999995847","51.534522200933196,6.827170999995847","WARNING","Baustelle","",NA,"STATIONARY_TRAFFIC","4",2025-05-23,"Beginn: 23.05.25 um 20:51 Uhr  Angespannte Verkehrslage, seit 23.05.2025, 20:51 A2 O  Im Stillstand Durchschnittsgeschwindigkeit: 4 km/h",51.5345222009332,6.82717099999585
"A3","undefined--vi-avl.2025-05-23_20-42-30-000.f_003.de0","49.383562991643934,11.330525554312551,49.383562991643934,11.330525554312551","49.383562991643934,11.330525554312551","WARNING","A3 | Altdorf/Burgthann - Altdorf/Burgthann"," Nürnberg -> Passau",NA,"STATIONARY_TRAFFIC","13",2025-05-23,"Beginn: 23.05.25 um 20:51 Uhr  Angespannte Verkehrslage, seit 23.05.2025, 20:51 A3: Nürnberg -> Passau, 0.7 km vor AS Altdorf/Burgthann, aus Richtung Vogelherd  Im Stillstand Durchschnittsgeschwindigkeit: 13 km/h",49.3835629916439,11.3305255543126
"A3","undefined--vi-avl.2025-05-23_20-01-00-000.f_002.de0","49.383529288263034,11.330711339864779,49.37955617870203,11.34684389274377","49.383529288263034,11.330711339864779","WARNING","A3 | Vogelherd - Klosterblick"," Nürnberg -> Passau",2,"STATIONARY_TRAFFIC","24.700000762939453",2025-05-23,"Beginn: 23.05.25 um 20:01 Uhr  Angespannte Verkehrslage, seit 23.05.2025, 20:01 A3: Nürnberg -> Passau, zwischen 0.2 km hinter Vogelherd und 5.0 km vor Klosterblick  Im Stillstand Reisezeitverlust: 2 Minuten Durchschnittsgeschwindigkeit: 24 km/h",49.383529288263,11.3307113398648
"A3","undefined--vi-hind.2025-05-23_20-35-30-000.f_005.de0","49.74379072228877,10.63303967588854,49.73809551257333,10.790362333477756","49.74379072228877,10.63303967588854","WARNING","A3 | Schlüsselfeld - Limbacher Leiten"," Würzburg -> Nürnberg",NA,NA,NA,2025-05-23,"Beginn: 23.05.25 um 20:35 Uhr  Hindernis, seit 23.05.2025, 20:35 A3: Würzburg -> Nürnberg, zwischen AS Schlüsselfeld und 1.1 km vor Limbacher Leiten  Gefahr durch Gegenstände auf der Fahrbahn",49.7437907222888,10.6330396758885
"A3","undefined--vi-hind.2025-05-23_20-39-00-000.f_003.de0","49.99131591387847,9.069614308582887,49.989442843583554,9.05615297536224","49.99131591387847,9.069614308582887","WARNING","A3 | Aschaffenburg - Stockstadt"," Würzburg -> Frankfurt",NA,NA,NA,2025-05-23,"Beginn: 23.05.25 um 20:39 Uhr  Hindernis, seit 23.05.2025, 20:39 A3: Würzburg -> Frankfurt, zwischen 0.3 km hinter AS Aschaffenburg und 0.3 km vor AS Stockstadt  Gefahr durch Personen auf der Fahrbahn",49.9913159138785,9.06961430858289
"A3","undefined--vi-hind.2025-05-23_18-53-36-000.f_004.de0","50.89966140093679,7.148740499997809,50.91478270093672,7.106079899997601","50.89966140093679,7.148740499997809","WARNING","A3 | Königsforst - Köln-Heumar"," Frankfurt -> Köln",NA,NA,NA,2025-05-23,"Beginn: 23.05.25 um 18:53 Uhr  Fahrzeug-Hindernis, seit 23.05.2025, 18:53 A3: Frankfurt -> Köln, zwischen 0.4 km hinter Königsforst und 3.4 km vor AD Köln-Heumar Gefahr durch ein defektes Fahrzeug auf der Fahrbahn",50.8996614009368,7.14874049999781
"A3","undefined--vi-zus.2025-05-23_20-47-30-000.f.de0","50.91260579184378,7.109371710185996,50.82518630093718,7.203434199998047","50.91260579184378,7.109371710185996","WARNING","A3 | Königsforst - Lohmar"," Köln -> Frankfurt",NA,NA,NA,2025-05-23,"Beginn: 23.05.25 um 20:47 Uhr  Zusammengesetzte Verkehrsinformation, seit 23.05.2025, 20:47 A3: Köln -> Frankfurt, zwischen 0.3 km hinter AS Königsforst und 0.3 km vor AS Lohmar  Gefahr durch Gegenstände auf der Fahrbahn  A3 Köln Richtung Frankfurt
zwischen Königsforst und Lohmar
Gefahr durch Reifenteile auf der Fahrbahn, Gefahr durch liegengebliebenes Fahrzeug auf dem rechten Fahrstreifen
Lkw",50.9126057918438,7.109371710186
"A3","undefined--vi-avl.2025-05-23_20-00-00-000.f.de0","51.16392660940178,6.958319566969433,51.200334484181845,6.936316125381191","51.16392660940178,6.958319566969433","WARNING","A3 | Ohligser Heide - Stindertal / Stinderhof"," Köln -> Oberhausen",18,"STATIONARY_TRAFFIC","12.699999809265137",2025-05-23,"Beginn: 23.05.25 um 20:00 Uhr  Angespannte Verkehrslage, seit 23.05.2025, 20:00 A3: Köln -> Oberhausen, zwischen 0.7 km hinter Ohligser Heide und 4.5 km vor Stindertal / Stinderhof  Im Stillstand Reisezeitverlust: 18 Minuten Durchschnittsgeschwindigkeit: 12 km/h",51.1639266094018,6.95831956696943
"A3","undefined--vi-avl.2025-05-23_20-14-30-000.f_002.de0","51.16681794063092,6.956128331862841,51.16681794063092,6.956128331862841","51.16681794063092,6.956128331862841","WARNING","A3 | Hilden - Hilden"," Köln -> Oberhausen",NA,"STATIONARY_TRAFFIC","7",2025-05-23,"Beginn: 23.05.25 um 20:52 Uhr  Angespannte Verkehrslage, seit 23.05.2025, 20:52 A3: Köln -> Oberhausen, 3.3 km vor AK Hilden, aus Richtung Ohligser Heide  Im Stillstand Durchschnittsgeschwindigkeit: 7 km/h",51.1668179406309,6.95612833186284
"A3","undefined--vi-hind.2025-05-23_20-28-30-000.f.de0","51.366072296782356,6.827786416082073,51.36730454598012,6.826969190881509","51.366072296782356,6.827786416082073","WARNING","A3 | Breitscheid - Duisburg-Wedau"," Köln -> Oberhausen",NA,NA,NA,2025-05-23,"Beginn: 23.05.25 um 20:28 Uhr  Fahrzeug-Hindernis, seit 23.05.2025, 20:28 A3: Köln -> Oberhausen, zwischen 2.8 km hinter AK Breitscheid und 5.1 km vor AS Duisburg-Wedau Gefahr durch ein defektes Fahrzeug auf der Fahrbahn",51.3660722967824,6.82778641608207
"A4","undefined--vi-zus.2025-05-23_20-52-00-000.f.de0","50.88828072972216,6.932411857352662,50.8944794610657,6.918420191363288","50.88828072972216,6.932411857352662","WARNING","A4 | Köln-Süd - Köln-Klettenberg"," Köln -> Heerlen/Aachen",0,"SLOW_TRAFFIC","58.099998474121094",2025-05-23,"Beginn: 23.05.25 um 20:52 Uhr  Zusammengesetzte Verkehrsinformation, seit 23.05.2025, 20:52 A4: Köln -> Heerlen/Aachen, zwischen 2.6 km hinter AK Köln-Süd und 0.8 km vor AS Köln-Klettenberg  Langsamer Verkehr Reisezeitverlust: 0 Minuten Durchschnittsgeschwindigkeit: 58 km/h",50.8882807297222,6.93241185735266
"A4","undefined--vi-zus.2025-05-23_20-47-00-000.f.de0","50.94972053752641,11.239422775993347,50.947923534753954,11.265556452853692","50.94972053752641,11.239422775993347","WARNING","A4 | Eichelborn - Weimar"," Erfurt -> Chemnitz",7,"STATIONARY_TRAFFIC","13.300000190734863",2025-05-23,"Beginn: 23.05.25 um 20:47 Uhr  Zusammengesetzte Verkehrsinformation, seit 23.05.2025, 20:47 A4: Erfurt -> Chemnitz, zwischen 3.2 km hinter Eichelborn und 2.3 km vor AS Weimar  Im Stillstand Reisezeitverlust: 7 Minuten Durchschnittsgeschwindigkeit: 13 km/h",50.9497205375264,11.2394227759933
"A4","undefined--vi-avl.2025-05-23_20-47-30-000.f_003.de0","50.94971245796412,11.239521571835466,50.94971245796412,11.239521571835466","50.94971245796412,11.239521571835466","WARNING","A4 | Nohra - Nohra"," Erfurt -> Chemnitz",NA,"STATIONARY_TRAFFIC","10",2025-05-23,"Beginn: 23.05.25 um 20:51 Uhr  Angespannte Verkehrslage, seit 23.05.2025, 20:51 A4: Erfurt -> Chemnitz, 0.2 km vor AS Nohra, aus Richtung Eichelborn  Im Stillstand Durchschnittsgeschwindigkeit: 10 km/h",50.9497124579641,11.2395215718355
"A4","undefined--vi-hind.2025-05-23_20-16-00-000.f_001.de0","50.948657418061124,11.251939826172931,50.94777211913712,11.269652161306311","50.948657418061124,11.251939826172931","WARNING","A4 | Nohra - Weimar"," Erfurt -> Chemnitz",NA,NA,NA,2025-05-23,"Beginn: 23.05.25 um 20:16 Uhr  Fahrzeug-Hindernis, seit 23.05.2025, 20:16 A4: Erfurt -> Chemnitz, zwischen 0.7 km hinter AS Nohra und 2.0 km vor AS Weimar",50.9486574180611,11.2519398261729
"A4","undefined--vi-zus.2025-05-23_17-49-07-000.f_003.de0","51.12098672500541,13.746482894133308,51.129672984614984,13.749132326880275","51.12098672500541,13.746482894133308","WARNING","A4 | Dresden-Hellerau - Dresden-Nord"," Chemnitz -> Dresden",2,"STATIONARY_TRAFFIC","21.399999618530273",2025-05-23,"Beginn: 23.05.25 um 17:49 Uhr  Zusammengesetzte Verkehrsinformation, seit 23.05.2025, 17:49 A4: Chemnitz -> Dresden, zwischen 1.8 km hinter AS Dresden-Hellerau und 0.7 km vor AD Dresden-Nord  Im Stillstand Reisezeitverlust: 2 Minuten Durchschnittsgeschwindigkeit: 21 km/h",51.1209867250054,13.7464828941333
"A4","undefined--vi-hind.2025-05-23_20-44-30-000.f.de0","51.129672984614984,13.749132326880275,51.131287560348206,13.749618987026023","51.129672984614984,13.749132326880275","WARNING","A4 | Dresden-Flughafen - Dresden-Nord"," Chemnitz -> Dresden",NA,NA,NA,2025-05-23,"Beginn: 23.05.25 um 20:44 Uhr  Fahrzeug-Hindernis, seit 23.05.2025, 20:44 A4: Chemnitz -> Dresden, zwischen 0.7 km hinter AS Dresden-Flughafen und 0.6 km vor AD Dresden-Nord Gefahr durch ein defektes Fahrzeug auf der Fahrbahn",51.129672984615,13.7491323268803
"A4","undefined--vi-avl.2025-05-23_19-40-30-000.f_005.de0","51.12098672500541,13.746482894133308,51.12098672500541,13.746482894133308","51.12098672500541,13.746482894133308","WARNING","A4 | Dresden-Flughafen - Dresden-Flughafen"," Chemnitz -> Dresden",NA,"STATIONARY_TRAFFIC","12",2025-05-23,"Beginn: 23.05.25 um 20:51 Uhr  Angespannte Verkehrslage, seit 23.05.2025, 20:51 A4: Chemnitz -> Dresden, 0.3 km vor AS Dresden-Flughafen, aus Richtung Dresden-Hellerau  Im Stillstand Durchschnittsgeschwindigkeit: 12 km/h",51.1209867250054,13.7464828941333
"A4","undefined--vi-unf.2025-05-23_18-04-15-000.f_006.de0","51.13761059999151,13.754021085470786,51.17184700094091,13.823013200211461","51.13761059999151,13.754021085470786","WARNING","A4 | Dresden-Nord - Am Eichelberg"," Chemnitz -> Görlitz",NA,NA,NA,2025-05-23,"Beginn: 23.05.25 um 18:04 Uhr  Unfall, seit 23.05.2025, 18:04 A4: Chemnitz -> Görlitz, zwischen 0.2 km hinter AD Dresden-Nord und 1.2 km vor Am Eichelberg",51.1376105999915,13.7540210854708
"A5","undefined--vi-hind.2025-05-23_20-49-00-000.f.de0","49.666161497530794,8.603317059070859,49.66783390094251,8.6023252999999","49.666161497530794,8.603317059070859","WARNING","A5 | Kälberpfad - Bensheim"," Heidelberg -> Darmstadt",NA,NA,NA,2025-05-23,"Beginn: 23.05.25 um 20:49 Uhr  Fahrzeug-Hindernis, seit 23.05.2025, 20:49 A5: Heidelberg -> Darmstadt, zwischen 0.4 km hinter Kälberpfad und 0.6 km vor AS Bensheim Gefahr durch ein defektes Fahrzeug auf der Fahrbahn",49.6661614975308,8.60331705907086
"A5","undefined--vi-hind.2025-05-23_20-52-30-000.f.de0","50.74080498120368,9.270034073933548,50.741168843193066,9.271376480525477","50.74080498120368,9.270034073933548","WARNING","A5 | Alsfeld-West - Alsfeld-Ost"," Frankfurt -> Kassel",NA,NA,NA,2025-05-23,"Beginn: 23.05.25 um 20:52 Uhr  Fahrzeug-Hindernis, seit 23.05.2025, 20:52 A5: Frankfurt -> Kassel, zwischen 2.1 km hinter AS Alsfeld-West und 2.4 km vor AS Alsfeld-Ost Gefahr durch ein defektes Fahrzeug auf der Fahrbahn",50.7408049812037,9.27003407393355
"A5","undefined--vi-zus.2025-05-23_20-18-05-000.f.de0","50.780600520256314,9.407085418955285,50.789023348616745,9.442990174700048","50.780600520256314,9.407085418955285","WARNING","A5 | Berfa - Frohnkreuz"," Frankfurt -> Kassel",1,"SLOW_TRAFFIC","67.30000305175781",2025-05-23,"Beginn: 23.05.25 um 20:18 Uhr  Zusammengesetzte Verkehrsinformation, seit 23.05.2025, 20:18 A5: Frankfurt -> Kassel, zwischen 4.1 km hinter Berfa und 0.2 km vor Frohnkreuz  Langsamer Verkehr Reisezeitverlust: 1 Minuten Durchschnittsgeschwindigkeit: 67 km/h",50.7806005202563,9.40708541895529
"A6","undefined--vi-zus.2025-05-23_19-03-20-000.f_001.de0","49.17710730591307,9.924237949247413,49.17828345976738,10.030948718508837","49.17710730591307,9.924237949247413","WARNING","A6 | Ilshofen/Wolpertshausen - Crailsheim"," Heilbronn -> Nürnberg",10,"STATIONARY_TRAFFIC","32.79999923706055",2025-05-23,"Beginn: 23.05.25 um 19:03 Uhr  Zusammengesetzte Verkehrsinformation, seit 23.05.2025, 19:03 A6: Heilbronn -> Nürnberg, zwischen 4.4 km hinter AS Ilshofen/Wolpertshausen und 3.2 km vor AS Crailsheim  Im Stillstand Reisezeitverlust: 10 Minuten Durchschnittsgeschwindigkeit: 32 km/h",49.1771073059131,9.92423794924741
"A6","undefined--vi-hind.2025-05-23_20-22-30-000.f_002.de0","49.206193170172895,10.24485582283176,49.226433800944214,10.278047200000596","49.206193170172895,10.24485582283176","WARNING","A6 | Feuchtwangen/Crailsheim - Feuchtwangen-Nord"," Heilbronn -> Nürnberg",NA,NA,NA,2025-05-23,"Beginn: 23.05.25 um 20:22 Uhr  Fahrzeug-Hindernis, seit 23.05.2025, 20:22 A6: Heilbronn -> Nürnberg, zwischen 0.9 km hinter AK Feuchtwangen/Crailsheim und 0.3 km vor AS Feuchtwangen-Nord Gefahr durch ein defektes Fahrzeug auf der Fahrbahn",49.2061931701729,10.2448558228318
"A7","undefined--vi-zus.2025-05-23_20-08-00-000.f.de0","47.57034785142288,10.659989425667524,47.57833760243747,10.662295646746456","47.57034785142288,10.659989425667524","WARNING","A7 | Grenztunnel Füssen - Reinertshofertunnel"," Füssen/Reutte -> Ulm",4,"STATIONARY_TRAFFIC","11.100000381469727",2025-05-23,"Beginn: 23.05.25 um 20:08 Uhr  Zusammengesetzte Verkehrsinformation, seit 23.05.2025, 20:08 A7: Füssen/Reutte -> Ulm, zwischen 1.3 km hinter Grenztunnel Füssen und 2.6 km vor Reinertshofertunnel  Im Stillstand Reisezeitverlust: 4 Minuten Durchschnittsgeschwindigkeit: 11 km/h",47.5703478514229,10.6599894256675
"A7","undefined--vi-avl.2025-05-23_20-34-30-000.f_001.de0","47.57033909408479,10.659986383173456,47.57033909408479,10.659986383173456","47.57033909408479,10.659986383173456","WARNING","A7 | Füssen - Füssen"," Füssen/Reutte -> Ulm",NA,"STATIONARY_TRAFFIC","2",2025-05-23,"Beginn: 23.05.25 um 20:45 Uhr  Angespannte Verkehrslage, seit 23.05.2025, 20:45 A7: Füssen/Reutte -> Ulm, 0.4 km vor AS Füssen, aus Richtung Grenztunnel Füssen  Im Stillstand Durchschnittsgeschwindigkeit: 2 km/h",47.5703390940848,10.6599863831735
"A7","undefined--vi-zus.2025-04-10_19-08-12-000.f_002.de0","49.98887231929383,10.06288716604368,49.996442746918035,10.077190408761709","49.98887231929383,10.06288716604368","WARNING","A7 | Schraudenbachbrücke - Schweinfurt/Werneck"," Würzburg -> Fulda",NA,NA,NA,2025-04-10,"Beginn: 10.04.25 um 19:08 Uhr  Zusammengesetzte Verkehrsinformation, seit 10.04.2025, 19:08 A7: Würzburg -> Fulda, zwischen 0.4 km hinter Schraudenbachbrücke und 0.6 km vor AD Schweinfurt/Werneck  A7 Würzburg Richtung Fulda zwischen Rastplatz Hühnerwäldchen und Dreieck Schweinfurt/Werneck Verkehr wird über die Gegenfahrbahn geleitet, Brückenarbeiten, bis 31.07.2026 03:30 Uhr",49.9888723192938,10.0628871660437
"A7","undefined--vi-avl.2025-05-23_19-32-00-000.f.de0","51.4282933836362,9.845452055751466,51.4282933836362,9.845452055751466","51.4282933836362,9.845452055751466","WARNING","A7 | Hackelberg - Hackelberg"," Hannover -> Kassel",NA,"STATIONARY_TRAFFIC","9",2025-05-23,"Beginn: 23.05.25 um 20:51 Uhr  Angespannte Verkehrslage, seit 23.05.2025, 20:51 A7: Hannover -> Kassel, 6.1 km vor Hackelberg, aus Richtung Drammetal  Im Stillstand Durchschnittsgeschwindigkeit: 9 km/h",51.4282933836362,9.84545205575147
"A7","undefined--vi-avl.2025-05-23_19-21-37-000.f_002.de0","51.42668847504019,9.844871467969407,51.404406201692545,9.808980998569226","51.42668847504019,9.844871467969407","WARNING","A7 | Drammetal - Hackelberg"," Hannover -> Kassel",20,"STATIONARY_TRAFFIC","9.699999809265137",2025-05-23,"Beginn: 23.05.25 um 19:21 Uhr  Angespannte Verkehrslage, seit 23.05.2025, 19:21 A7: Hannover -> Kassel, zwischen 3.3 km hinter AD Drammetal und 2.2 km vor Hackelberg  Im Stillstand Reisezeitverlust: 20 Minuten Durchschnittsgeschwindigkeit: 9 km/h",51.4266884750402,9.84487146796941
"A7","undefined--vi-avl.2025-05-23_20-46-00-000.f.de0","52.21548725428239,9.93393983988878,52.22210374374123,9.933857724940639","52.21548725428239,9.93393983988878","WARNING","A7 | Hildesheim-Drispenstedt - An der Alpe"," Kassel -> Hannover",1,"STATIONARY_TRAFFIC","27.899999618530273",2025-05-23,"Beginn: 23.05.25 um 20:46 Uhr  Angespannte Verkehrslage, seit 23.05.2025, 20:46 A7: Kassel -> Hannover, zwischen 4.3 km hinter AS Hildesheim-Drispenstedt und 1.9 km vor An der Alpe  Im Stillstand Reisezeitverlust: 1 Minuten Durchschnittsgeschwindigkeit: 27 km/h",52.2154872542824,9.93393983988878
"A7","undefined--vi-avl.2025-05-23_20-52-30-000.f_005.de0","52.23215651551486,9.932474473690949,52.23215651551486,9.932474473690949","52.23215651551486,9.932474473690949","WARNING","A7 | Hildesheim-Drispenstedt - Hildesheim-Drispenstedt"," Hannover -> Kassel",NA,"STATIONARY_TRAFFIC","20",2025-05-23,"Beginn: 23.05.25 um 20:52 Uhr  Angespannte Verkehrslage, seit 23.05.2025, 20:52 A7: Hannover -> Kassel, 6.1 km vor AS Hildesheim-Drispenstedt, aus Richtung An der Alpe  Im Stillstand Durchschnittsgeschwindigkeit: 20 km/h",52.2321565155149,9.93247447369095
"A7","undefined--vi-avl.2025-05-23_20-52-30-000.f_002.de0","52.21548725428239,9.93393983988878,52.21548725428239,9.93393983988878","52.21548725428239,9.93393983988878","WARNING","A7 | An der Alpe - An der Alpe"," Kassel -> Hannover",NA,"STATIONARY_TRAFFIC","15",2025-05-23,"Beginn: 23.05.25 um 20:52 Uhr  Angespannte Verkehrslage, seit 23.05.2025, 20:52 A7: Kassel -> Hannover, 2.6 km vor An der Alpe, aus Richtung Hildesheim-Drispenstedt  Im Stillstand Durchschnittsgeschwindigkeit: 15 km/h",52.2154872542824,9.93393983988878
"A7","undefined--vi-avl.2025-05-23_20-51-30-000.f_001.de0","52.23215651551486,9.932474473690949,52.22455009568694,9.933567322296096","52.23215651551486,9.932474473690949","WARNING","A7 | An der Alpe - Hildesheim-Drispenstedt"," Hannover -> Kassel",0,"SLOW_TRAFFIC","49.20000076293945",2025-05-23,"Beginn: 23.05.25 um 20:51 Uhr  Angespannte Verkehrslage, seit 23.05.2025, 20:51 A7: Hannover -> Kassel, zwischen 0.7 km hinter An der Alpe und 5.3 km vor AS Hildesheim-Drispenstedt  Langsamer Verkehr Reisezeitverlust: 0 Minuten Durchschnittsgeschwindigkeit: 49 km/h",52.2321565155149,9.93247447369095
"A7","undefined--vi-zus.2025-03-31_00-40-00-000.f_018.de0","53.579141433849884,9.913430072127355,53.55636870091902,9.897540700000414","53.579141433849884,9.913430072127355","WARNING","A7 | Hamburg-Volkspark - Elbtunnel (Nordportal)"," Flensburg -> Hamburg",NA,NA,NA,2025-03-31,"Beginn: 31.03.25 um 00:40 Uhr  Zusammengesetzte Verkehrsinformation, seit 31.03.2025, 00:40 A7: Flensburg -> Hamburg, zwischen 0.4 km hinter AS Hamburg-Volkspark und 0.9 km vor Elbtunnel (Nordportal)  A7 Flensburg Richtung Hamburg Ausfahrt Hamburg-Othmarschen Fahrbahnverengung, maximale Fahrbahnbreite von 4,50 m, Bauarbeiten, bis 29.09.2025",53.5791414338499,9.91343007212735
"A7","undefined--vi-avl.2025-05-23_20-00-30-000.f_003.de0","54.804956120681226,9.328584387866814,54.804956120681226,9.328584387866814","54.804956120681226,9.328584387866814","WARNING","A7 | Ellund - Ellund"," Flensburg -> Hamburg",NA,"STATIONARY_TRAFFIC","8",2025-05-23,"Beginn: 23.05.25 um 20:51 Uhr  Angespannte Verkehrslage, seit 23.05.2025, 20:51 A7: Flensburg -> Hamburg, 0.1 km vor Ellund, aus Richtung Ellund  Im Stillstand Durchschnittsgeschwindigkeit: 8 km/h",54.8049561206812,9.32858438786681
"A7","undefined--vi-avl.2025-05-23_19-55-04-000.f.de0","54.8049820054157,9.328571338481932,54.80066594276168,9.33076576341325","54.8049820054157,9.328571338481932","WARNING","A7 | Ellund - Flensburg/Harrislee"," Flensburg -> Hamburg",1,"STATIONARY_TRAFFIC","20.600000381469727",2025-05-23,"Beginn: 23.05.25 um 19:55 Uhr  Angespannte Verkehrslage, seit 23.05.2025, 19:55 A7: Flensburg -> Hamburg, zwischen 0.1 km hinter Ellund und 3.3 km vor AS Flensburg/Harrislee  Im Stillstand Reisezeitverlust: 1 Minuten Durchschnittsgeschwindigkeit: 20 km/h",54.8049820054157,9.32857133848193
"A8","undefined--vi-zus.2025-03-26_17-59-56-000.f_013.de0","49.32575278791285,7.172731755291576,49.327350714671546,7.213275819282444","49.32575278791285,7.172731755291576","WARNING","A8 | Neunkirchen/Spiesen - Kohlhof"," Saarlouis -> Neunkirchen",NA,NA,NA,2025-03-26,"Beginn: 26.03.25 um 17:59 Uhr  Zusammengesetzte Verkehrsinformation, seit 26.03.2025, 17:59 A8: Saarlouis -> Neunkirchen, zwischen 1.5 km hinter AS Neunkirchen/Spiesen und 1.0 km vor Kohlhof  A8 Saarlouis - Neunkirchen zwischen Neunkirchen-Spiesen und Neunkirchen-Oberstadt in beiden Richtungen Bauarbeiten, bis voraussichtlich 01.06.2025",49.3257527879128,7.17273175529158
"A8","undefined--vi-zus.2025-05-14_09-26-56-000.f.de0","49.32628400979037,7.229641516813452,49.329166750017514,7.1882642393148934","49.32628400979037,7.229641516813452","WARNING","A8 | Neunkirchen-Wellesweiler - Neunkirchen/Spiesen"," Neunkirchen -> Saarlouis",NA,NA,NA,2025-05-14,"Beginn: 14.05.25 um 09:26 Uhr  Zusammengesetzte Verkehrsinformation, seit 14.05.2025, 09:26 A8: Neunkirchen -> Saarlouis, zwischen 0.4 km hinter AS Neunkirchen-Wellesweiler und 2.7 km vor AS Neunkirchen/Spiesen  A8 Saarlouis - Neunkirchen zwischen Neunkirchen-Spiesen und Neunkirchen-Oberstadt in beiden Richtungen Bauarbeiten, bis voraussichtlich 01.06.2025",49.3262840097904,7.22964151681345
"A8","undefined--vi-hind.2025-05-23_20-33-30-000.f_002.de0","48.971729400945094,8.450327799999876,48.971729400945094,8.450327799999876","48.971729400945094,8.450327799999876","WARNING","A8 | Karlsruhe - Birkenwäldle"," Karlsruhe -> Stuttgart",NA,NA,NA,2025-05-23,"Beginn: 23.05.25 um 20:33 Uhr  Fahrzeug-Hindernis, seit 23.05.2025, 20:33 A8: Karlsruhe -> Stuttgart, zwischen 1.1 km hinter AD Karlsruhe und 2.9 km vor Birkenwäldle Gefahr durch ein defektes Fahrzeug auf der Fahrbahn",48.9717294009451,8.45032779999988
"A8","undefined--vi-hind.2025-05-23_20-33-30-000.f.de0","48.97172457242506,8.450436865129731,48.94718530094516,8.49177059999988","48.97172457242506,8.450436865129731","WARNING","A8 | Karlsruhe - Karlsbad"," Karlsruhe -> Stuttgart",NA,NA,NA,2025-05-23,"Beginn: 23.05.25 um 20:33 Uhr  Fahrzeug-Hindernis, seit 23.05.2025, 20:33 A8: Karlsruhe -> Stuttgart, zwischen 1.1 km hinter AD Karlsruhe und 0.3 km vor AS Karlsbad Gefahr durch ein defektes Fahrzeug auf der Fahrbahn",48.9717245724251,8.45043686512973
"A8","undefined--vi-hind.2025-05-23_19-30-00-000.f_003.de0","48.88043910094538,8.78834459999995,48.914107800945274,8.765175299999946","48.88043910094538,8.78834459999995","WARNING","A8 | Pforzheim-Süd - Pforzheim-Nord"," Stuttgart -> Karlsruhe",NA,NA,NA,2025-05-23,"Beginn: 23.05.25 um 19:30 Uhr  Fahrzeug-Hindernis, seit 23.05.2025, 19:30 A8: Stuttgart -> Karlsruhe, zwischen 0.2 km hinter AS Pforzheim-Süd und 4.2 km vor AS Pforzheim-Nord",48.8804391009454,8.78834459999995
"A8","undefined--vi-hind.2025-05-23_20-50-00-000.f_001.de0","48.308149200947035,11.206672600005593,48.27975730094711,11.271940900006438","48.308149200947035,11.206672600005593","WARNING","A8 | Adelzhauser Berg - Fuchsberg"," Stuttgart -> München",NA,NA,NA,2025-05-23,"Beginn: 23.05.25 um 20:50 Uhr  Fahrzeug-Hindernis, seit 23.05.2025, 20:50 A8: Stuttgart -> München, zwischen 5.7 km hinter Adelzhauser Berg und 3.3 km vor Fuchsberg Gefahr durch ein defektes Fahrzeug auf der Fahrbahn",48.308149200947,11.2066726000056
"A8","undefined--vi-avl.2025-05-23_07-13-53-000.f_004.de0","47.80625410951505,12.13469133892896,47.80361928133157,12.162783455195305","47.80625410951505,12.13469133892896","WARNING","A8 | Rosenheim - Rohrdorf"," München -> Salzburg",3,"STATIONARY_TRAFFIC","28.399999618530273",2025-05-23,"Beginn: 23.05.25 um 07:13 Uhr  Angespannte Verkehrslage, seit 23.05.2025, 07:13 A8: München -> Salzburg, zwischen 1.1 km hinter AS Rosenheim und 0.1 km vor AS Rohrdorf  Im Stillstand Reisezeitverlust: 3 Minuten Durchschnittsgeschwindigkeit: 28 km/h",47.8062541095151,12.134691338929
"A8","undefined--vi-avl.2025-05-23_20-38-30-000.f_004.de0","47.80569635192966,12.140677303038313,47.80569635192966,12.140677303038313","47.80569635192966,12.140677303038313","WARNING","A8 | Rohrdorf - Rohrdorf"," München -> Salzburg",NA,"STATIONARY_TRAFFIC","13",2025-05-23,"Beginn: 23.05.25 um 20:51 Uhr  Angespannte Verkehrslage, seit 23.05.2025, 20:51 A8: München -> Salzburg, 1.7 km vor AS Rohrdorf, aus Richtung Winkelbach  Im Stillstand Durchschnittsgeschwindigkeit: 13 km/h",47.8056963519297,12.1406773030383
"A8","undefined--vi-avl.2025-05-23_20-39-30-000.f_001.de0","47.80410049295461,12.278699078535139,47.803943900948376,12.295533800044256","47.80410049295461,12.278699078535139","WARNING","A8 | Achenmühle - Prien"," München -> Salzburg",4,"STATIONARY_TRAFFIC","15.600000381469727",2025-05-23,"Beginn: 23.05.25 um 20:39 Uhr  Angespannte Verkehrslage, seit 23.05.2025, 20:39 A8: München -> Salzburg, zwischen 4.1 km hinter Achenmühle und 0.4 km vor Prien  Im Stillstand Reisezeitverlust: 4 Minuten Durchschnittsgeschwindigkeit: 15 km/h",47.8041004929546,12.2786990785351
"A8","undefined--vi-avl.2025-05-23_20-43-32-000.f.de0","47.80410049295461,12.278699078535139,47.80410049295461,12.278699078535139","47.80410049295461,12.278699078535139","WARNING","A8 | Frasdorf - Frasdorf"," München -> Salzburg",NA,"STATIONARY_TRAFFIC","16",2025-05-23,"Beginn: 23.05.25 um 20:52 Uhr  Angespannte Verkehrslage, seit 23.05.2025, 20:52 A8: München -> Salzburg, 0.1 km vor Frasdorf, aus Richtung Achenmühle  Im Stillstand Durchschnittsgeschwindigkeit: 16 km/h",47.8041004929546,12.2786990785351
"A9","undefined--vi-hind.2025-05-23_20-27-00-000.f_001.de0","49.04304590094484,11.345422000007106,49.16008710094445,11.264411600005957","49.04304590094484,11.345422000007106","WARNING","A9 | Greding - Hilpoltstein"," München -> Nürnberg",NA,NA,NA,2025-05-23,"Beginn: 23.05.25 um 20:27 Uhr  Hindernis, seit 23.05.2025, 20:27 A9: München -> Nürnberg, zwischen 0.3 km hinter AS Greding und 0.2 km vor AS Hilpoltstein  Gefahr durch Gegenstände auf der Fahrbahn",49.0430459009448,11.3454220000071
"A9","undefined--vi-hind.2025-05-23_20-07-30-000.f_004.de0","49.351832700943746,11.20353760000516,49.349810151005585,11.203581907835714","49.351832700943746,11.20353760000516","WARNING","A9 | Nürnberg/Feucht - Nürnberg/Feucht"," Nürnberg -> München",NA,NA,NA,2025-05-23,"Beginn: 23.05.25 um 20:07 Uhr  Fahrzeug-Hindernis, seit 23.05.2025, 20:07 A9: Nürnberg -> München, zwischen 0.6 km hinter Nürnberg/Feucht und AD Nürnberg/Feucht Gefahr durch ein defektes Fahrzeug auf der Fahrbahn",49.3518327009437,11.2035376000052
"A10","undefined--vi-zus.2025-05-23_18-11-40-000.f_006.de0","52.54906115074952,13.680236138637484,52.502793786452095,13.743727693232703","52.54906115074952,13.680236138637484","WARNING","A10 | Berlin-Marzahn - Berlin-Hellersdorf"," Dreieck Barnim -> Dreieck Spreeau",NA,NA,NA,2025-05-23,"Beginn: 23.05.25 um 18:11 Uhr  Zusammengesetzte Verkehrsinformation, seit 23.05.2025, 18:11 A10: Dreieck Barnim -> Dreieck Spreeau, zwischen 0.3 km hinter AS Berlin-Marzahn und 0.7 km vor AS Berlin-Hellersdorf  Gefahr durch eine ungesicherte Unfallstelle  A10 Östlicher Berliner Ring, Dreieck Barnim Richtung Dreieck Spreeau zwischen Berlin-Marzahn und Berlin-Hellersdorf Gefahr durch ungesicherte Unfallstelle, fahren Sie bitte besonders vorsichtig, Polizei ist benachrichtigt",52.5490611507495,13.6802361386375
"A11","undefined--vi-avl.2025-05-23_20-52-30-000.f_001.de0","53.276655615516546,14.061946255806085,53.276655615516546,14.061946255806085","53.276655615516546,14.061946255806085","WARNING","A11 | Kreuz Uckermark - Kreuz Uckermark"," Kreuz Uckermark -> Berliner Ring",NA,"STATIONARY_TRAFFIC","13",2025-05-23,"Beginn: 23.05.25 um 20:52 Uhr  Angespannte Verkehrslage, seit 23.05.2025, 20:52 A11: Kreuz Uckermark -> Berliner Ring, 4.8 km vor AD Kreuz Uckermark, aus Richtung Schmölln  Im Stillstand Durchschnittsgeschwindigkeit: 13 km/h",53.2766556155165,14.0619462558061
"A11","undefined--vi-avl.2025-05-23_20-52-30-000.f_003.de0","53.276655615516546,14.061946255806085,53.27586261853443,14.060002860012771","53.276655615516546,14.061946255806085","WARNING","A11 | Schmölln - Kreuz Uckermark"," Stettin -> Berliner Ring",0,"STATIONARY_TRAFFIC","13.399999618530273",2025-05-23,"Beginn: 23.05.25 um 20:52 Uhr  Angespannte Verkehrslage, seit 23.05.2025, 20:52 A11: Stettin -> Berliner Ring, zwischen 4.1 km hinter AS Schmölln und 4.7 km vor AD Kreuz Uckermark  Im Stillstand Reisezeitverlust: 0 Minuten Durchschnittsgeschwindigkeit: 13 km/h",53.2766556155165,14.0619462558061
"A12","WarnungA10Lkw3","47.61802931631098,12.202336027754352,47.61802931631098,12.202336027754352","47.61802931631098,12.202336027754352","WARNING","E45/E60 | LKW Blockabfertigung | A12-Inntal Autobahn","Richtung Italien",NA,NA,NA,2025-01-11,"Zeitraum: Beginn: 07.01.2025 Ende: 09.12.2025  Hinweis für LKW-Reisende nach Österreich: LKW-Blockabfertigungen an ausgewählten Tagen für Lkw am Grenzübergang Kufstein/Kiefersfelden. Maximaler Durchlass von 300 LKWs pro Stunde  Die genauen Ausführungszeiten und weitere Informationen auf tirol.gv.at/verkehr/verkehrs-und-seilbahnrecht/lkw-dosierung.",47.618029316311,12.2023360277544
"A12","WarnungA10Lkw2","47.6164490154047,12.202382557672273,47.6164490154047,12.202382557672273","47.6164490154047,12.202382557672273","WARNING","E43/E45/E60 | A13-Brenner Autobahn","Richtung Italien",NA,NA,NA,2025-01-11,"Zeitraum: Beginn: 11.01.2025 Ende: 27.09.2025  Hinweis für LKW-Reisende nach Österreich: LKW-Fahrverbot auf der A12-Inntal Autobahn, A13-Brenner Autobahn und A14-Rheintal/Walgau Autobahn, wenn das Ziel der Fahrt der Anschlussstelle Nößlach bis Anschlussstelle Brenner Nord der Richtungsfahrbahn Staatsgrenze der A 13 Brenner Autobahn erreicht werden soll. An ausgewählten Samstagen 7-15 Uhr sowie weiteren Tagen im Zeitraum 11.01. - 27.09.2025 Weitere Informationen auf http://asfinag.at/a13",47.6164490154047,12.2023825576723
"A13","undefined--vi-hind.2025-05-23_12-51-02-000.f_020.de0","51.89963080093657,13.81291380018386,51.85302630093776,13.90793880020439","51.89963080093657,13.81291380018386","WARNING","A13 | Berstetal - Lübbenau"," Schönefelder Kreuz -> Dresden",NA,NA,NA,2025-05-23,"Beginn: 23.05.25 um 12:51 Uhr  Hindernis, seit 23.05.2025, 12:51 A13: Schönefelder Kreuz -> Dresden, zwischen 1.8 km hinter Berstetal und 0.5 km vor AS Lübbenau  Gefahr durch Gegenstände auf der Fahrbahn",51.8996308009366,13.8129138001839
"A14","undefined--vi-hind.2025-05-23_18-08-55-000.f_009.de0","52.046112318367555,11.62834583431068,52.04487957419882,11.629512504892777","52.046112318367555,11.62834583431068","WARNING","A14 | Magdeburg-Reform - Schönebeck"," Magdeburg -> Halle",NA,NA,NA,2025-05-23,"Beginn: 23.05.25 um 18:08 Uhr  Fahrzeug-Hindernis, seit 23.05.2025, 18:08 A14: Magdeburg -> Halle, zwischen 1.3 km hinter AS Magdeburg-Reform und 5.1 km vor AS Schönebeck Gefahr durch ein defektes Fahrzeug auf der Fahrbahn",52.0461123183676,11.6283458343107
"A14","undefined--vi-hind.2025-05-23_17-13-21-000.f_007.de0","52.00644964803081,11.65804105114419,52.05217580093004,11.618093300009233","52.00644964803081,11.65804105114419","WARNING","A14 | Schönebeck - Magdeburg-Reform"," Halle -> Magdeburg",NA,NA,NA,2025-05-23,"Beginn: 23.05.25 um 17:13 Uhr  Hindernis, seit 23.05.2025, 17:13 A14: Halle -> Magdeburg, zwischen 0.4 km hinter AS Schönebeck und 0.3 km vor AS Magdeburg-Reform  Gefahr durch Gegenstände auf der Fahrbahn",52.0064496480308,11.6580410511442
"A15","undefined--vi-avl.2025-05-23_20-11-30-000.f.de0","51.707436229347316,14.409662913357797,51.706832197818336,14.426732276349952","51.707436229347316,14.409662913357797","WARNING","A15 | Cottbus-Süd - Roggosen"," Cottbus -> Breslau",0,"SLOW_TRAFFIC","71.80000305175781",2025-05-23,"Beginn: 23.05.25 um 20:11 Uhr  Angespannte Verkehrslage, seit 23.05.2025, 20:11 A15: Cottbus -> Breslau, zwischen 4.4 km hinter AS Cottbus-Süd und 2.7 km vor AS Roggosen  Langsamer Verkehr Reisezeitverlust: 0 Minuten Durchschnittsgeschwindigkeit: 71 km/h",51.7074362293473,14.4096629133578
"A17","undefined--vi-zus.2025-05-23_20-40-00-000.f.de0","50.82026170094333,13.887384300240237,50.8244130009433,13.887895800240193","50.82026170094333,13.887384300240237","WARNING","A17 | Breitenau-Schönwald - Bad Gottleuba"," Prag -> Dresden",0,"QUEUING_TRAFFIC","38",2025-05-23,"Beginn: 23.05.25 um 20:40 Uhr  Zusammengesetzte Verkehrsinformation, seit 23.05.2025, 20:40 A17: Prag -> Dresden, zwischen 4.5 km hinter Breitenau-Schönwald und 0.8 km vor AS Bad Gottleuba  Stockender Verkehr Reisezeitverlust: 0 Minuten Durchschnittsgeschwindigkeit: 38 km/h",50.8202617009433,13.8873843002402
"A23","undefined--vi-avl.2025-05-23_20-07-30-000.f_004.de0","53.681563099799305,9.793988101431182,53.681563099799305,9.793988101431182","53.681563099799305,9.793988101431182","WARNING","A23 | Pinneberg-Nord - Pinneberg-Nord"," Heide -> Hamburg",NA,"STATIONARY_TRAFFIC","5",2025-05-23,"Beginn: 23.05.25 um 20:51 Uhr  Angespannte Verkehrslage, seit 23.05.2025, 20:51 A23: Heide -> Hamburg, 0.4 km vor AS Pinneberg-Nord, aus Richtung Forst Rantzau Süd  Im Stillstand Durchschnittsgeschwindigkeit: 5 km/h",53.6815630997993,9.79398810143118
"A23","undefined--vi-avl.2025-05-23_20-03-00-000.f.de0","53.68154800581081,9.794004546401803,53.67689308646269,9.79925382885918","53.68154800581081,9.794004546401803","WARNING","A23 | Forst Rantzau Süd - Pinneberg-Mitte"," Heide -> Hamburg",3,"STATIONARY_TRAFFIC","10",2025-05-23,"Beginn: 23.05.25 um 20:03 Uhr  Angespannte Verkehrslage, seit 23.05.2025, 20:03 A23: Heide -> Hamburg, zwischen 2.7 km hinter Forst Rantzau Süd und 2.9 km vor AS Pinneberg-Mitte  Im Stillstand Reisezeitverlust: 3 Minuten Durchschnittsgeschwindigkeit: 10 km/h",53.6815480058108,9.7940045464018
"A30","undefined--vi-hind.2025-05-23_20-27-30-000.f.de0","52.23650714964352,8.156796907405788,52.23520358342936,8.158749191084121","52.23650714964352,8.156796907405788","WARNING","A30 | Natbergen - Bissendorf"," Osnabrück -> Bad Oeynhausen",NA,NA,NA,2025-05-23,"Beginn: 23.05.25 um 20:27 Uhr  Fahrzeug-Hindernis, seit 23.05.2025, 20:27 A30: Osnabrück -> Bad Oeynhausen, zwischen 2.0 km hinter AS Natbergen und 0.3 km vor AS Bissendorf Gefahr durch ein defektes Fahrzeug auf der Fahrbahn",52.2365071496435,8.15679690740579
"A30","undefined--vi-unf.2025-05-23_20-38-03-000.f_002.de0","52.19448464443985,8.547923159357879,52.19834396419027,8.467501236607067","52.19448464443985,8.547923159357879","WARNING","A30 | Bünde - Bruchmühlen"," Bad Oeynhausen -> Osnabrück",NA,NA,NA,2025-05-23,"Beginn: 23.05.25 um 20:38 Uhr  Unfall, seit 23.05.2025, 20:38 A30: Bad Oeynhausen -> Osnabrück, zwischen AS Bünde und 0.4 km vor AS Bruchmühlen",52.1944846444398,8.54792315935788
"A30","undefined--vi-hind.2025-05-23_20-52-30-000.f_001.de0","52.17873157688213,8.610679345681593,52.18133937263124,8.591980445725872","52.17873157688213,8.610679345681593","WARNING","A30 | Hiddenhausen - Bünde"," Bad Oeynhausen -> Osnabrück",NA,NA,NA,2025-05-23,"Beginn: 23.05.25 um 20:52 Uhr  Hindernis, seit 23.05.2025, 20:52 A30: Bad Oeynhausen -> Osnabrück, zwischen 0.1 km hinter AS Hiddenhausen und 3.4 km vor AS Bünde  Gefahr durch eine ungesicherte Unfallstelle",52.1787315768821,8.61067934568159
"A30","undefined--vi-zus.2025-05-23_20-52-30-000.f.de0","52.17943871103905,8.612523451798763,52.177854793548526,8.601025236733982","52.17943871103905,8.612523451798763","WARNING","A30 | Kirchlengern - Bünde"," Bad Oeynhausen -> Osnabrück",0,"SLOW_TRAFFIC","53.400001525878906",2025-05-23,"Beginn: 23.05.25 um 20:52 Uhr  Zusammengesetzte Verkehrsinformation, seit 23.05.2025, 20:52 A30: Bad Oeynhausen -> Osnabrück, zwischen 3.7 km hinter AS Kirchlengern und 4.2 km vor AS Bünde  Langsamer Verkehr Reisezeitverlust: 0 Minuten Durchschnittsgeschwindigkeit: 53 km/h  Gefahr durch eine ungesicherte Unfallstelle",52.179438711039,8.61252345179876
"A31","undefined--vi-avl.2025-05-23_17-43-30-000.f_010.de0","52.26019518380759,7.1742896760938955,52.246752971037886,7.163099312945632","52.26019518380759,7.1742896760938955","WARNING","A31 | Gut Friedrichstal - Wester Mark"," Lingen (Ems) -> Gronau",0,"SLOW_TRAFFIC","65.30000305175781",2025-05-23,"Beginn: 23.05.25 um 17:49 Uhr  Angespannte Verkehrslage, seit 23.05.2025, 17:49 A31: Lingen (Ems) -> Gronau, zwischen 2.9 km hinter Gut Friedrichstal und 3.0 km vor Wester Mark  Langsamer Verkehr Reisezeitverlust: 0 Minuten Durchschnittsgeschwindigkeit: 65 km/h",52.2601951838076,7.1742896760939
"A37","undefined--vi-zus.2025-05-20_10-04-05-000.f_002.de0","52.442156462690335,9.933442989087833,52.436581812162494,9.913211841333315","52.442156462690335,9.933442989087833","WARNING","A37 | Beinhorn - Hannover-Kirchhorst"," Celle -> Hannover",NA,NA,NA,2025-05-20,"Beginn: 20.05.25 um 10:04 Uhr  Zusammengesetzte Verkehrsinformation, seit 20.05.2025, 10:04 B3: Celle -> Hannover, zwischen 0.4 km hinter AS Beinhorn und 2.1 km vor AK Hannover-Kirchhorst  A37 Messe - Burgdorf
zwischen Kreuz Hannover-Buchholz und Beinhorn
in beiden Richtungen geänderte Verkehrsführung im Baustellenbereich, Bauarbeiten, bis 30.10.2026 ca. 18:00 Uhr",52.4421564626903,9.93344298908783
"A37","undefined--vi-zus.2025-05-20_10-04-05-000.f_003.de0","52.42566547847685,9.880479425875153,52.44102213295518,9.93161290421946","52.42566547847685,9.880479425875153","WARNING","Baustelle"," km 22.62 --> km 26.54",NA,NA,NA,2025-05-20,"Beginn: 20.05.25 um 10:04 Uhr  Zusammengesetzte Verkehrsinformation, seit 20.05.2025, 10:04 A37: km 22.62 --> km 26.54  A37 Messe - Burgdorf
zwischen Kreuz Hannover-Buchholz und Beinhorn
in beiden Richtungen geänderte Verkehrsführung im Baustellenbereich, Bauarbeiten, bis 30.10.2026 ca. 18:00 Uhr",52.4256654784769,9.88047942587515
"A38","undefined--vi-hind.2025-05-23_19-57-30-000.f_012.de0","51.40984951019261,9.907833015130057,51.3996772486831,9.982558625738454","51.40984951019261,9.907833015130057","WARNING","A38 | Gieseberg - Heidkopftunnel"," Göttingen -> Halle",NA,NA,NA,2025-05-23,"Beginn: 23.05.25 um 19:57 Uhr  Hindernis, seit 23.05.2025, 19:57 A38: Göttingen -> Halle, zwischen 1.5 km hinter Gieseberg und 0.5 km vor Heidkopftunnel  Gefahr durch Gegenstände auf der Fahrbahn",51.4098495101926,9.90783301513006
"A43","undefined--vi-avl.2025-05-23_18-46-18-000.f_003.de0","51.90311021469692,7.390250485465939,51.89408020275073,7.376541826836408","51.90311021469692,7.390250485465939","WARNING","A43 | Nottuln - Karthaus"," Münster -> Recklinghausen",0,"SLOW_TRAFFIC","59.20000076293945",2025-05-23,"Beginn: 23.05.25 um 18:46 Uhr  Angespannte Verkehrslage, seit 23.05.2025, 18:46 A43: Münster -> Recklinghausen, zwischen 1.2 km hinter AS Nottuln und 2.5 km vor Karthaus  Langsamer Verkehr Reisezeitverlust: 0 Minuten Durchschnittsgeschwindigkeit: 59 km/h",51.9031102146969,7.39025048546594
"A44","undefined--vi-avl.2025-05-23_18-43-20-000.f_001.de0","51.55259025223094,8.158217432313819,51.54990259328336,8.14049828920536","51.55259025223094,8.158217432313819","WARNING","A44 | Soest-Ost - Soester Börde"," Kassel -> Dortmund",0,"SLOW_TRAFFIC","62.5",2025-05-23,"Beginn: 23.05.25 um 18:43 Uhr  Angespannte Verkehrslage, seit 23.05.2025, 18:43 A44: Kassel -> Dortmund, zwischen 0.2 km hinter AS Soest-Ost und 0.5 km vor Soester Börde  Langsamer Verkehr Reisezeitverlust: 0 Minuten Durchschnittsgeschwindigkeit: 62 km/h",51.5525902522309,8.15821743231382
"A44","undefined--vi-avl.2025-05-23_18-45-11-000.f_006.de0","51.5370719009332,8.87520199999996,51.5370719009332,8.87520199999996","51.5370719009332,8.87520199999996","WARNING","A44 | Blankenrode - Blankenrode"," Kassel -> Dortmund",NA,"QUEUING_TRAFFIC","16",2025-05-23,"Beginn: 23.05.25 um 20:52 Uhr  Angespannte Verkehrslage, seit 23.05.2025, 20:52 A44: Kassel -> Dortmund, 0.3 km vor Blankenrode, aus Richtung Marsberg  Stockender Verkehr Durchschnittsgeschwindigkeit: 16 km/h",51.5370719009332,8.87520199999996
"A44","undefined--vi-avl.2025-05-23_18-31-56-000.f_001.de0","51.53704538548923,8.876005041636274,51.53961584150277,8.841857215738484","51.53704538548923,8.876005041636274","WARNING","A44 | Marsberg - Lichtenau (Westf.)"," Kassel -> Dortmund",2,"QUEUING_TRAFFIC","37.79999923706055",2025-05-23,"Beginn: 23.05.25 um 18:31 Uhr  Angespannte Verkehrslage, seit 23.05.2025, 18:31 A44: Kassel -> Dortmund, zwischen 6.5 km hinter AS Marsberg und 0.2 km vor AS Lichtenau (Westf.)  Stockender Verkehr Reisezeitverlust: 2 Minuten Durchschnittsgeschwindigkeit: 37 km/h",51.5370453854892,8.87600504163627
"A45","undefined--vi-avl.2025-05-23_20-52-30-000.f_004.de0","50.482884865899095,8.69636097070175,50.48466300996185,8.692704934632358","50.482884865899095,8.69636097070175","WARNING","A45 | Pfahlgraben - Hardtwald"," Aschaffenburg -> Gießen",2,"STATIONARY_TRAFFIC","6.900000095367432",2025-05-23,"Beginn: 23.05.25 um 20:52 Uhr  Angespannte Verkehrslage, seit 23.05.2025, 20:52 A45: Aschaffenburg -> Gießen, zwischen Pfahlgraben und 2.9 km vor Hardtwald  Im Stillstand Reisezeitverlust: 2 Minuten Durchschnittsgeschwindigkeit: 6 km/h",50.4828848658991,8.69636097070175
"A45","undefined--vi-avl.2025-05-23_20-52-30-000.f.de0","50.482855254742816,8.69643166920637,50.482855254742816,8.69643166920637","50.482855254742816,8.69643166920637","WARNING","A45 | Hardtwald - Hardtwald"," Aschaffenburg -> Gießen",NA,"STATIONARY_TRAFFIC","3",2025-05-23,"Beginn: 23.05.25 um 20:52 Uhr  Angespannte Verkehrslage, seit 23.05.2025, 20:52 A45: Aschaffenburg -> Gießen, 3.2 km vor Hardtwald, aus Richtung Pfahlgraben  Im Stillstand Durchschnittsgeschwindigkeit: 3 km/h",50.4828552547428,8.69643166920637
"A45","undefined--vi-hind.2025-05-23_20-05-00-000.f_004.de0","50.5282998009387,8.601500199999888,50.55434123635739,8.56454914107665","50.5282998009387,8.601500199999888","WARNING","A45 | Pfaffenpfad - Wetzlar-Süd"," Aschaffenburg -> Hagen",NA,NA,NA,2025-05-23,"Beginn: 23.05.25 um 20:05 Uhr  Hindernis, seit 23.05.2025, 20:05 A45: Aschaffenburg -> Hagen, zwischen 1.2 km hinter Pfaffenpfad und 0.2 km vor AS Wetzlar-Süd  Gefahr durch Gegenstände auf der Fahrbahn",50.5282998009387,8.60150019999989
"A45","undefined--vi-zus.2025-05-23_20-15-30-000.f.de0","50.55009579241461,8.56562971622008,50.560770378623516,8.559489010048084","50.55009579241461,8.56562971622008","WARNING","A45 | Gießen-Lützellinden - Wetzlar-Ost"," Aschaffenburg -> Hagen",0,"SLOW_TRAFFIC","55.400001525878906",2025-05-23,"Beginn: 23.05.25 um 20:15 Uhr  Zusammengesetzte Verkehrsinformation, seit 23.05.2025, 20:15 A45: Aschaffenburg -> Hagen, zwischen 3.4 km hinter AS Gießen-Lützellinden und 1.5 km vor AS Wetzlar-Ost  Langsamer Verkehr Reisezeitverlust: 0 Minuten Durchschnittsgeschwindigkeit: 55 km/h  Gefahr durch Gegenstände auf der Fahrbahn",50.5500957924146,8.56562971622008
"A45","undefined--vi-avl.2025-05-23_06-03-30-000.f_001.de0","51.270544276243356,7.600850315422518,51.270544276243356,7.600850315422518","51.270544276243356,7.600850315422518","WARNING","A45 | Rehweg - Rehweg"," Hagen -> Gießen",NA,"STATIONARY_TRAFFIC","3",2025-05-23,"Beginn: 23.05.25 um 20:51 Uhr  Angespannte Verkehrslage, seit 23.05.2025, 20:51 A45: Hagen -> Gießen, 0.2 km vor Rehweg, aus Richtung Kaltenborn  Im Stillstand Durchschnittsgeschwindigkeit: 3 km/h",51.2705442762434,7.60085031542252
"A45","undefined--vi-avl.2025-05-23_06-03-00-000.f_001.de0","51.26956141031766,7.601126368990344,51.26418523047536,7.602671237483193","51.26956141031766,7.601126368990344","WARNING","A45 | Kaltenborn - Lüdenscheid-Nord"," Hagen -> Gießen",3,"STATIONARY_TRAFFIC","10.100000381469727",2025-05-23,"Beginn: 23.05.25 um 06:03 Uhr  Angespannte Verkehrslage, seit 23.05.2025, 06:03 A45: Hagen -> Gießen, zwischen 3.1 km hinter Kaltenborn und 0.9 km vor AS Lüdenscheid-Nord  Im Stillstand Reisezeitverlust: 3 Minuten Durchschnittsgeschwindigkeit: 10 km/h",51.2695614103177,7.60112636899034
"A48","undefined--vi-hind.2025-05-23_20-22-30-000.f_003.de0","50.41345067666396,7.579691753835396,50.41373680093922,7.580436599999156","50.41345067666396,7.579691753835396","WARNING","A48 | Koblenz-Nord - Nonnenberg"," Koblenz -> Dernbach",NA,NA,NA,2025-05-23,"Beginn: 23.05.25 um 20:22 Uhr  Hindernis, seit 23.05.2025, 20:22 A48: Koblenz -> Dernbach, zwischen 3.4 km hinter AS Koblenz-Nord und 3.2 km vor Nonnenberg  Gefahr durch Gegenstände auf der Fahrbahn",50.413450676664,7.5796917538354
"A57","undefined--vi-zus.2025-05-23_19-21-00-000.f_004.de0","50.96690470093642,6.920992399996447,50.96186160093645,6.92590649999648","50.96690470093642,6.920992399996447","WARNING","A57 | Köln-Bickendorf - Köln-Ehrenfeld"," Krefeld -> Köln",NA,NA,NA,2025-05-23,"Beginn: 23.05.25 um 19:21 Uhr  Zusammengesetzte Verkehrsinformation, seit 23.05.2025, 19:21 A57: Krefeld -> Köln, zwischen 0.4 km hinter AS Köln-Bickendorf und 0.2 km vor AS Köln-Ehrenfeld  Gefahr durch Gegenstände auf der Fahrbahn  Gefahr durch ein defektes Fahrzeugs auf der Fahrbahn  A57 Krefeld Richtung Köln zwischen Köln-Bickendorf und Köln-Ehrenfeld Gefahr durch einen Reifen auf allen Fahrstreifen, Gefahr durch liegengebliebenes Fahrzeug auf dem Standstreifen 40-Tonner",50.9669047009364,6.92099239999645
"A60","undefined--vi-hind.2025-05-23_19-16-36-000.f_002.de0","49.95599067274176,7.948629850613441,49.979180834182145,8.018461006876805","49.95599067274176,7.948629850613441","WARNING","A60 | Bingen-Ost - Ingelheim-West"," Bingen -> Mainz",NA,NA,NA,2025-05-23,"Beginn: 23.05.25 um 19:16 Uhr  Fahrzeug-Hindernis, seit 23.05.2025, 19:16 A60: Bingen -> Mainz, zwischen 0.3 km hinter AS Bingen-Ost und 0.5 km vor AS Ingelheim-West Gefahr durch ein defektes Fahrzeug auf der Fahrbahn",49.9559906727418,7.94862985061344
"A60","undefined--vi-zus.2025-04-08_08-51-21-000.f_013.de0","49.98125533976677,8.345695317688524,49.97565770865279,8.441396718063045","49.98125533976677,8.345695317688524","WARNING","A60 | Mainspitz-Dreieck - Rüsselsheimer Dreieck"," Mainz -> Rüsselsheim",NA,NA,NA,2025-04-08,"Beginn: 08.04.25 um 08:51 Uhr  Zusammengesetzte Verkehrsinformation, seit 08.04.2025, 08:51 A60: Mainz -> Rüsselsheim, zwischen 0.5 km hinter AD Mainspitz-Dreieck und 2.2 km vor AD Rüsselsheimer Dreieck  Sperrung der A60 bei Königstädten – Grundhafte Fahrbahnerneuerung zwischen dem Rüsselsheimer Dreieck und dem Mainspitz Dreieck. Die Niederlassung West der Autobahn GmbH erneuert zwischen dem Rüsselsheimer Dreieck (30) und dem Mainspitz Dreieck (26) die Fahrbahn. Von Donnerstagmorgen (24. April) bis Mitte Juli wird die Anschlussstelle (AS) Königstädten (29) in Fahrtrichtung (FR) Mainz sowie in FR Rüsselsheimer Dreieck gesperrt. Umleitungsmöglichkeiten sind ausgeschildert: • Ausfahrt FR Mainz: Umleitung via AS Rüsselsheim-Mitte • Einfahrt FR Mainz: innerstädtische Umleitung zur AS Rüsselsheim-Mitte (Adam-Opel-Straße / Kurt-Schumacher-Ring), von Nauheim kommend via L3482 zur AS Bischofsheim • Einfahrt FR Darmstadt: innerstädtische Umleitung zur AS Rüsselsheim-Mitte (Adam-Opel-Straße / Kurt-Schumacher-Ring) Die Autobahn GmbH bittet alle Verkehrsteilnehmer um Verständnis für die unvermeidlichen Verkehrsbehinderungen, die durch die Arbeiten entstehen.",49.9812553397668,8.34569531768852
"A60","undefined--vi-zus.2025-05-03_10-55-00-000.f_003.de0","49.977457399447445,8.454646346787307,49.981587265039146,8.34517285786785","49.977457399447445,8.454646346787307","WARNING","A60 | Rüsselsheimer Dreieck - Mainspitz-Dreieck"," Rüsselsheim -> Mainz",NA,NA,NA,2025-05-03,"Beginn: 03.05.25 um 10:55 Uhr  Zusammengesetzte Verkehrsinformation, seit 03.05.2025, 10:55 A60: Rüsselsheim -> Mainz, zwischen 0.6 km hinter AD Rüsselsheimer Dreieck und 0.5 km vor AD Mainspitz-Dreieck  Sperrung der A60 bei Königstädten – Grundhafte Fahrbahnerneuerung zwischen dem Rüsselsheimer Dreieck und dem Mainspitz Dreieck. Die Niederlassung West der Autobahn GmbH erneuert zwischen dem Rüsselsheimer Dreieck (30) und dem Mainspitz Dreieck (26) die Fahrbahn. Von Donnerstagmorgen (24. April) bis Mitte Juli wird die Anschlussstelle (AS) Königstädten (29) in Fahrtrichtung (FR) Mainz sowie in FR Rüsselsheimer Dreieck gesperrt. Umleitungsmöglichkeiten sind ausgeschildert: • Ausfahrt FR Mainz: Umleitung via AS Rüsselsheim-Mitte • Einfahrt FR Mainz: innerstädtische Umleitung zur AS Rüsselsheim-Mitte (Adam-Opel-Straße / Kurt-Schumacher-Ring), von Nauheim kommend via L3482 zur AS Bischofsheim • Einfahrt FR Darmstadt: innerstädtische Umleitung zur AS Rüsselsheim-Mitte (Adam-Opel-Straße / Kurt-Schumacher-Ring) Die Autobahn GmbH bittet alle Verkehrsteilnehmer um Verständnis für die unvermeidlichen Verkehrsbehinderungen, die durch die Arbeiten entstehen.",49.9774573994474,8.45464634678731
"A81","undefined--vi-avl.2025-05-23_20-02-30-000.f_002.de0","47.83749037149845,8.81770947230074,47.83749037149845,8.81770947230074","47.83749037149845,8.81770947230074","WARNING","A81 | Bruckried - Bruckried"," Stuttgart -> Singen",NA,"STATIONARY_TRAFFIC","1",2025-05-23,"Beginn: 23.05.25 um 20:50 Uhr  Angespannte Verkehrslage, seit 23.05.2025, 20:50 A81: Stuttgart -> Singen, 1.8 km vor Bruckried, aus Richtung Engen  Im Stillstand Durchschnittsgeschwindigkeit: 1 km/h",47.8374903714984,8.81770947230074
"A81","undefined--vi-unf.2025-05-23_19-37-30-000.f_001.de0","47.852936463819304,8.801480319425831,47.81579380094821,8.84875269999997","47.852936463819304,8.801480319425831","WARNING","A81 | Engen - Hegau"," Stuttgart -> Singen",NA,NA,NA,2025-05-23,"Beginn: 23.05.25 um 19:37 Uhr  Unfall, seit 23.05.2025, 19:37 A81: Stuttgart -> Singen, zwischen 0.2 km hinter AS Engen und 1.1 km vor AK Hegau",47.8529364638193,8.80148031942583
"A81","undefined--vi-zus.2025-05-23_20-01-00-000.f_001.de0","47.83749037149845,8.81770947230074,47.8287310845539,8.827379753248813","47.83749037149845,8.81770947230074","WARNING","A81 | Engen - Bruckried"," Stuttgart -> Singen",10,"STATIONARY_TRAFFIC","6.599999904632568",2025-05-23,"Beginn: 23.05.25 um 20:01 Uhr  Zusammengesetzte Verkehrsinformation, seit 23.05.2025, 20:01 A81: Stuttgart -> Singen, zwischen 2.4 km hinter AS Engen und 0.6 km vor Bruckried  Im Stillstand Reisezeitverlust: 10 Minuten Durchschnittsgeschwindigkeit: 6 km/h",47.8374903714984,8.81770947230074
"A92","undefined--vi-zus.2025-05-23_20-52-30-000.f_001.de0","48.33343345686447,11.696315717525623,48.336345498980435,11.706140403282882","48.33343345686447,11.696315717525623","WARNING","A92 | Eching-Ost - Flughafen München"," München -> Deggendorf",0,"QUEUING_TRAFFIC","44",2025-05-23,"Beginn: 23.05.25 um 20:52 Uhr  Zusammengesetzte Verkehrsinformation, seit 23.05.2025, 20:52 A92: München -> Deggendorf, zwischen 5.0 km hinter AS Eching-Ost und 2.3 km vor AS Flughafen München  Stockender Verkehr Reisezeitverlust: 0 Minuten Durchschnittsgeschwindigkeit: 44 km/h  Gefahr durch eine ungesicherte Unfallstelle",48.3334334568645,11.6963157175256
"A92","undefined--vi-hind.2025-05-23_20-50-00-000.f_002.de0","48.335636000947,11.704529900015228,48.34646673320027,11.720174153702258","48.335636000947,11.704529900015228","WARNING","A92 | Freising-Süd - Flughafen München"," München -> Deggendorf",NA,NA,NA,2025-05-23,"Beginn: 23.05.25 um 20:50 Uhr  Hindernis, seit 23.05.2025, 20:50 A92: München -> Deggendorf, zwischen 0.4 km hinter AS Freising-Süd und 0.8 km vor AS Flughafen München  Gefahr durch eine ungesicherte Unfallstelle",48.335636000947,11.7045299000152
"A92","undefined--vi-hind.2025-05-23_20-50-00-000.f.de0","48.335636000947,11.704529900015228,48.34646673320027,11.720174153702258","48.335636000947,11.704529900015228","WARNING","A92 | Freising-Süd - Flughafen München"," München -> Deggendorf",NA,NA,NA,2025-05-23,"Beginn: 23.05.25 um 20:50 Uhr  Hindernis, seit 23.05.2025, 20:50 A92: München -> Deggendorf, zwischen 0.4 km hinter AS Freising-Süd und 0.8 km vor AS Flughafen München  Gefahr durch eine ungesicherte Unfallstelle",48.335636000947,11.7045299000152
"A96","undefined--vi-zus.2025-05-23_19-28-37-000.f.de0","47.561097091308845,9.737280576514202,47.57745865952208,9.734944053223458","47.561097091308845,9.737280576514202","WARNING","A96 | Lindau - Sigmarszell"," Bregenz -> München",19,"STATIONARY_TRAFFIC","5.400000095367432",2025-05-23,"Beginn: 23.05.25 um 19:28 Uhr  Zusammengesetzte Verkehrsinformation, seit 23.05.2025, 19:28 A96: Bregenz -> München, zwischen 2.0 km hinter AS Lindau und 0.2 km vor AS Sigmarszell  Im Stillstand Reisezeitverlust: 19 Minuten Durchschnittsgeschwindigkeit: 5 km/h",47.5610970913088,9.7372805765142
"A96","undefined--vi-avl.2025-05-23_19-38-07-000.f_001.de0","47.56107953312395,9.737274753892981,47.56107953312395,9.737274753892981","47.56107953312395,9.737274753892981","WARNING","A96 | Sigmarszell - Sigmarszell"," Lindau -> München",NA,"STATIONARY_TRAFFIC","6",2025-05-23,"Beginn: 23.05.25 um 20:51 Uhr  Angespannte Verkehrslage, seit 23.05.2025, 20:51 A96: Lindau -> München, 2.0 km vor AS Sigmarszell, aus Richtung Lindau  Im Stillstand Durchschnittsgeschwindigkeit: 6 km/h",47.561079533124,9.73727475389298
"A96","undefined--vi-avl.2025-05-23_20-50-30-000.f.de0","48.04154611730867,10.589538570417739,48.04091915518163,10.611416911387376","48.04154611730867,10.589538570417739","WARNING","A96 | Mindelheim - Bad Wörishofen"," Lindau -> München",0,"SLOW_TRAFFIC","63.599998474121094",2025-05-23,"Beginn: 23.05.25 um 20:50 Uhr  Angespannte Verkehrslage, seit 23.05.2025, 20:50 A96: Lindau -> München, zwischen 6.2 km hinter AS Mindelheim und 0.6 km vor AS Bad Wörishofen  Langsamer Verkehr Reisezeitverlust: 0 Minuten Durchschnittsgeschwindigkeit: 63 km/h",48.0415461173087,10.5895385704177
"A113","undefined--vi-zus.2025-05-23_04-57-30-000.f.de0","52.43617318100181,13.493052326243479,52.427730500930934,13.517008500122175","52.43617318100181,13.493052326243479","WARNING","A113 | Johannisthaler Chaussee - Rudower Höhe"," Neukölln -> Schönefeld",NA,NA,NA,2025-05-23,"Beginn: 23.05.25 um 04:57 Uhr  Zusammengesetzte Verkehrsinformation, seit 23.05.2025, 04:57 A113: Neukölln -> Schönefeld, zwischen 1.2 km hinter AS Johannisthaler Chaussee und 1.0 km vor Rudower Höhe  A113 Autobahnzubringer Dresden, Neukölln Richtung Schönefeld
zwischen Stubenrauchstraße und Tunnel Rudower Höhe
linker Fahrstreifen gesperrt, Bauarbeiten, bis voraussichtlich 20.06.2025",52.4361731810018,13.4930523262435
"A115","undefined--vi-zus.2024-10-09_07-09-40-000.f_531.de0","52.40027056808641,13.185163736426698,52.44227384698058,13.202709435405149","52.40027056808641,13.185163736426698","WARNING","A115 | Am Stern - Hüttenweg"," Dreieck Nuthetal -> Dreieck Funkturm",NA,NA,NA,2024-10-09,"Beginn: 09.10.24 um 07:09 Uhr  Zusammengesetzte Verkehrsinformation, seit 09.10.2024, 07:09 A115: Dreieck Nuthetal -> Dreieck Funkturm, zwischen 2.9 km hinter Am Stern und 3.8 km vor AS Hüttenweg  A115 Autobahnzubringer Magdeburg, Dreieck Nuthetal Richtung Dreieck Funkturm, zwischen Anschlussstelle Kleinmachnow und Anschlussstelle Spanische Allee, Baustelle, bis 31.10.2026 17:00 Uhr",52.4002705680864,13.1851637364267
"A115","undefined--vi-avl.2025-05-23_13-50-20-000.f_011.de0","52.39834014244133,13.182999702966198,52.41729690339176,13.196805139568836","52.39834014244133,13.182999702966198","WARNING","A115 | Am Stern - Kreuz Zehlendorf"," Dreieck Nuthetal -> Dreieck Funkturm",3,"QUEUING_TRAFFIC","26.799999237060547",2025-05-23,"Beginn: 23.05.25 um 13:50 Uhr  Angespannte Verkehrslage, seit 23.05.2025, 13:50 A115: Dreieck Nuthetal -> Dreieck Funkturm, zwischen 2.6 km hinter Am Stern und 0.4 km vor AS Kreuz Zehlendorf  Stockender Verkehr Reisezeitverlust: 3 Minuten Durchschnittsgeschwindigkeit: 26 km/h",52.3983401424413,13.1829997029662
"A115","undefined--vi-avl.2025-05-23_19-40-30-000.f_002.de0","52.39965827794694,13.184468575399512,52.39965827794694,13.184468575399512","52.39965827794694,13.184468575399512","WARNING","A115 | Kleinmachnow - Kleinmachnow"," Dreieck Nuthetal -> Dreieck Funkturm",NA,"QUEUING_TRAFFIC","12",2025-05-23,"Beginn: 23.05.25 um 20:51 Uhr  Angespannte Verkehrslage, seit 23.05.2025, 20:51 A115: Dreieck Nuthetal -> Dreieck Funkturm, 0.3 km vor AS Kleinmachnow, aus Richtung Am Stern  Stockender Verkehr Durchschnittsgeschwindigkeit: 12 km/h",52.3996582779469,13.1844685753995
"A143","undefined--vi-zus.2025-05-23_18-36-02-000.f_005.de0","51.426090519569115,11.864188829637131,51.44971890093379,11.863302600015","51.426090519569115,11.864188829637131","WARNING","A143 | Halle-Süd - Teutschenthal"," Halle-Süd -> Halle Nord",NA,NA,NA,2025-05-23,"Beginn: 23.05.25 um 18:36 Uhr  Zusammengesetzte Verkehrsinformation, seit 23.05.2025, 18:36 A143: Halle-Süd -> Halle Nord, zwischen 2.5 km hinter AD Halle-Süd und 0.2 km vor AS Teutschenthal  Gefahr durch Gegenstände auf der Fahrbahn  A143 Westumfahrung Halle, Halle-Süd Richtung Halle Nord zwischen Holleben und Teutschenthal Gefahr durch Gegenstände (mehrere Plastikteile) auf allen Fahrstreifen, Gefahr durch defekten PKW auf dem Standstreifen, fahren Sie bitte besonders vorsichtig, Polizei ist benachrichtigt",51.4260905195691,11.8641888296371
"A620","undefined--vi-hind.2025-05-23_18-24-04-000.f_008.de0","49.23633760094419,6.9463160999962525,49.23633760094419,6.9463160999962525","49.23633760094419,6.9463160999962525","WARNING","A620 | Saarbrücken-Gersweiler - Saarbrücken-Messegelände"," Saarlouis -> Saarbrücken",NA,NA,NA,2025-05-23,"Beginn: 23.05.25 um 18:24 Uhr  Hindernis, seit 23.05.2025, 18:24 A620: Saarlouis -> Saarbrücken, zwischen 0.2 km hinter AS Saarbrücken-Gersweiler und 1.2 km vor AS Saarbrücken-Messegelände  Gefahr durch eine ungesicherte Unfallstelle",49.2363376009442,6.94631609999625
"A861","undefined--vi-avl.2025-05-23_20-22-30-000.f_001.de0","47.54904851086363,7.758213318370684,47.55082232960782,7.7577804651623685","47.54904851086363,7.758213318370684","WARNING","A861 | Rheinfelden - Rheinfelden-Mitte"," Grenzübergang Rheinfelden -> Dreieck Hochrhein",1,"STATIONARY_TRAFFIC","5.699999809265137",2025-05-23,"Beginn: 23.05.25 um 20:22 Uhr  Angespannte Verkehrslage, seit 23.05.2025, 20:22 A861: Grenzübergang Rheinfelden -> Dreieck Hochrhein, zwischen 0.1 km hinter Rheinfelden und 2.0 km vor AS Rheinfelden-Mitte  Im Stillstand Reisezeitverlust: 1 Minuten Durchschnittsgeschwindigkeit: 5 km/h",47.5490485108636,7.75821331837068
