"road","identifier","extent","point","display_type","title","subtitle","delay_minutes","abnormalTrafficType","averageSpeed","startTimestamp","description","latitude","longitude"
"A1","undefined--vi-avl.2025-05-22_19-28-08-000.f_002.de0","53.02325783024563,8.803251854122244,53.03232730092311,8.866647899999942","53.02325783024563,8.803251854122244","WARNING","A1 | Bremen/Brinkum - Bremen-Hemelingen"," Osnabrück -> Bremen",6,"QUEUING_TRAFFIC","31.100000381469727",2025-05-22,"Beginn: 22.05.25 um 19:28 Uhr  Angespannte Verkehrslage, seit 22.05.2025, 19:28 A1: Osnabrück -> Bremen, zwischen AS Bremen/Brinkum und 1.5 km vor AS Bremen-Hemelingen  Stockender Verkehr Reisezeitverlust: 6 Minuten Durchschnittsgeschwindigkeit: 31 km/h",53.0232578302456,8.80325185412224
"A1","undefined--vi-avl.2025-05-23_00-22-30-000.f_003.de0","53.023249323822576,8.803118418591199,53.023249323822576,8.803118418591199","53.023249323822576,8.803118418591199","WARNING","A1 | Krummhörens Kuhlen - Krummhörens Kuhlen"," Osnabrück -> Bremen",NA,"QUEUING_TRAFFIC","24",2025-05-23,"Beginn: 23.05.25 um 00:22 Uhr  Angespannte Verkehrslage, seit 23.05.2025, 00:22 A1: Osnabrück -> Bremen, 1.4 km vor Krummhörens Kuhlen, aus Richtung Bremen/Brinkum  Stockender Verkehr Durchschnittsgeschwindigkeit: 24 km/h",53.0232493238226,8.8031184185912
"A1","undefined--vi-hind.2025-05-22_22-03-00-000.f_001.de0","53.50929678257153,10.057088901590378,53.50929678257153,10.057088901590378","53.50929678257153,10.057088901590378","WARNING","A1 | Hamburg-Norderelbe - Hamburg-Südost"," Hamburg -> Lübeck",NA,NA,NA,2025-05-22,"Beginn: 22.05.25 um 22:03 Uhr  Fahrzeug-Hindernis, seit 22.05.2025, 22:03 A1: Hamburg -> Lübeck, zwischen 1.2 km hinter AK Hamburg-Norderelbe und 1.2 km vor AD Hamburg-Südost",53.5092967825715,10.0570889015904
"A1","undefined--vi-hind.2025-05-22_22-03-00-000.f.de0","53.509302500919404,10.063278300000514,53.5094444127468,10.056993241326454","53.509302500919404,10.063278300000514","WARNING","A1 | Hamburg-Südost - Hamburg-Norderelbe"," Lübeck -> Hamburg",NA,NA,NA,2025-05-22,"Beginn: 22.05.25 um 22:03 Uhr  Fahrzeug-Hindernis, seit 22.05.2025, 22:03 A1: Lübeck -> Hamburg, zwischen 1.2 km hinter AD Hamburg-Südost und 1.4 km vor AK Hamburg-Norderelbe",53.5093025009194,10.0632783000005
"A2","undefined--vi-avl.2025-05-23_00-21-00-000.f.de0","51.53881848420121,6.859114793671072,51.5389614603893,6.871131056553312","51.53881848420121,6.859114793671072","WARNING","A2 | Oberhausen - Schwarze Heide"," Oberhausen -> Dortmund",1,"QUEUING_TRAFFIC","28.399999618530273",2025-05-23,"Beginn: 23.05.25 um 00:21 Uhr  Angespannte Verkehrslage, seit 23.05.2025, 00:21 A2: Oberhausen -> Dortmund, zwischen 1.7 km hinter AK Oberhausen und 1.0 km vor Schwarze Heide  Stockender Verkehr Reisezeitverlust: 1 Minuten Durchschnittsgeschwindigkeit: 28 km/h",51.5388184842012,6.85911479367107
"A2","undefined--vi-avl.2025-05-23_00-21-30-000.f_002.de0","51.53881848420121,6.859114793671072,51.53881848420121,6.859114793671072","51.53881848420121,6.859114793671072","WARNING","A2 | Oberhausen-Königshardt - Oberhausen-Königshardt"," Oberhausen -> Dortmund",NA,"QUEUING_TRAFFIC","22",2025-05-23,"Beginn: 23.05.25 um 00:22 Uhr  Angespannte Verkehrslage, seit 23.05.2025, 00:22 A2: Oberhausen -> Dortmund, 0.7 km vor AS Oberhausen-Königshardt, aus Richtung Oberhausen  Stockender Verkehr Durchschnittsgeschwindigkeit: 22 km/h",51.5388184842012,6.85911479367107
"A3","undefined--vi-avl.2025-05-23_00-19-00-000.f_002.de0","48.560835372136914,13.387905094936775,48.57263299762938,13.371373298595225","48.560835372136914,13.387905094936775","WARNING","A3 | Hammerbach - Donautal"," Passau -> Nürnberg",0,"SLOW_TRAFFIC","61.5",2025-05-23,"Beginn: 23.05.25 um 00:19 Uhr  Angespannte Verkehrslage, seit 23.05.2025, 00:19 A3: Passau -> Nürnberg, zwischen 0.1 km hinter Hammerbach und 2.0 km vor Donautal  Langsamer Verkehr Reisezeitverlust: 0 Minuten Durchschnittsgeschwindigkeit: 61 km/h",48.5608353721369,13.3879050949368
"A3","undefined--vi-hind.2025-05-23_00-07-00-000.f.de0","49.177724711994166,11.738714697837544,49.17730792912068,11.74118427287368","49.177724711994166,11.738714697837544","WARNING","A3 | Parsberg - Hüttberg"," Nürnberg -> Passau",NA,NA,NA,2025-05-23,"Beginn: 23.05.25 um 00:07 Uhr  Fahrzeug-Hindernis, seit 23.05.2025, 00:07 A3: Nürnberg -> Passau, zwischen 0.5 km hinter AS Parsberg und 0.5 km vor Hüttberg Gefahr durch ein defektes Fahrzeug auf der Fahrbahn",49.1777247119942,11.7387146978375
"A3","undefined--vi-hind.2025-05-22_21-37-00-000.f_006.de0","49.991534025519144,9.082757533950018,49.991139900941164,9.17131260000005","49.991534025519144,9.082757533950018","WARNING","A3 | Aschaffenburg - Einhausung West"," Frankfurt -> Würzburg",NA,NA,NA,2025-05-22,"Beginn: 22.05.25 um 21:37 Uhr  Fahrzeug-Hindernis, seit 22.05.2025, 21:37 A3: Frankfurt -> Würzburg, zwischen 0.6 km hinter AS Aschaffenburg und 1.4 km vor Einhausung West Gefahr durch ein defektes Fahrzeug auf der Fahrbahn",49.9915340255191,9.08275753395002
"A3","undefined--vi-avl.2025-05-22_22-49-30-000.f.de0","51.89839901701434,6.165717280673193,51.89839901701434,6.165717280673193","51.89839901701434,6.165717280673193","WARNING","A3 | Knauheide - Knauheide"," Arnheim -> Oberhausen",NA,"STATIONARY_TRAFFIC","13",2025-05-23,"Beginn: 23.05.25 um 00:22 Uhr  Angespannte Verkehrslage, seit 23.05.2025, 00:22 A3: Arnheim -> Oberhausen, 0.1 km vor Knauheide, aus Richtung Elten  Im Stillstand Durchschnittsgeschwindigkeit: 13 km/h",51.8983990170143,6.16571728067319
"A3","undefined--vi-avl.2025-05-22_22-49-00-000.f_002.de0","51.89839901701434,6.165717280673193,51.89532710093108,6.168877099986451","51.89839901701434,6.165717280673193","WARNING","A3 | Elten - Elten"," Arnheim -> Oberhausen",0,"STATIONARY_TRAFFIC","27.5",2025-05-22,"Beginn: 22.05.25 um 22:49 Uhr  Angespannte Verkehrslage, seit 22.05.2025, 22:49 A3: Arnheim -> Oberhausen, zwischen 0.4 km hinter Elten und 1.4 km vor AS Elten  Im Stillstand Reisezeitverlust: 0 Minuten Durchschnittsgeschwindigkeit: 27 km/h",51.8983990170143,6.16571728067319
"A4","undefined--vi-avl.2025-05-23_00-22-30-000.f_001.de0","50.846180869730524,9.665618885404463,50.84724688723345,9.64930253423952","50.846180869730524,9.665618885404463","WARNING","A4 | Bad Hersfeld - Kirchheimer Dreieck"," Erfurt -> Bad Hersfeld",0,"SLOW_TRAFFIC","59.20000076293945",2025-05-23,"Beginn: 23.05.25 um 00:22 Uhr  Angespannte Verkehrslage, seit 23.05.2025, 00:22 A4: Erfurt -> Bad Hersfeld, zwischen 4.2 km hinter AS Bad Hersfeld und 4.9 km vor AD Kirchheimer Dreieck  Langsamer Verkehr Reisezeitverlust: 0 Minuten Durchschnittsgeschwindigkeit: 59 km/h",50.8461808697305,9.66561888540446
"A4","undefined--vi-hind.2025-05-22_20-06-00-000.f_009.de0","50.88446160093708,12.15258750002558,50.87178961556164,12.221168510373618","50.88446160093708,12.15258750002558","WARNING","A4 | Gera-Leumnitz - Ronneburg"," Erfurt -> Chemnitz",NA,NA,NA,2025-05-22,"Beginn: 22.05.25 um 20:06 Uhr  Fahrzeug-Hindernis, seit 22.05.2025, 20:06 A4: Erfurt -> Chemnitz, zwischen 0.2 km hinter AS Gera-Leumnitz und 0.5 km vor AS Ronneburg Gefahr durch ein defektes Fahrzeug auf der Fahrbahn",50.8844616009371,12.1525875000256
"A6","undefined--vi-avl.2025-05-23_00-19-30-000.f_003.de0","49.411636265845914,11.597968449630306,49.42108460094354,11.628124300012004","49.411636265845914,11.597968449630306","WARNING","A6 | Poppberg - Am Hoch"," Nürnberg -> Pilsen",2,"SLOW_TRAFFIC","45.70000076293945",2025-05-23,"Beginn: 23.05.25 um 00:19 Uhr  Angespannte Verkehrslage, seit 23.05.2025, 00:19 A6: Nürnberg -> Pilsen, zwischen 0.5 km hinter Poppberg und 0.2 km vor Am Hoch  Langsamer Verkehr Reisezeitverlust: 2 Minuten Durchschnittsgeschwindigkeit: 45 km/h",49.4116362658459,11.5979684496303
"A6","undefined--vi-avl.2025-05-23_00-21-30-000.f.de0","49.423657132716244,11.6337442174029,49.41357780835776,11.604295953470354","49.423657132716244,11.6337442174029","WARNING","A6 | Sulzbach-Rosenberg - Poppberg"," Pilsen -> Nürnberg",2,"SLOW_TRAFFIC","43.29999923706055",2025-05-23,"Beginn: 23.05.25 um 00:21 Uhr  Angespannte Verkehrslage, seit 23.05.2025, 00:21 A6: Pilsen -> Nürnberg, zwischen 1.7 km hinter AS Sulzbach-Rosenberg und 1.0 km vor Poppberg  Langsamer Verkehr Reisezeitverlust: 2 Minuten Durchschnittsgeschwindigkeit: 43 km/h",49.4236571327162,11.6337442174029
"A6","undefined--vi-avl.2025-05-23_00-07-00-000.f.de0","49.42314237612185,11.703998144769006,49.42929430295637,11.650204116783275","49.42314237612185,11.703998144769006","WARNING","A6 | Brunnberg - Am Hoch"," Pilsen -> Nürnberg",2,"SLOW_TRAFFIC","52.29999923706055",2025-05-23,"Beginn: 23.05.25 um 00:07 Uhr  Angespannte Verkehrslage, seit 23.05.2025, 00:07 A6: Pilsen -> Nürnberg, zwischen 3.2 km hinter Brunnberg und 1.7 km vor Am Hoch  Langsamer Verkehr Reisezeitverlust: 2 Minuten Durchschnittsgeschwindigkeit: 52 km/h",49.4231423761219,11.703998144769
"A7","undefined--vi-avl.2025-05-23_00-21-00-000.f_003.de0","47.57281715255463,10.660730130503572,47.56588319129067,10.658512500275656","47.57281715255463,10.660730130503572","WARNING","A7 | Füssen - Grenztunnel Füssen"," Ulm -> Füssen/Reutte",0,"SLOW_TRAFFIC","41.79999923706055",2025-05-23,"Beginn: 23.05.25 um 00:21 Uhr  Angespannte Verkehrslage, seit 23.05.2025, 00:21 A7: Ulm -> Füssen/Reutte, zwischen 0.1 km hinter AS Füssen und 0.7 km vor Grenztunnel Füssen  Langsamer Verkehr Reisezeitverlust: 0 Minuten Durchschnittsgeschwindigkeit: 41 km/h",47.5728171525546,10.6607301305036
"A7","undefined--vi-avl.2025-05-23_00-21-00-000.f_001.de0","47.62642098620991,10.629634179723576,47.61770237141563,10.661411665741468","47.62642098620991,10.629634179723576","WARNING","A7 | Nesselwang - Reinertshofertunnel"," Ulm -> Füssen/Reutte",1,"SLOW_TRAFFIC","59.20000076293945",2025-05-23,"Beginn: 23.05.25 um 00:21 Uhr  Angespannte Verkehrslage, seit 23.05.2025, 00:21 A7: Ulm -> Füssen/Reutte, zwischen 8.1 km hinter AS Nesselwang und 2.0 km vor Reinertshofertunnel  Langsamer Verkehr Reisezeitverlust: 1 Minuten Durchschnittsgeschwindigkeit: 59 km/h",47.6264209862099,10.6296341797236
"A7","undefined--vi-hind.2025-05-22_23-09-00-000.f_003.de0","51.12375580093556,9.479398900000142,51.20491919729264,9.468087569913106","51.12375580093556,9.479398900000142","WARNING","A7 | Malsfeld - Guxhagen"," Fulda -> Kassel",NA,NA,NA,2025-05-22,"Beginn: 22.05.25 um 23:09 Uhr  Fahrzeug-Hindernis, seit 22.05.2025, 23:09 A7: Fulda -> Kassel, zwischen 4.1 km hinter AS Malsfeld und AS Guxhagen",51.1237558009356,9.47939890000014
"A7","undefined--vi-zus.2025-03-31_00-40-00-000.f_018.de0","53.579141433849884,9.913430072127355,53.55636870091902,9.897540700000414","53.579141433849884,9.913430072127355","WARNING","A7 | Hamburg-Volkspark - Elbtunnel (Nordportal)"," Flensburg -> Hamburg",NA,NA,NA,2025-03-31,"Beginn: 31.03.25 um 00:40 Uhr  Zusammengesetzte Verkehrsinformation, seit 31.03.2025, 00:40 A7: Flensburg -> Hamburg, zwischen 0.4 km hinter AS Hamburg-Volkspark und 0.9 km vor Elbtunnel (Nordportal)  A7 Flensburg Richtung Hamburg Ausfahrt Hamburg-Othmarschen Fahrbahnverengung, maximale Fahrbahnbreite von 4,50 m, Bauarbeiten, bis 29.09.2025",53.5791414338499,9.91343007212735
"A7","undefined--vi-avl.2025-05-22_20-21-30-000.f_006.de0","54.804956120681226,9.328584387866814,54.804956120681226,9.328584387866814","54.804956120681226,9.328584387866814","WARNING","A7 | Ellund - Ellund"," Flensburg -> Hamburg",NA,"QUEUING_TRAFFIC","14",2025-05-23,"Beginn: 23.05.25 um 00:21 Uhr  Angespannte Verkehrslage, seit 23.05.2025, 00:21 A7: Flensburg -> Hamburg, 0.1 km vor Ellund, aus Richtung Ellund  Stockender Verkehr Durchschnittsgeschwindigkeit: 14 km/h",54.8049561206812,9.32858438786681
"A7","undefined--vi-avl.2025-05-22_20-15-00-000.f_001.de0","54.8049820054157,9.328571338481932,54.79935473438442,9.331428547658858","54.8049820054157,9.328571338481932","WARNING","A7 | Ellund - Flensburg/Harrislee"," Flensburg -> Hamburg",1,"QUEUING_TRAFFIC","27.299999237060547",2025-05-22,"Beginn: 22.05.25 um 20:15 Uhr  Angespannte Verkehrslage, seit 22.05.2025, 20:15 A7: Flensburg -> Hamburg, zwischen 0.1 km hinter Ellund und 3.1 km vor AS Flensburg/Harrislee  Stockender Verkehr Reisezeitverlust: 1 Minuten Durchschnittsgeschwindigkeit: 27 km/h",54.8049820054157,9.32857133848193
"A8","undefined--vi-zus.2025-03-26_17-59-56-000.f_013.de0","49.32575278791285,7.172731755291576,49.327350714671546,7.213275819282444","49.32575278791285,7.172731755291576","WARNING","A8 | Neunkirchen/Spiesen - Kohlhof"," Saarlouis -> Neunkirchen",NA,NA,NA,2025-03-26,"Beginn: 26.03.25 um 17:59 Uhr  Zusammengesetzte Verkehrsinformation, seit 26.03.2025, 17:59 A8: Saarlouis -> Neunkirchen, zwischen 1.5 km hinter AS Neunkirchen/Spiesen und 1.0 km vor Kohlhof  A8 Saarlouis - Neunkirchen zwischen Neunkirchen-Spiesen und Neunkirchen-Oberstadt in beiden Richtungen Bauarbeiten, bis voraussichtlich 01.06.2025",49.3257527879128,7.17273175529158
"A8","undefined--vi-zus.2025-05-14_09-26-56-000.f.de0","49.32628400979037,7.229641516813452,49.329166750017514,7.1882642393148934","49.32628400979037,7.229641516813452","WARNING","A8 | Neunkirchen-Wellesweiler - Neunkirchen/Spiesen"," Neunkirchen -> Saarlouis",NA,NA,NA,2025-05-14,"Beginn: 14.05.25 um 09:26 Uhr  Zusammengesetzte Verkehrsinformation, seit 14.05.2025, 09:26 A8: Neunkirchen -> Saarlouis, zwischen 0.4 km hinter AS Neunkirchen-Wellesweiler und 2.7 km vor AS Neunkirchen/Spiesen  A8 Saarlouis - Neunkirchen zwischen Neunkirchen-Spiesen und Neunkirchen-Oberstadt in beiden Richtungen Bauarbeiten, bis voraussichtlich 01.06.2025",49.3262840097904,7.22964151681345
"A8","undefined--vi-zus.2025-05-18_05-16-30-000.f.de0","48.913830664848554,8.709229392390208,48.893742102386284,8.785366612768925","48.913830664848554,8.709229392390208","WARNING","A8 | Am Waisenrain - Pforzheim-Süd"," Karlsruhe -> Stuttgart",NA,NA,NA,2025-05-18,"Beginn: 18.05.25 um 05:16 Uhr  Zusammengesetzte Verkehrsinformation, seit 18.05.2025, 05:16 A8: Karlsruhe -> Stuttgart, zwischen 1.5 km hinter Am Waisenrain und 1.7 km vor AS Pforzheim-Süd  Gefahr durch Gegenstände auf der Fahrbahn  A8 Karlsruhe Richtung Stuttgart zwischen Pforzheim-Ost und Heimsheim Nachtbaustelle, Fahrbahnerneuerung, linker Fahrstreifen gesperrt, mittlerer Fahrstreifen gesperrt",48.9138306648486,8.70922939239021
"A8","undefined--vi-avl.2025-05-22_23-59-30-000.f_001.de0","47.76831155385765,12.936363378739337,47.76820041309682,12.933978807303449","47.76831155385765,12.936363378739337","WARNING","A8 | Schwarzbach - Bad Reichenhall"," Salzburg -> München",0,"QUEUING_TRAFFIC","12.899999618530273",2025-05-22,"Beginn: 22.05.25 um 23:59 Uhr  Angespannte Verkehrslage, seit 22.05.2025, 23:59 A8: Salzburg -> München, zwischen 0.3 km hinter Schwarzbach und 2.2 km vor AS Bad Reichenhall  Stockender Verkehr Reisezeitverlust: 0 Minuten Durchschnittsgeschwindigkeit: 12 km/h",47.7683115538577,12.9363633787393
"A9","undefined--vi-zus.2025-05-22_22-59-00-000.f.de0","48.39397887817319,11.594983387136368,48.42682169741503,11.589585297549014","48.39397887817319,11.594983387136368","WARNING","A9 | Aster Moos - Allershausen"," München -> Nürnberg",NA,NA,NA,2025-05-22,"Beginn: 22.05.25 um 22:59 Uhr  Zusammengesetzte Verkehrsinformation, seit 22.05.2025, 22:59 A9: München -> Nürnberg, zwischen 0.9 km hinter Aster Moos und 0.2 km vor AS Allershausen  A9 München - Nürnberg zwischen Kreuz Neufahrn und Allershausen in beiden Richtungen linker Fahrstreifen gesperrt, Bauarbeiten, von 22.05.2025 23:00 Uhr bis 23.05.2025 03:00 Uhr",48.3939788781732,11.5949833871364
"A9","undefined--vi-zus.2025-05-23_00-16-00-000.f.de0","48.734219285871525,11.469796445541117,48.74841455321889,11.459133011615268","48.734219285871525,11.469796445541117","WARNING","A9 | Neuburg a.d.Donau - Ingolstadt-Süd"," München -> Nürnberg",0,"SLOW_TRAFFIC","61",2025-05-23,"Beginn: 23.05.25 um 00:16 Uhr  Zusammengesetzte Verkehrsinformation, seit 23.05.2025, 00:16 A9: München -> Nürnberg, zwischen 2.7 km hinter AS Neuburg a.d.Donau und 0.3 km vor AS Ingolstadt-Süd  Langsamer Verkehr Reisezeitverlust: 0 Minuten Durchschnittsgeschwindigkeit: 61 km/h",48.7342192858715,11.4697964455411
"A9","undefined--vi-avl.2025-05-23_00-16-30-000.f_002.de0","50.66789244527171,11.820468366451484,50.64954241408209,11.804570932755958","50.66789244527171,11.820468366451484","WARNING","A9 | Triptis - Himmelsteiche"," Halle/Leipzig -> Nürnberg",0,"SLOW_TRAFFIC","78.0999984741211",2025-05-23,"Beginn: 23.05.25 um 00:16 Uhr  Angespannte Verkehrslage, seit 23.05.2025, 00:16 A9: Halle/Leipzig -> Nürnberg, zwischen 9.7 km hinter AS Triptis und 7.6 km vor Himmelsteiche  Langsamer Verkehr Reisezeitverlust: 0 Minuten Durchschnittsgeschwindigkeit: 78 km/h",50.6678924452717,11.8204683664515
"A9","undefined--vi-avl.2025-05-23_00-18-00-000.f_001.de0","50.90991867416974,11.841701778869018,50.90009857659736,11.84324235685393","50.90991867416974,11.841701778869018","WARNING","A9 | Bad Klosterlausnitz - Hermsdorfer Kreuz"," Halle/Leipzig -> Nürnberg",0,"SLOW_TRAFFIC","61.900001525878906",2025-05-23,"Beginn: 23.05.25 um 00:18 Uhr  Angespannte Verkehrslage, seit 23.05.2025, 00:18 A9: Halle/Leipzig -> Nürnberg, zwischen 0.1 km hinter AS Bad Klosterlausnitz und 2.2 km vor AK Hermsdorfer Kreuz  Langsamer Verkehr Reisezeitverlust: 0 Minuten Durchschnittsgeschwindigkeit: 61 km/h",50.9099186741697,11.841701778869
"A12","undefined--vi-avl.2025-05-22_23-54-00-000.f_005.de0","52.31471116709798,14.55913808194117,52.3147210491213,14.554566225672412","52.31471116709798,14.55913808194117","WARNING","A12 | Frankfurt(Oder) - Frankfurt(Oder)-Mitte"," Frankfurt(Oder) -> Berliner Ring",2,"STATIONARY_TRAFFIC","7.300000190734863",2025-05-22,"Beginn: 22.05.25 um 23:54 Uhr  Angespannte Verkehrslage, seit 22.05.2025, 23:54 A12: Frankfurt(Oder) -> Berliner Ring, zwischen 1.3 km hinter Frankfurt(Oder) und 2.5 km vor AS Frankfurt(Oder)-Mitte  Im Stillstand Reisezeitverlust: 2 Minuten Durchschnittsgeschwindigkeit: 7 km/h",52.314711167098,14.5591380819412
"A12","WarnungA10Lkw3","47.61802931631098,12.202336027754352,47.61802931631098,12.202336027754352","47.61802931631098,12.202336027754352","WARNING","E45/E60 | LKW Blockabfertigung | A12-Inntal Autobahn","Richtung Italien",NA,NA,NA,2025-01-11,"Zeitraum: Beginn: 07.01.2025 Ende: 09.12.2025  Hinweis für LKW-Reisende nach Österreich: LKW-Blockabfertigungen an ausgewählten Tagen für Lkw am Grenzübergang Kufstein/Kiefersfelden. Maximaler Durchlass von 300 LKWs pro Stunde  Die genauen Ausführungszeiten und weitere Informationen auf tirol.gv.at/verkehr/verkehrs-und-seilbahnrecht/lkw-dosierung.",47.618029316311,12.2023360277544
"A12","WarnungA10Lkw2","47.6164490154047,12.202382557672273,47.6164490154047,12.202382557672273","47.6164490154047,12.202382557672273","WARNING","E43/E45/E60 | A13-Brenner Autobahn","Richtung Italien",NA,NA,NA,2025-01-11,"Zeitraum: Beginn: 11.01.2025 Ende: 27.09.2025  Hinweis für LKW-Reisende nach Österreich: LKW-Fahrverbot auf der A12-Inntal Autobahn, A13-Brenner Autobahn und A14-Rheintal/Walgau Autobahn, wenn das Ziel der Fahrt der Anschlussstelle Nößlach bis Anschlussstelle Brenner Nord der Richtungsfahrbahn Staatsgrenze der A 13 Brenner Autobahn erreicht werden soll. An ausgewählten Samstagen 7-15 Uhr sowie weiteren Tagen im Zeitraum 11.01. - 27.09.2025 Weitere Informationen auf http://asfinag.at/a13",47.6164490154047,12.2023825576723
"A15","undefined--vi-avl.2025-05-23_00-17-30-000.f_002.de0","51.707436229347316,14.409662913357797,51.70718735469796,14.429873535504264","51.707436229347316,14.409662913357797","WARNING","A15 | Cottbus-Süd - Roggosen"," Cottbus -> Breslau",0,"SLOW_TRAFFIC","73.5",2025-05-23,"Beginn: 23.05.25 um 00:17 Uhr  Angespannte Verkehrslage, seit 23.05.2025, 00:17 A15: Cottbus -> Breslau, zwischen 4.4 km hinter AS Cottbus-Süd und 2.5 km vor AS Roggosen  Langsamer Verkehr Reisezeitverlust: 0 Minuten Durchschnittsgeschwindigkeit: 73 km/h",51.7074362293473,14.4096629133578
"A17","undefined--vi-avl.2025-05-23_00-15-30-000.f.de0","50.82026170094333,13.887384300240237,50.82026170094333,13.887384300240237","50.82026170094333,13.887384300240237","WARNING","A17 | Am Heidenholz - Am Heidenholz"," Prag -> Dresden",NA,"QUEUING_TRAFFIC","24",2025-05-23,"Beginn: 23.05.25 um 00:15 Uhr  Angespannte Verkehrslage, seit 23.05.2025, 00:15 A17: Prag -> Dresden, 0.2 km vor Am Heidenholz, aus Richtung Breitenau-Schönwald  Stockender Verkehr Durchschnittsgeschwindigkeit: 24 km/h",50.8202617009433,13.8873843002402
"A17","undefined--vi-zus.2025-05-22_23-59-30-000.f.de0","50.82026170094333,13.887384300240237,50.82713299600389,13.887562977689061","50.82026170094333,13.887384300240237","WARNING","A17 | Breitenau-Schönwald - Bad Gottleuba"," Prag -> Dresden",1,"QUEUING_TRAFFIC","32.900001525878906",2025-05-22,"Beginn: 22.05.25 um 23:59 Uhr  Zusammengesetzte Verkehrsinformation, seit 22.05.2025, 23:59 A17: Prag -> Dresden, zwischen 4.5 km hinter Breitenau-Schönwald und 0.5 km vor AS Bad Gottleuba  Stockender Verkehr Reisezeitverlust: 1 Minuten Durchschnittsgeschwindigkeit: 32 km/h",50.8202617009433,13.8873843002402
"A27","undefined--vi-avl.2025-05-23_00-16-00-000.f_001.de0","53.51981173261174,8.626233275667465,53.4869905091665,8.622513015692313","53.51981173261174,8.626233275667465","WARNING","A27 | Bremerhaven-Geestemünde - Nesse"," Bremerhaven -> Bremen",3,"SLOW_TRAFFIC","35.599998474121094",2025-05-23,"Beginn: 23.05.25 um 00:16 Uhr  Angespannte Verkehrslage, seit 23.05.2025, 00:16 A27: Bremerhaven -> Bremen, zwischen 0.7 km hinter AS Bremerhaven-Geestemünde und 1.1 km vor Nesse  Langsamer Verkehr Reisezeitverlust: 3 Minuten Durchschnittsgeschwindigkeit: 35 km/h",53.5198117326117,8.62623327566746
"A28","undefined--vi-avl.2025-05-23_00-19-30-000.f_007.de0","53.0071661009233,8.701059899999887,53.0071661009233,8.701059899999887","53.0071661009233,8.701059899999887","WARNING","A28 | Stuhr - Stuhr"," Oldenburg -> Bremen",NA,"STATIONARY_TRAFFIC","4",2025-05-23,"Beginn: 23.05.25 um 00:19 Uhr  Angespannte Verkehrslage, seit 23.05.2025, 00:19 A28: Oldenburg -> Bremen, in Höhe AD Stuhr, aus Richtung Groß Mackenstedt  Im Stillstand Durchschnittsgeschwindigkeit: 4 km/h",53.0071661009233,8.70105989999989
"A29","undefined--vi-avl.2025-05-23_00-07-00-000.f_002.de0","53.44275419321668,8.03013420038051,53.43188648033647,8.049432673896689","53.44275419321668,8.03013420038051","WARNING","A29 | Zetel - Varel/Bockhorn"," Wilhelmshaven -> Oldenburg",0,"SLOW_TRAFFIC","73.5999984741211",2025-05-23,"Beginn: 23.05.25 um 00:07 Uhr  Angespannte Verkehrslage, seit 23.05.2025, 00:07 A29: Wilhelmshaven -> Oldenburg, zwischen 0.6 km hinter AS Zetel und 5.6 km vor AS Varel/Bockhorn  Langsamer Verkehr Reisezeitverlust: 0 Minuten Durchschnittsgeschwindigkeit: 73 km/h",53.4427541932167,8.03013420038051
"A31","undefined--vi-avl.2025-05-22_17-49-56-000.f_016.de0","52.11533598065041,7.086335600887026,52.135186734791155,7.089543852877889","52.11533598065041,7.086335600887026","WARNING","A31 | Averbeck - Gronau/Ochtrup"," Oberhausen -> Gronau",1,"SLOW_TRAFFIC","61.20000076293945",2025-05-22,"Beginn: 22.05.25 um 17:49 Uhr  Angespannte Verkehrslage, seit 22.05.2025, 17:49 A31: Oberhausen -> Gronau, zwischen 1.2 km hinter Averbeck und 6.6 km vor AS Gronau/Ochtrup  Langsamer Verkehr Reisezeitverlust: 1 Minuten Durchschnittsgeschwindigkeit: 61 km/h",52.1153359806504,7.08633560088703
"A37","undefined--vi-zus.2025-05-20_10-04-05-000.f_002.de0","52.442156462690335,9.933442989087833,52.436581812162494,9.913211841333315","52.442156462690335,9.933442989087833","WARNING","A37 | Beinhorn - Hannover-Kirchhorst"," Celle -> Hannover",NA,NA,NA,2025-05-20,"Beginn: 20.05.25 um 10:04 Uhr  Zusammengesetzte Verkehrsinformation, seit 20.05.2025, 10:04 B3: Celle -> Hannover, zwischen 0.4 km hinter AS Beinhorn und 2.1 km vor AK Hannover-Kirchhorst  A37 Messe - Burgdorf
zwischen Kreuz Hannover-Buchholz und Beinhorn
in beiden Richtungen geänderte Verkehrsführung im Baustellenbereich, Bauarbeiten, bis 30.10.2026 ca. 18:00 Uhr",52.4421564626903,9.93344298908783
"A37","undefined--vi-zus.2025-05-20_10-04-05-000.f_003.de0","52.42566547847685,9.880479425875153,52.44102213295518,9.93161290421946","52.42566547847685,9.880479425875153","WARNING","Baustelle"," km 22.62 --> km 26.54",NA,NA,NA,2025-05-20,"Beginn: 20.05.25 um 10:04 Uhr  Zusammengesetzte Verkehrsinformation, seit 20.05.2025, 10:04 A37: km 22.62 --> km 26.54  A37 Messe - Burgdorf
zwischen Kreuz Hannover-Buchholz und Beinhorn
in beiden Richtungen geänderte Verkehrsführung im Baustellenbereich, Bauarbeiten, bis 30.10.2026 ca. 18:00 Uhr",52.4256654784769,9.88047942587515
"A38","undefined--vi-zus.2025-05-22_23-14-30-000.f_003.de0","51.40133230093407,11.772664500012908,51.40378458574128,11.860683054635373","51.40133230093407,11.772664500012908","WARNING","A38 | Schafstädt - Bad Lauchstädt"," Göttingen -> Halle",NA,NA,NA,2025-05-22,"Beginn: 22.05.25 um 23:14 Uhr  Zusammengesetzte Verkehrsinformation, seit 22.05.2025, 23:14 A38: Göttingen -> Halle, zwischen 0.2 km hinter AS Schafstädt und 3.1 km vor AS Bad Lauchstädt  Gefahr durch Gegenstände auf der Fahrbahn  Gefahr durch ein defektes Fahrzeugs auf der Fahrbahn  A38 Göttingen Richtung Halle zwischen Schafstädt und Dreieck Halle-Süd Gefahr durch ein totes Tier (Reh) auf allen Fahrstreifen, defekter PKW auf dem Standstreifen, fahren Sie bitte besonders vorsichtig",51.4013323009341,11.7726645000129
"A40","undefined--vi-avl.2025-05-23_10-40-00-000.f_026.de0","51.49586584711128,7.188980215086521,51.49600382564044,7.189722511193523","51.49586584711128,7.188980215086521","WARNING","A40 | Bochum-West - Bochum-Freudenbergstraße"," Essen -> Dortmund",0,"STATIONARY_TRAFFIC","35",2025-05-23,"Beginn: 23.05.25 um 10:40 Uhr  Angespannte Verkehrslage, seit 23.05.2025, 10:40 A40: Essen -> Dortmund, zwischen 1.8 km hinter AD Bochum-West und 0.9 km vor AS Bochum-Freudenbergstraße  Im Stillstand Reisezeitverlust: 0 Minuten Durchschnittsgeschwindigkeit: 35 km/h",51.4958658471113,7.18898021508652
"A44","undefined--vi-avl.2025-05-22_23-04-30-000.f_005.de0","51.5336687190414,7.841246844823421,51.53323805512703,7.854588665975875","51.5336687190414,7.841246844823421","WARNING","A44 | Buchenhain - Am Haarstrang"," Dortmund -> Kassel",0,"SLOW_TRAFFIC","54.29999923706055",2025-05-22,"Beginn: 22.05.25 um 23:04 Uhr  Angespannte Verkehrslage, seit 22.05.2025, 23:04 A44: Dortmund -> Kassel, zwischen 3.5 km hinter Buchenhain und 0.4 km vor Am Haarstrang  Langsamer Verkehr Reisezeitverlust: 0 Minuten Durchschnittsgeschwindigkeit: 54 km/h",51.5336687190414,7.84124684482342
"A44","undefined--vi-avl.2025-05-22_18-38-43-000.f_001.de0","51.576507068237355,8.230751484771853,51.573830305004996,8.218808528612874","51.576507068237355,8.230751484771853","WARNING","A44 | Völlinghauser Flur - Lohner Klei"," Kassel -> Dortmund",0,"SLOW_TRAFFIC","59.5",2025-05-22,"Beginn: 22.05.25 um 18:38 Uhr  Angespannte Verkehrslage, seit 22.05.2025, 18:38 A44: Kassel -> Dortmund, zwischen 3.4 km hinter Völlinghauser Flur und 1.1 km vor Lohner Klei  Langsamer Verkehr Reisezeitverlust: 0 Minuten Durchschnittsgeschwindigkeit: 59 km/h",51.5765070682374,8.23075148477185
"A44","undefined--vi-avl.2025-05-22_18-23-04-000.f_006.de0","51.520918766614564,8.927584327204661,51.53403825146565,8.893497429348404","51.520918766614564,8.927584327204661","WARNING","A44 | Marsberg - Blankenrode"," Kassel -> Dortmund",1,"SLOW_TRAFFIC","61",2025-05-22,"Beginn: 22.05.25 um 18:23 Uhr  Angespannte Verkehrslage, seit 22.05.2025, 18:23 A44: Kassel -> Dortmund, zwischen 2.4 km hinter AS Marsberg und 1.6 km vor Blankenrode  Langsamer Verkehr Reisezeitverlust: 1 Minuten Durchschnittsgeschwindigkeit: 61 km/h",51.5209187666146,8.92758432720466
"A45","undefined--vi-hind.2025-05-22_23-57-00-000.f.de0","50.02367273658785,9.050880038316306,50.04709330094093,9.053241800000011","50.02367273658785,9.050880038316306","WARNING","A45 | Kleinostheim - Alzenau-Mitte"," Aschaffenburg -> Gießen",NA,NA,NA,2025-05-22,"Beginn: 22.05.25 um 23:57 Uhr  Hindernis, seit 22.05.2025, 23:57 A45: Aschaffenburg -> Gießen, zwischen 0.3 km hinter AS Kleinostheim und 4.6 km vor AS Alzenau-Mitte  Gefahr durch Gegenstände auf der Fahrbahn",50.0236727365878,9.05088003831631
"A45","undefined--vi-zus.2025-05-22_23-37-33-000.f.de0","50.02367273658785,9.050880038316306,50.04709330094093,9.053241800000011","50.02367273658785,9.050880038316306","WARNING","A45 | Kleinostheim - Alzenau-Mitte"," Aschaffenburg -> Gießen",NA,NA,NA,2025-05-22,"Beginn: 22.05.25 um 23:37 Uhr  Zusammengesetzte Verkehrsinformation, seit 22.05.2025, 23:37 A45: Aschaffenburg -> Gießen, zwischen 0.3 km hinter AS Kleinostheim und 4.6 km vor AS Alzenau-Mitte  Gefahr durch Gegenstände auf der Fahrbahn  A45 Aschaffenburg Richtung Gießen
zwischen Kleinostheim und Karlstein
Richtungsfahrbahn gesperrt, vorübergehend Bergungsarbeiten, Unfall mit mehreren Fahrzeugen, Gefahr durch Gegenstände auf der Fahrbahn",50.0236727365878,9.05088003831631
"A45","undefined--vi-avl.2025-05-22_23-48-00-000.f.de0","50.562164200938525,8.555622899999875,50.57060653659181,8.5469600437298","50.562164200938525,8.555622899999875","WARNING","A45 | Wetzlar-Süd - Wetzlar-Ost"," Gießen -> Hagen",0,"SLOW_TRAFFIC","66",2025-05-22,"Beginn: 22.05.25 um 23:48 Uhr  Angespannte Verkehrslage, seit 22.05.2025, 23:48 A45: Gießen -> Hagen, zwischen 0.9 km hinter AS Wetzlar-Süd und AS Wetzlar-Ost  Langsamer Verkehr Reisezeitverlust: 0 Minuten Durchschnittsgeschwindigkeit: 66 km/h",50.5621642009385,8.55562289999988
"A48","undefined--vi-avl.2025-05-23_00-17-00-000.f.de0","50.195529441197,6.939765888464385,50.21772512690497,6.994838419172436","50.195529441197,6.939765888464385","WARNING","A48 | Vulkaneifel - Laubach"," Dreieck Vulkaneifel -> Koblenz",2,"SLOW_TRAFFIC","57.29999923706055",2025-05-23,"Beginn: 23.05.25 um 00:17 Uhr  Angespannte Verkehrslage, seit 23.05.2025, 00:17 A48: Dreieck Vulkaneifel -> Koblenz, zwischen 3.1 km hinter AD Vulkaneifel und 7.2 km vor AS Laubach  Langsamer Verkehr Reisezeitverlust: 2 Minuten Durchschnittsgeschwindigkeit: 57 km/h",50.195529441197,6.93976588846439
"A48","undefined--vi-avl.2025-05-23_00-19-00-000.f_001.de0","50.23004987282121,7.010805488140015,50.24000288534023,7.0367739578005","50.23004987282121,7.010805488140015","WARNING","A48 | Ulmen - Laubach"," Dreieck Vulkaneifel -> Koblenz",1,"SLOW_TRAFFIC","51.29999923706055",2025-05-23,"Beginn: 23.05.25 um 00:19 Uhr  Angespannte Verkehrslage, seit 23.05.2025, 00:19 A48: Dreieck Vulkaneifel -> Koblenz, zwischen 3.8 km hinter AS Ulmen und 3.2 km vor AS Laubach  Langsamer Verkehr Reisezeitverlust: 1 Minuten Durchschnittsgeschwindigkeit: 51 km/h",50.2300498728212,7.01080548814002
"A60","undefined--vi-avl.2025-05-23_00-17-30-000.f_003.de0","50.18772398466052,6.385449097233246,50.175231250963115,6.389770932119956","50.18772398466052,6.385449097233246","WARNING","A60 | Schnee-Eifel - Prüm"," Lüttich -> Wittlich",0,"SLOW_TRAFFIC","51.599998474121094",2025-05-23,"Beginn: 23.05.25 um 00:17 Uhr  Angespannte Verkehrslage, seit 23.05.2025, 00:17 A60: Lüttich -> Wittlich, zwischen 3.7 km hinter Schnee-Eifel und AS Prüm  Langsamer Verkehr Reisezeitverlust: 0 Minuten Durchschnittsgeschwindigkeit: 51 km/h",50.1877239846605,6.38544909723325
"A60","undefined--vi-zus.2025-04-08_08-51-21-000.f_013.de0","49.98125533976677,8.345695317688524,49.97565770865279,8.441396718063045","49.98125533976677,8.345695317688524","WARNING","A60 | Mainspitz-Dreieck - Rüsselsheimer Dreieck"," Mainz -> Rüsselsheim",NA,NA,NA,2025-04-08,"Beginn: 08.04.25 um 08:51 Uhr  Zusammengesetzte Verkehrsinformation, seit 08.04.2025, 08:51 A60: Mainz -> Rüsselsheim, zwischen 0.5 km hinter AD Mainspitz-Dreieck und 2.2 km vor AD Rüsselsheimer Dreieck  Sperrung der A60 bei Königstädten – Grundhafte Fahrbahnerneuerung zwischen dem Rüsselsheimer Dreieck und dem Mainspitz Dreieck. Die Niederlassung West der Autobahn GmbH erneuert zwischen dem Rüsselsheimer Dreieck (30) und dem Mainspitz Dreieck (26) die Fahrbahn. Von Donnerstagmorgen (24. April) bis Mitte Juli wird die Anschlussstelle (AS) Königstädten (29) in Fahrtrichtung (FR) Mainz sowie in FR Rüsselsheimer Dreieck gesperrt. Umleitungsmöglichkeiten sind ausgeschildert: • Ausfahrt FR Mainz: Umleitung via AS Rüsselsheim-Mitte • Einfahrt FR Mainz: innerstädtische Umleitung zur AS Rüsselsheim-Mitte (Adam-Opel-Straße / Kurt-Schumacher-Ring), von Nauheim kommend via L3482 zur AS Bischofsheim • Einfahrt FR Darmstadt: innerstädtische Umleitung zur AS Rüsselsheim-Mitte (Adam-Opel-Straße / Kurt-Schumacher-Ring) Die Autobahn GmbH bittet alle Verkehrsteilnehmer um Verständnis für die unvermeidlichen Verkehrsbehinderungen, die durch die Arbeiten entstehen.",49.9812553397668,8.34569531768852
"A60","undefined--vi-zus.2025-05-03_10-55-00-000.f_003.de0","49.977457399447445,8.454646346787307,49.981587265039146,8.34517285786785","49.977457399447445,8.454646346787307","WARNING","A60 | Rüsselsheimer Dreieck - Mainspitz-Dreieck"," Rüsselsheim -> Mainz",NA,NA,NA,2025-05-03,"Beginn: 03.05.25 um 10:55 Uhr  Zusammengesetzte Verkehrsinformation, seit 03.05.2025, 10:55 A60: Rüsselsheim -> Mainz, zwischen 0.6 km hinter AD Rüsselsheimer Dreieck und 0.5 km vor AD Mainspitz-Dreieck  Sperrung der A60 bei Königstädten – Grundhafte Fahrbahnerneuerung zwischen dem Rüsselsheimer Dreieck und dem Mainspitz Dreieck. Die Niederlassung West der Autobahn GmbH erneuert zwischen dem Rüsselsheimer Dreieck (30) und dem Mainspitz Dreieck (26) die Fahrbahn. Von Donnerstagmorgen (24. April) bis Mitte Juli wird die Anschlussstelle (AS) Königstädten (29) in Fahrtrichtung (FR) Mainz sowie in FR Rüsselsheimer Dreieck gesperrt. Umleitungsmöglichkeiten sind ausgeschildert: • Ausfahrt FR Mainz: Umleitung via AS Rüsselsheim-Mitte • Einfahrt FR Mainz: innerstädtische Umleitung zur AS Rüsselsheim-Mitte (Adam-Opel-Straße / Kurt-Schumacher-Ring), von Nauheim kommend via L3482 zur AS Bischofsheim • Einfahrt FR Darmstadt: innerstädtische Umleitung zur AS Rüsselsheim-Mitte (Adam-Opel-Straße / Kurt-Schumacher-Ring) Die Autobahn GmbH bittet alle Verkehrsteilnehmer um Verständnis für die unvermeidlichen Verkehrsbehinderungen, die durch die Arbeiten entstehen.",49.9774573994474,8.45464634678731
"A64","undefined--vi-avl.2025-05-23_00-19-00-000.f.de0","49.786085127680785,6.6422896048579965,49.78865391417719,6.64526824229259","49.786085127680785,6.6422896048579965","WARNING","A64 | Trier - Anschluss B52-Trier"," Luxemburg -> Trier",0,"SLOW_TRAFFIC","25.299999237060547",2025-05-23,"Beginn: 23.05.25 um 00:19 Uhr  Angespannte Verkehrslage, seit 23.05.2025, 00:19 A64: Luxemburg -> Trier, zwischen 3.3 km hinter AS Trier und 1.2 km vor Anschluss B52-Trier  Langsamer Verkehr Reisezeitverlust: 0 Minuten Durchschnittsgeschwindigkeit: 25 km/h",49.7860851276808,6.642289604858
"A65","undefined--vi-avl.2025-05-22_22-37-30-000.f_005.de0","49.21462001091958,8.142109481843391,49.20597437321492,8.147905375798148","49.21462001091958,8.142109481843391","WARNING","A65 | Landau-Nord - Landau-Zentrum"," Ludwigshafen -> Karlsruhe",0,"SLOW_TRAFFIC","48.70000076293945",2025-05-22,"Beginn: 22.05.25 um 22:37 Uhr  Angespannte Verkehrslage, seit 22.05.2025, 22:37 A65: Ludwigshafen -> Karlsruhe, zwischen 0.3 km hinter AS Landau-Nord und 1.3 km vor AS Landau-Zentrum  Langsamer Verkehr Reisezeitverlust: 0 Minuten Durchschnittsgeschwindigkeit: 48 km/h",49.2146200109196,8.14210948184339
"A65","undefined--vi-avl.2025-05-22_23-59-00-000.f.de0","49.22397151533056,8.146255141977578,49.21462854380047,8.142105138168976","49.22397151533056,8.146255141977578","WARNING","A65 | Landau-Dammheim - Landau-Zentrum"," Ludwigshafen -> Karlsruhe",0,"SLOW_TRAFFIC","56.900001525878906",2025-05-22,"Beginn: 22.05.25 um 23:59 Uhr  Angespannte Verkehrslage, seit 22.05.2025, 23:59 A65: Ludwigshafen -> Karlsruhe, zwischen 0.2 km hinter AS Landau-Dammheim und 2.4 km vor AS Landau-Zentrum  Langsamer Verkehr Reisezeitverlust: 0 Minuten Durchschnittsgeschwindigkeit: 56 km/h",49.2239715153306,8.14625514197758
"A71","undefined--vi-avl.2025-05-23_00-08-30-000.f_001.de0","50.25076627744799,10.214936743696594,50.26618319007733,10.22559482467221","50.25076627744799,10.214936743696594","WARNING","A71 | Lauertal - Bad Neustadt a.d.Saale"," Schweinfurt -> Suhl",0,"SLOW_TRAFFIC","66.0999984741211",2025-05-23,"Beginn: 23.05.25 um 00:08 Uhr  Angespannte Verkehrslage, seit 23.05.2025, 00:08 A71: Schweinfurt -> Suhl, zwischen 1.2 km hinter Lauertal und 9.1 km vor AS Bad Neustadt a.d.Saale  Langsamer Verkehr Reisezeitverlust: 0 Minuten Durchschnittsgeschwindigkeit: 66 km/h",50.250766277448,10.2149367436966
"A71","undefined--vi-avl.2025-05-23_00-22-30-000.f.de0","50.3926864111687,10.314979396175584,50.400471628852415,10.320442635764188","50.3926864111687,10.314979396175584","WARNING","A71 | Bad Neustadt a.d.Saale - Mellrichstadt"," Schweinfurt -> Suhl",0,"SLOW_TRAFFIC","59.20000076293945",2025-05-23,"Beginn: 23.05.25 um 00:22 Uhr  Angespannte Verkehrslage, seit 23.05.2025, 00:22 A71: Schweinfurt -> Suhl, zwischen 7.6 km hinter AS Bad Neustadt a.d.Saale und 1.6 km vor AS Mellrichstadt  Langsamer Verkehr Reisezeitverlust: 0 Minuten Durchschnittsgeschwindigkeit: 59 km/h",50.3926864111687,10.3149793961756
"A92","undefined--vi-zus.2025-05-22_20-41-00-000.f.de0","48.42961939319649,11.941756728346233,48.43638610094678,11.951118600023534","48.42961939319649,11.941756728346233","WARNING","A92 | Erding - Moosburger Au"," München -> Deggendorf",4,"STATIONARY_TRAFFIC","11.5",2025-05-22,"Beginn: 22.05.25 um 20:41 Uhr  Zusammengesetzte Verkehrsinformation, seit 22.05.2025, 20:41 A92: München -> Deggendorf, zwischen 7.3 km hinter AS Erding und 0.2 km vor Moosburger Au  Im Stillstand Reisezeitverlust: 4 Minuten Durchschnittsgeschwindigkeit: 11 km/h",48.4296193931965,11.9417567283462
"A92","undefined--vi-avl.2025-05-22_21-26-30-000.f_002.de0","48.42961939319649,11.941756728346233,48.42961939319649,11.941756728346233","48.42961939319649,11.941756728346233","WARNING","A92 | Moosburger Au - Moosburger Au"," München -> Deggendorf",NA,"STATIONARY_TRAFFIC","6",2025-05-23,"Beginn: 23.05.25 um 00:22 Uhr  Angespannte Verkehrslage, seit 23.05.2025, 00:22 A92: München -> Deggendorf, 1.2 km vor Moosburger Au, aus Richtung Erding  Im Stillstand Durchschnittsgeschwindigkeit: 6 km/h",48.4296193931965,11.9417567283462
"A95","undefined--vi-avl.2025-05-23_00-22-30-000.f_002.de0","48.103466016814785,11.503561428836814,48.103466016814785,11.503561428836814","48.103466016814785,11.503561428836814","WARNING","A95 | München-Kreuzhof - München-Kreuzhof"," München -> Garmisch-Partenkirchen",NA,"STATIONARY_TRAFFIC","4",2025-05-23,"Beginn: 23.05.25 um 00:22 Uhr  Angespannte Verkehrslage, seit 23.05.2025, 00:22 A95: München -> Garmisch-Partenkirchen, 0.2 km vor AS München-Kreuzhof, aus Richtung München-Sendling-Süd  Im Stillstand Durchschnittsgeschwindigkeit: 4 km/h",48.1034660168148,11.5035614288368
"A95","undefined--vi-avl.2025-05-23_00-22-00-000.f.de0","48.103466016814785,11.503561428836814,48.10223737426353,11.501150363859267","48.103466016814785,11.503561428836814","WARNING","A95 | München-Sendling-Süd - München-Fürstenried"," München -> Garmisch-Partenkirchen",1,"STATIONARY_TRAFFIC","10.300000190734863",2025-05-23,"Beginn: 23.05.25 um 00:22 Uhr  Angespannte Verkehrslage, seit 23.05.2025, 00:22 A95: München -> Garmisch-Partenkirchen, zwischen 1.3 km hinter AS München-Sendling-Süd und 2.3 km vor AS München-Fürstenried  Im Stillstand Reisezeitverlust: 1 Minuten Durchschnittsgeschwindigkeit: 10 km/h",48.1034660168148,11.5035614288368
"A96","undefined--vi-zus.2025-05-23_00-20-00-000.f.de0","47.570963525206,9.735733704158893,47.580126172011965,9.735401038457654","47.570963525206,9.735733704158893","WARNING","A96 | Lindau - Weißensberg"," Bregenz -> München",0,"SLOW_TRAFFIC","47.5",2025-05-23,"Beginn: 23.05.25 um 00:20 Uhr  Zusammengesetzte Verkehrsinformation, seit 23.05.2025, 00:20 A96: Bregenz -> München, zwischen 3.2 km hinter AS Lindau und 1.5 km vor AS Weißensberg  Langsamer Verkehr Reisezeitverlust: 0 Minuten Durchschnittsgeschwindigkeit: 47 km/h",47.570963525206,9.73573370415889
"A99","undefined--vi-avl.2025-05-23_00-21-30-000.f_001.de0","48.18487156276186,11.719473563807709,48.19641936277254,11.67923889369959","48.18487156276186,11.719473563807709","WARNING","A99 | Aschheim - München-Nord"," München-Süd -> München-Nord",1,"SLOW_TRAFFIC","64.5999984741211",2025-05-23,"Beginn: 23.05.25 um 00:21 Uhr  Angespannte Verkehrslage, seit 23.05.2025, 00:21 A99: München-Süd -> München-Nord, zwischen 0.8 km hinter Aschheim und 4.7 km vor AK München-Nord  Langsamer Verkehr Reisezeitverlust: 1 Minuten Durchschnittsgeschwindigkeit: 64 km/h",48.1848715627619,11.7194735638077
"A115","undefined--vi-zus.2024-10-09_07-09-40-000.f_531.de0","52.40027056808641,13.185163736426698,52.44227384698058,13.202709435405149","52.40027056808641,13.185163736426698","WARNING","A115 | Am Stern - Hüttenweg"," Dreieck Nuthetal -> Dreieck Funkturm",NA,NA,NA,2024-10-09,"Beginn: 09.10.24 um 07:09 Uhr  Zusammengesetzte Verkehrsinformation, seit 09.10.2024, 07:09 A115: Dreieck Nuthetal -> Dreieck Funkturm, zwischen 2.9 km hinter Am Stern und 3.8 km vor AS Hüttenweg  A115 Autobahnzubringer Magdeburg, Dreieck Nuthetal Richtung Dreieck Funkturm, zwischen Anschlussstelle Kleinmachnow und Anschlussstelle Spanische Allee, Baustelle, bis 31.10.2026 17:00 Uhr",52.4002705680864,13.1851637364267
