"road","identifier","extent","point","display_type","title","subtitle","delay_minutes","abnormalTrafficType","averageSpeed","startTimestamp","description","latitude","longitude"
"A1","undefined--vi-avl.2025-05-23_07-16-19-000.f_011.de0","50.662387918636945,6.725589812898007,50.662387918636945,6.725589812898007","50.662387918636945,6.725589812898007","WARNING","A1 | Euskirchen - Euskirchen"," Euskirchen -> Köln",NA,"STATIONARY_TRAFFIC","15",2025-05-23,"Beginn: 23.05.25 um 07:22 Uhr  Angespannte Verkehrslage, seit 23.05.2025, 07:22 A1: Euskirchen -> Köln, 2.1 km vor AS Euskirchen, aus Richtung Wißkirchen  Im Stillstand Durchschnittsgeschwindigkeit: 15 km/h",50.6623879186369,6.72558981289801
"A1","undefined--vi-avl.2025-05-23_06-53-30-000.f_001.de0","51.02639522216457,6.946963559247428,51.03752935887865,6.985478808650202","51.02639522216457,6.946963559247428","WARNING","A1 | Köln-Niehl - Leverkusen"," Köln -> Dortmund",1,"SLOW_TRAFFIC","48.70000076293945",2025-05-23,"Beginn: 23.05.25 um 06:53 Uhr  Angespannte Verkehrslage, seit 23.05.2025, 06:53 A1: Köln -> Dortmund, zwischen 0.4 km hinter AS Köln-Niehl und 1.6 km vor AK Leverkusen  Langsamer Verkehr Reisezeitverlust: 1 Minuten Durchschnittsgeschwindigkeit: 48 km/h",51.0263952221646,6.94696355924743
"A1","undefined--vi-hind.2025-05-23_07-19-31-000.f.de0","52.81088998365525,8.209954443496601,52.72839350092534,8.173273899999659","52.81088998365525,8.209954443496601","WARNING","A1 | Cloppenburg - Vechta"," Bremen -> Osnabrück",NA,NA,NA,2025-05-23,"Beginn: 23.05.25 um 07:19 Uhr  Hindernis, seit 23.05.2025, 07:19 A1: Bremen -> Osnabrück, zwischen 0.2 km hinter AS Cloppenburg und 0.3 km vor AS Vechta  Gefahr durch Gegenstände auf der Fahrbahn",52.8108899836553,8.2099544434966
"A1","undefined--vi-avl.2025-05-23_05-51-00-000.f_006.de0","53.027661250807405,8.948035206683615,53.03094414167312,8.862990865216004","53.027661250807405,8.948035206683615","WARNING","A1 | Uphusen/Bremen-Mahndorf - Bremen-Arsten"," Hamburg -> Osnabrück",3,"SLOW_TRAFFIC","53.099998474121094",2025-05-23,"Beginn: 23.05.25 um 05:51 Uhr  Angespannte Verkehrslage, seit 23.05.2025, 05:51 A1: Hamburg -> Osnabrück, zwischen 1.0 km hinter AS Uphusen/Bremen-Mahndorf und 0.3 km vor AS Bremen-Arsten  Langsamer Verkehr Reisezeitverlust: 3 Minuten Durchschnittsgeschwindigkeit: 53 km/h",53.0276612508074,8.94803520668362
"A1","undefined--vi-zus.2025-05-23_06-56-37-000.f_002.de0","53.49376935476263,10.033958252282927,53.50940433013769,10.052243098548736","53.49376935476263,10.033958252282927","WARNING","A1 | Hamburg-Stillhorn - Norderelbbrücke"," Bremen -> Lübeck",1,"SLOW_TRAFFIC","50",2025-05-23,"Beginn: 23.05.25 um 06:56 Uhr  Zusammengesetzte Verkehrsinformation, seit 23.05.2025, 06:56 A1: Bremen -> Lübeck, zwischen 1.3 km hinter Hamburg-Stillhorn und 0.5 km vor Norderelbbrücke  Langsamer Verkehr Reisezeitverlust: 1 Minuten Durchschnittsgeschwindigkeit: 50 km/h",53.4937693547626,10.0339582522829
"A2","undefined--vi-avl.2025-05-23_07-22-16-000.f_008.de0","51.552099244732325,6.918668749043447,51.552099244732325,6.918668749043447","51.552099244732325,6.918668749043447","WARNING","A2 | Bottrop - Bottrop"," Dortmund -> Oberhausen",NA,"SLOW_TRAFFIC","20",2025-05-23,"Beginn: 23.05.25 um 07:22 Uhr  Angespannte Verkehrslage, seit 23.05.2025, 07:22 A2: Dortmund -> Oberhausen, 0.2 km vor AS Bottrop, aus Richtung Bottrop  Langsamer Verkehr Durchschnittsgeschwindigkeit: 20 km/h",51.5520992447323,6.91866874904345
"A2","undefined--vi-avl.2025-05-23_06-54-00-000.f_002.de0","51.55207510461144,6.918626002210457,51.543383344792815,6.9010782724561155","51.55207510461144,6.918626002210457","WARNING","A2 | Bottrop - Bottrop"," Dortmund -> Oberhausen",0,"SLOW_TRAFFIC","53.70000076293945",2025-05-23,"Beginn: 23.05.25 um 06:54 Uhr  Angespannte Verkehrslage, seit 23.05.2025, 06:54 A2: Dortmund -> Oberhausen, zwischen 0.6 km hinter AD Bottrop und 1.1 km vor Bottrop  Langsamer Verkehr Reisezeitverlust: 0 Minuten Durchschnittsgeschwindigkeit: 53 km/h",51.5520751046114,6.91862600221046
"A3","undefined--vi-zus.2025-05-23_07-15-51-000.f.de0","49.74592341948645,9.866137777085884,49.752869368428996,9.898943497471631","49.74592341948645,9.866137777085884","WARNING","A3 | Würzburg/Kist - Würzburg-Heidingsfeld"," Frankfurt -> Würzburg",1,"SLOW_TRAFFIC","63.5",2025-05-23,"Beginn: 23.05.25 um 07:22 Uhr  Zusammengesetzte Verkehrsinformation, seit 23.05.2025, 07:22 A3: Frankfurt -> Würzburg, zwischen 1.6 km hinter AS Würzburg/Kist und 2.2 km vor AS Würzburg-Heidingsfeld  Langsamer Verkehr Reisezeitverlust: 1 Minuten Durchschnittsgeschwindigkeit: 63 km/h",49.7459234194865,9.86613777708588
"A3","undefined--vi-avl.2025-05-23_07-14-23-000.f_009.de0","50.063584491686875,8.84179967752935,50.06788999114932,8.809163885352199","50.063584491686875,8.84179967752935","WARNING","A3 | Hanau - Hainbach"," Würzburg -> Frankfurt",1,"SLOW_TRAFFIC","54",2025-05-23,"Beginn: 23.05.25 um 07:16 Uhr  Angespannte Verkehrslage, seit 23.05.2025, 07:16 A3: Würzburg -> Frankfurt, zwischen 3.6 km hinter AS Hanau und 3.2 km vor Hainbach  Langsamer Verkehr Reisezeitverlust: 1 Minuten Durchschnittsgeschwindigkeit: 54 km/h",50.0635844916869,8.84179967752935
"A3","undefined--vi-avl.2025-05-23_06-00-30-000.f_004.de0","51.47494124919765,6.815268139277572,51.44398922316454,6.799912313193551","51.47494124919765,6.815268139277572","WARNING","A3 | Oberhausen-Lirich - Duisburg-Wedau"," Oberhausen -> Köln",1,"SLOW_TRAFFIC","49.79999923706055",2025-05-23,"Beginn: 23.05.25 um 06:00 Uhr  Angespannte Verkehrslage, seit 23.05.2025, 06:00 A3: Oberhausen -> Köln, zwischen 0.1 km hinter AS Oberhausen-Lirich und 4.3 km vor AS Duisburg-Wedau  Langsamer Verkehr Reisezeitverlust: 1 Minuten Durchschnittsgeschwindigkeit: 49 km/h",51.4749412491976,6.81526813927757
"A3","undefined--vi-avl.2025-05-23_06-01-30-000.f.de0","51.50105314566508,6.821719482543099,51.531650142399414,6.822516232314266","51.50105314566508,6.821719482543099","WARNING","A3 | Oberhausen-West - Oberhausen"," Köln -> Arnheim",2,"SLOW_TRAFFIC","50.79999923706055",2025-05-23,"Beginn: 23.05.25 um 06:01 Uhr  Angespannte Verkehrslage, seit 23.05.2025, 06:01 A3: Köln -> Arnheim, zwischen 1.6 km hinter AK Oberhausen-West und 1.0 km vor AK Oberhausen  Langsamer Verkehr Reisezeitverlust: 2 Minuten Durchschnittsgeschwindigkeit: 50 km/h",51.5010531456651,6.8217194825431
"A4","undefined--vi-avl.2025-05-23_06-08-30-000.f.de0","50.90548732064227,6.893700910787598,50.891618938001756,6.924295559226965","50.90548732064227,6.893700910787598","WARNING","A4 | Köln-West - Köln-Eifeltor"," Heerlen/Aachen -> Köln",1,"SLOW_TRAFFIC","56.900001525878906",2025-05-23,"Beginn: 23.05.25 um 06:08 Uhr  Angespannte Verkehrslage, seit 23.05.2025, 06:08 A4: Heerlen/Aachen -> Köln, zwischen 4.1 km hinter AK Köln-West und 0.1 km vor AS Köln-Eifeltor  Langsamer Verkehr Reisezeitverlust: 1 Minuten Durchschnittsgeschwindigkeit: 56 km/h",50.9054873206423,6.8937009107876
"A4","undefined--vi-zus.2025-05-23_07-17-46-000.f.de0","50.88752839517368,6.93453116223861,50.89357310395614,6.920414723104205","50.88752839517368,6.93453116223861","WARNING","A4 | Köln-Süd - Köln-Klettenberg"," Köln -> Heerlen/Aachen",0,"SLOW_TRAFFIC","60.099998474121094",2025-05-23,"Beginn: 23.05.25 um 07:17 Uhr  Zusammengesetzte Verkehrsinformation, seit 23.05.2025, 07:17 A4: Köln -> Heerlen/Aachen, zwischen 2.5 km hinter AK Köln-Süd und 0.9 km vor AS Köln-Klettenberg  Langsamer Verkehr Reisezeitverlust: 0 Minuten Durchschnittsgeschwindigkeit: 60 km/h",50.8875283951737,6.93453116223861
"A4","undefined--vi-avl.2025-05-23_07-18-27-000.f_001.de0","50.97319712751788,7.476672783212396,50.97426502611822,7.514735440216194","50.97319712751788,7.476672783212396","WARNING","A4 | Bielstein - Gummersbach"," Köln -> Olpe",1,"SLOW_TRAFFIC","44",2025-05-23,"Beginn: 23.05.25 um 07:18 Uhr  Angespannte Verkehrslage, seit 23.05.2025, 07:18 A4: Köln -> Olpe, zwischen 0.9 km hinter AS Bielstein und 0.8 km vor AS Gummersbach  Langsamer Verkehr Reisezeitverlust: 1 Minuten Durchschnittsgeschwindigkeit: 44 km/h",50.9731971275179,7.4766727832124
"A4","undefined--vi-avl.2025-05-23_07-20-02-000.f_001.de0","50.973354875987994,7.537376539604732,50.973354875987994,7.537376539604732","50.973354875987994,7.537376539604732","WARNING","A4 | Gummersbach - Gummersbach"," Olpe -> Köln",NA,"QUEUING_TRAFFIC","16",2025-05-23,"Beginn: 23.05.25 um 07:22 Uhr  Angespannte Verkehrslage, seit 23.05.2025, 07:22 A4: Olpe -> Köln, 0.8 km vor AS Gummersbach, aus Richtung Morkepütz  Stockender Verkehr Durchschnittsgeschwindigkeit: 16 km/h",50.973354875988,7.53737653960473
"A4","undefined--vi-avl.2025-05-23_06-14-30-000.f_003.de0","50.973330575358595,7.537601124273025,50.9754718703022,7.509784509235142","50.973330575358595,7.537601124273025","WARNING","A4 | Morkepütz - Hömeler Feld"," Olpe -> Köln",3,"QUEUING_TRAFFIC","23",2025-05-23,"Beginn: 23.05.25 um 06:14 Uhr  Angespannte Verkehrslage, seit 23.05.2025, 06:14 A4: Olpe -> Köln, zwischen 1.0 km hinter Morkepütz und 0.4 km vor Hömeler Feld  Stockender Verkehr Reisezeitverlust: 3 Minuten Durchschnittsgeschwindigkeit: 23 km/h",50.9733305753586,7.53760112427303
"A4","undefined--vi-avl.2025-05-23_07-20-02-000.f_002.de0","51.06125132556169,13.549967858024988,51.061679775770315,13.564375132341807","51.06125132556169,13.549967858024988","WARNING","A4 | Wilsdruff - Dresdner Tor"," Chemnitz -> Dresden",0,"SLOW_TRAFFIC","55.900001525878906",2025-05-23,"Beginn: 23.05.25 um 07:22 Uhr  Angespannte Verkehrslage, seit 23.05.2025, 07:22 A4: Chemnitz -> Dresden, zwischen 1.6 km hinter AS Wilsdruff und 0.5 km vor Dresdner Tor  Langsamer Verkehr Reisezeitverlust: 0 Minuten Durchschnittsgeschwindigkeit: 55 km/h",51.0612513255617,13.549967858025
"A4","undefined--vi-avl.2025-05-23_06-43-00-000.f.de0","51.19802721084634,14.429269420763736,51.195669209202144,14.456405551917895","51.19802721084634,14.429269420763736","WARNING","A4 | Bautzen-West - Bautzen-Ost"," Dresden -> Görlitz",4,"STATIONARY_TRAFFIC","20.5",2025-05-23,"Beginn: 23.05.25 um 06:43 Uhr  Angespannte Verkehrslage, seit 23.05.2025, 06:43 A4: Dresden -> Görlitz, zwischen 1.4 km hinter AS Bautzen-West und 0.6 km vor AS Bautzen-Ost  Im Stillstand Reisezeitverlust: 4 Minuten Durchschnittsgeschwindigkeit: 20 km/h",51.1980272108463,14.4292694207637
"A4","undefined--vi-avl.2025-05-23_06-55-30-000.f_001.de0","51.19802721084634,14.429269420763736,51.19802721084634,14.429269420763736","51.19802721084634,14.429269420763736","WARNING","A4 | Bautzen-Ost - Bautzen-Ost"," Dresden -> Görlitz",NA,"STATIONARY_TRAFFIC","19",2025-05-23,"Beginn: 23.05.25 um 07:22 Uhr  Angespannte Verkehrslage, seit 23.05.2025, 07:22 A4: Dresden -> Görlitz, 2.5 km vor AS Bautzen-Ost, aus Richtung Bautzen-West  Im Stillstand Durchschnittsgeschwindigkeit: 19 km/h",51.1980272108463,14.4292694207637
"A5","undefined--vi-zus.2025-05-23_07-16-48-000.f.de0","48.145757798843384,7.767416173678815,48.12645519719406,7.7821128854062565","48.145757798843384,7.767416173678815","WARNING","A5 | Riegel - Teningen"," Karlsruhe -> Basel",1,"SLOW_TRAFFIC","57.5",2025-05-23,"Beginn: 23.05.25 um 07:16 Uhr  Zusammengesetzte Verkehrsinformation, seit 23.05.2025, 07:16 A5: Karlsruhe -> Basel, zwischen 1.1 km hinter AS Riegel und 1.3 km vor AS Teningen  Langsamer Verkehr Reisezeitverlust: 1 Minuten Durchschnittsgeschwindigkeit: 57 km/h  Gefahr durch Gegenstände auf der Fahrbahn",48.1457577988434,7.76741617367882
"A5","undefined--vi-avl.2025-05-23_07-09-02-000.f.de0","48.89717315430473,8.321077410719417,48.90123030843058,8.336190859763544","48.89717315430473,8.321077410719417","WARNING","A5 | Schleifweg - Karlsruhe-Süd"," Basel -> Karlsruhe",0,"SLOW_TRAFFIC","59.20000076293945",2025-05-23,"Beginn: 23.05.25 um 07:09 Uhr  Angespannte Verkehrslage, seit 23.05.2025, 07:09 A5: Basel -> Karlsruhe, zwischen 2.5 km hinter Schleifweg und 7.4 km vor AS Karlsruhe-Süd  Langsamer Verkehr Reisezeitverlust: 0 Minuten Durchschnittsgeschwindigkeit: 59 km/h",48.8971731543047,8.32107741071942
"A5","undefined--vi-hind.2025-05-23_03-57-30-000.f_008.de0","48.956507500945136,8.38311059999985,48.96077393140228,8.40730068470762","48.956507500945136,8.38311059999985","WARNING","A5 | Schleifweg - Karlsruhe"," Basel -> Heidelberg",NA,NA,NA,2025-05-23,"Beginn: 23.05.25 um 03:57 Uhr  Fahrzeug-Hindernis, seit 23.05.2025, 03:57 A5: Basel -> Heidelberg, zwischen 11.0 km hinter Schleifweg und 2.7 km vor AD Karlsruhe",48.9565075009451,8.38311059999985
"A5","undefined--vi-unf.2025-05-23_06-12-30-000.f_005.de0","50.63980978527451,8.962230499633863,50.640213700938126,8.96813569999999","50.63980978527451,8.962230499633863","WARNING","A5 | Grünberg - Homberg (Ohm)"," Frankfurt -> Kassel",NA,NA,NA,2025-05-23,"Beginn: 23.05.25 um 06:12 Uhr  Unfall, seit 23.05.2025, 06:12 A5: Frankfurt -> Kassel, zwischen 2.9 km hinter AS Grünberg und 1.7 km vor AS Homberg (Ohm)",50.6398097852745,8.96223049963386
"A6","undefined--vi-zus.2025-05-23_07-11-49-000.f.de0","49.250133623099224,8.853479638755573,49.27852600094403,8.62710749999991","49.250133623099224,8.853479638755573","WARNING","A6 | Sinsheim - Walldorf"," Heilbronn -> Mannheim",NA,NA,NA,2025-05-23,"Beginn: 23.05.25 um 07:11 Uhr  Zusammengesetzte Verkehrsinformation, seit 23.05.2025, 07:11 A6: Heilbronn -> Mannheim, zwischen 0.3 km hinter AS Sinsheim und 0.5 km vor AK Walldorf  Gefahr durch Gegenstände auf der Fahrbahn  A6 Heilbronn Richtung Mannheim
zwischen Sinsheim und Wiesloch/Rauenberg
Gefahr durch defekten LKW auf dem rechten Fahrstreifen und dem Standstreifen",49.2501336230992,8.85347963875557
"A6","undefined--vi-avl.2025-05-23_07-17-17-000.f_001.de0","49.42333112996725,11.696942788362309,49.41497484041689,11.73648808446785","49.42333112996725,11.696942788362309","WARNING","A6 | Oberpfälzer Alb - Brunnberg"," Nürnberg -> Pilsen",1,"SLOW_TRAFFIC","67.0999984741211",2025-05-23,"Beginn: 23.05.25 um 07:17 Uhr  Angespannte Verkehrslage, seit 23.05.2025, 07:17 A6: Nürnberg -> Pilsen, zwischen 0.6 km hinter Oberpfälzer Alb und 0.6 km vor Brunnberg  Langsamer Verkehr Reisezeitverlust: 1 Minuten Durchschnittsgeschwindigkeit: 67 km/h",49.4233311299673,11.6969427883623
"A6","undefined--vi-avl.2025-05-23_06-36-00-000.f_004.de0","49.405987872427175,11.780341554480737,49.405987872427175,11.780341554480737","49.405987872427175,11.780341554480737","WARNING","A6 | Amberg-West - Amberg-West"," Pilsen -> Nürnberg",NA,"STATIONARY_TRAFFIC","13",2025-05-23,"Beginn: 23.05.25 um 07:22 Uhr  Angespannte Verkehrslage, seit 23.05.2025, 07:22 A6: Pilsen -> Nürnberg, 1.1 km vor AS Amberg-West, aus Richtung Laubenschlag  Im Stillstand Durchschnittsgeschwindigkeit: 13 km/h",49.4059878724272,11.7803415544807
"A6","undefined--vi-unf.2025-05-23_05-52-00-000.f_002.de0","49.409143300943605,11.762143100015406,49.4278274009435,11.65863760001272","49.409143300943605,11.762143100015406","WARNING","A6 | Amberg-West - Sulzbach-Rosenberg"," Pilsen -> Nürnberg",NA,NA,NA,2025-05-23,"Beginn: 23.05.25 um 05:52 Uhr  Unfall, seit 23.05.2025, 05:52 A6: Pilsen -> Nürnberg, zwischen 0.3 km hinter AS Amberg-West und 0.4 km vor AS Sulzbach-Rosenberg",49.4091433009436,11.7621431000154
"A6","undefined--vi-zus.2025-05-23_06-17-32-000.f_001.de0","49.40591514657888,11.78051558946611,49.409143300943605,11.762143100015406","49.40591514657888,11.78051558946611","WARNING","A6 | Laubenschlag - Brunnberg"," Pilsen -> Nürnberg",5,"STATIONARY_TRAFFIC","13",2025-05-23,"Beginn: 23.05.25 um 06:17 Uhr  Zusammengesetzte Verkehrsinformation, seit 23.05.2025, 06:17 A6: Pilsen -> Nürnberg, zwischen 6.4 km hinter Laubenschlag und 1.4 km vor Brunnberg  Im Stillstand Reisezeitverlust: 5 Minuten Durchschnittsgeschwindigkeit: 13 km/h",49.4059151465789,11.7805155894661
"A6","undefined--vi-zus.2025-05-23_07-20-33-000.f.de0","49.63322194111654,12.460993082292749,49.62866454858683,12.445011794457438","49.63322194111654,12.460993082292749","WARNING","A6 | Waidhaus - Pleystein"," Pilsen -> Nürnberg",0,"SLOW_TRAFFIC","42.099998474121094",2025-05-23,"Beginn: 23.05.25 um 07:20 Uhr  Zusammengesetzte Verkehrsinformation, seit 23.05.2025, 07:20 A6: Pilsen -> Nürnberg, zwischen 2.2 km hinter AS Waidhaus und 2.4 km vor AS Pleystein  Langsamer Verkehr Reisezeitverlust: 0 Minuten Durchschnittsgeschwindigkeit: 42 km/h",49.6332219411165,12.4609930822927
"A7","undefined--vi-zus.2025-05-23_06-40-30-000.f.de0","47.57144969209724,10.660382444103417,47.577037246669576,10.66215100562998","47.57144969209724,10.660382444103417","WARNING","A7 | Grenztunnel Füssen - Reinertshofertunnel"," Füssen/Reutte -> Ulm",0,"SLOW_TRAFFIC","33.79999923706055",2025-05-23,"Beginn: 23.05.25 um 06:40 Uhr  Zusammengesetzte Verkehrsinformation, seit 23.05.2025, 06:40 A7: Füssen/Reutte -> Ulm, zwischen 1.4 km hinter Grenztunnel Füssen und 2.7 km vor Reinertshofertunnel  Langsamer Verkehr Reisezeitverlust: 0 Minuten Durchschnittsgeschwindigkeit: 33 km/h",47.5714496920972,10.6603824441034
"A7","undefined--vi-avl.2025-05-23_07-06-00-000.f_001.de0","47.57145842080008,10.660385661305725,47.57145842080008,10.660385661305725","47.57145842080008,10.660385661305725","WARNING","A7 | Füssen - Füssen"," Füssen/Reutte -> Ulm",NA,"SLOW_TRAFFIC","14",2025-05-23,"Beginn: 23.05.25 um 07:22 Uhr  Angespannte Verkehrslage, seit 23.05.2025, 07:22 A7: Füssen/Reutte -> Ulm, 0.3 km vor AS Füssen, aus Richtung Grenztunnel Füssen  Langsamer Verkehr Durchschnittsgeschwindigkeit: 14 km/h",47.5714584208001,10.6603856613057
"A7","undefined--vi-hind.2025-05-23_07-17-17-000.f_001.de0","51.62995586638154,9.919160032779399,51.700829805128095,9.938183272438987","51.62995586638154,9.919160032779399","WARNING","A7 | Nörten-Hardenberg - Schlochau"," Kassel -> Hannover",NA,NA,NA,2025-05-23,"Beginn: 23.05.25 um 07:17 Uhr  Hindernis, seit 23.05.2025, 07:17 A7: Kassel -> Hannover, zwischen 0.1 km hinter AS Nörten-Hardenberg und 1.8 km vor Schlochau  Gefahr durch Gegenstände auf der Fahrbahn",51.6299558663815,9.9191600327794
"A7","undefined--vi-hind.2025-05-23_07-21-44-000.f.de0","52.60998213048289,9.73816854725444,52.559008300926536,9.790189300000323","52.60998213048289,9.73816854725444","WARNING","A7 | Südhorn - Mellendorf"," Hamburg -> Hannover",NA,NA,NA,2025-05-23,"Beginn: 23.05.25 um 07:21 Uhr  Hindernis, seit 23.05.2025, 07:21 A7: Hamburg -> Hannover, zwischen 3.7 km hinter Südhorn und 0.3 km vor AS Mellendorf  Gefahr durch Gegenstände auf der Fahrbahn",52.6099821304829,9.73816854725444
"A7","undefined--vi-avl.2025-05-23_05-16-30-000.f_002.de0","53.26995344302106,10.08481197481507,53.295456259358645,10.076027493050319","53.26995344302106,10.08481197481507","WARNING","A7 | Utspann - Thieshope"," Hannover -> Hamburg",2,"QUEUING_TRAFFIC","41.400001525878906",2025-05-23,"Beginn: 23.05.25 um 05:16 Uhr  Angespannte Verkehrslage, seit 23.05.2025, 05:16 A7: Hannover -> Hamburg, zwischen 1.9 km hinter Utspann und 1.5 km vor AS Thieshope  Stockender Verkehr Reisezeitverlust: 2 Minuten Durchschnittsgeschwindigkeit: 41 km/h",53.2699534430211,10.0848119748151
"A7","undefined--vi-avl.2025-05-23_06-28-30-000.f_005.de0","53.468295462819135,9.923429546174464,53.468295462819135,9.923429546174464","53.468295462819135,9.923429546174464","WARNING","A7 | Hamburg-Hausbruch - Hamburg-Hausbruch"," Hannover -> Hamburg",NA,"STATIONARY_TRAFFIC","5",2025-05-23,"Beginn: 23.05.25 um 07:22 Uhr  Angespannte Verkehrslage, seit 23.05.2025, 07:22 A7: Hannover -> Hamburg, 1.6 km vor AS Hamburg-Hausbruch, aus Richtung Hamburg-Heimfeld  Im Stillstand Durchschnittsgeschwindigkeit: 5 km/h",53.4682954628191,9.92342954617446
"A7","undefined--vi-zus.2025-03-31_00-40-00-000.f_018.de0","53.579141433849884,9.913430072127355,53.55636870091902,9.897540700000414","53.579141433849884,9.913430072127355","WARNING","A7 | Hamburg-Volkspark - Elbtunnel (Nordportal)"," Flensburg -> Hamburg",NA,NA,NA,2025-03-31,"Beginn: 31.03.25 um 00:40 Uhr  Zusammengesetzte Verkehrsinformation, seit 31.03.2025, 00:40 A7: Flensburg -> Hamburg, zwischen 0.4 km hinter AS Hamburg-Volkspark und 0.9 km vor Elbtunnel (Nordportal)  A7 Flensburg Richtung Hamburg Ausfahrt Hamburg-Othmarschen Fahrbahnverengung, maximale Fahrbahnbreite von 4,50 m, Bauarbeiten, bis 29.09.2025",53.5791414338499,9.91343007212735
"A8","undefined--vi-zus.2025-03-26_17-59-56-000.f_013.de0","49.32575278791285,7.172731755291576,49.327350714671546,7.213275819282444","49.32575278791285,7.172731755291576","WARNING","A8 | Neunkirchen/Spiesen - Kohlhof"," Saarlouis -> Neunkirchen",NA,NA,NA,2025-03-26,"Beginn: 26.03.25 um 17:59 Uhr  Zusammengesetzte Verkehrsinformation, seit 26.03.2025, 17:59 A8: Saarlouis -> Neunkirchen, zwischen 1.5 km hinter AS Neunkirchen/Spiesen und 1.0 km vor Kohlhof  A8 Saarlouis - Neunkirchen zwischen Neunkirchen-Spiesen und Neunkirchen-Oberstadt in beiden Richtungen Bauarbeiten, bis voraussichtlich 01.06.2025",49.3257527879128,7.17273175529158
"A8","undefined--vi-zus.2025-05-14_09-26-56-000.f.de0","49.32628400979037,7.229641516813452,49.329166750017514,7.1882642393148934","49.32628400979037,7.229641516813452","WARNING","A8 | Neunkirchen-Wellesweiler - Neunkirchen/Spiesen"," Neunkirchen -> Saarlouis",NA,NA,NA,2025-05-14,"Beginn: 14.05.25 um 09:26 Uhr  Zusammengesetzte Verkehrsinformation, seit 14.05.2025, 09:26 A8: Neunkirchen -> Saarlouis, zwischen 0.4 km hinter AS Neunkirchen-Wellesweiler und 2.7 km vor AS Neunkirchen/Spiesen  A8 Saarlouis - Neunkirchen zwischen Neunkirchen-Spiesen und Neunkirchen-Oberstadt in beiden Richtungen Bauarbeiten, bis voraussichtlich 01.06.2025",49.3262840097904,7.22964151681345
"A8","undefined--vi-zus.2025-05-23_06-45-06-000.f_002.de0","48.916547829744204,8.71865813348918,48.92068340290875,8.757116042390061","48.916547829744204,8.71865813348918","WARNING","A8 | Pforzheim-Nord - Pforzheim-Ost"," Karlsruhe -> Stuttgart",1,"SLOW_TRAFFIC","53.70000076293945",2025-05-23,"Beginn: 23.05.25 um 06:45 Uhr  Zusammengesetzte Verkehrsinformation, seit 23.05.2025, 06:45 A8: Karlsruhe -> Stuttgart, zwischen 0.1 km hinter AS Pforzheim-Nord und 1.0 km vor AS Pforzheim-Ost  Langsamer Verkehr Reisezeitverlust: 1 Minuten Durchschnittsgeschwindigkeit: 53 km/h",48.9165478297442,8.71865813348918
"A8","undefined--vi-hind.2025-05-23_07-20-33-000.f.de0","47.83059040094822,11.90632070002296,47.855852311303636,11.85886294908913","47.83059040094822,11.90632070002296","WARNING","A8 | Wilparting - Seehamer See (Ost)"," Salzburg -> München",NA,NA,NA,2025-05-23,"Beginn: 23.05.25 um 07:20 Uhr  Hindernis, seit 23.05.2025, 07:20 A8: Salzburg -> München, zwischen 1.1 km hinter Wilparting und Seehamer See (Ost)  Gefahr durch Gegenstände auf der Fahrbahn",47.8305904009482,11.906320700023
"A8","undefined--vi-avl.2025-05-23_06-18-30-000.f_001.de0","47.80732693498398,12.123075188683531,47.80293337821077,12.16769406857796","47.80732693498398,12.123075188683531","WARNING","A8 | Rosenheim - Samerberg"," München -> Salzburg",7,"STATIONARY_TRAFFIC","23.100000381469727",2025-05-23,"Beginn: 23.05.25 um 06:18 Uhr  Angespannte Verkehrslage, seit 23.05.2025, 06:18 A8: München -> Salzburg, zwischen 0.2 km hinter AS Rosenheim und 0.7 km vor Samerberg  Im Stillstand Reisezeitverlust: 7 Minuten Durchschnittsgeschwindigkeit: 23 km/h",47.807326934984,12.1230751886835
"A8","undefined--vi-avl.2025-05-23_07-11-17-000.f_004.de0","47.807319424218996,12.12318138107264,47.807319424218996,12.12318138107264","47.807319424218996,12.12318138107264","WARNING","A8 | Hochstraßer See - Hochstraßer See"," München -> Salzburg",NA,"STATIONARY_TRAFFIC","11",2025-05-23,"Beginn: 23.05.25 um 07:22 Uhr  Angespannte Verkehrslage, seit 23.05.2025, 07:22 A8: München -> Salzburg, 1.0 km vor Hochstraßer See, aus Richtung Rosenheim  Im Stillstand Durchschnittsgeschwindigkeit: 11 km/h",47.807319424219,12.1231813810726
"A8","undefined--vi-avl.2025-05-23_07-13-53-000.f_002.de0","47.80412785398207,12.283745261344128,47.80318780063311,12.30291261321011","47.80412785398207,12.283745261344128","WARNING","A8 | Frasdorf - Bernau am Chiemsee"," München -> Salzburg",1,"SLOW_TRAFFIC","49.70000076293945",2025-05-23,"Beginn: 23.05.25 um 07:13 Uhr  Angespannte Verkehrslage, seit 23.05.2025, 07:13 A8: München -> Salzburg, zwischen 0.3 km hinter Frasdorf und 4.8 km vor AS Bernau am Chiemsee  Langsamer Verkehr Reisezeitverlust: 1 Minuten Durchschnittsgeschwindigkeit: 49 km/h",47.8041278539821,12.2837452613441
"A8","undefined--vi-avl.2025-05-23_07-03-00-000.f_002.de0","47.767576936476274,12.927945139469468,47.76821200595115,12.93843320002109","47.767576936476274,12.927945139469468","WARNING","A8 | Bad Reichenhall - Schwarzbach"," München -> Salzburg",0,"SLOW_TRAFFIC","34.099998474121094",2025-05-23,"Beginn: 23.05.25 um 07:03 Uhr  Angespannte Verkehrslage, seit 23.05.2025, 07:03 A8: München -> Salzburg, zwischen 1.7 km hinter AS Bad Reichenhall und 0.2 km vor Schwarzbach  Langsamer Verkehr Reisezeitverlust: 0 Minuten Durchschnittsgeschwindigkeit: 34 km/h",47.7675769364763,12.9279451394695
"A8","undefined--vi-avl.2025-05-23_07-04-30-000.f_002.de0","47.76758412725346,12.928024414804305,47.76758412725346,12.928024414804305","47.76758412725346,12.928024414804305","WARNING","A8 | Schwarzbach - Schwarzbach"," München -> Salzburg",NA,"SLOW_TRAFFIC","20",2025-05-23,"Beginn: 23.05.25 um 07:22 Uhr  Angespannte Verkehrslage, seit 23.05.2025, 07:22 A8: München -> Salzburg, 0.9 km vor Schwarzbach, aus Richtung Bad Reichenhall  Langsamer Verkehr Durchschnittsgeschwindigkeit: 20 km/h",47.7675841272535,12.9280244148043
"A9","undefined--vi-hind.2025-05-23_07-13-53-000.f_004.de0","49.565246598711255,11.329338496796908,49.61970900094276,11.405236100007677","49.565246598711255,11.329338496796908","WARNING","A9 | Wolfshöhe - Hormersdorf"," Nürnberg -> Halle/Leipzig",NA,NA,NA,2025-05-23,"Beginn: 23.05.25 um 07:13 Uhr  Fahrzeug-Hindernis, seit 23.05.2025, 07:13 A9: Nürnberg -> Halle/Leipzig, zwischen 1.9 km hinter Wolfshöhe und 0.2 km vor AS Hormersdorf Gefahr durch ein defektes Fahrzeug auf der Fahrbahn",49.5652465987113,11.3293384967969
"A9","undefined--vi-hind.2025-05-23_07-20-33-000.f_001.de0","50.98401613447363,11.894616423636664,50.984280342163764,11.89566219986581","50.98401613447363,11.894616423636664","WARNING","A9 | Eisenberg - Droyßig"," Nürnberg -> Halle/Leipzig",NA,NA,NA,2025-05-23,"Beginn: 23.05.25 um 07:20 Uhr  Fahrzeug-Hindernis, seit 23.05.2025, 07:20 A9: Nürnberg -> Halle/Leipzig, zwischen 2.9 km hinter AS Eisenberg und 7.3 km vor AS Droyßig",50.9840161344736,11.8946164236367
"A10","undefined--vi-avl.2025-05-23_07-00-13-000.f_001.de0","52.70667181507501,13.099628202884855,52.70599299256581,13.135745646306654","52.70667181507501,13.099628202884855","WARNING","A10 | Havelland - Kreuz Oranienburg"," Dreieck Havelland -> Dreieck Barnim",11,"STATIONARY_TRAFFIC","11.399999618530273",2025-05-23,"Beginn: 23.05.25 um 07:00 Uhr  Angespannte Verkehrslage, seit 23.05.2025, 07:00 A10: Dreieck Havelland -> Dreieck Barnim, zwischen 5.5 km hinter AD Havelland und 4.0 km vor AD Kreuz Oranienburg  Im Stillstand Reisezeitverlust: 11 Minuten Durchschnittsgeschwindigkeit: 11 km/h",52.706671815075,13.0996282028849
"A10","undefined--vi-avl.2025-05-23_06-59-00-000.f_001.de0","52.70665555427579,13.099467766523922,52.70665555427579,13.099467766523922","52.70665555427579,13.099467766523922","WARNING","A10 | Oberkrämer - Oberkrämer"," Dreieck Havelland -> Dreieck Barnim",NA,"STATIONARY_TRAFFIC","9",2025-05-23,"Beginn: 23.05.25 um 07:22 Uhr  Angespannte Verkehrslage, seit 23.05.2025, 07:22 A10: Dreieck Havelland -> Dreieck Barnim, 0.4 km vor AS Oberkrämer, aus Richtung Havelland  Im Stillstand Durchschnittsgeschwindigkeit: 9 km/h",52.7066555542758,13.0994677665239
"A10","undefined--vi-zus.2025-05-23_07-14-51-000.f_001.de0","52.700122289622534,13.270532755437412,52.70303440092757,13.210977300082781","52.700122289622534,13.270532755437412","WARNING","A10 | Birkenwerder - Kreuz Oranienburg"," Dreieck Barnim -> Dreieck Havelland",NA,NA,NA,2025-05-23,"Beginn: 23.05.25 um 07:14 Uhr  Zusammengesetzte Verkehrsinformation, seit 23.05.2025, 07:14 A10: Dreieck Barnim -> Dreieck Havelland, zwischen 0.3 km hinter AS Birkenwerder und 1.1 km vor AD Kreuz Oranienburg  Gefahr durch Gegenstände auf der Fahrbahn  A10 Nördlicher Berliner Ring, Dreieck Barnim Richtung Dreieck Havelland zwischen Birkenwerder und Kreuz Oranienburg Gefahr durch Gegenstände (Fahrzeugteile) auf dem rechten Fahrstreifen, Polizei ist benachrichtigt, fahren Sie bitte besonders vorsichtig",52.7001222896225,13.2705327554374
"A12","WarnungA10Lkw3","47.61802931631098,12.202336027754352,47.61802931631098,12.202336027754352","47.61802931631098,12.202336027754352","WARNING","E45/E60 | LKW Blockabfertigung | A12-Inntal Autobahn","Richtung Italien",NA,NA,NA,2025-01-11,"Zeitraum: Beginn: 07.01.2025 Ende: 09.12.2025  Hinweis für LKW-Reisende nach Österreich: LKW-Blockabfertigungen an ausgewählten Tagen für Lkw am Grenzübergang Kufstein/Kiefersfelden. Maximaler Durchlass von 300 LKWs pro Stunde  Die genauen Ausführungszeiten und weitere Informationen auf tirol.gv.at/verkehr/verkehrs-und-seilbahnrecht/lkw-dosierung.",47.618029316311,12.2023360277544
"A12","WarnungA10Lkw2","47.6164490154047,12.202382557672273,47.6164490154047,12.202382557672273","47.6164490154047,12.202382557672273","WARNING","E43/E45/E60 | A13-Brenner Autobahn","Richtung Italien",NA,NA,NA,2025-01-11,"Zeitraum: Beginn: 11.01.2025 Ende: 27.09.2025  Hinweis für LKW-Reisende nach Österreich: LKW-Fahrverbot auf der A12-Inntal Autobahn, A13-Brenner Autobahn und A14-Rheintal/Walgau Autobahn, wenn das Ziel der Fahrt der Anschlussstelle Nößlach bis Anschlussstelle Brenner Nord der Richtungsfahrbahn Staatsgrenze der A 13 Brenner Autobahn erreicht werden soll. An ausgewählten Samstagen 7-15 Uhr sowie weiteren Tagen im Zeitraum 11.01. - 27.09.2025 Weitere Informationen auf http://asfinag.at/a13",47.6164490154047,12.2023825576723
"A13","undefined--vi-hind.2025-05-23_07-00-13-000.f_001.de0","51.45918249823667,13.853096782549775,51.45918249823667,13.853096782549775","51.45918249823667,13.853096782549775","WARNING","A13 | Elsteraue - Ruhland"," Dresden -> Schönefelder Kreuz",NA,NA,NA,2025-05-23,"Beginn: 23.05.25 um 07:00 Uhr  Fahrzeug-Hindernis, seit 23.05.2025, 07:00 A13: Dresden -> Schönefelder Kreuz, zwischen Elsteraue und 1.0 km vor AS Ruhland Gefahr durch ein defektes Fahrzeug auf der Fahrbahn",51.4591824982367,13.8530967825498
"A15","undefined--vi-avl.2025-05-23_07-07-10-000.f.de0","51.712569689245285,14.396076639151643,51.70718735469796,14.429873535504264","51.712569689245285,14.396076639151643","WARNING","A15 | Cottbus-Süd - Roggosen"," Cottbus -> Breslau",1,"SLOW_TRAFFIC","69.19999694824219",2025-05-23,"Beginn: 23.05.25 um 07:07 Uhr  Angespannte Verkehrslage, seit 23.05.2025, 07:07 A15: Cottbus -> Breslau, zwischen 3.3 km hinter AS Cottbus-Süd und 2.5 km vor AS Roggosen  Langsamer Verkehr Reisezeitverlust: 1 Minuten Durchschnittsgeschwindigkeit: 69 km/h",51.7125696892453,14.3960766391516
"A17","undefined--vi-zus.2025-05-23_07-13-15-000.f_001.de0","50.81906731082302,13.88700824171167,50.8244130009433,13.887895800240193","50.81906731082302,13.88700824171167","WARNING","A17 | Breitenau-Schönwald - Bad Gottleuba"," Prag -> Dresden",0,"SLOW_TRAFFIC","32.099998474121094",2025-05-23,"Beginn: 23.05.25 um 07:13 Uhr  Zusammengesetzte Verkehrsinformation, seit 23.05.2025, 07:13 A17: Prag -> Dresden, zwischen 4.4 km hinter Breitenau-Schönwald und 0.8 km vor AS Bad Gottleuba  Langsamer Verkehr Reisezeitverlust: 0 Minuten Durchschnittsgeschwindigkeit: 32 km/h",50.819067310823,13.8870082417117
"A19","undefined--vi-zus.2025-05-23_07-15-51-000.f_002.de0","53.12976080867676,12.459972040366326,53.15300492571067,12.449033798919846","53.12976080867676,12.459972040366326","WARNING","Baustelle"," km -0.61 --> km 2.09",NA,NA,NA,2025-05-23,"Beginn: 23.05.25 um 07:15 Uhr  Zusammengesetzte Verkehrsinformation, seit 23.05.2025, 07:15 A19: km -0.61 --> km 2.09  Gefahr durch Personen auf der Fahrbahn  A19 Dreieck Wittstock/Dosse Richtung Rostock zwischen Dreieck Wittstock/Dosse und Wittstock Gefahr durch liegengebliebenes Fahrzeug auf dem Standstreifen, Gefahr durch Personen auf dem rechten Fahrstreifen, fahren Sie bitte besonders vorsichtig, Polizei ist benachrichtigt",53.1297608086768,12.4599720403663
"A23","undefined--vi-avl.2025-05-23_05-19-30-000.f.de0","53.69484281850876,9.779947024135007,53.69484281850876,9.779947024135007","53.69484281850876,9.779947024135007","WARNING","A23 | Pinneberg-Nord - Pinneberg-Nord"," Heide -> Hamburg",NA,"STATIONARY_TRAFFIC","16",2025-05-23,"Beginn: 23.05.25 um 07:22 Uhr  Angespannte Verkehrslage, seit 23.05.2025, 07:22 A23: Heide -> Hamburg, 2.1 km vor AS Pinneberg-Nord, aus Richtung Forst Rantzau Süd  Im Stillstand Durchschnittsgeschwindigkeit: 16 km/h",53.6948428185088,9.77994702413501
"A23","undefined--vi-avl.2025-05-23_05-18-00-000.f.de0","53.69483494677571,9.779954334136027,53.66655379322537,9.812914660305681","53.69483494677571,9.779954334136027","WARNING","A23 | Forst Rantzau Süd - Pinneberg-Mitte"," Heide -> Hamburg",10,"STATIONARY_TRAFFIC","17.899999618530273",2025-05-23,"Beginn: 23.05.25 um 05:18 Uhr  Angespannte Verkehrslage, seit 23.05.2025, 05:18 A23: Heide -> Hamburg, zwischen 1.0 km hinter Forst Rantzau Süd und 1.4 km vor AS Pinneberg-Mitte  Im Stillstand Reisezeitverlust: 10 Minuten Durchschnittsgeschwindigkeit: 17 km/h",53.6948349467757,9.77995433413603
"A24","undefined--vi-avl.2025-05-23_07-11-17-000.f_002.de0","53.56228002817344,10.156697283954998,53.56228002817344,10.156697283954998","53.56228002817344,10.156697283954998","WARNING","A24 | Hamburg-Jenfeld - Hamburg-Jenfeld"," Schwerin -> Hamburg",NA,"QUEUING_TRAFFIC","27",2025-05-23,"Beginn: 23.05.25 um 07:22 Uhr  Angespannte Verkehrslage, seit 23.05.2025, 07:22 A24: Schwerin -> Hamburg, 2.4 km vor AS Hamburg-Jenfeld, aus Richtung Hamburg-Ost  Stockender Verkehr Durchschnittsgeschwindigkeit: 27 km/h",53.5622800281734,10.156697283955
"A24","undefined--vi-avl.2025-05-23_06-31-30-000.f_001.de0","53.56225639840931,10.15682722712801,53.567123508604254,10.126043218247355","53.56225639840931,10.15682722712801","WARNING","A24 | Hamburg-Ost - Hamburg-Jenfeld"," Schwerin -> Hamburg",2,"QUEUING_TRAFFIC","33.5",2025-05-23,"Beginn: 23.05.25 um 06:31 Uhr  Angespannte Verkehrslage, seit 23.05.2025, 06:31 A24: Schwerin -> Hamburg, zwischen 0.3 km hinter AK Hamburg-Ost und 0.3 km vor AS Hamburg-Jenfeld  Stockender Verkehr Reisezeitverlust: 2 Minuten Durchschnittsgeschwindigkeit: 33 km/h",53.5622563984093,10.156827227128
"A27","undefined--vi-avl.2025-05-23_06-06-30-000.f.de0","53.0917444780986,8.89265604633672,53.11880912806182,8.799703604817475","53.0917444780986,8.89265604633672","WARNING","A27 | Achterkämpe - Fahrwiesen"," Bremen -> Bremerhaven",20,"STATIONARY_TRAFFIC","18.600000381469727",2025-05-23,"Beginn: 23.05.25 um 06:06 Uhr  Angespannte Verkehrslage, seit 23.05.2025, 06:06 A27: Bremen -> Bremerhaven, zwischen 0.3 km hinter Achterkämpe und 0.4 km vor Fahrwiesen  Im Stillstand Reisezeitverlust: 20 Minuten Durchschnittsgeschwindigkeit: 18 km/h",53.0917444780986,8.89265604633672
"A27","undefined--vi-avl.2025-05-23_06-14-30-000.f_005.de0","53.091718221013465,8.892696853732774,53.091718221013465,8.892696853732774","53.091718221013465,8.892696853732774","WARNING","A27 | Mittelkämpe - Mittelkämpe"," Bremen -> Bremerhaven",NA,"STATIONARY_TRAFFIC","18",2025-05-23,"Beginn: 23.05.25 um 07:22 Uhr  Angespannte Verkehrslage, seit 23.05.2025, 07:22 A27: Bremen -> Bremerhaven, 0.1 km vor Mittelkämpe, aus Richtung Achterkämpe  Im Stillstand Durchschnittsgeschwindigkeit: 18 km/h",53.0917182210135,8.89269685373277
"A30","undefined--vi-hind.2025-05-23_07-18-27-000.f_007.de0","52.340420054332746,7.266429870780554,52.342505100928044,7.34052079999858","52.340420054332746,7.266429870780554","WARNING","A30 | Schüttorfer Kreuz - Emstal Süd"," Amsterdam -> Rheine",NA,NA,NA,2025-05-23,"Beginn: 23.05.25 um 07:18 Uhr  Hindernis, seit 23.05.2025, 07:18 A30: Amsterdam -> Rheine, zwischen 0.5 km hinter AK Schüttorfer Kreuz und 4.0 km vor Emstal Süd  Gefahr durch Gegenstände auf der Fahrbahn",52.3404200543327,7.26642987078055
"A37","undefined--vi-zus.2025-05-20_10-04-05-000.f_002.de0","52.442156462690335,9.933442989087833,52.436581812162494,9.913211841333315","52.442156462690335,9.933442989087833","WARNING","A37 | Beinhorn - Hannover-Kirchhorst"," Celle -> Hannover",NA,NA,NA,2025-05-20,"Beginn: 20.05.25 um 10:04 Uhr  Zusammengesetzte Verkehrsinformation, seit 20.05.2025, 10:04 B3: Celle -> Hannover, zwischen 0.4 km hinter AS Beinhorn und 2.1 km vor AK Hannover-Kirchhorst  A37 Messe - Burgdorf
zwischen Kreuz Hannover-Buchholz und Beinhorn
in beiden Richtungen geänderte Verkehrsführung im Baustellenbereich, Bauarbeiten, bis 30.10.2026 ca. 18:00 Uhr",52.4421564626903,9.93344298908783
"A37","undefined--vi-zus.2025-05-20_10-04-05-000.f_003.de0","52.42566547847685,9.880479425875153,52.44102213295518,9.93161290421946","52.42566547847685,9.880479425875153","WARNING","Baustelle"," km 22.62 --> km 26.54",NA,NA,NA,2025-05-20,"Beginn: 20.05.25 um 10:04 Uhr  Zusammengesetzte Verkehrsinformation, seit 20.05.2025, 10:04 A37: km 22.62 --> km 26.54  A37 Messe - Burgdorf
zwischen Kreuz Hannover-Buchholz und Beinhorn
in beiden Richtungen geänderte Verkehrsführung im Baustellenbereich, Bauarbeiten, bis 30.10.2026 ca. 18:00 Uhr",52.4256654784769,9.88047942587515
"A40","undefined--vi-avl.2025-05-23_06-22-30-000.f.de0","51.43486808911702,6.935411832063008,51.446615714373664,6.999316350797095","51.43486808911702,6.935411832063008","WARNING","A40 | Mülheim-Heißen - Ruhrschnellwegtunnel"," Duisburg -> Essen",6,"QUEUING_TRAFFIC","30.100000381469727",2025-05-23,"Beginn: 23.05.25 um 06:22 Uhr  Angespannte Verkehrslage, seit 23.05.2025, 06:22 A40: Duisburg -> Essen, zwischen 0.3 km hinter AS Mülheim-Heißen und 0.2 km vor Ruhrschnellwegtunnel  Stockender Verkehr Reisezeitverlust: 6 Minuten Durchschnittsgeschwindigkeit: 30 km/h",51.434868089117,6.93541183206301
"A40","undefined--vi-avl.2025-05-23_07-20-02-000.f_003.de0","51.43486929115023,6.935397578775882,51.43486929115023,6.935397578775882","51.43486929115023,6.935397578775882","WARNING","A40 | Mülheim-Heimaterde - Mülheim-Heimaterde"," Duisburg -> Essen",NA,"QUEUING_TRAFFIC","12",2025-05-23,"Beginn: 23.05.25 um 07:22 Uhr  Angespannte Verkehrslage, seit 23.05.2025, 07:22 A40: Duisburg -> Essen, 1.0 km vor AS Mülheim-Heimaterde, aus Richtung Mülheim-Heißen  Stockender Verkehr Durchschnittsgeschwindigkeit: 12 km/h",51.4348692911502,6.93539757877588
"A40","undefined--vi-avl.2025-05-23_07-21-44-000.f_001.de0","51.48812408661161,7.184867640553337,51.496760394449666,7.199844838454369","51.48812408661161,7.184867640553337","WARNING","A40 | Bochum-West - Bochum-Freudenbergstraße"," Essen -> Dortmund",0,"SLOW_TRAFFIC","52.5",2025-05-23,"Beginn: 23.05.25 um 07:21 Uhr  Angespannte Verkehrslage, seit 23.05.2025, 07:21 A40: Essen -> Dortmund, zwischen 0.8 km hinter AD Bochum-West und 0.2 km vor AS Bochum-Freudenbergstraße  Langsamer Verkehr Reisezeitverlust: 0 Minuten Durchschnittsgeschwindigkeit: 52 km/h",51.4881240866116,7.18486764055334
"A40","undefined--vi-avl.2025-05-23_10-40-00-000.f_039.de0","51.49586584711128,7.188980215086521,51.49600382564044,7.189722511193523","51.49586584711128,7.188980215086521","WARNING","A40 | Bochum-West - Bochum-Freudenbergstraße"," Essen -> Dortmund",0,"STATIONARY_TRAFFIC","35",2025-05-23,"Beginn: 23.05.25 um 10:40 Uhr  Angespannte Verkehrslage, seit 23.05.2025, 10:40 A40: Essen -> Dortmund, zwischen 1.8 km hinter AD Bochum-West und 0.9 km vor AS Bochum-Freudenbergstraße  Im Stillstand Reisezeitverlust: 0 Minuten Durchschnittsgeschwindigkeit: 35 km/h",51.4958658471113,7.18898021508652
"A42","undefined--vi-avl.2025-05-23_07-06-30-000.f.de0","51.49847804076241,6.918686944171402,51.502157860277435,6.930015538307119","51.49847804076241,6.918686944171402","WARNING","A42 | Oberhausen Neue Mitte - Bottrop-Süd"," Kamp-Lintfort -> Dortmund",0,"SLOW_TRAFFIC","32.20000076293945",2025-05-23,"Beginn: 23.05.25 um 07:06 Uhr  Angespannte Verkehrslage, seit 23.05.2025, 07:06 A42: Kamp-Lintfort -> Dortmund, zwischen 2.0 km hinter AS Oberhausen Neue Mitte und 0.5 km vor AS Bottrop-Süd  Langsamer Verkehr Reisezeitverlust: 0 Minuten Durchschnittsgeschwindigkeit: 32 km/h",51.4984780407624,6.9186869441714
"A42","undefined--vi-hind.2025-05-23_06-25-00-000.f_001.de0","51.56170564720488,7.357764441049082,51.561999468755104,7.355537424681726","51.56170564720488,7.357764441049082","WARNING","A42 | Castrop-Rauxel-Ost - Castrop-Rauxel"," Dortmund -> Kamp-Lintfort",NA,NA,NA,2025-05-23,"Beginn: 23.05.25 um 06:25 Uhr  Fahrzeug-Hindernis, seit 23.05.2025, 06:25 A42: Dortmund -> Kamp-Lintfort, zwischen AK Castrop-Rauxel-Ost und 2.8 km vor AS Castrop-Rauxel Gefahr durch ein defektes Fahrzeug auf der Fahrbahn",51.5617056472049,7.35776444104908
"A43","undefined--vi-avl.2025-05-23_07-22-16-000.f_013.de0","51.54485780539642,7.199519557522535,51.54485780539642,7.199519557522535","51.54485780539642,7.199519557522535","WARNING","A43 | Herne - Herne"," Recklinghausen -> Wuppertal",NA,"SLOW_TRAFFIC","27",2025-05-23,"Beginn: 23.05.25 um 07:22 Uhr  Angespannte Verkehrslage, seit 23.05.2025, 07:22 A43: Recklinghausen -> Wuppertal, in Höhe AK Herne, aus Richtung Recklinghausen-Hochlarmark  Langsamer Verkehr Durchschnittsgeschwindigkeit: 27 km/h",51.5448578053964,7.19951955752254
"A43","undefined--vi-avl.2025-05-23_06-34-00-000.f.de0","51.54461689278221,7.19968174049066,51.51895540093328,7.2112428999981235","51.54461689278221,7.19968174049066","WARNING","A43 | Recklinghausen-Hochlarmark - Bochum-Riemke"," Recklinghausen -> Wuppertal",2,"SLOW_TRAFFIC","45",2025-05-23,"Beginn: 23.05.25 um 06:34 Uhr  Angespannte Verkehrslage, seit 23.05.2025, 06:34 A43: Recklinghausen -> Wuppertal, zwischen 3.0 km hinter AS Recklinghausen-Hochlarmark und 0.2 km vor AS Bochum-Riemke  Langsamer Verkehr Reisezeitverlust: 2 Minuten Durchschnittsgeschwindigkeit: 45 km/h",51.5446168927822,7.19968174049066
"A43","undefined--vi-zus.2025-05-23_07-22-16-000.f.de0","51.585810906164276,7.188338335918972,51.580751908687816,7.189892891478084","51.585810906164276,7.188338335918972","WARNING","A43 | Recklinghausen/Herten - Recklinghausen-Hochlarmark"," Münster -> Wuppertal",0,"SLOW_TRAFFIC","31.799999237060547",2025-05-23,"Beginn: 23.05.25 um 07:22 Uhr  Zusammengesetzte Verkehrsinformation, seit 23.05.2025, 07:22 A43: Münster -> Wuppertal, zwischen 2.8 km hinter AS Recklinghausen/Herten und 1.1 km vor AS Recklinghausen-Hochlarmark  Langsamer Verkehr Reisezeitverlust: 0 Minuten Durchschnittsgeschwindigkeit: 31 km/h",51.5858109061643,7.18833833591897
"A45","undefined--vi-avl.2025-05-23_06-03-30-000.f_001.de0","51.27208913319118,7.600193374558646,51.27208913319118,7.600193374558646","51.27208913319118,7.600193374558646","WARNING","A45 | Rehweg - Rehweg"," Hagen -> Gießen",NA,"STATIONARY_TRAFFIC","3",2025-05-23,"Beginn: 23.05.25 um 07:22 Uhr  Angespannte Verkehrslage, seit 23.05.2025, 07:22 A45: Hagen -> Gießen, 0.4 km vor Rehweg, aus Richtung Kaltenborn  Im Stillstand Durchschnittsgeschwindigkeit: 3 km/h",51.2720891331912,7.60019337455865
"A45","undefined--vi-avl.2025-05-23_06-03-00-000.f_001.de0","51.27254346926392,7.59992076709214,51.2648062046249,7.602437327354894","51.27254346926392,7.59992076709214","WARNING","A45 | Kaltenborn - Lüdenscheid-Nord"," Hagen -> Gießen",9,"STATIONARY_TRAFFIC","5.099999904632568",2025-05-23,"Beginn: 23.05.25 um 06:03 Uhr  Angespannte Verkehrslage, seit 23.05.2025, 06:03 A45: Hagen -> Gießen, zwischen 2.7 km hinter Kaltenborn und 1.0 km vor AS Lüdenscheid-Nord  Im Stillstand Reisezeitverlust: 9 Minuten Durchschnittsgeschwindigkeit: 5 km/h",51.2725434692639,7.59992076709214
"A46","undefined--vi-avl.2025-05-23_07-16-19-000.f_012.de0","51.15437101499472,6.752574009783984,51.15963608772434,6.761084073994748","51.15437101499472,6.752574009783984","WARNING","A46 | Neuss-Süd - Neuss-Uedesheim"," Heinsberg -> Düsseldorf",1,"QUEUING_TRAFFIC","34",2025-05-23,"Beginn: 23.05.25 um 07:16 Uhr  Angespannte Verkehrslage, seit 23.05.2025, 07:16 A46: Heinsberg -> Düsseldorf, zwischen AD Neuss-Süd und 0.7 km vor AS Neuss-Uedesheim  Stockender Verkehr Reisezeitverlust: 1 Minuten Durchschnittsgeschwindigkeit: 34 km/h",51.1543710149947,6.75257400978398
"A46","undefined--vi-avl.2025-05-23_07-20-33-000.f.de0","51.176778068555,6.774282956131424,51.18546526612755,6.775222715835362","51.176778068555,6.774282956131424","WARNING","A46 | Neuss-Uedesheim - Fleher Brücke"," Heinsberg -> Düsseldorf",0,"SLOW_TRAFFIC","50.29999923706055",2025-05-23,"Beginn: 23.05.25 um 07:20 Uhr  Angespannte Verkehrslage, seit 23.05.2025, 07:20 A46: Heinsberg -> Düsseldorf, zwischen 1.6 km hinter AS Neuss-Uedesheim und Fleher Brücke  Langsamer Verkehr Reisezeitverlust: 0 Minuten Durchschnittsgeschwindigkeit: 50 km/h",51.176778068555,6.77428295613142
"A46","undefined--vi-avl.2025-05-23_07-16-48-000.f.de0","51.28195908783287,7.185820877018024,51.28916362407131,7.202829077134224","51.28195908783287,7.185820877018024","WARNING","A46 | Wuppertal-Barmen - Wuppertal-Wichlinghausen"," Düsseldorf -> Wuppertal",0,"SLOW_TRAFFIC","57.79999923706055",2025-05-23,"Beginn: 23.05.25 um 07:16 Uhr  Angespannte Verkehrslage, seit 23.05.2025, 07:16 A46: Düsseldorf -> Wuppertal, zwischen 0.3 km hinter AS Wuppertal-Barmen und 0.3 km vor AS Wuppertal-Wichlinghausen  Langsamer Verkehr Reisezeitverlust: 0 Minuten Durchschnittsgeschwindigkeit: 57 km/h",51.2819590878329,7.18582087701802
"A52","undefined--vi-hind.2025-05-23_06-21-30-000.f_002.de0","51.65380430093249,7.046840199997357,51.67274430093238,7.0765608999975305","51.65380430093249,7.046840199997357","WARNING","A52 | Dorsten-Ost - Marl-Zentrum"," Gelsenkirchen -> Marl",NA,NA,NA,2025-05-23,"Beginn: 23.05.25 um 06:21 Uhr  Fahrzeug-Hindernis, seit 23.05.2025, 06:21 A52: Gelsenkirchen -> Marl, zwischen 1.8 km hinter AS Dorsten-Ost und 1.7 km vor AS Marl-Zentrum Gefahr durch ein defektes Fahrzeug auf der Fahrbahn",51.6538043009325,7.04684019999736
"A57","undefined--vi-avl.2025-05-23_07-19-31-000.f_001.de0","51.30960411011551,6.634294936312402,51.32142365399235,6.631114633826938","51.30960411011551,6.634294936312402","WARNING","A57 | Meerbusch - Krefeld-Oppum"," Köln -> Krefeld",0,"SLOW_TRAFFIC","58.900001525878906",2025-05-23,"Beginn: 23.05.25 um 07:19 Uhr  Angespannte Verkehrslage, seit 23.05.2025, 07:19 A57: Köln -> Krefeld, zwischen 2.1 km hinter AK Meerbusch und 0.5 km vor AS Krefeld-Oppum  Langsamer Verkehr Reisezeitverlust: 0 Minuten Durchschnittsgeschwindigkeit: 58 km/h",51.3096041101155,6.6342949363124
"A57","undefined--vi-avl.2025-05-23_07-04-30-000.f.de0","51.375125600934176,6.6227463999937095,51.375125600934176,6.6227463999937095","51.375125600934176,6.6227463999937095","WARNING","A57 | Krefeld-Gartenstadt - Krefeld-Gartenstadt"," Nimwegen -> Krefeld",NA,"STATIONARY_TRAFFIC","17",2025-05-23,"Beginn: 23.05.25 um 07:22 Uhr  Angespannte Verkehrslage, seit 23.05.2025, 07:22 A57: Nimwegen -> Krefeld, 0.6 km vor AS Krefeld-Gartenstadt, aus Richtung Moers-Kapellen  Im Stillstand Durchschnittsgeschwindigkeit: 17 km/h",51.3751256009342,6.62274639999371
"A57","undefined--vi-avl.2025-05-23_07-03-00-000.f.de0","51.375125600934176,6.6227463999937095,51.315163546899036,6.6320826549701435","51.375125600934176,6.6227463999937095","WARNING","A57 | Moers-Kapellen - Geismühle"," Nimwegen -> Köln",19,"STATIONARY_TRAFFIC","17",2025-05-23,"Beginn: 23.05.25 um 07:03 Uhr  Angespannte Verkehrslage, seit 23.05.2025, 07:03 A57: Nimwegen -> Köln, zwischen 2.9 km hinter AS Moers-Kapellen und 0.3 km vor Geismühle  Im Stillstand Reisezeitverlust: 19 Minuten Durchschnittsgeschwindigkeit: 17 km/h",51.3751256009342,6.62274639999371
"A59","undefined--vi-avl.2025-05-23_07-11-49-000.f_001.de0","50.77892108699414,7.1485718940108995,50.789078434081766,7.150074494794211","50.77892108699414,7.1485718940108995","WARNING","A59 | Bonn-Nordost - Sankt Augustin-West"," Bonn -> Köln",0,"SLOW_TRAFFIC","63.099998474121094",2025-05-23,"Beginn: 23.05.25 um 07:11 Uhr  Angespannte Verkehrslage, seit 23.05.2025, 07:11 A59: Bonn -> Köln, zwischen 1.7 km hinter AD Bonn-Nordost und 0.3 km vor AD Sankt Augustin-West  Langsamer Verkehr Reisezeitverlust: 0 Minuten Durchschnittsgeschwindigkeit: 63 km/h",50.7789210869941,7.1485718940109
"A59","undefined--vi-avl.2025-05-23_07-19-31-000.f_002.de0","50.853133893635,7.097601605662677,50.86834904216677,7.095766660968256","50.853133893635,7.097601605662677","WARNING","A59 | Köln-Lind - Flughafen Köln/Bonn"," Bonn -> Köln",1,"SLOW_TRAFFIC","51.29999923706055",2025-05-23,"Beginn: 23.05.25 um 07:19 Uhr  Angespannte Verkehrslage, seit 23.05.2025, 07:19 A59: Bonn -> Köln, zwischen 1.0 km hinter AS Köln-Lind und 1.9 km vor AS Flughafen Köln/Bonn  Langsamer Verkehr Reisezeitverlust: 1 Minuten Durchschnittsgeschwindigkeit: 51 km/h",50.853133893635,7.09760160566268
"A59","undefined--vi-avl.2025-05-23_07-15-51-000.f_001.de0","51.478467070377405,6.769301798414256,51.45546552709521,6.776915805024046","51.478467070377405,6.769301798414256","WARNING","A59 | Duisburg-Nord - Berliner Brücke"," Dinslaken -> Duisburg",3,"QUEUING_TRAFFIC","30.100000381469727",2025-05-23,"Beginn: 23.05.25 um 07:15 Uhr  Angespannte Verkehrslage, seit 23.05.2025, 07:15 A59: Dinslaken -> Duisburg, zwischen 0.6 km hinter AK Duisburg-Nord und 0.1 km vor Berliner Brücke  Stockender Verkehr Reisezeitverlust: 3 Minuten Durchschnittsgeschwindigkeit: 30 km/h",51.4784670703774,6.76930179841426
"A60","undefined--vi-zus.2025-04-08_08-51-21-000.f_013.de0","49.98125533976677,8.345695317688524,49.97565770865279,8.441396718063045","49.98125533976677,8.345695317688524","WARNING","A60 | Mainspitz-Dreieck - Rüsselsheimer Dreieck"," Mainz -> Rüsselsheim",NA,NA,NA,2025-04-08,"Beginn: 08.04.25 um 08:51 Uhr  Zusammengesetzte Verkehrsinformation, seit 08.04.2025, 08:51 A60: Mainz -> Rüsselsheim, zwischen 0.5 km hinter AD Mainspitz-Dreieck und 2.2 km vor AD Rüsselsheimer Dreieck  Sperrung der A60 bei Königstädten – Grundhafte Fahrbahnerneuerung zwischen dem Rüsselsheimer Dreieck und dem Mainspitz Dreieck. Die Niederlassung West der Autobahn GmbH erneuert zwischen dem Rüsselsheimer Dreieck (30) und dem Mainspitz Dreieck (26) die Fahrbahn. Von Donnerstagmorgen (24. April) bis Mitte Juli wird die Anschlussstelle (AS) Königstädten (29) in Fahrtrichtung (FR) Mainz sowie in FR Rüsselsheimer Dreieck gesperrt. Umleitungsmöglichkeiten sind ausgeschildert: • Ausfahrt FR Mainz: Umleitung via AS Rüsselsheim-Mitte • Einfahrt FR Mainz: innerstädtische Umleitung zur AS Rüsselsheim-Mitte (Adam-Opel-Straße / Kurt-Schumacher-Ring), von Nauheim kommend via L3482 zur AS Bischofsheim • Einfahrt FR Darmstadt: innerstädtische Umleitung zur AS Rüsselsheim-Mitte (Adam-Opel-Straße / Kurt-Schumacher-Ring) Die Autobahn GmbH bittet alle Verkehrsteilnehmer um Verständnis für die unvermeidlichen Verkehrsbehinderungen, die durch die Arbeiten entstehen.",49.9812553397668,8.34569531768852
"A60","undefined--vi-avl.2025-05-23_07-14-23-000.f_004.de0","49.974805806554926,8.41396697971136,49.976259100941235,8.453442999999853","49.974805806554926,8.41396697971136","WARNING","A60 | Rüsselsheim-Mitte - Rüsselsheimer Dreieck"," Mainz -> Rüsselsheim",2,"QUEUING_TRAFFIC","39.29999923706055",2025-05-23,"Beginn: 23.05.25 um 07:14 Uhr  Angespannte Verkehrslage, seit 23.05.2025, 07:14 A60: Mainz -> Rüsselsheim, zwischen AS Rüsselsheim-Mitte und 1.3 km vor AD Rüsselsheimer Dreieck  Stockender Verkehr Reisezeitverlust: 2 Minuten Durchschnittsgeschwindigkeit: 39 km/h",49.9748058065549,8.41396697971136
"A60","undefined--vi-avl.2025-05-23_07-10-49-000.f_002.de0","49.97544110094126,8.438595499999856,49.980146418767085,8.348067743481224","49.97544110094126,8.438595499999856","WARNING","A60 | Rüsselsheim-Königstädten - Mainspitz-Dreieck"," Rüsselsheim -> Mainz",4,"SLOW_TRAFFIC","53",2025-05-23,"Beginn: 23.05.25 um 07:10 Uhr  Angespannte Verkehrslage, seit 23.05.2025, 07:10 A60: Rüsselsheim -> Mainz, zwischen AS Rüsselsheim-Königstädten und 0.7 km vor AD Mainspitz-Dreieck  Langsamer Verkehr Reisezeitverlust: 4 Minuten Durchschnittsgeschwindigkeit: 53 km/h",49.9754411009413,8.43859549999986
"A60","undefined--vi-zus.2025-05-03_10-55-00-000.f_003.de0","49.977457399447445,8.454646346787307,49.981587265039146,8.34517285786785","49.977457399447445,8.454646346787307","WARNING","A60 | Rüsselsheimer Dreieck - Mainspitz-Dreieck"," Rüsselsheim -> Mainz",NA,NA,NA,2025-05-03,"Beginn: 03.05.25 um 10:55 Uhr  Zusammengesetzte Verkehrsinformation, seit 03.05.2025, 10:55 A60: Rüsselsheim -> Mainz, zwischen 0.6 km hinter AD Rüsselsheimer Dreieck und 0.5 km vor AD Mainspitz-Dreieck  Sperrung der A60 bei Königstädten – Grundhafte Fahrbahnerneuerung zwischen dem Rüsselsheimer Dreieck und dem Mainspitz Dreieck. Die Niederlassung West der Autobahn GmbH erneuert zwischen dem Rüsselsheimer Dreieck (30) und dem Mainspitz Dreieck (26) die Fahrbahn. Von Donnerstagmorgen (24. April) bis Mitte Juli wird die Anschlussstelle (AS) Königstädten (29) in Fahrtrichtung (FR) Mainz sowie in FR Rüsselsheimer Dreieck gesperrt. Umleitungsmöglichkeiten sind ausgeschildert: • Ausfahrt FR Mainz: Umleitung via AS Rüsselsheim-Mitte • Einfahrt FR Mainz: innerstädtische Umleitung zur AS Rüsselsheim-Mitte (Adam-Opel-Straße / Kurt-Schumacher-Ring), von Nauheim kommend via L3482 zur AS Bischofsheim • Einfahrt FR Darmstadt: innerstädtische Umleitung zur AS Rüsselsheim-Mitte (Adam-Opel-Straße / Kurt-Schumacher-Ring) Die Autobahn GmbH bittet alle Verkehrsteilnehmer um Verständnis für die unvermeidlichen Verkehrsbehinderungen, die durch die Arbeiten entstehen.",49.9774573994474,8.45464634678731
"A61","undefined--vi-hind.2025-05-23_07-22-16-000.f.de0","50.37785286159127,7.390622265609722,50.37749680654839,7.392887331764078","50.37785286159127,7.390622265609722","WARNING","A61 | Plaidt - Im Weidenfeld"," Mönchengladbach -> Koblenz",NA,NA,NA,2025-05-23,"Beginn: 23.05.25 um 07:22 Uhr  Fahrzeug-Hindernis, seit 23.05.2025, 07:22 A61: Mönchengladbach -> Koblenz, zwischen 0.3 km hinter AS Plaidt und 2.9 km vor Im Weidenfeld Gefahr durch ein defektes Fahrzeug auf der Fahrbahn",50.3778528615913,7.39062226560972
"A61","undefined--vi-avl.2025-05-23_06-22-00-000.f.de0","51.109075604713624,6.429046908011545,51.13190637662902,6.423858117852854","51.109075604713624,6.429046908011545","WARNING","A61 | Mönchengladbach-Wanlo - Mönchengladbach-Wickrath"," Koblenz -> Mönchengladbach",5,"STATIONARY_TRAFFIC","23",2025-05-23,"Beginn: 23.05.25 um 06:26 Uhr  Angespannte Verkehrslage, seit 23.05.2025, 06:26 A61: Koblenz -> Mönchengladbach, zwischen 1.2 km hinter AD Mönchengladbach-Wanlo und 0.9 km vor AS Mönchengladbach-Wickrath  Im Stillstand Reisezeitverlust: 5 Minuten Durchschnittsgeschwindigkeit: 23 km/h",51.1090756047136,6.42904690801154
"A61","undefined--vi-avl.2025-05-23_07-17-46-000.f_001.de0","51.10905776206128,6.429043416597395,51.10905776206128,6.429043416597395","51.10905776206128,6.429043416597395","WARNING","A61 | Mönchengladbach-Güdderath - Mönchengladbach-Güdderath"," Koblenz -> Mönchengladbach",NA,"STATIONARY_TRAFFIC","16",2025-05-23,"Beginn: 23.05.25 um 07:22 Uhr  Angespannte Verkehrslage, seit 23.05.2025, 07:22 A61: Koblenz -> Mönchengladbach, 1.0 km vor AS Mönchengladbach-Güdderath, aus Richtung Mönchengladbach-Wanlo  Im Stillstand Durchschnittsgeschwindigkeit: 16 km/h",51.1090577620613,6.42904341659739
"A61","undefined--vi-avl.2025-05-23_06-26-30-000.f_004.de0","51.145426354121625,6.415143885298507,51.130108923962005,6.423318179580464","51.145426354121625,6.415143885298507","WARNING","A61 | Mönchengladbach-Rheydt - Mönchengladbach-Güdderath"," Mönchengladbach -> Koblenz",2,"QUEUING_TRAFFIC","35.400001525878906",2025-05-23,"Beginn: 23.05.25 um 06:26 Uhr  Angespannte Verkehrslage, seit 23.05.2025, 06:26 A61: Mönchengladbach -> Koblenz, zwischen 1.2 km hinter AS Mönchengladbach-Rheydt und 1.4 km vor AS Mönchengladbach-Güdderath  Stockender Verkehr Reisezeitverlust: 2 Minuten Durchschnittsgeschwindigkeit: 35 km/h",51.1454263541216,6.41514388529851
"A62","undefined--vi-avl.2025-05-23_07-19-31-000.f_003.de0","49.32746562959846,7.61101033194898,49.307084810833246,7.618843044892226","49.32746562959846,7.61101033194898","WARNING","A62 | Weselberg - Thaleischweiler-Fröschen"," Landstuhl -> Pirmasens",1,"SLOW_TRAFFIC","54.599998474121094",2025-05-23,"Beginn: 23.05.25 um 07:19 Uhr  Angespannte Verkehrslage, seit 23.05.2025, 07:19 A62: Landstuhl -> Pirmasens, zwischen 0.8 km hinter AS Weselberg und 5.8 km vor AS Thaleischweiler-Fröschen  Langsamer Verkehr Reisezeitverlust: 1 Minuten Durchschnittsgeschwindigkeit: 54 km/h",49.3274656295985,7.61101033194898
"A63","undefined--vi-avl.2025-05-23_07-03-00-000.f_001.de0","49.948739137518814,8.220778898299255,49.96207300094132,8.236405799999783","49.948739137518814,8.220778898299255","WARNING","A63 | Klein-Winternheim - Mainz-Süd"," Kaiserslautern -> Mainz",2,"QUEUING_TRAFFIC","32.20000076293945",2025-05-23,"Beginn: 23.05.25 um 07:03 Uhr  Angespannte Verkehrslage, seit 23.05.2025, 07:03 A63: Kaiserslautern -> Mainz, zwischen AS Klein-Winternheim und 0.3 km vor AK Mainz-Süd  Stockender Verkehr Reisezeitverlust: 2 Minuten Durchschnittsgeschwindigkeit: 32 km/h",49.9487391375188,8.22077889829925
"A64","undefined--vi-avl.2025-05-23_06-22-30-000.f_004.de0","49.737252748451915,6.536935102544126,49.762833222176404,6.581487017158983","49.737252748451915,6.536935102544126","WARNING","A64 | Sauertalbrücke - Sauertal"," Luxemburg -> Trier",1,"SLOW_TRAFFIC","74.80000305175781",2025-05-23,"Beginn: 23.05.25 um 06:22 Uhr  Angespannte Verkehrslage, seit 23.05.2025, 06:22 A64: Luxemburg -> Trier, zwischen 2.5 km hinter Sauertalbrücke und Sauertal  Langsamer Verkehr Reisezeitverlust: 1 Minuten Durchschnittsgeschwindigkeit: 74 km/h",49.7372527484519,6.53693510254413
"A64","undefined--vi-avl.2025-05-23_07-22-16-000.f_011.de0","49.78507244370596,6.6409570341333515,49.78865391417719,6.64526824229259","49.78507244370596,6.6409570341333515","WARNING","A64 | Trier - Anschluss B52-Trier"," Luxemburg -> Trier",0,"SLOW_TRAFFIC","29",2025-05-23,"Beginn: 23.05.25 um 07:22 Uhr  Angespannte Verkehrslage, seit 23.05.2025, 07:22 A64: Luxemburg -> Trier, zwischen 3.2 km hinter AS Trier und 1.2 km vor Anschluss B52-Trier  Langsamer Verkehr Reisezeitverlust: 0 Minuten Durchschnittsgeschwindigkeit: 29 km/h",49.785072443706,6.64095703413335
"A64","undefined--vi-avl.2025-05-23_07-22-16-000.f_012.de0","49.78507244370596,6.6409570341333515,49.78507244370596,6.6409570341333515","49.78507244370596,6.6409570341333515","WARNING","A64 | Trier - Trier"," Trier -> Luxemburg",NA,"SLOW_TRAFFIC","16",2025-05-23,"Beginn: 23.05.25 um 07:22 Uhr  Angespannte Verkehrslage, seit 23.05.2025, 07:22 A64: Trier -> Luxemburg, 3.2 km vor AS Trier, aus Richtung Anschluss B52-Trier  Langsamer Verkehr Durchschnittsgeschwindigkeit: 16 km/h",49.785072443706,6.64095703413335
"A65","undefined--vi-avl.2025-05-23_07-19-31-000.f.de0","49.17479496995856,8.150901269671069,49.16262287748826,8.154894466255405","49.17479496995856,8.150901269671069","WARNING","A65 | Landau-Süd - Insheim"," Landau -> Karlsruhe",0,"SLOW_TRAFFIC","63.900001525878906",2025-05-23,"Beginn: 23.05.25 um 07:19 Uhr  Angespannte Verkehrslage, seit 23.05.2025, 07:19 A65: Landau -> Karlsruhe, zwischen 0.2 km hinter AS Landau-Süd und 0.7 km vor AS Insheim  Langsamer Verkehr Reisezeitverlust: 0 Minuten Durchschnittsgeschwindigkeit: 63 km/h",49.1747949699586,8.15090126967107
"A65","undefined--vi-avl.2025-05-23_07-01-36-000.f.de0","49.227624960551246,8.148407421107553,49.25959758377457,8.151232960371297","49.227624960551246,8.148407421107553","WARNING","A65 | Landau-Dammheim - Pfälzer Weinstraße-Ost"," Landau -> Ludwigshafen",2,"SLOW_TRAFFIC","51.79999923706055",2025-05-23,"Beginn: 23.05.25 um 07:01 Uhr  Angespannte Verkehrslage, seit 23.05.2025, 07:01 A65: Landau -> Ludwigshafen, zwischen 0.3 km hinter AS Landau-Dammheim und 1.0 km vor Pfälzer Weinstraße-Ost  Langsamer Verkehr Reisezeitverlust: 2 Minuten Durchschnittsgeschwindigkeit: 51 km/h",49.2276249605512,8.14840742110755
"A65","undefined--vi-avl.2025-05-23_07-22-16-000.f_006.de0","49.227713549213725,8.148431210728221,49.227713549213725,8.148431210728221","49.227713549213725,8.148431210728221","WARNING","A65 | Pfälzer Weinstraße-Ost - Pfälzer Weinstraße-Ost"," Landau -> Ludwigshafen",NA,"SLOW_TRAFFIC","28",2025-05-23,"Beginn: 23.05.25 um 07:22 Uhr  Angespannte Verkehrslage, seit 23.05.2025, 07:22 A65: Landau -> Ludwigshafen, 4.5 km vor Pfälzer Weinstraße-Ost, aus Richtung Landau-Dammheim  Langsamer Verkehr Durchschnittsgeschwindigkeit: 28 km/h",49.2277135492137,8.14843121072822
"A70","undefined--vi-hind.2025-05-23_07-18-27-000.f_006.de0","50.00172099504359,10.11767041684536,50.01775170094107,10.162085700000478","50.00172099504359,10.11767041684536","WARNING","A70 | Schweinfurt/Werneck - Werntal"," Schweinfurt/Werneck -> Bamberg",NA,NA,NA,2025-05-23,"Beginn: 23.05.25 um 07:18 Uhr  Hindernis, seit 23.05.2025, 07:18 A70: Schweinfurt/Werneck -> Bamberg, zwischen 2.9 km hinter AD Schweinfurt/Werneck und 0.2 km vor AD Werntal  Gefahr durch Personen auf der Fahrbahn",50.0017209950436,10.1176704168454
"A70","undefined--vi-hind.2025-05-23_07-18-27-000.f_004.de0","50.017874373940444,10.162048703629084,50.00182360094114,10.117564900000433","50.017874373940444,10.162048703629084","WARNING","A70 | Werntal - Schweinfurt/Werneck"," Bamberg -> Schweinfurt/Werneck",NA,NA,NA,2025-05-23,"Beginn: 23.05.25 um 07:18 Uhr  Hindernis, seit 23.05.2025, 07:18 A70: Bamberg -> Schweinfurt/Werneck, zwischen 0.2 km hinter AD Werntal und 2.8 km vor AD Schweinfurt/Werneck  Gefahr durch Personen auf der Fahrbahn",50.0178743739404,10.1620487036291
"A71","undefined--vi-hind.2025-05-23_07-18-27-000.f_005.de0","50.26082850093998,10.218890000000544,50.32845200093965,10.29067550000064","50.26082850093998,10.218890000000544","WARNING","A71 | Lauertal - Bad Neustadt a.d.Saale"," Schweinfurt -> Suhl",NA,NA,NA,2025-05-23,"Beginn: 23.05.25 um 07:18 Uhr  Hindernis, seit 23.05.2025, 07:18 A71: Schweinfurt -> Suhl, zwischen 2.4 km hinter Lauertal und 0.2 km vor AS Bad Neustadt a.d.Saale  Gefahr durch eine ungesicherte Unfallstelle",50.26082850094,10.2188900000005
"A71","undefined--vi-zus.2025-05-23_07-18-57-000.f.de0","51.18514820728512,11.157958321622662,51.194773329653884,11.172108866457235","51.18514820728512,11.157958321622662","WARNING","A71 | Sömmerda-Ost - Leubinger Fürstenhügel"," Erfurt -> Sangerhausen",0,"SLOW_TRAFFIC","68.19999694824219",2025-05-23,"Beginn: 23.05.25 um 07:18 Uhr  Zusammengesetzte Verkehrsinformation, seit 23.05.2025, 07:18 A71: Erfurt -> Sangerhausen, zwischen 3.5 km hinter AS Sömmerda-Ost und 0.5 km vor Leubinger Fürstenhügel  Langsamer Verkehr Reisezeitverlust: 0 Minuten Durchschnittsgeschwindigkeit: 68 km/h",51.1851482072851,11.1579583216227
"A73","undefined--vi-avl.2025-05-23_06-51-30-000.f_001.de0","50.14750761566611,11.030912033571692,50.1830998878214,11.026319478219195","50.14750761566611,11.030912033571692","WARNING","A73 | Lichtenfels-Nord - Ebersdorf b.Coburg"," Bamberg -> Suhl",2,"SLOW_TRAFFIC","65.9000015258789",2025-05-23,"Beginn: 23.05.25 um 06:51 Uhr  Angespannte Verkehrslage, seit 23.05.2025, 06:51 A73: Bamberg -> Suhl, zwischen 0.1 km hinter AS Lichtenfels-Nord und 4.8 km vor AS Ebersdorf b.Coburg  Langsamer Verkehr Reisezeitverlust: 2 Minuten Durchschnittsgeschwindigkeit: 65 km/h",50.1475076156661,11.0309120335717
"A81","undefined--vi-zus.2025-05-23_07-21-44-000.f.de0","48.19984884677046,8.60454589716638,48.20414474835847,8.618827167172691","48.19984884677046,8.60454589716638","WARNING","A81 | Rottweil - Neckarburg"," Singen -> Stuttgart",0,"SLOW_TRAFFIC","61.400001525878906",2025-05-23,"Beginn: 23.05.25 um 07:21 Uhr  Zusammengesetzte Verkehrsinformation, seit 23.05.2025, 07:21 A81: Singen -> Stuttgart, zwischen 3.4 km hinter AS Rottweil und 0.4 km vor Neckarburg  Langsamer Verkehr Reisezeitverlust: 0 Minuten Durchschnittsgeschwindigkeit: 61 km/h",48.1998488467705,8.60454589716638
"A81","undefined--vi-avl.2025-05-23_07-17-17-000.f_002.de0","48.347875616824616,8.663607375874056,48.373279186866,8.697364655915436","48.347875616824616,8.663607375874056","WARNING","A81 | Sulz am Neckar - Empfingen"," Singen -> Stuttgart",1,"SLOW_TRAFFIC","66.30000305175781",2025-05-23,"Beginn: 23.05.25 um 07:17 Uhr  Angespannte Verkehrslage, seit 23.05.2025, 07:17 A81: Singen -> Stuttgart, zwischen 0.4 km hinter AS Sulz am Neckar und 2.4 km vor AS Empfingen  Langsamer Verkehr Reisezeitverlust: 1 Minuten Durchschnittsgeschwindigkeit: 66 km/h",48.3478756168246,8.66360737587406
"A81","undefined--vi-zus.2025-05-23_07-17-17-000.f.de0","48.70963949704525,9.05306908386886,48.70337061934149,9.037076712873013","48.70963949704525,9.05306908386886","WARNING","A81 | Stuttgart - Böblingen-Ost"," Stuttgart -> Singen",0,"SLOW_TRAFFIC","52",2025-05-23,"Beginn: 23.05.25 um 07:17 Uhr  Zusammengesetzte Verkehrsinformation, seit 23.05.2025, 07:17 A81: Stuttgart -> Singen, zwischen 2.1 km hinter AK Stuttgart und 0.2 km vor AS Böblingen-Ost  Langsamer Verkehr Reisezeitverlust: 0 Minuten Durchschnittsgeschwindigkeit: 52 km/h",48.7096394970453,9.05306908386886
"A93","undefined--vi-avl.2025-05-23_07-14-51-000.f_001.de0","47.605643142162485,12.194773140536856,47.61034903604113,12.20044619449645","47.605643142162485,12.194773140536856","WARNING","A93 | Kiefersfelden - Inntal"," Kiefersfelden -> Rosenheim",1,"SLOW_TRAFFIC","15.399999618530273",2025-05-23,"Beginn: 23.05.25 um 07:18 Uhr  Angespannte Verkehrslage, seit 23.05.2025, 07:18 A93: Kiefersfelden -> Rosenheim, zwischen 0.1 km hinter Kiefersfelden und 0.2 km vor Inntal  Langsamer Verkehr Reisezeitverlust: 1 Minuten Durchschnittsgeschwindigkeit: 15 km/h",47.6056431421625,12.1947731405369
"A93","undefined--vi-avl.2025-05-23_07-22-16-000.f_009.de0","47.60563145084383,12.19475293679132,47.60563145084383,12.19475293679132","47.60563145084383,12.19475293679132","WARNING","A93 | Inntal - Inntal"," Kiefersfelden -> Rosenheim",NA,"SLOW_TRAFFIC","8",2025-05-23,"Beginn: 23.05.25 um 07:22 Uhr  Angespannte Verkehrslage, seit 23.05.2025, 07:22 A93: Kiefersfelden -> Rosenheim, 0.9 km vor Inntal, aus Richtung Kiefersfelden  Langsamer Verkehr Durchschnittsgeschwindigkeit: 8 km/h",47.6056314508438,12.1947529367913
"A94","undefined--vi-avl.2025-05-23_06-25-30-000.f.de0","48.247869020636905,12.33972699419634,48.24784710094739,12.356675100046688","48.247869020636905,12.33972699419634","WARNING","A94 | Schwindegg - Einhausung Wimpasing"," München -> Passau",6,"STATIONARY_TRAFFIC","10.199999809265137",2025-05-23,"Beginn: 23.05.25 um 06:25 Uhr  Angespannte Verkehrslage, seit 23.05.2025, 06:25 A94: München -> Passau, zwischen 4.4 km hinter AS Schwindegg und 3.5 km vor Einhausung Wimpasing  Im Stillstand Reisezeitverlust: 6 Minuten Durchschnittsgeschwindigkeit: 10 km/h",48.2478690206369,12.3397269941963
"A94","undefined--vi-avl.2025-05-23_07-17-46-000.f_002.de0","48.247869020636905,12.33972699419634,48.247869020636905,12.33972699419634","48.247869020636905,12.33972699419634","WARNING","A94 | Heldenstein - Heldenstein"," München -> Passau",NA,"STATIONARY_TRAFFIC","10",2025-05-23,"Beginn: 23.05.25 um 07:22 Uhr  Angespannte Verkehrslage, seit 23.05.2025, 07:22 A94: München -> Passau, 1.2 km vor AS Heldenstein, aus Richtung Schwindegg  Im Stillstand Durchschnittsgeschwindigkeit: 10 km/h",48.2478690206369,12.3397269941963
"A100","undefined--vi-avl.2025-05-23_07-05-00-000.f.de0","52.53373493235661,13.294233330050847,52.53373493235661,13.294233330050847","52.53373493235661,13.294233330050847","WARNING","A100 | Jakob-Kaiser-Platz - Jakob-Kaiser-Platz"," Wedding -> Wilmersdorf",NA,"QUEUING_TRAFFIC","15",2025-05-23,"Beginn: 23.05.25 um 07:22 Uhr  Angespannte Verkehrslage, seit 23.05.2025, 07:22 A100: Wedding -> Wilmersdorf, in Höhe AS Jakob-Kaiser-Platz, aus Richtung Beusselstraße  Stockender Verkehr Durchschnittsgeschwindigkeit: 15 km/h",52.5337349323566,13.2942333300508
"A100","undefined--vi-avl.2025-05-23_07-22-16-000.f.de0","52.5142646009292,13.286466600093215,52.521239900929125,13.282059300092635","52.5142646009292,13.286466600093215","WARNING","A100 | Kaiserdamm - Siemensdamm"," Wilmersdorf -> Wedding",0,"SLOW_TRAFFIC","38.70000076293945",2025-05-23,"Beginn: 23.05.25 um 07:22 Uhr  Angespannte Verkehrslage, seit 23.05.2025, 07:22 A100: Wilmersdorf -> Wedding, zwischen 0.2 km hinter AS Kaiserdamm und 1.4 km vor AS Siemensdamm  Langsamer Verkehr Reisezeitverlust: 0 Minuten Durchschnittsgeschwindigkeit: 38 km/h",52.5142646009292,13.2864666000932
"A100","undefined--vi-avl.2025-05-23_07-22-16-000.f_010.de0","52.494516886694704,13.286294874875452,52.494516886694704,13.286294874875452","52.494516886694704,13.286294874875452","WARNING","A100 | Halenseestraße - Halenseestraße"," Wilmersdorf -> Wedding",NA,"SLOW_TRAFFIC","28",2025-05-23,"Beginn: 23.05.25 um 07:22 Uhr  Angespannte Verkehrslage, seit 23.05.2025, 07:22 A100: Wilmersdorf -> Wedding, 0.1 km vor AS Halenseestraße, aus Richtung Kurfürstendamm(Schwarzbacher Straße)  Langsamer Verkehr Durchschnittsgeschwindigkeit: 28 km/h",52.4945168866947,13.2862948748755
"A100","undefined--vi-avl.2025-05-23_07-21-02-000.f.de0","52.49454861701695,13.286189263790446,52.50336219531883,13.282025493254945","52.49454861701695,13.286189263790446","WARNING","A100 | Kurfürstendamm(Schwarzbacher Straße) - Kaiserdamm-Süd"," Wilmersdorf -> Wedding",0,"SLOW_TRAFFIC","42.29999923706055",2025-05-23,"Beginn: 23.05.25 um 07:21 Uhr  Angespannte Verkehrslage, seit 23.05.2025, 07:21 A100: Wilmersdorf -> Wedding, zwischen 0.3 km hinter AS Kurfürstendamm(Schwarzbacher Straße) und 0.8 km vor AS Kaiserdamm-Süd  Langsamer Verkehr Reisezeitverlust: 0 Minuten Durchschnittsgeschwindigkeit: 42 km/h",52.494548617017,13.2861892637904
"A100","undefined--vi-hind.2025-05-23_07-00-13-000.f.de0","52.46866890765365,13.39186856643714,52.469032139887986,13.3907374759973","52.46866890765365,13.39186856643714","WARNING","A100 | Oberlandstraße - Tempelhofer Damm"," Neukölln -> Wilmersdorf",NA,NA,NA,2025-05-23,"Beginn: 23.05.25 um 07:00 Uhr  Fahrzeug-Hindernis, seit 23.05.2025, 07:00 A100: Neukölln -> Wilmersdorf, zwischen 1.0 km hinter AS Oberlandstraße und 0.4 km vor AS Tempelhofer Damm Gefahr durch ein defektes Fahrzeug auf der Fahrbahn",52.4686689076537,13.3918685664371
"A100","undefined--vi-avl.2025-05-23_07-16-19-000.f_007.de0","52.462948403853424,13.444649958576564,52.462948403853424,13.444649958576564","52.462948403853424,13.444649958576564","WARNING","A100 | Buschkrugallee - Buschkrugallee"," Neukölln -> Wilmersdorf",NA,"QUEUING_TRAFFIC","18",2025-05-23,"Beginn: 23.05.25 um 07:22 Uhr  Angespannte Verkehrslage, seit 23.05.2025, 07:22 A100: Neukölln -> Wilmersdorf, in Höhe AS Buschkrugallee, aus Richtung Neukölln  Stockender Verkehr Durchschnittsgeschwindigkeit: 18 km/h",52.4629484038534,13.4446499585766
"A100","undefined--vi-zus.2025-05-23_06-30-00-000.f_001.de0","52.46291332535482,13.444008359245698,52.47017090092991,13.376729900103978","52.46291332535482,13.444008359245698","WARNING","A100 | Buschkrugallee - Alboinstraße"," Neukölln -> Wilmersdorf",7,"QUEUING_TRAFFIC","25.700000762939453",2025-05-23,"Beginn: 23.05.25 um 06:30 Uhr  Zusammengesetzte Verkehrsinformation, seit 23.05.2025, 06:30 A100: Neukölln -> Wilmersdorf, zwischen AS Buschkrugallee und 0.3 km vor AS Alboinstraße  Stockender Verkehr Reisezeitverlust: 7 Minuten Durchschnittsgeschwindigkeit: 25 km/h",52.4629133253548,13.4440083592457
"A111","undefined--vi-avl.2025-05-23_07-22-16-000.f_005.de0","52.5356398139662,13.292900785999478,52.5356398139662,13.292900785999478","52.5356398139662,13.292900785999478","WARNING","A111 | Charlottenburg - Charlottenburg"," Dreieck Oranienburg -> Charlottenburg",NA,"SLOW_TRAFFIC","18",2025-05-23,"Beginn: 23.05.25 um 07:22 Uhr  Angespannte Verkehrslage, seit 23.05.2025, 07:22 A111: Dreieck Oranienburg -> Charlottenburg, 0.3 km vor AD Charlottenburg, aus Richtung Heckerdamm  Langsamer Verkehr Durchschnittsgeschwindigkeit: 18 km/h",52.5356398139662,13.2929007859995
"A113","undefined--vi-zus.2025-05-23_04-57-30-000.f.de0","52.43617318100181,13.493052326243479,52.427730500930934,13.517008500122175","52.43617318100181,13.493052326243479","WARNING","A113 | Johannisthaler Chaussee - Rudower Höhe"," Neukölln -> Schönefeld",NA,NA,NA,2025-05-23,"Beginn: 23.05.25 um 04:57 Uhr  Zusammengesetzte Verkehrsinformation, seit 23.05.2025, 04:57 A113: Neukölln -> Schönefeld, zwischen 1.2 km hinter AS Johannisthaler Chaussee und 1.0 km vor Rudower Höhe  A113 Autobahnzubringer Dresden, Neukölln Richtung Schönefeld
zwischen Stubenrauchstraße und Tunnel Rudower Höhe
linker Fahrstreifen gesperrt, Bauarbeiten, bis voraussichtlich 20.06.2025",52.4361731810018,13.4930523262435
"A115","undefined--vi-zus.2024-10-09_07-09-40-000.f_531.de0","52.40027056808641,13.185163736426698,52.44227384698058,13.202709435405149","52.40027056808641,13.185163736426698","WARNING","A115 | Am Stern - Hüttenweg"," Dreieck Nuthetal -> Dreieck Funkturm",NA,NA,NA,2024-10-09,"Beginn: 09.10.24 um 07:09 Uhr  Zusammengesetzte Verkehrsinformation, seit 09.10.2024, 07:09 A115: Dreieck Nuthetal -> Dreieck Funkturm, zwischen 2.9 km hinter Am Stern und 3.8 km vor AS Hüttenweg  A115 Autobahnzubringer Magdeburg, Dreieck Nuthetal Richtung Dreieck Funkturm, zwischen Anschlussstelle Kleinmachnow und Anschlussstelle Spanische Allee, Baustelle, bis 31.10.2026 17:00 Uhr",52.4002705680864,13.1851637364267
"A115","undefined--vi-avl.2025-05-23_06-24-30-000.f_005.de0","52.396037637790414,13.179653439396098,52.4385817568368,13.19805185426789","52.396037637790414,13.179653439396098","WARNING","A115 | Am Stern - Hüttenweg"," Dreieck Nuthetal -> Dreieck Funkturm",6,"SLOW_TRAFFIC","31.700000762939453",2025-05-23,"Beginn: 23.05.25 um 06:24 Uhr  Angespannte Verkehrslage, seit 23.05.2025, 06:24 A115: Dreieck Nuthetal -> Dreieck Funkturm, zwischen 2.3 km hinter Am Stern und 4.3 km vor AS Hüttenweg  Langsamer Verkehr Reisezeitverlust: 6 Minuten Durchschnittsgeschwindigkeit: 31 km/h",52.3960376377904,13.1796534393961
"A115","undefined--vi-avl.2025-05-23_07-22-16-000.f_003.de0","52.39611878529016,13.179810419401697,52.39611878529016,13.179810419401697","52.39611878529016,13.179810419401697","WARNING","A115 | Kleinmachnow - Kleinmachnow"," Dreieck Nuthetal -> Dreieck Funkturm",NA,"SLOW_TRAFFIC","11",2025-05-23,"Beginn: 23.05.25 um 07:22 Uhr  Angespannte Verkehrslage, seit 23.05.2025, 07:22 A115: Dreieck Nuthetal -> Dreieck Funkturm, 0.9 km vor AS Kleinmachnow, aus Richtung Am Stern  Langsamer Verkehr Durchschnittsgeschwindigkeit: 11 km/h",52.3961187852902,13.1798104194017
"A115","undefined--vi-avl.2025-05-23_07-22-16-000.f_001.de0","52.501970787035326,13.278721447784708,52.501970787035326,13.278721447784708","52.501970787035326,13.278721447784708","WARNING","A115 | Funkturm - Funkturm"," Dreieck Nuthetal -> Dreieck Funkturm",NA,"STATIONARY_TRAFFIC","8",2025-05-23,"Beginn: 23.05.25 um 07:22 Uhr  Angespannte Verkehrslage, seit 23.05.2025, 07:22 A115: Dreieck Nuthetal -> Dreieck Funkturm, 0.1 km vor AD Funkturm, aus Richtung Avus  Im Stillstand Durchschnittsgeschwindigkeit: 8 km/h",52.5019707870353,13.2787214477847
"A210","undefined--vi-avl.2025-05-23_07-22-16-000.f_007.de0","54.30692813407825,10.049629241311937,54.30692813407825,10.049629241311937","54.30692813407825,10.049629241311937","WARNING","A210 | Kiel-West - Kiel-West"," Rendsburg -> Kiel",NA,"SLOW_TRAFFIC","19",2025-05-23,"Beginn: 23.05.25 um 07:22 Uhr  Angespannte Verkehrslage, seit 23.05.2025, 07:22 A210: Rendsburg -> Kiel, 0.3 km vor AK Kiel-West, aus Richtung Melsdorf  Langsamer Verkehr Durchschnittsgeschwindigkeit: 19 km/h",54.3069281340782,10.0496292413119
"A210","undefined--vi-zus.2025-05-23_07-21-44-000.f_001.de0","54.30692813407825,10.049629241311937,54.307501400912685,10.059644000000556","54.30692813407825,10.049629241311937","WARNING","Baustelle"," km 23.31 --> km 23.97",0,"SLOW_TRAFFIC","34.20000076293945",2025-05-23,"Beginn: 23.05.25 um 07:21 Uhr  Zusammengesetzte Verkehrsinformation, seit 23.05.2025, 07:21 A210: km 23.31 --> km 23.97  Langsamer Verkehr Reisezeitverlust: 0 Minuten Durchschnittsgeschwindigkeit: 34 km/h",54.3069281340782,10.0496292413119
"A255","undefined--vi-avl.2025-05-23_06-53-30-000.f_002.de0","53.515688625745284,10.030459121551011,53.515688625745284,10.030459121551011","53.515688625745284,10.030459121551011","WARNING","A255 | Hamburg-Veddel - Hamburg-Veddel"," Hamburg-Süd -> Neue Elbbrücken",NA,"STATIONARY_TRAFFIC","8",2025-05-23,"Beginn: 23.05.25 um 07:22 Uhr  Angespannte Verkehrslage, seit 23.05.2025, 07:22 A255: Hamburg-Süd -> Neue Elbbrücken, 1.5 km vor AS Hamburg-Veddel, aus Richtung Hamburg-Norderelbe  Im Stillstand Durchschnittsgeschwindigkeit: 8 km/h",53.5156886257453,10.030459121551
"A255","undefined--vi-avl.2025-05-23_07-14-23-000.f_007.de0","53.50422678912753,10.03890783288549,53.50422678912753,10.03890783288549","53.50422678912753,10.03890783288549","WARNING","Baustelle","",NA,"STATIONARY_TRAFFIC","17",2025-05-23,"Beginn: 23.05.25 um 07:22 Uhr  Angespannte Verkehrslage, seit 23.05.2025, 07:22 A255 N  Im Stillstand Durchschnittsgeschwindigkeit: 17 km/h",53.5042267891275,10.0389078328855
"A255","undefined--vi-avl.2025-05-23_07-12-47-000.f_001.de0","53.50416473246144,10.038925225366475,53.5156807927219,10.030466517246584","53.50416473246144,10.038925225366475","WARNING","Baustelle"," km -0.52 --> km 0.86",4,"STATIONARY_TRAFFIC","16.799999237060547",2025-05-23,"Beginn: 23.05.25 um 07:12 Uhr  Angespannte Verkehrslage, seit 23.05.2025, 07:12 A255: km -0.52 --> km 0.86  Im Stillstand Reisezeitverlust: 4 Minuten Durchschnittsgeschwindigkeit: 16 km/h",53.5041647324614,10.0389252253665
"A555","undefined--vi-avl.2025-05-23_06-41-30-000.f.de0","50.748968711283545,7.064009903384835,50.748968711283545,7.064009903384835","50.748968711283545,7.064009903384835","WARNING","A555 | Bonn-Nord - Bonn-Nord"," Köln -> Bonn",NA,"STATIONARY_TRAFFIC","14",2025-05-23,"Beginn: 23.05.25 um 07:22 Uhr  Angespannte Verkehrslage, seit 23.05.2025, 07:22 A555: Köln -> Bonn, 0.8 km vor AK Bonn-Nord, aus Richtung Bornheim (Rhld.)  Im Stillstand Durchschnittsgeschwindigkeit: 14 km/h",50.7489687112835,7.06400990338483
"A555","undefined--vi-avl.2025-05-23_07-01-11-000.f_005.de0","50.869984103775145,6.9700188237435485,50.87995890093691,6.968989899996775","50.869984103775145,6.9700188237435485","WARNING","A555 | Köln-Rodenkirchen - Köln-Süd"," Bonn -> Köln",0,"SLOW_TRAFFIC","46.400001525878906",2025-05-23,"Beginn: 23.05.25 um 07:01 Uhr  Angespannte Verkehrslage, seit 23.05.2025, 07:01 A555: Bonn -> Köln, zwischen 0.7 km hinter AS Köln-Rodenkirchen und 0.6 km vor AK Köln-Süd  Langsamer Verkehr Reisezeitverlust: 0 Minuten Durchschnittsgeschwindigkeit: 46 km/h",50.8699841037751,6.97001882374355
"A602","undefined--vi-avl.2025-05-23_07-01-11-000.f_002.de0","49.81170128267097,6.747150432821988,49.81170128267097,6.747150432821988","49.81170128267097,6.747150432821988","WARNING","A602 | Schweich - Schweich"," Longuich -> Trier",NA,"STATIONARY_TRAFFIC","13",2025-05-23,"Beginn: 23.05.25 um 07:22 Uhr  Angespannte Verkehrslage, seit 23.05.2025, 07:22 A602: Longuich -> Trier, 0.1 km vor AS Schweich, aus Richtung Moseltal  Im Stillstand Durchschnittsgeschwindigkeit: 13 km/h",49.811701282671,6.74715043282199
"A602","undefined--vi-avl.2025-05-23_07-00-13-000.f.de0","49.811695511455895,6.747124113359711,49.805203296620256,6.717091098475153","49.811695511455895,6.747124113359711","WARNING","A602 | Moseltal - Trier-Ehrang"," Longuich -> Trier",4,"STATIONARY_TRAFFIC","23.100000381469727",2025-05-23,"Beginn: 23.05.25 um 07:00 Uhr  Angespannte Verkehrslage, seit 23.05.2025, 07:00 A602: Longuich -> Trier, zwischen 0.9 km hinter AD Moseltal und 1.0 km vor AS Trier-Ehrang  Im Stillstand Reisezeitverlust: 4 Minuten Durchschnittsgeschwindigkeit: 23 km/h",49.8116955114559,6.74712411335971
