"road","identifier","extent","point","display_type","title","subtitle","delay_minutes","abnormalTrafficType","averageSpeed","startTimestamp","description","latitude","longitude"
"A1","undefined--vi-avl.2025-05-24_17-07-38-000.f_001.de0","50.83677748212198,6.7957248668237265,50.85269977087939,6.804601196334652","50.83677748212198,6.7957248668237265","WARNING","A1 | Erfttal - Ville"," Euskirchen -> Köln",3,"STATIONARY_TRAFFIC","27.200000762939453",2025-05-24,"Beginn: 24.05.25 um 17:07 Uhr  Angespannte Verkehrslage, seit 24.05.2025, 17:07 A1: Euskirchen -> Köln, zwischen 2.4 km hinter AD Erfttal und 0.6 km vor Ville  Im Stillstand Reisezeitverlust: 3 Minuten Durchschnittsgeschwindigkeit: 27 km/h",50.836777482122,6.79572486682373
"A1","undefined--vi-avl.2025-05-24_17-17-19-000.f_006.de0","50.836726143455515,6.795667391365602,50.836726143455515,6.795667391365602","50.836726143455515,6.795667391365602","WARNING","A1 | Hürth - Hürth"," Euskirchen -> Köln",NA,"STATIONARY_TRAFFIC","17",2025-05-24,"Beginn: 24.05.25 um 18:22 Uhr  Angespannte Verkehrslage, seit 24.05.2025, 18:22 A1: Euskirchen -> Köln, 1.4 km vor AS Hürth, aus Richtung Erfttal  Im Stillstand Durchschnittsgeschwindigkeit: 17 km/h",50.8367261434555,6.7956673913656
"A1","undefined--vi-avl.2025-05-24_16-58-13-000.f_001.de0","50.99169122189934,6.873208805238467,50.99169122189934,6.873208805238467","50.99169122189934,6.873208805238467","WARNING","A1 | Köln-Bocklemünd - Köln-Bocklemünd"," Köln -> Euskirchen",NA,"STATIONARY_TRAFFIC","8",2025-05-24,"Beginn: 24.05.25 um 18:22 Uhr  Angespannte Verkehrslage, seit 24.05.2025, 18:22 A1: Köln -> Euskirchen, 2.3 km vor AS Köln-Bocklemünd, aus Richtung Köln-Nord  Im Stillstand Durchschnittsgeschwindigkeit: 8 km/h",50.9916912218993,6.87320880523847
"A1","undefined--vi-avl.2025-05-24_18-20-30-000.f_003.de0","51.01601351819724,6.924135182513021,51.01601351819724,6.924135182513021","51.01601351819724,6.924135182513021","WARNING","A1 | Köln-Nord - Köln-Nord"," Köln -> Euskirchen",NA,"QUEUING_TRAFFIC","28",2025-05-24,"Beginn: 24.05.25 um 18:20 Uhr  Angespannte Verkehrslage, seit 24.05.2025, 18:20 A1: Köln -> Euskirchen, 3.2 km vor AK Köln-Nord, aus Richtung Köln-Niehl  Stockender Verkehr Durchschnittsgeschwindigkeit: 28 km/h",51.0160135181972,6.92413518251302
"A1","undefined--vi-avl.2025-05-24_16-55-51-000.f_003.de0","50.991746304938744,6.873388118619427,50.941835688200385,6.849428650563124","50.991746304938744,6.873388118619427","WARNING","A1 | Köln-Nord - Köln-Lövenich"," Köln -> Euskirchen",46,"STATIONARY_TRAFFIC","7.599999904632568",2025-05-24,"Beginn: 24.05.25 um 16:55 Uhr  Angespannte Verkehrslage, seit 24.05.2025, 16:55 A1: Köln -> Euskirchen, zwischen 1.4 km hinter AK Köln-Nord und 0.4 km vor AS Köln-Lövenich  Im Stillstand Reisezeitverlust: 46 Minuten Durchschnittsgeschwindigkeit: 7 km/h",50.9917463049387,6.87338811861943
"A1","undefined--vi-avl.2025-05-24_17-26-33-000.f_001.de0","51.015590919842,6.923248057344706,51.00107540093625,6.900535999996291","51.015590919842,6.923248057344706","WARNING","A1 | Köln-Niehl - Köln-Nord"," Dortmund -> Euskirchen",2,"QUEUING_TRAFFIC","36.400001525878906",2025-05-24,"Beginn: 24.05.25 um 17:26 Uhr  Angespannte Verkehrslage, seit 24.05.2025, 17:26 A1: Dortmund -> Euskirchen, zwischen 1.7 km hinter AS Köln-Niehl und 0.8 km vor AK Köln-Nord  Stockender Verkehr Reisezeitverlust: 2 Minuten Durchschnittsgeschwindigkeit: 36 km/h",51.015590919842,6.92324805734471
"A1","undefined--vi-avl.2025-05-24_17-03-42-000.f.de0","51.03787510093606,6.968143699996794,51.03747110747448,6.99003703998645","51.03787510093606,6.968143699996794","WARNING","A1 | Leverkusen-West - Leverkusen"," Köln -> Dortmund",0,"SLOW_TRAFFIC","44.400001525878906",2025-05-24,"Beginn: 24.05.25 um 17:03 Uhr  Angespannte Verkehrslage, seit 24.05.2025, 17:03 A1: Köln -> Dortmund, zwischen 0.4 km hinter AK Leverkusen-West und 1.3 km vor AK Leverkusen  Langsamer Verkehr Reisezeitverlust: 0 Minuten Durchschnittsgeschwindigkeit: 44 km/h",51.0378751009361,6.96814369999679
"A1","undefined--vi-avl.2025-05-24_18-09-11-000.f_006.de0","51.03787510093606,6.968143699996794,51.03787510093606,6.968143699996794","51.03787510093606,6.968143699996794","WARNING","A1 | Leverkusen - Leverkusen"," Köln -> Dortmund",NA,"SLOW_TRAFFIC","24",2025-05-24,"Beginn: 24.05.25 um 18:22 Uhr  Angespannte Verkehrslage, seit 24.05.2025, 18:22 A1: Köln -> Dortmund, 2.9 km vor AK Leverkusen, aus Richtung Leverkusen-West  Langsamer Verkehr Durchschnittsgeschwindigkeit: 24 km/h",51.0378751009361,6.96814369999679
"A1","undefined--vi-hind.2025-05-24_17-53-07-000.f_001.de0","51.31324315570339,7.272178257973103,51.31324315570339,7.272178257973103","51.31324315570339,7.272178257973103","WARNING","A1 | Wuppertal-Langerfeld - Bruchmühle"," Köln -> Dortmund",NA,NA,NA,2025-05-24,"Beginn: 24.05.25 um 17:53 Uhr  Fahrzeug-Hindernis, seit 24.05.2025, 17:53 A1: Köln -> Dortmund, zwischen 3.6 km hinter AS Wuppertal-Langerfeld und 2.7 km vor Bruchmühle Gefahr durch ein defektes Fahrzeug auf der Fahrbahn",51.3132431557034,7.2721782579731
"A1","undefined--vi-avl.2025-05-24_18-19-06-000.f.de0","51.45078657315146,7.541424339121255,51.439877804242016,7.534804107825046","51.45078657315146,7.541424339121255","WARNING","A1 | Schwerte - Westhofener Kreuz"," Dortmund -> Köln",0,"SLOW_TRAFFIC","72.5",2025-05-24,"Beginn: 24.05.25 um 18:19 Uhr  Angespannte Verkehrslage, seit 24.05.2025, 18:19 A1: Dortmund -> Köln, zwischen 1.4 km hinter AS Schwerte und 0.8 km vor AK Westhofener Kreuz  Langsamer Verkehr Reisezeitverlust: 0 Minuten Durchschnittsgeschwindigkeit: 72 km/h",51.4507865731515,7.54142433912125
"A1","undefined--vi-hind.2025-05-24_18-17-30-000.f.de0","52.1465643040487,7.732196236976728,52.1141850660309,7.70052285371001","52.1465643040487,7.732196236976728","WARNING","A1 | Buddenkuhle - Flughafen Münster/Osnabrück"," Osnabrück -> Münster",NA,NA,NA,2025-05-24,"Beginn: 24.05.25 um 18:17 Uhr  Fahrzeug-Hindernis, seit 24.05.2025, 18:17 A1: Osnabrück -> Münster, zwischen 3.2 km hinter Buddenkuhle und AS Flughafen Münster/Osnabrück Gefahr durch ein defektes Fahrzeug auf der Fahrbahn",52.1465643040487,7.73219623697673
"A1","undefined--vi-avl.2025-05-24_08-54-30-000.f_004.de0","53.03624922530187,8.913579574076564,53.031460453437994,8.864211532227444","53.03624922530187,8.913579574076564","WARNING","A1 | Mahndorfer Marsch - Bremen-Arsten"," Bremen -> Osnabrück",3,"SLOW_TRAFFIC","40.099998474121094",2025-05-24,"Beginn: 24.05.25 um 08:54 Uhr  Angespannte Verkehrslage, seit 24.05.2025, 08:54 A1: Bremen -> Osnabrück, zwischen 2.4 km hinter Mahndorfer Marsch und 0.4 km vor AS Bremen-Arsten  Langsamer Verkehr Reisezeitverlust: 3 Minuten Durchschnittsgeschwindigkeit: 40 km/h",53.0362492253019,8.91357957407656
"A1","undefined--vi-hind.2025-05-24_18-01-33-000.f.de0","53.371067652028266,9.887972753019882,53.3712123534336,9.890562529670671","53.371067652028266,9.887972753019882","WARNING","A1 | Dibbersen - Sunderblick"," Bremen -> Hamburg",NA,NA,NA,2025-05-24,"Beginn: 24.05.25 um 18:01 Uhr  Fahrzeug-Hindernis, seit 24.05.2025, 18:01 A1: Bremen -> Hamburg, zwischen 0.3 km hinter AS Dibbersen und 4.1 km vor Sunderblick Gefahr durch ein defektes Fahrzeug auf der Fahrbahn",53.3710676520283,9.88797275301988
"A1","undefined--vi-hind.2025-05-24_18-10-41-000.f.de0","53.462539200919764,10.025841700000495,53.463001138876315,10.025704973627402","53.462539200919764,10.025841700000495","WARNING","A1 | Maschener Kreuz - Hamburg-Harburg"," Bremen -> Hamburg",NA,NA,NA,2025-05-24,"Beginn: 24.05.25 um 18:10 Uhr  Fahrzeug-Hindernis, seit 24.05.2025, 18:10 A1: Bremen -> Hamburg, zwischen 8.1 km hinter AK Maschener Kreuz und 0.4 km vor AS Hamburg-Harburg Gefahr durch ein defektes Fahrzeug auf der Fahrbahn",53.4625392009198,10.0258417000005
"A1","undefined--vi-avl.2025-05-24_17-46-14-000.f.de0","53.98711066199427,10.733621489816509,53.98711066199427,10.733621489816509","53.98711066199427,10.733621489816509","WARNING","A1 | Ratekau - Ratekau"," Fehmarn -> Lübeck",NA,"STATIONARY_TRAFFIC","12",2025-05-24,"Beginn: 24.05.25 um 18:22 Uhr  Angespannte Verkehrslage, seit 24.05.2025, 18:22 A1: Fehmarn -> Lübeck, 4.4 km vor AS Ratekau, aus Richtung Pansdorf  Im Stillstand Durchschnittsgeschwindigkeit: 12 km/h",53.9871106619943,10.7336214898165
"A1","undefined--vi-avl.2025-05-24_17-37-43-000.f.de0","53.98711066199427,10.733621489816509,53.97359328063565,10.732800495117942","53.98711066199427,10.733621489816509","WARNING","A1 | Pansdorf - Ratekau"," Fehmarn -> Lübeck",3,"STATIONARY_TRAFFIC","22.100000381469727",2025-05-24,"Beginn: 24.05.25 um 17:37 Uhr  Angespannte Verkehrslage, seit 24.05.2025, 17:37 A1: Fehmarn -> Lübeck, zwischen 2.1 km hinter AS Pansdorf und 2.9 km vor AS Ratekau  Im Stillstand Reisezeitverlust: 3 Minuten Durchschnittsgeschwindigkeit: 22 km/h",53.9871106619943,10.7336214898165
"A1","undefined--vi-avl.2025-05-24_18-15-30-000.f_001.de0","53.960382948935155,10.741551669319032,53.932200117601525,10.731313583630222","53.960382948935155,10.741551669319032","WARNING","A1 | Pansdorf - Sereetzerfeld"," Fehmarn -> Lübeck",1,"SLOW_TRAFFIC","48",2025-05-24,"Beginn: 24.05.25 um 18:15 Uhr  Angespannte Verkehrslage, seit 24.05.2025, 18:15 A1: Fehmarn -> Lübeck, zwischen 5.2 km hinter AS Pansdorf und Sereetzerfeld  Langsamer Verkehr Reisezeitverlust: 1 Minuten Durchschnittsgeschwindigkeit: 48 km/h",53.9603829489352,10.741551669319
"A2","undefined--vi-avl.2025-05-24_18-20-30-000.f_002.de0","51.548426058531874,6.912940583890296,51.548426058531874,6.912940583890296","51.548426058531874,6.912940583890296","WARNING","A2 | Bottrop - Bottrop"," Dortmund -> Oberhausen",NA,"SLOW_TRAFFIC","26",2025-05-24,"Beginn: 24.05.25 um 18:22 Uhr  Angespannte Verkehrslage, seit 24.05.2025, 18:22 A2: Dortmund -> Oberhausen, 2.1 km vor Bottrop, aus Richtung Bottrop  Langsamer Verkehr Durchschnittsgeschwindigkeit: 26 km/h",51.5484260585319,6.9129405838903
"A2","undefined--vi-avl.2025-05-24_11-40-46-000.f_005.de0","51.54843902187384,6.912960564399294,51.540102000933175,6.882420599996286","51.54843902187384,6.912960564399294","WARNING","A2 | Bottrop - Oberhausen-Königshardt"," Dortmund -> Oberhausen",1,"SLOW_TRAFFIC","54",2025-05-24,"Beginn: 24.05.25 um 11:40 Uhr  Angespannte Verkehrslage, seit 24.05.2025, 11:40 A2: Dortmund -> Oberhausen, zwischen 0.3 km hinter AS Bottrop und 0.9 km vor AS Oberhausen-Königshardt  Langsamer Verkehr Reisezeitverlust: 1 Minuten Durchschnittsgeschwindigkeit: 54 km/h",51.5484390218738,6.91296056439929
"A2","undefined--vi-zus.2025-05-24_18-12-00-000.f.de0","52.21956837463825,9.145361606719362,52.216565629980394,9.16534294573367","52.21956837463825,9.145361606719362","WARNING","A2 | Bad Eilsen-Ost - Bernser Kirchweg"," Dortmund -> Hannover",NA,NA,NA,2025-05-24,"Beginn: 24.05.25 um 18:12 Uhr  Zusammengesetzte Verkehrsinformation, seit 24.05.2025, 18:12 A2: Dortmund -> Hannover, zwischen 1.4 km hinter AS Bad Eilsen-Ost und 0.1 km vor Bernser Kirchweg  A2 Dortmund Richtung Hannover
zwischen Bad Eilsen und Rehren
Gefahr durch brennendes Fahrzeug, Gasse für Rettungs- und Einsatzfahrzeuge bilden, Feuerwehreinsatz",52.2195683746382,9.14536160671936
"A2","undefined--vi-zus.2025-05-24_18-13-00-000.f.de0","52.22038466696251,9.13227961936784,52.21847155287305,9.156373997041282","52.22038466696251,9.13227961936784","WARNING","A2 | Bad Eilsen-Ost - Bernser Kirchweg"," Dortmund -> Hannover",2,"STATIONARY_TRAFFIC","30.299999237060547",2025-05-24,"Beginn: 24.05.25 um 18:13 Uhr  Zusammengesetzte Verkehrsinformation, seit 24.05.2025, 18:13 A2: Dortmund -> Hannover, zwischen 0.5 km hinter AS Bad Eilsen-Ost und 0.8 km vor Bernser Kirchweg  Im Stillstand Reisezeitverlust: 2 Minuten Durchschnittsgeschwindigkeit: 30 km/h",52.2203846669625,9.13227961936784
"A2","undefined--vi-hind.2025-05-24_18-09-11-000.f_003.de0","52.333705900928116,9.407836100000157,52.38851880092773,9.476694300000183","52.333705900928116,9.407836100000157","WARNING","A2 | Lauenau - Wunstorf-Luthe"," Dortmund -> Hannover",NA,NA,NA,2025-05-24,"Beginn: 24.05.25 um 18:09 Uhr  Hindernis, seit 24.05.2025, 18:09 A2: Dortmund -> Hannover, zwischen 7.1 km hinter AS Lauenau und 3.7 km vor AS Wunstorf-Luthe  Gefahr durch Gegenstände auf der Fahrbahn",52.3337059009281,9.40783610000016
"A2","undefined--vi-hind.2025-05-24_18-03-08-000.f.de0","52.413919088289894,9.517787085416009,52.41286442135888,9.515859102427928","52.413919088289894,9.517787085416009","WARNING","A2 | Garbsen Nord - Wunstorf-Luthe"," Hannover -> Dortmund",NA,NA,NA,2025-05-24,"Beginn: 24.05.25 um 18:03 Uhr  Fahrzeug-Hindernis, seit 24.05.2025, 18:03 A2: Hannover -> Dortmund, zwischen 3.1 km hinter Garbsen Nord und 0.2 km vor AS Wunstorf-Luthe Gefahr durch ein defektes Fahrzeug auf der Fahrbahn",52.4139190882899,9.51778708541601
"A2","undefined--vi-hind.2025-05-24_17-36-20-000.f_003.de0","52.24878948051115,12.259703857384844,52.29086568567777,12.460239565508143","52.24878948051115,12.259703857384844","WARNING","A2 | Ziesar - Wollin"," Magdeburg -> Berliner Ring",NA,NA,NA,2025-05-24,"Beginn: 24.05.25 um 17:36 Uhr  Hindernis, seit 24.05.2025, 17:36 A2: Magdeburg -> Berliner Ring, zwischen 0.2 km hinter AS Ziesar und 0.1 km vor AS Wollin  Gefahr durch Gegenstände auf der Fahrbahn",52.2487894805111,12.2597038573848
"A2","undefined--vi-hind.2025-05-24_17-37-17-000.f_001.de0","52.35012271352967,12.542621206990379,52.350498210390924,12.54496259040246","52.35012271352967,12.542621206990379","WARNING","A2 | Temnitz - Brandenburg an der Havel"," Magdeburg -> Berliner Ring",NA,NA,NA,2025-05-24,"Beginn: 24.05.25 um 17:37 Uhr  Fahrzeug-Hindernis, seit 24.05.2025, 17:37 A2: Magdeburg -> Berliner Ring, zwischen 2.0 km hinter Temnitz und 3.7 km vor AS Brandenburg an der Havel Gefahr durch ein defektes Fahrzeug auf der Fahrbahn",52.3501227135297,12.5426212069904
"A3","undefined--vi-hind.2025-05-24_16-55-14-000.f_009.de0","50.029086174695145,8.500156999413495,50.04597785186737,8.542394140398844","50.029086174695145,8.500156999413495","WARNING","A3 | Mönchhof-Dreieck - Kelsterbach"," Köln -> Frankfurt",NA,NA,NA,2025-05-24,"Beginn: 24.05.25 um 16:55 Uhr  Hindernis, seit 24.05.2025, 16:55 A3: Köln -> Frankfurt, zwischen 0.7 km hinter AD Mönchhof-Dreieck und 0.2 km vor AS Kelsterbach  Gefahr durch Gegenstände auf der Fahrbahn",50.0290861746951,8.50015699941349
"A3","undefined--vi-avl.2025-05-24_16-42-44-000.f.de0","50.955973433064614,7.035532323264747,50.970861688096456,7.029832294994641","50.955973433064614,7.035532323264747","WARNING","A3 | Köln-Ost - Köln-Mülheim"," Frankfurt -> Oberhausen",1,"SLOW_TRAFFIC","45.099998474121094",2025-05-24,"Beginn: 24.05.25 um 16:42 Uhr  Angespannte Verkehrslage, seit 24.05.2025, 16:42 A3: Frankfurt -> Oberhausen, zwischen 0.4 km hinter AK Köln-Ost und 1.7 km vor AS Köln-Mülheim  Langsamer Verkehr Reisezeitverlust: 1 Minuten Durchschnittsgeschwindigkeit: 45 km/h",50.9559734330646,7.03553232326475
"A3","undefined--vi-avl.2025-05-24_16-36-08-000.f_006.de0","51.01620334693163,7.013164388675248,51.01620334693163,7.013164388675248","51.01620334693163,7.013164388675248","WARNING","A3 | Köln-Mülheim - Köln-Mülheim"," Oberhausen -> Köln",NA,"STATIONARY_TRAFFIC","12",2025-05-24,"Beginn: 24.05.25 um 18:20 Uhr  Angespannte Verkehrslage, seit 24.05.2025, 18:20 A3: Oberhausen -> Köln, 3.7 km vor AS Köln-Mülheim, aus Richtung Leverkusen-Zentrum  Im Stillstand Durchschnittsgeschwindigkeit: 12 km/h",51.0162033469316,7.01316438867525
"A3","undefined--vi-avl.2025-05-24_16-36-08-000.f_012.de0","51.016194441287055,7.013166340342856,50.96705841228453,7.030966735803777","51.016194441287055,7.013166340342856","WARNING","A3 | Leverkusen-Zentrum - Köln-Dellbrück"," Oberhausen -> Köln",26,"STATIONARY_TRAFFIC","11.800000190734863",2025-05-24,"Beginn: 24.05.25 um 16:36 Uhr  Angespannte Verkehrslage, seit 24.05.2025, 16:36 A3: Oberhausen -> Köln, zwischen 0.9 km hinter AS Leverkusen-Zentrum und AS Köln-Dellbrück  Im Stillstand Reisezeitverlust: 26 Minuten Durchschnittsgeschwindigkeit: 11 km/h",51.0161944412871,7.01316634034286
"A3","undefined--vi-avl.2025-05-24_17-05-04-000.f_005.de0","51.43484854554736,6.808652407034119,51.44855762906904,6.798547167732949","51.43484854554736,6.808652407034119","WARNING","A3 | Duisburg-Wedau - Oberhausen-Lirich"," Köln -> Oberhausen",2,"QUEUING_TRAFFIC","29.299999237060547",2025-05-24,"Beginn: 24.05.25 um 17:05 Uhr  Angespannte Verkehrslage, seit 24.05.2025, 17:05 A3: Köln -> Oberhausen, zwischen 3.1 km hinter AS Duisburg-Wedau und 3.5 km vor AS Oberhausen-Lirich  Stockender Verkehr Reisezeitverlust: 2 Minuten Durchschnittsgeschwindigkeit: 29 km/h",51.4348485455474,6.80865240703412
"A3","undefined--vi-avl.2025-05-24_18-15-30-000.f_003.de0","51.43487550689645,6.808651463374417,51.43487550689645,6.808651463374417","51.43487550689645,6.808651463374417","WARNING","A3 | Kaiserberg - Kaiserberg"," Köln -> Oberhausen",NA,"QUEUING_TRAFFIC","16",2025-05-24,"Beginn: 24.05.25 um 18:22 Uhr  Angespannte Verkehrslage, seit 24.05.2025, 18:22 A3: Köln -> Oberhausen, 1.4 km vor AK Kaiserberg, aus Richtung Duisburg-Wedau  Stockender Verkehr Durchschnittsgeschwindigkeit: 16 km/h",51.4348755068964,6.80865146337442
"A3","undefined--vi-avl.2025-05-24_18-16-30-000.f_001.de0","51.47628557464827,6.814726950395288,51.47628557464827,6.814726950395288","51.47628557464827,6.814726950395288","WARNING","A3 | Oberhausen-Lirich - Oberhausen-Lirich"," Oberhausen -> Köln",NA,"QUEUING_TRAFFIC","19",2025-05-24,"Beginn: 24.05.25 um 18:22 Uhr  Angespannte Verkehrslage, seit 24.05.2025, 18:22 A3: Oberhausen -> Köln, 0.1 km vor AS Oberhausen-Lirich, aus Richtung Oberhausen-West  Stockender Verkehr Durchschnittsgeschwindigkeit: 19 km/h",51.4762855746483,6.81472695039529
"A3","undefined--vi-avl.2025-05-24_11-58-23-000.f_006.de0","51.476059348578374,6.8148209640568265,51.45885504185648,6.805317532146847","51.476059348578374,6.8148209640568265","WARNING","A3 | Oberhausen-West - Kaiserberg"," Oberhausen -> Köln",2,"QUEUING_TRAFFIC","31.200000762939453",2025-05-24,"Beginn: 24.05.25 um 11:58 Uhr  Angespannte Verkehrslage, seit 24.05.2025, 11:58 A3: Oberhausen -> Köln, zwischen 1.3 km hinter AK Oberhausen-West und 1.6 km vor AK Kaiserberg  Stockender Verkehr Reisezeitverlust: 2 Minuten Durchschnittsgeschwindigkeit: 31 km/h",51.4760593485784,6.81482096405683
"A3","undefined--vi-avl.2025-05-24_18-12-00-000.f_001.de0","51.51693142257249,6.815344468915695,51.5319653825148,6.822944136787257","51.51693142257249,6.815344468915695","WARNING","A3 | Oberhausen-Holten - Oberhausen"," Oberhausen -> Arnheim",1,"SLOW_TRAFFIC","53.599998474121094",2025-05-24,"Beginn: 24.05.25 um 18:12 Uhr  Angespannte Verkehrslage, seit 24.05.2025, 18:12 A3: Oberhausen -> Arnheim, zwischen 0.5 km hinter AS Oberhausen-Holten und 1.0 km vor AK Oberhausen  Langsamer Verkehr Reisezeitverlust: 1 Minuten Durchschnittsgeschwindigkeit: 53 km/h",51.5169314225725,6.8153444689157
"A4","undefined--vi-hind.2025-05-24_18-14-32-000.f_001.de0","50.83531820785799,6.387421843095562,50.83918130750595,6.454855757853661","50.83531820785799,6.387421843095562","WARNING","A4 | Langerwehe - Merzenich"," Heerlen/Aachen -> Köln",NA,NA,NA,2025-05-24,"Beginn: 24.05.25 um 18:14 Uhr  Fahrzeug-Hindernis, seit 24.05.2025, 18:14 A4: Heerlen/Aachen -> Köln, zwischen 0.3 km hinter AS Langerwehe und 4.7 km vor AS Merzenich Gefahr durch ein defektes Fahrzeug auf der Fahrbahn",50.835318207858,6.38742184309556
"A4","undefined--vi-avl.2025-05-24_15-44-16-000.f_002.de0","50.971530600936376,7.5472129999990845,50.971530600936376,7.5472129999990845","50.971530600936376,7.5472129999990845","WARNING","A4 | Gummersbach - Gummersbach"," Olpe -> Köln",NA,"QUEUING_TRAFFIC","16",2025-05-24,"Beginn: 24.05.25 um 18:22 Uhr  Angespannte Verkehrslage, seit 24.05.2025, 18:22 A4: Olpe -> Köln, 1.5 km vor AS Gummersbach, aus Richtung Morkepütz  Stockender Verkehr Durchschnittsgeschwindigkeit: 16 km/h",50.9715306009364,7.54721299999908
"A4","undefined--vi-avl.2025-05-24_09-27-00-000.f.de0","50.971530600936376,7.5472129999990845,50.97562808958502,7.508834351318977","50.971530600936376,7.5472129999990845","WARNING","A4 | Morkepütz - Hömeler Feld"," Olpe -> Köln",4,"QUEUING_TRAFFIC","24.5",2025-05-24,"Beginn: 24.05.25 um 09:27 Uhr  Angespannte Verkehrslage, seit 24.05.2025, 09:27 A4: Olpe -> Köln, zwischen 0.3 km hinter Morkepütz und 0.4 km vor Hömeler Feld  Stockender Verkehr Reisezeitverlust: 4 Minuten Durchschnittsgeschwindigkeit: 24 km/h",50.9715306009364,7.54721299999908
"A4","undefined--vi-hind.2025-05-24_17-58-01-000.f_004.de0","50.891082781943986,11.877809637792684,50.868620000937035,11.776126000013715","50.891082781943986,11.877809637792684","WARNING","A4 | Hermsdorf-Ost - Rodablick"," Chemnitz -> Erfurt",NA,NA,NA,2025-05-24,"Beginn: 24.05.25 um 17:58 Uhr  Hindernis, seit 24.05.2025, 17:58 A4: Chemnitz -> Erfurt, zwischen 0.1 km hinter AS Hermsdorf-Ost und 5.0 km vor Rodablick  Gefahr durch Personen auf der Fahrbahn",50.891082781944,11.8778096377927
"A4","undefined--vi-hind.2025-05-24_17-53-07-000.f_003.de0","50.846454300937985,12.808326600066504,50.84566503886792,12.806059578289908","50.846454300937985,12.808326600066504","WARNING","A4 | Chemnitz - Limbach-Oberfrohna"," Chemnitz -> Erfurt",NA,NA,NA,2025-05-24,"Beginn: 24.05.25 um 17:53 Uhr  Fahrzeug-Hindernis, seit 24.05.2025, 17:53 A4: Chemnitz -> Erfurt, zwischen 2.4 km hinter AK Chemnitz und 0.1 km vor AS Limbach-Oberfrohna Gefahr durch ein defektes Fahrzeug auf der Fahrbahn",50.846454300938,12.8083266000665
"A5","undefined--vi-hind.2025-05-24_16-29-44-000.f_008.de0","50.568344551319434,8.797650211579048,50.56982934418044,8.798890093801699","50.568344551319434,8.797650211579048","WARNING","A5 | Fernwald - Reiskirchen"," Frankfurt -> Kassel",NA,NA,NA,2025-05-24,"Beginn: 24.05.25 um 16:29 Uhr  Fahrzeug-Hindernis, seit 24.05.2025, 16:29 A5: Frankfurt -> Kassel, zwischen 2.8 km hinter AS Fernwald und 3.0 km vor AS Reiskirchen Gefahr durch ein defektes Fahrzeug auf der Fahrbahn",50.5683445513194,8.79765021157905
"A5","undefined--vi-zus.2025-05-24_18-22-08-000.f.de0","50.78018068882345,9.40540149816865,50.78706991350261,9.435527999240572","50.78018068882345,9.40540149816865","WARNING","A5 | Berfa - Frohnkreuz"," Frankfurt -> Kassel",1,"SLOW_TRAFFIC","64",2025-05-24,"Beginn: 24.05.25 um 18:22 Uhr  Zusammengesetzte Verkehrsinformation, seit 24.05.2025, 18:22 A5: Frankfurt -> Kassel, zwischen 4.0 km hinter Berfa und 0.8 km vor Frohnkreuz  Langsamer Verkehr Reisezeitverlust: 1 Minuten Durchschnittsgeschwindigkeit: 64 km/h",50.7801806888234,9.40540149816865
"A6","undefined--vi-avl.2025-05-24_18-22-08-000.f_006.de0","49.16232992671842,9.27863002470563,49.161275400944426,9.282053400000063","49.16232992671842,9.27863002470563","WARNING","A6 | Sulmtal - Weinsberg"," Heilbronn -> Nürnberg",0,"STATIONARY_TRAFFIC","23.200000762939453",2025-05-24,"Beginn: 24.05.25 um 18:22 Uhr  Angespannte Verkehrslage, seit 24.05.2025, 18:22 A6: Heilbronn -> Nürnberg, zwischen 1.8 km hinter Sulmtal und 1.4 km vor AK Weinsberg  Im Stillstand Reisezeitverlust: 0 Minuten Durchschnittsgeschwindigkeit: 23 km/h",49.1623299267184,9.27863002470563
"A6","undefined--vi-avl.2025-05-24_10-04-30-000.f_007.de0","49.16129567689441,9.281988499662617,49.16129567689441,9.281988499662617","49.16129567689441,9.281988499662617","WARNING","A6 | Weinsberg - Weinsberg"," Heilbronn -> Nürnberg",NA,"STATIONARY_TRAFFIC","8",2025-05-24,"Beginn: 24.05.25 um 18:22 Uhr  Angespannte Verkehrslage, seit 24.05.2025, 18:22 A6: Heilbronn -> Nürnberg, 1.4 km vor AK Weinsberg, aus Richtung Sulmtal  Im Stillstand Durchschnittsgeschwindigkeit: 8 km/h",49.1612956768944,9.28198849966262
"A6","undefined--vi-avl.2025-05-24_18-22-08-000.f_001.de0","49.16232992671842,9.27863002470563,49.16232992671842,9.27863002470563","49.16232992671842,9.27863002470563","WARNING","A6 | Weinsberg - Weinsberg"," Heilbronn -> Nürnberg",NA,"STATIONARY_TRAFFIC","13",2025-05-24,"Beginn: 24.05.25 um 18:22 Uhr  Angespannte Verkehrslage, seit 24.05.2025, 18:22 A6: Heilbronn -> Nürnberg, 1.7 km vor AK Weinsberg, aus Richtung Sulmtal  Im Stillstand Durchschnittsgeschwindigkeit: 13 km/h",49.1623299267184,9.27863002470563
"A7","undefined--vi-zus.2025-05-24_18-20-30-000.f.de0","47.57034785142288,10.659989425667524,47.57469505334786,10.661536794342041","47.57034785142288,10.659989425667524","WARNING","A7 | Grenztunnel Füssen - Reinertshofertunnel"," Füssen/Reutte -> Ulm",1,"QUEUING_TRAFFIC","19.200000762939453",2025-05-24,"Beginn: 24.05.25 um 18:20 Uhr  Zusammengesetzte Verkehrsinformation, seit 24.05.2025, 18:20 A7: Füssen/Reutte -> Ulm, zwischen 1.3 km hinter Grenztunnel Füssen und 3.0 km vor Reinertshofertunnel  Stockender Verkehr Reisezeitverlust: 1 Minuten Durchschnittsgeschwindigkeit: 19 km/h",47.5703478514229,10.6599894256675
"A7","undefined--vi-avl.2025-05-24_18-20-30-000.f.de0","47.57033909408479,10.659986383173456,47.57033909408479,10.659986383173456","47.57033909408479,10.659986383173456","WARNING","A7 | Füssen - Füssen"," Füssen/Reutte -> Ulm",NA,"QUEUING_TRAFFIC","7",2025-05-24,"Beginn: 24.05.25 um 18:22 Uhr  Angespannte Verkehrslage, seit 24.05.2025, 18:22 A7: Füssen/Reutte -> Ulm, 0.4 km vor AS Füssen, aus Richtung Grenztunnel Füssen  Stockender Verkehr Durchschnittsgeschwindigkeit: 7 km/h",47.5703390940848,10.6599863831735
"A7","undefined--vi-zus.2025-05-24_18-10-41-000.f.de0","48.869514373886275,10.173289905490153,48.88089122106731,10.164935327977696","48.869514373886275,10.173289905490153","WARNING","A7 | Aalen/Oberkochen - Aalen/Westhausen"," Ulm -> Würzburg",0,"SLOW_TRAFFIC","70.80000305175781",2025-05-24,"Beginn: 24.05.25 um 18:10 Uhr  Zusammengesetzte Verkehrsinformation, seit 24.05.2025, 18:10 A7: Ulm -> Würzburg, zwischen 8.5 km hinter AS Aalen/Oberkochen und 0.4 km vor AS Aalen/Westhausen  Langsamer Verkehr Reisezeitverlust: 0 Minuten Durchschnittsgeschwindigkeit: 70 km/h",48.8695143738863,10.1732899054902
"A7","undefined--vi-zus.2025-03-31_00-40-00-000.f_018.de0","53.579141433849884,9.913430072127355,53.55636870091902,9.897540700000414","53.579141433849884,9.913430072127355","WARNING","A7 | Hamburg-Volkspark - Elbtunnel (Nordportal)"," Flensburg -> Hamburg",NA,NA,NA,2025-03-31,"Beginn: 31.03.25 um 00:40 Uhr  Zusammengesetzte Verkehrsinformation, seit 31.03.2025, 00:40 A7: Flensburg -> Hamburg, zwischen 0.4 km hinter AS Hamburg-Volkspark und 0.9 km vor Elbtunnel (Nordportal)  A7 Flensburg Richtung Hamburg Ausfahrt Hamburg-Othmarschen Fahrbahnverengung, maximale Fahrbahnbreite von 4,50 m, Bauarbeiten, bis 29.09.2025",53.5791414338499,9.91343007212735
"A7","undefined--vi-hind.2025-05-24_17-51-30-000.f_001.de0","53.583959200918805,9.915817200000422,53.56792354567273,9.901044784621327","53.583959200918805,9.915817200000422","WARNING","A7 | Hamburg-Stellingen - Hamburg-Bahrenfeld"," Flensburg -> Hamburg",NA,NA,NA,2025-05-24,"Beginn: 24.05.25 um 17:51 Uhr  Fahrzeug-Hindernis, seit 24.05.2025, 17:51 A7: Flensburg -> Hamburg, zwischen 1.5 km hinter AS Hamburg-Stellingen und 0.3 km vor AS Hamburg-Bahrenfeld Gefahr durch ein defektes Fahrzeug auf der Fahrbahn",53.5839592009188,9.91581720000042
"A7","undefined--vi-avl.2025-05-24_17-36-20-000.f_004.de0","53.8798219663424,9.946254924473669,53.8798219663424,9.946254924473669","53.8798219663424,9.946254924473669","WARNING","A7 | Kaltenkirchen - Kaltenkirchen"," Flensburg -> Hamburg",NA,"STATIONARY_TRAFFIC","5",2025-05-24,"Beginn: 24.05.25 um 18:22 Uhr  Angespannte Verkehrslage, seit 24.05.2025, 18:22 A7: Flensburg -> Hamburg, 3.6 km vor AS Kaltenkirchen, aus Richtung Bad Bramstedt  Im Stillstand Durchschnittsgeschwindigkeit: 5 km/h",53.8798219663424,9.94625492447367
"A7","undefined--vi-avl.2025-05-24_17-36-20-000.f_008.de0","53.8798219663424,9.946254924473669,53.8519914703488,9.938542491360812","53.8798219663424,9.946254924473669","WARNING","A7 | Bad Bramstedt - Kaltenkirchen"," Flensburg -> Hamburg",10,"STATIONARY_TRAFFIC","16.700000762939453",2025-05-24,"Beginn: 24.05.25 um 17:36 Uhr  Angespannte Verkehrslage, seit 24.05.2025, 17:36 A7: Flensburg -> Hamburg, zwischen 2.8 km hinter AS Bad Bramstedt und 0.5 km vor AS Kaltenkirchen  Im Stillstand Reisezeitverlust: 10 Minuten Durchschnittsgeschwindigkeit: 16 km/h",53.8798219663424,9.94625492447367
"A8","undefined--vi-zus.2025-03-26_17-59-56-000.f_014.de0","49.326077820633785,7.175408561967308,49.327350714671546,7.213275819282444","49.326077820633785,7.175408561967308","WARNING","A8 | Neunkirchen/Spiesen - Kohlhof"," Saarlouis -> Neunkirchen",NA,NA,NA,2025-03-26,"Beginn: 26.03.25 um 17:59 Uhr  Zusammengesetzte Verkehrsinformation, seit 26.03.2025, 17:59 A8: Saarlouis -> Neunkirchen, zwischen 1.7 km hinter AS Neunkirchen/Spiesen und 1.0 km vor Kohlhof  A8 Saarlouis - Neunkirchen zwischen Neunkirchen-Spiesen und Neunkirchen-Oberstadt in beiden Richtungen Bauarbeiten, bis voraussichtlich 01.06.2025",49.3260778206338,7.17540856196731
"A8","undefined--vi-zus.2025-05-14_09-26-56-000.f.de0","49.32628400979037,7.229641516813452,49.329166750017514,7.1882642393148934","49.32628400979037,7.229641516813452","WARNING","A8 | Neunkirchen-Wellesweiler - Neunkirchen/Spiesen"," Neunkirchen -> Saarlouis",NA,NA,NA,2025-05-14,"Beginn: 14.05.25 um 09:26 Uhr  Zusammengesetzte Verkehrsinformation, seit 14.05.2025, 09:26 A8: Neunkirchen -> Saarlouis, zwischen 0.4 km hinter AS Neunkirchen-Wellesweiler und 2.7 km vor AS Neunkirchen/Spiesen  A8 Saarlouis - Neunkirchen zwischen Neunkirchen-Spiesen und Neunkirchen-Oberstadt in beiden Richtungen Bauarbeiten, bis voraussichtlich 01.06.2025",49.3262840097904,7.22964151681345
"A8","undefined--vi-hind.2025-05-24_15-31-00-000.f_009.de0","48.23038676445064,11.353364882305948,48.211075084515755,11.386163929008656","48.23038676445064,11.353364882305948","WARNING","A8 | Dachau/Fürstenfeldbruck - München-Eschenried"," Stuttgart -> München",NA,NA,NA,2025-05-24,"Beginn: 24.05.25 um 15:31 Uhr  Hindernis, seit 24.05.2025, 15:31 A8: Stuttgart -> München, zwischen 0.5 km hinter AS Dachau/Fürstenfeldbruck und 0.8 km vor AD München-Eschenried  Gefahr durch eine ungesicherte Unfallstelle",48.2303867644506,11.3533648823059
"A8","undefined--vi-avl.2025-05-24_06-00-00-000.f.de0","47.80549456465939,12.143074370345158,47.80394240094832,12.160497100035558","47.80549456465939,12.143074370345158","WARNING","A8 | Winkelbach - Rohrdorf"," München -> Salzburg",1,"QUEUING_TRAFFIC","31.700000762939453",2025-05-24,"Beginn: 24.05.25 um 06:00 Uhr  Angespannte Verkehrslage, seit 24.05.2025, 06:00 A8: München -> Salzburg, zwischen 0.4 km hinter Winkelbach und 0.2 km vor AS Rohrdorf  Stockender Verkehr Reisezeitverlust: 1 Minuten Durchschnittsgeschwindigkeit: 31 km/h",47.8054945646594,12.1430743703452
"A8","undefined--vi-avl.2025-05-24_18-22-08-000.f_002.de0","47.80549456465939,12.143074370345158,47.80549456465939,12.143074370345158","47.80549456465939,12.143074370345158","WARNING","A8 | Rohrdorf - Rohrdorf"," München -> Salzburg",NA,"QUEUING_TRAFFIC","18",2025-05-24,"Beginn: 24.05.25 um 18:22 Uhr  Angespannte Verkehrslage, seit 24.05.2025, 18:22 A8: München -> Salzburg, 1.5 km vor AS Rohrdorf, aus Richtung Winkelbach  Stockender Verkehr Durchschnittsgeschwindigkeit: 18 km/h",47.8054945646594,12.1430743703452
"A8","undefined--vi-avl.2025-05-24_13-44-35-000.f_001.de0","47.802378003828856,12.183785446688956,47.80368748805427,12.1631220713004","47.802378003828856,12.183785446688956","WARNING","A8 | Apfelkam - Winkelbach"," Salzburg -> München",1,"SLOW_TRAFFIC","39",2025-05-24,"Beginn: 24.05.25 um 13:44 Uhr  Angespannte Verkehrslage, seit 24.05.2025, 13:44 A8: Salzburg -> München, zwischen 1.3 km hinter Apfelkam und 1.9 km vor Winkelbach  Langsamer Verkehr Reisezeitverlust: 1 Minuten Durchschnittsgeschwindigkeit: 39 km/h",47.8023780038289,12.183785446689
"A8","undefined--vi-avl.2025-05-24_18-21-30-000.f_001.de0","47.76835415997224,12.938046678741653,47.76819714965689,12.933925701497717","47.76835415997224,12.938046678741653","WARNING","A8 | Schwarzbach - Bad Reichenhall"," Salzburg -> München",0,"SLOW_TRAFFIC","14.699999809265137",2025-05-24,"Beginn: 24.05.25 um 18:21 Uhr  Angespannte Verkehrslage, seit 24.05.2025, 18:21 A8: Salzburg -> München, zwischen 0.2 km hinter Schwarzbach und 2.2 km vor AS Bad Reichenhall  Langsamer Verkehr Reisezeitverlust: 0 Minuten Durchschnittsgeschwindigkeit: 14 km/h",47.7683541599722,12.9380466787417
"A9","undefined--vi-avl.2025-05-24_18-22-08-000.f_004.de0","48.18351143183933,11.601877487629253,48.18351143183933,11.601877487629253","48.18351143183933,11.601877487629253","WARNING","A9 | München-Schwabing - München-Schwabing"," Nürnberg -> München",NA,"SLOW_TRAFFIC","16",2025-05-24,"Beginn: 24.05.25 um 18:22 Uhr  Angespannte Verkehrslage, seit 24.05.2025, 18:22 A9: Nürnberg -> München, 1.1 km vor AS München-Schwabing, aus Richtung München-Frankfurter Ring  Langsamer Verkehr Durchschnittsgeschwindigkeit: 16 km/h",48.1835114318393,11.6018774876293
"A9","undefined--vi-avl.2025-05-24_18-15-30-000.f_004.de0","48.18351143183933,11.601877487629253,48.177730200947394,11.594659300012523","48.18351143183933,11.601877487629253","WARNING","A9 | München-Frankfurter Ring - München-Schwabing"," Nürnberg -> München",1,"SLOW_TRAFFIC","26.100000381469727",2025-05-24,"Beginn: 24.05.25 um 18:15 Uhr  Angespannte Verkehrslage, seit 24.05.2025, 18:15 A9: Nürnberg -> München, zwischen 0.8 km hinter AS München-Frankfurter Ring und 0.2 km vor AS München-Schwabing  Langsamer Verkehr Reisezeitverlust: 1 Minuten Durchschnittsgeschwindigkeit: 26 km/h",48.1835114318393,11.6018774876293
"A10","undefined--vi-hind.2025-05-24_18-15-30-000.f_001.de0","52.63570207143402,13.44135346779543,52.636787500929046,13.438757600108056","52.63570207143402,13.44135346779543","WARNING","A10 | Barnim - Pankow"," Dreieck Barnim -> Dreieck Havelland",NA,NA,NA,2025-05-24,"Beginn: 24.05.25 um 18:15 Uhr  Fahrzeug-Hindernis, seit 24.05.2025, 18:15 A10: Dreieck Barnim -> Dreieck Havelland, zwischen 8.4 km hinter AD Barnim und 1.1 km vor AD Pankow Gefahr durch ein defektes Fahrzeug auf der Fahrbahn",52.635702071434,13.4413534677954
"A10","undefined--vi-hind.2025-05-24_17-05-04-000.f_009.de0","52.60225156023746,13.6050032036649,52.61195460093002,13.57468870012558","52.60225156023746,13.6050032036649","WARNING","A10 | Berlin-Hohenschönhausen - Barnim"," Dreieck Spreeau -> Dreieck Havelland",NA,NA,NA,2025-05-24,"Beginn: 24.05.25 um 17:05 Uhr  Hindernis, seit 24.05.2025, 17:05 A10: Dreieck Spreeau -> Dreieck Havelland, zwischen 0.2 km hinter AS Berlin-Hohenschönhausen und 1.1 km vor AD Barnim  Gefahr durch Gegenstände auf der Fahrbahn",52.6022515602375,13.6050032036649
"A10","undefined--vi-hind.2025-05-24_16-52-25-000.f_003.de0","52.681061000928395,13.372777500099719,52.649729519106444,13.418694168025189","52.681061000928395,13.372777500099719","WARNING","A10 | Birkenwerder - Pankow"," Dreieck Havelland -> Dreieck Barnim",NA,NA,NA,2025-05-24,"Beginn: 24.05.25 um 16:52 Uhr  Fahrzeug-Hindernis, seit 24.05.2025, 16:52 A10: Dreieck Havelland -> Dreieck Barnim, zwischen 7.0 km hinter AS Birkenwerder und 0.9 km vor AD Pankow Gefahr durch ein defektes Fahrzeug auf der Fahrbahn",52.6810610009284,13.3727775000997
"A11","undefined--vi-hind.2025-05-24_17-05-04-000.f_008.de0","52.62372392910445,13.563888355302334,52.62372392910445,13.563888355302334","52.62372392910445,13.563888355302334","WARNING","A11 | Barnim - Bernau-Süd"," Berliner Ring -> Kreuz Uckermark",NA,NA,NA,2025-05-24,"Beginn: 24.05.25 um 17:05 Uhr  Hindernis, seit 24.05.2025, 17:05 A11: Berliner Ring -> Kreuz Uckermark, zwischen 1.2 km hinter AD Barnim und 2.9 km vor AS Bernau-Süd  Gefahr durch Gegenstände auf der Fahrbahn",52.6237239291045,13.5638883553023
"A11","undefined--vi-hind.2025-05-24_17-05-04-000.f_007.de0","52.62397339004878,13.56393990288957,52.64902245608523,13.568220481291648","52.62397339004878,13.56393990288957","WARNING","A11 | Barnim - Bernau-Süd"," Berliner Ring -> Kreuz Uckermark",NA,NA,NA,2025-05-24,"Beginn: 24.05.25 um 17:05 Uhr  Hindernis, seit 24.05.2025, 17:05 A11: Berliner Ring -> Kreuz Uckermark, zwischen 1.2 km hinter AD Barnim und 0.1 km vor AS Bernau-Süd  Gefahr durch Gegenstände auf der Fahrbahn",52.6239733900488,13.5639399028896
"A12","WarnungA10Lkw3","47.61802931631098,12.202336027754352,47.61802931631098,12.202336027754352","47.61802931631098,12.202336027754352","WARNING","E45/E60 | LKW Blockabfertigung | A12-Inntal Autobahn","Richtung Italien",NA,NA,NA,2025-01-11,"Zeitraum: Beginn: 07.01.2025 Ende: 09.12.2025  Hinweis für LKW-Reisende nach Österreich: LKW-Blockabfertigungen an ausgewählten Tagen für Lkw am Grenzübergang Kufstein/Kiefersfelden. Maximaler Durchlass von 300 LKWs pro Stunde  Die genauen Ausführungszeiten und weitere Informationen auf tirol.gv.at/verkehr/verkehrs-und-seilbahnrecht/lkw-dosierung.",47.618029316311,12.2023360277544
"A12","WarnungA10Lkw2","47.6164490154047,12.202382557672273,47.6164490154047,12.202382557672273","47.6164490154047,12.202382557672273","WARNING","E43/E45/E60 | A13-Brenner Autobahn","Richtung Italien",NA,NA,NA,2025-01-11,"Zeitraum: Beginn: 11.01.2025 Ende: 27.09.2025  Hinweis für LKW-Reisende nach Österreich: LKW-Fahrverbot auf der A12-Inntal Autobahn, A13-Brenner Autobahn und A14-Rheintal/Walgau Autobahn, wenn das Ziel der Fahrt der Anschlussstelle Nößlach bis Anschlussstelle Brenner Nord der Richtungsfahrbahn Staatsgrenze der A 13 Brenner Autobahn erreicht werden soll. An ausgewählten Samstagen 7-15 Uhr sowie weiteren Tagen im Zeitraum 11.01. - 27.09.2025 Weitere Informationen auf http://asfinag.at/a13",47.6164490154047,12.2023825576723
"A14","undefined--vi-avl.2025-05-24_13-00-29-000.f_002.de0","51.23827476429302,12.872798083348107,51.23827476429302,12.872798083348107","51.23827476429302,12.872798083348107","WARNING","A14 | Mutzschen - Mutzschen"," Nossen -> Leipzig",NA,"STATIONARY_TRAFFIC","5",2025-05-24,"Beginn: 24.05.25 um 18:22 Uhr  Angespannte Verkehrslage, seit 24.05.2025, 18:22 A14: Nossen -> Leipzig, 1.3 km vor AS Mutzschen, aus Richtung Leisnig  Im Stillstand Durchschnittsgeschwindigkeit: 5 km/h",51.238274764293,12.8727980833481
"A14","undefined--vi-zus.2025-05-24_12-58-50-000.f_001.de0","51.23827476429302,12.872798083348107,51.24173110093593,12.861502900067599","51.23827476429302,12.872798083348107","WARNING","A14 | Leisnig - Mutzschen"," Nossen -> Leipzig",4,"STATIONARY_TRAFFIC","10.800000190734863",2025-05-24,"Beginn: 24.05.25 um 12:58 Uhr  Zusammengesetzte Verkehrsinformation, seit 24.05.2025, 12:58 A14: Nossen -> Leipzig, zwischen 8.1 km hinter AS Leisnig und 0.4 km vor AS Mutzschen  Im Stillstand Reisezeitverlust: 4 Minuten Durchschnittsgeschwindigkeit: 10 km/h",51.238274764293,12.8727980833481
"A14","undefined--vi-hind.2025-05-24_10-17-45-000.f_029.de0","51.242956997027306,12.858166014270168,51.25767940093562,12.739132700057349","51.242956997027306,12.858166014270168","WARNING","A14 | Leisnig - Grimma"," Nossen -> Leipzig",NA,NA,NA,2025-05-24,"Beginn: 24.05.25 um 10:17 Uhr  Fahrzeug-Hindernis, seit 24.05.2025, 10:17 A14: Nossen -> Leipzig, zwischen 9.3 km hinter AS Leisnig und 0.5 km vor AS Grimma",51.2429569970273,12.8581660142702
"A14","undefined--vi-hind.2025-05-24_10-17-45-000.f_030.de0","51.24173110093593,12.861502900067599,51.25745730093562,12.734896900057029","51.24173110093593,12.861502900067599","WARNING","A14 | Leisnig - Grimma"," Nossen -> Leipzig",NA,NA,NA,2025-05-24,"Beginn: 24.05.25 um 10:17 Uhr  Fahrzeug-Hindernis, seit 24.05.2025, 10:17 A14: Nossen -> Leipzig, zwischen 9.0 km hinter AS Leisnig und 0.2 km vor AS Grimma",51.2417311009359,12.8615029000676
"A15","undefined--vi-avl.2025-05-24_17-40-46-000.f_002.de0","51.712569689245285,14.396076639151643,51.70653917595794,14.424028260050616","51.712569689245285,14.396076639151643","WARNING","A15 | Cottbus-Süd - Roggosen"," Cottbus -> Breslau",0,"SLOW_TRAFFIC","70.5999984741211",2025-05-24,"Beginn: 24.05.25 um 17:40 Uhr  Angespannte Verkehrslage, seit 24.05.2025, 17:40 A15: Cottbus -> Breslau, zwischen 3.3 km hinter AS Cottbus-Süd und 2.9 km vor AS Roggosen  Langsamer Verkehr Reisezeitverlust: 0 Minuten Durchschnittsgeschwindigkeit: 70 km/h",51.7125696892453,14.3960766391516
"A17","undefined--vi-hind.2025-05-24_16-49-51-000.f_003.de0","50.991299120597176,13.769825806319838,50.97506820094185,13.811437000215943","50.991299120597176,13.769825806319838","WARNING","A17 | Dresden-Prohlis - Pirna"," Dresden -> Prag",NA,NA,NA,2025-05-24,"Beginn: 24.05.25 um 16:49 Uhr  Fahrzeug-Hindernis, seit 24.05.2025, 16:49 A17: Dresden -> Prag, zwischen 0.3 km hinter AS Dresden-Prohlis und 5.6 km vor AS Pirna Gefahr durch ein defektes Fahrzeug auf der Fahrbahn",50.9912991205972,13.7698258063198
"A17","undefined--vi-zus.2025-05-24_18-11-07-000.f.de0","50.82026170094333,13.887384300240237,50.8244130009433,13.887895800240193","50.82026170094333,13.887384300240237","WARNING","A17 | Breitenau-Schönwald - Bad Gottleuba"," Prag -> Dresden",0,"QUEUING_TRAFFIC","35",2025-05-24,"Beginn: 24.05.25 um 18:11 Uhr  Zusammengesetzte Verkehrsinformation, seit 24.05.2025, 18:11 A17: Prag -> Dresden, zwischen 4.5 km hinter Breitenau-Schönwald und 0.8 km vor AS Bad Gottleuba  Stockender Verkehr Reisezeitverlust: 0 Minuten Durchschnittsgeschwindigkeit: 35 km/h",50.8202617009433,13.8873843002402
"A23","undefined--vi-avl.2025-05-24_18-14-32-000.f.de0","53.67464496480809,9.802018248447022,53.67464496480809,9.802018248447022","53.67464496480809,9.802018248447022","WARNING","A23 | Pinneberg-Mitte - Pinneberg-Mitte"," Heide -> Hamburg",NA,"QUEUING_TRAFFIC","15",2025-05-24,"Beginn: 24.05.25 um 18:22 Uhr  Angespannte Verkehrslage, seit 24.05.2025, 18:22 A23: Heide -> Hamburg, 2.6 km vor AS Pinneberg-Mitte, aus Richtung Pinneberg-Nord  Stockender Verkehr Durchschnittsgeschwindigkeit: 15 km/h",53.6746449648081,9.80201824844702
"A23","undefined--vi-avl.2025-05-24_16-49-19-000.f_001.de0","53.67464496480809,9.802018248447022,53.66426721980991,9.815758258292844","53.67464496480809,9.802018248447022","WARNING","A23 | Pinneberg-Nord - Pinneberg-Mitte"," Heide -> Hamburg",2,"QUEUING_TRAFFIC","28.399999618530273",2025-05-24,"Beginn: 24.05.25 um 16:49 Uhr  Angespannte Verkehrslage, seit 24.05.2025, 16:49 A23: Heide -> Hamburg, zwischen 0.5 km hinter AS Pinneberg-Nord und 1.1 km vor AS Pinneberg-Mitte  Stockender Verkehr Reisezeitverlust: 2 Minuten Durchschnittsgeschwindigkeit: 28 km/h",53.6746449648081,9.80201824844702
"A24","undefined--vi-avl.2025-05-24_18-22-08-000.f_003.de0","53.56303016142067,10.08695728731843,53.56303016142067,10.08695728731843","53.56303016142067,10.08695728731843","WARNING","A24 | Hamburg-Horn - Hamburg-Horn"," Schwerin -> Hamburg",NA,"QUEUING_TRAFFIC","19",2025-05-24,"Beginn: 24.05.25 um 18:22 Uhr  Angespannte Verkehrslage, seit 24.05.2025, 18:22 A24: Schwerin -> Hamburg, 1.1 km vor AS Hamburg-Horn, aus Richtung Hamburg-Jenfeld  Stockender Verkehr Durchschnittsgeschwindigkeit: 19 km/h",53.5630301614207,10.0869572873184
"A37","undefined--vi-zus.2025-05-20_10-04-05-000.f_002.de0","52.442156462690335,9.933442989087833,52.436581812162494,9.913211841333315","52.442156462690335,9.933442989087833","WARNING","A37 | Beinhorn - Hannover-Kirchhorst"," Celle -> Hannover",NA,NA,NA,2025-05-20,"Beginn: 20.05.25 um 10:04 Uhr  Zusammengesetzte Verkehrsinformation, seit 20.05.2025, 10:04 B3: Celle -> Hannover, zwischen 0.4 km hinter AS Beinhorn und 2.1 km vor AK Hannover-Kirchhorst  A37 Messe - Burgdorf
zwischen Kreuz Hannover-Buchholz und Beinhorn
in beiden Richtungen geänderte Verkehrsführung im Baustellenbereich, Bauarbeiten, bis 30.10.2026 ca. 18:00 Uhr",52.4421564626903,9.93344298908783
"A37","undefined--vi-zus.2025-05-20_10-04-05-000.f_003.de0","52.42566547847685,9.880479425875153,52.44102213295518,9.93161290421946","52.42566547847685,9.880479425875153","WARNING","Baustelle"," km 22.62 --> km 26.54",NA,NA,NA,2025-05-20,"Beginn: 20.05.25 um 10:04 Uhr  Zusammengesetzte Verkehrsinformation, seit 20.05.2025, 10:04 A37: km 22.62 --> km 26.54  A37 Messe - Burgdorf
zwischen Kreuz Hannover-Buchholz und Beinhorn
in beiden Richtungen geänderte Verkehrsführung im Baustellenbereich, Bauarbeiten, bis 30.10.2026 ca. 18:00 Uhr",52.4256654784769,9.88047942587515
"A40","undefined--vi-zus.2025-05-24_18-08-06-000.f.de0","51.49850380093342,7.217392599998143,51.49661695204037,7.197712085378901","51.49850380093342,7.217392599998143","WARNING","A40 | Bochum-Ruhrstadion - Bochum-Hamme"," Dortmund -> Essen",1,"SLOW_TRAFFIC","43.599998474121094",2025-05-24,"Beginn: 24.05.25 um 18:08 Uhr  Zusammengesetzte Verkehrsinformation, seit 24.05.2025, 18:08 A40: Dortmund -> Essen, zwischen 1.2 km hinter AS Bochum-Ruhrstadion und 0.6 km vor AS Bochum-Hamme  Langsamer Verkehr Reisezeitverlust: 1 Minuten Durchschnittsgeschwindigkeit: 43 km/h",51.4985038009334,7.21739259999814
"A42","undefined--vi-hind.2025-05-24_18-09-11-000.f_002.de0","51.55703757133987,7.261140253176021,51.55820530093306,7.287981799998413","51.55703757133987,7.261140253176021","WARNING","A42 | Herne-Horsthausen - Castrop-Rauxel-Bladenhorst"," Kamp-Lintfort -> Dortmund",NA,NA,NA,2025-05-24,"Beginn: 24.05.25 um 18:09 Uhr  Hindernis, seit 24.05.2025, 18:09 A42: Kamp-Lintfort -> Dortmund, zwischen 2.2 km hinter AS Herne-Horsthausen und 0.3 km vor AS Castrop-Rauxel-Bladenhorst  Gefahr durch Personen auf der Fahrbahn",51.5570375713399,7.26114025317602
"A48","undefined--vi-hind.2025-05-24_18-07-00-000.f.de0","50.394580387952914,7.549164553870466,50.39511825946921,7.550616430758316","50.394580387952914,7.549164553870466","WARNING","A48 | Koblenz-Nord - Bendorf/Neuwied"," Koblenz -> Dernbach",NA,NA,NA,2025-05-24,"Beginn: 24.05.25 um 18:07 Uhr  Fahrzeug-Hindernis, seit 24.05.2025, 18:07 A48: Koblenz -> Dernbach, zwischen 0.4 km hinter AS Koblenz-Nord und 2.9 km vor AS Bendorf/Neuwied Gefahr durch ein defektes Fahrzeug auf der Fahrbahn",50.3945803879529,7.54916455387047
"A57","undefined--vi-hind.2025-05-24_17-32-18-000.f_001.de0","51.00094859205357,6.885800297843931,51.000052660043686,6.8869848187752565","51.00094859205357,6.885800297843931","WARNING","A57 | Köln-Chorweiler - Köln-Nord"," Krefeld -> Köln",NA,NA,NA,2025-05-24,"Beginn: 24.05.25 um 17:32 Uhr  Fahrzeug-Hindernis, seit 24.05.2025, 17:32 A57: Krefeld -> Köln, zwischen 1.0 km hinter AS Köln-Chorweiler und 0.4 km vor AK Köln-Nord Gefahr durch ein defektes Fahrzeug auf der Fahrbahn",51.0009485920536,6.88580029784393
"A59","undefined--vi-hind.2025-05-24_18-20-00-000.f.de0","50.889447292306585,7.09283710754839,50.89700488486353,7.086112007134952","50.889447292306585,7.09283710754839","WARNING","A59 | Flughafen Köln/Bonn - Schloß Röttgen"," Bonn -> Köln",NA,NA,NA,2025-05-24,"Beginn: 24.05.25 um 18:20 Uhr  Fahrzeug-Hindernis, seit 24.05.2025, 18:20 A59: Bonn -> Köln, zwischen 0.4 km hinter AS Flughafen Köln/Bonn und 0.1 km vor Schloß Röttgen Gefahr durch ein defektes Fahrzeug auf der Fahrbahn",50.8894472923066,7.09283710754839
"A59","undefined--vi-hind.2025-05-24_17-19-37-000.f_002.de0","51.04110326531956,6.958006812352391,51.058017900935916,6.940256099996603","51.04110326531956,6.958006812352391","WARNING","A59 | Leverkusen-West - Monheim-Süd"," Köln -> Düsseldorf",NA,NA,NA,2025-05-24,"Beginn: 24.05.25 um 17:19 Uhr  Hindernis, seit 24.05.2025, 17:19 A59: Köln -> Düsseldorf, zwischen 0.7 km hinter AK Leverkusen-West und 3.0 km vor AD Monheim-Süd  Gefahr durch Gegenstände auf der Fahrbahn",51.0411032653196,6.95800681235239
"A60","undefined--vi-zus.2025-04-08_08-51-21-000.f_013.de0","49.98125533976677,8.345695317688524,49.97565770865279,8.441396718063045","49.98125533976677,8.345695317688524","WARNING","A60 | Mainspitz-Dreieck - Rüsselsheimer Dreieck"," Mainz -> Rüsselsheim",NA,NA,NA,2025-04-08,"Beginn: 08.04.25 um 08:51 Uhr  Zusammengesetzte Verkehrsinformation, seit 08.04.2025, 08:51 A60: Mainz -> Rüsselsheim, zwischen 0.5 km hinter AD Mainspitz-Dreieck und 2.2 km vor AD Rüsselsheimer Dreieck  Sperrung der A60 bei Königstädten – Grundhafte Fahrbahnerneuerung zwischen dem Rüsselsheimer Dreieck und dem Mainspitz Dreieck. Die Niederlassung West der Autobahn GmbH erneuert zwischen dem Rüsselsheimer Dreieck (30) und dem Mainspitz Dreieck (26) die Fahrbahn. Von Donnerstagmorgen (24. April) bis Mitte Juli wird die Anschlussstelle (AS) Königstädten (29) in Fahrtrichtung (FR) Mainz sowie in FR Rüsselsheimer Dreieck gesperrt. Umleitungsmöglichkeiten sind ausgeschildert: • Ausfahrt FR Mainz: Umleitung via AS Rüsselsheim-Mitte • Einfahrt FR Mainz: innerstädtische Umleitung zur AS Rüsselsheim-Mitte (Adam-Opel-Straße / Kurt-Schumacher-Ring), von Nauheim kommend via L3482 zur AS Bischofsheim • Einfahrt FR Darmstadt: innerstädtische Umleitung zur AS Rüsselsheim-Mitte (Adam-Opel-Straße / Kurt-Schumacher-Ring) Die Autobahn GmbH bittet alle Verkehrsteilnehmer um Verständnis für die unvermeidlichen Verkehrsbehinderungen, die durch die Arbeiten entstehen.",49.9812553397668,8.34569531768852
"A60","undefined--vi-avl.2025-05-24_17-42-48-000.f.de0","49.97317210094127,8.378901499999836,49.97372723059858,8.397889863714095","49.97317210094127,8.378901499999836","WARNING","A60 | Mainspitz-Dreieck - Rüsselsheim-Mitte"," Mainz -> Rüsselsheim",2,"STATIONARY_TRAFFIC","25.600000381469727",2025-05-24,"Beginn: 24.05.25 um 17:42 Uhr  Angespannte Verkehrslage, seit 24.05.2025, 17:42 A60: Mainz -> Rüsselsheim, zwischen 3.1 km hinter AD Mainspitz-Dreieck und 1.1 km vor AS Rüsselsheim-Mitte  Im Stillstand Reisezeitverlust: 2 Minuten Durchschnittsgeschwindigkeit: 25 km/h",49.9731721009413,8.37890149999984
"A60","undefined--vi-avl.2025-05-24_17-48-02-000.f_004.de0","49.97317210094127,8.378901499999836,49.97317210094127,8.378901499999836","49.97317210094127,8.378901499999836","WARNING","A60 | Bischofsheim - Bischofsheim"," Mainz -> Rüsselsheim",NA,"STATIONARY_TRAFFIC","16",2025-05-24,"Beginn: 24.05.25 um 18:22 Uhr  Angespannte Verkehrslage, seit 24.05.2025, 18:22 A60: Mainz -> Rüsselsheim, in Höhe AS Bischofsheim, aus Richtung Mainspitz-Dreieck  Im Stillstand Durchschnittsgeschwindigkeit: 16 km/h",49.9731721009413,8.37890149999984
"A60","undefined--vi-zus.2025-05-03_10-55-00-000.f_003.de0","49.977457399447445,8.454646346787307,49.981587265039146,8.34517285786785","49.977457399447445,8.454646346787307","WARNING","A60 | Rüsselsheimer Dreieck - Mainspitz-Dreieck"," Rüsselsheim -> Mainz",NA,NA,NA,2025-05-03,"Beginn: 03.05.25 um 10:55 Uhr  Zusammengesetzte Verkehrsinformation, seit 03.05.2025, 10:55 A60: Rüsselsheim -> Mainz, zwischen 0.6 km hinter AD Rüsselsheimer Dreieck und 0.5 km vor AD Mainspitz-Dreieck  Sperrung der A60 bei Königstädten – Grundhafte Fahrbahnerneuerung zwischen dem Rüsselsheimer Dreieck und dem Mainspitz Dreieck. Die Niederlassung West der Autobahn GmbH erneuert zwischen dem Rüsselsheimer Dreieck (30) und dem Mainspitz Dreieck (26) die Fahrbahn. Von Donnerstagmorgen (24. April) bis Mitte Juli wird die Anschlussstelle (AS) Königstädten (29) in Fahrtrichtung (FR) Mainz sowie in FR Rüsselsheimer Dreieck gesperrt. Umleitungsmöglichkeiten sind ausgeschildert: • Ausfahrt FR Mainz: Umleitung via AS Rüsselsheim-Mitte • Einfahrt FR Mainz: innerstädtische Umleitung zur AS Rüsselsheim-Mitte (Adam-Opel-Straße / Kurt-Schumacher-Ring), von Nauheim kommend via L3482 zur AS Bischofsheim • Einfahrt FR Darmstadt: innerstädtische Umleitung zur AS Rüsselsheim-Mitte (Adam-Opel-Straße / Kurt-Schumacher-Ring) Die Autobahn GmbH bittet alle Verkehrsteilnehmer um Verständnis für die unvermeidlichen Verkehrsbehinderungen, die durch die Arbeiten entstehen.",49.9774573994474,8.45464634678731
"A61","undefined--vi-hind.2025-05-24_16-55-51-000.f_006.de0","50.59889313893058,7.014110525194215,50.59810195670208,7.01622864521979","50.59889313893058,7.014110525194215","WARNING","A61 | Rheinbach - Meckenheim"," Mönchengladbach -> Koblenz",NA,NA,NA,2025-05-24,"Beginn: 24.05.25 um 16:55 Uhr  Fahrzeug-Hindernis, seit 24.05.2025, 16:55 A61: Mönchengladbach -> Koblenz, zwischen 3.5 km hinter AS Rheinbach und 1.1 km vor AK Meckenheim Gefahr durch ein defektes Fahrzeug auf der Fahrbahn",50.5988931389306,7.01411052519421
"A64","undefined--vi-avl.2025-05-24_18-09-36-000.f.de0","49.74992479946784,6.564168274140334,49.76108988797465,6.57866889643141","49.74992479946784,6.564168274140334","WARNING","A64 | Sauertalbrücke - Sauertal"," Luxemburg -> Trier",0,"SLOW_TRAFFIC","70.9000015258789",2025-05-24,"Beginn: 24.05.25 um 18:09 Uhr  Angespannte Verkehrslage, seit 24.05.2025, 18:09 A64: Luxemburg -> Trier, zwischen 5.0 km hinter Sauertalbrücke und 0.3 km vor Sauertal  Langsamer Verkehr Reisezeitverlust: 0 Minuten Durchschnittsgeschwindigkeit: 70 km/h",49.7499247994678,6.56416827414033
"A65","undefined--vi-avl.2025-05-24_18-18-39-000.f.de0","49.23945728255302,8.148881640919655,49.25200149562943,8.149904814703536","49.23945728255302,8.148881640919655","WARNING","A65 | Landau-Dammheim - Pfälzer Weinstraße-Ost"," Landau -> Ludwigshafen",0,"SLOW_TRAFFIC","72.5",2025-05-24,"Beginn: 24.05.25 um 18:18 Uhr  Angespannte Verkehrslage, seit 24.05.2025, 18:18 A65: Landau -> Ludwigshafen, zwischen 1.6 km hinter AS Landau-Dammheim und 1.8 km vor Pfälzer Weinstraße-Ost  Langsamer Verkehr Reisezeitverlust: 0 Minuten Durchschnittsgeschwindigkeit: 72 km/h",49.239457282553,8.14888164091965
"A71","undefined--vi-avl.2025-05-24_18-22-08-000.f_005.de0","50.02291907375453,10.155312032762819,50.023689453737674,10.153569727131591","50.02291907375453,10.155312032762819","WARNING","A71 | Werntal - Schweinfurt-West"," Schweinfurt -> Suhl",1,"STATIONARY_TRAFFIC","4.800000190734863",2025-05-24,"Beginn: 24.05.25 um 18:22 Uhr  Angespannte Verkehrslage, seit 24.05.2025, 18:22 A71: Schweinfurt -> Suhl, zwischen 0.7 km hinter AD Werntal und 4.8 km vor AS Schweinfurt-West  Im Stillstand Reisezeitverlust: 1 Minuten Durchschnittsgeschwindigkeit: 4 km/h",50.0229190737545,10.1553120327628
"A71","undefined--vi-avl.2025-05-24_18-22-08-000.f.de0","50.02291907375453,10.155312032762819,50.02291907375453,10.155312032762819","50.02291907375453,10.155312032762819","WARNING","A71 | Schweinfurt-West - Schweinfurt-West"," Schweinfurt -> Suhl",NA,"STATIONARY_TRAFFIC","5",2025-05-24,"Beginn: 24.05.25 um 18:22 Uhr  Angespannte Verkehrslage, seit 24.05.2025, 18:22 A71: Schweinfurt -> Suhl, 5.0 km vor AS Schweinfurt-West, aus Richtung Werntal  Im Stillstand Durchschnittsgeschwindigkeit: 5 km/h",50.0229190737545,10.1553120327628
"A71","undefined--vi-hind.2025-05-24_17-58-01-000.f_003.de0","51.30333417723522,11.237511932390952,51.305059902943086,11.237467145828802","51.30333417723522,11.237511932390952","WARNING","A71 | Schmücke - Heldrungen"," Erfurt -> Sangerhausen",NA,NA,NA,2025-05-24,"Beginn: 24.05.25 um 17:58 Uhr  Fahrzeug-Hindernis, seit 24.05.2025, 17:58 A71: Erfurt -> Sangerhausen, zwischen 2.8 km hinter Schmücke und 0.3 km vor AS Heldrungen Gefahr durch ein defektes Fahrzeug auf der Fahrbahn",51.3033341772352,11.237511932391
"A73","undefined--vi-hind.2025-05-24_16-04-09-000.f_015.de0","49.73903410094225,11.054526300003637,49.79372460094202,11.027220200003418","49.73903410094225,11.054526300003637","WARNING","A73 | Forchheim-Nord - Buttenheim"," Nürnberg -> Bamberg",NA,NA,NA,2025-05-24,"Beginn: 24.05.25 um 16:04 Uhr  Fahrzeug-Hindernis, seit 24.05.2025, 16:04 A73: Nürnberg -> Bamberg, zwischen 0.3 km hinter AS Forchheim-Nord und 0.2 km vor AS Buttenheim Gefahr durch ein defektes Fahrzeug auf der Fahrbahn",49.7390341009422,11.0545263000036
"A81","undefined--vi-zus.2025-05-24_18-12-30-000.f_002.de0","48.70658044514879,9.050270677814447,48.70174764905467,9.02811109415948","48.70658044514879,9.050270677814447","WARNING","A81 | Stuttgart - Böblingen/Sindelfingen"," Stuttgart -> Singen",0,"SLOW_TRAFFIC","59.599998474121094",2025-05-24,"Beginn: 24.05.25 um 18:12 Uhr  Zusammengesetzte Verkehrsinformation, seit 24.05.2025, 18:12 A81: Stuttgart -> Singen, zwischen 2.5 km hinter AK Stuttgart und 2.1 km vor AS Böblingen/Sindelfingen  Langsamer Verkehr Reisezeitverlust: 0 Minuten Durchschnittsgeschwindigkeit: 59 km/h",48.7065804451488,9.05027067781445
"A81","undefined--vi-hind.2025-05-24_18-02-39-000.f_003.de0","48.820169600945555,9.075761300000018,48.803477885573045,9.037856972462977","48.820169600945555,9.075761300000018","WARNING","A81 | Stuttgart-Feuerbach - Engelbergtunnel"," Heilbronn -> Stuttgart",NA,NA,NA,2025-05-24,"Beginn: 24.05.25 um 18:02 Uhr  Hindernis, seit 24.05.2025, 18:02 A81: Heilbronn -> Stuttgart, zwischen 0.4 km hinter AS Stuttgart-Feuerbach und 0.5 km vor Engelbergtunnel",48.8201696009456,9.07576130000002
"A93","undefined--vi-hind.2025-05-24_17-33-43-000.f_006.de0","49.45482951372512,12.19395989600523,49.48979100094341,12.188966000031563","49.45482951372512,12.19395989600523","WARNING","A93 | Schwarzenfeld - Pfreimd"," Regensburg -> Weiden",NA,NA,NA,2025-05-24,"Beginn: 24.05.25 um 17:33 Uhr  Hindernis, seit 24.05.2025, 17:33 A93: Regensburg -> Weiden, zwischen 8.3 km hinter AS Schwarzenfeld und 0.1 km vor AS Pfreimd  Gefahr durch Personen auf der Fahrbahn",49.4548295137251,12.1939598960052
"A93","undefined--vi-hind.2025-05-24_17-33-43-000.f_007.de0","49.4899138856157,12.18879671110894,49.45497380094357,12.19381910003191","49.4899138856157,12.18879671110894","WARNING","A93 | Pfreimd - Schwarzenfeld"," Weiden -> Regensburg",NA,NA,NA,2025-05-24,"Beginn: 24.05.25 um 17:33 Uhr  Hindernis, seit 24.05.2025, 17:33 A93: Weiden -> Regensburg, zwischen 0.1 km hinter AS Pfreimd und 8.3 km vor AS Schwarzenfeld  Gefahr durch Personen auf der Fahrbahn",49.4899138856157,12.1887967111089
"A96","undefined--vi-hind.2025-05-24_17-43-46-000.f_001.de0","48.11733846984709,11.384858812081719,48.09658460094758,11.320793100007231","48.11733846984709,11.384858812081719","WARNING","A96 | München Süd-West - Gilching"," München -> Lindau",NA,NA,NA,2025-05-24,"Beginn: 24.05.25 um 17:43 Uhr  Hindernis, seit 24.05.2025, 17:43 A96: München -> Lindau, zwischen 1.9 km hinter AD München Süd-West und 0.5 km vor AS Gilching  Gefahr durch eine ungesicherte Unfallstelle",48.1173384698471,11.3848588120817
"A113","undefined--vi-avl.2025-05-24_08-15-30-000.f_001.de0","52.44663737720714,13.471679912948511,52.44663737720714,13.471679912948511","52.44663737720714,13.471679912948511","WARNING","A113 | Späthstraße - Späthstraße"," Schönefeld -> Neukölln",NA,"STATIONARY_TRAFFIC","2",2025-05-24,"Beginn: 24.05.25 um 18:22 Uhr  Angespannte Verkehrslage, seit 24.05.2025, 18:22 A113: Schönefeld -> Neukölln, 1.1 km vor AS Späthstraße, aus Richtung Johannisthaler Chaussee  Im Stillstand Durchschnittsgeschwindigkeit: 2 km/h",52.4466373772071,13.4716799129485
"A113","undefined--vi-zus.2025-05-23_04-57-30-000.f.de0","52.43617318100181,13.493052326243479,52.427730500930934,13.517008500122175","52.43617318100181,13.493052326243479","WARNING","A113 | Johannisthaler Chaussee - Rudower Höhe"," Neukölln -> Schönefeld",NA,NA,NA,2025-05-23,"Beginn: 23.05.25 um 04:57 Uhr  Zusammengesetzte Verkehrsinformation, seit 23.05.2025, 04:57 A113: Neukölln -> Schönefeld, zwischen 1.2 km hinter AS Johannisthaler Chaussee und 1.0 km vor Rudower Höhe  A113 Autobahnzubringer Dresden, Neukölln Richtung Schönefeld
zwischen Stubenrauchstraße und Tunnel Rudower Höhe
linker Fahrstreifen gesperrt, Bauarbeiten, bis voraussichtlich 20.06.2025",52.4361731810018,13.4930523262435
"A113","undefined--vi-avl.2025-05-24_08-15-00-000.f.de0","52.44663737720714,13.471679912948511,52.45209490093047,13.462718900114677","52.44663737720714,13.471679912948511","WARNING","A113 | Johannisthaler Chaussee - Späthstraße"," Schönefeld -> Neukölln",13,"STATIONARY_TRAFFIC","3.5999999046325684",2025-05-24,"Beginn: 24.05.25 um 08:15 Uhr  Angespannte Verkehrslage, seit 24.05.2025, 08:15 A113: Schönefeld -> Neukölln, zwischen 0.6 km hinter AS Johannisthaler Chaussee und 0.2 km vor AS Späthstraße  Im Stillstand Reisezeitverlust: 13 Minuten Durchschnittsgeschwindigkeit: 3 km/h",52.4466373772071,13.4716799129485
"A113","undefined--vi-zus.2025-05-24_14-46-02-000.f_010.de0","52.37839908826458,13.542599091402097,52.36931552754615,13.548195838188391","52.37839908826458,13.542599091402097","WARNING","A113 | Schönefeld-Süd - Waltersdorf"," Neukölln -> Schönefeld",NA,NA,NA,2025-05-24,"Beginn: 24.05.25 um 14:46 Uhr  Zusammengesetzte Verkehrsinformation, seit 24.05.2025, 14:46 A113: Neukölln -> Schönefeld, zwischen 2.1 km hinter AS Schönefeld-Süd und 0.5 km vor AD Waltersdorf  Gefahr durch Personen auf der Fahrbahn  A113 Autobahnzubringer Dresden, Neukölln Richtung Schönefeld in Höhe Dreieck Flughafen Berlin Brandenburg Gefahr durch liegengebliebenes Fahrzeug, Gefahr durch Personen auf der Fahrbahn, bitte vorsichtig fahren",52.3783990882646,13.5425990914021
"A114","undefined--vi-hind.2025-05-24_18-15-30-000.f.de0","52.633944935978484,13.427047816749141,52.633096645418085,13.427121922581744","52.633944935978484,13.427047816749141","WARNING","A114 | Pankow - Schönerlinder Straße"," Dreieck Pankow -> Pankow",NA,NA,NA,2025-05-24,"Beginn: 24.05.25 um 18:15 Uhr  Fahrzeug-Hindernis, seit 24.05.2025, 18:15 A114: Dreieck Pankow -> Pankow, zwischen 1.0 km hinter AD Pankow und 1.1 km vor AS Schönerlinder Straße Gefahr durch ein defektes Fahrzeug auf der Fahrbahn",52.6339449359785,13.4270478167491
"A115","undefined--vi-zus.2024-10-09_07-09-40-000.f_531.de0","52.40027056808641,13.185163736426698,52.44227384698058,13.202709435405149","52.40027056808641,13.185163736426698","WARNING","A115 | Am Stern - Hüttenweg"," Dreieck Nuthetal -> Dreieck Funkturm",NA,NA,NA,2024-10-09,"Beginn: 09.10.24 um 07:09 Uhr  Zusammengesetzte Verkehrsinformation, seit 09.10.2024, 07:09 A115: Dreieck Nuthetal -> Dreieck Funkturm, zwischen 2.9 km hinter Am Stern und 3.8 km vor AS Hüttenweg  A115 Autobahnzubringer Magdeburg, Dreieck Nuthetal Richtung Dreieck Funkturm, zwischen Anschlussstelle Kleinmachnow und Anschlussstelle Spanische Allee, Baustelle, bis 31.10.2026 17:00 Uhr",52.4002705680864,13.1851637364267
"A115","undefined--vi-avl.2025-05-24_12-20-34-000.f_001.de0","52.400204175399516,13.185088356576113,52.4089589670027,13.194993785042493","52.400204175399516,13.185088356576113","WARNING","A115 | Am Stern - Dreilinden"," Dreieck Nuthetal -> Dreieck Funkturm",2,"STATIONARY_TRAFFIC","23.799999237060547",2025-05-24,"Beginn: 24.05.25 um 12:20 Uhr  Angespannte Verkehrslage, seit 24.05.2025, 12:20 A115: Dreieck Nuthetal -> Dreieck Funkturm, zwischen 2.9 km hinter Am Stern und 0.8 km vor Dreilinden  Im Stillstand Reisezeitverlust: 2 Minuten Durchschnittsgeschwindigkeit: 23 km/h",52.4002041753995,13.1850883565761
"A115","undefined--vi-avl.2025-05-24_14-08-15-000.f_002.de0","52.40044761499012,13.185364750484283,52.40044761499012,13.185364750484283","52.40044761499012,13.185364750484283","WARNING","A115 | Kleinmachnow - Kleinmachnow"," Dreieck Nuthetal -> Dreieck Funkturm",NA,"STATIONARY_TRAFFIC","14",2025-05-24,"Beginn: 24.05.25 um 18:22 Uhr  Angespannte Verkehrslage, seit 24.05.2025, 18:22 A115: Dreieck Nuthetal -> Dreieck Funkturm, 0.2 km vor AS Kleinmachnow, aus Richtung Am Stern  Im Stillstand Durchschnittsgeschwindigkeit: 14 km/h",52.4004476149901,13.1853647504843
"A115","undefined--vi-zus.2024-10-13_05-33-30-000.f_688.de0","52.44029442937371,13.199911385595513,52.43107524997983,13.191805707063864","52.44029442937371,13.199911385595513","WARNING","A115 | Hüttenweg - Kreuz Zehlendorf"," Dreieck Funkturm -> Dreieck Nuthetal",NA,NA,NA,2024-10-13,"Beginn: 13.10.24 um 05:33 Uhr  Zusammengesetzte Verkehrsinformation, seit 13.10.2024, 05:33 A115: Dreieck Funkturm -> Dreieck Nuthetal, zwischen 4.1 km hinter AS Hüttenweg und 1.3 km vor AS Kreuz Zehlendorf  A115 Dreieck Funkturm Richtung Dreieck Nuthetal
zwischen Spanische Allee und Kleinmachnow
Verkehr wird über die Gegenfahrbahn geleitet, geänderte Verkehrsführung im Baustellenbereich, Bauarbeiten",52.4402944293737,13.1999113855955
"A255","undefined--vi-zus.2025-05-24_18-12-00-000.f_001.de0","53.51641373633881,10.02947284609065,53.50422791871396,10.038743918475793","53.51641373633881,10.02947284609065","WARNING","Baustelle"," km 0.96 --> km -0.51",0,"SLOW_TRAFFIC","62.29999923706055",2025-05-24,"Beginn: 24.05.25 um 18:12 Uhr  Zusammengesetzte Verkehrsinformation, seit 24.05.2025, 18:12 A255: km 0.96 --> km -0.51  Langsamer Verkehr Reisezeitverlust: 0 Minuten Durchschnittsgeschwindigkeit: 62 km/h",53.5164137363388,10.0294728460907
"A620","undefined--vi-avl.2025-05-24_17-13-20-000.f_002.de0","49.24183278311973,6.858127446524321,49.24183278311973,6.858127446524321","49.24183278311973,6.858127446524321","WARNING","A620 | Völklingen-Geislautern - Völklingen-Geislautern"," Saarbrücken -> Saarlouis",NA,"SLOW_TRAFFIC","20",2025-05-24,"Beginn: 24.05.25 um 18:22 Uhr  Angespannte Verkehrslage, seit 24.05.2025, 18:22 A620: Saarbrücken -> Saarlouis, 0.7 km vor AS Völklingen-Geislautern, aus Richtung Völklingen  Langsamer Verkehr Durchschnittsgeschwindigkeit: 20 km/h",49.2418327831197,6.85812744652432
"A620","undefined--vi-zus.2025-05-24_17-08-41-000.f.de0","49.24183278311973,6.858127446524321,49.241808600944154,6.847129599995336","49.24183278311973,6.858127446524321","WARNING","A620 | Völklingen - Völklingen-Wehrden"," Saarbrücken -> Saarlouis",0,"SLOW_TRAFFIC","34.099998474121094",2025-05-24,"Beginn: 24.05.25 um 17:08 Uhr  Zusammengesetzte Verkehrsinformation, seit 24.05.2025, 17:08 A620: Saarbrücken -> Saarlouis, zwischen 0.5 km hinter AS Völklingen und 1.9 km vor AS Völklingen-Wehrden  Langsamer Verkehr Reisezeitverlust: 0 Minuten Durchschnittsgeschwindigkeit: 34 km/h",49.2418327831197,6.85812744652432
"A861","undefined--vi-avl.2025-05-24_10-00-11-000.f_004.de0","47.556974928305294,7.757497131555362,47.556974928305294,7.757497131555362","47.556974928305294,7.757497131555362","WARNING","A861 | Rheinfelden-Süd - Rheinfelden-Süd"," Dreieck Hochrhein -> Grenzübergang Rheinfelden",NA,"STATIONARY_TRAFFIC","2",2025-05-24,"Beginn: 24.05.25 um 18:20 Uhr  Angespannte Verkehrslage, seit 24.05.2025, 18:20 A861: Dreieck Hochrhein -> Grenzübergang Rheinfelden, 0.8 km vor AS Rheinfelden-Süd, aus Richtung Rheinfelden-Mitte  Im Stillstand Durchschnittsgeschwindigkeit: 2 km/h",47.5569749283053,7.75749713155536
"A861","undefined--vi-avl.2025-05-24_09-32-00-000.f_001.de0","47.55688572940661,7.757479776963953,47.548363300948715,7.758275399999488","47.55688572940661,7.757479776963953","WARNING","Baustelle"," km 0.95 --> km -0.00",23,"STATIONARY_TRAFFIC","2.4000000953674316",2025-05-24,"Beginn: 24.05.25 um 09:32 Uhr  Angespannte Verkehrslage, seit 24.05.2025, 09:32 A861: km 0.95 --> km -0.00  Im Stillstand Reisezeitverlust: 23 Minuten Durchschnittsgeschwindigkeit: 2 km/h",47.5568857294066,7.75747977696395
