"road","identifier","extent","point","display_type","title","subtitle","delay_minutes","abnormalTrafficType","averageSpeed","startTimestamp","description","latitude","longitude"
"A1","undefined--vi-hind.2025-05-21_00-32-30-000.f_002.de0","49.98226476094579,6.915675588546916,50.04423160094094,6.9156427999961885","49.98226476094579,6.915675588546916","WARNING","A1 | Wittlich-Mitte - Eifel-Ost"," Trier -> Köln/Koblenz",NA,NA,NA,2025-05-21,"Beginn: 21.05.25 um 00:32 Uhr  Fahrzeug-Hindernis, seit 21.05.2025, 00:32 A1: Trier -> Köln/Koblenz, zwischen 0.4 km hinter AS Wittlich-Mitte und 3.8 km vor Eifel-Ost Gefahr durch ein defektes Fahrzeug auf der Fahrbahn",49.9822647609458,6.91567558854692
"A1","undefined--vi-hind.2025-05-20_22-01-00-000.f_013.de0","53.50929678257153,10.057088901590378,53.50929678257153,10.057088901590378","53.50929678257153,10.057088901590378","WARNING","A1 | Hamburg-Norderelbe - Hamburg-Südost"," Hamburg -> Lübeck",NA,NA,NA,2025-05-20,"Beginn: 20.05.25 um 22:01 Uhr  Fahrzeug-Hindernis, seit 20.05.2025, 22:01 A1: Hamburg -> Lübeck, zwischen 1.2 km hinter AK Hamburg-Norderelbe und 1.2 km vor AD Hamburg-Südost",53.5092967825715,10.0570889015904
"A1","undefined--vi-hind.2025-05-20_22-01-00-000.f_012.de0","53.509302500919404,10.063278300000514,53.5094444127468,10.056993241326454","53.509302500919404,10.063278300000514","WARNING","A1 | Hamburg-Südost - Hamburg-Norderelbe"," Lübeck -> Hamburg",NA,NA,NA,2025-05-20,"Beginn: 20.05.25 um 22:01 Uhr  Fahrzeug-Hindernis, seit 20.05.2025, 22:01 A1: Lübeck -> Hamburg, zwischen 1.2 km hinter AD Hamburg-Südost und 1.4 km vor AK Hamburg-Norderelbe",53.5093025009194,10.0632783000005
"A2","undefined--vi-avl.2025-05-21_00-53-30-000.f.de0","52.173943033733636,11.486062983068049,52.16521881824427,11.510350917666365","52.173943033733636,11.486062983068049","WARNING","A2 | Börde - Magdeburg"," Braunschweig -> Magdeburg",0,"SLOW_TRAFFIC","68.80000305175781",2025-05-21,"Beginn: 21.05.25 um 00:53 Uhr  Angespannte Verkehrslage, seit 21.05.2025, 00:53 A2: Braunschweig -> Magdeburg, zwischen 2.6 km hinter Börde und 2.5 km vor AK Magdeburg  Langsamer Verkehr Reisezeitverlust: 0 Minuten Durchschnittsgeschwindigkeit: 68 km/h",52.1739430337336,11.486062983068
"A3","undefined--vi-avl.2025-05-21_00-37-05-000.f_001.de0","48.542010304864405,13.399086590620513,48.55069787195742,13.395633271972423","48.542010304864405,13.399086590620513","WARNING","A3 | Passau-Süd - Hammerbach"," Linz -> Nürnberg",0,"SLOW_TRAFFIC","60.20000076293945",2025-05-21,"Beginn: 21.05.25 um 00:37 Uhr  Angespannte Verkehrslage, seit 21.05.2025, 00:37 A3: Linz -> Nürnberg, zwischen 0.7 km hinter AS Passau-Süd und 1.1 km vor Hammerbach  Langsamer Verkehr Reisezeitverlust: 0 Minuten Durchschnittsgeschwindigkeit: 60 km/h",48.5420103048644,13.3990865906205
"A3","undefined--vi-hind.2025-05-21_01-22-30-000.f.de0","49.98891068186089,9.053444050413678,49.98891068186089,9.053444050413678","49.98891068186089,9.053444050413678","WARNING","A3 | Aschaffenburg - Seligenstädter Dreieck"," Würzburg -> Frankfurt",NA,NA,NA,2025-05-21,"Beginn: 21.05.25 um 01:22 Uhr  Hindernis, seit 21.05.2025, 01:22 A3: Würzburg -> Frankfurt, zwischen 1.5 km hinter AS Aschaffenburg und 2.8 km vor AD Seligenstädter Dreieck  Gefahr durch Gegenstände auf der Fahrbahn",49.9889106818609,9.05344405041368
"A3","undefined--vi-zus.2025-05-21_00-30-00-000.f_003.de0","50.454885700939045,7.878439599999549,50.41252480093925,7.940170499999603","50.454885700939045,7.878439599999549","WARNING","A3 | Heiligenroth - Diez"," Köln -> Frankfurt",NA,NA,NA,2025-05-21,"Beginn: 21.05.25 um 00:30 Uhr  Zusammengesetzte Verkehrsinformation, seit 21.05.2025, 00:30 A3: Köln -> Frankfurt, zwischen 0.4 km hinter Heiligenroth und 0.3 km vor AS Diez  Gefahr durch Gegenstände auf der Fahrbahn  A3 Köln Richtung Frankfurt
zwischen Raststätte Heiligenroth und Diez
Wildunfall auf dem rechten und dem mittleren Fahrstreifen
mittlerer und rechter FS gesperrt, Verkehr fließt über den linken FS",50.454885700939,7.87843959999955
"A4","undefined--vi-hind.2025-05-21_01-11-00-000.f.de0","50.895611320468696,11.44403390809576,50.896611452955696,11.441711484284191","50.895611320468696,11.44403390809576","WARNING","A4 | Bucha - Magdala"," Chemnitz -> Erfurt",NA,NA,NA,2025-05-21,"Beginn: 21.05.25 um 01:11 Uhr  Fahrzeug-Hindernis, seit 21.05.2025, 01:11 A4: Chemnitz -> Erfurt, zwischen 4.7 km hinter AS Bucha und 0.1 km vor AS Magdala Gefahr durch ein defektes Fahrzeug auf der Fahrbahn",50.8956113204687,11.4440339080958
"A6","undefined--vi-avl.2025-05-21_01-21-30-000.f_001.de0","49.45643899331027,7.752927049865057,49.458239717584476,7.771203142079434","49.45643899331027,7.752927049865057","WARNING","A6 | Kaiserslautern-West - Kaiserslautern"," Metz/Saarbrücken -> Mannheim",0,"SLOW_TRAFFIC","69.19999694824219",2025-05-21,"Beginn: 21.05.25 um 01:21 Uhr  Angespannte Verkehrslage, seit 21.05.2025, 01:21 A6: Metz/Saarbrücken -> Mannheim, zwischen 3.7 km hinter AS Kaiserslautern-West und 2.4 km vor AD Kaiserslautern  Langsamer Verkehr Reisezeitverlust: 0 Minuten Durchschnittsgeschwindigkeit: 69 km/h",49.4564389933103,7.75292704986506
"A6","undefined--vi-avl.2025-05-21_01-16-00-000.f.de0","49.513259900943154,8.024055599999693,49.506538090113544,8.016331611144095","49.513259900943154,8.024055599999693","WARNING","A6 | Entenpfuhl - Drehertal"," Mannheim -> Kaiserslautern",0,"SLOW_TRAFFIC","56.79999923706055",2025-05-21,"Beginn: 21.05.25 um 01:16 Uhr  Angespannte Verkehrslage, seit 21.05.2025, 01:16 A6: Mannheim -> Kaiserslautern, zwischen 0.1 km hinter Entenpfuhl und 5.2 km vor Drehertal  Langsamer Verkehr Reisezeitverlust: 0 Minuten Durchschnittsgeschwindigkeit: 56 km/h",49.5132599009432,8.02405559999969
"A6","undefined--vi-avl.2025-05-21_01-20-30-000.f_004.de0","49.525350573544905,8.052978908611093,49.520273458393326,8.041732392803853","49.525350573544905,8.052978908611093","WARNING","A6 | Wattenheim - Türkberg"," Mannheim -> Kaiserslautern",0,"SLOW_TRAFFIC","62.20000076293945",2025-05-21,"Beginn: 21.05.25 um 01:20 Uhr  Angespannte Verkehrslage, seit 21.05.2025, 01:20 A6: Mannheim -> Kaiserslautern, zwischen 1.0 km hinter AS Wattenheim und 1.1 km vor Türkberg  Langsamer Verkehr Reisezeitverlust: 0 Minuten Durchschnittsgeschwindigkeit: 62 km/h",49.5253505735449,8.05297890861109
"A6","undefined--vi-hind.2025-05-20_20-09-00-000.f_012.de0","49.21152990094426,9.072320200000012,49.18684520480663,9.195242698743506","49.21152990094426,9.072320200000012","WARNING","A6 | Bauernwald - Heilbronn/Untereisesheim"," Mannheim -> Heilbronn",NA,NA,NA,2025-05-20,"Beginn: 20.05.25 um 20:09 Uhr  Fahrzeug-Hindernis, seit 20.05.2025, 20:09 A6: Mannheim -> Heilbronn, zwischen 7.4 km hinter Bauernwald und 0.5 km vor AS Heilbronn/Untereisesheim",49.2115299009443,9.07232020000001
"A6","undefined--vi-avl.2025-05-21_01-20-00-000.f_001.de0","49.410969576073306,11.40236541045456,49.415965047812215,11.430032248994971","49.410969576073306,11.40236541045456","WARNING","A6 | Rehberg - Hölle"," Nürnberg -> Pilsen",1,"SLOW_TRAFFIC","63.29999923706055",2025-05-21,"Beginn: 21.05.25 um 01:20 Uhr  Angespannte Verkehrslage, seit 21.05.2025, 01:20 A6: Nürnberg -> Pilsen, zwischen 0.2 km hinter Rehberg und 1.2 km vor Hölle  Langsamer Verkehr Reisezeitverlust: 1 Minuten Durchschnittsgeschwindigkeit: 63 km/h",49.4109695760733,11.4023654104546
"A7","undefined--vi-zus.2025-05-13_04-57-00-000.f_004.de0","47.595412441892016,10.656244234565428,47.62104067744613,10.660902253482776","47.595412441892016,10.656244234565428","WARNING","A7 | Füssen - Nesselwang"," Füssen/Reutte -> Ulm",NA,NA,NA,2025-05-13,"Beginn: 13.05.25 um 04:57 Uhr  Zusammengesetzte Verkehrsinformation, seit 13.05.2025, 04:57 A7: Füssen/Reutte -> Ulm, zwischen 2.5 km hinter AS Füssen und 10.8 km vor AS Nesselwang  A7 Füssen/Reutte Richtung Ulm zwischen Reinertshoftunnel und Nesselwang Verkehr wird über die Gegenfahrbahn geleitet, Baustelle, von 16.05.2025 05:00 Uhr bis 18.07.2025 15:00 Uhr",47.595412441892,10.6562442345654
"A7","undefined--vi-avl.2025-05-21_01-16-30-000.f_005.de0","47.604724750386666,10.655635225757555,47.61442526041592,10.66036887997401","47.604724750386666,10.655635225757555","WARNING","A7 | Reinertshofertunnel - Nesselwang"," Füssen/Reutte -> Ulm",0,"SLOW_TRAFFIC","65.4000015258789",2025-05-21,"Beginn: 21.05.25 um 01:16 Uhr  Angespannte Verkehrslage, seit 21.05.2025, 01:16 A7: Füssen/Reutte -> Ulm, zwischen 0.5 km hinter Reinertshofertunnel und 11.5 km vor AS Nesselwang  Langsamer Verkehr Reisezeitverlust: 0 Minuten Durchschnittsgeschwindigkeit: 65 km/h",47.6047247503867,10.6556352257576
"A7","undefined--vi-avl.2025-05-21_01-22-00-000.f_001.de0","47.629506050197506,10.601875554865249,47.62854032886443,10.586606678743902","47.629506050197506,10.601875554865249","WARNING","A7 | Reinertshofertunnel - Nesselwang"," Füssen/Reutte -> Ulm",0,"SLOW_TRAFFIC","60.70000076293945",2025-05-21,"Beginn: 21.05.25 um 01:22 Uhr  Angespannte Verkehrslage, seit 21.05.2025, 01:22 A7: Füssen/Reutte -> Ulm, zwischen 7.2 km hinter Reinertshofertunnel und 4.8 km vor AS Nesselwang  Langsamer Verkehr Reisezeitverlust: 0 Minuten Durchschnittsgeschwindigkeit: 60 km/h",47.6295060501975,10.6018755548652
"A7","undefined--vi-avl.2025-05-21_01-13-30-000.f.de0","50.964663596741836,9.480720520481912,50.95428440973641,9.504906099834225","50.964663596741836,9.480720520481912","WARNING","A7 | Homberg (Efze) - Fuchsrain"," Kassel -> Fulda",1,"SLOW_TRAFFIC","59.5",2025-05-21,"Beginn: 21.05.25 um 01:13 Uhr  Angespannte Verkehrslage, seit 21.05.2025, 01:13 A7: Kassel -> Fulda, zwischen 4.6 km hinter AS Homberg (Efze) und 2.2 km vor Fuchsrain  Langsamer Verkehr Reisezeitverlust: 1 Minuten Durchschnittsgeschwindigkeit: 59 km/h",50.9646635967418,9.48072052048191
"A7","undefined--vi-avl.2025-05-21_01-20-30-000.f_006.de0","51.888258997109986,10.130943059265736,51.90368374731559,10.133630779147838","51.888258997109986,10.130943059265736","WARNING","A7 | Seesen (Harz) - Harz"," Kassel -> Hannover",0,"SLOW_TRAFFIC","62.599998474121094",2025-05-21,"Beginn: 21.05.25 um 01:20 Uhr  Angespannte Verkehrslage, seit 21.05.2025, 01:20 A7: Kassel -> Hannover, zwischen 0.5 km hinter AS Seesen (Harz) und 2.8 km vor Harz  Langsamer Verkehr Reisezeitverlust: 0 Minuten Durchschnittsgeschwindigkeit: 62 km/h",51.88825899711,10.1309430592657
"A7","undefined--vi-zus.2025-03-31_00-40-00-000.f_018.de0","53.579141433849884,9.913430072127355,53.55636870091902,9.897540700000414","53.579141433849884,9.913430072127355","WARNING","A7 | Hamburg-Volkspark - Elbtunnel (Nordportal)"," Flensburg -> Hamburg",NA,NA,NA,2025-03-31,"Beginn: 31.03.25 um 00:40 Uhr  Zusammengesetzte Verkehrsinformation, seit 31.03.2025, 00:40 A7: Flensburg -> Hamburg, zwischen 0.4 km hinter AS Hamburg-Volkspark und 0.9 km vor Elbtunnel (Nordportal)  A7 Flensburg Richtung Hamburg Ausfahrt Hamburg-Othmarschen Fahrbahnverengung, maximale Fahrbahnbreite von 4,50 m, Bauarbeiten, bis 29.09.2025",53.5791414338499,9.91343007212735
"A8","undefined--vi-zus.2025-03-26_17-59-56-000.f_013.de0","49.32575278791285,7.172731755291576,49.327350714671546,7.213275819282444","49.32575278791285,7.172731755291576","WARNING","A8 | Neunkirchen/Spiesen - Kohlhof"," Saarlouis -> Neunkirchen",NA,NA,NA,2025-03-26,"Beginn: 26.03.25 um 17:59 Uhr  Zusammengesetzte Verkehrsinformation, seit 26.03.2025, 17:59 A8: Saarlouis -> Neunkirchen, zwischen 1.5 km hinter AS Neunkirchen/Spiesen und 1.0 km vor Kohlhof  A8 Saarlouis - Neunkirchen zwischen Neunkirchen-Spiesen und Neunkirchen-Oberstadt in beiden Richtungen Bauarbeiten, bis voraussichtlich 01.06.2025",49.3257527879128,7.17273175529158
"A8","undefined--vi-zus.2025-05-14_09-26-56-000.f.de0","49.32628400979037,7.229641516813452,49.329166750017514,7.1882642393148934","49.32628400979037,7.229641516813452","WARNING","A8 | Neunkirchen-Wellesweiler - Neunkirchen/Spiesen"," Neunkirchen -> Saarlouis",NA,NA,NA,2025-05-14,"Beginn: 14.05.25 um 09:26 Uhr  Zusammengesetzte Verkehrsinformation, seit 14.05.2025, 09:26 A8: Neunkirchen -> Saarlouis, zwischen 0.4 km hinter AS Neunkirchen-Wellesweiler und 2.7 km vor AS Neunkirchen/Spiesen  A8 Saarlouis - Neunkirchen zwischen Neunkirchen-Spiesen und Neunkirchen-Oberstadt in beiden Richtungen Bauarbeiten, bis voraussichtlich 01.06.2025",49.3262840097904,7.22964151681345
"A8","undefined--vi-avl.2025-05-21_01-04-00-000.f_001.de0","47.82644613280436,11.955549127717518,47.82982577755012,11.912340886868433","47.82644613280436,11.955549127717518","WARNING","A8 | Eulenauer Filz - Irschenberg"," Salzburg -> München",1,"SLOW_TRAFFIC","56.900001525878906",2025-05-21,"Beginn: 21.05.25 um 01:04 Uhr  Angespannte Verkehrslage, seit 21.05.2025, 01:04 A8: Salzburg -> München, zwischen 1.7 km hinter Eulenauer Filz und 0.5 km vor Irschenberg  Langsamer Verkehr Reisezeitverlust: 1 Minuten Durchschnittsgeschwindigkeit: 56 km/h",47.8264461328044,11.9555491277175
"A9","undefined--vi-zus.2025-05-21_01-03-30-000.f.de0","48.72745344171982,11.474929080688879,48.74067232976954,11.464897632234495","48.72745344171982,11.474929080688879","WARNING","A9 | Neuburg a.d.Donau - Ingolstadt-Süd"," München -> Nürnberg",0,"SLOW_TRAFFIC","69.19999694824219",2025-05-21,"Beginn: 21.05.25 um 01:03 Uhr  Zusammengesetzte Verkehrsinformation, seit 21.05.2025, 01:03 A9: München -> Nürnberg, zwischen 1.8 km hinter AS Neuburg a.d.Donau und 1.2 km vor AS Ingolstadt-Süd  Langsamer Verkehr Reisezeitverlust: 0 Minuten Durchschnittsgeschwindigkeit: 69 km/h",48.7274534417198,11.4749290806889
"A9","undefined--vi-avl.2025-05-21_01-13-00-000.f_001.de0","49.99228702766798,11.607388350747506,50.01723256592347,11.604816555177049","49.99228702766798,11.607388350747506","WARNING","A9 | Bayreuth-Nord - Bayreuth/Kulmbach"," Nürnberg -> Halle/Leipzig",1,"SLOW_TRAFFIC","61.099998474121094",2025-05-21,"Beginn: 21.05.25 um 01:13 Uhr  Angespannte Verkehrslage, seit 21.05.2025, 01:13 A9: Nürnberg -> Halle/Leipzig, zwischen 3.7 km hinter AS Bayreuth-Nord und 0.9 km vor AD Bayreuth/Kulmbach  Langsamer Verkehr Reisezeitverlust: 1 Minuten Durchschnittsgeschwindigkeit: 61 km/h",49.992287027668,11.6073883507475
"A9","undefined--vi-avl.2025-05-21_01-22-00-000.f.de0","50.51065303797257,11.796603989782902,50.4980626158117,11.794823903194507","50.51065303797257,11.796603989782902","WARNING","A9 | Schleiz - Bad Lobenstein"," Halle/Leipzig -> Nürnberg",0,"SLOW_TRAFFIC","68.5",2025-05-21,"Beginn: 21.05.25 um 01:22 Uhr  Angespannte Verkehrslage, seit 21.05.2025, 01:22 A9: Halle/Leipzig -> Nürnberg, zwischen 4.6 km hinter AS Schleiz und 6.4 km vor AS Bad Lobenstein  Langsamer Verkehr Reisezeitverlust: 0 Minuten Durchschnittsgeschwindigkeit: 68 km/h",50.5106530379726,11.7966039897829
"A9","undefined--vi-avl.2025-05-21_00-55-00-000.f.de0","50.92609774837444,11.83897062328222,50.93997703975021,11.835181273395047","50.92609774837444,11.83897062328222","WARNING","A9 | Bad Klosterlausnitz - Kuhberg"," Nürnberg -> Halle/Leipzig",0,"SLOW_TRAFFIC","76.9000015258789",2025-05-21,"Beginn: 21.05.25 um 00:55 Uhr  Angespannte Verkehrslage, seit 21.05.2025, 00:55 A9: Nürnberg -> Halle/Leipzig, zwischen 1.7 km hinter AS Bad Klosterlausnitz und 3.2 km vor Kuhberg  Langsamer Verkehr Reisezeitverlust: 0 Minuten Durchschnittsgeschwindigkeit: 76 km/h",50.9260977483744,11.8389706232822
"A9","undefined--vi-avl.2025-05-21_01-16-30-000.f_007.de0","51.86975291709527,12.378173773558922,51.894033495983685,12.404855774125414","51.86975291709527,12.378173773558922","WARNING","A9 | Kliekener Aue - Köselitz"," Halle/Leipzig -> Berlin",2,"QUEUING_TRAFFIC","45.70000076293945",2025-05-21,"Beginn: 21.05.25 um 01:16 Uhr  Angespannte Verkehrslage, seit 21.05.2025, 01:16 A9: Halle/Leipzig -> Berlin, zwischen 0.5 km hinter Kliekener Aue und 8.8 km vor AS Köselitz  Stockender Verkehr Reisezeitverlust: 2 Minuten Durchschnittsgeschwindigkeit: 45 km/h",51.8697529170953,12.3781737735589
"A10","undefined--vi-zus.2025-05-20_23-57-00-000.f_003.de0","52.434312507196715,12.930226575500877,52.47446316538048,12.953529511683772","52.434312507196715,12.930226575500877","WARNING","A10 | Phöben - Berlin-Spandau"," Dreieck Werder -> Dreieck Havelland",NA,NA,NA,2025-05-20,"Beginn: 20.05.25 um 23:57 Uhr  Zusammengesetzte Verkehrsinformation, seit 20.05.2025, 23:57 A10: Dreieck Werder -> Dreieck Havelland, zwischen 3.4 km hinter AS Phöben und 9.4 km vor AS Berlin-Spandau  Gefahr durch eine ungesicherte Unfallstelle  A10 Westlicher Berliner Ring, Dreieck Werder Richtung Dreieck Havelland zwischen Leest und Potsdam-Nord Gefahr durch ungesicherte Unfallstelle, fahren Sie bitte besonders vorsichtig, Polizei und Rettungswagen sind unterwegs",52.4343125071967,12.9302265755009
"A12","WarnungA10Lkw3","47.61802931631098,12.202336027754352,47.61802931631098,12.202336027754352","47.61802931631098,12.202336027754352","WARNING","E45/E60 | LKW Blockabfertigung | A12-Inntal Autobahn","Richtung Italien",NA,NA,NA,2025-01-11,"Zeitraum: Beginn: 07.01.2025 Ende: 09.12.2025  Hinweis für LKW-Reisende nach Österreich: LKW-Blockabfertigungen an ausgewählten Tagen für Lkw am Grenzübergang Kufstein/Kiefersfelden. Maximaler Durchlass von 300 LKWs pro Stunde  Die genauen Ausführungszeiten und weitere Informationen auf tirol.gv.at/verkehr/verkehrs-und-seilbahnrecht/lkw-dosierung.",47.618029316311,12.2023360277544
"A12","WarnungA10Lkw2","47.6164490154047,12.202382557672273,47.6164490154047,12.202382557672273","47.6164490154047,12.202382557672273","WARNING","E43/E45/E60 | A13-Brenner Autobahn","Richtung Italien",NA,NA,NA,2025-01-11,"Zeitraum: Beginn: 11.01.2025 Ende: 27.09.2025  Hinweis für LKW-Reisende nach Österreich: LKW-Fahrverbot auf der A12-Inntal Autobahn, A13-Brenner Autobahn und A14-Rheintal/Walgau Autobahn, wenn das Ziel der Fahrt der Anschlussstelle Nößlach bis Anschlussstelle Brenner Nord der Richtungsfahrbahn Staatsgrenze der A 13 Brenner Autobahn erreicht werden soll. An ausgewählten Samstagen 7-15 Uhr sowie weiteren Tagen im Zeitraum 11.01. - 27.09.2025 Weitere Informationen auf http://asfinag.at/a13",47.6164490154047,12.2023825576723
"A15","undefined--vi-avl.2025-05-21_01-20-00-000.f_004.de0","51.70884888278821,14.442887780569515,51.70663658655388,14.42392018940281","51.70884888278821,14.442887780569515","WARNING","A15 | Roggosen - Cottbus-Süd"," Breslau -> Cottbus",0,"SLOW_TRAFFIC","63",2025-05-21,"Beginn: 21.05.25 um 01:20 Uhr  Angespannte Verkehrslage, seit 21.05.2025, 01:20 A15: Breslau -> Cottbus, zwischen 1.6 km hinter AS Roggosen und 5.4 km vor AS Cottbus-Süd  Langsamer Verkehr Reisezeitverlust: 0 Minuten Durchschnittsgeschwindigkeit: 63 km/h",51.7088488827882,14.4428877805695
"A21","undefined--vi-avl.2025-05-21_01-22-30-000.f_003.de0","53.966267528872265,10.25223186516937,53.9564417016169,10.265817532123423","53.966267528872265,10.25223186516937","WARNING","A21 | Wahlstedt - Schackendorf"," Kiel -> Bargteheide",0,"SLOW_TRAFFIC","64",2025-05-21,"Beginn: 21.05.25 um 01:22 Uhr  Angespannte Verkehrslage, seit 21.05.2025, 01:22 A21: Kiel -> Bargteheide, zwischen 0.5 km hinter AS Wahlstedt und 1.0 km vor Schackendorf  Langsamer Verkehr Reisezeitverlust: 0 Minuten Durchschnittsgeschwindigkeit: 64 km/h",53.9662675288723,10.2522318651694
"A24","undefined--vi-avl.2025-05-21_01-21-00-000.f_002.de0","53.36708451923891,11.731040116162053,53.36353892904647,11.74759779046934","53.36708451923891,11.731040116162053","WARNING","A24 | Stolpe - Parchim"," Schwerin -> Pritzwalk",0,"SLOW_TRAFFIC","54.099998474121094",2025-05-21,"Beginn: 21.05.25 um 01:21 Uhr  Angespannte Verkehrslage, seit 21.05.2025, 01:21 A24: Schwerin -> Pritzwalk, zwischen 0.1 km hinter Stolpe und 3.9 km vor AS Parchim  Langsamer Verkehr Reisezeitverlust: 0 Minuten Durchschnittsgeschwindigkeit: 54 km/h",53.3670845192389,11.7310401161621
"A31","undefined--vi-avl.2025-05-21_00-53-00-000.f.de0","52.12139566927093,7.087093961543608,52.13656845130336,7.089679945470782","52.12139566927093,7.087093961543608","WARNING","A31 | Heek - Gronau/Ochtrup"," Oberhausen -> Gronau",0,"SLOW_TRAFFIC","66.0999984741211",2025-05-21,"Beginn: 21.05.25 um 00:53 Uhr  Angespannte Verkehrslage, seit 21.05.2025, 00:53 A31: Oberhausen -> Gronau, zwischen 0.3 km hinter AS Heek und 6.5 km vor AS Gronau/Ochtrup  Langsamer Verkehr Reisezeitverlust: 0 Minuten Durchschnittsgeschwindigkeit: 66 km/h",52.1213956692709,7.08709396154361
"A33","undefined--vi-avl.2025-05-21_01-21-00-000.f_001.de0","51.68632099797072,8.712542286646983,51.67038477612398,8.710933777325067","51.68632099797072,8.712542286646983","WARNING","A33 | Paderborn-Zentrum - Borchen"," Bielefeld -> Brilon",1,"SLOW_TRAFFIC","59.70000076293945",2025-05-21,"Beginn: 21.05.25 um 01:21 Uhr  Angespannte Verkehrslage, seit 21.05.2025, 01:21 A33: Bielefeld -> Brilon, zwischen 2.1 km hinter AS Paderborn-Zentrum und 2.6 km vor AS Borchen  Langsamer Verkehr Reisezeitverlust: 1 Minuten Durchschnittsgeschwindigkeit: 59 km/h",51.6863209979707,8.71254228664698
"A37","undefined--vi-zus.2025-05-20_10-04-05-000.f_002.de0","52.442156462690335,9.933442989087833,52.436581812162494,9.913211841333315","52.442156462690335,9.933442989087833","WARNING","A37 | Beinhorn - Hannover-Kirchhorst"," Celle -> Hannover",NA,NA,NA,2025-05-20,"Beginn: 20.05.25 um 10:04 Uhr  Zusammengesetzte Verkehrsinformation, seit 20.05.2025, 10:04 B3: Celle -> Hannover, zwischen 0.4 km hinter AS Beinhorn und 2.1 km vor AK Hannover-Kirchhorst  A37 Messe - Burgdorf
zwischen Kreuz Hannover-Buchholz und Beinhorn
in beiden Richtungen geänderte Verkehrsführung im Baustellenbereich, Bauarbeiten, bis 30.10.2026 ca. 18:00 Uhr",52.4421564626903,9.93344298908783
"A37","undefined--vi-zus.2025-05-20_10-04-05-000.f_003.de0","52.42566547847685,9.880479425875153,52.44102213295518,9.93161290421946","52.42566547847685,9.880479425875153","WARNING","Baustelle"," km 22.62 --> km 26.54",NA,NA,NA,2025-05-20,"Beginn: 20.05.25 um 10:04 Uhr  Zusammengesetzte Verkehrsinformation, seit 20.05.2025, 10:04 A37: km 22.62 --> km 26.54  A37 Messe - Burgdorf
zwischen Kreuz Hannover-Buchholz und Beinhorn
in beiden Richtungen geänderte Verkehrsführung im Baustellenbereich, Bauarbeiten, bis 30.10.2026 ca. 18:00 Uhr",52.4256654784769,9.88047942587515
"A43","undefined--vi-avl.2025-05-21_01-21-00-000.f.de0","51.91106164980156,7.529179587100131,51.914321504435776,7.547969365094297","51.91106164980156,7.529179587100131","WARNING","A43 | Senden - Münster-Süd"," Recklinghausen -> Münster",0,"SLOW_TRAFFIC","61.099998474121094",2025-05-21,"Beginn: 21.05.25 um 01:21 Uhr  Angespannte Verkehrslage, seit 21.05.2025, 01:21 A43: Recklinghausen -> Münster, zwischen 2.8 km hinter AS Senden und 0.9 km vor AK Münster-Süd  Langsamer Verkehr Reisezeitverlust: 0 Minuten Durchschnittsgeschwindigkeit: 61 km/h",51.9110616498016,7.52917958710013
"A44","undefined--vi-avl.2025-05-21_01-20-30-000.f_001.de0","51.5521154382048,8.15442803914611,51.5489419123855,8.136569273475855","51.5521154382048,8.15442803914611","WARNING","A44 | Soest-Ost - Soester Börde"," Kassel -> Dortmund",0,"SLOW_TRAFFIC","64.4000015258789",2025-05-21,"Beginn: 21.05.25 um 01:20 Uhr  Angespannte Verkehrslage, seit 21.05.2025, 01:20 A44: Kassel -> Dortmund, zwischen 0.4 km hinter AS Soest-Ost und 0.2 km vor Soester Börde  Langsamer Verkehr Reisezeitverlust: 0 Minuten Durchschnittsgeschwindigkeit: 64 km/h",51.5521154382048,8.15442803914611
"A45","undefined--vi-avl.2025-05-21_01-18-30-000.f.de0","50.552828165180046,8.564725720139979,50.566942675832195,8.548763173151823","50.552828165180046,8.564725720139979","WARNING","A45 | Gießen-Lützellinden - Wetzlar-Ost"," Aschaffenburg -> Hagen",0,"SLOW_TRAFFIC","64.0999984741211",2025-05-21,"Beginn: 21.05.25 um 01:18 Uhr  Angespannte Verkehrslage, seit 21.05.2025, 01:18 A45: Aschaffenburg -> Hagen, zwischen 3.8 km hinter AS Gießen-Lützellinden und 0.5 km vor AS Wetzlar-Ost  Langsamer Verkehr Reisezeitverlust: 0 Minuten Durchschnittsgeschwindigkeit: 64 km/h",50.55282816518,8.56472572013998
"A45","undefined--vi-hind.2025-05-21_01-12-00-000.f_001.de0","50.74472248642619,8.255038989488963,50.762701400937495,8.153590299999724","50.74472248642619,8.255038989488963","WARNING","A45 | Dillenburg - Kalteiche"," Gießen -> Hagen",NA,NA,NA,2025-05-21,"Beginn: 21.05.25 um 01:12 Uhr  Hindernis, seit 21.05.2025, 01:12 A45: Gießen -> Hagen, zwischen 0.4 km hinter AS Dillenburg und 1.1 km vor Kalteiche  Gefahr durch Gegenstände auf der Fahrbahn",50.7447224864262,8.25503898948896
"A48","undefined--vi-avl.2025-05-21_01-21-30-000.f_005.de0","50.19773231450102,6.949032204318428,50.193397941370364,6.929759098651151","50.19773231450102,6.949032204318428","WARNING","A48 | Ulmen - Vulkaneifel"," Koblenz -> Dreieck Vulkaneifel",0,"SLOW_TRAFFIC","66.69999694824219",2025-05-21,"Beginn: 21.05.25 um 01:21 Uhr  Angespannte Verkehrslage, seit 21.05.2025, 01:21 A48: Koblenz -> Dreieck Vulkaneifel, zwischen 2.1 km hinter AS Ulmen und 2.3 km vor AD Vulkaneifel  Langsamer Verkehr Reisezeitverlust: 0 Minuten Durchschnittsgeschwindigkeit: 66 km/h",50.197732314501,6.94903220431843
"A48","undefined--vi-avl.2025-05-21_01-20-00-000.f.de0","50.446350068109986,7.682650314607194,50.44991781202199,7.719125536990415","50.446350068109986,7.682650314607194","WARNING","A48 | Höhr-Grenzhausen - Dernbach"," Koblenz -> Dernbach",1,"SLOW_TRAFFIC","53.599998474121094",2025-05-21,"Beginn: 21.05.25 um 01:20 Uhr  Angespannte Verkehrslage, seit 21.05.2025, 01:20 A48: Koblenz -> Dernbach, zwischen 1.5 km hinter AS Höhr-Grenzhausen und 3.7 km vor AD Dernbach  Langsamer Verkehr Reisezeitverlust: 1 Minuten Durchschnittsgeschwindigkeit: 53 km/h",50.44635006811,7.68265031460719
"A52","undefined--vi-avl.2025-05-21_01-21-30-000.f.de0","51.212440214950966,6.387646981767904,51.21100202249964,6.350733872430341","51.212440214950966,6.387646981767904","WARNING","A52 | Wolfskull - Mönchengladbach-Hardt"," Düsseldorf -> Roermond",1,"SLOW_TRAFFIC","68.69999694824219",2025-05-21,"Beginn: 21.05.25 um 01:21 Uhr  Angespannte Verkehrslage, seit 21.05.2025, 01:21 A52: Düsseldorf -> Roermond, zwischen 1.3 km hinter Wolfskull und 0.3 km vor AS Mönchengladbach-Hardt  Langsamer Verkehr Reisezeitverlust: 1 Minuten Durchschnittsgeschwindigkeit: 68 km/h",51.212440214951,6.3876469817679
"A60","undefined--vi-zus.2025-04-08_08-51-21-000.f_013.de0","49.98125533976677,8.345695317688524,49.97565770865279,8.441396718063045","49.98125533976677,8.345695317688524","WARNING","A60 | Mainspitz-Dreieck - Rüsselsheimer Dreieck"," Mainz -> Rüsselsheim",NA,NA,NA,2025-04-08,"Beginn: 08.04.25 um 08:51 Uhr  Zusammengesetzte Verkehrsinformation, seit 08.04.2025, 08:51 A60: Mainz -> Rüsselsheim, zwischen 0.5 km hinter AD Mainspitz-Dreieck und 2.2 km vor AD Rüsselsheimer Dreieck  Sperrung der A60 bei Königstädten – Grundhafte Fahrbahnerneuerung zwischen dem Rüsselsheimer Dreieck und dem Mainspitz Dreieck. Die Niederlassung West der Autobahn GmbH erneuert zwischen dem Rüsselsheimer Dreieck (30) und dem Mainspitz Dreieck (26) die Fahrbahn. Von Donnerstagmorgen (24. April) bis Mitte Juli wird die Anschlussstelle (AS) Königstädten (29) in Fahrtrichtung (FR) Mainz sowie in FR Rüsselsheimer Dreieck gesperrt. Umleitungsmöglichkeiten sind ausgeschildert: • Ausfahrt FR Mainz: Umleitung via AS Rüsselsheim-Mitte • Einfahrt FR Mainz: innerstädtische Umleitung zur AS Rüsselsheim-Mitte (Adam-Opel-Straße / Kurt-Schumacher-Ring), von Nauheim kommend via L3482 zur AS Bischofsheim • Einfahrt FR Darmstadt: innerstädtische Umleitung zur AS Rüsselsheim-Mitte (Adam-Opel-Straße / Kurt-Schumacher-Ring) Die Autobahn GmbH bittet alle Verkehrsteilnehmer um Verständnis für die unvermeidlichen Verkehrsbehinderungen, die durch die Arbeiten entstehen.",49.9812553397668,8.34569531768852
"A60","undefined--vi-zus.2025-05-03_10-55-00-000.f_003.de0","49.977457399447445,8.454646346787307,49.981587265039146,8.34517285786785","49.977457399447445,8.454646346787307","WARNING","A60 | Rüsselsheimer Dreieck - Mainspitz-Dreieck"," Rüsselsheim -> Mainz",NA,NA,NA,2025-05-03,"Beginn: 03.05.25 um 10:55 Uhr  Zusammengesetzte Verkehrsinformation, seit 03.05.2025, 10:55 A60: Rüsselsheim -> Mainz, zwischen 0.6 km hinter AD Rüsselsheimer Dreieck und 0.5 km vor AD Mainspitz-Dreieck  Sperrung der A60 bei Königstädten – Grundhafte Fahrbahnerneuerung zwischen dem Rüsselsheimer Dreieck und dem Mainspitz Dreieck. Die Niederlassung West der Autobahn GmbH erneuert zwischen dem Rüsselsheimer Dreieck (30) und dem Mainspitz Dreieck (26) die Fahrbahn. Von Donnerstagmorgen (24. April) bis Mitte Juli wird die Anschlussstelle (AS) Königstädten (29) in Fahrtrichtung (FR) Mainz sowie in FR Rüsselsheimer Dreieck gesperrt. Umleitungsmöglichkeiten sind ausgeschildert: • Ausfahrt FR Mainz: Umleitung via AS Rüsselsheim-Mitte • Einfahrt FR Mainz: innerstädtische Umleitung zur AS Rüsselsheim-Mitte (Adam-Opel-Straße / Kurt-Schumacher-Ring), von Nauheim kommend via L3482 zur AS Bischofsheim • Einfahrt FR Darmstadt: innerstädtische Umleitung zur AS Rüsselsheim-Mitte (Adam-Opel-Straße / Kurt-Schumacher-Ring) Die Autobahn GmbH bittet alle Verkehrsteilnehmer um Verständnis für die unvermeidlichen Verkehrsbehinderungen, die durch die Arbeiten entstehen.",49.9774573994474,8.45464634678731
"A61","undefined--vi-avl.2025-05-21_01-22-00-000.f_002.de0","50.4489392942163,7.229412746816195,50.43346238644371,7.224153003280692","50.4489392942163,7.229412746816195","WARNING","A61 | Niederzissen - Wehr"," Mönchengladbach -> Koblenz",0,"SLOW_TRAFFIC","61.20000076293945",2025-05-21,"Beginn: 21.05.25 um 01:22 Uhr  Angespannte Verkehrslage, seit 21.05.2025, 01:22 A61: Mönchengladbach -> Koblenz, zwischen 2.2 km hinter AS Niederzissen und 2.9 km vor AS Wehr  Langsamer Verkehr Reisezeitverlust: 0 Minuten Durchschnittsgeschwindigkeit: 61 km/h",50.4489392942163,7.22941274681619
"A64","undefined--vi-avl.2025-05-21_01-19-30-000.f.de0","49.75659933512285,6.57232679013607,49.76491123950585,6.585111793506906","49.75659933512285,6.57232679013607","WARNING","A64 | Sauertalbrücke - Trier"," Luxemburg -> Trier",0,"SLOW_TRAFFIC","60.29999923706055",2025-05-21,"Beginn: 21.05.25 um 01:19 Uhr  Angespannte Verkehrslage, seit 21.05.2025, 01:19 A64: Luxemburg -> Trier, zwischen 5.9 km hinter Sauertalbrücke und 1.5 km vor AS Trier  Langsamer Verkehr Reisezeitverlust: 0 Minuten Durchschnittsgeschwindigkeit: 60 km/h",49.7565993351228,6.57232679013607
"A64","undefined--vi-avl.2025-05-21_01-03-30-000.f_003.de0","49.786085127680785,6.6422896048579965,49.79020932058812,6.646868211249463","49.786085127680785,6.6422896048579965","WARNING","A64 | Trier - Anschluss B52-Trier"," Luxemburg -> Trier",0,"SLOW_TRAFFIC","27.299999237060547",2025-05-21,"Beginn: 21.05.25 um 01:03 Uhr  Angespannte Verkehrslage, seit 21.05.2025, 01:03 A64: Luxemburg -> Trier, zwischen 3.3 km hinter AS Trier und 1.0 km vor Anschluss B52-Trier  Langsamer Verkehr Reisezeitverlust: 0 Minuten Durchschnittsgeschwindigkeit: 27 km/h",49.7860851276808,6.642289604858
"A72","undefined--vi-hind.2025-05-21_01-09-00-000.f_001.de0","50.38564418879305,11.96875455245446,50.43547630093932,12.09220010002442","50.38564418879305,11.96875455245446","WARNING","A72 | Hochfranken - Vogtland Süd"," Hof -> Plauen",NA,NA,NA,2025-05-21,"Beginn: 21.05.25 um 01:09 Uhr  Hindernis, seit 21.05.2025, 01:09 A72: Hof -> Plauen, zwischen 0.5 km hinter AD Hochfranken und 2.9 km vor Vogtland Süd  Gefahr durch Gegenstände auf der Fahrbahn",50.3856441887931,11.9687545524545
"A73","undefined--vi-avl.2025-05-21_01-22-30-000.f_001.de0","49.845308336059915,10.99624511719449,49.82609160094188,11.008564700003278","49.845308336059915,10.99624511719449","WARNING","A73 | Bamberg-Süd - Hirschaid"," Bamberg -> Nürnberg",1,"SLOW_TRAFFIC","64.5",2025-05-21,"Beginn: 21.05.25 um 01:22 Uhr  Angespannte Verkehrslage, seit 21.05.2025, 01:22 A73: Bamberg -> Nürnberg, zwischen 4.3 km hinter AS Bamberg-Süd und 0.2 km vor AS Hirschaid  Langsamer Verkehr Reisezeitverlust: 1 Minuten Durchschnittsgeschwindigkeit: 64 km/h",49.8453083360599,10.9962451171945
"A96","undefined--vi-avl.2025-05-21_01-20-30-000.f_003.de0","47.570963525206,9.735733704158893,47.579214870500756,9.735204022028256","47.570963525206,9.735733704158893","WARNING","A96 | Lindau - Weißensberg"," Bregenz -> München",1,"QUEUING_TRAFFIC","36.900001525878906",2025-05-21,"Beginn: 21.05.25 um 01:20 Uhr  Angespannte Verkehrslage, seit 21.05.2025, 01:20 A96: Bregenz -> München, zwischen 3.2 km hinter AS Lindau und 1.6 km vor AS Weißensberg  Stockender Verkehr Reisezeitverlust: 1 Minuten Durchschnittsgeschwindigkeit: 36 km/h",47.570963525206,9.73573370415889
"A96","undefined--vi-zus.2025-05-21_01-10-30-000.f_001.de0","47.93311110094795,10.09547160000036,47.92195652005872,10.07924884318404","47.93311110094795,10.09547160000036","WARNING","A96 | Aitrach - Aichstetten"," München -> Lindau",0,"SLOW_TRAFFIC","77.5",2025-05-21,"Beginn: 21.05.25 um 01:10 Uhr  Zusammengesetzte Verkehrsinformation, seit 21.05.2025, 01:10 A96: München -> Lindau, zwischen 0.1 km hinter AS Aitrach und 5.3 km vor AS Aichstetten  Langsamer Verkehr Reisezeitverlust: 0 Minuten Durchschnittsgeschwindigkeit: 77 km/h",47.9331111009479,10.0954716000004
"A96","undefined--vi-zus.2025-05-05_23-21-00-000.f.de0","48.029334951696036,10.464231760023,48.032507613258616,10.445182045778411","48.029334951696036,10.464231760023","WARNING","A96 | Mindelheim - Stetten"," München -> Lindau",NA,NA,NA,2025-05-05,"Beginn: 05.05.25 um 23:21 Uhr  Zusammengesetzte Verkehrsinformation, seit 05.05.2025, 23:21 A96: München -> Lindau, zwischen 3.6 km hinter AS Mindelheim und 0.3 km vor AS Stetten  A96, Lindau - München, in beiden Richtungen, zwischen Anschlussstelle Stetten und Anschlussstelle Mindelheim, Brückenarbeiten, von 05.05.2025 bis 30.10.2025",48.029334951696,10.464231760023
"A96","undefined--vi-avl.2025-05-21_00-31-30-000.f_001.de0","48.03138689897246,10.662387974068002,48.02645726394415,10.685003922986219","48.03138689897246,10.662387974068002","WARNING","A96 | Wertachtal - Buchloe-West"," Lindau -> München",0,"SLOW_TRAFFIC","62.599998474121094",2025-05-21,"Beginn: 21.05.25 um 00:31 Uhr  Angespannte Verkehrslage, seit 21.05.2025, 00:31 A96: Lindau -> München, zwischen 0.5 km hinter Wertachtal und 1.9 km vor AS Buchloe-West  Langsamer Verkehr Reisezeitverlust: 0 Minuten Durchschnittsgeschwindigkeit: 62 km/h",48.0313868989725,10.662387974068
"A96","undefined--vi-avl.2025-05-21_00-27-00-000.f.de0","48.04063692816085,10.630919979352313,48.04094343292488,10.605971424765485","48.04063692816085,10.630919979352313","WARNING","A96 | Wertachtal - Mindelheim"," München -> Lindau",1,"SLOW_TRAFFIC","61.5",2025-05-21,"Beginn: 21.05.25 um 00:27 Uhr  Angespannte Verkehrslage, seit 21.05.2025, 00:27 A96: München -> Lindau, zwischen 2.0 km hinter Wertachtal und 7.4 km vor AS Mindelheim  Langsamer Verkehr Reisezeitverlust: 1 Minuten Durchschnittsgeschwindigkeit: 61 km/h",48.0406369281609,10.6309199793523
"A99","undefined--vi-unf.2025-05-21_01-18-30-000.f.de0","48.20947621597154,11.490528962600118,48.22477360094727,11.53129610001101","48.20947621597154,11.490528962600118","WARNING","A99 | München-Ludwigsfeld - München-Feldmoching"," München-Süd-West -> München-Nord",NA,NA,NA,2025-05-21,"Beginn: 21.05.25 um 01:18 Uhr  Unfall, seit 21.05.2025, 01:18 A99: München-Süd-West -> München-Nord, zwischen 0.4 km hinter AS München-Ludwigsfeld und 0.8 km vor AD München-Feldmoching",48.2094762159715,11.4905289626001
"A113","undefined--vi-zus.2025-05-06_00-21-00-000.f_003.de0","52.43025717661688,13.505075428607936,52.42875800093087,13.509218300121121","52.43025717661688,13.505075428607936","WARNING","A113 | Stubenrauchstraße - Adlershof"," Neukölln -> Schönefeld",NA,NA,NA,2025-05-06,"Beginn: 06.05.25 um 00:21 Uhr  Zusammengesetzte Verkehrsinformation, seit 06.05.2025, 00:21 A113: Neukölln -> Schönefeld, zwischen 0.6 km hinter AS Stubenrauchstraße und 0.3 km vor AS Adlershof  A113 Autobahnzubringer Dresden, Neukölln Richtung Schönefeld
zwischen Stubenrauchstraße und Tunnel Rudower Höhe
linker Fahrstreifen gesperrt, Bauarbeiten, bis voraussichtlich 20.06.2025",52.4302571766169,13.5050754286079
"A115","undefined--vi-zus.2024-10-09_07-09-40-000.f_531.de0","52.40027056808641,13.185163736426698,52.44227384698058,13.202709435405149","52.40027056808641,13.185163736426698","WARNING","A115 | Am Stern - Hüttenweg"," Dreieck Nuthetal -> Dreieck Funkturm",NA,NA,NA,2024-10-09,"Beginn: 09.10.24 um 07:09 Uhr  Zusammengesetzte Verkehrsinformation, seit 09.10.2024, 07:09 A115: Dreieck Nuthetal -> Dreieck Funkturm, zwischen 2.9 km hinter Am Stern und 3.8 km vor AS Hüttenweg  A115 Autobahnzubringer Magdeburg, Dreieck Nuthetal Richtung Dreieck Funkturm, zwischen Anschlussstelle Kleinmachnow und Anschlussstelle Spanische Allee, Baustelle, bis 31.10.2026 17:00 Uhr",52.4002705680864,13.1851637364267
"A565","undefined--vi-avl.2025-05-21_00-08-00-000.f.de0","50.72458559269574,7.0826640231274425,50.72843010795952,7.079773037836725","50.72458559269574,7.0826640231274425","WARNING","A565 | Bonn-Poppelsdorf - Bonn-Endenich"," Meckenheim -> Bonn",4,"STATIONARY_TRAFFIC","6.699999809265137",2025-05-21,"Beginn: 21.05.25 um 00:08 Uhr  Angespannte Verkehrslage, seit 21.05.2025, 00:08 A565: Meckenheim -> Bonn, zwischen AS Bonn-Poppelsdorf und 0.2 km vor AS Bonn-Endenich  Im Stillstand Reisezeitverlust: 4 Minuten Durchschnittsgeschwindigkeit: 6 km/h",50.7245855926957,7.08266402312744
"A565","undefined--vi-avl.2025-05-21_01-07-30-000.f_003.de0","50.72458559269574,7.0826640231274425,50.72458559269574,7.0826640231274425","50.72458559269574,7.0826640231274425","WARNING","A565 | Bonn-Endenich - Bonn-Endenich"," Meckenheim -> Bonn",NA,"STATIONARY_TRAFFIC","4",2025-05-21,"Beginn: 21.05.25 um 01:22 Uhr  Angespannte Verkehrslage, seit 21.05.2025, 01:22 A565: Meckenheim -> Bonn, 0.7 km vor AS Bonn-Endenich, aus Richtung Bonn-Poppelsdorf  Im Stillstand Durchschnittsgeschwindigkeit: 4 km/h",50.7245855926957,7.08266402312744
"A831","undefined--vi-avl.2025-05-21_01-22-30-000.f.de0","48.72491993526419,9.065483543557868,48.72491993526419,9.065483543557868","48.72491993526419,9.065483543557868","WARNING","Baustelle","",NA,"STATIONARY_TRAFFIC","3",2025-05-21,"Beginn: 21.05.25 um 01:22 Uhr  Angespannte Verkehrslage, seit 21.05.2025, 01:22 A831 N  Im Stillstand Durchschnittsgeschwindigkeit: 3 km/h",48.7249199352642,9.06548354355787
"A831","undefined--vi-avl.2025-05-21_01-22-30-000.f_002.de0","48.72491993526419,9.065483543557868,48.72688463270809,9.069913143012158","48.72491993526419,9.065483543557868","WARNING","Baustelle"," km 11.01 nach A831",4,"STATIONARY_TRAFFIC","5.400000095367432",2025-05-21,"Beginn: 21.05.25 um 01:22 Uhr  Angespannte Verkehrslage, seit 21.05.2025, 01:22 Von A831: km 11.01 nach A831: km 11.01  Im Stillstand Reisezeitverlust: 4 Minuten Durchschnittsgeschwindigkeit: 5 km/h",48.7249199352642,9.06548354355787
