"road","identifier","extent","point","display_type","title","subtitle","delay_minutes","abnormalTrafficType","averageSpeed","startTimestamp","description","latitude","longitude"
"A1","undefined--vi-hind.2025-05-19_19-54-00-000.f_007.de0","50.67331588614863,6.735201692610461,50.65047740093807,6.722068199994528","50.67331588614863,6.735201692610461","WARNING","A1 | Euskirchen - Wißkirchen"," Köln -> Blankenheim",NA,NA,NA,2025-05-19,"Beginn: 19.05.25 um 19:54 Uhr  Fahrzeug-Hindernis, seit 19.05.2025, 19:54 A1: Köln -> Blankenheim, zwischen 0.7 km hinter AS Euskirchen und 0.3 km vor AS Wißkirchen",50.6733158861486,6.73520169261046
"A1","undefined--vi-hind.2025-05-19_21-40-30-000.f.de0","51.055420656926394,7.052888340799862,51.05625241443639,7.055672429546339","51.055420656926394,7.052888340799862","WARNING","A1 | Leverkusen - Burscheid"," Köln -> Dortmund",NA,NA,NA,2025-05-19,"Beginn: 19.05.25 um 21:40 Uhr  Fahrzeug-Hindernis, seit 19.05.2025, 21:40 A1: Köln -> Dortmund, zwischen 3.5 km hinter AK Leverkusen und 6.3 km vor AS Burscheid Gefahr durch ein defektes Fahrzeug auf der Fahrbahn",51.0554206569264,7.05288834079986
"A1","undefined--vi-avl.2025-05-19_19-31-30-000.f_005.de0","53.02342395081075,8.805915266858708,53.02653644791913,8.852947726744153","53.02342395081075,8.805915266858708","WARNING","A1 | Bremen/Brinkum - Bremen-Arsten"," Osnabrück -> Bremen",8,"STATIONARY_TRAFFIC","19.600000381469727",2025-05-19,"Beginn: 19.05.25 um 19:31 Uhr  Angespannte Verkehrslage, seit 19.05.2025, 19:31 A1: Osnabrück -> Bremen, zwischen 0.2 km hinter AS Bremen/Brinkum und 0.5 km vor AS Bremen-Arsten  Im Stillstand Reisezeitverlust: 8 Minuten Durchschnittsgeschwindigkeit: 19 km/h",53.0234239508108,8.80591526685871
"A1","undefined--vi-avl.2025-05-19_21-17-30-000.f_003.de0","53.02341564306273,8.805751849180586,53.02341564306273,8.805751849180586","53.02341564306273,8.805751849180586","WARNING","A1 | Krummhörens Kuhlen - Krummhörens Kuhlen"," Osnabrück -> Bremen",NA,"STATIONARY_TRAFFIC","20",2025-05-19,"Beginn: 19.05.25 um 22:01 Uhr  Angespannte Verkehrslage, seit 19.05.2025, 22:01 A1: Osnabrück -> Bremen, 1.3 km vor Krummhörens Kuhlen, aus Richtung Bremen/Brinkum  Im Stillstand Durchschnittsgeschwindigkeit: 20 km/h",53.0234156430627,8.80575184918059
"A1","undefined--vi-hind.2025-05-19_21-12-30-000.f_005.de0","53.08131020875077,9.158617753388699,53.052675786761206,9.033080445440682","53.08131020875077,9.158617753388699","WARNING","A1 | Grundbergsee - Oyten"," Hamburg -> Bremen",NA,NA,NA,2025-05-19,"Beginn: 19.05.25 um 21:12 Uhr  Hindernis, seit 19.05.2025, 21:12 A1: Hamburg -> Bremen, zwischen 1.8 km hinter Grundbergsee und 0.2 km vor AS Oyten  Gefahr durch Gegenstände auf der Fahrbahn",53.0813102087508,9.1586177533887
"A2","undefined--vi-avl.2025-05-19_20-00-00-000.f.de0","51.538697305853496,6.845984318841129,51.5389081497909,6.866825447097448","51.538697305853496,6.845984318841129","WARNING","A2 | Oberhausen - Oberhausen-Königshardt"," Oberhausen -> Dortmund",2,"STATIONARY_TRAFFIC","22.700000762939453",2025-05-19,"Beginn: 19.05.25 um 20:00 Uhr  Angespannte Verkehrslage, seit 19.05.2025, 20:00 A2: Oberhausen -> Dortmund, zwischen 0.8 km hinter AK Oberhausen und 0.2 km vor AS Oberhausen-Königshardt  Im Stillstand Reisezeitverlust: 2 Minuten Durchschnittsgeschwindigkeit: 22 km/h",51.5386973058535,6.84598431884113
"A2","undefined--vi-avl.2025-05-19_20-00-30-000.f_003.de0","51.538697305853496,6.845984318841129,51.538697305853496,6.845984318841129","51.538697305853496,6.845984318841129","WARNING","A2 | Oberhausen-Königshardt - Oberhausen-Königshardt"," Oberhausen -> Dortmund",NA,"STATIONARY_TRAFFIC","10",2025-05-19,"Beginn: 19.05.25 um 22:01 Uhr  Angespannte Verkehrslage, seit 19.05.2025, 22:01 A2: Oberhausen -> Dortmund, 1.6 km vor AS Oberhausen-Königshardt, aus Richtung Oberhausen  Im Stillstand Durchschnittsgeschwindigkeit: 10 km/h",51.5386973058535,6.84598431884113
"A2","undefined--vi-hind.2025-05-19_20-28-00-000.f_007.de0","51.578676000932944,7.505967199998997,51.57855901402244,7.5088034970347515","51.578676000932944,7.505967199998997","WARNING","A2 | Dortmund-Nordost - Dortmund-Lanstrop"," Dortmund -> Hannover",NA,NA,NA,2025-05-19,"Beginn: 19.05.25 um 20:28 Uhr  Fahrzeug-Hindernis, seit 19.05.2025, 20:28 A2: Dortmund -> Hannover, zwischen 0.8 km hinter AS Dortmund-Nordost und 2.7 km vor AS Dortmund-Lanstrop Gefahr durch ein defektes Fahrzeug auf der Fahrbahn",51.5786760009329,7.505967199999
"A2","undefined--vi-hind.2025-05-19_21-16-02-000.f_005.de0","52.32809525098321,10.460811212845535,52.32868281851172,10.4583347536158","52.32809525098321,10.460811212845535","WARNING","A2 | Braunschweig-Hafen - Braunschweig-Watenbüttel"," Braunschweig -> Hannover",NA,NA,NA,2025-05-19,"Beginn: 19.05.25 um 21:16 Uhr  Fahrzeug-Hindernis, seit 19.05.2025, 21:16 A2: Braunschweig -> Hannover, zwischen 0.8 km hinter AS Braunschweig-Hafen und 2.4 km vor AS Braunschweig-Watenbüttel Gefahr durch ein defektes Fahrzeug auf der Fahrbahn",52.3280952509832,10.4608112128455
"A3","undefined--vi-avl.2025-05-19_20-36-00-000.f_002.de0","48.53171315820947,13.400019018018792,48.5457681642275,13.39790650908849","48.53171315820947,13.400019018018792","WARNING","A3 | Rottal-Ost - Hammerbach"," Linz -> Nürnberg",0,"SLOW_TRAFFIC","62",2025-05-19,"Beginn: 19.05.25 um 20:36 Uhr  Angespannte Verkehrslage, seit 19.05.2025, 20:36 A3: Linz -> Nürnberg, zwischen 8.5 km hinter Rottal-Ost und 1.7 km vor Hammerbach  Langsamer Verkehr Reisezeitverlust: 0 Minuten Durchschnittsgeschwindigkeit: 62 km/h",48.5317131582095,13.4000190180188
"A3","undefined--vi-avl.2025-05-19_21-33-00-000.f.de0","48.77868643818949,13.026638457608101,48.78853523646746,13.00993189462108","48.77868643818949,13.026638457608101","WARNING","A3 | Hengersberg - Isarblick"," Passau -> Nürnberg",0,"SLOW_TRAFFIC","64.5999984741211",2025-05-19,"Beginn: 19.05.25 um 21:33 Uhr  Angespannte Verkehrslage, seit 19.05.2025, 21:33 A3: Passau -> Nürnberg, zwischen 1.4 km hinter AS Hengersberg und 2.9 km vor Isarblick  Langsamer Verkehr Reisezeitverlust: 0 Minuten Durchschnittsgeschwindigkeit: 64 km/h",48.7786864381895,13.0266384576081
"A3","undefined--vi-hind.2025-05-19_20-18-30-000.f_004.de0","49.380533400943676,11.343884400006912,49.361355500943716,11.425877200008168","49.380533400943676,11.343884400006912","WARNING","A3 | Altdorf/Burgthann - Eichenäcker"," Nürnberg -> Passau",NA,NA,NA,2025-05-19,"Beginn: 19.05.25 um 20:18 Uhr  Hindernis, seit 19.05.2025, 20:18 A3: Nürnberg -> Passau, zwischen 0.3 km hinter AS Altdorf/Burgthann und 1.0 km vor Eichenäcker  Gefahr durch Gegenstände auf der Fahrbahn",49.3805334009437,11.3438844000069
"A3","undefined--vi-hind.2025-05-19_21-17-00-000.f_002.de0","49.53584951350884,11.039071192889226,49.501380209361976,11.129243728635945","49.53584951350884,11.039071192889226","WARNING","A3 | Erlangen-Tennenlohe - Nürnberg-Nord"," Würzburg -> Nürnberg",NA,NA,NA,2025-05-19,"Beginn: 19.05.25 um 21:17 Uhr  Fahrzeug-Hindernis, seit 19.05.2025, 21:17 A3: Würzburg -> Nürnberg, zwischen 0.7 km hinter AS Erlangen-Tennenlohe und 0.4 km vor AS Nürnberg-Nord Gefahr durch ein defektes Fahrzeug auf der Fahrbahn",49.5358495135088,11.0390711928892
"A3","undefined--vi-hind.2025-05-19_21-41-00-000.f_001.de0","49.78133200094207,10.214134600000515,49.775000168533836,10.341546909847363","49.78133200094207,10.214134600000515","WARNING","A3 | Kitzingen/Schwarzach - Wiesentheid"," Würzburg -> Nürnberg",NA,NA,NA,2025-05-19,"Beginn: 19.05.25 um 21:41 Uhr  Fahrzeug-Hindernis, seit 19.05.2025, 21:41 A3: Würzburg -> Nürnberg, zwischen 0.4 km hinter AS Kitzingen/Schwarzach und 0.3 km vor AS Wiesentheid",49.7813320009421,10.2141346000005
"A3","undefined--vi-hind.2025-05-19_20-35-00-000.f_003.de0","49.81807230094192,9.557897500000147,49.76987810094211,9.58305290000015","49.81807230094192,9.557897500000147","WARNING","A3 | Kohlsberg - Fronberg"," Frankfurt -> Würzburg",NA,NA,NA,2025-05-19,"Beginn: 19.05.25 um 20:35 Uhr  Hindernis, seit 19.05.2025, 20:35 A3: Frankfurt -> Würzburg, zwischen 3.5 km hinter Kohlsberg und 9.9 km vor Fronberg  Gefahr durch Personen auf der Fahrbahn",49.8180723009419,9.55789750000015
"A3","undefined--vi-hind.2025-05-19_19-02-05-000.f_009.de0","49.93618220094141,9.347012000000095,49.93587303761145,9.347237728894852","49.93618220094141,9.347012000000095","WARNING","A3 | Weibersbrunn - Rohrbrunn"," Frankfurt -> Würzburg",NA,NA,NA,2025-05-19,"Beginn: 19.05.25 um 19:02 Uhr  Fahrzeug-Hindernis, seit 19.05.2025, 19:02 A3: Frankfurt -> Würzburg, zwischen 0.3 km hinter AS Weibersbrunn und 5.4 km vor AS Rohrbrunn Gefahr durch ein defektes Fahrzeug auf der Fahrbahn",49.9361822009414,9.3470120000001
"A3","undefined--vi-avl.2025-05-19_20-37-30-000.f_002.de0","51.04174117301419,7.00727594801669,51.04174117301419,7.00727594801669","51.04174117301419,7.00727594801669","WARNING","A3 | Leverkusen-Zentrum - Leverkusen-Zentrum"," Oberhausen -> Köln",NA,"STATIONARY_TRAFFIC","14",2025-05-19,"Beginn: 19.05.25 um 22:01 Uhr  Angespannte Verkehrslage, seit 19.05.2025, 22:01 A3: Oberhausen -> Köln, 2.0 km vor AS Leverkusen-Zentrum, aus Richtung Leverkusen  Im Stillstand Durchschnittsgeschwindigkeit: 14 km/h",51.0417411730142,7.00727594801669
"A3","undefined--vi-zus.2025-05-19_20-35-30-000.f_001.de0","51.041646762524174,7.007322640605228,51.03136577542134,7.0097834345433965","51.041646762524174,7.007322640605228","WARNING","A3 | Leverkusen - Leverkusen-Zentrum"," Oberhausen -> Köln",2,"STATIONARY_TRAFFIC","20.299999237060547",2025-05-19,"Beginn: 19.05.25 um 20:35 Uhr  Zusammengesetzte Verkehrsinformation, seit 19.05.2025, 20:35 A3: Oberhausen -> Köln, zwischen AK Leverkusen und 0.8 km vor AS Leverkusen-Zentrum  Gefahr durch eine ungesicherte Unfallstelle  Im Stillstand Reisezeitverlust: 2 Minuten Durchschnittsgeschwindigkeit: 20 km/h",51.0416467625242,7.00732264060523
"A3","undefined--vi-hind.2025-05-19_20-36-00-000.f_003.de0","51.03506290106329,7.009007159834092,51.02508757451233,7.011214804424841","51.03506290106329,7.009007159834092","WARNING","A3 | Leverkusen - Leverkusen-Zentrum"," Oberhausen -> Köln",NA,NA,NA,2025-05-19,"Beginn: 19.05.25 um 20:36 Uhr  Hindernis, seit 19.05.2025, 20:36 A3: Oberhausen -> Köln, zwischen 0.8 km hinter AK Leverkusen und 0.1 km vor AS Leverkusen-Zentrum  Gefahr durch eine ungesicherte Unfallstelle",51.0350629010633,7.00900715983409
"A4","undefined--vi-zus.2025-05-19_20-52-30-000.f_003.de0","50.90686020093674,6.998990199996974,50.887143669159386,6.9731587626731715","50.90686020093674,6.998990199996974","WARNING","A4 | Köln-Poll - Köln-Süd"," Köln -> Heerlen/Aachen",NA,NA,NA,2025-05-19,"Beginn: 19.05.25 um 20:52 Uhr  Zusammengesetzte Verkehrsinformation, seit 19.05.2025, 20:52 A4: Köln -> Heerlen/Aachen, zwischen 0.5 km hinter AS Köln-Poll und 0.4 km vor AK Köln-Süd  Gefahr durch Personen auf der Fahrbahn  Gefahr durch ein defektes Fahrzeugs auf der Fahrbahn  A4 Köln Richtung Heerlen/Aachen zwischen Köln-Poll und Kreuz Köln-Süd Gefahr durch liegengebliebenes Fahrzeug auf dem rechten Fahrstreifen, Gefahr durch Personen auf der Fahrbahn",50.9068602009367,6.99899019999697
"A4","undefined--vi-zus.2025-05-19_11-40-25-000.f_015.de0","51.18099831276574,15.008285421001823,51.18787584769917,14.986318299176782","51.18099831276574,15.008285421001823","WARNING","A4 | Ludwigsdorf - Görlitz"," Görlitz -> Dresden",5,"QUEUING_TRAFFIC","12.600000381469727",2025-05-19,"Beginn: 19.05.25 um 11:40 Uhr  Zusammengesetzte Verkehrsinformation, seit 19.05.2025, 11:40 A4: Görlitz -> Dresden, zwischen Ludwigsdorf und 1.9 km vor AS Görlitz  Stockender Verkehr Reisezeitverlust: 5 Minuten Durchschnittsgeschwindigkeit: 12 km/h",51.1809983127657,15.0082854210018
"A5","undefined--vi-zus.2025-05-19_21-34-30-000.f.de0","47.78045110094827,7.535984399999068,47.80626969016937,7.547531103671859","47.78045110094827,7.535984399999068","WARNING","A5 | Neuenburg - Müllheim/Neuenburg"," Basel -> Karlsruhe",39,"STATIONARY_TRAFFIC","4.400000095367432",2025-05-19,"Beginn: 19.05.25 um 21:34 Uhr  Zusammengesetzte Verkehrsinformation, seit 19.05.2025, 21:34 A5: Basel -> Karlsruhe, zwischen 0.4 km hinter AD Neuenburg und 0.9 km vor AS Müllheim/Neuenburg  Im Stillstand Reisezeitverlust: 39 Minuten Durchschnittsgeschwindigkeit: 4 km/h",47.7804511009483,7.53598439999907
"A5","undefined--vi-avl.2025-05-19_21-34-30-000.f_001.de0","47.78045110094827,7.535984399999068,47.78045110094827,7.535984399999068","47.78045110094827,7.535984399999068","WARNING","A5 | Blauenblick - Blauenblick"," Basel -> Karlsruhe",NA,"STATIONARY_TRAFFIC","3",2025-05-19,"Beginn: 19.05.25 um 21:54 Uhr  Angespannte Verkehrslage, seit 19.05.2025, 21:54 A5: Basel -> Karlsruhe, 0.9 km vor Blauenblick, aus Richtung Neuenburg  Im Stillstand Durchschnittsgeschwindigkeit: 3 km/h",47.7804511009483,7.53598439999907
"A5","undefined--vi-unf.2025-05-19_18-46-30-000.f_006.de0","47.80140093038569,7.544396486519179,47.81285692632834,7.55220978186707","47.80140093038569,7.544396486519179","WARNING","A5 | Weidengrien - Müllheim/Neuenburg"," Basel -> Karlsruhe",NA,NA,NA,2025-05-19,"Beginn: 19.05.25 um 18:46 Uhr  Unfall, seit 19.05.2025, 18:46 A5: Basel -> Karlsruhe, zwischen 1.3 km hinter Weidengrien und 0.1 km vor AS Müllheim/Neuenburg",47.8014009303857,7.54439648651918
"A6","undefined--vi-zus.2025-05-19_21-54-30-000.f_001.de0","49.278358696969235,7.177252770134518,49.30702530094391,7.251279199998161","49.278358696969235,7.177252770134518","WARNING","A6 | Am Kahlenberg - Neunkirchen"," Metz/Saarbrücken -> Kaiserslautern",NA,NA,NA,2025-05-19,"Beginn: 19.05.25 um 21:54 Uhr  Zusammengesetzte Verkehrsinformation, seit 19.05.2025, 21:54 A6: Metz/Saarbrücken -> Kaiserslautern, zwischen 1.6 km hinter Am Kahlenberg und 0.4 km vor AK Neunkirchen  Gefahr durch Personen auf der Fahrbahn  Gefahr durch ein defektes Fahrzeugs auf der Fahrbahn  A6 Metz/Saarbrücken Richtung Kaiserslautern zwischen Rohrbach und Kreuz Neunkirchen Gefahr durch defekten PKW auf dem Standstreifen, Personen auf dem Standstreifen",49.2783586969692,7.17725277013452
"A6","undefined--vi-unf.2025-05-19_17-53-40-000.f_008.de0","49.3386096009438,7.294529899998337,49.37161520094368,7.368636399998608","49.3386096009438,7.294529899998337","WARNING","A6 | Neunkirchen - Waldmohr"," Metz/Saarbrücken -> Kaiserslautern",NA,NA,NA,2025-05-19,"Beginn: 19.05.25 um 17:53 Uhr  Unfall, seit 19.05.2025, 17:53 A6: Metz/Saarbrücken -> Kaiserslautern, zwischen 4.3 km hinter AK Neunkirchen und 0.5 km vor Waldmohr",49.3386096009438,7.29452989999834
"A7","undefined--vi-zus.2025-05-19_21-23-30-000.f.de0","47.572965577642115,10.660922982282756,47.57538933115995,10.661761037364318","47.572965577642115,10.660922982282756","WARNING","A7 | Grenztunnel Füssen - Reinertshofertunnel"," Füssen/Reutte -> Ulm",1,"STATIONARY_TRAFFIC","8.800000190734863",2025-05-19,"Beginn: 19.05.25 um 21:23 Uhr  Zusammengesetzte Verkehrsinformation, seit 19.05.2025, 21:23 A7: Füssen/Reutte -> Ulm, zwischen 1.6 km hinter Grenztunnel Füssen und 2.9 km vor Reinertshofertunnel  Im Stillstand Reisezeitverlust: 1 Minuten Durchschnittsgeschwindigkeit: 8 km/h",47.5729655776421,10.6609229822828
"A7","undefined--vi-zus.2025-05-13_04-57-00-000.f_002.de0","47.595412441892016,10.656244234565428,47.62855194383104,10.58197876986764","47.595412441892016,10.656244234565428","WARNING","A7 | Füssen - Nesselwang"," Füssen/Reutte -> Ulm",NA,NA,NA,2025-05-13,"Beginn: 13.05.25 um 04:57 Uhr  Zusammengesetzte Verkehrsinformation, seit 13.05.2025, 04:57 A7: Füssen/Reutte -> Ulm, zwischen 2.5 km hinter AS Füssen und 4.4 km vor AS Nesselwang  A7 Füssen/Reutte Richtung Ulm zwischen Reinertshoftunnel und Nesselwang Verkehr wird über die Gegenfahrbahn geleitet, Baustelle, von 16.05.2025 05:00 Uhr bis 18.07.2025 15:00 Uhr",47.595412441892,10.6562442345654
"A7","undefined--vi-zus.2025-05-19_21-47-00-000.f.de0","50.22922324058496,9.892082066990634,50.24869078295347,9.875138274672011","50.22922324058496,9.892082066990634","WARNING","A7 | Seifertsholz - Rhön"," Würzburg -> Fulda",6,"STATIONARY_TRAFFIC","21.299999237060547",2025-05-19,"Beginn: 19.05.25 um 21:47 Uhr  Zusammengesetzte Verkehrsinformation, seit 19.05.2025, 21:47 A7: Würzburg -> Fulda, zwischen 2.7 km hinter Seifertsholz und 1.9 km vor Rhön  Im Stillstand Reisezeitverlust: 6 Minuten Durchschnittsgeschwindigkeit: 21 km/h",50.229223240585,9.89208206699063
"A7","undefined--vi-avl.2025-05-19_21-50-30-000.f_001.de0","50.229236396379335,9.892062946633379,50.229236396379335,9.892062946633379","50.229236396379335,9.892062946633379","WARNING","A7 | Bornhag - Bornhag"," Würzburg -> Fulda",NA,"STATIONARY_TRAFFIC","21",2025-05-19,"Beginn: 19.05.25 um 22:01 Uhr  Angespannte Verkehrslage, seit 19.05.2025, 22:01 A7: Würzburg -> Fulda, in Höhe Bornhag, aus Richtung Seifertsholz  Im Stillstand Durchschnittsgeschwindigkeit: 21 km/h",50.2292363963793,9.89206294663338
"A7","undefined--vi-zus.2025-05-19_21-45-30-000.f_002.de0","50.24246118925683,9.87416287312733,50.25490635496167,9.88012446472483","50.24246118925683,9.87416287312733","WARNING","A7 | Veitsbrunn - Rhön"," Würzburg -> Fulda",NA,NA,NA,2025-05-19,"Beginn: 19.05.25 um 21:45 Uhr  Zusammengesetzte Verkehrsinformation, seit 19.05.2025, 21:45 A7: Würzburg -> Fulda, zwischen 0.3 km hinter Veitsbrunn und 1.1 km vor Rhön  A7 Würzburg Richtung Fulda
zwischen Bad Kissingen/Oberthulba und Bad Brückenau/Wildflecken
Gefahr durch 1 brennendes Fahrzeug, Gasse für Rettungs- und Einsatzfahrzeuge bilden, Polizei und Kräfte zur Störungsbeseitigung sind unterwegs",50.2424611892568,9.87416287312733
"A7","undefined--vi-hind.2025-05-19_21-45-30-000.f.de0","51.11367060731468,9.484299864755064,51.112167785788955,9.483817752800693","51.11367060731468,9.484299864755064","WARNING","A7 | Melsungen - Malsfeld"," Kassel -> Fulda",NA,NA,NA,2025-05-19,"Beginn: 19.05.25 um 21:45 Uhr  Fahrzeug-Hindernis, seit 19.05.2025, 21:45 A7: Kassel -> Fulda, zwischen 1.3 km hinter AS Melsungen und 2.7 km vor AS Malsfeld Gefahr durch ein defektes Fahrzeug auf der Fahrbahn",51.1136706073147,9.48429986475506
"A7","undefined--vi-hind.2025-05-19_18-37-50-000.f_007.de0","51.62995586638154,9.919160032779399,51.700829805128095,9.938183272438987","51.62995586638154,9.919160032779399","WARNING","A7 | Nörten-Hardenberg - Schlochau"," Kassel -> Hannover",NA,NA,NA,2025-05-19,"Beginn: 19.05.25 um 18:37 Uhr  Fahrzeug-Hindernis, seit 19.05.2025, 18:37 A7: Kassel -> Hannover, zwischen 0.1 km hinter AS Nörten-Hardenberg und 1.8 km vor Schlochau",51.6299558663815,9.9191600327794
"A7","undefined--vi-zus.2025-03-31_00-40-00-000.f_018.de0","53.579141433849884,9.913430072127355,53.55636870091902,9.897540700000414","53.579141433849884,9.913430072127355","WARNING","A7 | Hamburg-Volkspark - Elbtunnel (Nordportal)"," Flensburg -> Hamburg",NA,NA,NA,2025-03-31,"Beginn: 31.03.25 um 00:40 Uhr  Zusammengesetzte Verkehrsinformation, seit 31.03.2025, 00:40 A7: Flensburg -> Hamburg, zwischen 0.4 km hinter AS Hamburg-Volkspark und 0.9 km vor Elbtunnel (Nordportal)  A7 Flensburg Richtung Hamburg Ausfahrt Hamburg-Othmarschen Fahrbahnverengung, maximale Fahrbahnbreite von 4,50 m, Bauarbeiten, bis 29.09.2025",53.5791414338499,9.91343007212735
"A8","undefined--vi-zus.2025-03-26_17-59-56-000.f_013.de0","49.32575278791285,7.172731755291576,49.327350714671546,7.213275819282444","49.32575278791285,7.172731755291576","WARNING","A8 | Neunkirchen/Spiesen - Kohlhof"," Saarlouis -> Neunkirchen",NA,NA,NA,2025-03-26,"Beginn: 26.03.25 um 17:59 Uhr  Zusammengesetzte Verkehrsinformation, seit 26.03.2025, 17:59 A8: Saarlouis -> Neunkirchen, zwischen 1.5 km hinter AS Neunkirchen/Spiesen und 1.0 km vor Kohlhof  A8 Saarlouis - Neunkirchen zwischen Neunkirchen-Spiesen und Neunkirchen-Oberstadt in beiden Richtungen Bauarbeiten, bis voraussichtlich 01.06.2025",49.3257527879128,7.17273175529158
"A8","undefined--vi-zus.2025-05-14_09-26-56-000.f.de0","49.32628400979037,7.229641516813452,49.329166750017514,7.1882642393148934","49.32628400979037,7.229641516813452","WARNING","A8 | Neunkirchen-Wellesweiler - Neunkirchen/Spiesen"," Neunkirchen -> Saarlouis",NA,NA,NA,2025-05-14,"Beginn: 14.05.25 um 09:26 Uhr  Zusammengesetzte Verkehrsinformation, seit 14.05.2025, 09:26 A8: Neunkirchen -> Saarlouis, zwischen 0.4 km hinter AS Neunkirchen-Wellesweiler und 2.7 km vor AS Neunkirchen/Spiesen  A8 Saarlouis - Neunkirchen zwischen Neunkirchen-Spiesen und Neunkirchen-Oberstadt in beiden Richtungen Bauarbeiten, bis voraussichtlich 01.06.2025",49.3262840097904,7.22964151681345
"A8","undefined--vi-avl.2025-05-19_19-55-03-000.f_003.de0","48.88158256939996,8.788009470671504,48.863909522004896,8.792882451483989","48.88158256939996,8.788009470671504","WARNING","A8 | Pforzheim - Heimsheim"," Karlsruhe -> Stuttgart",3,"STATIONARY_TRAFFIC","24.600000381469727",2025-05-19,"Beginn: 19.05.25 um 19:55 Uhr  Angespannte Verkehrslage, seit 19.05.2025, 19:55 A8: Karlsruhe -> Stuttgart, zwischen 3.2 km hinter Pforzheim und 7.3 km vor AS Heimsheim  Im Stillstand Reisezeitverlust: 3 Minuten Durchschnittsgeschwindigkeit: 24 km/h",48.8815825694,8.7880094706715
"A8","undefined--vi-avl.2025-05-19_20-02-30-000.f_002.de0","48.88158256939996,8.788009470671504,48.88158256939996,8.788009470671504","48.88158256939996,8.788009470671504","WARNING","A8 | Pforzheim-Süd - Pforzheim-Süd"," Karlsruhe -> Stuttgart",NA,"STATIONARY_TRAFFIC","14",2025-05-19,"Beginn: 19.05.25 um 22:01 Uhr  Angespannte Verkehrslage, seit 19.05.2025, 22:01 A8: Karlsruhe -> Stuttgart, 0.3 km vor AS Pforzheim-Süd, aus Richtung Pforzheim  Im Stillstand Durchschnittsgeschwindigkeit: 14 km/h",48.8815825694,8.7880094706715
"A9","undefined--vi-hind.2025-05-19_21-48-00-000.f_001.de0","48.426702702329365,11.589304025792247,48.33247728405988,11.611809242416237","48.426702702329365,11.589304025792247","WARNING","A9 | Allershausen - Neufahrn"," Nürnberg -> München",NA,NA,NA,2025-05-19,"Beginn: 19.05.25 um 21:48 Uhr  Hindernis, seit 19.05.2025, 21:48 A9: Nürnberg -> München, zwischen 0.3 km hinter AS Allershausen und 1.9 km vor AK Neufahrn  Gefahr durch eine ungesicherte Unfallstelle  Gefahr durch Gegenstände auf der Fahrbahn",48.4267027023294,11.5893040257922
"A9","undefined--vi-hind.2025-05-19_21-12-30-000.f_004.de0","48.582231536116765,11.58606660534785,48.64292580094614,11.518115800010378","48.582231536116765,11.58606660534785","WARNING","A9 | Holledau - Langenbruck"," München -> Nürnberg",NA,NA,NA,2025-05-19,"Beginn: 19.05.25 um 21:12 Uhr  Fahrzeug-Hindernis, seit 19.05.2025, 21:12 A9: München -> Nürnberg, zwischen 0.5 km hinter AD Holledau und 0.3 km vor AS Langenbruck Gefahr durch ein defektes Fahrzeug auf der Fahrbahn",48.5822315361168,11.5860666053479
"A9","undefined--vi-zus.2025-05-19_19-31-30-000.f_002.de0","48.71796315836113,11.481275506288835,48.73516756601846,11.469076647308716","48.71796315836113,11.481275506288835","WARNING","A9 | Neuburg a.d.Donau - Ingolstadt-Süd"," München -> Nürnberg",0,"SLOW_TRAFFIC","65.19999694824219",2025-05-19,"Beginn: 19.05.25 um 19:31 Uhr  Zusammengesetzte Verkehrsinformation, seit 19.05.2025, 19:31 A9: München -> Nürnberg, zwischen 0.7 km hinter AS Neuburg a.d.Donau und 1.9 km vor AS Ingolstadt-Süd  Langsamer Verkehr Reisezeitverlust: 0 Minuten Durchschnittsgeschwindigkeit: 65 km/h",48.7179631583611,11.4812755062888
"A9","undefined--vi-hind.2025-05-19_21-09-30-000.f_001.de0","49.1913710588844,11.248113670093643,49.19201585851902,11.247569994242685","49.1913710588844,11.248113670093643","WARNING","A9 | Hilpoltstein - Göggelsbuch"," München -> Nürnberg",NA,NA,NA,2025-05-19,"Beginn: 19.05.25 um 21:09 Uhr  Fahrzeug-Hindernis, seit 19.05.2025, 21:09 A9: München -> Nürnberg, zwischen 3.5 km hinter AS Hilpoltstein und 3.6 km vor Göggelsbuch Gefahr durch ein defektes Fahrzeug auf der Fahrbahn",49.1913710588844,11.2481136700936
"A9","undefined--vi-avl.2025-05-19_20-04-33-000.f.de0","50.923639395925534,11.83967843813363,50.93997703975021,11.835181273395047","50.923639395925534,11.83967843813363","WARNING","A9 | Bad Klosterlausnitz - Kuhberg"," Nürnberg -> Halle/Leipzig",0,"SLOW_TRAFFIC","63.20000076293945",2025-05-19,"Beginn: 19.05.25 um 20:04 Uhr  Angespannte Verkehrslage, seit 19.05.2025, 20:04 A9: Nürnberg -> Halle/Leipzig, zwischen 1.4 km hinter AS Bad Klosterlausnitz und 3.2 km vor Kuhberg  Langsamer Verkehr Reisezeitverlust: 0 Minuten Durchschnittsgeschwindigkeit: 63 km/h",50.9236393959255,11.8396784381336
"A12","undefined--vi-avl.2025-05-19_16-20-22-000.f_005.de0","52.3155760805876,14.577600847563337,52.314680708111105,14.561546427138259","52.3155760805876,14.577600847563337","WARNING","A12 | Frankfurt(Oder) - Frankfurt(Oder)-Mitte"," Frankfurt(Oder) -> Berliner Ring",4,"SLOW_TRAFFIC","9.100000381469727",2025-05-19,"Beginn: 19.05.25 um 16:20 Uhr  Angespannte Verkehrslage, seit 19.05.2025, 16:20 A12: Frankfurt(Oder) -> Berliner Ring, zwischen Frankfurt(Oder) und 2.9 km vor AS Frankfurt(Oder)-Mitte  Langsamer Verkehr Reisezeitverlust: 4 Minuten Durchschnittsgeschwindigkeit: 9 km/h",52.3155760805876,14.5776008475633
"A12","WarnungA10Lkw3","47.61802931631098,12.202336027754352,47.61802931631098,12.202336027754352","47.61802931631098,12.202336027754352","WARNING","E45/E60 | LKW Blockabfertigung | A12-Inntal Autobahn","Richtung Italien",NA,NA,NA,2025-01-11,"Zeitraum: Beginn: 07.01.2025 Ende: 09.12.2025  Hinweis für LKW-Reisende nach Österreich: LKW-Blockabfertigungen an ausgewählten Tagen für Lkw am Grenzübergang Kufstein/Kiefersfelden. Maximaler Durchlass von 300 LKWs pro Stunde  Die genauen Ausführungszeiten und weitere Informationen auf tirol.gv.at/verkehr/verkehrs-und-seilbahnrecht/lkw-dosierung.",47.618029316311,12.2023360277544
"A12","WarnungA10Lkw2","47.6164490154047,12.202382557672273,47.6164490154047,12.202382557672273","47.6164490154047,12.202382557672273","WARNING","E43/E45/E60 | A13-Brenner Autobahn","Richtung Italien",NA,NA,NA,2025-01-11,"Zeitraum: Beginn: 11.01.2025 Ende: 27.09.2025  Hinweis für LKW-Reisende nach Österreich: LKW-Fahrverbot auf der A12-Inntal Autobahn, A13-Brenner Autobahn und A14-Rheintal/Walgau Autobahn, wenn das Ziel der Fahrt der Anschlussstelle Nößlach bis Anschlussstelle Brenner Nord der Richtungsfahrbahn Staatsgrenze der A 13 Brenner Autobahn erreicht werden soll. An ausgewählten Samstagen 7-15 Uhr sowie weiteren Tagen im Zeitraum 11.01. - 27.09.2025 Weitere Informationen auf http://asfinag.at/a13",47.6164490154047,12.2023825576723
"A14","undefined--vi-hind.2025-05-19_17-22-02-000.f_010.de0","53.15945940092222,11.728050100009963,53.15945940092222,11.728050100009963","53.15945940092222,11.728050100009963","WARNING","A14 | Karstädt - Groß Warnow"," Wittenberge -> Schwerin",NA,NA,NA,2025-05-19,"Beginn: 19.05.25 um 17:22 Uhr  Hindernis, seit 19.05.2025, 17:22 A14: Wittenberge -> Schwerin, zwischen 0.4 km hinter AS Karstädt und 10.4 km vor AS Groß Warnow  Gefahr durch Gegenstände auf der Fahrbahn",53.1594594009222,11.72805010001
"A14","undefined--vi-hind.2025-05-19_17-17-30-000.f_009.de0","53.15961128935529,11.72789029312949,53.223319900921695,11.615065400008177","53.15961128935529,11.72789029312949","WARNING","A14 | Karstädt - Meynbach"," Wittenberge -> Schwerin",NA,NA,NA,2025-05-19,"Beginn: 19.05.25 um 17:17 Uhr  Hindernis, seit 19.05.2025, 17:17 A14: Wittenberge -> Schwerin, zwischen 0.4 km hinter AS Karstädt und 1.8 km vor Meynbach  Gefahr durch Gegenstände auf der Fahrbahn",53.1596112893553,11.7278902931295
"A15","undefined--vi-avl.2025-05-19_21-56-30-000.f_003.de0","51.714294198032114,14.391885567782898,51.708048454237684,14.437492311535769","51.714294198032114,14.391885567782898","WARNING","A15 | Cottbus-Süd - Roggosen"," Cottbus -> Breslau",1,"SLOW_TRAFFIC","72.4000015258789",2025-05-19,"Beginn: 19.05.25 um 21:56 Uhr  Angespannte Verkehrslage, seit 19.05.2025, 21:56 A15: Cottbus -> Breslau, zwischen 2.9 km hinter AS Cottbus-Süd und 2.0 km vor AS Roggosen  Langsamer Verkehr Reisezeitverlust: 1 Minuten Durchschnittsgeschwindigkeit: 72 km/h",51.7142941980321,14.3918855677829
"A17","undefined--vi-avl.2025-05-19_21-59-30-000.f.de0","50.82026170094333,13.887384300240237,50.82026170094333,13.887384300240237","50.82026170094333,13.887384300240237","WARNING","A17 | Am Heidenholz - Am Heidenholz"," Prag -> Dresden",NA,"STATIONARY_TRAFFIC","20",2025-05-19,"Beginn: 19.05.25 um 22:01 Uhr  Angespannte Verkehrslage, seit 19.05.2025, 22:01 A17: Prag -> Dresden, 0.2 km vor Am Heidenholz, aus Richtung Breitenau-Schönwald  Im Stillstand Durchschnittsgeschwindigkeit: 20 km/h",50.8202617009433,13.8873843002402
"A17","undefined--vi-zus.2025-05-19_21-59-00-000.f.de0","50.82026170094333,13.887384300240237,50.82325084271175,13.887881339476435","50.82026170094333,13.887384300240237","WARNING","A17 | Breitenau-Schönwald - Bad Gottleuba"," Prag -> Dresden",0,"STATIONARY_TRAFFIC","22.799999237060547",2025-05-19,"Beginn: 19.05.25 um 21:59 Uhr  Zusammengesetzte Verkehrsinformation, seit 19.05.2025, 21:59 A17: Prag -> Dresden, zwischen 4.5 km hinter Breitenau-Schönwald und 0.9 km vor AS Bad Gottleuba  Im Stillstand Reisezeitverlust: 0 Minuten Durchschnittsgeschwindigkeit: 22 km/h",50.8202617009433,13.8873843002402
"A29","undefined--vi-avl.2025-05-19_22-01-30-000.f.de0","53.189448372597596,8.255570469533515,53.189448372597596,8.255570469533515","53.189448372597596,8.255570469533515","WARNING","A29 | Ohmstede - Ohmstede"," Wilhelmshaven -> Oldenburg",NA,"QUEUING_TRAFFIC","20",2025-05-19,"Beginn: 19.05.25 um 22:01 Uhr  Angespannte Verkehrslage, seit 19.05.2025, 22:01 A29: Wilhelmshaven -> Oldenburg, 0.8 km vor Ohmstede, aus Richtung Oldenburg-Nord  Stockender Verkehr Durchschnittsgeschwindigkeit: 20 km/h",53.1894483725976,8.25557046953351
"A29","undefined--vi-avl.2025-05-19_22-00-00-000.f_001.de0","53.189455593140536,8.255561555699348,53.18302128004841,8.261803389981392","53.189455593140536,8.255561555699348","WARNING","A29 | Oldenburg-Nord - Oldenburg-Ohmstede"," Wilhelmshaven -> Oldenburg",0,"QUEUING_TRAFFIC","36.400001525878906",2025-05-19,"Beginn: 19.05.25 um 22:00 Uhr  Angespannte Verkehrslage, seit 19.05.2025, 22:00 A29: Wilhelmshaven -> Oldenburg, zwischen 3.2 km hinter AK Oldenburg-Nord und 2.1 km vor AS Oldenburg-Ohmstede  Stockender Verkehr Reisezeitverlust: 0 Minuten Durchschnittsgeschwindigkeit: 36 km/h",53.1894555931405,8.25556155569935
"A31","undefined--vi-avl.2025-05-19_21-56-00-000.f.de0","52.11207622575298,7.086103619888021,52.133555210786675,7.089348729670591","52.11207622575298,7.086103619888021","WARNING","A31 | Averbeck - Gronau/Ochtrup"," Oberhausen -> Gronau",1,"SLOW_TRAFFIC","62.599998474121094",2025-05-19,"Beginn: 19.05.25 um 21:56 Uhr  Angespannte Verkehrslage, seit 19.05.2025, 21:56 A31: Oberhausen -> Gronau, zwischen 0.9 km hinter Averbeck und 6.8 km vor AS Gronau/Ochtrup  Langsamer Verkehr Reisezeitverlust: 1 Minuten Durchschnittsgeschwindigkeit: 62 km/h",52.112076225753,7.08610361988802
"A43","undefined--vi-avl.2025-05-19_18-36-12-000.f_002.de0","51.88971624739755,7.3693966518897795,51.902360769330265,7.389025264915474","51.88971624739755,7.3693966518897795","WARNING","A43 | Karthaus - Nottuln"," Recklinghausen -> Münster",1,"SLOW_TRAFFIC","61.70000076293945",2025-05-19,"Beginn: 19.05.25 um 18:36 Uhr  Angespannte Verkehrslage, seit 19.05.2025, 18:36 A43: Recklinghausen -> Münster, zwischen 1.8 km hinter Karthaus und 1.3 km vor AS Nottuln  Langsamer Verkehr Reisezeitverlust: 1 Minuten Durchschnittsgeschwindigkeit: 61 km/h",51.8897162473976,7.36939665188978
"A44","undefined--vi-avl.2025-05-19_20-10-30-000.f_005.de0","51.53272339434072,7.8262479134296585,51.53323805512703,7.854588665975875","51.53272339434072,7.8262479134296585","WARNING","A44 | Buchenhain - Am Haarstrang"," Dortmund -> Kassel",1,"SLOW_TRAFFIC","62.099998474121094",2025-05-19,"Beginn: 19.05.25 um 20:10 Uhr  Angespannte Verkehrslage, seit 19.05.2025, 20:10 A44: Dortmund -> Kassel, zwischen 2.5 km hinter Buchenhain und 0.4 km vor Am Haarstrang  Langsamer Verkehr Reisezeitverlust: 1 Minuten Durchschnittsgeschwindigkeit: 62 km/h",51.5327233943407,7.82624791342966
"A44","undefined--vi-avl.2025-05-19_21-21-30-000.f_001.de0","51.529136617505465,8.904448959579552,51.53711224001676,8.87419479597494","51.529136617505465,8.904448959579552","WARNING","A44 | Marsberg - Blankenrode"," Kassel -> Dortmund",1,"SLOW_TRAFFIC","63.5",2025-05-19,"Beginn: 19.05.25 um 21:21 Uhr  Angespannte Verkehrslage, seit 19.05.2025, 21:21 A44: Kassel -> Dortmund, zwischen 4.3 km hinter AS Marsberg und 0.2 km vor Blankenrode  Langsamer Verkehr Reisezeitverlust: 1 Minuten Durchschnittsgeschwindigkeit: 63 km/h",51.5291366175055,8.90444895957955
"A45","undefined--vi-avl.2025-05-19_21-49-00-000.f.de0","50.552828165180046,8.564725720139979,50.56375210983393,8.552066278449361","50.552828165180046,8.564725720139979","WARNING","A45 | Gießen-Lützellinden - Wetzlar-Ost"," Aschaffenburg -> Hagen",0,"SLOW_TRAFFIC","71.19999694824219",2025-05-19,"Beginn: 19.05.25 um 21:49 Uhr  Angespannte Verkehrslage, seit 19.05.2025, 21:49 A45: Aschaffenburg -> Hagen, zwischen 3.8 km hinter AS Gießen-Lützellinden und 0.9 km vor AS Wetzlar-Ost  Langsamer Verkehr Reisezeitverlust: 0 Minuten Durchschnittsgeschwindigkeit: 71 km/h",50.55282816518,8.56472572013998
"A46","undefined--vi-avl.2025-05-19_21-59-30-000.f_003.de0","51.29581659629754,7.21223006993672,51.282464284235246,7.18679723014186","51.29581659629754,7.21223006993672","WARNING","A46 | Sternenberg - Wuppertal-Barmen"," Wuppertal -> Düsseldorf",0,"SLOW_TRAFFIC","64.19999694824219",2025-05-19,"Beginn: 19.05.25 um 21:59 Uhr  Angespannte Verkehrslage, seit 19.05.2025, 21:59 A46: Wuppertal -> Düsseldorf, zwischen 0.2 km hinter Sternenberg und 0.3 km vor AS Wuppertal-Barmen  Langsamer Verkehr Reisezeitverlust: 0 Minuten Durchschnittsgeschwindigkeit: 64 km/h",51.2958165962975,7.21223006993672
"A59","undefined--vi-avl.2025-05-19_22-00-00-000.f.de0","51.115552658662985,6.91516369311638,51.10118012941792,6.925945122740889","51.115552658662985,6.91516369311638","WARNING","A59 | Richrath - Monheim"," Düsseldorf -> Köln",0,"SLOW_TRAFFIC","64.4000015258789",2025-05-19,"Beginn: 19.05.25 um 22:00 Uhr  Angespannte Verkehrslage, seit 19.05.2025, 22:00 A59: Düsseldorf -> Köln, zwischen 0.2 km hinter AS Richrath und 0.4 km vor AS Monheim  Langsamer Verkehr Reisezeitverlust: 0 Minuten Durchschnittsgeschwindigkeit: 64 km/h",51.115552658663,6.91516369311638
"A60","undefined--vi-zus.2025-04-08_08-51-21-000.f_013.de0","49.98125533976677,8.345695317688524,49.97565770865279,8.441396718063045","49.98125533976677,8.345695317688524","WARNING","A60 | Mainspitz-Dreieck - Rüsselsheimer Dreieck"," Mainz -> Rüsselsheim",NA,NA,NA,2025-04-08,"Beginn: 08.04.25 um 08:51 Uhr  Zusammengesetzte Verkehrsinformation, seit 08.04.2025, 08:51 A60: Mainz -> Rüsselsheim, zwischen 0.5 km hinter AD Mainspitz-Dreieck und 2.2 km vor AD Rüsselsheimer Dreieck  Sperrung der A60 bei Königstädten – Grundhafte Fahrbahnerneuerung zwischen dem Rüsselsheimer Dreieck und dem Mainspitz Dreieck. Die Niederlassung West der Autobahn GmbH erneuert zwischen dem Rüsselsheimer Dreieck (30) und dem Mainspitz Dreieck (26) die Fahrbahn. Von Donnerstagmorgen (24. April) bis Mitte Juli wird die Anschlussstelle (AS) Königstädten (29) in Fahrtrichtung (FR) Mainz sowie in FR Rüsselsheimer Dreieck gesperrt. Umleitungsmöglichkeiten sind ausgeschildert: • Ausfahrt FR Mainz: Umleitung via AS Rüsselsheim-Mitte • Einfahrt FR Mainz: innerstädtische Umleitung zur AS Rüsselsheim-Mitte (Adam-Opel-Straße / Kurt-Schumacher-Ring), von Nauheim kommend via L3482 zur AS Bischofsheim • Einfahrt FR Darmstadt: innerstädtische Umleitung zur AS Rüsselsheim-Mitte (Adam-Opel-Straße / Kurt-Schumacher-Ring) Die Autobahn GmbH bittet alle Verkehrsteilnehmer um Verständnis für die unvermeidlichen Verkehrsbehinderungen, die durch die Arbeiten entstehen.",49.9812553397668,8.34569531768852
"A60","undefined--vi-zus.2025-05-03_10-55-00-000.f_003.de0","49.977457399447445,8.454646346787307,49.981587265039146,8.34517285786785","49.977457399447445,8.454646346787307","WARNING","A60 | Rüsselsheimer Dreieck - Mainspitz-Dreieck"," Rüsselsheim -> Mainz",NA,NA,NA,2025-05-03,"Beginn: 03.05.25 um 10:55 Uhr  Zusammengesetzte Verkehrsinformation, seit 03.05.2025, 10:55 A60: Rüsselsheim -> Mainz, zwischen 0.6 km hinter AD Rüsselsheimer Dreieck und 0.5 km vor AD Mainspitz-Dreieck  Sperrung der A60 bei Königstädten – Grundhafte Fahrbahnerneuerung zwischen dem Rüsselsheimer Dreieck und dem Mainspitz Dreieck. Die Niederlassung West der Autobahn GmbH erneuert zwischen dem Rüsselsheimer Dreieck (30) und dem Mainspitz Dreieck (26) die Fahrbahn. Von Donnerstagmorgen (24. April) bis Mitte Juli wird die Anschlussstelle (AS) Königstädten (29) in Fahrtrichtung (FR) Mainz sowie in FR Rüsselsheimer Dreieck gesperrt. Umleitungsmöglichkeiten sind ausgeschildert: • Ausfahrt FR Mainz: Umleitung via AS Rüsselsheim-Mitte • Einfahrt FR Mainz: innerstädtische Umleitung zur AS Rüsselsheim-Mitte (Adam-Opel-Straße / Kurt-Schumacher-Ring), von Nauheim kommend via L3482 zur AS Bischofsheim • Einfahrt FR Darmstadt: innerstädtische Umleitung zur AS Rüsselsheim-Mitte (Adam-Opel-Straße / Kurt-Schumacher-Ring) Die Autobahn GmbH bittet alle Verkehrsteilnehmer um Verständnis für die unvermeidlichen Verkehrsbehinderungen, die durch die Arbeiten entstehen.",49.9774573994474,8.45464634678731
"A70","undefined--vi-hind.2025-05-19_20-41-30-000.f_003.de0","49.92280591451336,10.898754767881082,49.927029800941455,10.912612100002635","49.92280591451336,10.898754767881082","WARNING","A70 | Hallstadt - Bamberg"," Schweinfurt/Werneck -> Bamberg",NA,NA,NA,2025-05-19,"Beginn: 19.05.25 um 20:41 Uhr  Fahrzeug-Hindernis, seit 19.05.2025, 20:41 A70: Schweinfurt/Werneck -> Bamberg, zwischen 1.7 km hinter AS Hallstadt und 0.4 km vor AK Bamberg",49.9228059145134,10.8987547678811
"A71","undefined--vi-hind.2025-05-19_21-40-00-000.f.de0","50.608718110062824,10.645421864804781,50.5794545371562,10.48314637469602","50.608718110062824,10.645421864804781","WARNING","A71 | Berg Bock - Meiningen-Nord"," Erfurt -> Schweinfurt",NA,NA,NA,2025-05-19,"Beginn: 19.05.25 um 21:40 Uhr  Hindernis, seit 19.05.2025, 21:40 A71: Erfurt -> Schweinfurt, zwischen 3.6 km hinter Berg Bock und 0.2 km vor AS Meiningen-Nord  Gefahr durch Gegenstände auf der Fahrbahn",50.6087181100628,10.6454218648048
"A71","undefined--vi-zus.2025-05-19_21-28-00-000.f.de0","50.608718110062824,10.645421864804781,50.5794545371562,10.48314637469602","50.608718110062824,10.645421864804781","WARNING","A71 | Berg Bock - Meiningen-Nord"," Erfurt -> Schweinfurt",NA,NA,NA,2025-05-19,"Beginn: 19.05.25 um 21:28 Uhr  Zusammengesetzte Verkehrsinformation, seit 19.05.2025, 21:28 A71: Erfurt -> Schweinfurt, zwischen 3.6 km hinter Berg Bock und 0.2 km vor AS Meiningen-Nord  Gefahr durch eine ungesicherte Unfallstelle  Gefahr durch Gegenstände auf der Fahrbahn  A71 Suhl Richtung Schweinfurt zwischen Dreieck Suhl und Meiningen-Nord Gefahr durch ungesicherte Unfallstelle, Gefahr durch Gegenstände auf der Fahrbahn",50.6087181100628,10.6454218648048
"A81","undefined--vi-avl.2025-05-19_21-16-02-000.f.de0","48.57412780534361,8.899925907291568,48.57766790094631,8.899728499999986","48.57412780534361,8.899925907291568","WARNING","A81 | Geyern - Herrenberg"," Singen -> Stuttgart",0,"QUEUING_TRAFFIC","37.20000076293945",2025-05-19,"Beginn: 19.05.25 um 21:16 Uhr  Angespannte Verkehrslage, seit 19.05.2025, 21:16 A81: Singen -> Stuttgart, zwischen 5.6 km hinter Geyern und 0.4 km vor AS Herrenberg  Stockender Verkehr Reisezeitverlust: 0 Minuten Durchschnittsgeschwindigkeit: 37 km/h",48.5741278053436,8.89992590729157
"A81","undefined--vi-avl.2025-05-19_21-17-30-000.f.de0","48.57412780534361,8.899925907291568,48.57412780534361,8.899925907291568","48.57412780534361,8.899925907291568","WARNING","A81 | Herrenberg - Herrenberg"," Singen -> Stuttgart",NA,"QUEUING_TRAFFIC","15",2025-05-19,"Beginn: 19.05.25 um 22:01 Uhr  Angespannte Verkehrslage, seit 19.05.2025, 22:01 A81: Singen -> Stuttgart, 0.8 km vor AS Herrenberg, aus Richtung Geyern  Stockender Verkehr Durchschnittsgeschwindigkeit: 15 km/h",48.5741278053436,8.89992590729157
"A81","undefined--vi-avl.2025-05-19_21-07-00-000.f.de0","48.95354143623134,9.209794416323785,48.961399175268284,9.219894391468898","48.95354143623134,9.209794416323785","WARNING","A81 | Ludwigsburg-Nord - Kälbling"," Stuttgart -> Heilbronn",0,"SLOW_TRAFFIC","55.20000076293945",2025-05-19,"Beginn: 19.05.25 um 21:07 Uhr  Angespannte Verkehrslage, seit 19.05.2025, 21:07 A81: Stuttgart -> Heilbronn, zwischen 5.5 km hinter AS Ludwigsburg-Nord und 3.5 km vor Kälbling  Langsamer Verkehr Reisezeitverlust: 0 Minuten Durchschnittsgeschwindigkeit: 55 km/h",48.9535414362313,9.20979441632378
"A93","undefined--vi-avl.2025-05-19_21-59-00-000.f.de0","48.60616230021646,11.652521904726548,48.597860484911934,11.637946231257198","48.60616230021646,11.652521904726548","WARNING","A93 | Mainburg - Wolnzach"," Regensburg -> Holledau",0,"SLOW_TRAFFIC","68",2025-05-19,"Beginn: 19.05.25 um 21:59 Uhr  Angespannte Verkehrslage, seit 19.05.2025, 21:59 A93: Regensburg -> Holledau, zwischen 5.0 km hinter AS Mainburg und 0.5 km vor AS Wolnzach  Langsamer Verkehr Reisezeitverlust: 0 Minuten Durchschnittsgeschwindigkeit: 68 km/h",48.6061623002165,11.6525219047265
"A93","undefined--vi-hind.2025-05-19_21-32-30-000.f_001.de0","48.629177760361316,11.703508863514564,48.5972940009463,11.635847500013078","48.629177760361316,11.703508863514564","WARNING","A93 | Oberempfenbach - Wolnzach"," Regensburg -> Holledau",NA,NA,NA,2025-05-19,"Beginn: 19.05.25 um 21:32 Uhr  Fahrzeug-Hindernis, seit 19.05.2025, 21:32 A93: Regensburg -> Holledau, zwischen 3.0 km hinter Oberempfenbach und 0.4 km vor AS Wolnzach Gefahr durch ein defektes Fahrzeug auf der Fahrbahn",48.6291777603613,11.7035088635146
"A96","undefined--vi-avl.2025-05-19_21-25-30-000.f_004.de0","48.03272701966515,10.439287501236132,48.03040241347317,10.461038750669983","48.03272701966515,10.439287501236132","WARNING","A96 | Kammlachtal - Mindelheim"," Lindau -> München",0,"SLOW_TRAFFIC","59.099998474121094",2025-05-19,"Beginn: 19.05.25 um 21:36 Uhr  Angespannte Verkehrslage, seit 19.05.2025, 21:36 A96: Lindau -> München, zwischen 1.5 km hinter Kammlachtal und 3.9 km vor AS Mindelheim  Langsamer Verkehr Reisezeitverlust: 0 Minuten Durchschnittsgeschwindigkeit: 59 km/h",48.0327270196652,10.4392875012361
"A96","undefined--vi-avl.2025-05-19_20-08-00-000.f.de0","48.0331225584307,10.657310176459966,48.02680776850765,10.683411200384159","48.0331225584307,10.657310176459966","WARNING","A96 | Wertachtal - Buchloe-West"," Lindau -> München",0,"SLOW_TRAFFIC","67.9000015258789",2025-05-19,"Beginn: 19.05.25 um 20:08 Uhr  Angespannte Verkehrslage, seit 19.05.2025, 20:08 A96: Lindau -> München, zwischen 0.1 km hinter Wertachtal und 2.0 km vor AS Buchloe-West  Langsamer Verkehr Reisezeitverlust: 0 Minuten Durchschnittsgeschwindigkeit: 67 km/h",48.0331225584307,10.65731017646
"A99","undefined--vi-hind.2025-05-19_21-00-00-000.f.de0","48.22568428554725,11.53753571910202,48.22822000094727,11.582903800012192","48.22568428554725,11.53753571910202","WARNING","A99 | München-Ludwigsfeld - München-Neuherberg"," München-Süd-West -> München-Nord",NA,NA,NA,2025-05-19,"Beginn: 19.05.25 um 21:00 Uhr  Fahrzeug-Hindernis, seit 19.05.2025, 21:00 A99: München-Süd-West -> München-Nord, zwischen 4.4 km hinter AS München-Ludwigsfeld und 0.3 km vor AS München-Neuherberg",48.2256842855473,11.537535719102
"A111","undefined--vi-avl.2025-05-19_21-58-30-000.f.de0","52.62854161735915,13.24130603068539,52.65428270092805,13.244127300086706","52.62854161735915,13.24130603068539","WARNING","A111 | Schulzendorfer Straße - Hennigsdorf"," Charlottenburg -> Dreieck Oranienburg",1,"SLOW_TRAFFIC","55.29999923706055",2025-05-19,"Beginn: 19.05.25 um 21:58 Uhr  Angespannte Verkehrslage, seit 19.05.2025, 21:58 A111: Charlottenburg -> Dreieck Oranienburg, zwischen 1.9 km hinter AS Schulzendorfer Straße und 2.7 km vor AS Hennigsdorf  Langsamer Verkehr Reisezeitverlust: 1 Minuten Durchschnittsgeschwindigkeit: 55 km/h",52.6285416173591,13.2413060306854
"A113","undefined--vi-zus.2025-05-06_00-21-00-000.f_003.de0","52.43025717661688,13.505075428607936,52.42875800093087,13.509218300121121","52.43025717661688,13.505075428607936","WARNING","A113 | Stubenrauchstraße - Adlershof"," Neukölln -> Schönefeld",NA,NA,NA,2025-05-06,"Beginn: 06.05.25 um 00:21 Uhr  Zusammengesetzte Verkehrsinformation, seit 06.05.2025, 00:21 A113: Neukölln -> Schönefeld, zwischen 0.6 km hinter AS Stubenrauchstraße und 0.3 km vor AS Adlershof  A113 Autobahnzubringer Dresden, Neukölln Richtung Schönefeld
zwischen Stubenrauchstraße und Tunnel Rudower Höhe
linker Fahrstreifen gesperrt, Bauarbeiten, bis voraussichtlich 20.06.2025",52.4302571766169,13.5050754286079
"A115","undefined--vi-zus.2024-10-09_07-09-40-000.f_531.de0","52.40027056808641,13.185163736426698,52.44227384698058,13.202709435405149","52.40027056808641,13.185163736426698","WARNING","A115 | Am Stern - Hüttenweg"," Dreieck Nuthetal -> Dreieck Funkturm",NA,NA,NA,2024-10-09,"Beginn: 09.10.24 um 07:09 Uhr  Zusammengesetzte Verkehrsinformation, seit 09.10.2024, 07:09 A115: Dreieck Nuthetal -> Dreieck Funkturm, zwischen 2.9 km hinter Am Stern und 3.8 km vor AS Hüttenweg  A115 Autobahnzubringer Magdeburg, Dreieck Nuthetal Richtung Dreieck Funkturm, zwischen Anschlussstelle Kleinmachnow und Anschlussstelle Spanische Allee, Baustelle, bis 31.10.2026 17:00 Uhr",52.4002705680864,13.1851637364267
"A659","undefined--vi-hind.2025-05-19_21-37-30-000.f_001.de0","49.54829068021773,8.622241523849889,49.548997000943004,8.631344399999902","49.54829068021773,8.622241523849889","WARNING","A659 | Viernheim - Weinheim B38"," Viernheim -> Weinheim",NA,NA,NA,2025-05-19,"Beginn: 19.05.25 um 21:37 Uhr  Hindernis, seit 19.05.2025, 21:37 A659: Viernheim -> Weinheim, zwischen 1.2 km hinter Viernheim und Weinheim B38",49.5482906802177,8.62224152384989
