"road","identifier","extent","point","display_type","title","subtitle","delay_minutes","abnormalTrafficType","averageSpeed","startTimestamp","description","latitude","longitude"
"A1","undefined--vi-hind.2025-05-20_05-48-00-000.f_003.de0","50.16656326748036,6.887995383819111,50.17588067739097,6.896017815424404","50.16656326748036,6.887995383819111","WARNING","A1 | Udler - Vulkaneifel"," Trier -> Köln/Koblenz",NA,NA,NA,2025-05-20,"Beginn: 20.05.25 um 05:48 Uhr  Hindernis, seit 20.05.2025, 05:48 A1: Trier -> Köln/Koblenz, zwischen 3.5 km hinter Udler und 0.9 km vor AD Vulkaneifel  Gefahr durch Gegenstände auf der Fahrbahn",50.1665632674804,6.88799538381911
"A1","undefined--vi-hind.2025-05-20_05-36-00-000.f_003.de0","50.647973600938094,6.722232699994527,50.674409600937956,6.736954799994689","50.647973600938094,6.722232699994527","WARNING","A1 | Grüner Winkel - Euskirchen"," Blankenheim -> Köln",NA,NA,NA,2025-05-20,"Beginn: 20.05.25 um 05:36 Uhr  Hindernis, seit 20.05.2025, 05:36 A1: Blankenheim -> Köln, zwischen 4.6 km hinter Grüner Winkel und 0.5 km vor AS Euskirchen  Gefahr durch eine ungesicherte Unfallstelle",50.6479736009381,6.72223269999453
"A1","undefined--vi-avl.2025-05-20_05-56-30-000.f.de0","53.51398144177844,10.110182511658905,53.5273493433898,10.133440192770435","53.51398144177844,10.110182511658905","WARNING","A1 | Tunnel Moorfleet - Hamburg-Öjendorf"," Hamburg -> Lübeck",1,"SLOW_TRAFFIC","47.5",2025-05-20,"Beginn: 20.05.25 um 05:56 Uhr  Angespannte Verkehrslage, seit 20.05.2025, 05:56 A1: Hamburg -> Lübeck, zwischen 0.6 km hinter Tunnel Moorfleet und 2.1 km vor AS Hamburg-Öjendorf  Langsamer Verkehr Reisezeitverlust: 1 Minuten Durchschnittsgeschwindigkeit: 47 km/h",53.5139814417784,10.1101825116589
"A2","undefined--vi-hind.2025-05-20_05-47-00-000.f_004.de0","51.54161758256991,6.891213855603194,51.539155979633755,6.874408689667598","51.54161758256991,6.891213855603194","WARNING","A2 | Bottrop - Oberhausen-Königshardt"," Dortmund -> Oberhausen",NA,NA,NA,2025-05-20,"Beginn: 20.05.25 um 05:47 Uhr  Hindernis, seit 20.05.2025, 05:47 A2: Dortmund -> Oberhausen, zwischen 2.0 km hinter AS Bottrop und 0.3 km vor AS Oberhausen-Königshardt  Gefahr durch eine ungesicherte Unfallstelle",51.5416175825699,6.89121385560319
"A2","undefined--vi-avl.2025-05-20_06-05-30-000.f_005.de0","51.555918414585925,6.928854121437782,51.555918414585925,6.928854121437782","51.555918414585925,6.928854121437782","WARNING","A2 | Bottrop - Bottrop"," Dortmund -> Oberhausen",NA,"QUEUING_TRAFFIC","19",2025-05-20,"Beginn: 20.05.25 um 06:07 Uhr  Angespannte Verkehrslage, seit 20.05.2025, 06:07 A2: Dortmund -> Oberhausen, 0.2 km vor AD Bottrop, aus Richtung Gladbeck-Ellinghorst  Stockender Verkehr Durchschnittsgeschwindigkeit: 19 km/h",51.5559184145859,6.92885412143778
"A2","undefined--vi-zus.2025-05-20_05-17-30-000.f_001.de0","51.55589850446432,6.928758365274923,51.540354027252675,6.883888610070291","51.55589850446432,6.928758365274923","WARNING","A2 | Gladbeck-Ellinghorst - Oberhausen-Königshardt"," Dortmund -> Oberhausen",4,"QUEUING_TRAFFIC","32.70000076293945",2025-05-20,"Beginn: 20.05.25 um 05:17 Uhr  Zusammengesetzte Verkehrsinformation, seit 20.05.2025, 05:17 A2: Dortmund -> Oberhausen, zwischen 2.6 km hinter AS Gladbeck-Ellinghorst und 1.0 km vor AS Oberhausen-Königshardt  Stockender Verkehr Reisezeitverlust: 4 Minuten Durchschnittsgeschwindigkeit: 32 km/h  Gefahr durch eine ungesicherte Unfallstelle",51.5558985044643,6.92875836527492
"A2","undefined--vi-hind.2025-05-20_05-59-01-000.f_004.de0","51.572681852469834,7.130800133216189,51.57927572389238,7.173040444434201","51.572681852469834,7.130800133216189","WARNING","A2 | Resser Mark - Stuckenbusch"," Oberhausen -> Dortmund",NA,NA,NA,2025-05-20,"Beginn: 20.05.25 um 05:59 Uhr  Hindernis, seit 20.05.2025, 05:59 A2: Oberhausen -> Dortmund, zwischen 2.5 km hinter Resser Mark und 0.4 km vor Stuckenbusch  Gefahr durch Gegenstände auf der Fahrbahn",51.5726818524698,7.13080013321619
"A2","undefined--vi-avl.2025-05-20_05-17-00-000.f_001.de0","52.2191889089147,9.151819701715437,52.22107202041292,9.097339471326265","52.2191889089147,9.151819701715437","WARNING","A2 | Bernser Kirchweg - Papenbrink"," Hannover -> Dortmund",2,"SLOW_TRAFFIC","47.400001525878906",2025-05-20,"Beginn: 20.05.25 um 05:17 Uhr  Angespannte Verkehrslage, seit 20.05.2025, 05:17 A2: Hannover -> Dortmund, zwischen 1.1 km hinter Bernser Kirchweg und 3.0 km vor Papenbrink  Langsamer Verkehr Reisezeitverlust: 2 Minuten Durchschnittsgeschwindigkeit: 47 km/h",52.2191889089147,9.15181970171544
"A3","undefined--vi-zus.2025-05-20_02-37-00-000.f_001.de0","49.75510211053251,9.958893726784483,49.75482148529978,9.918058913990452","49.75510211053251,9.958893726784483","WARNING","A3 | Würzburg - Würzburg/Kist"," Nürnberg -> Frankfurt",1,"SLOW_TRAFFIC","62.5",2025-05-20,"Beginn: 20.05.25 um 02:37 Uhr  Zusammengesetzte Verkehrsinformation, seit 20.05.2025, 02:37 A3: Nürnberg -> Frankfurt, zwischen 0.3 km hinter Würzburg und 5.5 km vor AS Würzburg/Kist  Langsamer Verkehr Reisezeitverlust: 1 Minuten Durchschnittsgeschwindigkeit: 62 km/h",49.7551021105325,9.95889372678448
"A3","undefined--vi-avl.2025-05-20_06-02-30-000.f_009.de0","51.476059348578374,6.8148209640568265,51.46530325373516,6.815418202838","51.476059348578374,6.8148209640568265","WARNING","A3 | Oberhausen-West - Kaiserberg"," Oberhausen -> Köln",0,"SLOW_TRAFFIC","58",2025-05-20,"Beginn: 20.05.25 um 06:02 Uhr  Angespannte Verkehrslage, seit 20.05.2025, 06:02 A3: Oberhausen -> Köln, zwischen 1.3 km hinter AK Oberhausen-West und 2.6 km vor AK Kaiserberg  Langsamer Verkehr Reisezeitverlust: 0 Minuten Durchschnittsgeschwindigkeit: 58 km/h",51.4760593485784,6.81482096405683
"A3","undefined--vi-avl.2025-05-20_05-56-00-000.f_003.de0","51.51317168189376,6.81802687076238,51.531650142399414,6.822516232314266","51.51317168189376,6.81802687076238","WARNING","A3 | Oberhausen-Holten - Oberhausen"," Oberhausen -> Arnheim",1,"SLOW_TRAFFIC","60.29999923706055",2025-05-20,"Beginn: 20.05.25 um 05:56 Uhr  Angespannte Verkehrslage, seit 20.05.2025, 05:56 A3: Oberhausen -> Arnheim, zwischen AS Oberhausen-Holten und 1.0 km vor AK Oberhausen  Langsamer Verkehr Reisezeitverlust: 1 Minuten Durchschnittsgeschwindigkeit: 60 km/h",51.5131716818938,6.81802687076238
"A4","undefined--vi-avl.2025-05-20_05-37-00-000.f_001.de0","50.898480002352755,6.90911922073696,50.89212772911116,6.923158297032745","50.898480002352755,6.90911922073696","WARNING","A4 | Köln-West - Köln-Eifeltor"," Heerlen/Aachen -> Köln",0,"SLOW_TRAFFIC","56.70000076293945",2025-05-20,"Beginn: 20.05.25 um 05:37 Uhr  Angespannte Verkehrslage, seit 20.05.2025, 05:37 A4: Heerlen/Aachen -> Köln, zwischen 5.4 km hinter AK Köln-West und 0.2 km vor AS Köln-Eifeltor  Langsamer Verkehr Reisezeitverlust: 0 Minuten Durchschnittsgeschwindigkeit: 56 km/h",50.8984800023528,6.90911922073696
"A4","undefined--vi-zus.2025-05-20_06-02-30-000.f.de0","50.88752839517368,6.93453116223861,50.8944794610657,6.918420191363288","50.88752839517368,6.93453116223861","WARNING","A4 | Köln-Süd - Köln-Klettenberg"," Köln -> Heerlen/Aachen",0,"SLOW_TRAFFIC","60.20000076293945",2025-05-20,"Beginn: 20.05.25 um 06:02 Uhr  Zusammengesetzte Verkehrsinformation, seit 20.05.2025, 06:02 A4: Köln -> Heerlen/Aachen, zwischen 2.5 km hinter AK Köln-Süd und 0.8 km vor AS Köln-Klettenberg  Langsamer Verkehr Reisezeitverlust: 0 Minuten Durchschnittsgeschwindigkeit: 60 km/h",50.8875283951737,6.93453116223861
"A4","undefined--vi-avl.2025-05-20_06-02-30-000.f_004.de0","50.971530600936376,7.5472129999990845,50.971530600936376,7.5472129999990845","50.971530600936376,7.5472129999990845","WARNING","A4 | Gummersbach - Gummersbach"," Olpe -> Köln",NA,"QUEUING_TRAFFIC","19",2025-05-20,"Beginn: 20.05.25 um 06:07 Uhr  Angespannte Verkehrslage, seit 20.05.2025, 06:07 A4: Olpe -> Köln, 1.5 km vor AS Gummersbach, aus Richtung Morkepütz  Stockender Verkehr Durchschnittsgeschwindigkeit: 19 km/h",50.9715306009364,7.54721299999908
"A4","undefined--vi-avl.2025-05-20_05-55-30-000.f_001.de0","50.971530600936376,7.5472129999990845,50.975562768868926,7.509307293621261","50.971530600936376,7.5472129999990845","WARNING","A4 | Morkepütz - Hömeler Feld"," Olpe -> Köln",3,"QUEUING_TRAFFIC","28.700000762939453",2025-05-20,"Beginn: 20.05.25 um 05:55 Uhr  Angespannte Verkehrslage, seit 20.05.2025, 05:55 A4: Olpe -> Köln, zwischen 0.3 km hinter Morkepütz und 0.4 km vor Hömeler Feld  Stockender Verkehr Reisezeitverlust: 3 Minuten Durchschnittsgeschwindigkeit: 28 km/h",50.9715306009364,7.54721299999908
"A4","undefined--vi-hind.2025-05-20_05-38-00-000.f_001.de0","50.8716027384845,11.578497488317783,50.879038046753344,11.536358221009396","50.8716027384845,11.578497488317783","WARNING","A4 | Jena-Göschwitz - Bucha"," Chemnitz -> Erfurt",NA,NA,NA,2025-05-20,"Beginn: 20.05.25 um 05:38 Uhr  Hindernis, seit 20.05.2025, 05:38 A4: Chemnitz -> Erfurt, zwischen 1.4 km hinter AS Jena-Göschwitz und 2.4 km vor AS Bucha  Gefahr durch Gegenstände auf der Fahrbahn",50.8716027384845,11.5784974883178
"A4","undefined--vi-unf.2025-05-20_02-49-00-000.f_009.de0","50.86840860093703,11.775785400013696,50.878805109067876,11.83421261450875","50.86840860093703,11.775785400013696","WARNING","A4 | Rodablick - Hermsdorfer Kreuz"," Erfurt -> Chemnitz",NA,NA,NA,2025-05-20,"Beginn: 20.05.25 um 02:49 Uhr  Unfall, seit 20.05.2025, 02:49 A4: Erfurt -> Chemnitz, zwischen 4.9 km hinter Rodablick und 0.9 km vor AK Hermsdorfer Kreuz",50.868408600937,11.7757854000137
"A4","undefined--vi-zus.2025-05-20_04-11-30-000.f.de0","50.86579602777914,11.744509493705898,50.867847600937026,11.772953700013643","50.86579602777914,11.744509493705898","WARNING","A4 | Rodablick - Stadtroda"," Erfurt -> Chemnitz",10,"STATIONARY_TRAFFIC","10.899999618530273",2025-05-20,"Beginn: 20.05.25 um 04:11 Uhr  Zusammengesetzte Verkehrsinformation, seit 20.05.2025, 04:11 A4: Erfurt -> Chemnitz, zwischen 2.7 km hinter Rodablick und 0.3 km vor AS Stadtroda  Im Stillstand Reisezeitverlust: 10 Minuten Durchschnittsgeschwindigkeit: 10 km/h",50.8657960277791,11.7445094937059
"A4","undefined--vi-avl.2025-05-20_05-02-30-000.f.de0","50.86579602777914,11.744509493705898,50.86579602777914,11.744509493705898","50.86579602777914,11.744509493705898","WARNING","A4 | Stadtroda - Stadtroda"," Erfurt -> Chemnitz",NA,"STATIONARY_TRAFFIC","11",2025-05-20,"Beginn: 20.05.25 um 06:07 Uhr  Angespannte Verkehrslage, seit 20.05.2025, 06:07 A4: Erfurt -> Chemnitz, 2.4 km vor AS Stadtroda, aus Richtung Rodablick  Im Stillstand Durchschnittsgeschwindigkeit: 11 km/h",50.8657960277791,11.7445094937059
"A4","undefined--vi-zus.2025-05-20_02-44-30-000.f_009.de0","50.8687986498719,11.777036560544275,50.868620000937035,11.776126000013715","50.8687986498719,11.777036560544275","WARNING","A4 | Teufelstalschenke - Rodablick"," Chemnitz -> Erfurt",NA,NA,NA,2025-05-20,"Beginn: 20.05.25 um 02:44 Uhr  Zusammengesetzte Verkehrsinformation, seit 20.05.2025, 02:44 A4: Chemnitz -> Erfurt, zwischen 2.7 km hinter Teufelstalschenke und 5.0 km vor Rodablick  Gefahr durch Gegenstände auf der Fahrbahn  A4 Chemnitz Richtung Erfurt zwischen Raststätte Teufelstal Nord und Ausfahrt Stadtroda Gefahr durch Gegenstände auf der Fahrbahn, Unfall Abfahrt AS Stadtroda gesperrt",50.8687986498719,11.7770365605443
"A4","undefined--vi-zus.2025-05-20_04-38-00-000.f_002.de0","51.1810751649104,15.008092488371936,51.18663037132385,14.989837729857847","51.1810751649104,15.008092488371936","WARNING","A4 | Ludwigsdorf - An der Neiße"," Görlitz -> Dresden",2,"SLOW_TRAFFIC","17.5",2025-05-20,"Beginn: 20.05.25 um 04:38 Uhr  Zusammengesetzte Verkehrsinformation, seit 20.05.2025, 04:38 A4: Görlitz -> Dresden, zwischen Ludwigsdorf und 0.1 km vor An der Neiße  Langsamer Verkehr Reisezeitverlust: 2 Minuten Durchschnittsgeschwindigkeit: 17 km/h",51.1810751649104,15.0080924883719
"A6","undefined--vi-hind.2025-05-20_05-59-01-000.f_003.de0","49.4248876330538,11.683391461297182,49.4278274009435,11.65863760001272","49.4248876330538,11.683391461297182","WARNING","A6 | Oberpfälzer Alb - Sulzbach-Rosenberg"," Pilsen -> Nürnberg",NA,NA,NA,2025-05-20,"Beginn: 20.05.25 um 05:59 Uhr  Hindernis, seit 20.05.2025, 05:59 A6: Pilsen -> Nürnberg, zwischen 0.4 km hinter Oberpfälzer Alb und 0.4 km vor AS Sulzbach-Rosenberg  Gefahr durch Gegenstände auf der Fahrbahn",49.4248876330538,11.6833914612972
"A6","undefined--vi-avl.2025-05-20_06-05-30-000.f_003.de0","49.63134259419375,12.502373280117098,49.63134259419375,12.502373280117098","49.63134259419375,12.502373280117098","WARNING","A6 | Waidhaus - Waidhaus"," Pilsen -> Nürnberg",NA,"STATIONARY_TRAFFIC","6",2025-05-20,"Beginn: 20.05.25 um 06:07 Uhr  Angespannte Verkehrslage, seit 20.05.2025, 06:07 A6: Pilsen -> Nürnberg, 1.0 km vor AS Waidhaus, aus Richtung Waidhaus-Autobahn  Im Stillstand Durchschnittsgeschwindigkeit: 6 km/h",49.6313425941937,12.5023732801171
"A6","undefined--vi-zus.2025-05-20_04-25-00-000.f.de0","49.631349321863716,12.502525133548277,49.63191984479206,12.452302852393316","49.631349321863716,12.502525133548277","WARNING","A6 | Waidhaus-Autobahn - Ulrichsberg"," Pilsen -> Nürnberg",8,"STATIONARY_TRAFFIC","20.700000762939453",2025-05-20,"Beginn: 20.05.25 um 04:25 Uhr  Zusammengesetzte Verkehrsinformation, seit 20.05.2025, 04:25 A6: Pilsen -> Nürnberg, zwischen 2.0 km hinter Waidhaus-Autobahn und Ulrichsberg  Im Stillstand Reisezeitverlust: 8 Minuten Durchschnittsgeschwindigkeit: 20 km/h",49.6313493218637,12.5025251335483
"A7","undefined--vi-zus.2025-05-20_05-27-00-000.f.de0","47.57331825183876,10.661050996969953,47.57538933115995,10.661761037364318","47.57331825183876,10.661050996969953","WARNING","A7 | Grenztunnel Füssen - Reinertshofertunnel"," Füssen/Reutte -> Ulm",0,"QUEUING_TRAFFIC","21",2025-05-20,"Beginn: 20.05.25 um 05:27 Uhr  Zusammengesetzte Verkehrsinformation, seit 20.05.2025, 05:27 A7: Füssen/Reutte -> Ulm, zwischen 1.6 km hinter Grenztunnel Füssen und 2.9 km vor Reinertshofertunnel  Stockender Verkehr Reisezeitverlust: 0 Minuten Durchschnittsgeschwindigkeit: 21 km/h",47.5733182518388,10.66105099697
"A7","undefined--vi-zus.2025-05-13_04-57-00-000.f_003.de0","47.595412441892016,10.656244234565428,47.62654678358412,10.642572056942274","47.595412441892016,10.656244234565428","WARNING","A7 | Füssen - Nesselwang"," Füssen/Reutte -> Ulm",NA,NA,NA,2025-05-13,"Beginn: 13.05.25 um 04:57 Uhr  Zusammengesetzte Verkehrsinformation, seit 13.05.2025, 04:57 A7: Füssen/Reutte -> Ulm, zwischen 2.5 km hinter AS Füssen und 9.1 km vor AS Nesselwang  A7 Füssen/Reutte Richtung Ulm zwischen Reinertshoftunnel und Nesselwang Verkehr wird über die Gegenfahrbahn geleitet, Baustelle, von 16.05.2025 05:00 Uhr bis 18.07.2025 15:00 Uhr",47.595412441892,10.6562442345654
"A7","undefined--vi-zus.2025-03-31_00-40-00-000.f_018.de0","53.579141433849884,9.913430072127355,53.55636870091902,9.897540700000414","53.579141433849884,9.913430072127355","WARNING","A7 | Hamburg-Volkspark - Elbtunnel (Nordportal)"," Flensburg -> Hamburg",NA,NA,NA,2025-03-31,"Beginn: 31.03.25 um 00:40 Uhr  Zusammengesetzte Verkehrsinformation, seit 31.03.2025, 00:40 A7: Flensburg -> Hamburg, zwischen 0.4 km hinter AS Hamburg-Volkspark und 0.9 km vor Elbtunnel (Nordportal)  A7 Flensburg Richtung Hamburg Ausfahrt Hamburg-Othmarschen Fahrbahnverengung, maximale Fahrbahnbreite von 4,50 m, Bauarbeiten, bis 29.09.2025",53.5791414338499,9.91343007212735
"A8","undefined--vi-zus.2025-03-26_17-59-56-000.f_013.de0","49.32575278791285,7.172731755291576,49.327350714671546,7.213275819282444","49.32575278791285,7.172731755291576","WARNING","A8 | Neunkirchen/Spiesen - Kohlhof"," Saarlouis -> Neunkirchen",NA,NA,NA,2025-03-26,"Beginn: 26.03.25 um 17:59 Uhr  Zusammengesetzte Verkehrsinformation, seit 26.03.2025, 17:59 A8: Saarlouis -> Neunkirchen, zwischen 1.5 km hinter AS Neunkirchen/Spiesen und 1.0 km vor Kohlhof  A8 Saarlouis - Neunkirchen zwischen Neunkirchen-Spiesen und Neunkirchen-Oberstadt in beiden Richtungen Bauarbeiten, bis voraussichtlich 01.06.2025",49.3257527879128,7.17273175529158
"A8","undefined--vi-zus.2025-05-14_09-26-56-000.f.de0","49.32628400979037,7.229641516813452,49.329166750017514,7.1882642393148934","49.32628400979037,7.229641516813452","WARNING","A8 | Neunkirchen-Wellesweiler - Neunkirchen/Spiesen"," Neunkirchen -> Saarlouis",NA,NA,NA,2025-05-14,"Beginn: 14.05.25 um 09:26 Uhr  Zusammengesetzte Verkehrsinformation, seit 14.05.2025, 09:26 A8: Neunkirchen -> Saarlouis, zwischen 0.4 km hinter AS Neunkirchen-Wellesweiler und 2.7 km vor AS Neunkirchen/Spiesen  A8 Saarlouis - Neunkirchen zwischen Neunkirchen-Spiesen und Neunkirchen-Oberstadt in beiden Richtungen Bauarbeiten, bis voraussichtlich 01.06.2025",49.3262840097904,7.22964151681345
"A8","undefined--vi-unf.2025-05-20_05-42-30-000.f_001.de0","48.457272182963465,10.077159655921866,48.456601314559414,10.02572072025586","48.457272182963465,10.077159655921866","WARNING","A8 | Ulm/Elchingen - Ulm-Nord"," München -> Stuttgart",NA,NA,NA,2025-05-20,"Beginn: 20.05.25 um 05:42 Uhr  Unfall, seit 20.05.2025, 05:42 A8: München -> Stuttgart, zwischen 3.0 km hinter AK Ulm/Elchingen und 4.0 km vor AS Ulm-Nord",48.4572721829635,10.0771596559219
"A8","undefined--vi-avl.2025-05-20_05-51-00-000.f.de0","47.8472691875357,11.86650967678267,47.82885864654958,11.900075441239597","47.8472691875357,11.86650967678267","WARNING","A8 | Seehamer See (West) - Irschenberg"," München -> Salzburg",1,"SLOW_TRAFFIC","67.30000305175781",2025-05-20,"Beginn: 20.05.25 um 05:51 Uhr  Angespannte Verkehrslage, seit 20.05.2025, 05:51 A8: München -> Salzburg, zwischen 0.2 km hinter Seehamer See (West) und 0.4 km vor AS Irschenberg  Langsamer Verkehr Reisezeitverlust: 1 Minuten Durchschnittsgeschwindigkeit: 67 km/h",47.8472691875357,11.8665096767827
"A8","undefined--vi-avl.2025-05-20_05-51-00-000.f_001.de0","47.76843850378248,12.941859529400094,47.76834710094898,12.93780160011453","47.76843850378248,12.941859529400094","WARNING","A8 | Bad Reichenhall - Bad Reichenhall"," Salzburg -> München",1,"QUEUING_TRAFFIC","10.800000190734863",2025-05-20,"Beginn: 20.05.25 um 05:51 Uhr  Angespannte Verkehrslage, seit 20.05.2025, 05:51 A8: Salzburg -> München, zwischen 0.1 km hinter Bad Reichenhall und 2.5 km vor AS Bad Reichenhall  Stockender Verkehr Reisezeitverlust: 1 Minuten Durchschnittsgeschwindigkeit: 10 km/h",47.7684385037825,12.9418595294001
"A9","undefined--vi-avl.2025-05-20_05-58-00-000.f_002.de0","50.92486867671974,11.839325444619517,50.93416187656767,11.83664239977625","50.92486867671974,11.839325444619517","WARNING","A9 | Bad Klosterlausnitz - Kuhberg"," Nürnberg -> Halle/Leipzig",0,"SLOW_TRAFFIC","64.80000305175781",2025-05-20,"Beginn: 20.05.25 um 05:58 Uhr  Angespannte Verkehrslage, seit 20.05.2025, 05:58 A9: Nürnberg -> Halle/Leipzig, zwischen 1.5 km hinter AS Bad Klosterlausnitz und 3.9 km vor Kuhberg  Langsamer Verkehr Reisezeitverlust: 0 Minuten Durchschnittsgeschwindigkeit: 64 km/h",50.9248686767197,11.8393254446195
"A9","undefined--vi-hind.2025-05-20_04-40-00-000.f_003.de0","51.40270400093421,12.183930000025287,51.42182551578314,12.194928135159659","51.40270400093421,12.183930000025287","WARNING","A9 | Großkugel - Schkeuditzer Kreuz"," Halle/Leipzig -> Berlin",NA,NA,NA,2025-05-20,"Beginn: 20.05.25 um 04:40 Uhr  Fahrzeug-Hindernis, seit 20.05.2025, 04:40 A9: Halle/Leipzig -> Berlin, zwischen 0.3 km hinter AS Großkugel und 0.7 km vor AK Schkeuditzer Kreuz Gefahr durch ein defektes Fahrzeug auf der Fahrbahn",51.4027040009342,12.1839300000253
"A9","undefined--vi-avl.2025-05-20_06-07-30-000.f_004.de0","52.272652234909984,12.910227307968652,52.272652234909984,12.910227307968652","52.272652234909984,12.910227307968652","WARNING","A9 | Beelitz-Heilstätten - Beelitz-Heilstätten"," Berlin -> Halle/Leipzig",NA,"STATIONARY_TRAFFIC","8",2025-05-20,"Beginn: 20.05.25 um 06:07 Uhr  Angespannte Verkehrslage, seit 20.05.2025, 06:07 A9: Berlin -> Halle/Leipzig, 0.4 km vor AS Beelitz-Heilstätten, aus Richtung Potsdam  Im Stillstand Durchschnittsgeschwindigkeit: 8 km/h",52.27265223491,12.9102273079687
"A9","undefined--vi-zus.2025-05-20_06-06-30-000.f_001.de0","52.272652234909984,12.910227307968652,52.272652234909984,12.910227307968652","52.272652234909984,12.910227307968652","WARNING","A9 | Potsdam - Beelitz-Heilstätten"," Berlin -> Halle/Leipzig",0,"STATIONARY_TRAFFIC","11.100000381469727",2025-05-20,"Beginn: 20.05.25 um 06:06 Uhr  Zusammengesetzte Verkehrsinformation, seit 20.05.2025, 06:06 A9: Berlin -> Halle/Leipzig, zwischen 2.0 km hinter AD Potsdam und 0.2 km vor AS Beelitz-Heilstätten  Im Stillstand Reisezeitverlust: 0 Minuten Durchschnittsgeschwindigkeit: 11 km/h",52.27265223491,12.9102273079687
"A10","undefined--vi-hind.2025-05-20_05-19-30-000.f_002.de0","52.700122289622534,13.270532755437412,52.70303440092757,13.210977300082781","52.700122289622534,13.270532755437412","WARNING","A10 | Birkenwerder - Kreuz Oranienburg"," Dreieck Barnim -> Dreieck Havelland",NA,NA,NA,2025-05-20,"Beginn: 20.05.25 um 05:19 Uhr  Hindernis, seit 20.05.2025, 05:19 A10: Dreieck Barnim -> Dreieck Havelland, zwischen 0.3 km hinter AS Birkenwerder und 1.1 km vor AD Kreuz Oranienburg  Gefahr durch Gegenstände auf der Fahrbahn",52.7001222896225,13.2705327554374
"A12","WarnungA10Lkw3","47.61802931631098,12.202336027754352,47.61802931631098,12.202336027754352","47.61802931631098,12.202336027754352","WARNING","E45/E60 | LKW Blockabfertigung | A12-Inntal Autobahn","Richtung Italien",NA,NA,NA,2025-01-11,"Zeitraum: Beginn: 07.01.2025 Ende: 09.12.2025  Hinweis für LKW-Reisende nach Österreich: LKW-Blockabfertigungen an ausgewählten Tagen für Lkw am Grenzübergang Kufstein/Kiefersfelden. Maximaler Durchlass von 300 LKWs pro Stunde  Die genauen Ausführungszeiten und weitere Informationen auf tirol.gv.at/verkehr/verkehrs-und-seilbahnrecht/lkw-dosierung.",47.618029316311,12.2023360277544
"A12","WarnungA10Lkw2","47.6164490154047,12.202382557672273,47.6164490154047,12.202382557672273","47.6164490154047,12.202382557672273","WARNING","E43/E45/E60 | A13-Brenner Autobahn","Richtung Italien",NA,NA,NA,2025-01-11,"Zeitraum: Beginn: 11.01.2025 Ende: 27.09.2025  Hinweis für LKW-Reisende nach Österreich: LKW-Fahrverbot auf der A12-Inntal Autobahn, A13-Brenner Autobahn und A14-Rheintal/Walgau Autobahn, wenn das Ziel der Fahrt der Anschlussstelle Nößlach bis Anschlussstelle Brenner Nord der Richtungsfahrbahn Staatsgrenze der A 13 Brenner Autobahn erreicht werden soll. An ausgewählten Samstagen 7-15 Uhr sowie weiteren Tagen im Zeitraum 11.01. - 27.09.2025 Weitere Informationen auf http://asfinag.at/a13",47.6164490154047,12.2023825576723
"A14","undefined--vi-hind.2025-05-19_17-17-30-000.f_025.de0","53.15961128935529,11.72789029312949,53.223319900921695,11.615065400008177","53.15961128935529,11.72789029312949","WARNING","A14 | Karstädt - Meynbach"," Wittenberge -> Schwerin",NA,NA,NA,2025-05-19,"Beginn: 19.05.25 um 17:17 Uhr  Hindernis, seit 19.05.2025, 17:17 A14: Wittenberge -> Schwerin, zwischen 0.4 km hinter AS Karstädt und 1.8 km vor Meynbach  Gefahr durch Gegenstände auf der Fahrbahn",53.1596112893553,11.7278902931295
"A14","undefined--vi-hind.2025-05-19_17-22-02-000.f_026.de0","53.15945940092222,11.728050100009963,53.15945940092222,11.728050100009963","53.15945940092222,11.728050100009963","WARNING","A14 | Karstädt - Groß Warnow"," Wittenberge -> Schwerin",NA,NA,NA,2025-05-19,"Beginn: 19.05.25 um 17:22 Uhr  Hindernis, seit 19.05.2025, 17:22 A14: Wittenberge -> Schwerin, zwischen 0.4 km hinter AS Karstädt und 10.4 km vor AS Groß Warnow  Gefahr durch Gegenstände auf der Fahrbahn",53.1594594009222,11.72805010001
"A15","undefined--vi-avl.2025-05-20_04-56-00-000.f_001.de0","51.71080413521021,14.400207112994863,51.70743960865035,14.432105135058007","51.71080413521021,14.400207112994863","WARNING","A15 | Cottbus-Süd - Roggosen"," Cottbus -> Breslau",0,"SLOW_TRAFFIC","73.30000305175781",2025-05-20,"Beginn: 20.05.25 um 04:56 Uhr  Angespannte Verkehrslage, seit 20.05.2025, 04:56 A15: Cottbus -> Breslau, zwischen 3.6 km hinter AS Cottbus-Süd und 2.4 km vor AS Roggosen  Langsamer Verkehr Reisezeitverlust: 0 Minuten Durchschnittsgeschwindigkeit: 73 km/h",51.7108041352102,14.4002071129949
"A15","undefined--vi-avl.2025-05-20_05-01-00-000.f.de0","51.70884888278821,14.442887780569515,51.7119984017227,14.397685070431345","51.70884888278821,14.442887780569515","WARNING","A15 | Roggosen - Cottbus-Süd"," Breslau -> Cottbus",1,"SLOW_TRAFFIC","71.4000015258789",2025-05-20,"Beginn: 20.05.25 um 05:01 Uhr  Angespannte Verkehrslage, seit 20.05.2025, 05:01 A15: Breslau -> Cottbus, zwischen 1.6 km hinter AS Roggosen und 3.4 km vor AS Cottbus-Süd  Langsamer Verkehr Reisezeitverlust: 1 Minuten Durchschnittsgeschwindigkeit: 71 km/h",51.7088488827882,14.4428877805695
"A15","undefined--vi-avl.2025-05-20_05-56-00-000.f_004.de0","51.666416665693596,14.744085433019661,51.66700588344164,14.730539409350758","51.666416665693596,14.744085433019661","WARNING","A15 | Forst - Forst"," Breslau -> Cottbus",1,"SLOW_TRAFFIC","18",2025-05-20,"Beginn: 20.05.25 um 05:56 Uhr  Angespannte Verkehrslage, seit 20.05.2025, 05:56 A15: Breslau -> Cottbus, zwischen 0.6 km hinter Forst und 9.8 km vor AS Forst  Langsamer Verkehr Reisezeitverlust: 1 Minuten Durchschnittsgeschwindigkeit: 18 km/h",51.6664166656936,14.7440854330197
"A17","undefined--vi-avl.2025-05-20_06-07-30-000.f.de0","50.80782612022651,13.881387623663556,50.80782612022651,13.881387623663556","50.80782612022651,13.881387623663556","WARNING","A17 | Am Heidenholz - Am Heidenholz"," Prag -> Dresden",NA,"QUEUING_TRAFFIC","27",2025-05-20,"Beginn: 20.05.25 um 06:07 Uhr  Angespannte Verkehrslage, seit 20.05.2025, 06:07 A17: Prag -> Dresden, 1.7 km vor Am Heidenholz, aus Richtung Breitenau-Schönwald  Stockender Verkehr Durchschnittsgeschwindigkeit: 27 km/h",50.8078261202265,13.8813876236636
"A17","undefined--vi-zus.2025-05-20_05-32-00-000.f.de0","50.807808287328086,13.881384264028645,50.82707059427989,13.887574912681838","50.807808287328086,13.881384264028645","WARNING","A17 | Breitenau-Schönwald - Bad Gottleuba"," Prag -> Dresden",3,"QUEUING_TRAFFIC","27",2025-05-20,"Beginn: 20.05.25 um 05:32 Uhr  Zusammengesetzte Verkehrsinformation, seit 20.05.2025, 05:32 A17: Prag -> Dresden, zwischen 3.1 km hinter Breitenau-Schönwald und 0.5 km vor AS Bad Gottleuba  Stockender Verkehr Reisezeitverlust: 3 Minuten Durchschnittsgeschwindigkeit: 27 km/h",50.8078082873281,13.8813842640286
"A23","undefined--vi-hind.2025-05-20_05-57-00-000.f_001.de0","53.67835910091804,9.797528500000368,53.67687835144392,9.799271171052455","53.67835910091804,9.797528500000368","WARNING","A23 | Pinneberg-Nord - Pinneberg-Mitte"," Heide -> Hamburg",NA,NA,NA,2025-05-20,"Beginn: 20.05.25 um 05:57 Uhr  Hindernis, seit 20.05.2025, 05:57 A23: Heide -> Hamburg, zwischen AS Pinneberg-Nord und 2.9 km vor AS Pinneberg-Mitte  Gefahr durch Gegenstände auf der Fahrbahn",53.678359100918,9.79752850000037
"A23","undefined--vi-avl.2025-05-20_05-18-30-000.f_005.de0","53.714733611170985,9.75948890976989,53.714733611170985,9.75948890976989","53.714733611170985,9.75948890976989","WARNING","A23 | Forst Rantzau Nord - Forst Rantzau Nord"," Heide -> Hamburg",NA,"STATIONARY_TRAFFIC","19",2025-05-20,"Beginn: 20.05.25 um 06:07 Uhr  Angespannte Verkehrslage, seit 20.05.2025, 06:07 A23: Heide -> Hamburg, 1.1 km vor Forst Rantzau Nord, aus Richtung Tornesch  Im Stillstand Durchschnittsgeschwindigkeit: 19 km/h",53.714733611171,9.75948890976989
"A23","undefined--vi-avl.2025-05-20_05-10-30-000.f_001.de0","53.714670814393486,9.759597312380508,53.65919049570093,9.820245023032982","53.714670814393486,9.759597312380508","WARNING","A23 | Tornesch - Pinneberg-Mitte"," Heide -> Hamburg",17,"STATIONARY_TRAFFIC","20.700000762939453",2025-05-20,"Beginn: 20.05.25 um 05:10 Uhr  Angespannte Verkehrslage, seit 20.05.2025, 05:10 A23: Heide -> Hamburg, zwischen 0.4 km hinter AS Tornesch und 0.5 km vor AS Pinneberg-Mitte  Im Stillstand Reisezeitverlust: 17 Minuten Durchschnittsgeschwindigkeit: 20 km/h",53.7146708143935,9.75959731238051
"A44","undefined--vi-hind.2025-05-20_05-58-00-000.f_002.de0","51.000086893176444,6.393046188081681,51.00882246765224,6.406156833464503","51.000086893176444,6.393046188081681","WARNING","A44 | Jülich-Ost - Königstal"," Aachen -> Mönchengladbach",NA,NA,NA,2025-05-20,"Beginn: 20.05.25 um 05:58 Uhr  Hindernis, seit 20.05.2025, 05:58 A44: Aachen -> Mönchengladbach, zwischen 4.4 km hinter AS Jülich-Ost und 1.8 km vor Königstal  Gefahr durch eine ungesicherte Unfallstelle",51.0000868931764,6.39304618808168
"A44","undefined--vi-zus.2025-05-20_06-06-30-000.f.de0","51.000144607308115,6.393114171517112,51.00450371756645,6.398930618490311","51.000144607308115,6.393114171517112","WARNING","A44 | Jülich-Ost - Titz"," Aachen -> Mönchengladbach",0,"QUEUING_TRAFFIC","44.20000076293945",2025-05-20,"Beginn: 20.05.25 um 06:06 Uhr  Zusammengesetzte Verkehrsinformation, seit 20.05.2025, 06:06 A44: Aachen -> Mönchengladbach, zwischen 4.4 km hinter AS Jülich-Ost und 0.5 km vor AS Titz  Gefahr durch eine ungesicherte Unfallstelle  Stockender Verkehr Reisezeitverlust: 0 Minuten Durchschnittsgeschwindigkeit: 44 km/h",51.0001446073081,6.39311417151711
"A45","undefined--vi-avl.2025-05-20_06-05-30-000.f_001.de0","51.265786955274,7.602143614471555,51.265786955274,7.602143614471555","51.265786955274,7.602143614471555","WARNING","A45 | Lüdenscheid-Nord - Lüdenscheid-Nord"," Hagen -> Gießen",NA,"STATIONARY_TRAFFIC","6",2025-05-20,"Beginn: 20.05.25 um 06:07 Uhr  Angespannte Verkehrslage, seit 20.05.2025, 06:07 A45: Hagen -> Gießen, 1.1 km vor AS Lüdenscheid-Nord, aus Richtung Sterbecker Siepen  Im Stillstand Durchschnittsgeschwindigkeit: 6 km/h",51.265786955274,7.60214361447156
"A45","undefined--vi-avl.2025-05-20_06-05-00-000.f_002.de0","51.265786955274,7.602143614471555,51.263860400934774,7.60281269999918","51.265786955274,7.602143614471555","WARNING","A45 | Sterbecker Siepen - Lüdenscheid-Nord"," Hagen -> Gießen",1,"STATIONARY_TRAFFIC","8.399999618530273",2025-05-20,"Beginn: 20.05.25 um 06:05 Uhr  Angespannte Verkehrslage, seit 20.05.2025, 06:05 A45: Hagen -> Gießen, zwischen 0.2 km hinter Sterbecker Siepen und 0.8 km vor AS Lüdenscheid-Nord  Im Stillstand Reisezeitverlust: 1 Minuten Durchschnittsgeschwindigkeit: 8 km/h",51.265786955274,7.60214361447156
"A48","undefined--vi-hind.2025-05-20_05-48-00-000.f_004.de0","50.18906554503287,6.911034300304945,50.20905345302862,6.974428457715738","50.18906554503287,6.911034300304945","WARNING","A48 | Vulkaneifel - Laubach"," Dreieck Vulkaneifel -> Koblenz",NA,NA,NA,2025-05-20,"Beginn: 20.05.25 um 05:48 Uhr  Hindernis, seit 20.05.2025, 05:48 A48: Dreieck Vulkaneifel -> Koblenz, zwischen 0.9 km hinter AD Vulkaneifel und 9.0 km vor AS Laubach  Gefahr durch Gegenstände auf der Fahrbahn",50.1890655450329,6.91103430030495
"A48","undefined--vi-hind.2025-05-20_05-48-00-000.f_001.de0","50.18889100094029,6.9103436999961705,50.189071673939424,6.9110606320967305","50.18889100094029,6.9103436999961705","WARNING","A48 | Vulkaneifel - Ulmen"," Dreieck Vulkaneifel -> Koblenz",NA,NA,NA,2025-05-20,"Beginn: 20.05.25 um 05:48 Uhr  Hindernis, seit 20.05.2025, 05:48 A48: Dreieck Vulkaneifel -> Koblenz, zwischen 0.8 km hinter AD Vulkaneifel und 5.0 km vor AS Ulmen  Gefahr durch Gegenstände auf der Fahrbahn",50.1888910009403,6.91034369999617
"A60","undefined--vi-hind.2025-05-20_05-47-00-000.f_005.de0","49.99463620094116,8.088568699999716,50.00042150622892,8.106457490499588","49.99463620094116,8.088568699999716","WARNING","A60 | Ingelheim-West - Heidenfahrt"," Bingen -> Mainz",NA,NA,NA,2025-05-20,"Beginn: 20.05.25 um 05:47 Uhr  Hindernis, seit 20.05.2025, 05:47 A60: Bingen -> Mainz, zwischen 4.9 km hinter AS Ingelheim-West und 0.1 km vor Heidenfahrt  Gefahr durch eine ungesicherte Unfallstelle",49.9946362009412,8.08856869999972
"A60","undefined--vi-hind.2025-05-20_05-47-00-000.f_002.de0","49.99696305799876,8.09757011859841,49.99696305799876,8.09757011859841","49.99696305799876,8.09757011859841","WARNING","A60 | Ingelheim-Ost - Heidenfahrt"," Bingen -> Mainz",NA,NA,NA,2025-05-20,"Beginn: 20.05.25 um 05:47 Uhr  Fahrzeug-Hindernis, seit 20.05.2025, 05:47 A60: Bingen -> Mainz, zwischen 0.5 km hinter AS Ingelheim-Ost und 0.7 km vor Heidenfahrt Gefahr durch ein defektes Fahrzeug auf der Fahrbahn",49.9969630579988,8.09757011859841
"A60","undefined--vi-zus.2025-04-08_08-51-21-000.f_013.de0","49.98125533976677,8.345695317688524,49.97565770865279,8.441396718063045","49.98125533976677,8.345695317688524","WARNING","A60 | Mainspitz-Dreieck - Rüsselsheimer Dreieck"," Mainz -> Rüsselsheim",NA,NA,NA,2025-04-08,"Beginn: 08.04.25 um 08:51 Uhr  Zusammengesetzte Verkehrsinformation, seit 08.04.2025, 08:51 A60: Mainz -> Rüsselsheim, zwischen 0.5 km hinter AD Mainspitz-Dreieck und 2.2 km vor AD Rüsselsheimer Dreieck  Sperrung der A60 bei Königstädten – Grundhafte Fahrbahnerneuerung zwischen dem Rüsselsheimer Dreieck und dem Mainspitz Dreieck. Die Niederlassung West der Autobahn GmbH erneuert zwischen dem Rüsselsheimer Dreieck (30) und dem Mainspitz Dreieck (26) die Fahrbahn. Von Donnerstagmorgen (24. April) bis Mitte Juli wird die Anschlussstelle (AS) Königstädten (29) in Fahrtrichtung (FR) Mainz sowie in FR Rüsselsheimer Dreieck gesperrt. Umleitungsmöglichkeiten sind ausgeschildert: • Ausfahrt FR Mainz: Umleitung via AS Rüsselsheim-Mitte • Einfahrt FR Mainz: innerstädtische Umleitung zur AS Rüsselsheim-Mitte (Adam-Opel-Straße / Kurt-Schumacher-Ring), von Nauheim kommend via L3482 zur AS Bischofsheim • Einfahrt FR Darmstadt: innerstädtische Umleitung zur AS Rüsselsheim-Mitte (Adam-Opel-Straße / Kurt-Schumacher-Ring) Die Autobahn GmbH bittet alle Verkehrsteilnehmer um Verständnis für die unvermeidlichen Verkehrsbehinderungen, die durch die Arbeiten entstehen.",49.9812553397668,8.34569531768852
"A60","undefined--vi-zus.2025-05-03_10-55-00-000.f_003.de0","49.977457399447445,8.454646346787307,49.981587265039146,8.34517285786785","49.977457399447445,8.454646346787307","WARNING","A60 | Rüsselsheimer Dreieck - Mainspitz-Dreieck"," Rüsselsheim -> Mainz",NA,NA,NA,2025-05-03,"Beginn: 03.05.25 um 10:55 Uhr  Zusammengesetzte Verkehrsinformation, seit 03.05.2025, 10:55 A60: Rüsselsheim -> Mainz, zwischen 0.6 km hinter AD Rüsselsheimer Dreieck und 0.5 km vor AD Mainspitz-Dreieck  Sperrung der A60 bei Königstädten – Grundhafte Fahrbahnerneuerung zwischen dem Rüsselsheimer Dreieck und dem Mainspitz Dreieck. Die Niederlassung West der Autobahn GmbH erneuert zwischen dem Rüsselsheimer Dreieck (30) und dem Mainspitz Dreieck (26) die Fahrbahn. Von Donnerstagmorgen (24. April) bis Mitte Juli wird die Anschlussstelle (AS) Königstädten (29) in Fahrtrichtung (FR) Mainz sowie in FR Rüsselsheimer Dreieck gesperrt. Umleitungsmöglichkeiten sind ausgeschildert: • Ausfahrt FR Mainz: Umleitung via AS Rüsselsheim-Mitte • Einfahrt FR Mainz: innerstädtische Umleitung zur AS Rüsselsheim-Mitte (Adam-Opel-Straße / Kurt-Schumacher-Ring), von Nauheim kommend via L3482 zur AS Bischofsheim • Einfahrt FR Darmstadt: innerstädtische Umleitung zur AS Rüsselsheim-Mitte (Adam-Opel-Straße / Kurt-Schumacher-Ring) Die Autobahn GmbH bittet alle Verkehrsteilnehmer um Verständnis für die unvermeidlichen Verkehrsbehinderungen, die durch die Arbeiten entstehen.",49.9774573994474,8.45464634678731
"A62","undefined--vi-avl.2025-05-20_06-07-30-000.f_003.de0","49.59587540574012,7.046166401071031,49.59460007625734,7.031278620259609","49.59587540574012,7.046166401071031","WARNING","A62 | Sötern - Nonnweiler-Otzenhausen"," Landstuhl -> Nonnweiler",1,"QUEUING_TRAFFIC","35.400001525878906",2025-05-20,"Beginn: 20.05.25 um 06:07 Uhr  Angespannte Verkehrslage, seit 20.05.2025, 06:07 A62: Landstuhl -> Nonnweiler, zwischen Sötern und 3.5 km vor AS Nonnweiler-Otzenhausen  Stockender Verkehr Reisezeitverlust: 1 Minuten Durchschnittsgeschwindigkeit: 35 km/h",49.5958754057401,7.04616640107103
"A63","undefined--vi-avl.2025-05-20_06-00-30-000.f_005.de0","49.94996192210414,8.222830349722459,49.96207300094132,8.236405799999783","49.94996192210414,8.222830349722459","WARNING","A63 | Klein-Winternheim - Mainz-Süd"," Kaiserslautern -> Mainz",1,"SLOW_TRAFFIC","41.79999923706055",2025-05-20,"Beginn: 20.05.25 um 06:00 Uhr  Angespannte Verkehrslage, seit 20.05.2025, 06:00 A63: Kaiserslautern -> Mainz, zwischen 0.2 km hinter AS Klein-Winternheim und 0.3 km vor AK Mainz-Süd  Langsamer Verkehr Reisezeitverlust: 1 Minuten Durchschnittsgeschwindigkeit: 41 km/h",49.9499619221041,8.22283034972246
"A63","undefined--vi-avl.2025-05-20_06-07-30-000.f_002.de0","49.94992313333919,8.222772224125066,49.94992313333919,8.222772224125066","49.94992313333919,8.222772224125066","WARNING","A63 | Mainz-Süd - Mainz-Süd"," Kaiserslautern -> Mainz",NA,"SLOW_TRAFFIC","24",2025-05-20,"Beginn: 20.05.25 um 06:07 Uhr  Angespannte Verkehrslage, seit 20.05.2025, 06:07 A63: Kaiserslautern -> Mainz, 2.0 km vor AK Mainz-Süd, aus Richtung Klein-Winternheim  Langsamer Verkehr Durchschnittsgeschwindigkeit: 24 km/h",49.9499231333392,8.22277222412507
"A64","undefined--vi-avl.2025-05-20_05-50-30-000.f_005.de0","49.735830397533654,6.529633378964453,49.74765044602029,6.5611645700142445","49.735830397533654,6.529633378964453","WARNING","A64 | Sauertalbrücke - Markusberg"," Luxemburg -> Trier",0,"SLOW_TRAFFIC","74.30000305175781",2025-05-20,"Beginn: 20.05.25 um 05:50 Uhr  Angespannte Verkehrslage, seit 20.05.2025, 05:50 A64: Luxemburg -> Trier, zwischen 2.0 km hinter Sauertalbrücke und 1.6 km vor Markusberg  Langsamer Verkehr Reisezeitverlust: 0 Minuten Durchschnittsgeschwindigkeit: 74 km/h",49.7358303975337,6.52963337896445
"A64","undefined--vi-avl.2025-05-20_05-48-30-000.f_003.de0","49.795153568823544,6.651425300960383,49.795153568823544,6.651425300960383","49.795153568823544,6.651425300960383","WARNING","A64 | Trier - Trier"," Trier -> Luxemburg",NA,"STATIONARY_TRAFFIC","8",2025-05-20,"Beginn: 20.05.25 um 06:07 Uhr  Angespannte Verkehrslage, seit 20.05.2025, 06:07 A64: Trier -> Luxemburg, 4.5 km vor AS Trier, aus Richtung Anschluss B52-Trier  Im Stillstand Durchschnittsgeschwindigkeit: 8 km/h",49.7951535688235,6.65142530096038
"A64","undefined--vi-avl.2025-05-20_05-48-30-000.f_001.de0","49.795153568823544,6.651425300960383,49.78605715136984,6.64225469790396","49.795153568823544,6.651425300960383","WARNING","A64 | Anschluss B52-Trier - Trier"," Trier -> Luxemburg",3,"STATIONARY_TRAFFIC","17.600000381469727",2025-05-20,"Beginn: 20.05.25 um 05:48 Uhr  Angespannte Verkehrslage, seit 20.05.2025, 05:48 A64: Trier -> Luxemburg, zwischen 0.4 km hinter Anschluss B52-Trier und 3.3 km vor AS Trier  Im Stillstand Reisezeitverlust: 3 Minuten Durchschnittsgeschwindigkeit: 17 km/h",49.7951535688235,6.65142530096038
"A66","undefined--vi-hind.2025-05-20_05-32-30-000.f_003.de0","50.276434200939875,9.374773900000102,50.31570289223189,9.430536777880143","50.276434200939875,9.374773900000102","WARNING","A66 | Bad Soden-Salmünster - Steinau a.d.Str."," Frankfurt -> Fulda",NA,NA,NA,2025-05-20,"Beginn: 20.05.25 um 05:32 Uhr  Hindernis, seit 20.05.2025, 05:32 A66: Frankfurt -> Fulda, zwischen 0.2 km hinter AS Bad Soden-Salmünster und 0.4 km vor AS Steinau a.d.Str.  Gefahr durch Gegenstände auf der Fahrbahn",50.2764342009399,9.3747739000001
"A70","undefined--vi-hind.2025-05-20_05-42-30-000.f_001.de0","49.982531567586946,11.045177335089345,49.9887142009412,11.119900300004126","49.982531567586946,11.045177335089345","WARNING","A70 | Giechburgblick - Paradiestal"," Bamberg -> Bayreuth",NA,NA,NA,2025-05-20,"Beginn: 20.05.25 um 05:42 Uhr  Fahrzeug-Hindernis, seit 20.05.2025, 05:42 A70: Bamberg -> Bayreuth, zwischen 5.7 km hinter Giechburgblick und 3.5 km vor Paradiestal",49.9825315675869,11.0451773350893
"A70","undefined--vi-zus.2025-05-20_06-07-00-000.f.de0","49.983848497630355,11.082033532436983,49.9872449078739,11.101405333743358","49.983848497630355,11.082033532436983","WARNING","A70 | Scheßlitz - Roßdorf am Berg"," Bamberg -> Bayreuth",0,"SLOW_TRAFFIC","64.30000305175781",2025-05-20,"Beginn: 20.05.25 um 06:07 Uhr  Zusammengesetzte Verkehrsinformation, seit 20.05.2025, 06:07 A70: Bamberg -> Bayreuth, zwischen 2.7 km hinter AS Scheßlitz und 1.3 km vor AS Roßdorf am Berg  Langsamer Verkehr Reisezeitverlust: 0 Minuten Durchschnittsgeschwindigkeit: 64 km/h",49.9838484976304,11.082033532437
"A71","undefined--vi-avl.2025-05-20_06-05-30-000.f_008.de0","50.3950352950515,10.316274042067924,50.40324207850218,10.322982782632803","50.3950352950515,10.316274042067924","WARNING","A71 | Bad Neustadt a.d.Saale - Mellrichstadt"," Schweinfurt -> Suhl",0,"SLOW_TRAFFIC","69.69999694824219",2025-05-20,"Beginn: 20.05.25 um 06:05 Uhr  Angespannte Verkehrslage, seit 20.05.2025, 06:05 A71: Schweinfurt -> Suhl, zwischen 7.9 km hinter AS Bad Neustadt a.d.Saale und 1.3 km vor AS Mellrichstadt  Langsamer Verkehr Reisezeitverlust: 0 Minuten Durchschnittsgeschwindigkeit: 69 km/h",50.3950352950515,10.3162740420679
"A71","undefined--vi-avl.2025-05-20_06-01-30-000.f.de0","50.35605761302479,10.317256710738988,50.366712860824954,10.316513241874969","50.35605761302479,10.317256710738988","WARNING","A71 | Bad Neustadt a.d.Saale - Mellrichstadt"," Schweinfurt -> Suhl",0,"SLOW_TRAFFIC","65.0999984741211",2025-05-20,"Beginn: 20.05.25 um 06:01 Uhr  Angespannte Verkehrslage, seit 20.05.2025, 06:01 A71: Schweinfurt -> Suhl, zwischen 3.5 km hinter AS Bad Neustadt a.d.Saale und 5.5 km vor AS Mellrichstadt  Langsamer Verkehr Reisezeitverlust: 0 Minuten Durchschnittsgeschwindigkeit: 65 km/h",50.3560576130248,10.317256710739
"A81","undefined--vi-hind.2025-05-20_05-32-30-000.f_002.de0","48.67748872080805,8.964595166456006,48.66568577046869,8.96301109143141","48.67748872080805,8.964595166456006","WARNING","A81 | Böblingen-Hulb - Hildrizhausen"," Stuttgart -> Singen",NA,NA,NA,2025-05-20,"Beginn: 20.05.25 um 05:32 Uhr  Fahrzeug-Hindernis, seit 20.05.2025, 05:32 A81: Stuttgart -> Singen, zwischen 0.7 km hinter AS Böblingen-Hulb und 2.7 km vor AS Hildrizhausen",48.6774887208081,8.96459516645601
"A93","undefined--vi-unf.2025-05-20_05-32-30-000.f_001.de0","48.93230836153442,12.089198799038188,48.89433564746429,12.077864352679061","48.93230836153442,12.089198799038188","WARNING","A93 | Bad Abbach - Saalhaupt"," Regensburg -> Holledau",NA,NA,NA,2025-05-20,"Beginn: 20.05.25 um 05:32 Uhr  Unfall, seit 20.05.2025, 05:32 A93: Regensburg -> Holledau, zwischen 0.2 km hinter AS Bad Abbach und 0.5 km vor AD Saalhaupt",48.9323083615344,12.0891987990382
"A94","undefined--vi-zus.2025-05-20_05-42-30-000.f_003.de0","48.25880290094732,12.161264000034121,48.24734340094729,12.045392500028148","48.25880290094732,12.161264000034121","WARNING","A94 | Fürthholz - Lengdorf"," Passau -> München",NA,NA,NA,2025-05-20,"Beginn: 20.05.25 um 05:42 Uhr  Zusammengesetzte Verkehrsinformation, seit 20.05.2025, 05:42 A94: Passau -> München, zwischen 2.1 km hinter Fürthholz und 0.3 km vor AS Lengdorf  Gefahr durch Personen auf der Fahrbahn  Gefahr durch Gegenstände auf der Fahrbahn  A94 Passau Richtung München zwischen Dorfen und Lengdorf Gefahr durch defekten LKW, Gefahr durch Personen auf der Fahrbahn, Gefahr durch Gegenstände (Reifenteile) auf der Fahrbahn",48.2588029009473,12.1612640000341
"A95","undefined--vi-hind.2025-05-20_05-50-00-000.f_001.de0","48.080674400947615,11.487861500010231,48.02089531486073,11.419251840226272","48.080674400947615,11.487861500010231","WARNING","A95 | München-Fürstenried - Starnberg"," München -> Garmisch-Partenkirchen",NA,NA,NA,2025-05-20,"Beginn: 20.05.25 um 05:50 Uhr  Fahrzeug-Hindernis, seit 20.05.2025, 05:50 A95: München -> Garmisch-Partenkirchen, zwischen 0.6 km hinter AS München-Fürstenried und 0.6 km vor AD Starnberg",48.0806744009476,11.4878615000102
"A96","undefined--vi-hind.2025-05-20_06-03-30-000.f.de0","47.81364999350213,9.990600689125944,47.75365270094832,9.90742330000022","47.81364999350213,9.990600689125944","WARNING","A96 | Leutkirch-Süd - Kißlegg"," München -> Lindau",NA,NA,NA,2025-05-20,"Beginn: 20.05.25 um 06:03 Uhr  Hindernis, seit 20.05.2025, 06:03 A96: München -> Lindau, zwischen 0.4 km hinter AS Leutkirch-Süd und 0.2 km vor AS Kißlegg  Gefahr durch Gegenstände auf der Fahrbahn",47.8136499935021,9.99060068912594
"A100","undefined--vi-avl.2025-05-20_05-45-30-000.f.de0","52.493898445624254,13.29070747387701,52.493898445624254,13.29070747387701","52.493898445624254,13.29070747387701","WARNING","A100 | Kurfürstendamm(Schwarzbacher Straße) - Kurfürstendamm(Schwarzbacher Straße)"," Wilmersdorf -> Wedding",NA,"SLOW_TRAFFIC","18",2025-05-20,"Beginn: 20.05.25 um 06:07 Uhr  Angespannte Verkehrslage, seit 20.05.2025, 06:07 A100: Wilmersdorf -> Wedding, in Höhe AS Kurfürstendamm(Schwarzbacher Straße), aus Richtung Hohenzollerndamm  Langsamer Verkehr Durchschnittsgeschwindigkeit: 18 km/h",52.4938984456243,13.290707473877
"A100","undefined--vi-avl.2025-05-20_05-26-30-000.f_003.de0","52.493921620265446,13.290644459294999,52.51855081356779,13.28324975699838","52.493921620265446,13.290644459294999","WARNING","A100 | Hohenzollerndamm - Spandauer Damm"," Wilmersdorf -> Wedding",1,"SLOW_TRAFFIC","43.099998474121094",2025-05-20,"Beginn: 20.05.25 um 05:26 Uhr  Angespannte Verkehrslage, seit 20.05.2025, 05:26 A100: Wilmersdorf -> Wedding, zwischen 0.9 km hinter AS Hohenzollerndamm und AS Spandauer Damm  Langsamer Verkehr Reisezeitverlust: 1 Minuten Durchschnittsgeschwindigkeit: 43 km/h",52.4939216202654,13.290644459295
"A113","undefined--vi-avl.2025-05-20_06-06-00-000.f.de0","52.45559497817236,13.460544090936153,52.46219220860899,13.45529202603865","52.45559497817236,13.460544090936153","WARNING","A113 | Späthstraße - Neukölln"," Schönefeld -> Neukölln",0,"SLOW_TRAFFIC","43",2025-05-20,"Beginn: 20.05.25 um 06:06 Uhr  Angespannte Verkehrslage, seit 20.05.2025, 06:06 A113: Schönefeld -> Neukölln, zwischen 0.2 km hinter AS Späthstraße und 0.3 km vor AD Neukölln  Langsamer Verkehr Reisezeitverlust: 0 Minuten Durchschnittsgeschwindigkeit: 43 km/h",52.4555949781724,13.4605440909362
"A113","undefined--vi-zus.2025-05-06_00-21-00-000.f_003.de0","52.43025717661688,13.505075428607936,52.42875800093087,13.509218300121121","52.43025717661688,13.505075428607936","WARNING","A113 | Stubenrauchstraße - Adlershof"," Neukölln -> Schönefeld",NA,NA,NA,2025-05-06,"Beginn: 06.05.25 um 00:21 Uhr  Zusammengesetzte Verkehrsinformation, seit 06.05.2025, 00:21 A113: Neukölln -> Schönefeld, zwischen 0.6 km hinter AS Stubenrauchstraße und 0.3 km vor AS Adlershof  A113 Autobahnzubringer Dresden, Neukölln Richtung Schönefeld
zwischen Stubenrauchstraße und Tunnel Rudower Höhe
linker Fahrstreifen gesperrt, Bauarbeiten, bis voraussichtlich 20.06.2025",52.4302571766169,13.5050754286079
"A115","undefined--vi-zus.2024-10-09_07-09-40-000.f_531.de0","52.40027056808641,13.185163736426698,52.44227384698058,13.202709435405149","52.40027056808641,13.185163736426698","WARNING","A115 | Am Stern - Hüttenweg"," Dreieck Nuthetal -> Dreieck Funkturm",NA,NA,NA,2024-10-09,"Beginn: 09.10.24 um 07:09 Uhr  Zusammengesetzte Verkehrsinformation, seit 09.10.2024, 07:09 A115: Dreieck Nuthetal -> Dreieck Funkturm, zwischen 2.9 km hinter Am Stern und 3.8 km vor AS Hüttenweg  A115 Autobahnzubringer Magdeburg, Dreieck Nuthetal Richtung Dreieck Funkturm, zwischen Anschlussstelle Kleinmachnow und Anschlussstelle Spanische Allee, Baustelle, bis 31.10.2026 17:00 Uhr",52.4002705680864,13.1851637364267
"A115","undefined--vi-avl.2025-05-20_06-03-00-000.f_001.de0","52.40196495537604,13.187075268510544,52.409010539380716,13.195052580442711","52.40196495537604,13.187075268510544","WARNING","A115 | Am Stern - Dreilinden"," Dreieck Nuthetal -> Dreieck Funkturm",1,"SLOW_TRAFFIC","35.20000076293945",2025-05-20,"Beginn: 20.05.25 um 06:03 Uhr  Angespannte Verkehrslage, seit 20.05.2025, 06:03 A115: Dreieck Nuthetal -> Dreieck Funkturm, zwischen 3.1 km hinter Am Stern und 0.8 km vor Dreilinden  Langsamer Verkehr Reisezeitverlust: 1 Minuten Durchschnittsgeschwindigkeit: 35 km/h",52.401964955376,13.1870752685105
"A115","undefined--vi-avl.2025-05-20_06-07-30-000.f_001.de0","52.40183179349688,13.18692539387081,52.40183179349688,13.18692539387081","52.40183179349688,13.18692539387081","WARNING","A115 | Kleinmachnow - Kleinmachnow"," Dreieck Nuthetal -> Dreieck Funkturm",NA,"SLOW_TRAFFIC","27",2025-05-20,"Beginn: 20.05.25 um 06:07 Uhr  Angespannte Verkehrslage, seit 20.05.2025, 06:07 A115: Dreieck Nuthetal -> Dreieck Funkturm, 0.1 km vor AS Kleinmachnow, aus Richtung Am Stern  Langsamer Verkehr Durchschnittsgeschwindigkeit: 27 km/h",52.4018317934969,13.1869253938708
"A261","undefined--vi-avl.2025-05-20_05-48-00-000.f.de0","53.37799243170089,9.864166574553092,53.38351057216495,9.873293643588239","53.37799243170089,9.864166574553092","WARNING","A261 | Buchholzer Dreieck - Rosengarten-Ost"," Buchholzer Dreieck -> Hamburg-Südwest",0,"SLOW_TRAFFIC","56.5",2025-05-20,"Beginn: 20.05.25 um 05:48 Uhr  Angespannte Verkehrslage, seit 20.05.2025, 05:48 A261: Buchholzer Dreieck -> Hamburg-Südwest, zwischen 0.9 km hinter AD Buchholzer Dreieck und 0.2 km vor Rosengarten-Ost  Langsamer Verkehr Reisezeitverlust: 0 Minuten Durchschnittsgeschwindigkeit: 56 km/h",53.3779924317009,9.86416657455309
"A261","undefined--vi-avl.2025-05-20_06-05-30-000.f.de0","53.37574735506742,9.85987502013279,53.377974653862594,9.864132667427373","53.37574735506742,9.85987502013279","WARNING","A261 | Buchholzer Dreieck - Rosengarten-Ost"," Buchholzer Dreieck -> Hamburg-Südwest",0,"QUEUING_TRAFFIC","36.5",2025-05-20,"Beginn: 20.05.25 um 06:05 Uhr  Angespannte Verkehrslage, seit 20.05.2025, 06:05 A261: Buchholzer Dreieck -> Hamburg-Südwest, zwischen 0.5 km hinter AD Buchholzer Dreieck und 1.1 km vor Rosengarten-Ost  Stockender Verkehr Reisezeitverlust: 0 Minuten Durchschnittsgeschwindigkeit: 36 km/h",53.3757473550674,9.85987502013279
"A391","undefined--vi-hind.2025-05-20_03-36-30-000.f_005.de0","52.27911864544913,10.491453847675304,52.27489794016378,10.492353265517814","52.27911864544913,10.491453847675304","WARNING","A391 | Ölper - Braunschweig-Lehndorf"," Braunschweig-Nord -> Braunschweig-Südwest",NA,NA,NA,2025-05-20,"Beginn: 20.05.25 um 03:36 Uhr  Fahrzeug-Hindernis, seit 20.05.2025, 03:36 A391: Braunschweig-Nord -> Braunschweig-Südwest, zwischen 0.5 km hinter AK Ölper und 0.3 km vor AS Braunschweig-Lehndorf Gefahr durch ein defektes Fahrzeug auf der Fahrbahn",52.2791186454491,10.4914538476753
"A671","undefined--vi-hind.2025-05-20_05-54-00-000.f.de0","50.0145084423729,8.339135726034245,50.015946726623,8.338077806176436","50.0145084423729,8.339135726034245","WARNING","A671 | Hochheim-Süd - Hochheim-Nord"," Mainz -> Wiesbaden",NA,NA,NA,2025-05-20,"Beginn: 20.05.25 um 05:54 Uhr  Fahrzeug-Hindernis, seit 20.05.2025, 05:54 A671: Mainz -> Wiesbaden, zwischen 0.4 km hinter AS Hochheim-Süd und 0.9 km vor AS Hochheim-Nord Gefahr durch ein defektes Fahrzeug auf der Fahrbahn",50.0145084423729,8.33913572603424
"A861","undefined--vi-avl.2025-05-20_05-41-30-000.f_005.de0","47.558268311948446,7.757748779420552,47.558268311948446,7.757748779420552","47.558268311948446,7.757748779420552","WARNING","A861 | Rheinfelden-Süd - Rheinfelden-Süd"," Dreieck Hochrhein -> Grenzübergang Rheinfelden",NA,"STATIONARY_TRAFFIC","4",2025-05-20,"Beginn: 20.05.25 um 06:07 Uhr  Angespannte Verkehrslage, seit 20.05.2025, 06:07 A861: Dreieck Hochrhein -> Grenzübergang Rheinfelden, 0.9 km vor AS Rheinfelden-Süd, aus Richtung Rheinfelden-Mitte  Im Stillstand Durchschnittsgeschwindigkeit: 4 km/h",47.5582683119484,7.75774877942055
"A861","undefined--vi-avl.2025-05-20_05-35-30-000.f_009.de0","47.55822371252456,7.757740101712046,47.548363300948715,7.758275399999488","47.55822371252456,7.757740101712046","WARNING","Baustelle"," km 1.10 --> km -0.00",8,"STATIONARY_TRAFFIC","6.699999809265137",2025-05-20,"Beginn: 20.05.25 um 05:35 Uhr  Angespannte Verkehrslage, seit 20.05.2025, 05:35 A861: km 1.10 --> km -0.00  Im Stillstand Reisezeitverlust: 8 Minuten Durchschnittsgeschwindigkeit: 6 km/h",47.5582237125246,7.75774010171205
