"road","identifier","extent","point","display_type","title","subtitle","delay_minutes","abnormalTrafficType","averageSpeed","startTimestamp","description","latitude","longitude"
"A1","undefined--vi-hind.2025-05-24_05-57-00-000.f.de0","50.91429690570694,6.845552281396218,50.89028994609371,6.818812387571156","50.91429690570694,6.845552281396218","WARNING","A1 | Frechen - Gleuel"," Köln -> Euskirchen",NA,NA,NA,2025-05-24,"Beginn: 24.05.25 um 05:57 Uhr  Hindernis, seit 24.05.2025, 05:57 A1: Köln -> Euskirchen, zwischen 0.4 km hinter AS Frechen und 0.3 km vor AS Gleuel  Gefahr durch Gegenstände auf der Fahrbahn",50.9142969057069,6.84555228139622
"A5","undefined--vi-hind.2025-05-24_05-22-00-000.f_003.de0","50.03797027229603,8.596513549200086,50.036436511840385,8.595753905657748","50.03797027229603,8.596513549200086","WARNING","A5 | Frankfurter Kreuz - Zeppelinheim"," Frankfurt -> Darmstadt",NA,NA,NA,2025-05-24,"Beginn: 24.05.25 um 05:22 Uhr  Fahrzeug-Hindernis, seit 24.05.2025, 05:22 A5: Frankfurt -> Darmstadt, zwischen 1.8 km hinter AK Frankfurter Kreuz und 0.2 km vor AS Zeppelinheim Gefahr durch ein defektes Fahrzeug auf der Fahrbahn",50.037970272296,8.59651354920009
"A5","undefined--vi-zus.2025-05-24_05-14-00-000.f.de0","50.781674812385624,9.411751511770445,50.789023348616745,9.442990174700048","50.781674812385624,9.411751511770445","WARNING","A5 | Berfa - Frohnkreuz"," Frankfurt -> Kassel",0,"SLOW_TRAFFIC","71.30000305175781",2025-05-24,"Beginn: 24.05.25 um 05:14 Uhr  Zusammengesetzte Verkehrsinformation, seit 24.05.2025, 05:14 A5: Frankfurt -> Kassel, zwischen 4.5 km hinter Berfa und 0.2 km vor Frohnkreuz  Langsamer Verkehr Reisezeitverlust: 0 Minuten Durchschnittsgeschwindigkeit: 71 km/h",50.7816748123856,9.41175151177045
"A6","undefined--vi-hind.2025-05-24_05-48-00-000.f_001.de0","49.338632451626715,11.069303523189618,49.33832152172541,11.068748769607645","49.338632451626715,11.069303523189618","WARNING","A6 | Nürnberg-Süd - Roth"," Nürnberg -> Heilbronn",NA,NA,NA,2025-05-24,"Beginn: 24.05.25 um 05:48 Uhr  Fahrzeug-Hindernis, seit 24.05.2025, 05:48 A6: Nürnberg -> Heilbronn, zwischen 6.6 km hinter AK Nürnberg-Süd und 0.8 km vor AD Roth Gefahr durch ein defektes Fahrzeug auf der Fahrbahn",49.3386324516267,11.0693035231896
"A6","undefined--vi-unf.2025-05-24_05-02-30-000.f_001.de0","49.43982737656852,12.050512056186378,49.466063227369744,12.135260159020234","49.43982737656852,12.050512056186378","WARNING","A6 | Amberg-Ost - Nabburg-West"," Nürnberg -> Pilsen",NA,NA,NA,2025-05-24,"Beginn: 24.05.25 um 05:02 Uhr  Unfall, seit 24.05.2025, 05:02 A6: Nürnberg -> Pilsen, zwischen 7.0 km hinter AS Amberg-Ost und 0.3 km vor AS Nabburg-West",49.4398273765685,12.0505120561864
"A6","undefined--vi-unf.2025-05-24_05-24-30-000.f_001.de0","49.44807073540722,12.099285085464347,49.46600052660322,12.135252028152522","49.44807073540722,12.099285085464347","WARNING","A6 | Stocker Holz - Nabburg-West"," Nürnberg -> Pilsen",NA,NA,NA,2025-05-24,"Beginn: 24.05.25 um 05:24 Uhr  Unfall, seit 24.05.2025, 05:24 A6: Nürnberg -> Pilsen, zwischen 1.0 km hinter Stocker Holz und 0.3 km vor AS Nabburg-West",49.4480707354072,12.0992850854643
"A6","undefined--vi-zus.2025-05-24_06-07-30-000.f.de0","49.44639807873495,12.091160712478564,49.44681878725635,12.092897372843938","49.44639807873495,12.091160712478564","WARNING","A6 | Stocker Holz - Nabburg-West"," Nürnberg -> Pilsen",2,"STATIONARY_TRAFFIC","3.700000047683716",2025-05-24,"Beginn: 24.05.25 um 06:07 Uhr  Zusammengesetzte Verkehrsinformation, seit 24.05.2025, 06:07 A6: Nürnberg -> Pilsen, zwischen 0.4 km hinter Stocker Holz und 4.4 km vor AS Nabburg-West  Im Stillstand Reisezeitverlust: 2 Minuten Durchschnittsgeschwindigkeit: 3 km/h",49.446398078735,12.0911607124786
"A6","undefined--vi-avl.2025-05-24_06-07-30-000.f.de0","49.44639807873495,12.091160712478564,49.44639807873495,12.091160712478564","49.44639807873495,12.091160712478564","WARNING","A6 | Nabburg-West - Nabburg-West"," Nürnberg -> Pilsen",NA,"STATIONARY_TRAFFIC","1",2025-05-24,"Beginn: 24.05.25 um 06:07 Uhr  Angespannte Verkehrslage, seit 24.05.2025, 06:07 A6: Nürnberg -> Pilsen, 4.5 km vor AS Nabburg-West, aus Richtung Stocker Holz  Im Stillstand Durchschnittsgeschwindigkeit: 1 km/h",49.446398078735,12.0911607124786
"A7","undefined--vi-zus.2025-05-24_05-52-00-000.f.de0","47.57144969209724,10.660382444103417,47.577037246669576,10.66215100562998","47.57144969209724,10.660382444103417","WARNING","A7 | Grenztunnel Füssen - Reinertshofertunnel"," Füssen/Reutte -> Ulm",0,"SLOW_TRAFFIC","31.899999618530273",2025-05-24,"Beginn: 24.05.25 um 05:52 Uhr  Zusammengesetzte Verkehrsinformation, seit 24.05.2025, 05:52 A7: Füssen/Reutte -> Ulm, zwischen 1.4 km hinter Grenztunnel Füssen und 2.7 km vor Reinertshofertunnel  Langsamer Verkehr Reisezeitverlust: 0 Minuten Durchschnittsgeschwindigkeit: 31 km/h",47.5714496920972,10.6603824441034
"A7","undefined--vi-avl.2025-05-24_06-00-30-000.f_003.de0","47.57145842080008,10.660385661305725,47.57145842080008,10.660385661305725","47.57145842080008,10.660385661305725","WARNING","A7 | Füssen - Füssen"," Füssen/Reutte -> Ulm",NA,"SLOW_TRAFFIC","16",2025-05-24,"Beginn: 24.05.25 um 06:03 Uhr  Angespannte Verkehrslage, seit 24.05.2025, 06:03 A7: Füssen/Reutte -> Ulm, 0.3 km vor AS Füssen, aus Richtung Grenztunnel Füssen  Langsamer Verkehr Durchschnittsgeschwindigkeit: 16 km/h",47.5714584208001,10.6603856613057
"A7","undefined--vi-zus.2025-03-31_00-40-00-000.f_018.de0","53.579141433849884,9.913430072127355,53.55636870091902,9.897540700000414","53.579141433849884,9.913430072127355","WARNING","A7 | Hamburg-Volkspark - Elbtunnel (Nordportal)"," Flensburg -> Hamburg",NA,NA,NA,2025-03-31,"Beginn: 31.03.25 um 00:40 Uhr  Zusammengesetzte Verkehrsinformation, seit 31.03.2025, 00:40 A7: Flensburg -> Hamburg, zwischen 0.4 km hinter AS Hamburg-Volkspark und 0.9 km vor Elbtunnel (Nordportal)  A7 Flensburg Richtung Hamburg Ausfahrt Hamburg-Othmarschen Fahrbahnverengung, maximale Fahrbahnbreite von 4,50 m, Bauarbeiten, bis 29.09.2025",53.5791414338499,9.91343007212735
"A8","undefined--vi-zus.2025-05-24_05-55-00-000.f_001.de0","49.352737100943756,6.985392299996594,49.34927150094375,6.937246599996198","49.352737100943756,6.985392299996594","WARNING","A8 | Kutzhof - Heusweiler"," Neunkirchen -> Saarlouis",NA,NA,NA,2025-05-24,"Beginn: 24.05.25 um 05:55 Uhr  Zusammengesetzte Verkehrsinformation, seit 24.05.2025, 05:55 A8: Neunkirchen -> Saarlouis, zwischen 0.5 km hinter Kutzhof und 0.3 km vor AS Heusweiler  Gefahr durch Gegenstände auf der Fahrbahn  Gefahr durch ein defektes Fahrzeugs auf der Fahrbahn  A8 Neunkirchen Richtung Saarlouis zwischen Rastplatz Rastanlage Kutzhof und Heusweiler Gefahr durch ein totes Tier auf der Fahrbahn, Unfall, Gefahr durch defekten PKW auf dem Standstreifen",49.3527371009438,6.98539229999659
"A8","undefined--vi-zus.2025-05-14_09-26-56-000.f.de0","49.32628400979037,7.229641516813452,49.329166750017514,7.1882642393148934","49.32628400979037,7.229641516813452","WARNING","A8 | Neunkirchen-Wellesweiler - Neunkirchen/Spiesen"," Neunkirchen -> Saarlouis",NA,NA,NA,2025-05-14,"Beginn: 14.05.25 um 09:26 Uhr  Zusammengesetzte Verkehrsinformation, seit 14.05.2025, 09:26 A8: Neunkirchen -> Saarlouis, zwischen 0.4 km hinter AS Neunkirchen-Wellesweiler und 2.7 km vor AS Neunkirchen/Spiesen  A8 Saarlouis - Neunkirchen zwischen Neunkirchen-Spiesen und Neunkirchen-Oberstadt in beiden Richtungen Bauarbeiten, bis voraussichtlich 01.06.2025",49.3262840097904,7.22964151681345
"A8","undefined--vi-avl.2025-05-24_06-00-00-000.f.de0","47.80570972833412,12.140518380705196,47.80361928133157,12.162783455195305","47.80570972833412,12.140518380705196","WARNING","A8 | Winkelbach - Rohrdorf"," München -> Salzburg",1,"SLOW_TRAFFIC","42.599998474121094",2025-05-24,"Beginn: 24.05.25 um 06:00 Uhr  Angespannte Verkehrslage, seit 24.05.2025, 06:00 A8: München -> Salzburg, zwischen 0.2 km hinter Winkelbach und 0.1 km vor AS Rohrdorf  Langsamer Verkehr Reisezeitverlust: 1 Minuten Durchschnittsgeschwindigkeit: 42 km/h",47.8057097283341,12.1405183807052
"A9","undefined--vi-hind.2025-05-24_04-52-30-000.f_003.de0","50.207670100940284,11.778175300014688,50.289190800939885,11.812220900015467","50.207670100940284,11.778175300014688","WARNING","A9 | Münchberg-Nord - Hof-West"," Nürnberg -> Halle/Leipzig",NA,NA,NA,2025-05-24,"Beginn: 24.05.25 um 04:52 Uhr  Fahrzeug-Hindernis, seit 24.05.2025, 04:52 A9: Nürnberg -> Halle/Leipzig, zwischen 0.2 km hinter AS Münchberg-Nord und 0.3 km vor AS Hof-West Gefahr durch ein defektes Fahrzeug auf der Fahrbahn",50.2076701009403,11.7781753000147
"A12","undefined--vi-avl.2025-05-24_05-44-30-000.f.de0","52.31471880174617,14.558420643195708,52.31448070047937,14.547348150449816","52.31471880174617,14.558420643195708","WARNING","A12 | Frankfurt(Oder) - Frankfurt(Oder)-Mitte"," Frankfurt(Oder) -> Berliner Ring",1,"SLOW_TRAFFIC","26.5",2025-05-24,"Beginn: 24.05.25 um 05:44 Uhr  Angespannte Verkehrslage, seit 24.05.2025, 05:44 A12: Frankfurt(Oder) -> Berliner Ring, zwischen 1.3 km hinter Frankfurt(Oder) und 2.0 km vor AS Frankfurt(Oder)-Mitte  Langsamer Verkehr Reisezeitverlust: 1 Minuten Durchschnittsgeschwindigkeit: 26 km/h",52.3147188017462,14.5584206431957
"A12","WarnungA10Lkw3","47.61802931631098,12.202336027754352,47.61802931631098,12.202336027754352","47.61802931631098,12.202336027754352","WARNING","E45/E60 | LKW Blockabfertigung | A12-Inntal Autobahn","Richtung Italien",NA,NA,NA,2025-01-11,"Zeitraum: Beginn: 07.01.2025 Ende: 09.12.2025  Hinweis für LKW-Reisende nach Österreich: LKW-Blockabfertigungen an ausgewählten Tagen für Lkw am Grenzübergang Kufstein/Kiefersfelden. Maximaler Durchlass von 300 LKWs pro Stunde  Die genauen Ausführungszeiten und weitere Informationen auf tirol.gv.at/verkehr/verkehrs-und-seilbahnrecht/lkw-dosierung.",47.618029316311,12.2023360277544
"A12","WarnungA10Lkw2","47.6164490154047,12.202382557672273,47.6164490154047,12.202382557672273","47.6164490154047,12.202382557672273","WARNING","E43/E45/E60 | A13-Brenner Autobahn","Richtung Italien",NA,NA,NA,2025-01-11,"Zeitraum: Beginn: 11.01.2025 Ende: 27.09.2025  Hinweis für LKW-Reisende nach Österreich: LKW-Fahrverbot auf der A12-Inntal Autobahn, A13-Brenner Autobahn und A14-Rheintal/Walgau Autobahn, wenn das Ziel der Fahrt der Anschlussstelle Nößlach bis Anschlussstelle Brenner Nord der Richtungsfahrbahn Staatsgrenze der A 13 Brenner Autobahn erreicht werden soll. An ausgewählten Samstagen 7-15 Uhr sowie weiteren Tagen im Zeitraum 11.01. - 27.09.2025 Weitere Informationen auf http://asfinag.at/a13",47.6164490154047,12.2023825576723
"A13","undefined--vi-hind.2025-05-24_05-56-30-000.f.de0","51.39949751725875,13.774572567983409,51.39949751725875,13.774572567983409","51.39949751725875,13.774572567983409","WARNING","A13 | Ortrand - Ruhlander Heide"," Dresden -> Schönefelder Kreuz",NA,NA,NA,2025-05-24,"Beginn: 24.05.25 um 05:56 Uhr  Fahrzeug-Hindernis, seit 24.05.2025, 05:56 A13: Dresden -> Schönefelder Kreuz, zwischen 2.5 km hinter AS Ortrand und 8.5 km vor Ruhlander Heide Gefahr durch ein defektes Fahrzeug auf der Fahrbahn",51.3994975172588,13.7745725679834
"A17","undefined--vi-avl.2025-05-24_05-59-00-000.f.de0","50.82345785849138,13.887700327156873,50.820240105990955,13.88720885403613","50.82345785849138,13.887700327156873","WARNING","A17 | Bad Gottleuba - Breitenau-Schönwald"," Dresden -> Prag",0,"STATIONARY_TRAFFIC","31.799999237060547",2025-05-24,"Beginn: 24.05.25 um 05:59 Uhr  Angespannte Verkehrslage, seit 24.05.2025, 05:59 A17: Dresden -> Prag, zwischen 0.9 km hinter AS Bad Gottleuba und 4.6 km vor Breitenau-Schönwald  Im Stillstand Reisezeitverlust: 0 Minuten Durchschnittsgeschwindigkeit: 31 km/h",50.8234578584914,13.8877003271569
"A17","undefined--vi-avl.2025-05-24_06-03-30-000.f.de0","50.82345785849138,13.887700327156873,50.82345785849138,13.887700327156873","50.82345785849138,13.887700327156873","WARNING","A17 | Am Heidenholz - Am Heidenholz"," Dresden -> Prag",NA,"STATIONARY_TRAFFIC","29",2025-05-24,"Beginn: 24.05.25 um 06:03 Uhr  Angespannte Verkehrslage, seit 24.05.2025, 06:03 A17: Dresden -> Prag, 0.1 km vor Am Heidenholz, aus Richtung Bad Gottleuba  Im Stillstand Durchschnittsgeschwindigkeit: 29 km/h",50.8234578584914,13.8877003271569
"A17","undefined--vi-zus.2025-05-24_06-05-00-000.f.de0","50.81703424586921,13.886120798474188,50.82565078152641,13.887804615088058","50.81703424586921,13.886120798474188","WARNING","A17 | Breitenau-Schönwald - Bad Gottleuba"," Prag -> Dresden",0,"SLOW_TRAFFIC","34.79999923706055",2025-05-24,"Beginn: 24.05.25 um 06:05 Uhr  Zusammengesetzte Verkehrsinformation, seit 24.05.2025, 06:05 A17: Prag -> Dresden, zwischen 4.2 km hinter Breitenau-Schönwald und 0.6 km vor AS Bad Gottleuba  Langsamer Verkehr Reisezeitverlust: 0 Minuten Durchschnittsgeschwindigkeit: 34 km/h",50.8170342458692,13.8861207984742
"A37","undefined--vi-zus.2025-05-20_10-04-05-000.f_002.de0","52.442156462690335,9.933442989087833,52.436581812162494,9.913211841333315","52.442156462690335,9.933442989087833","WARNING","A37 | Beinhorn - Hannover-Kirchhorst"," Celle -> Hannover",NA,NA,NA,2025-05-20,"Beginn: 20.05.25 um 10:04 Uhr  Zusammengesetzte Verkehrsinformation, seit 20.05.2025, 10:04 B3: Celle -> Hannover, zwischen 0.4 km hinter AS Beinhorn und 2.1 km vor AK Hannover-Kirchhorst  A37 Messe - Burgdorf
zwischen Kreuz Hannover-Buchholz und Beinhorn
in beiden Richtungen geänderte Verkehrsführung im Baustellenbereich, Bauarbeiten, bis 30.10.2026 ca. 18:00 Uhr",52.4421564626903,9.93344298908783
"A37","undefined--vi-zus.2025-05-20_10-04-05-000.f_003.de0","52.42566547847685,9.880479425875153,52.44102213295518,9.93161290421946","52.42566547847685,9.880479425875153","WARNING","Baustelle"," km 22.62 --> km 26.54",NA,NA,NA,2025-05-20,"Beginn: 20.05.25 um 10:04 Uhr  Zusammengesetzte Verkehrsinformation, seit 20.05.2025, 10:04 A37: km 22.62 --> km 26.54  A37 Messe - Burgdorf
zwischen Kreuz Hannover-Buchholz und Beinhorn
in beiden Richtungen geänderte Verkehrsführung im Baustellenbereich, Bauarbeiten, bis 30.10.2026 ca. 18:00 Uhr",52.4256654784769,9.88047942587515
"A43","undefined--vi-hind.2025-05-24_05-22-00-000.f_002.de0","51.46570747558994,7.287934355966632,51.4644109698982,7.288148140591676","51.46570747558994,7.287934355966632","WARNING","A43 | Bochum-Laer - Bochum/Witten"," Recklinghausen -> Wuppertal",NA,NA,NA,2025-05-24,"Beginn: 24.05.25 um 05:22 Uhr  Fahrzeug-Hindernis, seit 24.05.2025, 05:22 A43: Recklinghausen -> Wuppertal, zwischen 1.5 km hinter AS Bochum-Laer und 0.3 km vor AK Bochum/Witten Gefahr durch ein defektes Fahrzeug auf der Fahrbahn",51.4657074755899,7.28793435596663
"A48","undefined--vi-avl.2025-05-24_06-07-00-000.f.de0","50.22171063002087,7.137508090306596,50.21692444551949,7.118190434831567","50.22171063002087,7.137508090306596","WARNING","A48 | Kaisersesch - Schöne Aussicht"," Koblenz -> Dreieck Vulkaneifel",0,"SLOW_TRAFFIC","66.5999984741211",2025-05-24,"Beginn: 24.05.25 um 06:07 Uhr  Angespannte Verkehrslage, seit 24.05.2025, 06:07 A48: Koblenz -> Dreieck Vulkaneifel, zwischen 0.5 km hinter AS Kaisersesch und 0.4 km vor Schöne Aussicht  Langsamer Verkehr Reisezeitverlust: 0 Minuten Durchschnittsgeschwindigkeit: 66 km/h",50.2217106300209,7.1375080903066
"A60","undefined--vi-zus.2025-04-08_08-51-21-000.f_013.de0","49.98125533976677,8.345695317688524,49.97565770865279,8.441396718063045","49.98125533976677,8.345695317688524","WARNING","A60 | Mainspitz-Dreieck - Rüsselsheimer Dreieck"," Mainz -> Rüsselsheim",NA,NA,NA,2025-04-08,"Beginn: 08.04.25 um 08:51 Uhr  Zusammengesetzte Verkehrsinformation, seit 08.04.2025, 08:51 A60: Mainz -> Rüsselsheim, zwischen 0.5 km hinter AD Mainspitz-Dreieck und 2.2 km vor AD Rüsselsheimer Dreieck  Sperrung der A60 bei Königstädten – Grundhafte Fahrbahnerneuerung zwischen dem Rüsselsheimer Dreieck und dem Mainspitz Dreieck. Die Niederlassung West der Autobahn GmbH erneuert zwischen dem Rüsselsheimer Dreieck (30) und dem Mainspitz Dreieck (26) die Fahrbahn. Von Donnerstagmorgen (24. April) bis Mitte Juli wird die Anschlussstelle (AS) Königstädten (29) in Fahrtrichtung (FR) Mainz sowie in FR Rüsselsheimer Dreieck gesperrt. Umleitungsmöglichkeiten sind ausgeschildert: • Ausfahrt FR Mainz: Umleitung via AS Rüsselsheim-Mitte • Einfahrt FR Mainz: innerstädtische Umleitung zur AS Rüsselsheim-Mitte (Adam-Opel-Straße / Kurt-Schumacher-Ring), von Nauheim kommend via L3482 zur AS Bischofsheim • Einfahrt FR Darmstadt: innerstädtische Umleitung zur AS Rüsselsheim-Mitte (Adam-Opel-Straße / Kurt-Schumacher-Ring) Die Autobahn GmbH bittet alle Verkehrsteilnehmer um Verständnis für die unvermeidlichen Verkehrsbehinderungen, die durch die Arbeiten entstehen.",49.9812553397668,8.34569531768852
"A60","undefined--vi-zus.2025-05-03_10-55-00-000.f_003.de0","49.977457399447445,8.454646346787307,49.981587265039146,8.34517285786785","49.977457399447445,8.454646346787307","WARNING","A60 | Rüsselsheimer Dreieck - Mainspitz-Dreieck"," Rüsselsheim -> Mainz",NA,NA,NA,2025-05-03,"Beginn: 03.05.25 um 10:55 Uhr  Zusammengesetzte Verkehrsinformation, seit 03.05.2025, 10:55 A60: Rüsselsheim -> Mainz, zwischen 0.6 km hinter AD Rüsselsheimer Dreieck und 0.5 km vor AD Mainspitz-Dreieck  Sperrung der A60 bei Königstädten – Grundhafte Fahrbahnerneuerung zwischen dem Rüsselsheimer Dreieck und dem Mainspitz Dreieck. Die Niederlassung West der Autobahn GmbH erneuert zwischen dem Rüsselsheimer Dreieck (30) und dem Mainspitz Dreieck (26) die Fahrbahn. Von Donnerstagmorgen (24. April) bis Mitte Juli wird die Anschlussstelle (AS) Königstädten (29) in Fahrtrichtung (FR) Mainz sowie in FR Rüsselsheimer Dreieck gesperrt. Umleitungsmöglichkeiten sind ausgeschildert: • Ausfahrt FR Mainz: Umleitung via AS Rüsselsheim-Mitte • Einfahrt FR Mainz: innerstädtische Umleitung zur AS Rüsselsheim-Mitte (Adam-Opel-Straße / Kurt-Schumacher-Ring), von Nauheim kommend via L3482 zur AS Bischofsheim • Einfahrt FR Darmstadt: innerstädtische Umleitung zur AS Rüsselsheim-Mitte (Adam-Opel-Straße / Kurt-Schumacher-Ring) Die Autobahn GmbH bittet alle Verkehrsteilnehmer um Verständnis für die unvermeidlichen Verkehrsbehinderungen, die durch die Arbeiten entstehen.",49.9774573994474,8.45464634678731
"A61","undefined--vi-hind.2025-05-24_05-48-00-000.f.de0","50.4732365963627,7.22724503965366,50.47192457130659,7.22860946863396","50.4732365963627,7.22724503965366","WARNING","A61 | Harterscheid - Niederzissen"," Mönchengladbach -> Koblenz",NA,NA,NA,2025-05-24,"Beginn: 24.05.25 um 05:48 Uhr  Fahrzeug-Hindernis, seit 24.05.2025, 05:48 A61: Mönchengladbach -> Koblenz, zwischen 5.5 km hinter Harterscheid und 0.5 km vor AS Niederzissen Gefahr durch ein defektes Fahrzeug auf der Fahrbahn",50.4732365963627,7.22724503965366
"A64","undefined--vi-avl.2025-05-24_05-57-30-000.f_002.de0","49.73582842162977,6.529619845984772,49.762729500942164,6.581313699992219","49.73582842162977,6.529619845984772","WARNING","A64 | Sauertalbrücke - Sauertal"," Luxemburg -> Trier",1,"SLOW_TRAFFIC","67.30000305175781",2025-05-24,"Beginn: 24.05.25 um 05:57 Uhr  Angespannte Verkehrslage, seit 24.05.2025, 05:57 A64: Luxemburg -> Trier, zwischen 2.0 km hinter Sauertalbrücke und Sauertal  Langsamer Verkehr Reisezeitverlust: 1 Minuten Durchschnittsgeschwindigkeit: 67 km/h",49.7358284216298,6.52961984598477
"A64","undefined--vi-avl.2025-05-24_05-56-30-000.f.de0","49.786085127680785,6.6422896048579965,49.786085127680785,6.6422896048579965","49.786085127680785,6.6422896048579965","WARNING","A64 | Trier - Trier"," Trier -> Luxemburg",NA,"QUEUING_TRAFFIC","8",2025-05-24,"Beginn: 24.05.25 um 06:06 Uhr  Angespannte Verkehrslage, seit 24.05.2025, 06:06 A64: Trier -> Luxemburg, 3.3 km vor AS Trier, aus Richtung Anschluss B52-Trier  Stockender Verkehr Durchschnittsgeschwindigkeit: 8 km/h",49.7860851276808,6.642289604858
"A64","undefined--vi-avl.2025-05-24_05-51-00-000.f.de0","49.786085127680785,6.6422896048579965,49.78865391417719,6.64526824229259","49.786085127680785,6.6422896048579965","WARNING","A64 | Trier - Anschluss B52-Trier"," Luxemburg -> Trier",1,"QUEUING_TRAFFIC","14.699999809265137",2025-05-24,"Beginn: 24.05.25 um 05:51 Uhr  Angespannte Verkehrslage, seit 24.05.2025, 05:51 A64: Luxemburg -> Trier, zwischen 3.3 km hinter AS Trier und 1.2 km vor Anschluss B52-Trier  Stockender Verkehr Reisezeitverlust: 1 Minuten Durchschnittsgeschwindigkeit: 14 km/h",49.7860851276808,6.642289604858
"A113","undefined--vi-zus.2025-05-23_04-57-30-000.f.de0","52.43617318100181,13.493052326243479,52.427730500930934,13.517008500122175","52.43617318100181,13.493052326243479","WARNING","A113 | Johannisthaler Chaussee - Rudower Höhe"," Neukölln -> Schönefeld",NA,NA,NA,2025-05-23,"Beginn: 23.05.25 um 04:57 Uhr  Zusammengesetzte Verkehrsinformation, seit 23.05.2025, 04:57 A113: Neukölln -> Schönefeld, zwischen 1.2 km hinter AS Johannisthaler Chaussee und 1.0 km vor Rudower Höhe  A113 Autobahnzubringer Dresden, Neukölln Richtung Schönefeld
zwischen Stubenrauchstraße und Tunnel Rudower Höhe
linker Fahrstreifen gesperrt, Bauarbeiten, bis voraussichtlich 20.06.2025",52.4361731810018,13.4930523262435
"A115","undefined--vi-zus.2024-10-09_07-09-40-000.f_531.de0","52.40027056808641,13.185163736426698,52.44227384698058,13.202709435405149","52.40027056808641,13.185163736426698","WARNING","A115 | Am Stern - Hüttenweg"," Dreieck Nuthetal -> Dreieck Funkturm",NA,NA,NA,2024-10-09,"Beginn: 09.10.24 um 07:09 Uhr  Zusammengesetzte Verkehrsinformation, seit 09.10.2024, 07:09 A115: Dreieck Nuthetal -> Dreieck Funkturm, zwischen 2.9 km hinter Am Stern und 3.8 km vor AS Hüttenweg  A115 Autobahnzubringer Magdeburg, Dreieck Nuthetal Richtung Dreieck Funkturm, zwischen Anschlussstelle Kleinmachnow und Anschlussstelle Spanische Allee, Baustelle, bis 31.10.2026 17:00 Uhr",52.4002705680864,13.1851637364267
"A115","undefined--vi-zus.2024-10-13_05-33-30-000.f_688.de0","52.44029442937371,13.199911385595513,52.43107524997983,13.191805707063864","52.44029442937371,13.199911385595513","WARNING","A115 | Hüttenweg - Kreuz Zehlendorf"," Dreieck Funkturm -> Dreieck Nuthetal",NA,NA,NA,2024-10-13,"Beginn: 13.10.24 um 05:33 Uhr  Zusammengesetzte Verkehrsinformation, seit 13.10.2024, 05:33 A115: Dreieck Funkturm -> Dreieck Nuthetal, zwischen 4.1 km hinter AS Hüttenweg und 1.3 km vor AS Kreuz Zehlendorf  A115 Dreieck Funkturm Richtung Dreieck Nuthetal
zwischen Spanische Allee und Kleinmachnow
Verkehr wird über die Gegenfahrbahn geleitet, geänderte Verkehrsführung im Baustellenbereich, Bauarbeiten",52.4402944293737,13.1999113855955
"A648","undefined--vi-avl.2025-05-24_06-06-30-000.f_003.de0","50.11490030094064,8.614698699999899,50.11492500094063,8.618905799999899","50.11490030094064,8.614698699999899","WARNING","A648 | Frankfurt am Main-Biegweg - Anschluss Theodor-Heuss-Allee"," Eschborn -> Frankfurt",0,"STATIONARY_TRAFFIC","20.299999237060547",2025-05-24,"Beginn: 24.05.25 um 06:06 Uhr  Angespannte Verkehrslage, seit 24.05.2025, 06:06 A648: Eschborn -> Frankfurt, zwischen Frankfurt am Main-Biegweg und 0.3 km vor AS Anschluss Theodor-Heuss-Allee  Im Stillstand Reisezeitverlust: 0 Minuten Durchschnittsgeschwindigkeit: 20 km/h",50.1149003009406,8.6146986999999
"A648","undefined--vi-avl.2025-05-24_06-06-30-000.f_001.de0","50.11490030094064,8.614698699999899,50.11490030094064,8.614698699999899","50.11490030094064,8.614698699999899","WARNING","A648 | Anschluss Theodor-Heuss-Allee - Anschluss Theodor-Heuss-Allee"," Eschborn -> Frankfurt",NA,"STATIONARY_TRAFFIC","12",2025-05-24,"Beginn: 24.05.25 um 06:06 Uhr  Angespannte Verkehrslage, seit 24.05.2025, 06:06 A648: Eschborn -> Frankfurt, 0.6 km vor AS Anschluss Theodor-Heuss-Allee, aus Richtung Frankfurt am Main-Biegweg  Im Stillstand Durchschnittsgeschwindigkeit: 12 km/h",50.1149003009406,8.6146986999999
