"road","identifier","extent","point","display_type","title","subtitle","delay_minutes","abnormalTrafficType","averageSpeed","startTimestamp","description","latitude","longitude"
"A1","undefined--vi-hind.2025-05-22_05-42-00-000.f_001.de0","50.975163452223875,6.8501324600315066,50.94197952738713,6.8494298273544825","50.975163452223875,6.8501324600315066","WARNING","A1 | Köln-Bocklemünd - Köln-Lövenich"," Köln -> Euskirchen",NA,NA,NA,2025-05-22,"Beginn: 22.05.25 um 05:42 Uhr  Fahrzeug-Hindernis, seit 22.05.2025, 05:42 A1: Köln -> Euskirchen, zwischen 0.3 km hinter AS Köln-Bocklemünd und 0.4 km vor AS Köln-Lövenich Gefahr durch ein defektes Fahrzeug auf der Fahrbahn",50.9751634522239,6.85013246003151
"A1","undefined--vi-zus.2025-05-22_05-49-30-000.f_002.de0","53.498134814642334,10.037584036695204,53.50943896158634,10.050766596368293","53.498134814642334,10.037584036695204","WARNING","A1 | Hamburg-Stillhorn - Norderelbbrücke"," Bremen -> Lübeck",1,"SLOW_TRAFFIC","39.400001525878906",2025-05-22,"Beginn: 22.05.25 um 05:49 Uhr  Zusammengesetzte Verkehrsinformation, seit 22.05.2025, 05:49 A1: Bremen -> Lübeck, zwischen 1.8 km hinter Hamburg-Stillhorn und 0.6 km vor Norderelbbrücke  Langsamer Verkehr Reisezeitverlust: 1 Minuten Durchschnittsgeschwindigkeit: 39 km/h",53.4981348146423,10.0375840366952
"A2","undefined--vi-avl.2025-05-22_05-40-30-000.f_001.de0","52.10218198227141,8.719635702879952,52.09340980092969,8.701981799999896","52.10218198227141,8.719635702879952","WARNING","A2 | Herford - Herford/Bad Salzuflen"," Hannover -> Dortmund",1,"QUEUING_TRAFFIC","40.900001525878906",2025-05-22,"Beginn: 22.05.25 um 05:40 Uhr  Angespannte Verkehrslage, seit 22.05.2025, 05:40 A2: Hannover -> Dortmund, zwischen Herford und 0.6 km vor AS Herford/Bad Salzuflen  Stockender Verkehr Reisezeitverlust: 1 Minuten Durchschnittsgeschwindigkeit: 40 km/h",52.1021819822714,8.71963570287995
"A2","undefined--vi-hind.2025-05-22_04-23-00-000.f_004.de0","52.28064700092849,10.927018100002423,52.26293870514993,10.984963268351793","52.28064700092849,10.927018100002423","WARNING","A2 | Rennau - Helmstedt-West"," Braunschweig -> Magdeburg",NA,NA,NA,2025-05-22,"Beginn: 22.05.25 um 04:23 Uhr  Fahrzeug-Hindernis, seit 22.05.2025, 04:23 A2: Braunschweig -> Magdeburg, zwischen 0.3 km hinter AS Rennau und 0.1 km vor AS Helmstedt-West",52.2806470009285,10.9270181000024
"A2","undefined--vi-hind.2025-05-22_05-35-00-000.f_002.de0","52.187138045440186,11.360420141387927,52.18713500993238,11.359581271065846","52.187138045440186,11.360420141387927","WARNING","A2 | Bornstedt - Eilsleben"," Magdeburg -> Braunschweig",NA,NA,NA,2025-05-22,"Beginn: 22.05.25 um 05:35 Uhr  Hindernis, seit 22.05.2025, 05:35 A2: Magdeburg -> Braunschweig, zwischen 0.2 km hinter AS Bornstedt und 6.2 km vor AS Eilsleben  Gefahr durch Gegenstände auf der Fahrbahn",52.1871380454402,11.3604201413879
"A3","undefined--vi-hind.2025-05-22_05-39-30-000.f.de0","50.14692236599049,8.324037474379669,50.145571154788264,8.325557726714077","50.14692236599049,8.324037474379669","WARNING","A3 | Theißtal - Niedernhausen"," Köln -> Frankfurt",NA,NA,NA,2025-05-22,"Beginn: 22.05.25 um 05:39 Uhr  Fahrzeug-Hindernis, seit 22.05.2025, 05:39 A3: Köln -> Frankfurt, zwischen 3.2 km hinter Theißtal und 0.4 km vor AS Niedernhausen Gefahr durch ein defektes Fahrzeug auf der Fahrbahn",50.1469223659905,8.32403747437967
"A3","undefined--vi-avl.2025-05-22_06-07-30-000.f_003.de0","51.47628557464827,6.814726950395288,51.47628557464827,6.814726950395288","51.47628557464827,6.814726950395288","WARNING","A3 | Oberhausen-Lirich - Oberhausen-Lirich"," Oberhausen -> Köln",NA,"SLOW_TRAFFIC","28",2025-05-22,"Beginn: 22.05.25 um 06:07 Uhr  Angespannte Verkehrslage, seit 22.05.2025, 06:07 A3: Oberhausen -> Köln, 0.1 km vor AS Oberhausen-Lirich, aus Richtung Oberhausen-West  Langsamer Verkehr Durchschnittsgeschwindigkeit: 28 km/h",51.4762855746483,6.81472695039529
"A3","undefined--vi-avl.2025-05-22_05-41-00-000.f.de0","51.51105338732623,6.819692610638792,51.531650142399414,6.822516232314266","51.51105338732623,6.819692610638792","WARNING","A3 | Oberhausen-West - Oberhausen"," Köln -> Arnheim",1,"SLOW_TRAFFIC","61.79999923706055",2025-05-22,"Beginn: 22.05.25 um 05:41 Uhr  Angespannte Verkehrslage, seit 22.05.2025, 05:41 A3: Köln -> Arnheim, zwischen 2.8 km hinter AK Oberhausen-West und 1.0 km vor AK Oberhausen  Langsamer Verkehr Reisezeitverlust: 1 Minuten Durchschnittsgeschwindigkeit: 61 km/h",51.5110533873262,6.81969261063879
"A3","undefined--vi-avl.2025-05-22_05-52-30-000.f_002.de0","51.476102853599166,6.814802884581261,51.444514931493735,6.799540270378908","51.476102853599166,6.814802884581261","WARNING","A3 | Oberhausen-West - Duisburg-Wedau"," Oberhausen -> Köln",1,"SLOW_TRAFFIC","51.099998474121094",2025-05-22,"Beginn: 22.05.25 um 05:52 Uhr  Angespannte Verkehrslage, seit 22.05.2025, 05:52 A3: Oberhausen -> Köln, zwischen 1.3 km hinter AK Oberhausen-West und 4.4 km vor AS Duisburg-Wedau  Langsamer Verkehr Reisezeitverlust: 1 Minuten Durchschnittsgeschwindigkeit: 51 km/h",51.4761028535992,6.81480288458126
"A3","undefined--vi-avl.2025-05-22_06-02-30-000.f_006.de0","51.54023300093318,6.829566099995856,51.52935160938691,6.819482039637583","51.54023300093318,6.829566099995856","WARNING","A3 | Dinslaken-Süd - Oberhausen-Holten"," Arnheim -> Oberhausen",1,"SLOW_TRAFFIC","39.099998474121094",2025-05-22,"Beginn: 22.05.25 um 06:02 Uhr  Angespannte Verkehrslage, seit 22.05.2025, 06:02 A3: Arnheim -> Oberhausen, zwischen 2.6 km hinter AS Dinslaken-Süd und 2.0 km vor AS Oberhausen-Holten  Langsamer Verkehr Reisezeitverlust: 1 Minuten Durchschnittsgeschwindigkeit: 39 km/h",51.5402330009332,6.82956609999586
"A4","undefined--vi-avl.2025-05-22_06-01-00-000.f.de0","50.898870669449984,6.9082629606477335,50.89316000527723,6.920859172864368","50.898870669449984,6.9082629606477335","WARNING","A4 | Köln-West - Köln-Eifeltor"," Heerlen/Aachen -> Köln",0,"SLOW_TRAFFIC","59.79999923706055",2025-05-22,"Beginn: 22.05.25 um 06:01 Uhr  Angespannte Verkehrslage, seit 22.05.2025, 06:01 A4: Heerlen/Aachen -> Köln, zwischen 5.4 km hinter AK Köln-West und 0.4 km vor AS Köln-Eifeltor  Langsamer Verkehr Reisezeitverlust: 0 Minuten Durchschnittsgeschwindigkeit: 59 km/h",50.89887066945,6.90826296064773
"A4","undefined--vi-hind.2025-05-22_06-04-00-000.f.de0","50.88717835093986,12.149218941171352,50.886153067215204,12.150490563131356","50.88717835093986,12.149218941171352","WARNING","A4 | Gera - Gera-Leumnitz"," Erfurt -> Chemnitz",NA,NA,NA,2025-05-22,"Beginn: 22.05.25 um 06:04 Uhr  Fahrzeug-Hindernis, seit 22.05.2025, 06:04 A4: Erfurt -> Chemnitz, zwischen 2.4 km hinter AS Gera und AS Gera-Leumnitz Gefahr durch ein defektes Fahrzeug auf der Fahrbahn",50.8871783509399,12.1492189411714
"A5","undefined--vi-hind.2025-05-22_05-54-00-000.f_002.de0","49.81517635047541,8.628719422362186,49.85619110094174,8.6004524999999","49.81517635047541,8.628719422362186","WARNING","A5 | Darmstadt-Eberstadt - Darmstädter Kreuz"," Heidelberg -> Darmstadt",NA,NA,NA,2025-05-22,"Beginn: 22.05.25 um 05:54 Uhr  Hindernis, seit 22.05.2025, 05:54 A5: Heidelberg -> Darmstadt, zwischen 0.5 km hinter AS Darmstadt-Eberstadt und 0.3 km vor AK Darmstädter Kreuz  Gefahr durch Gegenstände auf der Fahrbahn",49.8151763504754,8.62871942236219
"A6","undefined--vi-avl.2025-05-22_06-07-30-000.f.de0","49.21075922867803,6.972127593918421,49.21075922867803,6.972127593918421","49.21075922867803,6.972127593918421","WARNING","A6 | Saarbrücken Goldene Bremm - Saarbrücken Goldene Bremm"," Kaiserslautern -> Metz/Saarbrücken",NA,"SLOW_TRAFFIC","20",2025-05-22,"Beginn: 22.05.25 um 06:07 Uhr  Angespannte Verkehrslage, seit 22.05.2025, 06:07 A6: Kaiserslautern -> Metz/Saarbrücken, in Höhe AS Saarbrücken Goldene Bremm, aus Richtung Saarbrücken  Langsamer Verkehr Durchschnittsgeschwindigkeit: 20 km/h",49.210759228678,6.97212759391842
"A6","undefined--vi-hind.2025-05-22_05-42-30-000.f_001.de0","49.216195977136366,9.008199101004784,49.216195977136366,9.008199101004784","49.216195977136366,9.008199101004784","WARNING","A6 | Bauernwald - Bad Rappenau"," Mannheim -> Heilbronn",NA,NA,NA,2025-05-22,"Beginn: 22.05.25 um 05:42 Uhr  Fahrzeug-Hindernis, seit 22.05.2025, 05:42 A6: Mannheim -> Heilbronn, zwischen 2.6 km hinter Bauernwald und 4.6 km vor AS Bad Rappenau Gefahr durch ein defektes Fahrzeug auf der Fahrbahn",49.2161959771364,9.00819910100478
"A6","undefined--vi-hind.2025-05-22_05-52-04-000.f.de0","49.183282014568306,9.219929125209942,49.18284803659975,9.221866804826574","49.183282014568306,9.219929125209942","WARNING","A6 | Heilbronn/Untereisesheim - Heilbronn/Neckarsulm"," Mannheim -> Nürnberg",NA,NA,NA,2025-05-22,"Beginn: 22.05.25 um 05:52 Uhr  Fahrzeug-Hindernis, seit 22.05.2025, 05:52 A6: Mannheim -> Nürnberg, zwischen 1.3 km hinter AS Heilbronn/Untereisesheim und 0.6 km vor AS Heilbronn/Neckarsulm Gefahr durch ein defektes Fahrzeug auf der Fahrbahn",49.1832820145683,9.21992912520994
"A6","undefined--vi-hind.2025-05-22_01-42-00-000.f_008.de0","49.27980349802968,10.720159959784306,49.27980349802968,10.720159959784306","49.27980349802968,10.720159959784306","WARNING","A6 | Lerchenbuck - Lichtenau"," Nürnberg -> Heilbronn",NA,NA,NA,2025-05-22,"Beginn: 22.05.25 um 01:42 Uhr  Fahrzeug-Hindernis, seit 22.05.2025, 01:42 A6: Nürnberg -> Heilbronn, zwischen 4.2 km hinter Lerchenbuck und AS Lichtenau Gefahr durch ein defektes Fahrzeug auf der Fahrbahn",49.2798034980297,10.7201599597843
"A6","undefined--vi-avl.2025-05-22_06-07-00-000.f.de0","49.42532773161013,11.679302649572923,49.42332532129715,11.699561210007323","49.42532773161013,11.679302649572923","WARNING","A6 | Sulzbach-Rosenberg - Brunnberg"," Nürnberg -> Pilsen",0,"SLOW_TRAFFIC","66.69999694824219",2025-05-22,"Beginn: 22.05.25 um 06:07 Uhr  Angespannte Verkehrslage, seit 22.05.2025, 06:07 A6: Nürnberg -> Pilsen, zwischen 1.9 km hinter AS Sulzbach-Rosenberg und 3.5 km vor Brunnberg  Langsamer Verkehr Reisezeitverlust: 0 Minuten Durchschnittsgeschwindigkeit: 66 km/h",49.4253277316101,11.6793026495729
"A6","undefined--vi-zus.2025-05-22_06-05-00-000.f.de0","49.61768470094303,12.355300800040373,49.618564487451756,12.415705679281348","49.61768470094303,12.355300800040373","WARNING","A6 | Vohenstrauß-Ost - Ulrichsberg"," Nürnberg -> Pilsen",NA,NA,NA,2025-05-22,"Beginn: 22.05.25 um 06:05 Uhr  Zusammengesetzte Verkehrsinformation, seit 22.05.2025, 06:05 A6: Nürnberg -> Pilsen, zwischen 0.3 km hinter AS Vohenstrauß-Ost und 3.1 km vor Ulrichsberg  Gefahr durch Personen auf der Fahrbahn  Gefahr durch ein defektes Fahrzeugs auf der Fahrbahn  A6 Nürnberg Richtung Pilsen
zwischen Vohenstrauß Ost und Pleystein
defekter PKW, Standstreifen blockiert, Gefahr durch Personen auf der Fahrbahn",49.617684700943,12.3553008000404
"A6","undefined--vi-avl.2025-05-22_06-02-30-000.f_002.de0","49.21075922867803,6.972127593918421,49.20701395093422,6.96372569858827","49.21075922867803,6.972127593918421","WARNING","Baustelle"," km 686.01 --> km 686.76",0,"SLOW_TRAFFIC","36.900001525878906",2025-05-22,"Beginn: 22.05.25 um 06:02 Uhr  Angespannte Verkehrslage, seit 22.05.2025, 06:02 A6: km 686.01 --> km 686.76  Langsamer Verkehr Reisezeitverlust: 0 Minuten Durchschnittsgeschwindigkeit: 36 km/h",49.210759228678,6.97212759391842
"A7","undefined--vi-zus.2025-05-13_04-57-00-000.f_007.de0","47.595412441892016,10.656244234565428,47.626144871649025,10.654585437937621","47.595412441892016,10.656244234565428","WARNING","A7 | Füssen - Nesselwang"," Füssen/Reutte -> Ulm",NA,NA,NA,2025-05-13,"Beginn: 13.05.25 um 04:57 Uhr  Zusammengesetzte Verkehrsinformation, seit 13.05.2025, 04:57 A7: Füssen/Reutte -> Ulm, zwischen 2.5 km hinter AS Füssen und 10.0 km vor AS Nesselwang  A7 Füssen/Reutte Richtung Ulm zwischen Reinertshoftunnel und Nesselwang Verkehr wird über die Gegenfahrbahn geleitet, Baustelle, von 16.05.2025 05:00 Uhr bis 18.07.2025 15:00 Uhr",47.595412441892,10.6562442345654
"A7","undefined--vi-avl.2025-05-22_06-00-30-000.f_001.de0","47.62799830942249,10.608455992693669,47.62897650788365,10.590412815612023","47.62799830942249,10.608455992693669","WARNING","A7 | Reinertshofertunnel - Nesselwang"," Füssen/Reutte -> Ulm",0,"SLOW_TRAFFIC","73.5999984741211",2025-05-22,"Beginn: 22.05.25 um 06:00 Uhr  Angespannte Verkehrslage, seit 22.05.2025, 06:00 A7: Füssen/Reutte -> Ulm, zwischen 6.7 km hinter Reinertshofertunnel und 5.1 km vor AS Nesselwang  Langsamer Verkehr Reisezeitverlust: 0 Minuten Durchschnittsgeschwindigkeit: 73 km/h",47.6279983094225,10.6084559926937
"A7","undefined--vi-zus.2025-03-31_00-40-00-000.f_018.de0","53.579141433849884,9.913430072127355,53.55636870091902,9.897540700000414","53.579141433849884,9.913430072127355","WARNING","A7 | Hamburg-Volkspark - Elbtunnel (Nordportal)"," Flensburg -> Hamburg",NA,NA,NA,2025-03-31,"Beginn: 31.03.25 um 00:40 Uhr  Zusammengesetzte Verkehrsinformation, seit 31.03.2025, 00:40 A7: Flensburg -> Hamburg, zwischen 0.4 km hinter AS Hamburg-Volkspark und 0.9 km vor Elbtunnel (Nordportal)  A7 Flensburg Richtung Hamburg Ausfahrt Hamburg-Othmarschen Fahrbahnverengung, maximale Fahrbahnbreite von 4,50 m, Bauarbeiten, bis 29.09.2025",53.5791414338499,9.91343007212735
"A8","undefined--vi-zus.2025-03-26_17-59-56-000.f_013.de0","49.32575278791285,7.172731755291576,49.327350714671546,7.213275819282444","49.32575278791285,7.172731755291576","WARNING","A8 | Neunkirchen/Spiesen - Kohlhof"," Saarlouis -> Neunkirchen",NA,NA,NA,2025-03-26,"Beginn: 26.03.25 um 17:59 Uhr  Zusammengesetzte Verkehrsinformation, seit 26.03.2025, 17:59 A8: Saarlouis -> Neunkirchen, zwischen 1.5 km hinter AS Neunkirchen/Spiesen und 1.0 km vor Kohlhof  A8 Saarlouis - Neunkirchen zwischen Neunkirchen-Spiesen und Neunkirchen-Oberstadt in beiden Richtungen Bauarbeiten, bis voraussichtlich 01.06.2025",49.3257527879128,7.17273175529158
"A8","undefined--vi-zus.2025-05-14_09-26-56-000.f.de0","49.32628400979037,7.229641516813452,49.329166750017514,7.1882642393148934","49.32628400979037,7.229641516813452","WARNING","A8 | Neunkirchen-Wellesweiler - Neunkirchen/Spiesen"," Neunkirchen -> Saarlouis",NA,NA,NA,2025-05-14,"Beginn: 14.05.25 um 09:26 Uhr  Zusammengesetzte Verkehrsinformation, seit 14.05.2025, 09:26 A8: Neunkirchen -> Saarlouis, zwischen 0.4 km hinter AS Neunkirchen-Wellesweiler und 2.7 km vor AS Neunkirchen/Spiesen  A8 Saarlouis - Neunkirchen zwischen Neunkirchen-Spiesen und Neunkirchen-Oberstadt in beiden Richtungen Bauarbeiten, bis voraussichtlich 01.06.2025",49.3262840097904,7.22964151681345
"A8","undefined--vi-hind.2025-05-22_05-58-01-000.f.de0","48.71251635732333,9.098320189862868,48.71814366862571,9.082463463222348","48.71251635732333,9.098320189862868","WARNING","A8 | Stuttgart-Möhringen - Stuttgart"," Stuttgart -> Karlsruhe",NA,NA,NA,2025-05-22,"Beginn: 22.05.25 um 05:58 Uhr  Hindernis, seit 22.05.2025, 05:58 A8: Stuttgart -> Karlsruhe, zwischen 3.1 km hinter AS Stuttgart-Möhringen und 1.4 km vor AK Stuttgart  Gefahr durch eine ungesicherte Unfallstelle",48.7125163573233,9.09832018986287
"A8","undefined--vi-avl.2025-05-22_05-57-00-000.f_003.de0","48.70824380106739,9.151616652405073,48.70824380106739,9.151616652405073","48.70824380106739,9.151616652405073","WARNING","A8 | Stuttgart-Möhringen - Stuttgart-Möhringen"," Stuttgart -> Karlsruhe",NA,"STATIONARY_TRAFFIC","10",2025-05-22,"Beginn: 22.05.25 um 06:07 Uhr  Angespannte Verkehrslage, seit 22.05.2025, 06:07 A8: Stuttgart -> Karlsruhe, 0.9 km vor AS Stuttgart-Möhringen, aus Richtung Stuttgart-Degerloch  Im Stillstand Durchschnittsgeschwindigkeit: 10 km/h",48.7082438010674,9.15161665240507
"A8","undefined--vi-zus.2025-05-22_05-53-00-000.f.de0","48.70826789527292,9.151443738095864,48.71465076293176,9.08983013983881","48.70826789527292,9.151443738095864","WARNING","A8 | Stuttgart-Degerloch - Stuttgart"," München -> Karlsruhe",26,"STATIONARY_TRAFFIC","9.800000190734863",2025-05-22,"Beginn: 22.05.25 um 05:53 Uhr  Zusammengesetzte Verkehrsinformation, seit 22.05.2025, 05:53 A8: München -> Karlsruhe, zwischen 1.2 km hinter AS Stuttgart-Degerloch und 2.1 km vor AK Stuttgart  Im Stillstand Reisezeitverlust: 26 Minuten Durchschnittsgeschwindigkeit: 9 km/h  Gefahr durch eine ungesicherte Unfallstelle",48.7082678952729,9.15144373809586
"A8","undefined--vi-zus.2025-04-24_15-51-24-000.f_004.de0","47.80413423145671,12.281019464099568,47.80190612486237,12.309767384276238","47.80413423145671,12.281019464099568","WARNING","A8 | Frasdorf - Bernau am Chiemsee"," München -> Salzburg",NA,NA,NA,2025-04-24,"Beginn: 24.04.25 um 15:51 Uhr  Zusammengesetzte Verkehrsinformation, seit 24.04.2025, 15:51 A8: München -> Salzburg, zwischen 0.1 km hinter Frasdorf und 4.3 km vor AS Bernau am Chiemsee  A8 München Richtung Salzburg zwischen Frasdorf und Bernau rechter Fahrstreifen gesperrt, Fahrbahn auf einen Fahrstreifen verengt, Brückenarbeiten, bis 24.05.2025 20:00 Uhr",47.8041342314567,12.2810194640996
"A8","undefined--vi-avl.2025-05-22_05-55-00-000.f_002.de0","47.76842323909682,12.940726700180234,47.76834710094898,12.93780160011453","47.76842323909682,12.940726700180234","WARNING","A8 | Bad Reichenhall - Bad Reichenhall"," Salzburg -> München",0,"SLOW_TRAFFIC","13.5",2025-05-22,"Beginn: 22.05.25 um 06:06 Uhr  Angespannte Verkehrslage, seit 22.05.2025, 06:06 A8: Salzburg -> München, zwischen 0.2 km hinter Bad Reichenhall und 2.5 km vor AS Bad Reichenhall  Langsamer Verkehr Reisezeitverlust: 0 Minuten Durchschnittsgeschwindigkeit: 13 km/h",47.7684232390968,12.9407267001802
"A9","undefined--vi-hind.2025-05-22_06-02-30-000.f_001.de0","48.64479430094613,11.517033200010363,48.70719690094593,11.486518800009707","48.64479430094613,11.517033200010363","WARNING","A9 | Rohrbach (West) - Manching"," München -> Nürnberg",NA,NA,NA,2025-05-22,"Beginn: 22.05.25 um 06:02 Uhr  Hindernis, seit 22.05.2025, 06:02 A9: München -> Nürnberg, zwischen 4.0 km hinter Rohrbach (West) und 0.3 km vor AS Manching  Gefahr durch Gegenstände auf der Fahrbahn",48.6447943009461,11.5170332000104
"A9","undefined--vi-avl.2025-05-22_05-36-30-000.f.de0","50.930306654975865,11.83775547994346,50.94193316142189,11.834725974881128","50.930306654975865,11.83775547994346","WARNING","A9 | Bad Klosterlausnitz - Kuhberg"," Nürnberg -> Halle/Leipzig",0,"SLOW_TRAFFIC","61.900001525878906",2025-05-22,"Beginn: 22.05.25 um 05:36 Uhr  Angespannte Verkehrslage, seit 22.05.2025, 05:36 A9: Nürnberg -> Halle/Leipzig, zwischen 2.2 km hinter AS Bad Klosterlausnitz und 3.0 km vor Kuhberg  Langsamer Verkehr Reisezeitverlust: 0 Minuten Durchschnittsgeschwindigkeit: 61 km/h",50.9303066549759,11.8377554799435
"A10","undefined--vi-zus.2025-05-22_06-07-30-000.f.de0","52.38184913547674,12.818560196396943,52.39045849884073,12.828061410352113","52.38184913547674,12.818560196396943","WARNING","A10 | Werder - Groß Kreutz"," Dreieck Potsdam -> Dreieck Havelland",0,"SLOW_TRAFFIC","46.79999923706055",2025-05-22,"Beginn: 22.05.25 um 06:07 Uhr  Zusammengesetzte Verkehrsinformation, seit 22.05.2025, 06:07 A10: Dreieck Potsdam -> Dreieck Havelland, zwischen 5.0 km hinter AD Werder und 0.6 km vor AS Groß Kreutz  Langsamer Verkehr Reisezeitverlust: 0 Minuten Durchschnittsgeschwindigkeit: 46 km/h",52.3818491354767,12.8185601963969
"A10","undefined--vi-avl.2025-05-22_11-50-00-000.f_035.de0","52.412149100523266,12.901041845080828,52.412149100523266,12.901041845080828","52.412149100523266,12.901041845080828","WARNING","A10 | Groß Kreutz - Phöben"," Dreieck Werder -> Dreieck Havelland",0,"STATIONARY_TRAFFIC","25",2025-05-22,"Beginn: 22.05.25 um 11:50 Uhr  Angespannte Verkehrslage, seit 22.05.2025, 11:50 A10: Dreieck Werder -> Dreieck Havelland, zwischen 5.0 km hinter AS Groß Kreutz und 0.1 km vor AS Phöben  Im Stillstand Reisezeitverlust: 0 Minuten Durchschnittsgeschwindigkeit: 25 km/h",52.4121491005233,12.9010418450808
"A10","undefined--vi-hind.2025-05-22_05-55-00-000.f_001.de0","52.475752878531814,12.955350709528462,52.538475600927995,12.96533290006355","52.475752878531814,12.955350709528462","WARNING","A10 | Potsdam-Nord - Berlin-Spandau"," Dreieck Werder -> Dreieck Havelland",NA,NA,NA,2025-05-22,"Beginn: 22.05.25 um 05:55 Uhr  Hindernis, seit 22.05.2025, 05:55 A10: Dreieck Werder -> Dreieck Havelland, zwischen 0.3 km hinter AS Potsdam-Nord und 1.9 km vor AS Berlin-Spandau  Gefahr durch Gegenstände auf der Fahrbahn",52.4757528785318,12.9553507095285
"A12","WarnungA10Lkw3","47.61802931631098,12.202336027754352,47.61802931631098,12.202336027754352","47.61802931631098,12.202336027754352","WARNING","E45/E60 | LKW Blockabfertigung | A12-Inntal Autobahn","Richtung Italien",NA,NA,NA,2025-01-11,"Zeitraum: Beginn: 07.01.2025 Ende: 09.12.2025  Hinweis für LKW-Reisende nach Österreich: LKW-Blockabfertigungen an ausgewählten Tagen für Lkw am Grenzübergang Kufstein/Kiefersfelden. Maximaler Durchlass von 300 LKWs pro Stunde  Die genauen Ausführungszeiten und weitere Informationen auf tirol.gv.at/verkehr/verkehrs-und-seilbahnrecht/lkw-dosierung.",47.618029316311,12.2023360277544
"A12","WarnungA10Lkw2","47.6164490154047,12.202382557672273,47.6164490154047,12.202382557672273","47.6164490154047,12.202382557672273","WARNING","E43/E45/E60 | A13-Brenner Autobahn","Richtung Italien",NA,NA,NA,2025-01-11,"Zeitraum: Beginn: 11.01.2025 Ende: 27.09.2025  Hinweis für LKW-Reisende nach Österreich: LKW-Fahrverbot auf der A12-Inntal Autobahn, A13-Brenner Autobahn und A14-Rheintal/Walgau Autobahn, wenn das Ziel der Fahrt der Anschlussstelle Nößlach bis Anschlussstelle Brenner Nord der Richtungsfahrbahn Staatsgrenze der A 13 Brenner Autobahn erreicht werden soll. An ausgewählten Samstagen 7-15 Uhr sowie weiteren Tagen im Zeitraum 11.01. - 27.09.2025 Weitere Informationen auf http://asfinag.at/a13",47.6164490154047,12.2023825576723
"A14","undefined--vi-hind.2025-05-22_05-36-30-000.f_001.de0","51.89613890093105,11.69006080001065,51.940323229331035,11.69395907666622","51.89613890093105,11.69006080001065","WARNING","A14 | Staßfurt - Dreihöhenberg"," Halle -> Magdeburg",NA,NA,NA,2025-05-22,"Beginn: 22.05.25 um 05:36 Uhr  Hindernis, seit 22.05.2025, 05:36 A14: Halle -> Magdeburg, zwischen 5.3 km hinter AS Staßfurt und 0.2 km vor Dreihöhenberg  Gefahr durch Gegenstände auf der Fahrbahn",51.896138900931,11.6900608000107
"A15","undefined--vi-avl.2025-05-22_05-35-00-000.f_003.de0","51.707436229347316,14.409662913357797,51.70779461894658,14.435246468267069","51.707436229347316,14.409662913357797","WARNING","A15 | Cottbus-Süd - Roggosen"," Cottbus -> Breslau",0,"SLOW_TRAFFIC","71.0999984741211",2025-05-22,"Beginn: 22.05.25 um 05:35 Uhr  Angespannte Verkehrslage, seit 22.05.2025, 05:35 A15: Cottbus -> Breslau, zwischen 4.4 km hinter AS Cottbus-Süd und 2.1 km vor AS Roggosen  Langsamer Verkehr Reisezeitverlust: 0 Minuten Durchschnittsgeschwindigkeit: 71 km/h",51.7074362293473,14.4096629133578
"A17","undefined--vi-avl.2025-05-22_05-57-00-000.f_001.de0","50.82026170094333,13.887384300240237,50.82026170094333,13.887384300240237","50.82026170094333,13.887384300240237","WARNING","A17 | Am Heidenholz - Am Heidenholz"," Prag -> Dresden",NA,"QUEUING_TRAFFIC","15",2025-05-22,"Beginn: 22.05.25 um 06:07 Uhr  Angespannte Verkehrslage, seit 22.05.2025, 06:07 A17: Prag -> Dresden, 0.2 km vor Am Heidenholz, aus Richtung Breitenau-Schönwald  Stockender Verkehr Durchschnittsgeschwindigkeit: 15 km/h",50.8202617009433,13.8873843002402
"A17","undefined--vi-zus.2025-05-22_04-59-00-000.f.de0","50.82026170094333,13.887384300240237,50.82863715447587,13.887153539433143","50.82026170094333,13.887384300240237","WARNING","A17 | Breitenau-Schönwald - Bad Gottleuba"," Prag -> Dresden",1,"QUEUING_TRAFFIC","32.400001525878906",2025-05-22,"Beginn: 22.05.25 um 04:59 Uhr  Zusammengesetzte Verkehrsinformation, seit 22.05.2025, 04:59 A17: Prag -> Dresden, zwischen 4.5 km hinter Breitenau-Schönwald und 0.3 km vor AS Bad Gottleuba  Stockender Verkehr Reisezeitverlust: 1 Minuten Durchschnittsgeschwindigkeit: 32 km/h",50.8202617009433,13.8873843002402
"A23","undefined--vi-avl.2025-05-22_05-18-30-000.f_005.de0","53.7044530702368,9.772147742578845,53.7044530702368,9.772147742578845","53.7044530702368,9.772147742578845","WARNING","A23 | Forst Rantzau Süd - Forst Rantzau Süd"," Heide -> Hamburg",NA,"STATIONARY_TRAFFIC","24",2025-05-22,"Beginn: 22.05.25 um 06:07 Uhr  Angespannte Verkehrslage, seit 22.05.2025, 06:07 A23: Heide -> Hamburg, 0.2 km vor Forst Rantzau Süd, aus Richtung Forst Rantzau Nord  Im Stillstand Durchschnittsgeschwindigkeit: 24 km/h",53.7044530702368,9.77214774257884
"A23","undefined--vi-avl.2025-05-22_05-15-00-000.f.de0","53.7044530702368,9.772147742578845,53.66328391927647,9.816929274149718","53.7044530702368,9.772147742578845","WARNING","A23 | Forst Rantzau Nord - Pinneberg-Mitte"," Heide -> Hamburg",11,"STATIONARY_TRAFFIC","23.600000381469727",2025-05-22,"Beginn: 22.05.25 um 05:15 Uhr  Angespannte Verkehrslage, seit 22.05.2025, 05:15 A23: Heide -> Hamburg, zwischen 0.3 km hinter Forst Rantzau Nord und 1.0 km vor AS Pinneberg-Mitte  Im Stillstand Reisezeitverlust: 11 Minuten Durchschnittsgeschwindigkeit: 23 km/h",53.7044530702368,9.77214774257884
"A37","undefined--vi-zus.2025-05-20_10-04-05-000.f_002.de0","52.442156462690335,9.933442989087833,52.436581812162494,9.913211841333315","52.442156462690335,9.933442989087833","WARNING","A37 | Beinhorn - Hannover-Kirchhorst"," Celle -> Hannover",NA,NA,NA,2025-05-20,"Beginn: 20.05.25 um 10:04 Uhr  Zusammengesetzte Verkehrsinformation, seit 20.05.2025, 10:04 B3: Celle -> Hannover, zwischen 0.4 km hinter AS Beinhorn und 2.1 km vor AK Hannover-Kirchhorst  A37 Messe - Burgdorf
zwischen Kreuz Hannover-Buchholz und Beinhorn
in beiden Richtungen geänderte Verkehrsführung im Baustellenbereich, Bauarbeiten, bis 30.10.2026 ca. 18:00 Uhr",52.4421564626903,9.93344298908783
"A37","undefined--vi-zus.2025-05-20_10-04-05-000.f_003.de0","52.42566547847685,9.880479425875153,52.44102213295518,9.93161290421946","52.42566547847685,9.880479425875153","WARNING","Baustelle"," km 22.62 --> km 26.54",NA,NA,NA,2025-05-20,"Beginn: 20.05.25 um 10:04 Uhr  Zusammengesetzte Verkehrsinformation, seit 20.05.2025, 10:04 A37: km 22.62 --> km 26.54  A37 Messe - Burgdorf
zwischen Kreuz Hannover-Buchholz und Beinhorn
in beiden Richtungen geänderte Verkehrsführung im Baustellenbereich, Bauarbeiten, bis 30.10.2026 ca. 18:00 Uhr",52.4256654784769,9.88047942587515
"A40","undefined--vi-avl.2025-05-22_06-05-30-000.f.de0","51.446047950130556,6.830740622308866,51.441796801622,6.815748251430403","51.446047950130556,6.830740622308866","WARNING","A40 | Mülheim an der Ruhr - Duisburg-Kaiserberg"," Essen -> Duisburg",0,"SLOW_TRAFFIC","53.599998474121094",2025-05-22,"Beginn: 22.05.25 um 06:05 Uhr  Angespannte Verkehrslage, seit 22.05.2025, 06:05 A40: Essen -> Duisburg, zwischen 1.1 km hinter AS Mülheim an der Ruhr und 0.3 km vor AS Duisburg-Kaiserberg  Langsamer Verkehr Reisezeitverlust: 0 Minuten Durchschnittsgeschwindigkeit: 53 km/h",51.4460479501306,6.83074062230887
"A44","undefined--vi-avl.2025-05-22_06-07-30-000.f_002.de0","51.494619600076135,8.993605203927313,51.494619600076135,8.993605203927313","51.494619600076135,8.993605203927313","WARNING","A44 | Am Biggenkopf - Am Biggenkopf"," Kassel -> Dortmund",NA,"STATIONARY_TRAFFIC","28",2025-05-22,"Beginn: 22.05.25 um 06:07 Uhr  Angespannte Verkehrslage, seit 22.05.2025, 06:07 A44: Kassel -> Dortmund, 0.7 km vor Am Biggenkopf, aus Richtung Diemelstadt  Im Stillstand Durchschnittsgeschwindigkeit: 28 km/h",51.4946196000761,8.99360520392731
"A44","undefined--vi-avl.2025-05-22_04-01-30-000.f_004.de0","51.49471589850887,8.99339680376309,51.52480837340365,8.91363793864972","51.49471589850887,8.99339680376309","WARNING","A44 | Diemelstadt - Blankenrode"," Kassel -> Dortmund",11,"STATIONARY_TRAFFIC","28",2025-05-22,"Beginn: 22.05.25 um 04:01 Uhr  Angespannte Verkehrslage, seit 22.05.2025, 04:01 A44: Kassel -> Dortmund, zwischen 1.4 km hinter AS Diemelstadt und 3.4 km vor Blankenrode  Im Stillstand Reisezeitverlust: 11 Minuten Durchschnittsgeschwindigkeit: 28 km/h",51.4947158985089,8.99339680376309
"A45","undefined--vi-avl.2025-05-22_06-06-30-000.f.de0","51.265786955274,7.602143614471555,51.265786955274,7.602143614471555","51.265786955274,7.602143614471555","WARNING","A45 | Lüdenscheid-Nord - Lüdenscheid-Nord"," Hagen -> Gießen",NA,"QUEUING_TRAFFIC","8",2025-05-22,"Beginn: 22.05.25 um 06:07 Uhr  Angespannte Verkehrslage, seit 22.05.2025, 06:07 A45: Hagen -> Gießen, 1.1 km vor AS Lüdenscheid-Nord, aus Richtung Sterbecker Siepen  Stockender Verkehr Durchschnittsgeschwindigkeit: 8 km/h",51.265786955274,7.60214361447156
"A45","undefined--vi-avl.2025-05-22_06-06-30-000.f_004.de0","51.265786955274,7.602143614471555,51.263860400934774,7.60281269999918","51.265786955274,7.602143614471555","WARNING","A45 | Sterbecker Siepen - Lüdenscheid-Nord"," Hagen -> Gießen",0,"QUEUING_TRAFFIC","17.399999618530273",2025-05-22,"Beginn: 22.05.25 um 06:06 Uhr  Angespannte Verkehrslage, seit 22.05.2025, 06:06 A45: Hagen -> Gießen, zwischen 0.2 km hinter Sterbecker Siepen und 0.8 km vor AS Lüdenscheid-Nord  Stockender Verkehr Reisezeitverlust: 0 Minuten Durchschnittsgeschwindigkeit: 17 km/h",51.265786955274,7.60214361447156
"A46","undefined--vi-avl.2025-05-22_06-07-30-000.f_001.de0","51.35733208203521,8.17846386838133,51.357806094893945,8.205975794106246","51.35733208203521,8.17846386838133","WARNING","A46 | Olpe - Enste"," Arnsberg-Neheim -> Brilon",0,"SLOW_TRAFFIC","60.29999923706055",2025-05-22,"Beginn: 22.05.25 um 06:07 Uhr  Angespannte Verkehrslage, seit 22.05.2025, 06:07 A46: Arnsberg-Neheim -> Brilon, zwischen 0.6 km hinter Olpe und 3.0 km vor AS Enste  Langsamer Verkehr Reisezeitverlust: 0 Minuten Durchschnittsgeschwindigkeit: 60 km/h",51.3573320820352,8.17846386838133
"A60","undefined--vi-zus.2025-04-08_08-51-21-000.f_013.de0","49.98125533976677,8.345695317688524,49.97565770865279,8.441396718063045","49.98125533976677,8.345695317688524","WARNING","A60 | Mainspitz-Dreieck - Rüsselsheimer Dreieck"," Mainz -> Rüsselsheim",NA,NA,NA,2025-04-08,"Beginn: 08.04.25 um 08:51 Uhr  Zusammengesetzte Verkehrsinformation, seit 08.04.2025, 08:51 A60: Mainz -> Rüsselsheim, zwischen 0.5 km hinter AD Mainspitz-Dreieck und 2.2 km vor AD Rüsselsheimer Dreieck  Sperrung der A60 bei Königstädten – Grundhafte Fahrbahnerneuerung zwischen dem Rüsselsheimer Dreieck und dem Mainspitz Dreieck. Die Niederlassung West der Autobahn GmbH erneuert zwischen dem Rüsselsheimer Dreieck (30) und dem Mainspitz Dreieck (26) die Fahrbahn. Von Donnerstagmorgen (24. April) bis Mitte Juli wird die Anschlussstelle (AS) Königstädten (29) in Fahrtrichtung (FR) Mainz sowie in FR Rüsselsheimer Dreieck gesperrt. Umleitungsmöglichkeiten sind ausgeschildert: • Ausfahrt FR Mainz: Umleitung via AS Rüsselsheim-Mitte • Einfahrt FR Mainz: innerstädtische Umleitung zur AS Rüsselsheim-Mitte (Adam-Opel-Straße / Kurt-Schumacher-Ring), von Nauheim kommend via L3482 zur AS Bischofsheim • Einfahrt FR Darmstadt: innerstädtische Umleitung zur AS Rüsselsheim-Mitte (Adam-Opel-Straße / Kurt-Schumacher-Ring) Die Autobahn GmbH bittet alle Verkehrsteilnehmer um Verständnis für die unvermeidlichen Verkehrsbehinderungen, die durch die Arbeiten entstehen.",49.9812553397668,8.34569531768852
"A60","undefined--vi-zus.2025-05-03_10-55-00-000.f_003.de0","49.977457399447445,8.454646346787307,49.981587265039146,8.34517285786785","49.977457399447445,8.454646346787307","WARNING","A60 | Rüsselsheimer Dreieck - Mainspitz-Dreieck"," Rüsselsheim -> Mainz",NA,NA,NA,2025-05-03,"Beginn: 03.05.25 um 10:55 Uhr  Zusammengesetzte Verkehrsinformation, seit 03.05.2025, 10:55 A60: Rüsselsheim -> Mainz, zwischen 0.6 km hinter AD Rüsselsheimer Dreieck und 0.5 km vor AD Mainspitz-Dreieck  Sperrung der A60 bei Königstädten – Grundhafte Fahrbahnerneuerung zwischen dem Rüsselsheimer Dreieck und dem Mainspitz Dreieck. Die Niederlassung West der Autobahn GmbH erneuert zwischen dem Rüsselsheimer Dreieck (30) und dem Mainspitz Dreieck (26) die Fahrbahn. Von Donnerstagmorgen (24. April) bis Mitte Juli wird die Anschlussstelle (AS) Königstädten (29) in Fahrtrichtung (FR) Mainz sowie in FR Rüsselsheimer Dreieck gesperrt. Umleitungsmöglichkeiten sind ausgeschildert: • Ausfahrt FR Mainz: Umleitung via AS Rüsselsheim-Mitte • Einfahrt FR Mainz: innerstädtische Umleitung zur AS Rüsselsheim-Mitte (Adam-Opel-Straße / Kurt-Schumacher-Ring), von Nauheim kommend via L3482 zur AS Bischofsheim • Einfahrt FR Darmstadt: innerstädtische Umleitung zur AS Rüsselsheim-Mitte (Adam-Opel-Straße / Kurt-Schumacher-Ring) Die Autobahn GmbH bittet alle Verkehrsteilnehmer um Verständnis für die unvermeidlichen Verkehrsbehinderungen, die durch die Arbeiten entstehen.",49.9774573994474,8.45464634678731
"A63","undefined--vi-avl.2025-05-22_06-03-00-000.f.de0","49.95331108485476,8.226935060780349,49.96207300094132,8.236405799999783","49.95331108485476,8.226935060780349","WARNING","A63 | Klein-Winternheim - Mainz-Süd"," Kaiserslautern -> Mainz",1,"SLOW_TRAFFIC","34.599998474121094",2025-05-22,"Beginn: 22.05.25 um 06:03 Uhr  Angespannte Verkehrslage, seit 22.05.2025, 06:03 A63: Kaiserslautern -> Mainz, zwischen 0.7 km hinter AS Klein-Winternheim und 0.3 km vor AK Mainz-Süd  Langsamer Verkehr Reisezeitverlust: 1 Minuten Durchschnittsgeschwindigkeit: 34 km/h",49.9533110848548,8.22693506078035
"A73","undefined--vi-avl.2025-05-22_05-22-30-000.f_005.de0","49.534767838257395,10.992543095216806,49.534767838257395,10.992543095216806","49.534767838257395,10.992543095216806","WARNING","A73 | Gründlach - Gründlach"," Bamberg -> Nürnberg",NA,"STATIONARY_TRAFFIC","9",2025-05-22,"Beginn: 22.05.25 um 06:07 Uhr  Angespannte Verkehrslage, seit 22.05.2025, 06:07 A73: Bamberg -> Nürnberg, 0.3 km vor Gründlach, aus Richtung Fuchswald  Im Stillstand Durchschnittsgeschwindigkeit: 9 km/h",49.5347678382574,10.9925430952168
"A73","undefined--vi-unf.2025-05-22_05-15-30-000.f.de0","49.52230721495196,10.992028563553042,49.50858100716111,10.994210529401945","49.52230721495196,10.992028563553042","WARNING","A73 | Gründlach - Fürth-Ronhof"," Bamberg -> Nürnberg",NA,NA,NA,2025-05-22,"Beginn: 22.05.25 um 05:15 Uhr  Unfall, seit 22.05.2025, 05:15 A73: Bamberg -> Nürnberg, zwischen 1.1 km hinter Gründlach und 1.5 km vor AS Fürth-Ronhof",49.522307214952,10.992028563553
"A73","undefined--vi-zus.2025-05-22_05-22-30-000.f_001.de0","49.534713902368054,10.992540894841857,49.514157879381095,10.992425761807214","49.534713902368054,10.992540894841857","WARNING","A73 | Fuchswald - Fürth-Ronhof"," Bamberg -> Nürnberg",9,"STATIONARY_TRAFFIC","12.399999618530273",2025-05-22,"Beginn: 22.05.25 um 05:22 Uhr  Zusammengesetzte Verkehrsinformation, seit 22.05.2025, 05:22 A73: Bamberg -> Nürnberg, zwischen 0.1 km hinter Fuchswald und 2.2 km vor AS Fürth-Ronhof  Im Stillstand Reisezeitverlust: 9 Minuten Durchschnittsgeschwindigkeit: 12 km/h",49.5347139023681,10.9925408948419
"A73","undefined--vi-avl.2025-05-22_06-06-00-000.f.de0","50.16796901897817,11.007405990158016,50.181589995530544,11.02505395130517","50.16796901897817,11.007405990158016","WARNING","A73 | Untersiemau - Ebersdorf b.Coburg"," Bamberg -> Suhl",1,"SLOW_TRAFFIC","60.599998474121094",2025-05-22,"Beginn: 22.05.25 um 06:06 Uhr  Angespannte Verkehrslage, seit 22.05.2025, 06:06 A73: Bamberg -> Suhl, zwischen 0.6 km hinter AS Untersiemau und 5.0 km vor AS Ebersdorf b.Coburg  Langsamer Verkehr Reisezeitverlust: 1 Minuten Durchschnittsgeschwindigkeit: 60 km/h",50.1679690189782,11.007405990158
"A100","undefined--vi-avl.2025-05-22_06-04-30-000.f_003.de0","52.493435424036946,13.29175675670661,52.493435424036946,13.29175675670661","52.493435424036946,13.29175675670661","WARNING","A100 | Kurfürstendamm(Schwarzbacher Straße) - Kurfürstendamm(Schwarzbacher Straße)"," Wilmersdorf -> Wedding",NA,"SLOW_TRAFFIC","29",2025-05-22,"Beginn: 22.05.25 um 06:07 Uhr  Angespannte Verkehrslage, seit 22.05.2025, 06:07 A100: Wilmersdorf -> Wedding, 0.1 km vor AS Kurfürstendamm(Schwarzbacher Straße), aus Richtung Hohenzollerndamm  Langsamer Verkehr Durchschnittsgeschwindigkeit: 29 km/h",52.4934354240369,13.2917567567066
"A100","undefined--vi-avl.2025-05-22_05-33-30-000.f_002.de0","52.493435424036946,13.29175675670661,52.50336219531883,13.282025493254945","52.493435424036946,13.29175675670661","WARNING","A100 | Hohenzollerndamm - Kaiserdamm-Süd"," Wilmersdorf -> Wedding",1,"SLOW_TRAFFIC","38.599998474121094",2025-05-22,"Beginn: 22.05.25 um 05:35 Uhr  Angespannte Verkehrslage, seit 22.05.2025, 05:35 A100: Wilmersdorf -> Wedding, zwischen 0.9 km hinter AS Hohenzollerndamm und 0.8 km vor AS Kaiserdamm-Süd  Langsamer Verkehr Reisezeitverlust: 1 Minuten Durchschnittsgeschwindigkeit: 38 km/h",52.4934354240369,13.2917567567066
"A113","undefined--vi-zus.2025-05-22_04-29-30-000.f.de0","52.43548310093075,13.494446300119055,52.427430081232416,13.518107437510764","52.43548310093075,13.494446300119055","WARNING","A113 | Johannisthaler Chaussee - Rudower Höhe"," Neukölln -> Schönefeld",NA,NA,NA,2025-05-22,"Beginn: 22.05.25 um 04:29 Uhr  Zusammengesetzte Verkehrsinformation, seit 22.05.2025, 04:29 A113: Neukölln -> Schönefeld, zwischen 1.3 km hinter AS Johannisthaler Chaussee und 0.9 km vor Rudower Höhe  A113 Autobahnzubringer Dresden, Neukölln Richtung Schönefeld
zwischen Stubenrauchstraße und Tunnel Rudower Höhe
linker Fahrstreifen gesperrt, Bauarbeiten, bis voraussichtlich 20.06.2025",52.4354831009308,13.4944463001191
"A115","undefined--vi-zus.2024-10-09_07-09-40-000.f_531.de0","52.40027056808641,13.185163736426698,52.44227384698058,13.202709435405149","52.40027056808641,13.185163736426698","WARNING","A115 | Am Stern - Hüttenweg"," Dreieck Nuthetal -> Dreieck Funkturm",NA,NA,NA,2024-10-09,"Beginn: 09.10.24 um 07:09 Uhr  Zusammengesetzte Verkehrsinformation, seit 09.10.2024, 07:09 A115: Dreieck Nuthetal -> Dreieck Funkturm, zwischen 2.9 km hinter Am Stern und 3.8 km vor AS Hüttenweg  A115 Autobahnzubringer Magdeburg, Dreieck Nuthetal Richtung Dreieck Funkturm, zwischen Anschlussstelle Kleinmachnow und Anschlussstelle Spanische Allee, Baustelle, bis 31.10.2026 17:00 Uhr",52.4002705680864,13.1851637364267
"A115","undefined--vi-avl.2025-05-22_06-05-00-000.f.de0","52.40196495537604,13.187075268510544,52.409010539380716,13.195052580442711","52.40196495537604,13.187075268510544","WARNING","A115 | Am Stern - Dreilinden"," Dreieck Nuthetal -> Dreieck Funkturm",0,"SLOW_TRAFFIC","45.099998474121094",2025-05-22,"Beginn: 22.05.25 um 06:05 Uhr  Angespannte Verkehrslage, seit 22.05.2025, 06:05 A115: Dreieck Nuthetal -> Dreieck Funkturm, zwischen 3.1 km hinter Am Stern und 0.8 km vor Dreilinden  Langsamer Verkehr Reisezeitverlust: 0 Minuten Durchschnittsgeschwindigkeit: 45 km/h",52.401964955376,13.1870752685105
"A861","undefined--vi-avl.2025-05-22_05-43-30-000.f_003.de0","47.55988222106523,7.758069155611078,47.55988222106523,7.758069155611078","47.55988222106523,7.758069155611078","WARNING","A861 | Rheinfelden-Süd - Rheinfelden-Süd"," Dreieck Hochrhein -> Grenzübergang Rheinfelden",NA,"STATIONARY_TRAFFIC","9",2025-05-22,"Beginn: 22.05.25 um 06:07 Uhr  Angespannte Verkehrslage, seit 22.05.2025, 06:07 A861: Dreieck Hochrhein -> Grenzübergang Rheinfelden, 1.1 km vor AS Rheinfelden-Süd, aus Richtung Rheinfelden-Mitte  Im Stillstand Durchschnittsgeschwindigkeit: 9 km/h",47.5598822210652,7.75806915561108
"A861","undefined--vi-avl.2025-05-22_05-34-00-000.f.de0","47.559846619615435,7.758061387465523,47.548363300948715,7.758275399999488","47.559846619615435,7.758061387465523","WARNING","Baustelle"," km 1.28 --> km -0.00",7,"STATIONARY_TRAFFIC","8.800000190734863",2025-05-22,"Beginn: 22.05.25 um 05:36 Uhr  Angespannte Verkehrslage, seit 22.05.2025, 05:36 A861: km 1.28 --> km -0.00  Im Stillstand Reisezeitverlust: 7 Minuten Durchschnittsgeschwindigkeit: 8 km/h",47.5598466196154,7.75806138746552
