"road","identifier","extent","point","display_type","title","subtitle","delay_minutes","abnormalTrafficType","averageSpeed","startTimestamp","description","latitude","longitude"
"A1","undefined--vi-avl.2025-05-23_06-27-00-000.f.de0","50.98723513062896,6.860928092857765,50.99345508031486,6.879524380264992","50.98723513062896,6.860928092857765","WARNING","A1 | Köln-Bocklemünd - Köln-Nord"," Euskirchen -> Köln",0,"SLOW_TRAFFIC","70.80000305175781",2025-05-23,"Beginn: 23.05.25 um 06:27 Uhr  Angespannte Verkehrslage, seit 23.05.2025, 06:27 A1: Euskirchen -> Köln, zwischen 1.3 km hinter AS Köln-Bocklemünd und 0.9 km vor AK Köln-Nord  Langsamer Verkehr Reisezeitverlust: 0 Minuten Durchschnittsgeschwindigkeit: 70 km/h",50.987235130629,6.86092809285777
"A1","undefined--vi-zus.2025-05-23_06-41-04-000.f.de0","53.497538418319344,10.037090219323698,53.50950530091939,10.047760500000521","53.497538418319344,10.037090219323698","WARNING","A1 | Hamburg-Stillhorn - Norderelbbrücke"," Bremen -> Lübeck",0,"SLOW_TRAFFIC","53.900001525878906",2025-05-23,"Beginn: 23.05.25 um 06:41 Uhr  Zusammengesetzte Verkehrsinformation, seit 23.05.2025, 06:41 A1: Bremen -> Lübeck, zwischen 1.7 km hinter Hamburg-Stillhorn und 0.8 km vor Norderelbbrücke  Langsamer Verkehr Reisezeitverlust: 0 Minuten Durchschnittsgeschwindigkeit: 53 km/h",53.4975384183193,10.0370902193237
"A1","undefined--vi-zus.2025-05-23_06-45-06-000.f.de0","53.50758966591517,10.07680202491924,53.50951165939763,10.054215464170532","53.50758966591517,10.07680202491924","WARNING","A1 | Hamburg-Südost - Hamburg-Norderelbe"," Lübeck -> Hamburg",0,"SLOW_TRAFFIC","53.400001525878906",2025-05-23,"Beginn: 23.05.25 um 06:45 Uhr  Zusammengesetzte Verkehrsinformation, seit 23.05.2025, 06:45 A1: Lübeck -> Hamburg, zwischen 0.2 km hinter AD Hamburg-Südost und 1.2 km vor AK Hamburg-Norderelbe  Langsamer Verkehr Reisezeitverlust: 0 Minuten Durchschnittsgeschwindigkeit: 53 km/h",53.5075896659152,10.0768020249192
"A2","undefined--vi-hind.2025-05-23_06-28-02-000.f_002.de0","52.21601127501517,8.958963172896459,52.22169168383265,9.104890036808378","52.21601127501517,8.958963172896459","WARNING","A2 | Veltheim - Bad Eilsen"," Dortmund -> Hannover",NA,NA,NA,2025-05-23,"Beginn: 23.05.25 um 06:28 Uhr  Hindernis, seit 23.05.2025, 06:28 A2: Dortmund -> Hannover, zwischen 0.3 km hinter AS Veltheim und 0.3 km vor AS Bad Eilsen  Gefahr durch Gegenstände auf der Fahrbahn",52.2160112750152,8.95896317289646
"A2","undefined--vi-avl.2025-05-23_06-37-04-000.f_001.de0","52.229769863771274,11.031425034806526,52.21639874582065,11.080607383870115","52.229769863771274,11.031425034806526","WARNING","A2 | Helmstedt Süd - Marienborn"," Braunschweig -> Magdeburg",3,"SLOW_TRAFFIC","36.29999923706055",2025-05-23,"Beginn: 23.05.25 um 06:37 Uhr  Angespannte Verkehrslage, seit 23.05.2025, 06:37 A2: Braunschweig -> Magdeburg, zwischen 0.7 km hinter Helmstedt Süd und 0.1 km vor Marienborn  Langsamer Verkehr Reisezeitverlust: 3 Minuten Durchschnittsgeschwindigkeit: 36 km/h",52.2297698637713,11.0314250348065
"A3","undefined--vi-hind.2025-05-23_06-41-04-000.f_001.de0","48.60830450094819,13.367332500181792,48.66163950094772,13.267881200159557","48.60830450094819,13.367332500181792","WARNING","A3 | Passau-Nord - Aicha vorm Wald"," Passau -> Nürnberg",NA,NA,NA,2025-05-23,"Beginn: 23.05.25 um 06:41 Uhr  Hindernis, seit 23.05.2025, 06:41 A3: Passau -> Nürnberg, zwischen 0.4 km hinter AS Passau-Nord und 0.7 km vor AS Aicha vorm Wald  Gefahr durch Gegenstände auf der Fahrbahn",48.6083045009482,13.3673325001818
"A3","undefined--vi-avl.2025-05-23_06-00-30-000.f_004.de0","51.47063970123621,6.816340410309617,51.44398922316454,6.799912313193551","51.47063970123621,6.816340410309617","WARNING","A3 | Oberhausen-Lirich - Duisburg-Wedau"," Oberhausen -> Köln",1,"SLOW_TRAFFIC","55.20000076293945",2025-05-23,"Beginn: 23.05.25 um 06:00 Uhr  Angespannte Verkehrslage, seit 23.05.2025, 06:00 A3: Oberhausen -> Köln, zwischen 0.6 km hinter AS Oberhausen-Lirich und 4.3 km vor AS Duisburg-Wedau  Langsamer Verkehr Reisezeitverlust: 1 Minuten Durchschnittsgeschwindigkeit: 55 km/h",51.4706397012362,6.81634041030962
"A3","undefined--vi-avl.2025-05-23_06-01-30-000.f.de0","51.51040023174403,6.820211736249708,51.53066890093323,6.821253299995787","51.51040023174403,6.820211736249708","WARNING","A3 | Oberhausen-West - Oberhausen"," Köln -> Arnheim",1,"SLOW_TRAFFIC","53.20000076293945",2025-05-23,"Beginn: 23.05.25 um 06:01 Uhr  Angespannte Verkehrslage, seit 23.05.2025, 06:01 A3: Köln -> Arnheim, zwischen 2.7 km hinter AK Oberhausen-West und 1.2 km vor AK Oberhausen  Langsamer Verkehr Reisezeitverlust: 1 Minuten Durchschnittsgeschwindigkeit: 53 km/h",51.510400231744,6.82021173624971
"A4","undefined--vi-avl.2025-05-23_06-08-30-000.f.de0","50.9035641316487,6.897993229013371,50.89212772911116,6.923158297032745","50.9035641316487,6.897993229013371","WARNING","A4 | Köln-West - Köln-Eifeltor"," Heerlen/Aachen -> Köln",1,"SLOW_TRAFFIC","56.900001525878906",2025-05-23,"Beginn: 23.05.25 um 06:08 Uhr  Angespannte Verkehrslage, seit 23.05.2025, 06:08 A4: Heerlen/Aachen -> Köln, zwischen 4.5 km hinter AK Köln-West und 0.2 km vor AS Köln-Eifeltor  Langsamer Verkehr Reisezeitverlust: 1 Minuten Durchschnittsgeschwindigkeit: 56 km/h",50.9035641316487,6.89799322901337
"A4","undefined--vi-zus.2025-05-23_06-46-00-000.f.de0","50.88752839517368,6.93453116223861,50.8944794610657,6.918420191363288","50.88752839517368,6.93453116223861","WARNING","A4 | Köln-Süd - Köln-Klettenberg"," Köln -> Heerlen/Aachen",0,"SLOW_TRAFFIC","57.79999923706055",2025-05-23,"Beginn: 23.05.25 um 06:46 Uhr  Zusammengesetzte Verkehrsinformation, seit 23.05.2025, 06:46 A4: Köln -> Heerlen/Aachen, zwischen 2.5 km hinter AK Köln-Süd und 0.8 km vor AS Köln-Klettenberg  Langsamer Verkehr Reisezeitverlust: 0 Minuten Durchschnittsgeschwindigkeit: 57 km/h",50.8875283951737,6.93453116223861
"A4","undefined--vi-avl.2025-05-23_06-18-30-000.f_002.de0","50.9729526942365,7.540047655499536,50.9729526942365,7.540047655499536","50.9729526942365,7.540047655499536","WARNING","A4 | Gummersbach - Gummersbach"," Olpe -> Köln",NA,"STATIONARY_TRAFFIC","11",2025-05-23,"Beginn: 23.05.25 um 06:47 Uhr  Angespannte Verkehrslage, seit 23.05.2025, 06:47 A4: Olpe -> Köln, 1.0 km vor AS Gummersbach, aus Richtung Morkepütz  Im Stillstand Durchschnittsgeschwindigkeit: 11 km/h",50.9729526942365,7.54004765549954
"A4","undefined--vi-avl.2025-05-23_06-14-30-000.f_003.de0","50.97292958399791,7.5401704872562565,50.9754718703022,7.509784509235142","50.97292958399791,7.5401704872562565","WARNING","A4 | Morkepütz - Hömeler Feld"," Olpe -> Köln",4,"STATIONARY_TRAFFIC","22.5",2025-05-23,"Beginn: 23.05.25 um 06:14 Uhr  Angespannte Verkehrslage, seit 23.05.2025, 06:14 A4: Olpe -> Köln, zwischen 0.8 km hinter Morkepütz und 0.4 km vor Hömeler Feld  Im Stillstand Reisezeitverlust: 4 Minuten Durchschnittsgeschwindigkeit: 22 km/h",50.9729295839979,7.54017048725626
"A4","undefined--vi-avl.2025-05-23_06-43-00-000.f.de0","51.19765275556616,14.441763865632218,51.195669209202144,14.456405551917895","51.19765275556616,14.441763865632218","WARNING","A4 | Bautzen-West - Bautzen-Ost"," Dresden -> Görlitz",1,"QUEUING_TRAFFIC","34",2025-05-23,"Beginn: 23.05.25 um 06:43 Uhr  Angespannte Verkehrslage, seit 23.05.2025, 06:43 A4: Dresden -> Görlitz, zwischen 2.2 km hinter AS Bautzen-West und 0.6 km vor AS Bautzen-Ost  Stockender Verkehr Reisezeitverlust: 1 Minuten Durchschnittsgeschwindigkeit: 34 km/h",51.1976527555662,14.4417638656322
"A4","undefined--vi-avl.2025-05-23_06-45-32-000.f_001.de0","51.19765275556616,14.441763865632218,51.19765275556616,14.441763865632218","51.19765275556616,14.441763865632218","WARNING","A4 | Bautzen-Ost - Bautzen-Ost"," Dresden -> Görlitz",NA,"QUEUING_TRAFFIC","26",2025-05-23,"Beginn: 23.05.25 um 06:47 Uhr  Angespannte Verkehrslage, seit 23.05.2025, 06:47 A4: Dresden -> Görlitz, 1.7 km vor AS Bautzen-Ost, aus Richtung Bautzen-West  Stockender Verkehr Durchschnittsgeschwindigkeit: 26 km/h",51.1976527555662,14.4417638656322
"A5","undefined--vi-hind.2025-05-23_03-57-30-000.f_007.de0","48.956507500945136,8.38311059999985,48.96077393140228,8.40730068470762","48.956507500945136,8.38311059999985","WARNING","A5 | Schleifweg - Karlsruhe"," Basel -> Heidelberg",NA,NA,NA,2025-05-23,"Beginn: 23.05.25 um 03:57 Uhr  Fahrzeug-Hindernis, seit 23.05.2025, 03:57 A5: Basel -> Heidelberg, zwischen 11.0 km hinter Schleifweg und 2.7 km vor AD Karlsruhe",48.9565075009451,8.38311059999985
"A5","undefined--vi-hind.2025-05-23_03-55-00-000.f_005.de0","49.01980790094491,8.470768799999881,49.066938916540444,8.506381038892826","49.01980790094491,8.470768799999881","WARNING","A5 | Karlsruhe-Nord - Kreuzlach"," Karlsruhe -> Heidelberg",NA,NA,NA,2025-05-23,"Beginn: 23.05.25 um 03:55 Uhr  Fahrzeug-Hindernis, seit 23.05.2025, 03:55 A5: Karlsruhe -> Heidelberg, zwischen 0.5 km hinter AS Karlsruhe-Nord und 0.3 km vor Kreuzlach",49.0198079009449,8.47076879999988
"A5","undefined--vi-unf.2025-05-23_06-12-30-000.f_003.de0","50.63980978527451,8.962230499633863,50.640213700938126,8.96813569999999","50.63980978527451,8.962230499633863","WARNING","A5 | Grünberg - Homberg (Ohm)"," Frankfurt -> Kassel",NA,NA,NA,2025-05-23,"Beginn: 23.05.25 um 06:12 Uhr  Unfall, seit 23.05.2025, 06:12 A5: Frankfurt -> Kassel, zwischen 2.9 km hinter AS Grünberg und 1.7 km vor AS Homberg (Ohm)",50.6398097852745,8.96223049963386
"A6","undefined--vi-avl.2025-05-23_06-47-30-000.f_002.de0","49.27228102941908,8.653358597191813,49.276325026427116,8.63383888314373","49.27228102941908,8.653358597191813","WARNING","A6 | Wiesloch/Rauenberg - Walldorf"," Heilbronn -> Mannheim",0,"SLOW_TRAFFIC","61.599998474121094",2025-05-23,"Beginn: 23.05.25 um 06:47 Uhr  Angespannte Verkehrslage, seit 23.05.2025, 06:47 A6: Heilbronn -> Mannheim, zwischen 3.0 km hinter AS Wiesloch/Rauenberg und 1.1 km vor AK Walldorf  Langsamer Verkehr Reisezeitverlust: 0 Minuten Durchschnittsgeschwindigkeit: 61 km/h",49.2722810294191,8.65335859719181
"A6","undefined--vi-hind.2025-05-23_06-22-30-000.f_003.de0","49.20359919430955,10.224508995196627,49.21063197779945,10.176147632914672","49.20359919430955,10.224508995196627","WARNING","A6 | Feuchtwangen/Crailsheim - Schnelldorf"," Nürnberg -> Heilbronn",NA,NA,NA,2025-05-23,"Beginn: 23.05.25 um 06:22 Uhr  Hindernis, seit 23.05.2025, 06:22 A6: Nürnberg -> Heilbronn, zwischen 0.7 km hinter AK Feuchtwangen/Crailsheim und 0.4 km vor AS Schnelldorf  Gefahr durch Gegenstände auf der Fahrbahn",49.2035991943095,10.2245089951966
"A6","undefined--vi-avl.2025-05-23_06-46-30-000.f_005.de0","49.418459834302936,11.724582863575591,49.41566301630511,11.7350231004448","49.418459834302936,11.724582863575591","WARNING","A6 | Oberpfälzer Alb - Brunnberg"," Nürnberg -> Pilsen",0,"SLOW_TRAFFIC","54.900001525878906",2025-05-23,"Beginn: 23.05.25 um 06:46 Uhr  Angespannte Verkehrslage, seit 23.05.2025, 06:46 A6: Nürnberg -> Pilsen, zwischen 2.7 km hinter Oberpfälzer Alb und 0.8 km vor Brunnberg  Langsamer Verkehr Reisezeitverlust: 0 Minuten Durchschnittsgeschwindigkeit: 54 km/h",49.4184598343029,11.7245828635756
"A6","undefined--vi-avl.2025-05-23_06-36-00-000.f_004.de0","49.40353707413455,11.784314409769884,49.40353707413455,11.784314409769884","49.40353707413455,11.784314409769884","WARNING","A6 | Amberg-West - Amberg-West"," Pilsen -> Nürnberg",NA,"STATIONARY_TRAFFIC","10",2025-05-23,"Beginn: 23.05.25 um 06:47 Uhr  Angespannte Verkehrslage, seit 23.05.2025, 06:47 A6: Pilsen -> Nürnberg, 1.5 km vor AS Amberg-West, aus Richtung Laubenschlag  Im Stillstand Durchschnittsgeschwindigkeit: 10 km/h",49.4035370741345,11.7843144097699
"A6","undefined--vi-unf.2025-05-23_05-52-00-000.f.de0","49.409143300943605,11.762143100015406,49.4278274009435,11.65863760001272","49.409143300943605,11.762143100015406","WARNING","A6 | Amberg-West - Sulzbach-Rosenberg"," Pilsen -> Nürnberg",NA,NA,NA,2025-05-23,"Beginn: 23.05.25 um 05:52 Uhr  Unfall, seit 23.05.2025, 05:52 A6: Pilsen -> Nürnberg, zwischen 0.3 km hinter AS Amberg-West und 0.4 km vor AS Sulzbach-Rosenberg",49.4091433009436,11.7621431000154
"A6","undefined--vi-zus.2025-05-23_06-17-32-000.f.de0","49.40354399165127,11.784305610096661,49.409111833083024,11.762256566791919","49.40354399165127,11.784305610096661","WARNING","A6 | Laubenschlag - Brunnberg"," Pilsen -> Nürnberg",9,"STATIONARY_TRAFFIC","10.199999809265137",2025-05-23,"Beginn: 23.05.25 um 06:17 Uhr  Zusammengesetzte Verkehrsinformation, seit 23.05.2025, 06:17 A6: Pilsen -> Nürnberg, zwischen 6.0 km hinter Laubenschlag und 1.4 km vor Brunnberg  Im Stillstand Reisezeitverlust: 9 Minuten Durchschnittsgeschwindigkeit: 10 km/h",49.4035439916513,11.7843056100967
"A6","undefined--vi-zus.2025-05-23_06-47-00-000.f_001.de0","49.63322194111654,12.460993082292749,49.629802783856526,12.447991926768246","49.63322194111654,12.460993082292749","WARNING","A6 | Waidhaus - Pleystein"," Pilsen -> Nürnberg",0,"SLOW_TRAFFIC","36.599998474121094",2025-05-23,"Beginn: 23.05.25 um 06:47 Uhr  Zusammengesetzte Verkehrsinformation, seit 23.05.2025, 06:47 A6: Pilsen -> Nürnberg, zwischen 2.2 km hinter AS Waidhaus und 2.7 km vor AS Pleystein  Langsamer Verkehr Reisezeitverlust: 0 Minuten Durchschnittsgeschwindigkeit: 36 km/h",49.6332219411165,12.4609930822927
"A7","undefined--vi-zus.2025-05-23_06-40-30-000.f.de0","47.572965577642115,10.660922982282756,47.57538933115995,10.661761037364318","47.572965577642115,10.660922982282756","WARNING","A7 | Grenztunnel Füssen - Reinertshofertunnel"," Füssen/Reutte -> Ulm",0,"QUEUING_TRAFFIC","17.399999618530273",2025-05-23,"Beginn: 23.05.25 um 06:40 Uhr  Zusammengesetzte Verkehrsinformation, seit 23.05.2025, 06:40 A7: Füssen/Reutte -> Ulm, zwischen 1.6 km hinter Grenztunnel Füssen und 2.9 km vor Reinertshofertunnel  Stockender Verkehr Reisezeitverlust: 0 Minuten Durchschnittsgeschwindigkeit: 17 km/h",47.5729655776421,10.6609229822828
"A7","undefined--vi-hind.2025-05-23_06-18-00-000.f_001.de0","52.88797408075153,9.762917945136575,52.85294130092444,9.697507100000271","52.88797408075153,9.762917945136575","WARNING","A7 | Dorfmark - Bad Fallingbostel"," Hamburg -> Hannover",NA,NA,NA,2025-05-23,"Beginn: 23.05.25 um 06:18 Uhr  Hindernis, seit 23.05.2025, 06:18 A7: Hamburg -> Hannover, zwischen 0.5 km hinter AS Dorfmark und 0.4 km vor AS Bad Fallingbostel  Gefahr durch Gegenstände auf der Fahrbahn",52.8879740807515,9.76291794513658
"A7","undefined--vi-avl.2025-05-23_05-16-30-000.f_002.de0","53.27246094360109,10.083801125662793,53.295456259358645,10.076027493050319","53.27246094360109,10.083801125662793","WARNING","A7 | Utspann - Thieshope"," Hannover -> Hamburg",3,"QUEUING_TRAFFIC","36.20000076293945",2025-05-23,"Beginn: 23.05.25 um 05:16 Uhr  Angespannte Verkehrslage, seit 23.05.2025, 05:16 A7: Hannover -> Hamburg, zwischen 2.2 km hinter Utspann und 1.5 km vor AS Thieshope  Stockender Verkehr Reisezeitverlust: 3 Minuten Durchschnittsgeschwindigkeit: 36 km/h",53.2724609436011,10.0838011256628
"A7","undefined--vi-avl.2025-05-23_06-28-30-000.f_005.de0","53.47877950091964,9.914973600000431,53.47877950091964,9.914973600000431","53.47877950091964,9.914973600000431","WARNING","A7 | Hamburg-Hausbruch - Hamburg-Hausbruch"," Hannover -> Hamburg",NA,"STATIONARY_TRAFFIC","12",2025-05-23,"Beginn: 23.05.25 um 06:47 Uhr  Angespannte Verkehrslage, seit 23.05.2025, 06:47 A7: Hannover -> Hamburg, 0.3 km vor AS Hamburg-Hausbruch, aus Richtung Hamburg-Heimfeld  Im Stillstand Durchschnittsgeschwindigkeit: 12 km/h",53.4787795009196,9.91497360000043
"A7","undefined--vi-hind.2025-05-23_06-14-00-000.f_004.de0","53.557081854402995,9.897873088157734,53.557939984250346,9.898022958175675","53.557081854402995,9.897873088157734","WARNING","A7 | Elbtunnel (Nordportal) - Hamburg-Bahrenfeld"," Hamburg -> Flensburg",NA,NA,NA,2025-05-23,"Beginn: 23.05.25 um 06:14 Uhr  Hindernis, seit 23.05.2025, 06:14 A7: Hamburg -> Flensburg, zwischen 0.9 km hinter Elbtunnel (Nordportal) und 0.8 km vor AS Hamburg-Bahrenfeld  Gefahr durch Gegenstände auf der Fahrbahn",53.557081854403,9.89787308815773
"A7","undefined--vi-zus.2025-03-31_00-40-00-000.f_018.de0","53.579141433849884,9.913430072127355,53.55636870091902,9.897540700000414","53.579141433849884,9.913430072127355","WARNING","A7 | Hamburg-Volkspark - Elbtunnel (Nordportal)"," Flensburg -> Hamburg",NA,NA,NA,2025-03-31,"Beginn: 31.03.25 um 00:40 Uhr  Zusammengesetzte Verkehrsinformation, seit 31.03.2025, 00:40 A7: Flensburg -> Hamburg, zwischen 0.4 km hinter AS Hamburg-Volkspark und 0.9 km vor Elbtunnel (Nordportal)  A7 Flensburg Richtung Hamburg Ausfahrt Hamburg-Othmarschen Fahrbahnverengung, maximale Fahrbahnbreite von 4,50 m, Bauarbeiten, bis 29.09.2025",53.5791414338499,9.91343007212735
"A8","undefined--vi-zus.2025-05-23_06-41-04-000.f_001.de0","49.45249217434696,6.5320392161765115,49.452164414997426,6.518835999928115","49.45249217434696,6.5320392161765115","WARNING","A8 | Weiler - Pellinger Berg"," Saarlouis -> Luxemburg",0,"SLOW_TRAFFIC","45.20000076293945",2025-05-23,"Beginn: 23.05.25 um 06:41 Uhr  Zusammengesetzte Verkehrsinformation, seit 23.05.2025, 06:41 A8: Saarlouis -> Luxemburg, zwischen 2.6 km hinter Weiler und 0.5 km vor Pellinger Berg  Langsamer Verkehr Reisezeitverlust: 0 Minuten Durchschnittsgeschwindigkeit: 45 km/h",49.452492174347,6.53203921617651
"A8","undefined--vi-zus.2025-03-26_17-59-56-000.f_013.de0","49.32575278791285,7.172731755291576,49.327350714671546,7.213275819282444","49.32575278791285,7.172731755291576","WARNING","A8 | Neunkirchen/Spiesen - Kohlhof"," Saarlouis -> Neunkirchen",NA,NA,NA,2025-03-26,"Beginn: 26.03.25 um 17:59 Uhr  Zusammengesetzte Verkehrsinformation, seit 26.03.2025, 17:59 A8: Saarlouis -> Neunkirchen, zwischen 1.5 km hinter AS Neunkirchen/Spiesen und 1.0 km vor Kohlhof  A8 Saarlouis - Neunkirchen zwischen Neunkirchen-Spiesen und Neunkirchen-Oberstadt in beiden Richtungen Bauarbeiten, bis voraussichtlich 01.06.2025",49.3257527879128,7.17273175529158
"A8","undefined--vi-zus.2025-05-14_09-26-56-000.f.de0","49.32628400979037,7.229641516813452,49.329166750017514,7.1882642393148934","49.32628400979037,7.229641516813452","WARNING","A8 | Neunkirchen-Wellesweiler - Neunkirchen/Spiesen"," Neunkirchen -> Saarlouis",NA,NA,NA,2025-05-14,"Beginn: 14.05.25 um 09:26 Uhr  Zusammengesetzte Verkehrsinformation, seit 14.05.2025, 09:26 A8: Neunkirchen -> Saarlouis, zwischen 0.4 km hinter AS Neunkirchen-Wellesweiler und 2.7 km vor AS Neunkirchen/Spiesen  A8 Saarlouis - Neunkirchen zwischen Neunkirchen-Spiesen und Neunkirchen-Oberstadt in beiden Richtungen Bauarbeiten, bis voraussichtlich 01.06.2025",49.3262840097904,7.22964151681345
"A8","undefined--vi-avl.2025-05-23_06-18-30-000.f_001.de0","47.80707110094831,12.126309900033577,47.80394240094832,12.160497100035558","47.80707110094831,12.126309900033577","WARNING","A8 | Rosenheim - Rohrdorf"," München -> Salzburg",4,"STATIONARY_TRAFFIC","27.399999618530273",2025-05-23,"Beginn: 23.05.25 um 06:18 Uhr  Angespannte Verkehrslage, seit 23.05.2025, 06:18 A8: München -> Salzburg, zwischen 0.5 km hinter AS Rosenheim und 0.2 km vor AS Rohrdorf  Im Stillstand Reisezeitverlust: 4 Minuten Durchschnittsgeschwindigkeit: 27 km/h",47.8070711009483,12.1263099000336
"A8","undefined--vi-avl.2025-05-23_06-37-30-000.f_005.de0","47.80707110094831,12.126309900033577,47.80707110094831,12.126309900033577","47.80707110094831,12.126309900033577","WARNING","A8 | Hochstraßer See - Hochstraßer See"," München -> Salzburg",NA,"STATIONARY_TRAFFIC","24",2025-05-23,"Beginn: 23.05.25 um 06:47 Uhr  Angespannte Verkehrslage, seit 23.05.2025, 06:47 A8: München -> Salzburg, 0.8 km vor Hochstraßer See, aus Richtung Rosenheim  Im Stillstand Durchschnittsgeschwindigkeit: 24 km/h",47.8070711009483,12.1263099000336
"A10","undefined--vi-zus.2025-05-23_06-42-00-000.f_001.de0","52.707070300927185,13.104398200073092,52.705678610683655,13.177893980940638","52.707070300927185,13.104398200073092","WARNING","A10 | Havelland - Kreuz Oranienburg"," Dreieck Havelland -> Dreieck Barnim",NA,NA,NA,2025-05-23,"Beginn: 23.05.25 um 06:42 Uhr  Zusammengesetzte Verkehrsinformation, seit 23.05.2025, 06:42 A10: Dreieck Havelland -> Dreieck Barnim, zwischen 5.9 km hinter AD Havelland und 1.1 km vor AD Kreuz Oranienburg  Gefahr durch eine ungesicherte Unfallstelle  A10 Nördlicher Berliner Ring, Dreieck Havelland Richtung Dreieck Barnim zwischen Oberkrämer und Kreuz Oranienburg Gefahr durch ungesicherte Unfallstelle auf dem Standstreifen, fahren Sie bitte besonders vorsichtig, Polizei ist benachrichtigt",52.7070703009272,13.1043982000731
"A12","WarnungA10Lkw3","47.61802931631098,12.202336027754352,47.61802931631098,12.202336027754352","47.61802931631098,12.202336027754352","WARNING","E45/E60 | LKW Blockabfertigung | A12-Inntal Autobahn","Richtung Italien",NA,NA,NA,2025-01-11,"Zeitraum: Beginn: 07.01.2025 Ende: 09.12.2025  Hinweis für LKW-Reisende nach Österreich: LKW-Blockabfertigungen an ausgewählten Tagen für Lkw am Grenzübergang Kufstein/Kiefersfelden. Maximaler Durchlass von 300 LKWs pro Stunde  Die genauen Ausführungszeiten und weitere Informationen auf tirol.gv.at/verkehr/verkehrs-und-seilbahnrecht/lkw-dosierung.",47.618029316311,12.2023360277544
"A12","WarnungA10Lkw2","47.6164490154047,12.202382557672273,47.6164490154047,12.202382557672273","47.6164490154047,12.202382557672273","WARNING","E43/E45/E60 | A13-Brenner Autobahn","Richtung Italien",NA,NA,NA,2025-01-11,"Zeitraum: Beginn: 11.01.2025 Ende: 27.09.2025  Hinweis für LKW-Reisende nach Österreich: LKW-Fahrverbot auf der A12-Inntal Autobahn, A13-Brenner Autobahn und A14-Rheintal/Walgau Autobahn, wenn das Ziel der Fahrt der Anschlussstelle Nößlach bis Anschlussstelle Brenner Nord der Richtungsfahrbahn Staatsgrenze der A 13 Brenner Autobahn erreicht werden soll. An ausgewählten Samstagen 7-15 Uhr sowie weiteren Tagen im Zeitraum 11.01. - 27.09.2025 Weitere Informationen auf http://asfinag.at/a13",47.6164490154047,12.2023825576723
"A15","undefined--vi-avl.2025-05-23_06-32-30-000.f_003.de0","51.707436229347316,14.409662913357797,51.70779461894658,14.435246468267069","51.707436229347316,14.409662913357797","WARNING","A15 | Cottbus-Süd - Roggosen"," Cottbus -> Breslau",0,"SLOW_TRAFFIC","69.5999984741211",2025-05-23,"Beginn: 23.05.25 um 06:32 Uhr  Angespannte Verkehrslage, seit 23.05.2025, 06:32 A15: Cottbus -> Breslau, zwischen 4.4 km hinter AS Cottbus-Süd und 2.1 km vor AS Roggosen  Langsamer Verkehr Reisezeitverlust: 0 Minuten Durchschnittsgeschwindigkeit: 69 km/h",51.7074362293473,14.4096629133578
"A15","undefined--vi-avl.2025-05-23_06-27-30-000.f.de0","51.708153464115526,14.437484796986057,51.71102387351191,14.399955615745567","51.708153464115526,14.437484796986057","WARNING","A15 | Roggosen - Cottbus-Süd"," Breslau -> Cottbus",0,"SLOW_TRAFFIC","73.9000015258789",2025-05-23,"Beginn: 23.05.25 um 06:27 Uhr  Angespannte Verkehrslage, seit 23.05.2025, 06:27 A15: Breslau -> Cottbus, zwischen 2.0 km hinter AS Roggosen und 3.6 km vor AS Cottbus-Süd  Langsamer Verkehr Reisezeitverlust: 0 Minuten Durchschnittsgeschwindigkeit: 73 km/h",51.7081534641155,14.4374847969861
"A23","undefined--vi-avl.2025-05-23_05-19-30-000.f.de0","53.68660580412989,9.788470734218086,53.68660580412989,9.788470734218086","53.68660580412989,9.788470734218086","WARNING","A23 | Pinneberg-Nord - Pinneberg-Nord"," Heide -> Hamburg",NA,"STATIONARY_TRAFFIC","20",2025-05-23,"Beginn: 23.05.25 um 06:46 Uhr  Angespannte Verkehrslage, seit 23.05.2025, 06:46 A23: Heide -> Hamburg, 1.1 km vor AS Pinneberg-Nord, aus Richtung Forst Rantzau Süd  Im Stillstand Durchschnittsgeschwindigkeit: 20 km/h",53.6866058041299,9.78847073421809
"A23","undefined--vi-avl.2025-05-23_05-18-00-000.f.de0","53.6865907092412,9.788487178801775,53.66328391927647,9.816929274149718","53.6865907092412,9.788487178801775","WARNING","A23 | Forst Rantzau Süd - Pinneberg-Mitte"," Heide -> Hamburg",7,"STATIONARY_TRAFFIC","20",2025-05-23,"Beginn: 23.05.25 um 05:18 Uhr  Angespannte Verkehrslage, seit 23.05.2025, 05:18 A23: Heide -> Hamburg, zwischen 2.1 km hinter Forst Rantzau Süd und 1.0 km vor AS Pinneberg-Mitte  Im Stillstand Reisezeitverlust: 7 Minuten Durchschnittsgeschwindigkeit: 20 km/h",53.6865907092412,9.78848717880178
"A24","undefined--vi-avl.2025-05-23_06-39-30-000.f_003.de0","53.5619984722277,10.159368127913373,53.5619984722277,10.159368127913373","53.5619984722277,10.159368127913373","WARNING","A24 | Hamburg-Jenfeld - Hamburg-Jenfeld"," Schwerin -> Hamburg",NA,"QUEUING_TRAFFIC","16",2025-05-23,"Beginn: 23.05.25 um 06:47 Uhr  Angespannte Verkehrslage, seit 23.05.2025, 06:47 A24: Schwerin -> Hamburg, 2.6 km vor AS Hamburg-Jenfeld, aus Richtung Hamburg-Ost  Stockender Verkehr Durchschnittsgeschwindigkeit: 16 km/h",53.5619984722277,10.1593681279134
"A24","undefined--vi-avl.2025-05-23_06-31-30-000.f_001.de0","53.5619984722277,10.159368127913373,53.56715739941902,10.126644082769948","53.5619984722277,10.159368127913373","WARNING","A24 | Hamburg-Ost - Hamburg-Jenfeld"," Schwerin -> Hamburg",2,"QUEUING_TRAFFIC","34.29999923706055",2025-05-23,"Beginn: 23.05.25 um 06:31 Uhr  Angespannte Verkehrslage, seit 23.05.2025, 06:31 A24: Schwerin -> Hamburg, zwischen 0.1 km hinter AK Hamburg-Ost und 0.3 km vor AS Hamburg-Jenfeld  Stockender Verkehr Reisezeitverlust: 2 Minuten Durchschnittsgeschwindigkeit: 34 km/h",53.5619984722277,10.1593681279134
"A24","undefined--vi-hind.2025-05-23_06-14-30-000.f_002.de0","53.34782581116482,11.811763706312194,53.34834702662354,11.808686345633635","53.34782581116482,11.811763706312194","WARNING","A24 | Suckow - Parchim"," Pritzwalk -> Schwerin",NA,NA,NA,2025-05-23,"Beginn: 23.05.25 um 06:14 Uhr  Fahrzeug-Hindernis, seit 23.05.2025, 06:14 A24: Pritzwalk -> Schwerin, zwischen 13.1 km hinter AS Suckow und 0.6 km vor AS Parchim Gefahr durch ein defektes Fahrzeug auf der Fahrbahn",53.3478258111648,11.8117637063122
"A27","undefined--vi-avl.2025-05-23_06-06-30-000.f.de0","53.103450428319476,8.881058601643943,53.11880912806182,8.799703604817475","53.103450428319476,8.881058601643943","WARNING","A27 | Mittelkämpe - Fahrwiesen"," Bremen -> Bremerhaven",21,"STATIONARY_TRAFFIC","14.5",2025-05-23,"Beginn: 23.05.25 um 06:06 Uhr  Angespannte Verkehrslage, seit 23.05.2025, 06:06 A27: Bremen -> Bremerhaven, zwischen 1.4 km hinter Mittelkämpe und 0.4 km vor Fahrwiesen  Im Stillstand Reisezeitverlust: 21 Minuten Durchschnittsgeschwindigkeit: 14 km/h",53.1034504283195,8.88105860164394
"A27","undefined--vi-avl.2025-05-23_06-14-30-000.f_005.de0","53.10341443395164,8.881103291203425,53.10341443395164,8.881103291203425","53.10341443395164,8.881103291203425","WARNING","A27 | Bremen-Horn/Lehe - Bremen-Horn/Lehe"," Bremen -> Bremerhaven",NA,"STATIONARY_TRAFFIC","15",2025-05-23,"Beginn: 23.05.25 um 06:47 Uhr  Angespannte Verkehrslage, seit 23.05.2025, 06:47 A27: Bremen -> Bremerhaven, 1.2 km vor AS Bremen-Horn/Lehe, aus Richtung Mittelkämpe  Im Stillstand Durchschnittsgeschwindigkeit: 15 km/h",53.1034144339516,8.88110329120343
"A37","undefined--vi-zus.2025-05-20_10-04-05-000.f_002.de0","52.442156462690335,9.933442989087833,52.436581812162494,9.913211841333315","52.442156462690335,9.933442989087833","WARNING","A37 | Beinhorn - Hannover-Kirchhorst"," Celle -> Hannover",NA,NA,NA,2025-05-20,"Beginn: 20.05.25 um 10:04 Uhr  Zusammengesetzte Verkehrsinformation, seit 20.05.2025, 10:04 B3: Celle -> Hannover, zwischen 0.4 km hinter AS Beinhorn und 2.1 km vor AK Hannover-Kirchhorst  A37 Messe - Burgdorf
zwischen Kreuz Hannover-Buchholz und Beinhorn
in beiden Richtungen geänderte Verkehrsführung im Baustellenbereich, Bauarbeiten, bis 30.10.2026 ca. 18:00 Uhr",52.4421564626903,9.93344298908783
"A37","undefined--vi-zus.2025-05-20_10-04-05-000.f_003.de0","52.42566547847685,9.880479425875153,52.44102213295518,9.93161290421946","52.42566547847685,9.880479425875153","WARNING","Baustelle"," km 22.62 --> km 26.54",NA,NA,NA,2025-05-20,"Beginn: 20.05.25 um 10:04 Uhr  Zusammengesetzte Verkehrsinformation, seit 20.05.2025, 10:04 A37: km 22.62 --> km 26.54  A37 Messe - Burgdorf
zwischen Kreuz Hannover-Buchholz und Beinhorn
in beiden Richtungen geänderte Verkehrsführung im Baustellenbereich, Bauarbeiten, bis 30.10.2026 ca. 18:00 Uhr",52.4256654784769,9.88047942587515
"A40","undefined--vi-avl.2025-05-23_06-37-30-000.f_008.de0","51.43730298890287,6.672724354782079,51.43663019470297,6.690184907516835","51.43730298890287,6.672724354782079","WARNING","A40 | Duisburg-Rheinhausen - Duisburg-Homberg"," Venlo -> Duisburg",0,"SLOW_TRAFFIC","54.099998474121094",2025-05-23,"Beginn: 23.05.25 um 06:37 Uhr  Angespannte Verkehrslage, seit 23.05.2025, 06:37 A40: Venlo -> Duisburg, zwischen AS Duisburg-Rheinhausen und 1.2 km vor AS Duisburg-Homberg  Langsamer Verkehr Reisezeitverlust: 0 Minuten Durchschnittsgeschwindigkeit: 54 km/h",51.4373029889029,6.67272435478208
"A40","undefined--vi-avl.2025-05-23_06-22-30-000.f.de0","51.43509633609623,6.939447304864333,51.446615714373664,6.999316350797095","51.43509633609623,6.939447304864333","WARNING","A40 | Mülheim-Heißen - Ruhrschnellwegtunnel"," Duisburg -> Essen",2,"SLOW_TRAFFIC","47.599998474121094",2025-05-23,"Beginn: 23.05.25 um 06:22 Uhr  Angespannte Verkehrslage, seit 23.05.2025, 06:22 A40: Duisburg -> Essen, zwischen 0.6 km hinter AS Mülheim-Heißen und 0.2 km vor Ruhrschnellwegtunnel  Langsamer Verkehr Reisezeitverlust: 2 Minuten Durchschnittsgeschwindigkeit: 47 km/h",51.4350963360962,6.93944730486433
"A40","undefined--vi-avl.2025-05-23_10-40-00-000.f_038.de0","51.49586584711128,7.188980215086521,51.49600382564044,7.189722511193523","51.49586584711128,7.188980215086521","WARNING","A40 | Bochum-West - Bochum-Freudenbergstraße"," Essen -> Dortmund",0,"STATIONARY_TRAFFIC","35",2025-05-23,"Beginn: 23.05.25 um 10:40 Uhr  Angespannte Verkehrslage, seit 23.05.2025, 10:40 A40: Essen -> Dortmund, zwischen 1.8 km hinter AD Bochum-West und 0.9 km vor AS Bochum-Freudenbergstraße  Im Stillstand Reisezeitverlust: 0 Minuten Durchschnittsgeschwindigkeit: 35 km/h",51.4958658471113,7.18898021508652
"A42","undefined--vi-hind.2025-05-23_06-25-00-000.f.de0","51.56170564720488,7.357764441049082,51.561999468755104,7.355537424681726","51.56170564720488,7.357764441049082","WARNING","A42 | Castrop-Rauxel-Ost - Castrop-Rauxel"," Dortmund -> Kamp-Lintfort",NA,NA,NA,2025-05-23,"Beginn: 23.05.25 um 06:25 Uhr  Fahrzeug-Hindernis, seit 23.05.2025, 06:25 A42: Dortmund -> Kamp-Lintfort, zwischen AK Castrop-Rauxel-Ost und 2.8 km vor AS Castrop-Rauxel Gefahr durch ein defektes Fahrzeug auf der Fahrbahn",51.5617056472049,7.35776444104908
"A43","undefined--vi-avl.2025-05-23_06-46-30-000.f_007.de0","51.547569181580165,7.1980813784443844,51.547569181580165,7.1980813784443844","51.547569181580165,7.1980813784443844","WARNING","A43 | Herne - Herne"," Recklinghausen -> Wuppertal",NA,"SLOW_TRAFFIC","24",2025-05-23,"Beginn: 23.05.25 um 06:47 Uhr  Angespannte Verkehrslage, seit 23.05.2025, 06:47 A43: Recklinghausen -> Wuppertal, 0.4 km vor AK Herne, aus Richtung Recklinghausen-Hochlarmark  Langsamer Verkehr Durchschnittsgeschwindigkeit: 24 km/h",51.5475691815802,7.19808137844438
"A43","undefined--vi-avl.2025-05-23_06-34-00-000.f.de0","51.547569181580165,7.1980813784443844,51.52980359334275,7.207412936249951","51.547569181580165,7.1980813784443844","WARNING","A43 | Recklinghausen-Hochlarmark - Bochum-Riemke"," Recklinghausen -> Wuppertal",1,"SLOW_TRAFFIC","42.400001525878906",2025-05-23,"Beginn: 23.05.25 um 06:34 Uhr  Angespannte Verkehrslage, seit 23.05.2025, 06:34 A43: Recklinghausen -> Wuppertal, zwischen 2.6 km hinter AS Recklinghausen-Hochlarmark und 1.5 km vor AS Bochum-Riemke  Langsamer Verkehr Reisezeitverlust: 1 Minuten Durchschnittsgeschwindigkeit: 42 km/h",51.5475691815802,7.19808137844438
"A45","undefined--vi-avl.2025-05-23_06-03-30-000.f_001.de0","51.273757579094706,7.598928474041893,51.273757579094706,7.598928474041893","51.273757579094706,7.598928474041893","WARNING","A45 | Rehweg - Rehweg"," Hagen -> Gießen",NA,"STATIONARY_TRAFFIC","8",2025-05-23,"Beginn: 23.05.25 um 06:47 Uhr  Angespannte Verkehrslage, seit 23.05.2025, 06:47 A45: Hagen -> Gießen, 0.6 km vor Rehweg, aus Richtung Kaltenborn  Im Stillstand Durchschnittsgeschwindigkeit: 8 km/h",51.2737575790947,7.59892847404189
"A45","undefined--vi-avl.2025-05-23_06-03-00-000.f_001.de0","51.27413762186218,7.5985480854926495,51.2648062046249,7.602437327354894","51.27413762186218,7.5985480854926495","WARNING","A45 | Kaltenborn - Lüdenscheid-Nord"," Hagen -> Gießen",6,"STATIONARY_TRAFFIC","8.5",2025-05-23,"Beginn: 23.05.25 um 06:03 Uhr  Angespannte Verkehrslage, seit 23.05.2025, 06:03 A45: Hagen -> Gießen, zwischen 2.5 km hinter Kaltenborn und 1.0 km vor AS Lüdenscheid-Nord  Im Stillstand Reisezeitverlust: 6 Minuten Durchschnittsgeschwindigkeit: 8 km/h",51.2741376218622,7.59854808549265
"A46","undefined--vi-avl.2025-05-23_06-47-00-000.f.de0","51.155165048311275,6.753713845949642,51.15948989226561,6.760812630753841","51.155165048311275,6.753713845949642","WARNING","A46 | Neuss-Süd - Neuss-Uedesheim"," Heinsberg -> Düsseldorf",0,"SLOW_TRAFFIC","40.599998474121094",2025-05-23,"Beginn: 23.05.25 um 06:47 Uhr  Angespannte Verkehrslage, seit 23.05.2025, 06:47 A46: Heinsberg -> Düsseldorf, zwischen 0.1 km hinter AD Neuss-Süd und 0.7 km vor AS Neuss-Uedesheim  Langsamer Verkehr Reisezeitverlust: 0 Minuten Durchschnittsgeschwindigkeit: 40 km/h",51.1551650483113,6.75371384594964
"A46","undefined--vi-avl.2025-05-23_06-47-30-000.f.de0","51.23765490356872,7.0927247006453475,51.22941129817734,7.088084828764587","51.23765490356872,7.0927247006453475","WARNING","A46 | Sonnborner Kreuz - Wuppertal-Cronenberg"," Wuppertal -> Düsseldorf",0,"SLOW_TRAFFIC","51.70000076293945",2025-05-23,"Beginn: 23.05.25 um 06:47 Uhr  Angespannte Verkehrslage, seit 23.05.2025, 06:47 A46: Wuppertal -> Düsseldorf, zwischen 0.5 km hinter AK Sonnborner Kreuz und AS Wuppertal-Cronenberg  Langsamer Verkehr Reisezeitverlust: 0 Minuten Durchschnittsgeschwindigkeit: 51 km/h",51.2376549035687,7.09272470064535
"A52","undefined--vi-hind.2025-05-23_06-21-30-000.f_001.de0","51.65380430093249,7.046840199997357,51.67274430093238,7.0765608999975305","51.65380430093249,7.046840199997357","WARNING","A52 | Dorsten-Ost - Marl-Zentrum"," Gelsenkirchen -> Marl",NA,NA,NA,2025-05-23,"Beginn: 23.05.25 um 06:21 Uhr  Fahrzeug-Hindernis, seit 23.05.2025, 06:21 A52: Gelsenkirchen -> Marl, zwischen 1.8 km hinter AS Dorsten-Ost und 1.7 km vor AS Marl-Zentrum Gefahr durch ein defektes Fahrzeug auf der Fahrbahn",51.6538043009325,7.04684019999736
"A59","undefined--vi-avl.2025-05-23_06-46-30-000.f.de0","51.477012607452714,6.7681665238233935,51.477012607452714,6.7681665238233935","51.477012607452714,6.7681665238233935","WARNING","A59 | Duisburg-Meiderich - Duisburg-Meiderich"," Dinslaken -> Duisburg",NA,"SLOW_TRAFFIC","28",2025-05-23,"Beginn: 23.05.25 um 06:47 Uhr  Angespannte Verkehrslage, seit 23.05.2025, 06:47 A59: Dinslaken -> Duisburg, 0.9 km vor AS Duisburg-Meiderich, aus Richtung Duisburg-Nord  Langsamer Verkehr Durchschnittsgeschwindigkeit: 28 km/h",51.4770126074527,6.76816652382339
"A59","undefined--vi-avl.2025-05-23_06-21-30-000.f_003.de0","51.477012607452714,6.7681665238233935,51.455133327083715,6.777171286398802","51.477012607452714,6.7681665238233935","WARNING","A59 | Duisburg-Nord - Berliner Brücke"," Dinslaken -> Duisburg",1,"SLOW_TRAFFIC","48.20000076293945",2025-05-23,"Beginn: 23.05.25 um 06:21 Uhr  Angespannte Verkehrslage, seit 23.05.2025, 06:21 A59: Dinslaken -> Duisburg, zwischen 0.7 km hinter AK Duisburg-Nord und 0.1 km vor Berliner Brücke  Langsamer Verkehr Reisezeitverlust: 1 Minuten Durchschnittsgeschwindigkeit: 48 km/h",51.4770126074527,6.76816652382339
"A60","undefined--vi-zus.2025-04-08_08-51-21-000.f_013.de0","49.98125533976677,8.345695317688524,49.97565770865279,8.441396718063045","49.98125533976677,8.345695317688524","WARNING","A60 | Mainspitz-Dreieck - Rüsselsheimer Dreieck"," Mainz -> Rüsselsheim",NA,NA,NA,2025-04-08,"Beginn: 08.04.25 um 08:51 Uhr  Zusammengesetzte Verkehrsinformation, seit 08.04.2025, 08:51 A60: Mainz -> Rüsselsheim, zwischen 0.5 km hinter AD Mainspitz-Dreieck und 2.2 km vor AD Rüsselsheimer Dreieck  Sperrung der A60 bei Königstädten – Grundhafte Fahrbahnerneuerung zwischen dem Rüsselsheimer Dreieck und dem Mainspitz Dreieck. Die Niederlassung West der Autobahn GmbH erneuert zwischen dem Rüsselsheimer Dreieck (30) und dem Mainspitz Dreieck (26) die Fahrbahn. Von Donnerstagmorgen (24. April) bis Mitte Juli wird die Anschlussstelle (AS) Königstädten (29) in Fahrtrichtung (FR) Mainz sowie in FR Rüsselsheimer Dreieck gesperrt. Umleitungsmöglichkeiten sind ausgeschildert: • Ausfahrt FR Mainz: Umleitung via AS Rüsselsheim-Mitte • Einfahrt FR Mainz: innerstädtische Umleitung zur AS Rüsselsheim-Mitte (Adam-Opel-Straße / Kurt-Schumacher-Ring), von Nauheim kommend via L3482 zur AS Bischofsheim • Einfahrt FR Darmstadt: innerstädtische Umleitung zur AS Rüsselsheim-Mitte (Adam-Opel-Straße / Kurt-Schumacher-Ring) Die Autobahn GmbH bittet alle Verkehrsteilnehmer um Verständnis für die unvermeidlichen Verkehrsbehinderungen, die durch die Arbeiten entstehen.",49.9812553397668,8.34569531768852
"A60","undefined--vi-zus.2025-05-03_10-55-00-000.f_003.de0","49.977457399447445,8.454646346787307,49.981587265039146,8.34517285786785","49.977457399447445,8.454646346787307","WARNING","A60 | Rüsselsheimer Dreieck - Mainspitz-Dreieck"," Rüsselsheim -> Mainz",NA,NA,NA,2025-05-03,"Beginn: 03.05.25 um 10:55 Uhr  Zusammengesetzte Verkehrsinformation, seit 03.05.2025, 10:55 A60: Rüsselsheim -> Mainz, zwischen 0.6 km hinter AD Rüsselsheimer Dreieck und 0.5 km vor AD Mainspitz-Dreieck  Sperrung der A60 bei Königstädten – Grundhafte Fahrbahnerneuerung zwischen dem Rüsselsheimer Dreieck und dem Mainspitz Dreieck. Die Niederlassung West der Autobahn GmbH erneuert zwischen dem Rüsselsheimer Dreieck (30) und dem Mainspitz Dreieck (26) die Fahrbahn. Von Donnerstagmorgen (24. April) bis Mitte Juli wird die Anschlussstelle (AS) Königstädten (29) in Fahrtrichtung (FR) Mainz sowie in FR Rüsselsheimer Dreieck gesperrt. Umleitungsmöglichkeiten sind ausgeschildert: • Ausfahrt FR Mainz: Umleitung via AS Rüsselsheim-Mitte • Einfahrt FR Mainz: innerstädtische Umleitung zur AS Rüsselsheim-Mitte (Adam-Opel-Straße / Kurt-Schumacher-Ring), von Nauheim kommend via L3482 zur AS Bischofsheim • Einfahrt FR Darmstadt: innerstädtische Umleitung zur AS Rüsselsheim-Mitte (Adam-Opel-Straße / Kurt-Schumacher-Ring) Die Autobahn GmbH bittet alle Verkehrsteilnehmer um Verständnis für die unvermeidlichen Verkehrsbehinderungen, die durch die Arbeiten entstehen.",49.9774573994474,8.45464634678731
"A61","undefined--vi-avl.2025-05-23_06-22-00-000.f.de0","51.11479553902351,6.429320056604417,51.13190637662902,6.423858117852854","51.11479553902351,6.429320056604417","WARNING","A61 | Mönchengladbach-Wanlo - Mönchengladbach-Wickrath"," Koblenz -> Mönchengladbach",3,"STATIONARY_TRAFFIC","25.700000762939453",2025-05-23,"Beginn: 23.05.25 um 06:26 Uhr  Angespannte Verkehrslage, seit 23.05.2025, 06:26 A61: Koblenz -> Mönchengladbach, zwischen 1.8 km hinter AD Mönchengladbach-Wanlo und 0.9 km vor AS Mönchengladbach-Wickrath  Im Stillstand Reisezeitverlust: 3 Minuten Durchschnittsgeschwindigkeit: 25 km/h",51.1147955390235,6.42932005660442
"A61","undefined--vi-avl.2025-05-23_06-43-30-000.f.de0","51.11465182787621,6.429328739270969,51.11465182787621,6.429328739270969","51.11465182787621,6.429328739270969","WARNING","A61 | Mönchengladbach-Güdderath - Mönchengladbach-Güdderath"," Koblenz -> Mönchengladbach",NA,"STATIONARY_TRAFFIC","22",2025-05-23,"Beginn: 23.05.25 um 06:47 Uhr  Angespannte Verkehrslage, seit 23.05.2025, 06:47 A61: Koblenz -> Mönchengladbach, 0.4 km vor AS Mönchengladbach-Güdderath, aus Richtung Mönchengladbach-Wanlo  Im Stillstand Durchschnittsgeschwindigkeit: 22 km/h",51.1146518278762,6.42932873927097
"A61","undefined--vi-avl.2025-05-23_06-26-30-000.f_004.de0","51.14359961152083,6.417916978253979,51.130108923962005,6.423318179580464","51.14359961152083,6.417916978253979","WARNING","A61 | Mönchengladbach-Rheydt - Mönchengladbach-Güdderath"," Mönchengladbach -> Koblenz",1,"QUEUING_TRAFFIC","35.29999923706055",2025-05-23,"Beginn: 23.05.25 um 06:26 Uhr  Angespannte Verkehrslage, seit 23.05.2025, 06:26 A61: Mönchengladbach -> Koblenz, zwischen 1.4 km hinter AS Mönchengladbach-Rheydt und 1.4 km vor AS Mönchengladbach-Güdderath  Stockender Verkehr Reisezeitverlust: 1 Minuten Durchschnittsgeschwindigkeit: 35 km/h",51.1435996115208,6.41791697825398
"A63","undefined--vi-avl.2025-05-23_06-17-00-000.f_001.de0","49.95512013515578,8.228764858272156,49.96207300094132,8.236405799999783","49.95512013515578,8.228764858272156","WARNING","A63 | Klein-Winternheim - Mainz-Süd"," Kaiserslautern -> Mainz",1,"SLOW_TRAFFIC","32.599998474121094",2025-05-23,"Beginn: 23.05.25 um 06:17 Uhr  Angespannte Verkehrslage, seit 23.05.2025, 06:17 A63: Kaiserslautern -> Mainz, zwischen 0.9 km hinter AS Klein-Winternheim und 0.3 km vor AK Mainz-Süd  Langsamer Verkehr Reisezeitverlust: 1 Minuten Durchschnittsgeschwindigkeit: 32 km/h",49.9551201351558,8.22876485827216
"A63","undefined--vi-avl.2025-05-23_06-46-30-000.f_004.de0","49.95512013515578,8.228764858272156,49.95512013515578,8.228764858272156","49.95512013515578,8.228764858272156","WARNING","A63 | Mainz-Süd - Mainz-Süd"," Kaiserslautern -> Mainz",NA,"SLOW_TRAFFIC","28",2025-05-23,"Beginn: 23.05.25 um 06:47 Uhr  Angespannte Verkehrslage, seit 23.05.2025, 06:47 A63: Kaiserslautern -> Mainz, 1.3 km vor AK Mainz-Süd, aus Richtung Klein-Winternheim  Langsamer Verkehr Durchschnittsgeschwindigkeit: 28 km/h",49.9551201351558,8.22876485827216
"A64","undefined--vi-avl.2025-05-23_06-22-30-000.f_002.de0","49.73478482639886,6.516254509217547,49.75175800770205,6.566429291055722","49.73478482639886,6.516254509217547","WARNING","A64 | Sauertalbrücke - Markusberg"," Luxemburg -> Trier",1,"SLOW_TRAFFIC","67.5",2025-05-23,"Beginn: 23.05.25 um 06:22 Uhr  Angespannte Verkehrslage, seit 23.05.2025, 06:22 A64: Luxemburg -> Trier, zwischen 1.0 km hinter Sauertalbrücke und 1.0 km vor Markusberg  Langsamer Verkehr Reisezeitverlust: 1 Minuten Durchschnittsgeschwindigkeit: 67 km/h",49.7347848263989,6.51625450921755
"A65","undefined--vi-avl.2025-05-23_06-45-06-000.f.de0","49.143794048518,8.162557707548215,49.1634531975742,8.154742462750868","49.143794048518,8.162557707548215","WARNING","A65 | Rohrbach - Landau-Süd"," Karlsruhe -> Landau",1,"SLOW_TRAFFIC","62.099998474121094",2025-05-23,"Beginn: 23.05.25 um 06:45 Uhr  Angespannte Verkehrslage, seit 23.05.2025, 06:45 A65: Karlsruhe -> Landau, zwischen 0.5 km hinter AS Rohrbach und 1.5 km vor AS Landau-Süd  Langsamer Verkehr Reisezeitverlust: 1 Minuten Durchschnittsgeschwindigkeit: 62 km/h",49.143794048518,8.16255770754822
"A70","undefined--vi-hind.2025-05-23_06-46-30-000.f.de0","49.97777330094122,10.669730900001495,49.933749100941434,10.776522400001927","49.97777330094122,10.669730900001495","WARNING","A70 | Schwarzer Berg - Viereth-Trunstadt"," Schweinfurt/Werneck -> Bamberg",NA,NA,NA,2025-05-23,"Beginn: 23.05.25 um 06:46 Uhr  Hindernis, seit 23.05.2025, 06:46 A70: Schweinfurt/Werneck -> Bamberg, zwischen 2.6 km hinter Schwarzer Berg und 0.3 km vor AS Viereth-Trunstadt  Gefahr durch Gegenstände auf der Fahrbahn",49.9777733009412,10.6697309000015
"A73","undefined--vi-avl.2025-05-23_06-46-30-000.f_006.de0","50.16144415809916,11.011911030962882,50.14939905253171,11.029157658227067","50.16144415809916,11.011911030962882","WARNING","A73 | Untersiemau - Lichtenfels-Nord"," Suhl -> Bamberg",0,"SLOW_TRAFFIC","61.79999923706055",2025-05-23,"Beginn: 23.05.25 um 06:46 Uhr  Angespannte Verkehrslage, seit 23.05.2025, 06:46 A73: Suhl -> Bamberg, zwischen 0.2 km hinter AS Untersiemau und 0.4 km vor AS Lichtenfels-Nord  Langsamer Verkehr Reisezeitverlust: 0 Minuten Durchschnittsgeschwindigkeit: 61 km/h",50.1614441580992,11.0119110309629
"A81","undefined--vi-zus.2025-05-23_06-47-00-000.f.de0","48.705229027952214,9.047884628736227,48.70337163958775,9.037090216593516","48.705229027952214,9.047884628736227","WARNING","A81 | Stuttgart - Böblingen-Ost"," Stuttgart -> Singen",0,"SLOW_TRAFFIC","53.400001525878906",2025-05-23,"Beginn: 23.05.25 um 06:47 Uhr  Zusammengesetzte Verkehrsinformation, seit 23.05.2025, 06:47 A81: Stuttgart -> Singen, zwischen 2.7 km hinter AK Stuttgart und 0.2 km vor AS Böblingen-Ost  Langsamer Verkehr Reisezeitverlust: 0 Minuten Durchschnittsgeschwindigkeit: 53 km/h",48.7052290279522,9.04788462873623
"A94","undefined--vi-hind.2025-05-23_06-36-30-000.f_001.de0","48.25880290094732,12.161264000034121,48.24734340094729,12.045392500028148","48.25880290094732,12.161264000034121","WARNING","A94 | Fürthholz - Lengdorf"," Passau -> München",NA,NA,NA,2025-05-23,"Beginn: 23.05.25 um 06:36 Uhr  Hindernis, seit 23.05.2025, 06:36 A94: Passau -> München, zwischen 2.1 km hinter Fürthholz und 0.3 km vor AS Lengdorf  Gefahr durch Gegenstände auf der Fahrbahn",48.2588029009473,12.1612640000341
"A94","undefined--vi-avl.2025-05-23_06-25-30-000.f.de0","48.24796312969537,12.34511677583096,48.24784710094739,12.356675100046688","48.24796312969537,12.34511677583096","WARNING","A94 | Schwindegg - Einhausung Wimpasing"," München -> Passau",1,"STATIONARY_TRAFFIC","23.399999618530273",2025-05-23,"Beginn: 23.05.25 um 06:25 Uhr  Angespannte Verkehrslage, seit 23.05.2025, 06:25 A94: München -> Passau, zwischen 4.8 km hinter AS Schwindegg und 3.5 km vor Einhausung Wimpasing  Im Stillstand Reisezeitverlust: 1 Minuten Durchschnittsgeschwindigkeit: 23 km/h",48.2479631296954,12.345116775831
"A94","undefined--vi-avl.2025-05-23_06-26-30-000.f_006.de0","48.24796312969537,12.34511677583096,48.24796312969537,12.34511677583096","48.24796312969537,12.34511677583096","WARNING","A94 | Heldenstein - Heldenstein"," München -> Passau",NA,"STATIONARY_TRAFFIC","23",2025-05-23,"Beginn: 23.05.25 um 06:47 Uhr  Angespannte Verkehrslage, seit 23.05.2025, 06:47 A94: München -> Passau, 0.8 km vor AS Heldenstein, aus Richtung Schwindegg  Im Stillstand Durchschnittsgeschwindigkeit: 23 km/h",48.2479631296954,12.345116775831
"A96","undefined--vi-hind.2025-05-23_06-36-30-000.f.de0","48.041060879767755,10.613413496744439,48.041060879767755,10.613413496744439","48.041060879767755,10.613413496744439","WARNING","A96 | Bad Wörishofen - Mindelheim"," München -> Lindau",NA,NA,NA,2025-05-23,"Beginn: 23.05.25 um 06:36 Uhr  Hindernis, seit 23.05.2025, 06:36 A96: München -> Lindau, zwischen 0.5 km hinter AS Bad Wörishofen und 7.8 km vor AS Mindelheim  Gefahr durch Gegenstände auf der Fahrbahn",48.0410608797678,10.6134134967444
"A100","undefined--vi-avl.2025-05-23_06-30-30-000.f_001.de0","52.53373493235661,13.294233330050847,52.53373493235661,13.294233330050847","52.53373493235661,13.294233330050847","WARNING","A100 | Jakob-Kaiser-Platz - Jakob-Kaiser-Platz"," Wedding -> Wilmersdorf",NA,"SLOW_TRAFFIC","16",2025-05-23,"Beginn: 23.05.25 um 06:47 Uhr  Angespannte Verkehrslage, seit 23.05.2025, 06:47 A100: Wedding -> Wilmersdorf, in Höhe AS Jakob-Kaiser-Platz, aus Richtung Beusselstraße  Langsamer Verkehr Durchschnittsgeschwindigkeit: 16 km/h",52.5337349323566,13.2942333300508
"A100","undefined--vi-avl.2025-05-23_06-30-00-000.f.de0","52.46225464764336,13.434671793988805,52.47017090092991,13.376729900103978","52.46225464764336,13.434671793988805","WARNING","A100 | Buschkrugallee - Alboinstraße"," Neukölln -> Wilmersdorf",4,"SLOW_TRAFFIC","35.5",2025-05-23,"Beginn: 23.05.25 um 06:30 Uhr  Angespannte Verkehrslage, seit 23.05.2025, 06:30 A100: Neukölln -> Wilmersdorf, zwischen 0.7 km hinter AS Buschkrugallee und 0.3 km vor AS Alboinstraße  Langsamer Verkehr Reisezeitverlust: 4 Minuten Durchschnittsgeschwindigkeit: 35 km/h",52.4622546476434,13.4346717939888
"A111","undefined--vi-avl.2025-05-23_06-34-30-000.f_003.de0","52.54199780092906,13.296307600093808,52.54199780092906,13.296307600093808","52.54199780092906,13.296307600093808","WARNING","A111 | Heckerdamm - Heckerdamm"," Dreieck Oranienburg -> Charlottenburg",NA,"SLOW_TRAFFIC","13",2025-05-23,"Beginn: 23.05.25 um 06:47 Uhr  Angespannte Verkehrslage, seit 23.05.2025, 06:47 A111: Dreieck Oranienburg -> Charlottenburg, 0.3 km vor AS Heckerdamm, aus Richtung Flughafen Tegel  Langsamer Verkehr Durchschnittsgeschwindigkeit: 13 km/h",52.5419978009291,13.2963076000938
"A113","undefined--vi-zus.2025-05-23_04-57-30-000.f.de0","52.43617318100181,13.493052326243479,52.427730500930934,13.517008500122175","52.43617318100181,13.493052326243479","WARNING","A113 | Johannisthaler Chaussee - Rudower Höhe"," Neukölln -> Schönefeld",NA,NA,NA,2025-05-23,"Beginn: 23.05.25 um 04:57 Uhr  Zusammengesetzte Verkehrsinformation, seit 23.05.2025, 04:57 A113: Neukölln -> Schönefeld, zwischen 1.2 km hinter AS Johannisthaler Chaussee und 1.0 km vor Rudower Höhe  A113 Autobahnzubringer Dresden, Neukölln Richtung Schönefeld
zwischen Stubenrauchstraße und Tunnel Rudower Höhe
linker Fahrstreifen gesperrt, Bauarbeiten, bis voraussichtlich 20.06.2025",52.4361731810018,13.4930523262435
"A115","undefined--vi-zus.2024-10-09_07-09-40-000.f_531.de0","52.40027056808641,13.185163736426698,52.44227384698058,13.202709435405149","52.40027056808641,13.185163736426698","WARNING","A115 | Am Stern - Hüttenweg"," Dreieck Nuthetal -> Dreieck Funkturm",NA,NA,NA,2024-10-09,"Beginn: 09.10.24 um 07:09 Uhr  Zusammengesetzte Verkehrsinformation, seit 09.10.2024, 07:09 A115: Dreieck Nuthetal -> Dreieck Funkturm, zwischen 2.9 km hinter Am Stern und 3.8 km vor AS Hüttenweg  A115 Autobahnzubringer Magdeburg, Dreieck Nuthetal Richtung Dreieck Funkturm, zwischen Anschlussstelle Kleinmachnow und Anschlussstelle Spanische Allee, Baustelle, bis 31.10.2026 17:00 Uhr",52.4002705680864,13.1851637364267
"A115","undefined--vi-avl.2025-05-23_06-24-30-000.f_002.de0","52.399526728880325,13.184324951594572,52.4089589670027,13.194993785042493","52.399526728880325,13.184324951594572","WARNING","A115 | Am Stern - Dreilinden"," Dreieck Nuthetal -> Dreieck Funkturm",2,"STATIONARY_TRAFFIC","22",2025-05-23,"Beginn: 23.05.25 um 06:24 Uhr  Angespannte Verkehrslage, seit 23.05.2025, 06:24 A115: Dreieck Nuthetal -> Dreieck Funkturm, zwischen 2.8 km hinter Am Stern und 0.8 km vor Dreilinden  Im Stillstand Reisezeitverlust: 2 Minuten Durchschnittsgeschwindigkeit: 22 km/h",52.3995267288803,13.1843249515946
"A115","undefined--vi-avl.2025-05-23_06-39-30-000.f_002.de0","52.39965827794694,13.184468575399512,52.39965827794694,13.184468575399512","52.39965827794694,13.184468575399512","WARNING","A115 | Kleinmachnow - Kleinmachnow"," Dreieck Nuthetal -> Dreieck Funkturm",NA,"STATIONARY_TRAFFIC","13",2025-05-23,"Beginn: 23.05.25 um 06:47 Uhr  Angespannte Verkehrslage, seit 23.05.2025, 06:47 A115: Dreieck Nuthetal -> Dreieck Funkturm, 0.3 km vor AS Kleinmachnow, aus Richtung Am Stern  Im Stillstand Durchschnittsgeschwindigkeit: 13 km/h",52.3996582779469,13.1844685753995
"A255","undefined--vi-avl.2025-05-23_06-37-30-000.f_001.de0","53.52473146671988,10.02261565898853,53.52473146671988,10.02261565898853","53.52473146671988,10.02261565898853","WARNING","A255 | Hamburg-Veddel - Hamburg-Veddel"," Hamburg-Süd -> Neue Elbbrücken",NA,"SLOW_TRAFFIC","22",2025-05-23,"Beginn: 23.05.25 um 06:47 Uhr  Angespannte Verkehrslage, seit 23.05.2025, 06:47 A255: Hamburg-Süd -> Neue Elbbrücken, 0.4 km vor AS Hamburg-Veddel, aus Richtung Hamburg-Norderelbe  Langsamer Verkehr Durchschnittsgeschwindigkeit: 22 km/h",53.5247314667199,10.0226156589885
"A555","undefined--vi-avl.2025-05-23_06-41-30-000.f.de0","50.7491643692692,7.06311588024092,50.7491643692692,7.06311588024092","50.7491643692692,7.06311588024092","WARNING","A555 | Bonn-Nord - Bonn-Nord"," Köln -> Bonn",NA,"QUEUING_TRAFFIC","19",2025-05-23,"Beginn: 23.05.25 um 06:47 Uhr  Angespannte Verkehrslage, seit 23.05.2025, 06:47 A555: Köln -> Bonn, 0.8 km vor AK Bonn-Nord, aus Richtung Bornheim (Rhld.)  Stockender Verkehr Durchschnittsgeschwindigkeit: 19 km/h",50.7491643692692,7.06311588024092
"A555","undefined--vi-hind.2025-05-23_06-45-32-000.f.de0","50.763641144017434,7.031705969626512,50.762613726023645,7.033036336287713","50.763641144017434,7.031705969626512","WARNING","A555 | Bornheim (Rhld.) - Bonn-Nord"," Köln -> Bonn",NA,NA,NA,2025-05-23,"Beginn: 23.05.25 um 06:45 Uhr  Fahrzeug-Hindernis, seit 23.05.2025, 06:45 A555: Köln -> Bonn, zwischen 0.1 km hinter AS Bornheim (Rhld.) und 3.5 km vor AK Bonn-Nord Gefahr durch ein defektes Fahrzeug auf der Fahrbahn",50.7636411440174,7.03170596962651
"A620","undefined--vi-zus.2025-05-23_06-46-00-000.f_001.de0","49.25187556176926,6.833286480843782,49.24208585958306,6.839390771614708","49.25187556176926,6.833286480843782","WARNING","A620 | Völklingen-Wehrden - Völklingen-Geislautern"," Saarlouis -> Saarbrücken",1,"SLOW_TRAFFIC","35.70000076293945",2025-05-23,"Beginn: 23.05.25 um 06:46 Uhr  Zusammengesetzte Verkehrsinformation, seit 23.05.2025, 06:46 A620: Saarlouis -> Saarbrücken, zwischen 0.1 km hinter AS Völklingen-Wehrden und 0.7 km vor AS Völklingen-Geislautern  Langsamer Verkehr Reisezeitverlust: 1 Minuten Durchschnittsgeschwindigkeit: 35 km/h",49.2518755617693,6.83328648084378
"A620","undefined--vi-avl.2025-05-23_06-46-30-000.f_002.de0","49.251929510003364,6.833285190327168,49.251929510003364,6.833285190327168","49.251929510003364,6.833285190327168","WARNING","A620 | Völklingen-Geislautern - Völklingen-Geislautern"," Saarlouis -> Saarbrücken",NA,"SLOW_TRAFFIC","23",2025-05-23,"Beginn: 23.05.25 um 06:47 Uhr  Angespannte Verkehrslage, seit 23.05.2025, 06:47 A620: Saarlouis -> Saarbrücken, 1.9 km vor AS Völklingen-Geislautern, aus Richtung Völklingen-Wehrden  Langsamer Verkehr Durchschnittsgeschwindigkeit: 23 km/h",49.2519295100034,6.83328519032717
