"road","identifier","extent","point","display_type","title","subtitle","delay_minutes","abnormalTrafficType","averageSpeed","startTimestamp","description","latitude","longitude"
"A1","undefined--vi-hind.2025-05-23_21-56-30-000.f_002.de0","53.03242658670996,8.866484568703395,53.03188898267006,8.865224707998776","53.03242658670996,8.866484568703395","WARNING","A1 | Bremen-Hemelingen - Bremen-Arsten"," Bremen -> Osnabrück",NA,NA,NA,2025-05-23,"Beginn: 23.05.25 um 21:56 Uhr  Fahrzeug-Hindernis, seit 23.05.2025, 21:56 A1: Bremen -> Osnabrück, zwischen 1.5 km hinter AS Bremen-Hemelingen und 0.5 km vor AS Bremen-Arsten Gefahr durch ein defektes Fahrzeug auf der Fahrbahn",53.03242658671,8.8664845687034
"A2","undefined--vi-avl.2025-05-23_19-01-25-000.f.de0","51.5386298801034,6.843310174342619,51.538983261858974,6.873333325128906","51.5386298801034,6.843310174342619","WARNING","A2 | Oberhausen - Schwarze Heide"," Oberhausen -> Dortmund",6,"STATIONARY_TRAFFIC","15.300000190734863",2025-05-23,"Beginn: 23.05.25 um 19:01 Uhr  Angespannte Verkehrslage, seit 23.05.2025, 19:01 A2: Oberhausen -> Dortmund, zwischen 0.6 km hinter AK Oberhausen und 0.8 km vor Schwarze Heide  Im Stillstand Reisezeitverlust: 6 Minuten Durchschnittsgeschwindigkeit: 15 km/h",51.5386298801034,6.84331017434262
"A2","undefined--vi-avl.2025-05-23_19-02-22-000.f_004.de0","51.5386298801034,6.843310174342619,51.5386298801034,6.843310174342619","51.5386298801034,6.843310174342619","WARNING","A2 | Oberhausen-Königshardt - Oberhausen-Königshardt"," Oberhausen -> Dortmund",NA,"STATIONARY_TRAFFIC","7",2025-05-23,"Beginn: 23.05.25 um 22:23 Uhr  Angespannte Verkehrslage, seit 23.05.2025, 22:23 A2: Oberhausen -> Dortmund, 1.8 km vor AS Oberhausen-Königshardt, aus Richtung Oberhausen  Im Stillstand Durchschnittsgeschwindigkeit: 7 km/h",51.5386298801034,6.84331017434262
"A2","undefined--vi-hind.2025-05-23_22-13-00-000.f_001.de0","51.62478062232137,7.8463049452281926,51.695194300932236,7.969903999999578","51.62478062232137,7.8463049452281926","WARNING","A2 | Bönen - Stettin"," Dortmund -> Hannover",NA,NA,NA,2025-05-23,"Beginn: 23.05.25 um 22:13 Uhr  Fahrzeug-Hindernis, seit 23.05.2025, 22:13 A2: Dortmund -> Hannover, zwischen 6.8 km hinter AS Bönen und 3.3 km vor Stettin Gefahr durch ein defektes Fahrzeug auf der Fahrbahn",51.6247806223214,7.84630494522819
"A2","undefined--vi-zus.2025-05-23_18-52-34-000.f_007.de0","52.33856234405578,12.698662064256032,52.34080110092891,12.753443400050127","52.33856234405578,12.698662064256032","WARNING","A2 | Netzen - Lehnin"," Magdeburg -> Berliner Ring",NA,NA,NA,2025-05-23,"Beginn: 23.05.25 um 18:52 Uhr  Zusammengesetzte Verkehrsinformation, seit 23.05.2025, 18:52 A2: Magdeburg -> Berliner Ring, zwischen AS Netzen und 0.3 km vor AS Lehnin  A2 Magdeburg Richtung Berliner Ring zwischen Netzen und Lehnin 1 Unfall auf dem Standstreifen, fahren Sie bitte besonders vorsichtig, Polizei ist benachrichtigt",52.3385623440558,12.698662064256
"A3","undefined--vi-hind.2025-05-23_22-10-00-000.f_001.de0","50.64899640093807,7.331643199998532,50.68824954039645,7.272815127984267","50.64899640093807,7.331643199998532","WARNING","A3 | Hambitz - Bonn/Siegburg"," Frankfurt -> Köln",NA,NA,NA,2025-05-23,"Beginn: 23.05.25 um 22:10 Uhr  Hindernis, seit 23.05.2025, 22:10 A3: Frankfurt -> Köln, zwischen 2.5 km hinter Hambitz und 10.8 km vor AK Bonn/Siegburg  Gefahr durch Gegenstände auf der Fahrbahn",50.6489964009381,7.33164319999853
"A3","undefined--vi-avl.2025-05-23_20-00-00-000.f.de0","51.18601505984051,6.9443110764056755,51.200334484181845,6.936316125381191","51.18601505984051,6.9443110764056755","WARNING","A3 | Ohligser Heide - Stindertal / Stinderhof"," Köln -> Oberhausen",2,"QUEUING_TRAFFIC","33.29999923706055",2025-05-23,"Beginn: 23.05.25 um 20:00 Uhr  Angespannte Verkehrslage, seit 23.05.2025, 20:00 A3: Köln -> Oberhausen, zwischen 3.3 km hinter Ohligser Heide und 4.5 km vor Stindertal / Stinderhof  Stockender Verkehr Reisezeitverlust: 2 Minuten Durchschnittsgeschwindigkeit: 33 km/h",51.1860150598405,6.94431107640568
"A3","undefined--vi-avl.2025-05-23_22-23-30-000.f.de0","51.18601505984051,6.9443110764056755,51.18601505984051,6.9443110764056755","51.18601505984051,6.9443110764056755","WARNING","A3 | Hilden - Hilden"," Köln -> Oberhausen",NA,"QUEUING_TRAFFIC","24",2025-05-23,"Beginn: 23.05.25 um 22:23 Uhr  Angespannte Verkehrslage, seit 23.05.2025, 22:23 A3: Köln -> Oberhausen, 1.0 km vor AK Hilden, aus Richtung Ohligser Heide  Stockender Verkehr Durchschnittsgeschwindigkeit: 24 km/h",51.1860150598405,6.94431107640568
"A3","undefined--vi-avl.2025-05-23_22-10-30-000.f_001.de0","51.89839901701434,6.165717280673193,51.89839901701434,6.165717280673193","51.89839901701434,6.165717280673193","WARNING","A3 | Knauheide - Knauheide"," Arnheim -> Oberhausen",NA,"QUEUING_TRAFFIC","14",2025-05-23,"Beginn: 23.05.25 um 22:21 Uhr  Angespannte Verkehrslage, seit 23.05.2025, 22:21 A3: Arnheim -> Oberhausen, 0.1 km vor Knauheide, aus Richtung Elten  Stockender Verkehr Durchschnittsgeschwindigkeit: 14 km/h",51.8983990170143,6.16571728067319
"A3","undefined--vi-avl.2025-05-23_22-10-30-000.f.de0","51.89839901701434,6.165717280673193,51.89532710093108,6.168877099986451","51.89839901701434,6.165717280673193","WARNING","A3 | Elten - Elten"," Arnheim -> Oberhausen",0,"QUEUING_TRAFFIC","33.79999923706055",2025-05-23,"Beginn: 23.05.25 um 22:10 Uhr  Angespannte Verkehrslage, seit 23.05.2025, 22:10 A3: Arnheim -> Oberhausen, zwischen 0.4 km hinter Elten und 1.4 km vor AS Elten  Stockender Verkehr Reisezeitverlust: 0 Minuten Durchschnittsgeschwindigkeit: 33 km/h",51.8983990170143,6.16571728067319
"A4","undefined--vi-hind.2025-05-23_22-07-30-000.f_001.de0","50.81987129950773,12.750748617982007,50.818647700937866,12.646635100053553","50.81987129950773,12.750748617982007","WARNING","A4 | Wüstenbrand - Oberwald"," Chemnitz -> Erfurt",NA,NA,NA,2025-05-23,"Beginn: 23.05.25 um 22:07 Uhr  Hindernis, seit 23.05.2025, 22:07 A4: Chemnitz -> Erfurt, zwischen 0.3 km hinter AS Wüstenbrand und 0.4 km vor Oberwald  Gefahr durch Gegenstände auf der Fahrbahn",50.8198712995077,12.750748617982
"A4","undefined--vi-avl.2025-05-23_22-21-30-000.f_001.de0","50.83927998234501,12.796432471557624,50.82507034909566,12.771942360232591","50.83927998234501,12.796432471557624","WARNING","A4 | Limbach-Oberfrohna - Rabensteiner Wald"," Chemnitz -> Erfurt",1,"SLOW_TRAFFIC","58.5",2025-05-23,"Beginn: 23.05.25 um 22:21 Uhr  Angespannte Verkehrslage, seit 23.05.2025, 22:21 A4: Chemnitz -> Erfurt, zwischen 0.9 km hinter AS Limbach-Oberfrohna und 0.7 km vor Rabensteiner Wald  Langsamer Verkehr Reisezeitverlust: 1 Minuten Durchschnittsgeschwindigkeit: 58 km/h",50.839279982345,12.7964324715576
"A5","undefined--vi-hind.2025-05-23_21-53-30-000.f_006.de0","49.01131736381078,8.461885567697003,49.01151129668448,8.462090678756432","49.01131736381078,8.461885567697003","WARNING","A5 | Karlsruhe-Durlach - Karlsruhe-Nord"," Karlsruhe -> Heidelberg",NA,NA,NA,2025-05-23,"Beginn: 23.05.25 um 21:53 Uhr  Hindernis, seit 23.05.2025, 21:53 A5: Karlsruhe -> Heidelberg, zwischen 1.3 km hinter AS Karlsruhe-Durlach und 0.6 km vor AS Karlsruhe-Nord  Gefahr durch Gegenstände auf der Fahrbahn",49.0113173638108,8.461885567697
"A5","undefined--vi-hind.2025-05-23_21-53-30-000.f_005.de0","49.01980790094491,8.470768799999881,49.14345470094449,8.557344299999896","49.01980790094491,8.470768799999881","WARNING","A5 | Karlsruhe-Nord - Bruchsal"," Karlsruhe -> Heidelberg",NA,NA,NA,2025-05-23,"Beginn: 23.05.25 um 21:53 Uhr  Hindernis, seit 23.05.2025, 21:53 A5: Karlsruhe -> Heidelberg, zwischen 0.5 km hinter AS Karlsruhe-Nord und 0.5 km vor AS Bruchsal  Gefahr durch Personen auf der Fahrbahn",49.0198079009449,8.47076879999988
"A5","undefined--vi-zus.2025-05-23_20-18-05-000.f.de0","50.78110261236345,9.409197030664608,50.789023348616745,9.442990174700048","50.78110261236345,9.409197030664608","WARNING","A5 | Berfa - Frohnkreuz"," Frankfurt -> Kassel",1,"SLOW_TRAFFIC","62.20000076293945",2025-05-23,"Beginn: 23.05.25 um 20:18 Uhr  Zusammengesetzte Verkehrsinformation, seit 23.05.2025, 20:18 A5: Frankfurt -> Kassel, zwischen 4.3 km hinter Berfa und 0.2 km vor Frohnkreuz  Langsamer Verkehr Reisezeitverlust: 1 Minuten Durchschnittsgeschwindigkeit: 62 km/h",50.7811026123634,9.40919703066461
"A6","undefined--vi-zus.2025-05-23_19-03-20-000.f_001.de0","49.17517454547617,9.981630394969535,49.17932790487041,10.033212928275724","49.17517454547617,9.981630394969535","WARNING","A6 | Kirchberg - Crailsheim"," Heilbronn -> Nürnberg",1,"SLOW_TRAFFIC","63.29999923706055",2025-05-23,"Beginn: 23.05.25 um 19:03 Uhr  Zusammengesetzte Verkehrsinformation, seit 23.05.2025, 19:03 A6: Heilbronn -> Nürnberg, zwischen 1.5 km hinter AS Kirchberg und 3.0 km vor AS Crailsheim  Langsamer Verkehr Reisezeitverlust: 1 Minuten Durchschnittsgeschwindigkeit: 63 km/h",49.1751745454762,9.98163039496954
"A6","undefined--vi-avl.2025-05-23_22-23-00-000.f.de0","49.48016926163148,12.135266794313043,49.470057943504614,12.135162970542963","49.48016926163148,12.135266794313043","WARNING","A6 | Oberpfälzer Wald - Nabburg-West"," Pilsen -> Nürnberg",0,"SLOW_TRAFFIC","62.70000076293945",2025-05-23,"Beginn: 23.05.25 um 22:23 Uhr  Angespannte Verkehrslage, seit 23.05.2025, 22:23 A6: Pilsen -> Nürnberg, zwischen 4.9 km hinter AK Oberpfälzer Wald und 0.2 km vor AS Nabburg-West  Langsamer Verkehr Reisezeitverlust: 0 Minuten Durchschnittsgeschwindigkeit: 62 km/h",49.4801692616315,12.135266794313
"A7","undefined--vi-zus.2025-05-23_21-12-00-000.f.de0","47.572965577642115,10.660922982282756,47.577037246669576,10.66215100562998","47.572965577642115,10.660922982282756","WARNING","A7 | Grenztunnel Füssen - Reinertshofertunnel"," Füssen/Reutte -> Ulm",0,"QUEUING_TRAFFIC","25.200000762939453",2025-05-23,"Beginn: 23.05.25 um 21:12 Uhr  Zusammengesetzte Verkehrsinformation, seit 23.05.2025, 21:12 A7: Füssen/Reutte -> Ulm, zwischen 1.6 km hinter Grenztunnel Füssen und 2.7 km vor Reinertshofertunnel  Stockender Verkehr Reisezeitverlust: 0 Minuten Durchschnittsgeschwindigkeit: 25 km/h",47.5729655776421,10.6609229822828
"A7","undefined--vi-avl.2025-05-23_19-32-00-000.f.de0","51.41644076179346,9.837025357328098,51.41644076179346,9.837025357328098","51.41644076179346,9.837025357328098","WARNING","A7 | Hackelberg - Hackelberg"," Hannover -> Kassel",NA,"STATIONARY_TRAFFIC","21",2025-05-23,"Beginn: 23.05.25 um 22:21 Uhr  Angespannte Verkehrslage, seit 23.05.2025, 22:21 A7: Hannover -> Kassel, 4.6 km vor Hackelberg, aus Richtung Drammetal  Im Stillstand Durchschnittsgeschwindigkeit: 21 km/h",51.4164407617935,9.8370253573281
"A7","undefined--vi-avl.2025-05-23_19-21-37-000.f_002.de0","51.41531340514936,9.835110432245791,51.404406201692545,9.808980998569226","51.41531340514936,9.835110432245791","WARNING","A7 | Drammetal - Hackelberg"," Hannover -> Kassel",4,"STATIONARY_TRAFFIC","24.399999618530273",2025-05-23,"Beginn: 23.05.25 um 19:21 Uhr  Angespannte Verkehrslage, seit 23.05.2025, 19:21 A7: Hannover -> Kassel, zwischen 4.7 km hinter AD Drammetal und 2.2 km vor Hackelberg  Im Stillstand Reisezeitverlust: 4 Minuten Durchschnittsgeschwindigkeit: 24 km/h",51.4153134051494,9.83511043224579
"A7","undefined--vi-zus.2025-03-31_00-40-00-000.f_018.de0","53.579141433849884,9.913430072127355,53.55636870091902,9.897540700000414","53.579141433849884,9.913430072127355","WARNING","A7 | Hamburg-Volkspark - Elbtunnel (Nordportal)"," Flensburg -> Hamburg",NA,NA,NA,2025-03-31,"Beginn: 31.03.25 um 00:40 Uhr  Zusammengesetzte Verkehrsinformation, seit 31.03.2025, 00:40 A7: Flensburg -> Hamburg, zwischen 0.4 km hinter AS Hamburg-Volkspark und 0.9 km vor Elbtunnel (Nordportal)  A7 Flensburg Richtung Hamburg Ausfahrt Hamburg-Othmarschen Fahrbahnverengung, maximale Fahrbahnbreite von 4,50 m, Bauarbeiten, bis 29.09.2025",53.5791414338499,9.91343007212735
"A7","undefined--vi-hind.2025-05-23_21-35-00-000.f_003.de0","53.74400119992577,9.947971603145552,53.8009933225245,9.930510356786112","53.74400119992577,9.947971603145552","WARNING","A7 | Holmmoor - Henstedt-Ulzburg"," Hamburg -> Flensburg",NA,NA,NA,2025-05-23,"Beginn: 23.05.25 um 21:35 Uhr  Fahrzeug-Hindernis, seit 23.05.2025, 21:35 A7: Hamburg -> Flensburg, zwischen 3.0 km hinter Holmmoor und 0.3 km vor AS Henstedt-Ulzburg Gefahr durch ein defektes Fahrzeug auf der Fahrbahn",53.7440011999258,9.94797160314555
"A7","undefined--vi-hind.2025-05-23_21-35-00-000.f_002.de0","53.74400119992577,9.947971603145552,53.8009933225245,9.930510356786112","53.74400119992577,9.947971603145552","WARNING","A7 | Holmmoor - Henstedt-Ulzburg"," Hamburg -> Flensburg",NA,NA,NA,2025-05-23,"Beginn: 23.05.25 um 21:35 Uhr  Fahrzeug-Hindernis, seit 23.05.2025, 21:35 A7: Hamburg -> Flensburg, zwischen 3.0 km hinter Holmmoor und 0.3 km vor AS Henstedt-Ulzburg Gefahr durch ein defektes Fahrzeug auf der Fahrbahn",53.7440011999258,9.94797160314555
"A7","undefined--vi-zus.2025-05-23_21-56-30-000.f.de0","53.74400119992577,9.947971603145552,53.8009933225245,9.930510356786112","53.74400119992577,9.947971603145552","WARNING","A7 | Holmmoor - Henstedt-Ulzburg"," Hamburg -> Flensburg",NA,NA,NA,2025-05-23,"Beginn: 23.05.25 um 21:56 Uhr  Zusammengesetzte Verkehrsinformation, seit 23.05.2025, 21:56 A7: Hamburg -> Flensburg, zwischen 3.0 km hinter Holmmoor und 0.3 km vor AS Henstedt-Ulzburg  Gefahr durch eine ungesicherte Unfallstelle  A7 Hamburg Richtung Flensburg
zwischen Quickborn und Henstedt-Ulzburg
Gefahr durch ungesicherte Unfallstelle, blockiert",53.7440011999258,9.94797160314555
"A7","undefined--vi-zus.2025-05-23_22-05-30-000.f.de0","53.75227295904739,9.949893879151011,53.766621815823385,9.947709365919293","53.75227295904739,9.949893879151011","WARNING","A7 | Quickborn - Henstedt-Ulzburg"," Hamburg -> Flensburg",2,"STATIONARY_TRAFFIC","28.600000381469727",2025-05-23,"Beginn: 23.05.25 um 22:05 Uhr  Zusammengesetzte Verkehrsinformation, seit 23.05.2025, 22:05 A7: Hamburg -> Flensburg, zwischen 0.9 km hinter AS Quickborn und 4.3 km vor AS Henstedt-Ulzburg  Gefahr durch eine ungesicherte Unfallstelle  Im Stillstand Reisezeitverlust: 2 Minuten Durchschnittsgeschwindigkeit: 28 km/h",53.7522729590474,9.94989387915101
"A7","undefined--vi-avl.2025-05-23_22-13-30-000.f_001.de0","53.75227295904739,9.949893879151011,53.75227295904739,9.949893879151011","53.75227295904739,9.949893879151011","WARNING","A7 | Henstedt-Ulzburg - Henstedt-Ulzburg"," Hamburg -> Flensburg",NA,"STATIONARY_TRAFFIC","15",2025-05-23,"Beginn: 23.05.25 um 22:21 Uhr  Angespannte Verkehrslage, seit 23.05.2025, 22:21 A7: Hamburg -> Flensburg, 5.9 km vor AS Henstedt-Ulzburg, aus Richtung Quickborn  Im Stillstand Durchschnittsgeschwindigkeit: 15 km/h",53.7522729590474,9.94989387915101
"A7","undefined--vi-avl.2025-05-23_20-00-30-000.f_003.de0","54.804956120681226,9.328584387866814,54.804956120681226,9.328584387866814","54.804956120681226,9.328584387866814","WARNING","A7 | Ellund - Ellund"," Flensburg -> Hamburg",NA,"STATIONARY_TRAFFIC","9",2025-05-23,"Beginn: 23.05.25 um 22:17 Uhr  Angespannte Verkehrslage, seit 23.05.2025, 22:17 A7: Flensburg -> Hamburg, 0.1 km vor Ellund, aus Richtung Ellund  Im Stillstand Durchschnittsgeschwindigkeit: 9 km/h",54.8049561206812,9.32858438786681
"A7","undefined--vi-avl.2025-05-23_19-55-04-000.f.de0","54.8049820054157,9.328571338481932,54.80066594276168,9.33076576341325","54.8049820054157,9.328571338481932","WARNING","A7 | Ellund - Flensburg/Harrislee"," Flensburg -> Hamburg",1,"STATIONARY_TRAFFIC","17.799999237060547",2025-05-23,"Beginn: 23.05.25 um 19:55 Uhr  Angespannte Verkehrslage, seit 23.05.2025, 19:55 A7: Flensburg -> Hamburg, zwischen 0.1 km hinter Ellund und 3.3 km vor AS Flensburg/Harrislee  Im Stillstand Reisezeitverlust: 1 Minuten Durchschnittsgeschwindigkeit: 17 km/h",54.8049820054157,9.32857133848193
"A8","undefined--vi-zus.2025-05-14_09-26-56-000.f.de0","49.32628400979037,7.229641516813452,49.329166750017514,7.1882642393148934","49.32628400979037,7.229641516813452","WARNING","A8 | Neunkirchen-Wellesweiler - Neunkirchen/Spiesen"," Neunkirchen -> Saarlouis",NA,NA,NA,2025-05-14,"Beginn: 14.05.25 um 09:26 Uhr  Zusammengesetzte Verkehrsinformation, seit 14.05.2025, 09:26 A8: Neunkirchen -> Saarlouis, zwischen 0.4 km hinter AS Neunkirchen-Wellesweiler und 2.7 km vor AS Neunkirchen/Spiesen  A8 Saarlouis - Neunkirchen zwischen Neunkirchen-Spiesen und Neunkirchen-Oberstadt in beiden Richtungen Bauarbeiten, bis voraussichtlich 01.06.2025",49.3262840097904,7.22964151681345
"A8","undefined--vi-hind.2025-05-23_20-50-00-000.f_013.de0","48.308149200947035,11.206672600005593,48.27975730094711,11.271940900006438","48.308149200947035,11.206672600005593","WARNING","A8 | Adelzhauser Berg - Fuchsberg"," Stuttgart -> München",NA,NA,NA,2025-05-23,"Beginn: 23.05.25 um 20:50 Uhr  Fahrzeug-Hindernis, seit 23.05.2025, 20:50 A8: Stuttgart -> München, zwischen 5.7 km hinter Adelzhauser Berg und 3.3 km vor Fuchsberg Gefahr durch ein defektes Fahrzeug auf der Fahrbahn",48.308149200947,11.2066726000056
"A8","undefined--vi-avl.2025-05-23_21-27-30-000.f.de0","48.25219193049677,11.31143311138567,48.25219193049677,11.31143311138567","48.25219193049677,11.31143311138567","WARNING","A8 | Fuchsberg - Fuchsberg"," München -> Stuttgart",NA,"STATIONARY_TRAFFIC","22",2025-05-23,"Beginn: 23.05.25 um 22:23 Uhr  Angespannte Verkehrslage, seit 23.05.2025, 22:23 A8: München -> Stuttgart, 1.0 km vor Fuchsberg, aus Richtung Dachau/Fürstenfeldbruck  Im Stillstand Durchschnittsgeschwindigkeit: 22 km/h",48.2521919304968,11.3114331113857
"A8","undefined--vi-zus.2025-05-23_21-09-32-000.f.de0","48.25219722871359,11.3114222297402,48.26603626677083,11.292327581921024","48.25219722871359,11.3114222297402","WARNING","A8 | Dachau/Fürstenfeldbruck - Sulzemoos"," München -> Stuttgart",5,"STATIONARY_TRAFFIC","21.5",2025-05-23,"Beginn: 23.05.25 um 21:09 Uhr  Zusammengesetzte Verkehrsinformation, seit 23.05.2025, 21:09 A8: München -> Stuttgart, zwischen 3.5 km hinter AS Dachau/Fürstenfeldbruck und 2.3 km vor AS Sulzemoos  Im Stillstand Reisezeitverlust: 5 Minuten Durchschnittsgeschwindigkeit: 21 km/h",48.2521972287136,11.3114222297402
"A8","undefined--vi-zus.2025-05-23_20-39-30-000.f.de0","47.80410049295461,12.278699078535139,47.804090800948394,12.292731900044066","47.80410049295461,12.278699078535139","WARNING","A8 | Achenmühle - Prien"," München -> Salzburg",6,"STATIONARY_TRAFFIC","8.899999618530273",2025-05-23,"Beginn: 23.05.25 um 20:39 Uhr  Zusammengesetzte Verkehrsinformation, seit 23.05.2025, 20:39 A8: München -> Salzburg, zwischen 4.1 km hinter Achenmühle und 0.6 km vor Prien  Im Stillstand Reisezeitverlust: 6 Minuten Durchschnittsgeschwindigkeit: 8 km/h",47.8041004929546,12.2786990785351
"A8","undefined--vi-avl.2025-05-23_20-43-32-000.f.de0","47.80397158828069,12.277283200566542,47.80397158828069,12.277283200566542","47.80397158828069,12.277283200566542","WARNING","A8 | Frasdorf - Frasdorf"," München -> Salzburg",NA,"STATIONARY_TRAFFIC","7",2025-05-23,"Beginn: 23.05.25 um 22:23 Uhr  Angespannte Verkehrslage, seit 23.05.2025, 22:23 A8: München -> Salzburg, 0.2 km vor Frasdorf, aus Richtung Achenmühle  Im Stillstand Durchschnittsgeschwindigkeit: 7 km/h",47.8039715882807,12.2772832005665
"A9","undefined--vi-hind.2025-05-23_22-17-30-000.f_001.de0","49.930751163692086,11.602454472042636,49.929059546155116,11.602256826077248","49.930751163692086,11.602454472042636","WARNING","A9 | Einhausung Bayreuth - Bayreuth-Süd"," Halle/Leipzig -> Nürnberg",NA,NA,NA,2025-05-23,"Beginn: 23.05.25 um 22:17 Uhr  Fahrzeug-Hindernis, seit 23.05.2025, 22:17 A9: Halle/Leipzig -> Nürnberg, zwischen 2.6 km hinter Einhausung Bayreuth und 0.1 km vor AS Bayreuth-Süd Gefahr durch ein defektes Fahrzeug auf der Fahrbahn",49.9307511636921,11.6024544720426
"A9","undefined--vi-hind.2025-05-23_22-17-30-000.f.de0","51.490262000933704,12.206483900025901,51.491795023912424,12.205342024579881","51.490262000933704,12.206483900025901","WARNING","A9 | Wiedemar - Kapellenberg"," Halle/Leipzig -> Berlin",NA,NA,NA,2025-05-23,"Beginn: 23.05.25 um 22:17 Uhr  Fahrzeug-Hindernis, seit 23.05.2025, 22:17 A9: Halle/Leipzig -> Berlin, zwischen 2.9 km hinter AS Wiedemar und Kapellenberg Gefahr durch ein defektes Fahrzeug auf der Fahrbahn",51.4902620009337,12.2064839000259
"A12","WarnungA10Lkw3","47.61802931631098,12.202336027754352,47.61802931631098,12.202336027754352","47.61802931631098,12.202336027754352","WARNING","E45/E60 | LKW Blockabfertigung | A12-Inntal Autobahn","Richtung Italien",NA,NA,NA,2025-01-11,"Zeitraum: Beginn: 07.01.2025 Ende: 09.12.2025  Hinweis für LKW-Reisende nach Österreich: LKW-Blockabfertigungen an ausgewählten Tagen für Lkw am Grenzübergang Kufstein/Kiefersfelden. Maximaler Durchlass von 300 LKWs pro Stunde  Die genauen Ausführungszeiten und weitere Informationen auf tirol.gv.at/verkehr/verkehrs-und-seilbahnrecht/lkw-dosierung.",47.618029316311,12.2023360277544
"A12","WarnungA10Lkw2","47.6164490154047,12.202382557672273,47.6164490154047,12.202382557672273","47.6164490154047,12.202382557672273","WARNING","E43/E45/E60 | A13-Brenner Autobahn","Richtung Italien",NA,NA,NA,2025-01-11,"Zeitraum: Beginn: 11.01.2025 Ende: 27.09.2025  Hinweis für LKW-Reisende nach Österreich: LKW-Fahrverbot auf der A12-Inntal Autobahn, A13-Brenner Autobahn und A14-Rheintal/Walgau Autobahn, wenn das Ziel der Fahrt der Anschlussstelle Nößlach bis Anschlussstelle Brenner Nord der Richtungsfahrbahn Staatsgrenze der A 13 Brenner Autobahn erreicht werden soll. An ausgewählten Samstagen 7-15 Uhr sowie weiteren Tagen im Zeitraum 11.01. - 27.09.2025 Weitere Informationen auf http://asfinag.at/a13",47.6164490154047,12.2023825576723
"A13","undefined--vi-hind.2025-05-23_12-51-02-000.f_023.de0","51.89963080093657,13.81291380018386,51.85302630093776,13.90793880020439","51.89963080093657,13.81291380018386","WARNING","A13 | Berstetal - Lübbenau"," Schönefelder Kreuz -> Dresden",NA,NA,NA,2025-05-23,"Beginn: 23.05.25 um 12:51 Uhr  Hindernis, seit 23.05.2025, 12:51 A13: Schönefelder Kreuz -> Dresden, zwischen 1.8 km hinter Berstetal und 0.5 km vor AS Lübbenau  Gefahr durch Gegenstände auf der Fahrbahn",51.8996308009366,13.8129138001839
"A14","undefined--vi-hind.2025-05-23_17-13-21-000.f_010.de0","52.00644964803081,11.65804105114419,52.05217580093004,11.618093300009233","52.00644964803081,11.65804105114419","WARNING","A14 | Schönebeck - Magdeburg-Reform"," Halle -> Magdeburg",NA,NA,NA,2025-05-23,"Beginn: 23.05.25 um 17:13 Uhr  Hindernis, seit 23.05.2025, 17:13 A14: Halle -> Magdeburg, zwischen 0.4 km hinter AS Schönebeck und 0.3 km vor AS Magdeburg-Reform  Gefahr durch Gegenstände auf der Fahrbahn",52.0064496480308,11.6580410511442
"A15","undefined--vi-avl.2025-05-23_21-34-30-000.f.de0","51.707436229347316,14.409662913357797,51.708048454237684,14.437492311535769","51.707436229347316,14.409662913357797","WARNING","A15 | Cottbus-Süd - Roggosen"," Cottbus -> Breslau",0,"SLOW_TRAFFIC","72.4000015258789",2025-05-23,"Beginn: 23.05.25 um 21:34 Uhr  Angespannte Verkehrslage, seit 23.05.2025, 21:34 A15: Cottbus -> Breslau, zwischen 4.4 km hinter AS Cottbus-Süd und 2.0 km vor AS Roggosen  Langsamer Verkehr Reisezeitverlust: 0 Minuten Durchschnittsgeschwindigkeit: 72 km/h",51.7074362293473,14.4096629133578
"A17","undefined--vi-avl.2025-05-23_22-16-30-000.f_006.de0","50.82026170094333,13.887384300240237,50.82026170094333,13.887384300240237","50.82026170094333,13.887384300240237","WARNING","A17 | Am Heidenholz - Am Heidenholz"," Prag -> Dresden",NA,"QUEUING_TRAFFIC","23",2025-05-23,"Beginn: 23.05.25 um 22:23 Uhr  Angespannte Verkehrslage, seit 23.05.2025, 22:23 A17: Prag -> Dresden, 0.2 km vor Am Heidenholz, aus Richtung Breitenau-Schönwald  Stockender Verkehr Durchschnittsgeschwindigkeit: 23 km/h",50.8202617009433,13.8873843002402
"A17","undefined--vi-zus.2025-05-23_22-16-00-000.f.de0","50.82026170094333,13.887384300240237,50.82713299600389,13.887562977689061","50.82026170094333,13.887384300240237","WARNING","A17 | Breitenau-Schönwald - Bad Gottleuba"," Prag -> Dresden",0,"QUEUING_TRAFFIC","34.099998474121094",2025-05-23,"Beginn: 23.05.25 um 22:22 Uhr  Zusammengesetzte Verkehrsinformation, seit 23.05.2025, 22:22 A17: Prag -> Dresden, zwischen 4.5 km hinter Breitenau-Schönwald und 0.5 km vor AS Bad Gottleuba  Stockender Verkehr Reisezeitverlust: 0 Minuten Durchschnittsgeschwindigkeit: 34 km/h",50.8202617009433,13.8873843002402
"A21","undefined--vi-zus.2025-05-23_22-06-30-000.f.de0","54.0734302718229,10.21598892312688,54.043634914297414,10.237013666944655","54.0734302718229,10.21598892312688","WARNING","A21 | Wankendorf - Trappenkamp"," Kiel -> Bargteheide",NA,NA,NA,2025-05-23,"Beginn: 23.05.25 um 22:06 Uhr  Zusammengesetzte Verkehrsinformation, seit 23.05.2025, 22:06 A21: Kiel -> Bargteheide, zwischen 5.3 km hinter AS Wankendorf und 0.3 km vor AS Trappenkamp  Gefahr durch Gegenstände auf der Fahrbahn  A21 Kiel Richtung Bargteheide
zwischen Bornhöved und Trappenkamp
angefahrenes Tier, Wildunfall",54.0734302718229,10.2159889231269
"A30","undefined--vi-avl.2025-05-23_22-06-30-000.f_002.de0","52.181775193927315,8.616872203920286,52.181775193927315,8.616872203920286","52.181775193927315,8.616872203920286","WARNING","A30 | Hiddenhausen - Hiddenhausen"," Bad Oeynhausen -> Osnabrück",NA,"STATIONARY_TRAFFIC","5",2025-05-23,"Beginn: 23.05.25 um 22:21 Uhr  Angespannte Verkehrslage, seit 23.05.2025, 22:21 A30: Bad Oeynhausen -> Osnabrück, 0.4 km vor AS Hiddenhausen, aus Richtung Kirchlengern  Im Stillstand Durchschnittsgeschwindigkeit: 5 km/h",52.1817751939273,8.61687220392029
"A30","undefined--vi-avl.2025-05-23_22-06-30-000.f_001.de0","52.181775193927315,8.616872203920286,52.17902430092916,8.61148429999987","52.181775193927315,8.616872203920286","WARNING","A30 | Kirchlengern - Bünde"," Bad Oeynhausen -> Osnabrück",3,"STATIONARY_TRAFFIC","7.699999809265137",2025-05-23,"Beginn: 23.05.25 um 22:06 Uhr  Angespannte Verkehrslage, seit 23.05.2025, 22:06 A30: Bad Oeynhausen -> Osnabrück, zwischen 3.3 km hinter AS Kirchlengern und 4.9 km vor AS Bünde  Im Stillstand Reisezeitverlust: 3 Minuten Durchschnittsgeschwindigkeit: 7 km/h",52.1817751939273,8.61687220392029
"A31","undefined--vi-avl.2025-05-23_17-43-30-000.f_010.de0","52.26019518380759,7.1742896760938955,52.246752971037886,7.163099312945632","52.26019518380759,7.1742896760938955","WARNING","A31 | Gut Friedrichstal - Wester Mark"," Lingen (Ems) -> Gronau",0,"SLOW_TRAFFIC","66.19999694824219",2025-05-23,"Beginn: 23.05.25 um 17:49 Uhr  Angespannte Verkehrslage, seit 23.05.2025, 17:49 A31: Lingen (Ems) -> Gronau, zwischen 2.9 km hinter Gut Friedrichstal und 3.0 km vor Wester Mark  Langsamer Verkehr Reisezeitverlust: 0 Minuten Durchschnittsgeschwindigkeit: 66 km/h",52.2601951838076,7.1742896760939
"A37","undefined--vi-zus.2025-05-20_10-04-05-000.f_002.de0","52.442156462690335,9.933442989087833,52.436581812162494,9.913211841333315","52.442156462690335,9.933442989087833","WARNING","A37 | Beinhorn - Hannover-Kirchhorst"," Celle -> Hannover",NA,NA,NA,2025-05-20,"Beginn: 20.05.25 um 10:04 Uhr  Zusammengesetzte Verkehrsinformation, seit 20.05.2025, 10:04 B3: Celle -> Hannover, zwischen 0.4 km hinter AS Beinhorn und 2.1 km vor AK Hannover-Kirchhorst  A37 Messe - Burgdorf
zwischen Kreuz Hannover-Buchholz und Beinhorn
in beiden Richtungen geänderte Verkehrsführung im Baustellenbereich, Bauarbeiten, bis 30.10.2026 ca. 18:00 Uhr",52.4421564626903,9.93344298908783
"A37","undefined--vi-zus.2025-05-20_10-04-05-000.f_003.de0","52.42566547847685,9.880479425875153,52.44102213295518,9.93161290421946","52.42566547847685,9.880479425875153","WARNING","Baustelle"," km 22.62 --> km 26.54",NA,NA,NA,2025-05-20,"Beginn: 20.05.25 um 10:04 Uhr  Zusammengesetzte Verkehrsinformation, seit 20.05.2025, 10:04 A37: km 22.62 --> km 26.54  A37 Messe - Burgdorf
zwischen Kreuz Hannover-Buchholz und Beinhorn
in beiden Richtungen geänderte Verkehrsführung im Baustellenbereich, Bauarbeiten, bis 30.10.2026 ca. 18:00 Uhr",52.4256654784769,9.88047942587515
"A43","undefined--vi-avl.2025-05-23_21-56-00-000.f.de0","51.90126716824792,7.386836422973739,51.89408020275073,7.376541826836408","51.90126716824792,7.386836422973739","WARNING","A43 | Nottuln - Karthaus"," Münster -> Recklinghausen",0,"SLOW_TRAFFIC","56.79999923706055",2025-05-23,"Beginn: 23.05.25 um 21:56 Uhr  Angespannte Verkehrslage, seit 23.05.2025, 21:56 A43: Münster -> Recklinghausen, zwischen 1.5 km hinter AS Nottuln und 2.5 km vor Karthaus  Langsamer Verkehr Reisezeitverlust: 0 Minuten Durchschnittsgeschwindigkeit: 56 km/h",51.9012671682479,7.38683642297374
"A44","undefined--vi-avl.2025-05-23_18-43-20-000.f_001.de0","51.55259025223094,8.158217432313819,51.54986159340913,8.140322719225859","51.55259025223094,8.158217432313819","WARNING","A44 | Soest-Ost - Soester Börde"," Kassel -> Dortmund",0,"SLOW_TRAFFIC","61.20000076293945",2025-05-23,"Beginn: 23.05.25 um 18:43 Uhr  Angespannte Verkehrslage, seit 23.05.2025, 18:43 A44: Kassel -> Dortmund, zwischen 0.2 km hinter AS Soest-Ost und 0.5 km vor Soester Börde  Langsamer Verkehr Reisezeitverlust: 0 Minuten Durchschnittsgeschwindigkeit: 61 km/h",51.5525902522309,8.15821743231382
"A44","undefined--vi-avl.2025-05-23_18-31-56-000.f_001.de0","51.5372097046665,8.869355114698758,51.542427192853374,8.83252562775153","51.5372097046665,8.869355114698758","WARNING","A44 | Blankenrode - Sintfeld"," Kassel -> Dortmund",1,"SLOW_TRAFFIC","62.29999923706055",2025-05-23,"Beginn: 23.05.25 um 18:31 Uhr  Angespannte Verkehrslage, seit 23.05.2025, 18:31 A44: Kassel -> Dortmund, zwischen 0.1 km hinter Blankenrode und 2.7 km vor Sintfeld  Langsamer Verkehr Reisezeitverlust: 1 Minuten Durchschnittsgeschwindigkeit: 62 km/h",51.5372097046665,8.86935511469876
"A44","undefined--vi-avl.2025-05-23_22-17-30-000.f.de0","51.47650369269897,9.077440706508268,51.4698796588996,9.107130703039036","51.47650369269897,9.077440706508268","WARNING","A44 | Am Quast - Warburg"," Dortmund -> Kassel",2,"QUEUING_TRAFFIC","38.29999923706055",2025-05-23,"Beginn: 23.05.25 um 22:17 Uhr  Angespannte Verkehrslage, seit 23.05.2025, 22:17 A44: Dortmund -> Kassel, zwischen 3.3 km hinter Am Quast und AS Warburg  Stockender Verkehr Reisezeitverlust: 2 Minuten Durchschnittsgeschwindigkeit: 38 km/h",51.476503692699,9.07744070650827
"A45","undefined--vi-avl.2025-05-23_22-03-00-000.f.de0","50.55009579241461,8.56562971622008,50.559827050510755,8.561300582645039","50.55009579241461,8.56562971622008","WARNING","A45 | Gießen-Lützellinden - Wetzlar-Ost"," Aschaffenburg -> Hagen",0,"SLOW_TRAFFIC","63.70000076293945",2025-05-23,"Beginn: 23.05.25 um 22:03 Uhr  Angespannte Verkehrslage, seit 23.05.2025, 22:03 A45: Aschaffenburg -> Hagen, zwischen 3.4 km hinter AS Gießen-Lützellinden und 1.7 km vor AS Wetzlar-Ost  Langsamer Verkehr Reisezeitverlust: 0 Minuten Durchschnittsgeschwindigkeit: 63 km/h",50.5500957924146,8.56562971622008
"A60","undefined--vi-hind.2025-05-23_19-16-36-000.f_004.de0","49.95599067274176,7.948629850613441,49.979180834182145,8.018461006876805","49.95599067274176,7.948629850613441","WARNING","A60 | Bingen-Ost - Ingelheim-West"," Bingen -> Mainz",NA,NA,NA,2025-05-23,"Beginn: 23.05.25 um 19:16 Uhr  Fahrzeug-Hindernis, seit 23.05.2025, 19:16 A60: Bingen -> Mainz, zwischen 0.3 km hinter AS Bingen-Ost und 0.5 km vor AS Ingelheim-West Gefahr durch ein defektes Fahrzeug auf der Fahrbahn",49.9559906727418,7.94862985061344
"A60","undefined--vi-zus.2025-04-08_08-51-21-000.f_013.de0","49.98125533976677,8.345695317688524,49.97565770865279,8.441396718063045","49.98125533976677,8.345695317688524","WARNING","A60 | Mainspitz-Dreieck - Rüsselsheimer Dreieck"," Mainz -> Rüsselsheim",NA,NA,NA,2025-04-08,"Beginn: 08.04.25 um 08:51 Uhr  Zusammengesetzte Verkehrsinformation, seit 08.04.2025, 08:51 A60: Mainz -> Rüsselsheim, zwischen 0.5 km hinter AD Mainspitz-Dreieck und 2.2 km vor AD Rüsselsheimer Dreieck  Sperrung der A60 bei Königstädten – Grundhafte Fahrbahnerneuerung zwischen dem Rüsselsheimer Dreieck und dem Mainspitz Dreieck. Die Niederlassung West der Autobahn GmbH erneuert zwischen dem Rüsselsheimer Dreieck (30) und dem Mainspitz Dreieck (26) die Fahrbahn. Von Donnerstagmorgen (24. April) bis Mitte Juli wird die Anschlussstelle (AS) Königstädten (29) in Fahrtrichtung (FR) Mainz sowie in FR Rüsselsheimer Dreieck gesperrt. Umleitungsmöglichkeiten sind ausgeschildert: • Ausfahrt FR Mainz: Umleitung via AS Rüsselsheim-Mitte • Einfahrt FR Mainz: innerstädtische Umleitung zur AS Rüsselsheim-Mitte (Adam-Opel-Straße / Kurt-Schumacher-Ring), von Nauheim kommend via L3482 zur AS Bischofsheim • Einfahrt FR Darmstadt: innerstädtische Umleitung zur AS Rüsselsheim-Mitte (Adam-Opel-Straße / Kurt-Schumacher-Ring) Die Autobahn GmbH bittet alle Verkehrsteilnehmer um Verständnis für die unvermeidlichen Verkehrsbehinderungen, die durch die Arbeiten entstehen.",49.9812553397668,8.34569531768852
"A60","undefined--vi-zus.2025-05-03_10-55-00-000.f_003.de0","49.977457399447445,8.454646346787307,49.981587265039146,8.34517285786785","49.977457399447445,8.454646346787307","WARNING","A60 | Rüsselsheimer Dreieck - Mainspitz-Dreieck"," Rüsselsheim -> Mainz",NA,NA,NA,2025-05-03,"Beginn: 03.05.25 um 10:55 Uhr  Zusammengesetzte Verkehrsinformation, seit 03.05.2025, 10:55 A60: Rüsselsheim -> Mainz, zwischen 0.6 km hinter AD Rüsselsheimer Dreieck und 0.5 km vor AD Mainspitz-Dreieck  Sperrung der A60 bei Königstädten – Grundhafte Fahrbahnerneuerung zwischen dem Rüsselsheimer Dreieck und dem Mainspitz Dreieck. Die Niederlassung West der Autobahn GmbH erneuert zwischen dem Rüsselsheimer Dreieck (30) und dem Mainspitz Dreieck (26) die Fahrbahn. Von Donnerstagmorgen (24. April) bis Mitte Juli wird die Anschlussstelle (AS) Königstädten (29) in Fahrtrichtung (FR) Mainz sowie in FR Rüsselsheimer Dreieck gesperrt. Umleitungsmöglichkeiten sind ausgeschildert: • Ausfahrt FR Mainz: Umleitung via AS Rüsselsheim-Mitte • Einfahrt FR Mainz: innerstädtische Umleitung zur AS Rüsselsheim-Mitte (Adam-Opel-Straße / Kurt-Schumacher-Ring), von Nauheim kommend via L3482 zur AS Bischofsheim • Einfahrt FR Darmstadt: innerstädtische Umleitung zur AS Rüsselsheim-Mitte (Adam-Opel-Straße / Kurt-Schumacher-Ring) Die Autobahn GmbH bittet alle Verkehrsteilnehmer um Verständnis für die unvermeidlichen Verkehrsbehinderungen, die durch die Arbeiten entstehen.",49.9774573994474,8.45464634678731
"A64","undefined--vi-avl.2025-05-23_22-12-30-000.f_003.de0","49.78507244370596,6.6409570341333515,49.78507244370596,6.6409570341333515","49.78507244370596,6.6409570341333515","WARNING","A64 | Trier - Trier"," Trier -> Luxemburg",NA,"SLOW_TRAFFIC","15",2025-05-23,"Beginn: 23.05.25 um 22:23 Uhr  Angespannte Verkehrslage, seit 23.05.2025, 22:23 A64: Trier -> Luxemburg, 3.2 km vor AS Trier, aus Richtung Anschluss B52-Trier  Langsamer Verkehr Durchschnittsgeschwindigkeit: 15 km/h",49.785072443706,6.64095703413335
"A64","undefined--vi-avl.2025-05-23_21-59-00-000.f_001.de0","49.78507244370596,6.6409570341333515,49.79020932058812,6.646868211249463","49.78507244370596,6.6409570341333515","WARNING","A64 | Trier - Anschluss B52-Trier"," Luxemburg -> Trier",0,"SLOW_TRAFFIC","31.299999237060547",2025-05-23,"Beginn: 23.05.25 um 21:59 Uhr  Angespannte Verkehrslage, seit 23.05.2025, 21:59 A64: Luxemburg -> Trier, zwischen 3.2 km hinter AS Trier und 1.0 km vor Anschluss B52-Trier  Langsamer Verkehr Reisezeitverlust: 0 Minuten Durchschnittsgeschwindigkeit: 31 km/h",49.785072443706,6.64095703413335
"A81","undefined--vi-avl.2025-05-23_22-13-00-000.f.de0","48.77808030094571,9.02004200000001,48.78642135895314,9.016541890205426","48.77808030094571,9.02004200000001","WARNING","A81 | Leonberg-Ost - Engelbergtunnel"," Stuttgart -> Heilbronn",1,"QUEUING_TRAFFIC","24",2025-05-23,"Beginn: 23.05.25 um 22:14 Uhr  Angespannte Verkehrslage, seit 23.05.2025, 22:14 A81: Stuttgart -> Heilbronn, zwischen 0.4 km hinter AS Leonberg-Ost und 2.0 km vor Engelbergtunnel  Stockender Verkehr Reisezeitverlust: 1 Minuten Durchschnittsgeschwindigkeit: 24 km/h",48.7780803009457,9.02004200000001
"A81","undefined--vi-avl.2025-05-23_22-14-30-000.f_001.de0","48.77808030094571,9.02004200000001,48.77808030094571,9.02004200000001","48.77808030094571,9.02004200000001","WARNING","A81 | Leonberg - Leonberg"," Stuttgart -> Heilbronn",NA,"QUEUING_TRAFFIC","17",2025-05-23,"Beginn: 23.05.25 um 22:23 Uhr  Angespannte Verkehrslage, seit 23.05.2025, 22:23 A81: Stuttgart -> Heilbronn, 0.5 km vor AD Leonberg, aus Richtung Leonberg-Ost  Stockender Verkehr Durchschnittsgeschwindigkeit: 17 km/h",48.7780803009457,9.02004200000001
"A92","undefined--vi-zus.2025-05-23_20-56-00-000.f_001.de0","48.3325341873202,11.67443096086133,48.33355040094701,11.697053200015015","48.3325341873202,11.67443096086133","WARNING","A92 | Eching-Ost - Freising-Süd"," München -> Deggendorf",12,"STATIONARY_TRAFFIC","7.599999904632568",2025-05-23,"Beginn: 23.05.25 um 20:56 Uhr  Zusammengesetzte Verkehrsinformation, seit 23.05.2025, 20:56 A92: München -> Deggendorf, zwischen 3.4 km hinter AS Eching-Ost und 0.2 km vor AS Freising-Süd  Im Stillstand Reisezeitverlust: 12 Minuten Durchschnittsgeschwindigkeit: 7 km/h  Gefahr durch eine ungesicherte Unfallstelle",48.3325341873202,11.6744309608613
"A92","undefined--vi-hind.2025-05-23_20-50-00-000.f_014.de0","48.33313480908842,11.693832633375258,48.34646673320027,11.720174153702258","48.33313480908842,11.693832633375258","WARNING","A92 | Eching-Ost - Flughafen München"," München -> Deggendorf",NA,NA,NA,2025-05-23,"Beginn: 23.05.25 um 20:50 Uhr  Hindernis, seit 23.05.2025, 20:50 A92: München -> Deggendorf, zwischen 4.8 km hinter AS Eching-Ost und 0.8 km vor AS Flughafen München  Gefahr durch eine ungesicherte Unfallstelle",48.3331348090884,11.6938326333753
"A92","undefined--vi-avl.2025-05-23_21-08-00-000.f_002.de0","48.332282898055205,11.670844771769477,48.332282898055205,11.670844771769477","48.332282898055205,11.670844771769477","WARNING","A92 | Freising-Süd - Freising-Süd"," München -> Deggendorf",NA,"STATIONARY_TRAFFIC","9",2025-05-23,"Beginn: 23.05.25 um 22:23 Uhr  Angespannte Verkehrslage, seit 23.05.2025, 22:23 A92: München -> Deggendorf, 2.2 km vor AS Freising-Süd, aus Richtung Eching-Ost  Im Stillstand Durchschnittsgeschwindigkeit: 9 km/h",48.3322828980552,11.6708447717695
"A95","undefined--vi-hind.2025-05-23_20-07-00-000.f_005.de0","47.99613040094782,11.428298900009114,47.905839200947995,11.39606340000859","47.99613040094782,11.428298900009114","WARNING","A95 | Starnberg - Wolfratshausen"," München -> Garmisch-Partenkirchen",NA,NA,NA,2025-05-23,"Beginn: 23.05.25 um 20:07 Uhr  Fahrzeug-Hindernis, seit 23.05.2025, 20:07 A95: München -> Garmisch-Partenkirchen, zwischen 2.3 km hinter AD Starnberg und 0.4 km vor AS Wolfratshausen Gefahr durch ein defektes Fahrzeug auf der Fahrbahn",47.9961304009478,11.4282989000091
"A96","undefined--vi-zus.2025-05-23_19-28-37-000.f.de0","47.56325560488933,9.737670344537605,47.57875069280704,9.735117512071737","47.56325560488933,9.737670344537605","WARNING","A96 | Lindau - Sigmarszell"," Bregenz -> München",6,"STATIONARY_TRAFFIC","14.100000381469727",2025-05-23,"Beginn: 23.05.25 um 19:28 Uhr  Zusammengesetzte Verkehrsinformation, seit 23.05.2025, 19:28 A96: Bregenz -> München, zwischen 2.3 km hinter AS Lindau und AS Sigmarszell  Im Stillstand Reisezeitverlust: 6 Minuten Durchschnittsgeschwindigkeit: 14 km/h",47.5632556048893,9.73767034453761
"A96","undefined--vi-avl.2025-05-23_19-38-07-000.f_001.de0","47.56320166002896,9.737667261401691,47.56320166002896,9.737667261401691","47.56320166002896,9.737667261401691","WARNING","A96 | Sigmarszell - Sigmarszell"," Lindau -> München",NA,"STATIONARY_TRAFFIC","10",2025-05-23,"Beginn: 23.05.25 um 22:21 Uhr  Angespannte Verkehrslage, seit 23.05.2025, 22:21 A96: Lindau -> München, 1.8 km vor AS Sigmarszell, aus Richtung Lindau  Im Stillstand Durchschnittsgeschwindigkeit: 10 km/h",47.563201660029,9.73766726140169
"A96","undefined--vi-avl.2025-05-23_21-04-30-000.f_002.de0","47.94381974487484,10.101440983247329,47.93309609015728,10.095456837022269","47.94381974487484,10.101440983247329","WARNING","A96 | Buxheimer Wald - Aichstetten"," München -> Lindau",0,"SLOW_TRAFFIC","62.400001525878906",2025-05-23,"Beginn: 23.05.25 um 21:04 Uhr  Angespannte Verkehrslage, seit 23.05.2025, 21:04 A96: München -> Lindau, zwischen 3.2 km hinter Buxheimer Wald und 7.0 km vor AS Aichstetten  Langsamer Verkehr Reisezeitverlust: 0 Minuten Durchschnittsgeschwindigkeit: 62 km/h",47.9438197448748,10.1014409832473
"A113","undefined--vi-avl.2025-05-23_20-59-30-000.f_001.de0","52.44548690544778,13.474047869164579,52.44548690544778,13.474047869164579","52.44548690544778,13.474047869164579","WARNING","A113 | Späthstraße - Späthstraße"," Schönefeld -> Neukölln",NA,"STATIONARY_TRAFFIC","15",2025-05-23,"Beginn: 23.05.25 um 22:21 Uhr  Angespannte Verkehrslage, seit 23.05.2025, 22:21 A113: Schönefeld -> Neukölln, 1.3 km vor AS Späthstraße, aus Richtung Johannisthaler Chaussee  Im Stillstand Durchschnittsgeschwindigkeit: 15 km/h",52.4454869054478,13.4740478691646
"A113","undefined--vi-hind.2025-05-23_21-17-00-000.f_005.de0","52.46220784372782,13.45527755622371,52.46283719671924,13.454766937468646","52.46220784372782,13.45527755622371","WARNING","A113 | Späthstraße - Neukölln"," Schönefeld -> Neukölln",NA,NA,NA,2025-05-23,"Beginn: 23.05.25 um 21:17 Uhr  Hindernis, seit 23.05.2025, 21:17 A113: Schönefeld -> Neukölln, zwischen 1.0 km hinter AS Späthstraße und 0.2 km vor AD Neukölln",52.4622078437278,13.4552775562237
"A113","undefined--vi-zus.2025-05-23_20-58-00-000.f_001.de0","52.44548690544778,13.474047869164579,52.45209490093047,13.462718900114677","52.44548690544778,13.474047869164579","WARNING","A113 | Johannisthaler Chaussee - Späthstraße"," Schönefeld -> Neukölln",3,"STATIONARY_TRAFFIC","15.199999809265137",2025-05-23,"Beginn: 23.05.25 um 20:58 Uhr  Zusammengesetzte Verkehrsinformation, seit 23.05.2025, 20:58 A113: Schönefeld -> Neukölln, zwischen 0.4 km hinter AS Johannisthaler Chaussee und 0.2 km vor AS Späthstraße  Im Stillstand Reisezeitverlust: 3 Minuten Durchschnittsgeschwindigkeit: 15 km/h",52.4454869054478,13.4740478691646
"A113","undefined--vi-zus.2025-05-23_04-57-30-000.f.de0","52.43617318100181,13.493052326243479,52.427730500930934,13.517008500122175","52.43617318100181,13.493052326243479","WARNING","A113 | Johannisthaler Chaussee - Rudower Höhe"," Neukölln -> Schönefeld",NA,NA,NA,2025-05-23,"Beginn: 23.05.25 um 04:57 Uhr  Zusammengesetzte Verkehrsinformation, seit 23.05.2025, 04:57 A113: Neukölln -> Schönefeld, zwischen 1.2 km hinter AS Johannisthaler Chaussee und 1.0 km vor Rudower Höhe  A113 Autobahnzubringer Dresden, Neukölln Richtung Schönefeld
zwischen Stubenrauchstraße und Tunnel Rudower Höhe
linker Fahrstreifen gesperrt, Bauarbeiten, bis voraussichtlich 20.06.2025",52.4361731810018,13.4930523262435
"A113","undefined--vi-hind.2025-05-23_21-17-00-000.f_004.de0","52.44934197282068,13.466158565943008,52.4622000261686,13.455284791132451","52.44934197282068,13.466158565943008","WARNING","A113 | Johannisthaler Chaussee - Neukölln"," Schönefeld -> Neukölln",NA,NA,NA,2025-05-23,"Beginn: 23.05.25 um 21:17 Uhr  Hindernis, seit 23.05.2025, 21:17 A113: Schönefeld -> Neukölln, zwischen 1.1 km hinter AS Johannisthaler Chaussee und 0.2 km vor AD Neukölln",52.4493419728207,13.466158565943
"A115","undefined--vi-zus.2024-10-09_07-09-40-000.f_531.de0","52.40027056808641,13.185163736426698,52.44227384698058,13.202709435405149","52.40027056808641,13.185163736426698","WARNING","A115 | Am Stern - Hüttenweg"," Dreieck Nuthetal -> Dreieck Funkturm",NA,NA,NA,2024-10-09,"Beginn: 09.10.24 um 07:09 Uhr  Zusammengesetzte Verkehrsinformation, seit 09.10.2024, 07:09 A115: Dreieck Nuthetal -> Dreieck Funkturm, zwischen 2.9 km hinter Am Stern und 3.8 km vor AS Hüttenweg  A115 Autobahnzubringer Magdeburg, Dreieck Nuthetal Richtung Dreieck Funkturm, zwischen Anschlussstelle Kleinmachnow und Anschlussstelle Spanische Allee, Baustelle, bis 31.10.2026 17:00 Uhr",52.4002705680864,13.1851637364267
"A115","undefined--vi-avl.2025-05-23_13-50-20-000.f_012.de0","52.4020724009296,13.187196200084738,52.41182217937781,13.197282098939043","52.4020724009296,13.187196200084738","WARNING","A115 | Am Stern - Dreilinden"," Dreieck Nuthetal -> Dreieck Funkturm",2,"QUEUING_TRAFFIC","26.399999618530273",2025-05-23,"Beginn: 23.05.25 um 13:50 Uhr  Angespannte Verkehrslage, seit 23.05.2025, 13:50 A115: Dreieck Nuthetal -> Dreieck Funkturm, zwischen 3.1 km hinter Am Stern und 0.4 km vor Dreilinden  Stockender Verkehr Reisezeitverlust: 2 Minuten Durchschnittsgeschwindigkeit: 26 km/h",52.4020724009296,13.1871962000847
"A115","undefined--vi-avl.2025-05-23_19-40-30-000.f_002.de0","52.4020724009296,13.187196200084738,52.4020724009296,13.187196200084738","52.4020724009296,13.187196200084738","WARNING","A115 | Kleinmachnow - Kleinmachnow"," Dreieck Nuthetal -> Dreieck Funkturm",NA,"QUEUING_TRAFFIC","12",2025-05-23,"Beginn: 23.05.25 um 22:23 Uhr  Angespannte Verkehrslage, seit 23.05.2025, 22:23 A115: Dreieck Nuthetal -> Dreieck Funkturm, in Höhe AS Kleinmachnow, aus Richtung Am Stern  Stockender Verkehr Durchschnittsgeschwindigkeit: 12 km/h",52.4020724009296,13.1871962000847
"A115","undefined--vi-hind.2025-05-23_21-27-00-000.f_006.de0","52.41331116028423,13.197344489674744,52.40245046246128,13.187321092094361","52.41331116028423,13.197344489674744","WARNING","A115 | Dreilinden - Kleinmachnow"," Dreieck Funkturm -> Dreieck Nuthetal",NA,NA,NA,2025-05-23,"Beginn: 23.05.25 um 21:27 Uhr  Hindernis, seit 23.05.2025, 21:27 A115: Dreieck Funkturm -> Dreieck Nuthetal, zwischen 0.3 km hinter Dreilinden und AS Kleinmachnow  Gefahr durch eine ungesicherte Unfallstelle",52.4133111602842,13.1973444896747
"A115","undefined--vi-zus.2024-10-13_05-33-30-000.f_688.de0","52.44029442937371,13.199911385595513,52.43107524997983,13.191805707063864","52.44029442937371,13.199911385595513","WARNING","A115 | Hüttenweg - Kreuz Zehlendorf"," Dreieck Funkturm -> Dreieck Nuthetal",NA,NA,NA,2024-10-13,"Beginn: 13.10.24 um 05:33 Uhr  Zusammengesetzte Verkehrsinformation, seit 13.10.2024, 05:33 A115: Dreieck Funkturm -> Dreieck Nuthetal, zwischen 4.1 km hinter AS Hüttenweg und 1.3 km vor AS Kreuz Zehlendorf  A115 Dreieck Funkturm Richtung Dreieck Nuthetal
zwischen Spanische Allee und Kleinmachnow
Verkehr wird über die Gegenfahrbahn geleitet, geänderte Verkehrsführung im Baustellenbereich, Bauarbeiten",52.4402944293737,13.1999113855955
"A115","undefined--vi-zus.2025-05-23_21-32-30-000.f_001.de0","52.41887902630665,13.196278084043279,52.408765418499485,13.194473699098017","52.41887902630665,13.196278084043279","WARNING","Baustelle"," AS Kreuz Zehlendorf (aus Richtung Spanische Allee)",0,"SLOW_TRAFFIC","42.900001525878906",2025-05-23,"Beginn: 23.05.25 um 21:32 Uhr  Zusammengesetzte Verkehrsinformation, seit 23.05.2025, 21:32 Abfahrt von der A115: AS Kreuz Zehlendorf (aus Richtung Spanische Allee)  Gefahr durch eine ungesicherte Unfallstelle  Langsamer Verkehr Reisezeitverlust: 0 Minuten Durchschnittsgeschwindigkeit: 42 km/h",52.4188790263066,13.1962780840433
"A143","undefined--vi-zus.2025-05-23_18-36-02-000.f_008.de0","51.426090519569115,11.864188829637131,51.44971890093379,11.863302600015","51.426090519569115,11.864188829637131","WARNING","A143 | Halle-Süd - Teutschenthal"," Halle-Süd -> Halle Nord",NA,NA,NA,2025-05-23,"Beginn: 23.05.25 um 18:36 Uhr  Zusammengesetzte Verkehrsinformation, seit 23.05.2025, 18:36 A143: Halle-Süd -> Halle Nord, zwischen 2.5 km hinter AD Halle-Süd und 0.2 km vor AS Teutschenthal  Gefahr durch Gegenstände auf der Fahrbahn  A143 Westumfahrung Halle, Halle-Süd Richtung Halle Nord zwischen Holleben und Teutschenthal Gefahr durch Gegenstände (mehrere Plastikteile) auf allen Fahrstreifen, Gefahr durch defekten PKW auf dem Standstreifen, fahren Sie bitte besonders vorsichtig, Polizei ist benachrichtigt",51.4260905195691,11.8641888296371
"A215","undefined--vi-avl.2025-05-23_22-22-30-000.f.de0","54.21205615562127,9.992957837752089,54.22710111331113,10.01416584726766","54.21205615562127,9.992957837752089","WARNING","A215 | Sören - Rumohr"," Neumünster -> Kiel",0,"SLOW_TRAFFIC","72",2025-05-23,"Beginn: 23.05.25 um 22:22 Uhr  Angespannte Verkehrslage, seit 23.05.2025, 22:22 A215: Neumünster -> Kiel, zwischen 1.3 km hinter Sören und 2.1 km vor Rumohr  Langsamer Verkehr Reisezeitverlust: 0 Minuten Durchschnittsgeschwindigkeit: 72 km/h",54.2120561556213,9.99295783775209
