"road","identifier","extent","point","display_type","title","subtitle","delay_minutes","abnormalTrafficType","averageSpeed","startTimestamp","description","latitude","longitude"
"A1","undefined--vi-zus.2025-05-20_20-32-30-000.f_002.de0","51.285550600934656,7.25736759999829,51.30275679104875,7.262954365965742","51.285550600934656,7.25736759999829","WARNING","A1 | Wuppertal-Langerfeld - Wuppertal-Nord"," Köln -> Dortmund",NA,NA,NA,2025-05-20,"Beginn: 20.05.25 um 20:32 Uhr  Zusammengesetzte Verkehrsinformation, seit 20.05.2025, 20:32 A1: Köln -> Dortmund, zwischen 0.2 km hinter AS Wuppertal-Langerfeld und 1.4 km vor AK Wuppertal-Nord  A1 Köln Richtung Dortmund zwischen Wuppertal-Langerfeld und Kreuz Wuppertal-Nord Gefahr durch brennendes Fahrzeug auf dem Standstreifen",51.2855506009347,7.25736759999829
"A1","undefined--vi-zus.2025-05-20_20-49-00-000.f.de0","51.285550600934656,7.25736759999829,51.30275679104875,7.262954365965742","51.285550600934656,7.25736759999829","WARNING","A1 | Wuppertal-Langerfeld - Wuppertal-Nord"," Köln -> Dortmund",NA,NA,NA,2025-05-20,"Beginn: 20.05.25 um 20:49 Uhr  Zusammengesetzte Verkehrsinformation, seit 20.05.2025, 20:49 A1: Köln -> Dortmund, zwischen 0.2 km hinter AS Wuppertal-Langerfeld und 1.4 km vor AK Wuppertal-Nord  Gefahr durch ein defektes Fahrzeugs auf der Fahrbahn  A1 Köln Richtung Dortmund
zwischen Wuppertal-Langerfeld und Kreuz Wuppertal-Nord
Löscharbeiten, Rettungsfahrzeuge im Einsatz, Richtungsfahrbahn gesperrt",51.2855506009347,7.25736759999829
"A1","undefined--vi-avl.2025-05-20_20-25-33-000.f.de0","51.523173554892836,7.658511986511471,51.534640799390175,7.661037649133176","51.523173554892836,7.658511986511471","WARNING","A1 | Dortmund/Unna - Kamen-Zentrum"," Dortmund -> Münster",0,"SLOW_TRAFFIC","43.400001525878906",2025-05-20,"Beginn: 20.05.25 um 20:25 Uhr  Angespannte Verkehrslage, seit 20.05.2025, 20:25 A1: Dortmund -> Münster, zwischen 0.1 km hinter AK Dortmund/Unna und 4.6 km vor AS Kamen-Zentrum  Langsamer Verkehr Reisezeitverlust: 0 Minuten Durchschnittsgeschwindigkeit: 43 km/h",51.5231735548928,7.65851198651147
"A1","undefined--vi-zus.2025-05-20_20-34-30-000.f.de0","51.922464136421866,7.55730523354018,51.98481181713834,7.555562824867965","51.922464136421866,7.55730523354018","WARNING","A1 | Münster-Süd - Münster-Nord"," Dortmund -> Osnabrück",NA,NA,NA,2025-05-20,"Beginn: 20.05.25 um 20:34 Uhr  Zusammengesetzte Verkehrsinformation, seit 20.05.2025, 20:34 A1: Dortmund -> Osnabrück, zwischen 0.8 km hinter AK Münster-Süd und 0.5 km vor AS Münster-Nord  A1 Hansalinie, Münster Richtung Osnabrück
zwischen Kreuz Münster-Süd und Münster-Nord
Unfallaufnahme auf dem Standstreifen, Gefahr, Polizei ist vor Ort",51.9224641364219,7.55730523354018
"A1","undefined--vi-hind.2025-05-20_20-23-30-000.f_003.de0","51.97194034845331,7.547996941947025,51.97336813280322,7.548530117986633","51.97194034845331,7.547996941947025","WARNING","A1 | Münsterland - Münster-Nord"," Münster -> Osnabrück",NA,NA,NA,2025-05-20,"Beginn: 20.05.25 um 20:23 Uhr  Fahrzeug-Hindernis, seit 20.05.2025, 20:23 A1: Münster -> Osnabrück, zwischen 3.3 km hinter Münsterland und 1.9 km vor AS Münster-Nord Gefahr durch ein defektes Fahrzeug auf der Fahrbahn",51.9719403484533,7.54799694194702
"A1","undefined--vi-hind.2025-05-20_20-00-30-000.f_002.de0","52.49528745622466,8.076498557803484,52.39817886089971,8.036502870757507","52.49528745622466,8.076498557803484","WARNING","A1 | Dammer Berge - Bramsche"," Bremen -> Osnabrück",NA,NA,NA,2025-05-20,"Beginn: 20.05.25 um 20:00 Uhr  Fahrzeug-Hindernis, seit 20.05.2025, 20:00 A1: Bremen -> Osnabrück, zwischen 5.7 km hinter Dammer Berge und 0.4 km vor AS Bramsche Gefahr durch ein defektes Fahrzeug auf der Fahrbahn",52.4952874562247,8.07649855780348
"A1","undefined--vi-avl.2025-05-20_20-14-00-000.f_002.de0","53.02277189824898,8.797741374041122,53.02369352510232,8.817487960156697","53.02277189824898,8.797741374041122","WARNING","A1 | Stuhr - Krummhörens Kuhlen"," Osnabrück -> Bremen",2,"STATIONARY_TRAFFIC","25.5",2025-05-20,"Beginn: 20.05.25 um 20:14 Uhr  Angespannte Verkehrslage, seit 20.05.2025, 20:14 A1: Osnabrück -> Bremen, zwischen 6.7 km hinter AD Stuhr und 0.5 km vor Krummhörens Kuhlen  Im Stillstand Reisezeitverlust: 2 Minuten Durchschnittsgeschwindigkeit: 25 km/h",53.022771898249,8.79774137404112
"A1","undefined--vi-avl.2025-05-20_20-41-30-000.f_006.de0","53.022815356040404,8.79816767503832,53.022815356040404,8.79816767503832","53.022815356040404,8.79816767503832","WARNING","A1 | Bremen/Brinkum - Bremen/Brinkum"," Osnabrück -> Bremen",NA,"STATIONARY_TRAFFIC","14",2025-05-20,"Beginn: 20.05.25 um 21:02 Uhr  Angespannte Verkehrslage, seit 20.05.2025, 21:02 A1: Osnabrück -> Bremen, 0.3 km vor AS Bremen/Brinkum, aus Richtung Stuhr  Im Stillstand Durchschnittsgeschwindigkeit: 14 km/h",53.0228153560404,8.79816767503832
"A1","undefined--vi-hind.2025-05-20_19-17-00-000.f_003.de0","53.20031260092184,9.295084500000122,53.110726233777484,9.201271968668555","53.20031260092184,9.295084500000122","WARNING","A1 | Bockel - Stuckenborstel"," Hamburg -> Bremen",NA,NA,NA,2025-05-20,"Beginn: 20.05.25 um 19:17 Uhr  Fahrzeug-Hindernis, seit 20.05.2025, 19:17 A1: Hamburg -> Bremen, zwischen 0.2 km hinter Bockel und 0.2 km vor AS Stuckenborstel",53.2003126009218,9.29508450000012
"A1","undefined--vi-hind.2025-05-20_19-20-30-000.f_005.de0","53.87919300091635,10.66061360000142,53.8827857422508,10.664596574039464","53.87919300091635,10.66061360000142","WARNING","A1 | Lübeck-Moisling - Bad Schwartau"," Hamburg -> Fehmarn",NA,NA,NA,2025-05-20,"Beginn: 20.05.25 um 19:20 Uhr  Fahrzeug-Hindernis, seit 20.05.2025, 19:20 A1: Hamburg -> Fehmarn, zwischen 3.0 km hinter AS Lübeck-Moisling und 3.1 km vor AS Bad Schwartau Gefahr durch ein defektes Fahrzeug auf der Fahrbahn",53.8791930009164,10.6606136000014
"A1","undefined--vi-avl.2025-05-20_20-46-30-000.f_002.de0","53.97359328063565,10.732800495117942,53.97359328063565,10.732800495117942","53.97359328063565,10.732800495117942","WARNING","A1 | Ratekau - Ratekau"," Fehmarn -> Lübeck",NA,"STATIONARY_TRAFFIC","7",2025-05-20,"Beginn: 20.05.25 um 21:02 Uhr  Angespannte Verkehrslage, seit 20.05.2025, 21:02 A1: Fehmarn -> Lübeck, 2.9 km vor AS Ratekau, aus Richtung Pansdorf  Im Stillstand Durchschnittsgeschwindigkeit: 7 km/h",53.9735932806356,10.7328004951179
"A1","undefined--vi-avl.2025-05-20_20-45-30-000.f.de0","53.97359328063565,10.732800495117942,53.95917795031782,10.742766521389003","53.97359328063565,10.732800495117942","WARNING","A1 | Pansdorf - Ratekau"," Fehmarn -> Lübeck",5,"STATIONARY_TRAFFIC","15.399999618530273",2025-05-20,"Beginn: 20.05.25 um 20:45 Uhr  Angespannte Verkehrslage, seit 20.05.2025, 20:45 A1: Fehmarn -> Lübeck, zwischen 3.6 km hinter AS Pansdorf und 1.2 km vor AS Ratekau  Im Stillstand Reisezeitverlust: 5 Minuten Durchschnittsgeschwindigkeit: 15 km/h",53.9735932806356,10.7328004951179
"A2","undefined--vi-avl.2025-05-20_19-41-30-000.f.de0","51.5386298801034,6.843310174342619,51.5389081497909,6.866825447097448","51.5386298801034,6.843310174342619","WARNING","A2 | Oberhausen - Oberhausen-Königshardt"," Oberhausen -> Dortmund",5,"STATIONARY_TRAFFIC","14.300000190734863",2025-05-20,"Beginn: 20.05.25 um 19:41 Uhr  Angespannte Verkehrslage, seit 20.05.2025, 19:41 A2: Oberhausen -> Dortmund, zwischen 0.6 km hinter AK Oberhausen und 0.2 km vor AS Oberhausen-Königshardt  Im Stillstand Reisezeitverlust: 5 Minuten Durchschnittsgeschwindigkeit: 14 km/h",51.5386298801034,6.84331017434262
"A2","undefined--vi-avl.2025-05-20_19-42-30-000.f_003.de0","51.5386298801034,6.843310174342619,51.5386298801034,6.843310174342619","51.5386298801034,6.843310174342619","WARNING","A2 | Oberhausen-Königshardt - Oberhausen-Königshardt"," Oberhausen -> Dortmund",NA,"STATIONARY_TRAFFIC","6",2025-05-20,"Beginn: 20.05.25 um 21:02 Uhr  Angespannte Verkehrslage, seit 20.05.2025, 21:02 A2: Oberhausen -> Dortmund, 1.8 km vor AS Oberhausen-Königshardt, aus Richtung Oberhausen  Im Stillstand Durchschnittsgeschwindigkeit: 6 km/h",51.5386298801034,6.84331017434262
"A2","undefined--vi-avl.2025-05-20_21-02-00-000.f_002.de0","51.703934661746075,7.977514697922565,51.703934661746075,7.977514697922565","51.703934661746075,7.977514697922565","WARNING","A2 | Hamm-Uentrop - Hamm-Uentrop"," Hannover -> Dortmund",NA,"STATIONARY_TRAFFIC","25",2025-05-20,"Beginn: 20.05.25 um 21:02 Uhr  Angespannte Verkehrslage, seit 20.05.2025, 21:02 A2: Hannover -> Dortmund, 1.2 km vor AS Hamm-Uentrop, aus Richtung Stettin  Im Stillstand Durchschnittsgeschwindigkeit: 25 km/h",51.7039346617461,7.97751469792257
"A2","undefined--vi-avl.2025-05-20_19-31-00-000.f_003.de0","51.70367594415997,7.977391943773673,51.6891252793013,7.962543369921006","51.70367594415997,7.977391943773673","WARNING","A2 | Stettin - Im Großen Klei"," Hannover -> Dortmund",2,"STATIONARY_TRAFFIC","31.200000762939453",2025-05-20,"Beginn: 20.05.25 um 19:31 Uhr  Angespannte Verkehrslage, seit 20.05.2025, 19:31 A2: Hannover -> Dortmund, zwischen 2.2 km hinter Stettin und 2.8 km vor Im Großen Klei  Im Stillstand Reisezeitverlust: 2 Minuten Durchschnittsgeschwindigkeit: 31 km/h",51.70367594416,7.97739194377367
"A2","undefined--vi-avl.2025-05-20_19-47-30-000.f_002.de0","52.215746603362,9.1776537534938,52.215746603362,9.1776537534938","52.215746603362,9.1776537534938","WARNING","A2 | Bernser Kirchweg - Bernser Kirchweg"," Hannover -> Dortmund",NA,"STATIONARY_TRAFFIC","19",2025-05-20,"Beginn: 20.05.25 um 21:02 Uhr  Angespannte Verkehrslage, seit 20.05.2025, 21:02 A2: Hannover -> Dortmund, 0.7 km vor Bernser Kirchweg, aus Richtung Auetal Nord  Im Stillstand Durchschnittsgeschwindigkeit: 19 km/h",52.215746603362,9.1776537534938
"A2","undefined--vi-avl.2025-05-20_10-45-52-000.f_002.de0","52.21574310507088,9.177712023702483,52.22056690008746,9.132269629085807","52.21574310507088,9.177712023702483","WARNING","A2 | Auetal Nord - Bad Eilsen-Ost"," Hannover -> Dortmund",8,"STATIONARY_TRAFFIC","19.100000381469727",2025-05-20,"Beginn: 20.05.25 um 10:45 Uhr  Angespannte Verkehrslage, seit 20.05.2025, 10:45 A2: Hannover -> Dortmund, zwischen 3.5 km hinter Auetal Nord und 0.5 km vor AS Bad Eilsen-Ost  Im Stillstand Reisezeitverlust: 8 Minuten Durchschnittsgeschwindigkeit: 19 km/h",52.2157431050709,9.17771202370248
"A2","undefined--vi-avl.2025-05-20_21-00-30-000.f_002.de0","52.17782387533369,11.474691899606857,52.16913897636606,11.497683887813665","52.17782387533369,11.474691899606857","WARNING","A2 | Börde - Magdeburg"," Braunschweig -> Magdeburg",0,"SLOW_TRAFFIC","65.5999984741211",2025-05-20,"Beginn: 20.05.25 um 21:00 Uhr  Angespannte Verkehrslage, seit 20.05.2025, 21:00 A2: Braunschweig -> Magdeburg, zwischen 1.7 km hinter Börde und 3.4 km vor AK Magdeburg  Langsamer Verkehr Reisezeitverlust: 0 Minuten Durchschnittsgeschwindigkeit: 65 km/h",52.1778238753337,11.4746918996069
"A2","undefined--vi-avl.2025-05-20_19-54-30-000.f_004.de0","51.535949969525966,6.830368781425779,51.535949969525966,6.830368781425779","51.535949969525966,6.830368781425779","WARNING","Baustelle","",NA,"STATIONARY_TRAFFIC","6",2025-05-20,"Beginn: 20.05.25 um 21:02 Uhr  Angespannte Verkehrslage, seit 20.05.2025, 21:02 A2 O  Im Stillstand Durchschnittsgeschwindigkeit: 6 km/h",51.535949969526,6.83036878142578
"A2","undefined--vi-avl.2025-05-20_19-53-30-000.f.de0","51.535940346415686,6.830344430947085,51.5386298801034,6.843310174342619","51.535940346415686,6.830344430947085","WARNING","Baustelle"," km 473.38 --> km 472.42",5,"STATIONARY_TRAFFIC","9.300000190734863",2025-05-20,"Beginn: 20.05.25 um 19:53 Uhr  Angespannte Verkehrslage, seit 20.05.2025, 19:53 A2: km 473.38 --> km 472.42  Im Stillstand Reisezeitverlust: 5 Minuten Durchschnittsgeschwindigkeit: 9 km/h",51.5359403464157,6.83034443094709
"A3","undefined--vi-avl.2025-05-20_18-52-32-000.f_007.de0","48.77814183421468,13.02748717565696,48.78853523646746,13.00993189462108","48.77814183421468,13.02748717565696","WARNING","A3 | Hengersberg - Isarblick"," Passau -> Nürnberg",0,"SLOW_TRAFFIC","60.70000076293945",2025-05-20,"Beginn: 20.05.25 um 18:52 Uhr  Angespannte Verkehrslage, seit 20.05.2025, 18:52 A3: Passau -> Nürnberg, zwischen 1.3 km hinter AS Hengersberg und 2.9 km vor Isarblick  Langsamer Verkehr Reisezeitverlust: 0 Minuten Durchschnittsgeschwindigkeit: 60 km/h",48.7781418342147,13.027487175657
"A3","undefined--vi-hind.2025-05-20_21-00-00-000.f_001.de0","48.994841700945166,12.128425900030098,48.990638884599335,12.069012769548563","48.994841700945166,12.128425900030098","WARNING","A3 | Regensburg-Burgweinting - Regensburg"," Passau -> Nürnberg",NA,NA,NA,2025-05-20,"Beginn: 20.05.25 um 21:00 Uhr  Hindernis, seit 20.05.2025, 21:00 A3: Passau -> Nürnberg, zwischen 0.4 km hinter AS Regensburg-Burgweinting und 0.6 km vor AK Regensburg  Gefahr durch Gegenstände auf der Fahrbahn",48.9948417009452,12.1284259000301
"A3","undefined--vi-avl.2025-05-20_21-00-00-000.f.de0","49.77653293848041,10.454653402199172,49.77094150712897,10.467787413813948","49.77653293848041,10.454653402199172","WARNING","A3 | Schloßacker - Geiselwind"," Würzburg -> Nürnberg",0,"SLOW_TRAFFIC","50.79999923706055",2025-05-20,"Beginn: 20.05.25 um 21:00 Uhr  Angespannte Verkehrslage, seit 20.05.2025, 21:00 A3: Würzburg -> Nürnberg, zwischen 0.4 km hinter Schloßacker und 0.6 km vor AS Geiselwind  Langsamer Verkehr Reisezeitverlust: 0 Minuten Durchschnittsgeschwindigkeit: 50 km/h",49.7765329384804,10.4546534021992
"A3","undefined--vi-zus.2025-03-30_06-00-00-000.f_008.de0","49.77000503830521,10.473610371969711,49.7308237481855,10.677460832914587","49.77000503830521,10.473610371969711","WARNING","A3 | Schloßacker - Schwarze Föhre"," Würzburg -> Nürnberg",NA,NA,NA,2025-03-30,"Beginn: 30.03.25 um 06:00 Uhr  Zusammengesetzte Verkehrsinformation, seit 30.03.2025, 06:00 A3: Würzburg -> Nürnberg, zwischen 2.0 km hinter Schloßacker und 0.2 km vor Schwarze Föhre  Gefahr durch Gegenstände auf der Fahrbahn  A3 Würzburg Richtung Nürnberg zwischen Wiesentheid und Geiselwind Gefahr durch Gegenstände (Reifenteile) auf der Fahrbahn, rechter Fahrstreifen blockiert",49.7700050383052,10.4736103719697
"A3","undefined--vi-hind.2025-05-20_19-51-34-000.f_004.de0","50.047445636157526,8.54648614525933,50.05317640409056,8.596461903569121","50.047445636157526,8.54648614525933","WARNING","A3 | Kelsterbach - Frankfurter Kreuz"," Köln -> Frankfurt",NA,NA,NA,2025-05-20,"Beginn: 20.05.25 um 19:51 Uhr  Fahrzeug-Hindernis, seit 20.05.2025, 19:51 A3: Köln -> Frankfurt, zwischen 0.2 km hinter AS Kelsterbach und 0.6 km vor AK Frankfurter Kreuz Gefahr durch ein defektes Fahrzeug auf der Fahrbahn",50.0474456361575,8.54648614525933
"A3","undefined--vi-hind.2025-05-20_20-09-00-000.f_004.de0","50.69011590093787,7.2706713999983075,50.69011590093787,7.2706713999983075","50.69011590093787,7.2706713999983075","WARNING","A3 | Bonn/Siegburg - Siebengebirge"," Köln -> Frankfurt",NA,NA,NA,2025-05-20,"Beginn: 20.05.25 um 20:09 Uhr  Hindernis, seit 20.05.2025, 20:09 A3: Köln -> Frankfurt, zwischen 10.6 km hinter AK Bonn/Siegburg und 0.5 km vor AS Siebengebirge  Gefahr durch Gegenstände auf der Fahrbahn",50.6901159009379,7.27067139999831
"A3","undefined--vi-avl.2025-05-20_20-46-30-000.f_001.de0","51.15718532601309,6.9631086510035045,51.15718532601309,6.9631086510035045","51.15718532601309,6.9631086510035045","WARNING","A3 | Solingen - Solingen"," Oberhausen -> Köln",NA,"STATIONARY_TRAFFIC","16",2025-05-20,"Beginn: 20.05.25 um 21:02 Uhr  Angespannte Verkehrslage, seit 20.05.2025, 21:02 A3: Oberhausen -> Köln, 4.2 km vor AS Solingen, aus Richtung Ohligser Heide  Im Stillstand Durchschnittsgeschwindigkeit: 16 km/h",51.1571853260131,6.9631086510035
"A3","undefined--vi-avl.2025-05-20_20-38-00-000.f_001.de0","51.157282321508966,6.963033556565461,51.123898200935564,6.978046999996868","51.157282321508966,6.963033556565461","WARNING","A3 | Ohligser Heide - Solingen"," Oberhausen -> Köln",11,"STATIONARY_TRAFFIC","16.5",2025-05-20,"Beginn: 20.05.25 um 20:38 Uhr  Angespannte Verkehrslage, seit 20.05.2025, 20:38 A3: Oberhausen -> Köln, zwischen 0.1 km hinter Ohligser Heide und 0.3 km vor AS Solingen  Im Stillstand Reisezeitverlust: 11 Minuten Durchschnittsgeschwindigkeit: 16 km/h",51.157282321509,6.96303355656546
"A4","undefined--vi-zus.2025-05-20_21-00-00-000.f.de0","50.88752839517368,6.93453116223861,50.89335145347855,6.9208980638316575","50.88752839517368,6.93453116223861","WARNING","A4 | Köln-Süd - Köln-Klettenberg"," Köln -> Heerlen/Aachen",0,"SLOW_TRAFFIC","50.099998474121094",2025-05-20,"Beginn: 20.05.25 um 21:00 Uhr  Zusammengesetzte Verkehrsinformation, seit 20.05.2025, 21:00 A4: Köln -> Heerlen/Aachen, zwischen 2.5 km hinter AK Köln-Süd und 1.0 km vor AS Köln-Klettenberg  Langsamer Verkehr Reisezeitverlust: 0 Minuten Durchschnittsgeschwindigkeit: 50 km/h",50.8875283951737,6.93453116223861
"A6","undefined--vi-avl.2025-05-20_20-51-32-000.f_001.de0","49.207748500944284,6.965285999996396,49.209395464162725,6.968455057440338","49.207748500944284,6.965285999996396","WARNING","A6 | Saarbrücken Autobahn - Saarbrücken Goldene Bremm"," Metz/Saarbrücken -> Kaiserslautern",0,"QUEUING_TRAFFIC","26.899999618530273",2025-05-20,"Beginn: 20.05.25 um 20:51 Uhr  Angespannte Verkehrslage, seit 20.05.2025, 20:51 A6: Metz/Saarbrücken -> Kaiserslautern, zwischen 0.1 km hinter Saarbrücken Autobahn und 0.3 km vor AS Saarbrücken Goldene Bremm  Stockender Verkehr Reisezeitverlust: 0 Minuten Durchschnittsgeschwindigkeit: 26 km/h",49.2077485009443,6.9652859999964
"A6","undefined--vi-avl.2025-05-20_20-51-32-000.f_006.de0","49.207748500944284,6.965285999996396,49.207748500944284,6.965285999996396","49.207748500944284,6.965285999996396","WARNING","A6 | Goldene Bremm - Goldene Bremm"," Metz/Saarbrücken -> Kaiserslautern",NA,"QUEUING_TRAFFIC","14",2025-05-20,"Beginn: 20.05.25 um 20:57 Uhr  Angespannte Verkehrslage, seit 20.05.2025, 20:57 A6: Metz/Saarbrücken -> Kaiserslautern, 0.2 km vor Goldene Bremm, aus Richtung Saarbrücken Autobahn  Stockender Verkehr Durchschnittsgeschwindigkeit: 14 km/h",49.2077485009443,6.9652859999964
"A6","undefined--vi-hind.2025-05-20_20-09-00-000.f_003.de0","49.21152990094426,9.072320200000012,49.18684520480663,9.195242698743506","49.21152990094426,9.072320200000012","WARNING","A6 | Bauernwald - Heilbronn/Untereisesheim"," Mannheim -> Heilbronn",NA,NA,NA,2025-05-20,"Beginn: 20.05.25 um 20:09 Uhr  Fahrzeug-Hindernis, seit 20.05.2025, 20:09 A6: Mannheim -> Heilbronn, zwischen 7.4 km hinter Bauernwald und 0.5 km vor AS Heilbronn/Untereisesheim",49.2115299009443,9.07232020000001
"A6","undefined--vi-avl.2025-05-20_20-58-00-000.f.de0","49.30131264099162,10.753872883505705,49.291841787642895,10.735509603771376","49.30131264099162,10.753872883505705","WARNING","A6 | Lerchenbuck - Lichtenau"," Nürnberg -> Heilbronn",0,"SLOW_TRAFFIC","64.5",2025-05-20,"Beginn: 20.05.25 um 20:58 Uhr  Angespannte Verkehrslage, seit 20.05.2025, 20:58 A6: Nürnberg -> Heilbronn, zwischen 0.7 km hinter Lerchenbuck und 1.8 km vor AS Lichtenau  Langsamer Verkehr Reisezeitverlust: 0 Minuten Durchschnittsgeschwindigkeit: 64 km/h",49.3013126409916,10.7538728835057
"A7","undefined--vi-zus.2025-05-13_04-57-00-000.f_003.de0","47.595412441892016,10.656244234565428,47.62654678358412,10.642572056942274","47.595412441892016,10.656244234565428","WARNING","A7 | Füssen - Nesselwang"," Füssen/Reutte -> Ulm",NA,NA,NA,2025-05-13,"Beginn: 13.05.25 um 04:57 Uhr  Zusammengesetzte Verkehrsinformation, seit 13.05.2025, 04:57 A7: Füssen/Reutte -> Ulm, zwischen 2.5 km hinter AS Füssen und 9.1 km vor AS Nesselwang  A7 Füssen/Reutte Richtung Ulm zwischen Reinertshoftunnel und Nesselwang Verkehr wird über die Gegenfahrbahn geleitet, Baustelle, von 16.05.2025 05:00 Uhr bis 18.07.2025 15:00 Uhr",47.595412441892,10.6562442345654
"A7","undefined--vi-avl.2025-05-20_20-40-31-000.f.de0","47.628415534869234,10.607041027652894,47.62897650788365,10.590412815612023","47.628415534869234,10.607041027652894","WARNING","A7 | Reinertshofertunnel - Nesselwang"," Füssen/Reutte -> Ulm",0,"SLOW_TRAFFIC","62.400001525878906",2025-05-20,"Beginn: 20.05.25 um 20:42 Uhr  Angespannte Verkehrslage, seit 20.05.2025, 20:42 A7: Füssen/Reutte -> Ulm, zwischen 6.8 km hinter Reinertshofertunnel und 5.1 km vor AS Nesselwang  Langsamer Verkehr Reisezeitverlust: 0 Minuten Durchschnittsgeschwindigkeit: 62 km/h",47.6284155348692,10.6070410276529
"A7","undefined--vi-zus.2025-03-31_00-40-00-000.f_018.de0","53.579141433849884,9.913430072127355,53.55636870091902,9.897540700000414","53.579141433849884,9.913430072127355","WARNING","A7 | Hamburg-Volkspark - Elbtunnel (Nordportal)"," Flensburg -> Hamburg",NA,NA,NA,2025-03-31,"Beginn: 31.03.25 um 00:40 Uhr  Zusammengesetzte Verkehrsinformation, seit 31.03.2025, 00:40 A7: Flensburg -> Hamburg, zwischen 0.4 km hinter AS Hamburg-Volkspark und 0.9 km vor Elbtunnel (Nordportal)  A7 Flensburg Richtung Hamburg Ausfahrt Hamburg-Othmarschen Fahrbahnverengung, maximale Fahrbahnbreite von 4,50 m, Bauarbeiten, bis 29.09.2025",53.5791414338499,9.91343007212735
"A7","undefined--vi-avl.2025-05-20_20-59-30-000.f_003.de0","53.725098646667675,9.939773354234168,53.73445075064001,9.943573874523459","53.725098646667675,9.939773354234168","WARNING","A7 | Holmmoor - Quickborn"," Hamburg -> Flensburg",1,"STATIONARY_TRAFFIC","32.70000076293945",2025-05-20,"Beginn: 20.05.25 um 20:59 Uhr  Angespannte Verkehrslage, seit 20.05.2025, 20:59 A7: Hamburg -> Flensburg, zwischen 0.8 km hinter Holmmoor und 1.1 km vor AS Quickborn  Im Stillstand Reisezeitverlust: 1 Minuten Durchschnittsgeschwindigkeit: 32 km/h",53.7250986466677,9.93977335423417
"A8","undefined--vi-zus.2025-03-26_17-59-56-000.f_013.de0","49.32575278791285,7.172731755291576,49.327350714671546,7.213275819282444","49.32575278791285,7.172731755291576","WARNING","A8 | Neunkirchen/Spiesen - Kohlhof"," Saarlouis -> Neunkirchen",NA,NA,NA,2025-03-26,"Beginn: 26.03.25 um 17:59 Uhr  Zusammengesetzte Verkehrsinformation, seit 26.03.2025, 17:59 A8: Saarlouis -> Neunkirchen, zwischen 1.5 km hinter AS Neunkirchen/Spiesen und 1.0 km vor Kohlhof  A8 Saarlouis - Neunkirchen zwischen Neunkirchen-Spiesen und Neunkirchen-Oberstadt in beiden Richtungen Bauarbeiten, bis voraussichtlich 01.06.2025",49.3257527879128,7.17273175529158
"A8","undefined--vi-zus.2025-05-14_09-26-56-000.f.de0","49.32628400979037,7.229641516813452,49.329166750017514,7.1882642393148934","49.32628400979037,7.229641516813452","WARNING","A8 | Neunkirchen-Wellesweiler - Neunkirchen/Spiesen"," Neunkirchen -> Saarlouis",NA,NA,NA,2025-05-14,"Beginn: 14.05.25 um 09:26 Uhr  Zusammengesetzte Verkehrsinformation, seit 14.05.2025, 09:26 A8: Neunkirchen -> Saarlouis, zwischen 0.4 km hinter AS Neunkirchen-Wellesweiler und 2.7 km vor AS Neunkirchen/Spiesen  A8 Saarlouis - Neunkirchen zwischen Neunkirchen-Spiesen und Neunkirchen-Oberstadt in beiden Richtungen Bauarbeiten, bis voraussichtlich 01.06.2025",49.3262840097904,7.22964151681345
"A8","undefined--vi-avl.2025-05-20_20-01-30-000.f_002.de0","48.88449425697122,8.787682830937294,48.86548047692167,8.792136645405796","48.88449425697122,8.787682830937294","WARNING","A8 | Pforzheim - Heimsheim"," Karlsruhe -> Stuttgart",6,"STATIONARY_TRAFFIC","16.200000762939453",2025-05-20,"Beginn: 20.05.25 um 20:01 Uhr  Angespannte Verkehrslage, seit 20.05.2025, 20:01 A8: Karlsruhe -> Stuttgart, zwischen 2.8 km hinter Pforzheim und 7.4 km vor AS Heimsheim  Im Stillstand Reisezeitverlust: 6 Minuten Durchschnittsgeschwindigkeit: 16 km/h",48.8844942569712,8.78768283093729
"A8","undefined--vi-avl.2025-05-20_20-12-30-000.f_001.de0","48.88444051918694,8.787690489535217,48.88444051918694,8.787690489535217","48.88444051918694,8.787690489535217","WARNING","A8 | Pforzheim-Süd - Pforzheim-Süd"," Karlsruhe -> Stuttgart",NA,"STATIONARY_TRAFFIC","9",2025-05-20,"Beginn: 20.05.25 um 21:02 Uhr  Angespannte Verkehrslage, seit 20.05.2025, 21:02 A8: Karlsruhe -> Stuttgart, 0.6 km vor AS Pforzheim-Süd, aus Richtung Pforzheim  Im Stillstand Durchschnittsgeschwindigkeit: 9 km/h",48.8844405191869,8.78769048953522
"A8","undefined--vi-avl.2025-05-20_20-20-30-000.f_004.de0","48.6434397096508,9.426463938956115,48.63387442294947,9.445099664289735","48.6434397096508,9.426463938956115","WARNING","A8 | Im Rübholz - Kirchheim (Teck)-Ost"," Stuttgart -> München",4,"STATIONARY_TRAFFIC","21.299999237060547",2025-05-20,"Beginn: 20.05.25 um 20:20 Uhr  Angespannte Verkehrslage, seit 20.05.2025, 20:20 A8: Stuttgart -> München, zwischen 2.4 km hinter Im Rübholz und 0.8 km vor AS Kirchheim (Teck)-Ost  Im Stillstand Reisezeitverlust: 4 Minuten Durchschnittsgeschwindigkeit: 21 km/h",48.6434397096508,9.42646393895611
"A8","undefined--vi-avl.2025-05-20_20-41-30-000.f_005.de0","48.64337129734436,9.426589952890456,48.64337129734436,9.426589952890456","48.64337129734436,9.426589952890456","WARNING","A8 | Kirchheim (Teck)-West - Kirchheim (Teck)-West"," Stuttgart -> München",NA,"STATIONARY_TRAFFIC","21",2025-05-20,"Beginn: 20.05.25 um 21:02 Uhr  Angespannte Verkehrslage, seit 20.05.2025, 21:02 A8: Stuttgart -> München, 0.4 km vor AS Kirchheim (Teck)-West, aus Richtung Im Rübholz  Im Stillstand Durchschnittsgeschwindigkeit: 21 km/h",48.6433712973444,9.42658995289046
"A9","undefined--vi-zus.2025-05-20_19-47-05-000.f_001.de0","48.72191062233841,11.47903809069311,48.73830971856012,11.466691363102251","48.72191062233841,11.47903809069311","WARNING","A9 | Neuburg a.d.Donau - Ingolstadt-Süd"," München -> Nürnberg",3,"STATIONARY_TRAFFIC","26.399999618530273",2025-05-20,"Beginn: 20.05.25 um 19:47 Uhr  Zusammengesetzte Verkehrsinformation, seit 20.05.2025, 19:47 A9: München -> Nürnberg, zwischen 1.1 km hinter AS Neuburg a.d.Donau und 1.5 km vor AS Ingolstadt-Süd  Im Stillstand Reisezeitverlust: 3 Minuten Durchschnittsgeschwindigkeit: 26 km/h",48.7219106223384,11.4790380906931
"A9","undefined--vi-avl.2025-05-20_20-39-30-000.f.de0","48.72191062233841,11.47903809069311,48.72191062233841,11.47903809069311","48.72191062233841,11.47903809069311","WARNING","A9 | Ingolstadt-Süd - Ingolstadt-Süd"," München -> Nürnberg",NA,"STATIONARY_TRAFFIC","26",2025-05-20,"Beginn: 20.05.25 um 21:02 Uhr  Angespannte Verkehrslage, seit 20.05.2025, 21:02 A9: München -> Nürnberg, 3.6 km vor AS Ingolstadt-Süd, aus Richtung Neuburg a.d.Donau  Im Stillstand Durchschnittsgeschwindigkeit: 26 km/h",48.7219106223384,11.4790380906931
"A9","undefined--vi-avl.2025-05-20_19-32-05-000.f_004.de0","50.92486867671974,11.839325444619517,50.93997703975021,11.835181273395047","50.92486867671974,11.839325444619517","WARNING","A9 | Bad Klosterlausnitz - Kuhberg"," Nürnberg -> Halle/Leipzig",0,"SLOW_TRAFFIC","69.19999694824219",2025-05-20,"Beginn: 20.05.25 um 19:32 Uhr  Angespannte Verkehrslage, seit 20.05.2025, 19:32 A9: Nürnberg -> Halle/Leipzig, zwischen 1.5 km hinter AS Bad Klosterlausnitz und 3.2 km vor Kuhberg  Langsamer Verkehr Reisezeitverlust: 0 Minuten Durchschnittsgeschwindigkeit: 69 km/h",50.9248686767197,11.8393254446195
"A9","undefined--vi-zus.2025-05-20_20-55-30-000.f_003.de0","51.172633177449384,12.000069761492199,51.110309200935774,11.955754200018148","51.172633177449384,12.000069761492199","WARNING","A9 | Weißenfels - Osterfeld"," Halle/Leipzig -> Nürnberg",NA,NA,NA,2025-05-20,"Beginn: 20.05.25 um 20:55 Uhr  Zusammengesetzte Verkehrsinformation, seit 20.05.2025, 20:55 A9: Halle/Leipzig -> Nürnberg, zwischen 0.5 km hinter AS Weißenfels und 0.5 km vor Osterfeld  Gefahr durch Gegenstände auf der Fahrbahn  A9 Halle/Leipzig Richtung Nürnberg zwischen Weißenfels und Raststätte Osterfeld West Gefahr durch Fahrzeugteile auf dem mittleren Fahrstreifen, fahren Sie bitte besonders vorsichtig auf allen Fahrstreifen, Polizei ist benachrichtigt",51.1726331774494,12.0000697614922
"A9","undefined--vi-avl.2025-05-20_21-02-00-000.f_001.de0","52.27492920579053,12.91100403486725,52.27492920579053,12.91100403486725","52.27492920579053,12.91100403486725","WARNING","A9 | Beelitz-Heilstätten - Beelitz-Heilstätten"," Berlin -> Halle/Leipzig",NA,"STATIONARY_TRAFFIC","9",2025-05-20,"Beginn: 20.05.25 um 21:02 Uhr  Angespannte Verkehrslage, seit 20.05.2025, 21:02 A9: Berlin -> Halle/Leipzig, 0.7 km vor AS Beelitz-Heilstätten, aus Richtung Potsdam  Im Stillstand Durchschnittsgeschwindigkeit: 9 km/h",52.2749292057905,12.9110040348673
"A9","undefined--vi-zus.2025-05-20_20-59-00-000.f_001.de0","52.27492920579053,12.91100403486725,52.270904800929685,12.909623200061853","52.27492920579053,12.91100403486725","WARNING","A9 | Potsdam - Beelitz-Heilstätten"," Berlin -> Halle/Leipzig",1,"STATIONARY_TRAFFIC","13.699999809265137",2025-05-20,"Beginn: 20.05.25 um 20:59 Uhr  Zusammengesetzte Verkehrsinformation, seit 20.05.2025, 20:59 A9: Berlin -> Halle/Leipzig, zwischen 1.7 km hinter AD Potsdam und 0.2 km vor AS Beelitz-Heilstätten  Im Stillstand Reisezeitverlust: 1 Minuten Durchschnittsgeschwindigkeit: 13 km/h",52.2749292057905,12.9110040348673
"A12","undefined--vi-avl.2025-05-20_20-56-00-000.f.de0","52.3155760805876,14.577600847563337,52.314680708111105,14.561546427138259","52.3155760805876,14.577600847563337","WARNING","A12 | Frankfurt(Oder) - Frankfurt(Oder)-Mitte"," Frankfurt(Oder) -> Berliner Ring",3,"SLOW_TRAFFIC","9.699999809265137",2025-05-20,"Beginn: 20.05.25 um 20:56 Uhr  Angespannte Verkehrslage, seit 20.05.2025, 20:56 A12: Frankfurt(Oder) -> Berliner Ring, zwischen Frankfurt(Oder) und 2.9 km vor AS Frankfurt(Oder)-Mitte  Langsamer Verkehr Reisezeitverlust: 3 Minuten Durchschnittsgeschwindigkeit: 9 km/h",52.3155760805876,14.5776008475633
"A12","WarnungA10Lkw3","47.61802931631098,12.202336027754352,47.61802931631098,12.202336027754352","47.61802931631098,12.202336027754352","WARNING","E45/E60 | LKW Blockabfertigung | A12-Inntal Autobahn","Richtung Italien",NA,NA,NA,2025-01-11,"Zeitraum: Beginn: 07.01.2025 Ende: 09.12.2025  Hinweis für LKW-Reisende nach Österreich: LKW-Blockabfertigungen an ausgewählten Tagen für Lkw am Grenzübergang Kufstein/Kiefersfelden. Maximaler Durchlass von 300 LKWs pro Stunde  Die genauen Ausführungszeiten und weitere Informationen auf tirol.gv.at/verkehr/verkehrs-und-seilbahnrecht/lkw-dosierung.",47.618029316311,12.2023360277544
"A12","WarnungA10Lkw2","47.6164490154047,12.202382557672273,47.6164490154047,12.202382557672273","47.6164490154047,12.202382557672273","WARNING","E43/E45/E60 | A13-Brenner Autobahn","Richtung Italien",NA,NA,NA,2025-01-11,"Zeitraum: Beginn: 11.01.2025 Ende: 27.09.2025  Hinweis für LKW-Reisende nach Österreich: LKW-Fahrverbot auf der A12-Inntal Autobahn, A13-Brenner Autobahn und A14-Rheintal/Walgau Autobahn, wenn das Ziel der Fahrt der Anschlussstelle Nößlach bis Anschlussstelle Brenner Nord der Richtungsfahrbahn Staatsgrenze der A 13 Brenner Autobahn erreicht werden soll. An ausgewählten Samstagen 7-15 Uhr sowie weiteren Tagen im Zeitraum 11.01. - 27.09.2025 Weitere Informationen auf http://asfinag.at/a13",47.6164490154047,12.2023825576723
"A14","undefined--vi-zus.2025-05-20_17-25-09-000.f_008.de0","52.33012570092819,11.618452800008985,52.29028243523017,11.624471119086898","52.33012570092819,11.618452800008985","WARNING","A14 | Colbitz - Wolmirstedt"," Colbitz -> Wolmirstedt",NA,NA,NA,2025-05-20,"Beginn: 20.05.25 um 17:25 Uhr  Zusammengesetzte Verkehrsinformation, seit 20.05.2025, 17:25 A14: Colbitz -> Wolmirstedt, zwischen 0.3 km hinter AS Colbitz und 0.2 km vor AS Wolmirstedt  Gefahr durch Gegenstände auf der Fahrbahn  A14 Colbitz Richtung Wolmirstedt zwischen Colbitz und Ausfahrt B189, Wolmirstedt Gefahr durch Gegenstände auf der Fahrbahn, Polizei ist benachrichtigt, bitte vorsichtig fahren",52.3301257009282,11.618452800009
"A15","undefined--vi-avl.2025-05-20_20-24-00-000.f.de0","51.707436229347316,14.409662913357797,51.708048454237684,14.437492311535769","51.707436229347316,14.409662913357797","WARNING","A15 | Cottbus-Süd - Roggosen"," Cottbus -> Breslau",0,"SLOW_TRAFFIC","70.30000305175781",2025-05-20,"Beginn: 20.05.25 um 20:24 Uhr  Angespannte Verkehrslage, seit 20.05.2025, 20:24 A15: Cottbus -> Breslau, zwischen 4.4 km hinter AS Cottbus-Süd und 2.0 km vor AS Roggosen  Langsamer Verkehr Reisezeitverlust: 0 Minuten Durchschnittsgeschwindigkeit: 70 km/h",51.7074362293473,14.4096629133578
"A31","undefined--vi-avl.2025-05-20_20-57-30-000.f_001.de0","52.12457448113637,7.0876802850983385,52.135204668878565,7.089545887266201","52.12457448113637,7.0876802850983385","WARNING","A31 | Heek - Gronau/Ochtrup"," Oberhausen -> Gronau",0,"SLOW_TRAFFIC","73.19999694824219",2025-05-20,"Beginn: 20.05.25 um 20:57 Uhr  Angespannte Verkehrslage, seit 20.05.2025, 20:57 A31: Oberhausen -> Gronau, zwischen 0.7 km hinter AS Heek und 6.6 km vor AS Gronau/Ochtrup  Langsamer Verkehr Reisezeitverlust: 0 Minuten Durchschnittsgeschwindigkeit: 73 km/h",52.1245744811364,7.08768028509834
"A37","undefined--vi-zus.2025-05-20_10-04-05-000.f_002.de0","52.442156462690335,9.933442989087833,52.436581812162494,9.913211841333315","52.442156462690335,9.933442989087833","WARNING","A37 | Beinhorn - Hannover-Kirchhorst"," Celle -> Hannover",NA,NA,NA,2025-05-20,"Beginn: 20.05.25 um 10:04 Uhr  Zusammengesetzte Verkehrsinformation, seit 20.05.2025, 10:04 B3: Celle -> Hannover, zwischen 0.4 km hinter AS Beinhorn und 2.1 km vor AK Hannover-Kirchhorst  A37 Messe - Burgdorf
zwischen Kreuz Hannover-Buchholz und Beinhorn
in beiden Richtungen geänderte Verkehrsführung im Baustellenbereich, Bauarbeiten, bis 30.10.2026 ca. 18:00 Uhr",52.4421564626903,9.93344298908783
"A37","undefined--vi-zus.2025-05-20_10-04-05-000.f_003.de0","52.42566547847685,9.880479425875153,52.44102213295518,9.93161290421946","52.42566547847685,9.880479425875153","WARNING","Baustelle"," km 22.62 --> km 26.54",NA,NA,NA,2025-05-20,"Beginn: 20.05.25 um 10:04 Uhr  Zusammengesetzte Verkehrsinformation, seit 20.05.2025, 10:04 A37: km 22.62 --> km 26.54  A37 Messe - Burgdorf
zwischen Kreuz Hannover-Buchholz und Beinhorn
in beiden Richtungen geänderte Verkehrsführung im Baustellenbereich, Bauarbeiten, bis 30.10.2026 ca. 18:00 Uhr",52.4256654784769,9.88047942587515
"A44","undefined--vi-avl.2025-05-20_19-34-00-000.f_001.de0","51.52941222500603,7.811868420847664,51.53323805512703,7.854588665975875","51.52941222500603,7.811868420847664","WARNING","A44 | Buchenhain - Am Haarstrang"," Dortmund -> Kassel",4,"STATIONARY_TRAFFIC","31.899999618530273",2025-05-20,"Beginn: 20.05.25 um 19:34 Uhr  Angespannte Verkehrslage, seit 20.05.2025, 19:34 A44: Dortmund -> Kassel, zwischen 1.4 km hinter Buchenhain und 0.4 km vor Am Haarstrang  Im Stillstand Reisezeitverlust: 4 Minuten Durchschnittsgeschwindigkeit: 31 km/h",51.529412225006,7.81186842084766
"A44","undefined--vi-avl.2025-05-20_20-44-30-000.f_003.de0","51.52925388714179,8.904230378228357,51.538735987696114,8.84621064787934","51.52925388714179,8.904230378228357","WARNING","A44 | Marsberg - Lichtenau (Westf.)"," Kassel -> Dortmund",1,"SLOW_TRAFFIC","69.9000015258789",2025-05-20,"Beginn: 20.05.25 um 20:44 Uhr  Angespannte Verkehrslage, seit 20.05.2025, 20:44 A44: Kassel -> Dortmund, zwischen 4.3 km hinter AS Marsberg und 0.5 km vor AS Lichtenau (Westf.)  Langsamer Verkehr Reisezeitverlust: 1 Minuten Durchschnittsgeschwindigkeit: 69 km/h",51.5292538871418,8.90423037822836
"A45","undefined--vi-avl.2025-05-20_21-01-30-000.f.de0","50.52598354161783,8.62548323049924,50.522937390185454,8.64282413345327","50.52598354161783,8.62548323049924","WARNING","A45 | Pfaffenpfad - Hardtwald"," Gießen -> Aschaffenburg",0,"SLOW_TRAFFIC","65.0999984741211",2025-05-20,"Beginn: 20.05.25 um 21:01 Uhr  Angespannte Verkehrslage, seit 20.05.2025, 21:01 A45: Gießen -> Aschaffenburg, zwischen 0.5 km hinter Pfaffenpfad und 3.1 km vor Hardtwald  Langsamer Verkehr Reisezeitverlust: 0 Minuten Durchschnittsgeschwindigkeit: 65 km/h",50.5259835416178,8.62548323049924
"A45","undefined--vi-avl.2025-05-20_21-00-30-000.f_003.de0","51.09823586881045,7.677082316629509,51.08752049730378,7.688568958888647","51.09823586881045,7.677082316629509","WARNING","A45 | Meinerzhagen - Neuenschmiede"," Hagen -> Gießen",0,"SLOW_TRAFFIC","66.30000305175781",2025-05-20,"Beginn: 20.05.25 um 21:00 Uhr  Angespannte Verkehrslage, seit 20.05.2025, 21:00 A45: Hagen -> Gießen, zwischen 0.5 km hinter AS Meinerzhagen und 1.2 km vor Neuenschmiede  Langsamer Verkehr Reisezeitverlust: 0 Minuten Durchschnittsgeschwindigkeit: 66 km/h",51.0982358688104,7.67708231662951
"A45","undefined--vi-avl.2025-05-20_21-02-00-000.f_003.de0","51.265786955274,7.602143614471555,51.265786955274,7.602143614471555","51.265786955274,7.602143614471555","WARNING","A45 | Lüdenscheid-Nord - Lüdenscheid-Nord"," Hagen -> Gießen",NA,"STATIONARY_TRAFFIC","7",2025-05-20,"Beginn: 20.05.25 um 21:02 Uhr  Angespannte Verkehrslage, seit 20.05.2025, 21:02 A45: Hagen -> Gießen, 1.1 km vor AS Lüdenscheid-Nord, aus Richtung Sterbecker Siepen  Im Stillstand Durchschnittsgeschwindigkeit: 7 km/h",51.265786955274,7.60214361447156
"A45","undefined--vi-avl.2025-05-20_21-01-00-000.f.de0","51.265786955274,7.602143614471555,51.263860400934774,7.60281269999918","51.265786955274,7.602143614471555","WARNING","A45 | Sterbecker Siepen - Lüdenscheid-Nord"," Hagen -> Gießen",1,"STATIONARY_TRAFFIC","11.300000190734863",2025-05-20,"Beginn: 20.05.25 um 21:01 Uhr  Angespannte Verkehrslage, seit 20.05.2025, 21:01 A45: Hagen -> Gießen, zwischen 0.2 km hinter Sterbecker Siepen und 0.8 km vor AS Lüdenscheid-Nord  Im Stillstand Reisezeitverlust: 1 Minuten Durchschnittsgeschwindigkeit: 11 km/h",51.265786955274,7.60214361447156
"A46","undefined--vi-hind.2025-05-20_20-48-00-000.f_003.de0","51.13118518162024,6.60633304625516,51.139772500935514,6.616848599993514","51.13118518162024,6.60633304625516","WARNING","A46 | Vierwinden - Neuss-Holzheim"," Heinsberg -> Düsseldorf",NA,NA,NA,2025-05-20,"Beginn: 20.05.25 um 20:48 Uhr  Hindernis, seit 20.05.2025, 20:48 A46: Heinsberg -> Düsseldorf, zwischen 0.4 km hinter Vierwinden und 3.6 km vor AS Neuss-Holzheim  Gefahr durch Personen auf der Fahrbahn",51.1311851816202,6.60633304625516
"A46","undefined--vi-hind.2025-05-20_20-48-00-000.f_002.de0","51.14021614913094,6.617169875238843,51.13145160093554,6.606406699993373","51.14021614913094,6.617169875238843","WARNING","A46 | Neuss-Holzheim - Vierwinden"," Düsseldorf -> Heinsberg",NA,NA,NA,2025-05-20,"Beginn: 20.05.25 um 20:48 Uhr  Hindernis, seit 20.05.2025, 20:48 A46: Düsseldorf -> Heinsberg, zwischen 3.6 km hinter AS Neuss-Holzheim und 0.4 km vor Vierwinden  Gefahr durch Personen auf der Fahrbahn",51.1402161491309,6.61716987523884
"A46","undefined--vi-avl.2025-05-20_20-40-00-000.f.de0","51.190982902100515,6.779313482299566,51.19029943352791,6.827034915169552","51.190982902100515,6.779313482299566","WARNING","A46 | Fleher Brücke - Düsseldorf-Holthausen"," Heinsberg -> Wuppertal",3,"SLOW_TRAFFIC","33.400001525878906",2025-05-20,"Beginn: 20.05.25 um 20:40 Uhr  Angespannte Verkehrslage, seit 20.05.2025, 20:40 A46: Heinsberg -> Wuppertal, zwischen 0.7 km hinter Fleher Brücke und 1.2 km vor AS Düsseldorf-Holthausen  Langsamer Verkehr Reisezeitverlust: 3 Minuten Durchschnittsgeschwindigkeit: 33 km/h",51.1909829021005,6.77931348229957
"A57","undefined--vi-hind.2025-05-20_20-41-30-000.f.de0","51.48901980740992,6.57641500502338,51.48901980740992,6.57641500502338","51.48901980740992,6.57641500502338","WARNING","A57 | Kamp-Lintfort - Dong"," Nimwegen -> Krefeld",NA,NA,NA,2025-05-20,"Beginn: 20.05.25 um 20:41 Uhr  Fahrzeug-Hindernis, seit 20.05.2025, 20:41 A57: Nimwegen -> Krefeld, zwischen 0.9 km hinter AS Kamp-Lintfort und 1.9 km vor Dong Gefahr durch ein defektes Fahrzeug auf der Fahrbahn",51.4890198074099,6.57641500502338
"A60","undefined--vi-zus.2025-04-08_08-51-21-000.f_013.de0","49.98125533976677,8.345695317688524,49.97565770865279,8.441396718063045","49.98125533976677,8.345695317688524","WARNING","A60 | Mainspitz-Dreieck - Rüsselsheimer Dreieck"," Mainz -> Rüsselsheim",NA,NA,NA,2025-04-08,"Beginn: 08.04.25 um 08:51 Uhr  Zusammengesetzte Verkehrsinformation, seit 08.04.2025, 08:51 A60: Mainz -> Rüsselsheim, zwischen 0.5 km hinter AD Mainspitz-Dreieck und 2.2 km vor AD Rüsselsheimer Dreieck  Sperrung der A60 bei Königstädten – Grundhafte Fahrbahnerneuerung zwischen dem Rüsselsheimer Dreieck und dem Mainspitz Dreieck. Die Niederlassung West der Autobahn GmbH erneuert zwischen dem Rüsselsheimer Dreieck (30) und dem Mainspitz Dreieck (26) die Fahrbahn. Von Donnerstagmorgen (24. April) bis Mitte Juli wird die Anschlussstelle (AS) Königstädten (29) in Fahrtrichtung (FR) Mainz sowie in FR Rüsselsheimer Dreieck gesperrt. Umleitungsmöglichkeiten sind ausgeschildert: • Ausfahrt FR Mainz: Umleitung via AS Rüsselsheim-Mitte • Einfahrt FR Mainz: innerstädtische Umleitung zur AS Rüsselsheim-Mitte (Adam-Opel-Straße / Kurt-Schumacher-Ring), von Nauheim kommend via L3482 zur AS Bischofsheim • Einfahrt FR Darmstadt: innerstädtische Umleitung zur AS Rüsselsheim-Mitte (Adam-Opel-Straße / Kurt-Schumacher-Ring) Die Autobahn GmbH bittet alle Verkehrsteilnehmer um Verständnis für die unvermeidlichen Verkehrsbehinderungen, die durch die Arbeiten entstehen.",49.9812553397668,8.34569531768852
"A60","undefined--vi-zus.2025-05-03_10-55-00-000.f_003.de0","49.977457399447445,8.454646346787307,49.981587265039146,8.34517285786785","49.977457399447445,8.454646346787307","WARNING","A60 | Rüsselsheimer Dreieck - Mainspitz-Dreieck"," Rüsselsheim -> Mainz",NA,NA,NA,2025-05-03,"Beginn: 03.05.25 um 10:55 Uhr  Zusammengesetzte Verkehrsinformation, seit 03.05.2025, 10:55 A60: Rüsselsheim -> Mainz, zwischen 0.6 km hinter AD Rüsselsheimer Dreieck und 0.5 km vor AD Mainspitz-Dreieck  Sperrung der A60 bei Königstädten – Grundhafte Fahrbahnerneuerung zwischen dem Rüsselsheimer Dreieck und dem Mainspitz Dreieck. Die Niederlassung West der Autobahn GmbH erneuert zwischen dem Rüsselsheimer Dreieck (30) und dem Mainspitz Dreieck (26) die Fahrbahn. Von Donnerstagmorgen (24. April) bis Mitte Juli wird die Anschlussstelle (AS) Königstädten (29) in Fahrtrichtung (FR) Mainz sowie in FR Rüsselsheimer Dreieck gesperrt. Umleitungsmöglichkeiten sind ausgeschildert: • Ausfahrt FR Mainz: Umleitung via AS Rüsselsheim-Mitte • Einfahrt FR Mainz: innerstädtische Umleitung zur AS Rüsselsheim-Mitte (Adam-Opel-Straße / Kurt-Schumacher-Ring), von Nauheim kommend via L3482 zur AS Bischofsheim • Einfahrt FR Darmstadt: innerstädtische Umleitung zur AS Rüsselsheim-Mitte (Adam-Opel-Straße / Kurt-Schumacher-Ring) Die Autobahn GmbH bittet alle Verkehrsteilnehmer um Verständnis für die unvermeidlichen Verkehrsbehinderungen, die durch die Arbeiten entstehen.",49.9774573994474,8.45464634678731
"A61","undefined--vi-hind.2025-05-20_20-38-00-000.f.de0","49.774403100942095,8.110747499999738,49.77298148566972,8.111089537235191","49.774403100942095,8.110747499999738","WARNING","A61 | Alzey - Alzey"," Koblenz -> Ludwigshafen",NA,NA,NA,2025-05-20,"Beginn: 20.05.25 um 20:38 Uhr  Hindernis, seit 20.05.2025, 20:38 A61: Koblenz -> Ludwigshafen, zwischen 0.1 km hinter AK Alzey und 2.8 km vor AS Alzey  Gefahr durch Gegenstände auf der Fahrbahn",49.7744031009421,8.11074749999974
"A61","undefined--vi-avl.2025-05-20_20-54-00-000.f.de0","50.010547449429424,7.680978959620304,50.000191500941135,7.682614199999335","50.010547449429424,7.680978959620304","WARNING","A61 | Struth - Rheinböllen"," Koblenz -> Ludwigshafen",0,"SLOW_TRAFFIC","63.400001525878906",2025-05-20,"Beginn: 20.05.25 um 20:54 Uhr  Angespannte Verkehrslage, seit 20.05.2025, 20:54 A61: Koblenz -> Ludwigshafen, zwischen 4.0 km hinter Struth und 0.3 km vor AS Rheinböllen  Langsamer Verkehr Reisezeitverlust: 0 Minuten Durchschnittsgeschwindigkeit: 63 km/h",50.0105474494294,7.6809789596203
"A67","undefined--vi-zus.2025-05-20_20-50-00-000.f.de0","49.79660469126647,8.567701945320687,49.8249845049146,8.586772111021187","49.79660469126647,8.567701945320687","WARNING","A67 | Gernsheim - Darmstädter Kreuz"," Mannheim -> Darmstadt",1,"SLOW_TRAFFIC","64.9000015258789",2025-05-20,"Beginn: 20.05.25 um 20:50 Uhr  Zusammengesetzte Verkehrsinformation, seit 20.05.2025, 20:50 A67: Mannheim -> Darmstadt, zwischen 6.2 km hinter AS Gernsheim und 3.8 km vor AK Darmstädter Kreuz  Langsamer Verkehr Reisezeitverlust: 1 Minuten Durchschnittsgeschwindigkeit: 64 km/h",49.7966046912665,8.56770194532069
"A67","undefined--vi-avl.2025-05-20_19-56-00-000.f.de0","50.00131539433271,8.47906467439713,50.00947095647988,8.491748527071154","50.00131539433271,8.47906467439713","WARNING","A67 | Rüsselsheim-Ost - Mönchhof-Dreieck"," Darmstadt -> Mönchhof-Dreieck",0,"SLOW_TRAFFIC","55.29999923706055",2025-05-20,"Beginn: 20.05.25 um 19:56 Uhr  Angespannte Verkehrslage, seit 20.05.2025, 19:56 A67: Darmstadt -> Mönchhof-Dreieck, zwischen 1.5 km hinter AS Rüsselsheim-Ost und 2.1 km vor AD Mönchhof-Dreieck  Langsamer Verkehr Reisezeitverlust: 0 Minuten Durchschnittsgeschwindigkeit: 55 km/h",50.0013153943327,8.47906467439713
"A70","undefined--vi-zus.2025-05-20_20-47-00-000.f.de0","50.03180603951559,11.469985613155455,50.03907789729726,11.49010779970209","50.03180603951559,11.469985613155455","WARNING","A70 | Thurnau-Ost - Kulmbach/Neudrossenfeld"," Bamberg -> Bayreuth",0,"SLOW_TRAFFIC","71.0999984741211",2025-05-20,"Beginn: 20.05.25 um 20:47 Uhr  Zusammengesetzte Verkehrsinformation, seit 20.05.2025, 20:47 A70: Bamberg -> Bayreuth, zwischen 4.5 km hinter AS Thurnau-Ost und AS Kulmbach/Neudrossenfeld  Langsamer Verkehr Reisezeitverlust: 0 Minuten Durchschnittsgeschwindigkeit: 71 km/h",50.0318060395156,11.4699856131555
"A81","undefined--vi-avl.2025-05-20_21-02-00-000.f.de0","48.952817525270675,9.208560222627925,48.959189753230746,9.217923759275829","48.952817525270675,9.208560222627925","WARNING","A81 | Ludwigsburg-Nord - Pleidelsheim"," Stuttgart -> Heilbronn",0,"SLOW_TRAFFIC","57.20000076293945",2025-05-20,"Beginn: 20.05.25 um 21:02 Uhr  Angespannte Verkehrslage, seit 20.05.2025, 21:02 A81: Stuttgart -> Heilbronn, zwischen 5.4 km hinter AS Ludwigsburg-Nord und AS Pleidelsheim  Langsamer Verkehr Reisezeitverlust: 0 Minuten Durchschnittsgeschwindigkeit: 57 km/h",48.9528175252707,9.20856022262793
"A93","undefined--vi-zus.2025-05-20_20-55-30-000.f_004.de0","48.597218439781784,11.635961793276206,48.62920620094619,11.703723200014831","48.597218439781784,11.635961793276206","WARNING","A93 | Wolnzach - Oberempfenbach"," Holledau -> Regensburg",NA,NA,NA,2025-05-20,"Beginn: 20.05.25 um 20:55 Uhr  Zusammengesetzte Verkehrsinformation, seit 20.05.2025, 20:55 A93: Holledau -> Regensburg, zwischen 0.4 km hinter AS Wolnzach und 3.0 km vor Oberempfenbach  Gefahr durch Gegenstände auf der Fahrbahn  A93 Holledau Richtung Regensburg zwischen Wolnzach und Ausfahrt Mainburg Gefahr durch Gegenstände auf der Fahrbahn, defekter LKW",48.5972184397818,11.6359617932762
"A96","undefined--vi-zus.2025-05-05_23-21-00-000.f.de0","48.029334951696036,10.464231760023,48.032507613258616,10.445182045778411","48.029334951696036,10.464231760023","WARNING","A96 | Mindelheim - Stetten"," München -> Lindau",NA,NA,NA,2025-05-05,"Beginn: 05.05.25 um 23:21 Uhr  Zusammengesetzte Verkehrsinformation, seit 05.05.2025, 23:21 A96: München -> Lindau, zwischen 3.6 km hinter AS Mindelheim und 0.3 km vor AS Stetten  A96, Lindau - München, in beiden Richtungen, zwischen Anschlussstelle Stetten und Anschlussstelle Mindelheim, Brückenarbeiten, von 05.05.2025 bis 30.10.2025",48.029334951696,10.464231760023
"A96","undefined--vi-avl.2025-05-20_19-48-30-000.f.de0","48.02970680094772,10.668610600001585,48.026838611863106,10.683271039735942","48.02970680094772,10.668610600001585","WARNING","A96 | Wertachtal - Buchloe-West"," Lindau -> München",0,"SLOW_TRAFFIC","58",2025-05-20,"Beginn: 20.05.25 um 20:28 Uhr  Angespannte Verkehrslage, seit 20.05.2025, 20:28 A96: Lindau -> München, zwischen 1.0 km hinter Wertachtal und 2.0 km vor AS Buchloe-West  Langsamer Verkehr Reisezeitverlust: 0 Minuten Durchschnittsgeschwindigkeit: 58 km/h",48.0297068009477,10.6686106000016
"A96","undefined--vi-avl.2025-05-20_20-47-00-000.f_001.de0","48.04081402150407,10.62910137150104,48.04095488707309,10.608412611887456","48.04081402150407,10.62910137150104","WARNING","A96 | Wertachtal - Mindelheim"," München -> Lindau",0,"SLOW_TRAFFIC","64.69999694824219",2025-05-20,"Beginn: 20.05.25 um 20:47 Uhr  Angespannte Verkehrslage, seit 20.05.2025, 20:47 A96: München -> Lindau, zwischen 2.2 km hinter Wertachtal und 7.6 km vor AS Mindelheim  Langsamer Verkehr Reisezeitverlust: 0 Minuten Durchschnittsgeschwindigkeit: 64 km/h",48.0408140215041,10.629101371501
"A113","undefined--vi-zus.2025-05-06_00-21-00-000.f_003.de0","52.43025717661688,13.505075428607936,52.42875800093087,13.509218300121121","52.43025717661688,13.505075428607936","WARNING","A113 | Stubenrauchstraße - Adlershof"," Neukölln -> Schönefeld",NA,NA,NA,2025-05-06,"Beginn: 06.05.25 um 00:21 Uhr  Zusammengesetzte Verkehrsinformation, seit 06.05.2025, 00:21 A113: Neukölln -> Schönefeld, zwischen 0.6 km hinter AS Stubenrauchstraße und 0.3 km vor AS Adlershof  A113 Autobahnzubringer Dresden, Neukölln Richtung Schönefeld
zwischen Stubenrauchstraße und Tunnel Rudower Höhe
linker Fahrstreifen gesperrt, Bauarbeiten, bis voraussichtlich 20.06.2025",52.4302571766169,13.5050754286079
"A115","undefined--vi-zus.2024-10-09_07-09-40-000.f_531.de0","52.40027056808641,13.185163736426698,52.44227384698058,13.202709435405149","52.40027056808641,13.185163736426698","WARNING","A115 | Am Stern - Hüttenweg"," Dreieck Nuthetal -> Dreieck Funkturm",NA,NA,NA,2024-10-09,"Beginn: 09.10.24 um 07:09 Uhr  Zusammengesetzte Verkehrsinformation, seit 09.10.2024, 07:09 A115: Dreieck Nuthetal -> Dreieck Funkturm, zwischen 2.9 km hinter Am Stern und 3.8 km vor AS Hüttenweg  A115 Autobahnzubringer Magdeburg, Dreieck Nuthetal Richtung Dreieck Funkturm, zwischen Anschlussstelle Kleinmachnow und Anschlussstelle Spanische Allee, Baustelle, bis 31.10.2026 17:00 Uhr",52.4002705680864,13.1851637364267
"A565","undefined--vi-avl.2025-05-20_20-57-30-000.f.de0","50.746481500937584,7.074071999997405,50.746481500937584,7.074071999997405","50.746481500937584,7.074071999997405","WARNING","A565 | Bonn-Nord - Bonn-Nord"," Bonn -> Meckenheim",NA,"STATIONARY_TRAFFIC","14",2025-05-20,"Beginn: 20.05.25 um 21:02 Uhr  Angespannte Verkehrslage, seit 20.05.2025, 21:02 A565: Bonn -> Meckenheim, in Höhe AK Bonn-Nord, aus Richtung Bonn-Auerberg  Im Stillstand Durchschnittsgeschwindigkeit: 14 km/h",50.7464815009376,7.0740719999974
"A565","undefined--vi-avl.2025-05-20_20-56-00-000.f_001.de0","50.746481500937584,7.074071999997405,50.724715300937675,7.0825187999974375","50.746481500937584,7.074071999997405","WARNING","A565 | Bonn-Auerberg - Bonn-Poppelsdorf"," Bonn -> Meckenheim",9,"STATIONARY_TRAFFIC","14.399999618530273",2025-05-20,"Beginn: 20.05.25 um 20:56 Uhr  Angespannte Verkehrslage, seit 20.05.2025, 20:56 A565: Bonn -> Meckenheim, zwischen 1.3 km hinter AS Bonn-Auerberg und AS Bonn-Poppelsdorf  Im Stillstand Reisezeitverlust: 9 Minuten Durchschnittsgeschwindigkeit: 14 km/h",50.7464815009376,7.0740719999974
