"road","identifier","extent","point","display_type","title","subtitle","delay_minutes","abnormalTrafficType","averageSpeed","startTimestamp","description","latitude","longitude"
"A1","undefined--vi-hind.2025-05-20_04-53-00-000.f_001.de0","50.850890200937066,6.804111099995431,50.88929550093685,6.816727499995567","50.850890200937066,6.804111099995431","WARNING","A1 | Hürth - Frechen"," Euskirchen -> Köln",NA,NA,NA,2025-05-20,"Beginn: 20.05.25 um 04:53 Uhr  Hindernis, seit 20.05.2025, 04:53 A1: Euskirchen -> Köln, zwischen 0.3 km hinter AS Hürth und 4.2 km vor AS Frechen  Gefahr durch Gegenstände auf der Fahrbahn",50.8508902009371,6.80411109999543
"A1","undefined--vi-zus.2025-05-20_04-33-00-000.f.de0","53.49978174695046,10.038675969306349,53.50940433013769,10.052243098548736","53.49978174695046,10.038675969306349","WARNING","A1 | Hamburg-Stillhorn - Norderelbbrücke"," Bremen -> Lübeck",0,"SLOW_TRAFFIC","52",2025-05-20,"Beginn: 20.05.25 um 04:33 Uhr  Zusammengesetzte Verkehrsinformation, seit 20.05.2025, 04:33 A1: Bremen -> Lübeck, zwischen 2.0 km hinter Hamburg-Stillhorn und 0.5 km vor Norderelbbrücke  Langsamer Verkehr Reisezeitverlust: 0 Minuten Durchschnittsgeschwindigkeit: 52 km/h",53.4997817469505,10.0386759693063
"A2","undefined--vi-avl.2025-05-20_04-48-30-000.f_002.de0","52.219711219820084,9.14538546601056,52.220674737464236,9.08216293504486","52.219711219820084,9.14538546601056","WARNING","A2 | Bernser Kirchweg - Papenbrink"," Hannover -> Dortmund",3,"SLOW_TRAFFIC","46.599998474121094",2025-05-20,"Beginn: 20.05.25 um 04:48 Uhr  Angespannte Verkehrslage, seit 20.05.2025, 04:48 A2: Hannover -> Dortmund, zwischen 1.5 km hinter Bernser Kirchweg und 1.9 km vor Papenbrink  Langsamer Verkehr Reisezeitverlust: 3 Minuten Durchschnittsgeschwindigkeit: 46 km/h",52.2197112198201,9.14538546601056
"A3","undefined--vi-zus.2025-05-20_02-37-00-000.f.de0","49.75341609288454,9.945829367489692,49.74829745483156,9.885820526039888","49.75341609288454,9.945829367489692","WARNING","A3 | Würzburg - Würzburg/Kist"," Nürnberg -> Frankfurt",4,"QUEUING_TRAFFIC","42.20000076293945",2025-05-20,"Beginn: 20.05.25 um 02:37 Uhr  Zusammengesetzte Verkehrsinformation, seit 20.05.2025, 02:37 A3: Nürnberg -> Frankfurt, zwischen 1.3 km hinter Würzburg und 3.0 km vor AS Würzburg/Kist  Stockender Verkehr Reisezeitverlust: 4 Minuten Durchschnittsgeschwindigkeit: 42 km/h",49.7534160928845,9.94582936748969
"A3","undefined--vi-avl.2025-05-20_05-02-30-000.f_002.de0","49.753454596081895,9.945970027916518,49.753454596081895,9.945970027916518","49.753454596081895,9.945970027916518","WARNING","A3 | Würzburg-Heidingsfeld - Würzburg-Heidingsfeld"," Würzburg -> Frankfurt",NA,"QUEUING_TRAFFIC","18",2025-05-20,"Beginn: 20.05.25 um 05:02 Uhr  Angespannte Verkehrslage, seit 20.05.2025, 05:02 A3: Würzburg -> Frankfurt, 1.3 km vor AS Würzburg-Heidingsfeld, aus Richtung Würzburg  Stockender Verkehr Durchschnittsgeschwindigkeit: 18 km/h",49.7534545960819,9.94597002791652
"A4","undefined--vi-avl.2025-05-20_05-02-00-000.f_002.de0","50.84117979930545,9.616068633955074,50.84001886461578,9.599055044815634","50.84117979930545,9.616068633955074","WARNING","A4 | Bad Hersfeld - Kirchheimer Dreieck"," Erfurt -> Bad Hersfeld",0,"SLOW_TRAFFIC","66.69999694824219",2025-05-20,"Beginn: 20.05.25 um 05:02 Uhr  Angespannte Verkehrslage, seit 20.05.2025, 05:02 A4: Erfurt -> Bad Hersfeld, zwischen 8.0 km hinter AS Bad Hersfeld und 1.0 km vor AD Kirchheimer Dreieck  Langsamer Verkehr Reisezeitverlust: 0 Minuten Durchschnittsgeschwindigkeit: 66 km/h",50.8411797993055,9.61606863395507
"A4","undefined--vi-avl.2025-05-20_05-02-00-000.f.de0","50.846180869730524,9.665618885404463,50.84851300826289,9.636860436264271","50.846180869730524,9.665618885404463","WARNING","A4 | Bad Hersfeld - Kirchheimer Dreieck"," Erfurt -> Bad Hersfeld",1,"SLOW_TRAFFIC","59.099998474121094",2025-05-20,"Beginn: 20.05.25 um 05:02 Uhr  Angespannte Verkehrslage, seit 20.05.2025, 05:02 A4: Erfurt -> Bad Hersfeld, zwischen 4.2 km hinter AS Bad Hersfeld und 4.0 km vor AD Kirchheimer Dreieck  Langsamer Verkehr Reisezeitverlust: 1 Minuten Durchschnittsgeschwindigkeit: 59 km/h",50.8461808697305,9.66561888540446
"A4","undefined--vi-unf.2025-05-20_02-49-00-000.f_007.de0","50.86840860093703,11.775785400013696,50.878805109067876,11.83421261450875","50.86840860093703,11.775785400013696","WARNING","A4 | Rodablick - Hermsdorfer Kreuz"," Erfurt -> Chemnitz",NA,NA,NA,2025-05-20,"Beginn: 20.05.25 um 02:49 Uhr  Unfall, seit 20.05.2025, 02:49 A4: Erfurt -> Chemnitz, zwischen 4.9 km hinter Rodablick und 0.9 km vor AK Hermsdorfer Kreuz",50.868408600937,11.7757854000137
"A4","undefined--vi-zus.2025-05-20_04-11-30-000.f.de0","50.86577245957215,11.76235877766216,50.86840860093703,11.775785400013696","50.86577245957215,11.76235877766216","WARNING","A4 | Rodablick - Stadtroda"," Erfurt -> Chemnitz",1,"STATIONARY_TRAFFIC","32.20000076293945",2025-05-20,"Beginn: 20.05.25 um 04:11 Uhr  Zusammengesetzte Verkehrsinformation, seit 20.05.2025, 04:11 A4: Erfurt -> Chemnitz, zwischen 3.9 km hinter Rodablick und 0.1 km vor AS Stadtroda  Im Stillstand Reisezeitverlust: 1 Minuten Durchschnittsgeschwindigkeit: 32 km/h",50.8657724595721,11.7623587776622
"A4","undefined--vi-avl.2025-05-20_05-02-30-000.f.de0","50.86575929688894,11.762290873651843,50.86575929688894,11.762290873651843","50.86575929688894,11.762290873651843","WARNING","A4 | Stadtroda - Stadtroda"," Erfurt -> Chemnitz",NA,"STATIONARY_TRAFFIC","9",2025-05-20,"Beginn: 20.05.25 um 05:02 Uhr  Angespannte Verkehrslage, seit 20.05.2025, 05:02 A4: Erfurt -> Chemnitz, 1.1 km vor AS Stadtroda, aus Richtung Rodablick  Im Stillstand Durchschnittsgeschwindigkeit: 9 km/h",50.8657592968889,11.7622908736518
"A4","undefined--vi-zus.2025-05-20_02-44-30-000.f_007.de0","50.8687986498719,11.777036560544275,50.868620000937035,11.776126000013715","50.8687986498719,11.777036560544275","WARNING","A4 | Teufelstalschenke - Rodablick"," Chemnitz -> Erfurt",NA,NA,NA,2025-05-20,"Beginn: 20.05.25 um 02:44 Uhr  Zusammengesetzte Verkehrsinformation, seit 20.05.2025, 02:44 A4: Chemnitz -> Erfurt, zwischen 2.7 km hinter Teufelstalschenke und 5.0 km vor Rodablick  Gefahr durch Gegenstände auf der Fahrbahn  A4 Chemnitz Richtung Erfurt zwischen Raststätte Teufelstal Nord und Ausfahrt Stadtroda Gefahr durch Gegenstände auf der Fahrbahn, Unfall Abfahrt AS Stadtroda gesperrt",50.8687986498719,11.7770365605443
"A4","undefined--vi-zus.2025-05-20_04-38-00-000.f_002.de0","51.182253663180205,15.004933209538379,51.18663037132385,14.989837729857847","51.182253663180205,15.004933209538379","WARNING","A4 | Ludwigsdorf - An der Neiße"," Görlitz -> Dresden",2,"SLOW_TRAFFIC","16",2025-05-20,"Beginn: 20.05.25 um 04:38 Uhr  Zusammengesetzte Verkehrsinformation, seit 20.05.2025, 04:38 A4: Görlitz -> Dresden, zwischen 0.3 km hinter Ludwigsdorf und 0.1 km vor An der Neiße  Langsamer Verkehr Reisezeitverlust: 2 Minuten Durchschnittsgeschwindigkeit: 16 km/h",51.1822536631802,15.0049332095384
"A6","undefined--vi-avl.2025-05-20_05-02-00-000.f_001.de0","49.183487465589856,10.073683757594987,49.18353990094435,10.047976800000349","49.183487465589856,10.073683757594987","WARNING","A6 | Bronnholzheim - Reußenberg"," Nürnberg -> Heilbronn",0,"SLOW_TRAFFIC","67.30000305175781",2025-05-20,"Beginn: 20.05.25 um 05:02 Uhr  Angespannte Verkehrslage, seit 20.05.2025, 05:02 A6: Nürnberg -> Heilbronn, zwischen 2.6 km hinter Bronnholzheim und 4.1 km vor Reußenberg  Langsamer Verkehr Reisezeitverlust: 0 Minuten Durchschnittsgeschwindigkeit: 67 km/h",49.1834874655899,10.073683757595
"A6","undefined--vi-avl.2025-05-20_04-58-30-000.f.de0","49.44951513628341,12.112310573060583,49.46499089755751,12.135087513729811","49.44951513628341,12.112310573060583","WARNING","A6 | Stocker Holz - Nabburg-West"," Nürnberg -> Pilsen",1,"SLOW_TRAFFIC","63.70000076293945",2025-05-20,"Beginn: 20.05.25 um 04:58 Uhr  Angespannte Verkehrslage, seit 20.05.2025, 04:58 A6: Nürnberg -> Pilsen, zwischen 2.0 km hinter Stocker Holz und 0.4 km vor AS Nabburg-West  Langsamer Verkehr Reisezeitverlust: 1 Minuten Durchschnittsgeschwindigkeit: 63 km/h",49.4495151362834,12.1123105730606
"A6","undefined--vi-avl.2025-05-20_04-47-30-000.f_002.de0","49.633006435891325,12.468693756600997,49.633006435891325,12.468693756600997","49.633006435891325,12.468693756600997","WARNING","A6 | Ulrichsberg - Ulrichsberg"," Pilsen -> Nürnberg",NA,"QUEUING_TRAFFIC","15",2025-05-20,"Beginn: 20.05.25 um 05:02 Uhr  Angespannte Verkehrslage, seit 20.05.2025, 05:02 A6: Pilsen -> Nürnberg, 1.2 km vor Ulrichsberg, aus Richtung Waidhaus  Stockender Verkehr Durchschnittsgeschwindigkeit: 15 km/h",49.6330064358913,12.468693756601
"A6","undefined--vi-zus.2025-05-20_04-25-00-000.f.de0","49.6330221215349,12.468787561089043,49.62866454858683,12.445011794457438","49.6330221215349,12.468787561089043","WARNING","A6 | Waidhaus - Pleystein"," Pilsen -> Nürnberg",3,"QUEUING_TRAFFIC","24.700000762939453",2025-05-20,"Beginn: 20.05.25 um 04:25 Uhr  Zusammengesetzte Verkehrsinformation, seit 20.05.2025, 04:25 A6: Pilsen -> Nürnberg, zwischen 1.6 km hinter AS Waidhaus und 2.4 km vor AS Pleystein  Stockender Verkehr Reisezeitverlust: 3 Minuten Durchschnittsgeschwindigkeit: 24 km/h",49.6330221215349,12.468787561089
"A7","undefined--vi-zus.2025-05-13_04-57-00-000.f_003.de0","47.595412441892016,10.656244234565428,47.62654678358412,10.642572056942274","47.595412441892016,10.656244234565428","WARNING","A7 | Füssen - Nesselwang"," Füssen/Reutte -> Ulm",NA,NA,NA,2025-05-13,"Beginn: 13.05.25 um 04:57 Uhr  Zusammengesetzte Verkehrsinformation, seit 13.05.2025, 04:57 A7: Füssen/Reutte -> Ulm, zwischen 2.5 km hinter AS Füssen und 9.1 km vor AS Nesselwang  A7 Füssen/Reutte Richtung Ulm zwischen Reinertshoftunnel und Nesselwang Verkehr wird über die Gegenfahrbahn geleitet, Baustelle, von 16.05.2025 05:00 Uhr bis 18.07.2025 15:00 Uhr",47.595412441892,10.6562442345654
"A7","undefined--vi-avl.2025-05-20_05-02-30-000.f_003.de0","49.48489732704188,10.212441168288334,49.48489732704188,10.212441168288334","49.48489732704188,10.212441168288334","WARNING","A7 | Ohrenbach - Ohrenbach"," Würzburg -> Ulm",NA,"QUEUING_TRAFFIC","18",2025-05-20,"Beginn: 20.05.25 um 05:02 Uhr  Angespannte Verkehrslage, seit 20.05.2025, 05:02 A7: Würzburg -> Ulm, in Höhe Ohrenbach, aus Richtung Uffenheim-Langensteinach  Stockender Verkehr Durchschnittsgeschwindigkeit: 18 km/h",49.4848973270419,10.2124411682883
"A7","undefined--vi-avl.2025-05-20_05-02-30-000.f_001.de0","49.48478024318911,10.212686003045233,49.4822646630334,10.218040572709375","49.48478024318911,10.212686003045233","WARNING","A7 | Uffenheim-Langensteinach - Bad Windsheim"," Würzburg -> Ulm",0,"QUEUING_TRAFFIC","35.20000076293945",2025-05-20,"Beginn: 20.05.25 um 05:02 Uhr  Angespannte Verkehrslage, seit 20.05.2025, 05:02 A7: Würzburg -> Ulm, zwischen 3.3 km hinter AS Uffenheim-Langensteinach und 4.6 km vor AS Bad Windsheim  Stockender Verkehr Reisezeitverlust: 0 Minuten Durchschnittsgeschwindigkeit: 35 km/h",49.4847802431891,10.2126860030452
"A7","undefined--vi-hind.2025-05-19_21-45-30-000.f_002.de0","50.197843941338284,9.939406677450647,50.29408126851662,9.850317296512928","50.197843941338284,9.939406677450647","WARNING","A7 | Elfershausen - Bad Brückenau/Wildflecken"," Würzburg -> Fulda",NA,NA,NA,2025-05-19,"Beginn: 19.05.25 um 21:45 Uhr  Hindernis, seit 19.05.2025, 21:45 A7: Würzburg -> Fulda, zwischen 5.4 km hinter Elfershausen und 0.2 km vor AS Bad Brückenau/Wildflecken",50.1978439413383,9.93940667745065
"A7","undefined--vi-hind.2025-05-19_22-10-00-000.f_001.de0","50.19526160094026,9.940670600000306,50.23946453480515,9.875660399375718","50.19526160094026,9.940670600000306","WARNING","A7 | Elfershausen - Veitsbrunn"," Würzburg -> Fulda",NA,NA,NA,2025-05-19,"Beginn: 19.05.25 um 22:10 Uhr  Hindernis, seit 19.05.2025, 22:10 A7: Würzburg -> Fulda, zwischen 5.1 km hinter Elfershausen und Veitsbrunn",50.1952616009403,9.94067060000031
"A7","undefined--vi-avl.2025-05-20_04-35-30-000.f_001.de0","50.96516405856002,9.480216509334568,50.952491170125626,9.508151144240886","50.96516405856002,9.480216509334568","WARNING","A7 | Homberg (Efze) - Fuchsrain"," Kassel -> Fulda",1,"SLOW_TRAFFIC","57.099998474121094",2025-05-20,"Beginn: 20.05.25 um 04:35 Uhr  Angespannte Verkehrslage, seit 20.05.2025, 04:35 A7: Kassel -> Fulda, zwischen 4.6 km hinter AS Homberg (Efze) und 1.9 km vor Fuchsrain  Langsamer Verkehr Reisezeitverlust: 1 Minuten Durchschnittsgeschwindigkeit: 57 km/h",50.96516405856,9.48021650933457
"A7","undefined--vi-zus.2025-03-31_00-40-00-000.f_018.de0","53.579141433849884,9.913430072127355,53.55636870091902,9.897540700000414","53.579141433849884,9.913430072127355","WARNING","A7 | Hamburg-Volkspark - Elbtunnel (Nordportal)"," Flensburg -> Hamburg",NA,NA,NA,2025-03-31,"Beginn: 31.03.25 um 00:40 Uhr  Zusammengesetzte Verkehrsinformation, seit 31.03.2025, 00:40 A7: Flensburg -> Hamburg, zwischen 0.4 km hinter AS Hamburg-Volkspark und 0.9 km vor Elbtunnel (Nordportal)  A7 Flensburg Richtung Hamburg Ausfahrt Hamburg-Othmarschen Fahrbahnverengung, maximale Fahrbahnbreite von 4,50 m, Bauarbeiten, bis 29.09.2025",53.5791414338499,9.91343007212735
"A7","undefined--vi-hind.2025-05-20_02-27-00-000.f_005.de0","54.30057750091275,9.757904900000362,54.21668860091348,9.858213400000423","54.30057750091275,9.757904900000362","WARNING","A7 | Rendsburg - Warder"," Flensburg -> Hamburg",NA,NA,NA,2025-05-20,"Beginn: 20.05.25 um 02:27 Uhr  Hindernis, seit 20.05.2025, 02:27 A7: Flensburg -> Hamburg, zwischen 0.6 km hinter AK Rendsburg und 0.3 km vor AS Warder  Gefahr durch Gegenstände auf der Fahrbahn",54.3005775009128,9.75790490000036
"A8","undefined--vi-avl.2025-05-20_04-55-30-000.f_004.de0","49.48747387716357,6.382442126477456,49.4845195009433,6.4178646999890425","49.48747387716357,6.382442126477456","WARNING","A8 | Perl - Pellinger Berg"," Luxemburg -> Saarlouis",1,"SLOW_TRAFFIC","59.400001525878906",2025-05-20,"Beginn: 20.05.25 um 04:55 Uhr  Angespannte Verkehrslage, seit 20.05.2025, 04:55 A8: Luxemburg -> Saarlouis, zwischen 0.4 km hinter AS Perl und 8.4 km vor Pellinger Berg  Langsamer Verkehr Reisezeitverlust: 1 Minuten Durchschnittsgeschwindigkeit: 59 km/h",49.4874738771636,6.38244212647746
"A8","undefined--vi-zus.2025-03-26_17-59-56-000.f_013.de0","49.32575278791285,7.172731755291576,49.327350714671546,7.213275819282444","49.32575278791285,7.172731755291576","WARNING","A8 | Neunkirchen/Spiesen - Kohlhof"," Saarlouis -> Neunkirchen",NA,NA,NA,2025-03-26,"Beginn: 26.03.25 um 17:59 Uhr  Zusammengesetzte Verkehrsinformation, seit 26.03.2025, 17:59 A8: Saarlouis -> Neunkirchen, zwischen 1.5 km hinter AS Neunkirchen/Spiesen und 1.0 km vor Kohlhof  A8 Saarlouis - Neunkirchen zwischen Neunkirchen-Spiesen und Neunkirchen-Oberstadt in beiden Richtungen Bauarbeiten, bis voraussichtlich 01.06.2025",49.3257527879128,7.17273175529158
"A8","undefined--vi-zus.2025-05-14_09-26-56-000.f.de0","49.32628400979037,7.229641516813452,49.329166750017514,7.1882642393148934","49.32628400979037,7.229641516813452","WARNING","A8 | Neunkirchen-Wellesweiler - Neunkirchen/Spiesen"," Neunkirchen -> Saarlouis",NA,NA,NA,2025-05-14,"Beginn: 14.05.25 um 09:26 Uhr  Zusammengesetzte Verkehrsinformation, seit 14.05.2025, 09:26 A8: Neunkirchen -> Saarlouis, zwischen 0.4 km hinter AS Neunkirchen-Wellesweiler und 2.7 km vor AS Neunkirchen/Spiesen  A8 Saarlouis - Neunkirchen zwischen Neunkirchen-Spiesen und Neunkirchen-Oberstadt in beiden Richtungen Bauarbeiten, bis voraussichtlich 01.06.2025",49.3262840097904,7.22964151681345
"A8","undefined--vi-hind.2025-05-20_04-26-00-000.f_001.de0","48.46424174256089,10.124515834692819,48.46449948153522,10.12192654656275","48.46424174256089,10.124515834692819","WARNING","A8 | Leipheim - Ulm/Elchingen"," München -> Stuttgart",NA,NA,NA,2025-05-20,"Beginn: 20.05.25 um 04:26 Uhr  Fahrzeug-Hindernis, seit 20.05.2025, 04:26 A8: München -> Stuttgart, zwischen 6.9 km hinter AS Leipheim und 0.5 km vor AK Ulm/Elchingen Gefahr durch ein defektes Fahrzeug auf der Fahrbahn",48.4642417425609,10.1245158346928
"A8","undefined--vi-avl.2025-05-20_04-26-00-000.f_007.de0","47.84570646670433,11.867136019047647,47.82688459279367,11.91784532233712","47.84570646670433,11.867136019047647","WARNING","A8 | Seehamer See (West) - Wilparting"," München -> Salzburg",4,"SLOW_TRAFFIC","43.400001525878906",2025-05-20,"Beginn: 20.05.25 um 04:26 Uhr  Angespannte Verkehrslage, seit 20.05.2025, 04:26 A8: München -> Salzburg, zwischen 0.4 km hinter Seehamer See (West) und 0.1 km vor Wilparting  Langsamer Verkehr Reisezeitverlust: 4 Minuten Durchschnittsgeschwindigkeit: 43 km/h",47.8457064667043,11.8671360190476
"A9","undefined--vi-zus.2025-05-20_04-56-30-000.f.de0","49.539511333211834,11.319019152375231,49.56259698461471,11.327103946875033","49.539511333211834,11.319019152375231","WARNING","A9 | Lauf-Hersbruck - Schnaittach"," Nürnberg -> Halle/Leipzig",1,"SLOW_TRAFFIC","58.900001525878906",2025-05-20,"Beginn: 20.05.25 um 04:56 Uhr  Zusammengesetzte Verkehrsinformation, seit 20.05.2025, 04:56 A9: Nürnberg -> Halle/Leipzig, zwischen 2.7 km hinter AS Lauf-Hersbruck und 0.5 km vor AS Schnaittach  Langsamer Verkehr Reisezeitverlust: 1 Minuten Durchschnittsgeschwindigkeit: 58 km/h",49.5395113332118,11.3190191523752
"A9","undefined--vi-hind.2025-05-20_04-33-30-000.f_001.de0","49.51746821813428,11.306001155728646,49.564058400942955,11.328246000006592","49.51746821813428,11.306001155728646","WARNING","A9 | Lauf-Hersbruck - Schnaittach"," Nürnberg -> Halle/Leipzig",NA,NA,NA,2025-05-20,"Beginn: 20.05.25 um 04:33 Uhr  Fahrzeug-Hindernis, seit 20.05.2025, 04:33 A9: Nürnberg -> Halle/Leipzig, zwischen 0.1 km hinter AS Lauf-Hersbruck und 0.3 km vor AS Schnaittach",49.5174682181343,11.3060011557286
"A9","undefined--vi-avl.2025-05-20_04-58-07-000.f.de0","49.9974164445603,11.606813115133681,50.01680320927596,11.60496948168111","49.9974164445603,11.606813115133681","WARNING","A9 | Bayreuth-Nord - Bayreuth/Kulmbach"," Nürnberg -> Halle/Leipzig",0,"SLOW_TRAFFIC","68",2025-05-20,"Beginn: 20.05.25 um 04:58 Uhr  Angespannte Verkehrslage, seit 20.05.2025, 04:58 A9: Nürnberg -> Halle/Leipzig, zwischen 4.2 km hinter AS Bayreuth-Nord und 0.9 km vor AD Bayreuth/Kulmbach  Langsamer Verkehr Reisezeitverlust: 0 Minuten Durchschnittsgeschwindigkeit: 68 km/h",49.9974164445603,11.6068131151337
"A9","undefined--vi-avl.2025-05-20_05-01-30-000.f_004.de0","50.03554651219452,11.608392296565436,50.02393615195495,11.604751083759817","50.03554651219452,11.608392296565436","WARNING","A9 | Bad Berneck/Himmelkron - Bindlacher Berg"," Halle/Leipzig -> Nürnberg",0,"SLOW_TRAFFIC","56.20000076293945",2025-05-20,"Beginn: 20.05.25 um 05:01 Uhr  Angespannte Verkehrslage, seit 20.05.2025, 05:01 A9: Halle/Leipzig -> Nürnberg, zwischen 2.3 km hinter AS Bad Berneck/Himmelkron und 1.0 km vor AS Bindlacher Berg  Langsamer Verkehr Reisezeitverlust: 0 Minuten Durchschnittsgeschwindigkeit: 56 km/h",50.0355465121945,11.6083922965654
"A9","undefined--vi-hind.2025-05-20_04-40-00-000.f_001.de0","51.40270400093421,12.183930000025287,51.42182551578314,12.194928135159659","51.40270400093421,12.183930000025287","WARNING","A9 | Großkugel - Schkeuditzer Kreuz"," Halle/Leipzig -> Berlin",NA,NA,NA,2025-05-20,"Beginn: 20.05.25 um 04:40 Uhr  Fahrzeug-Hindernis, seit 20.05.2025, 04:40 A9: Halle/Leipzig -> Berlin, zwischen 0.3 km hinter AS Großkugel und 0.7 km vor AK Schkeuditzer Kreuz Gefahr durch ein defektes Fahrzeug auf der Fahrbahn",51.4027040009342,12.1839300000253
"A12","undefined--vi-avl.2025-05-20_04-11-30-000.f_004.de0","52.3155760805876,14.577600847563337,52.314680708111105,14.561546427138259","52.3155760805876,14.577600847563337","WARNING","A12 | Frankfurt(Oder) - Frankfurt(Oder)-Mitte"," Frankfurt(Oder) -> Berliner Ring",6,"QUEUING_TRAFFIC","6.699999809265137",2025-05-20,"Beginn: 20.05.25 um 04:11 Uhr  Angespannte Verkehrslage, seit 20.05.2025, 04:11 A12: Frankfurt(Oder) -> Berliner Ring, zwischen Frankfurt(Oder) und 2.9 km vor AS Frankfurt(Oder)-Mitte  Stockender Verkehr Reisezeitverlust: 6 Minuten Durchschnittsgeschwindigkeit: 6 km/h",52.3155760805876,14.5776008475633
"A12","WarnungA10Lkw3","47.61802931631098,12.202336027754352,47.61802931631098,12.202336027754352","47.61802931631098,12.202336027754352","WARNING","E45/E60 | LKW Blockabfertigung | A12-Inntal Autobahn","Richtung Italien",NA,NA,NA,2025-01-11,"Zeitraum: Beginn: 07.01.2025 Ende: 09.12.2025  Hinweis für LKW-Reisende nach Österreich: LKW-Blockabfertigungen an ausgewählten Tagen für Lkw am Grenzübergang Kufstein/Kiefersfelden. Maximaler Durchlass von 300 LKWs pro Stunde  Die genauen Ausführungszeiten und weitere Informationen auf tirol.gv.at/verkehr/verkehrs-und-seilbahnrecht/lkw-dosierung.",47.618029316311,12.2023360277544
"A12","WarnungA10Lkw2","47.6164490154047,12.202382557672273,47.6164490154047,12.202382557672273","47.6164490154047,12.202382557672273","WARNING","E43/E45/E60 | A13-Brenner Autobahn","Richtung Italien",NA,NA,NA,2025-01-11,"Zeitraum: Beginn: 11.01.2025 Ende: 27.09.2025  Hinweis für LKW-Reisende nach Österreich: LKW-Fahrverbot auf der A12-Inntal Autobahn, A13-Brenner Autobahn und A14-Rheintal/Walgau Autobahn, wenn das Ziel der Fahrt der Anschlussstelle Nößlach bis Anschlussstelle Brenner Nord der Richtungsfahrbahn Staatsgrenze der A 13 Brenner Autobahn erreicht werden soll. An ausgewählten Samstagen 7-15 Uhr sowie weiteren Tagen im Zeitraum 11.01. - 27.09.2025 Weitere Informationen auf http://asfinag.at/a13",47.6164490154047,12.2023825576723
"A14","undefined--vi-hind.2025-05-19_17-22-02-000.f_024.de0","53.15945940092222,11.728050100009963,53.15945940092222,11.728050100009963","53.15945940092222,11.728050100009963","WARNING","A14 | Karstädt - Groß Warnow"," Wittenberge -> Schwerin",NA,NA,NA,2025-05-19,"Beginn: 19.05.25 um 17:22 Uhr  Hindernis, seit 19.05.2025, 17:22 A14: Wittenberge -> Schwerin, zwischen 0.4 km hinter AS Karstädt und 10.4 km vor AS Groß Warnow  Gefahr durch Gegenstände auf der Fahrbahn",53.1594594009222,11.72805010001
"A14","undefined--vi-hind.2025-05-19_17-17-30-000.f_023.de0","53.15961128935529,11.72789029312949,53.223319900921695,11.615065400008177","53.15961128935529,11.72789029312949","WARNING","A14 | Karstädt - Meynbach"," Wittenberge -> Schwerin",NA,NA,NA,2025-05-19,"Beginn: 19.05.25 um 17:17 Uhr  Hindernis, seit 19.05.2025, 17:17 A14: Wittenberge -> Schwerin, zwischen 0.4 km hinter AS Karstädt und 1.8 km vor Meynbach  Gefahr durch Gegenstände auf der Fahrbahn",53.1596112893553,11.7278902931295
"A15","undefined--vi-avl.2025-05-20_04-56-00-000.f_001.de0","51.708102064575144,14.40715242245038,51.706832197818336,14.426732276349952","51.708102064575144,14.40715242245038","WARNING","A15 | Cottbus-Süd - Roggosen"," Cottbus -> Breslau",0,"SLOW_TRAFFIC","68.4000015258789",2025-05-20,"Beginn: 20.05.25 um 04:56 Uhr  Angespannte Verkehrslage, seit 20.05.2025, 04:56 A15: Cottbus -> Breslau, zwischen 4.2 km hinter AS Cottbus-Süd und 2.7 km vor AS Roggosen  Langsamer Verkehr Reisezeitverlust: 0 Minuten Durchschnittsgeschwindigkeit: 68 km/h",51.7081020645751,14.4071524224504
"A15","undefined--vi-avl.2025-05-20_05-01-00-000.f.de0","51.708153464115526,14.437484796986057,51.70769559686788,14.40903840183465","51.708153464115526,14.437484796986057","WARNING","A15 | Roggosen - Cottbus-Süd"," Breslau -> Cottbus",0,"SLOW_TRAFFIC","72.0999984741211",2025-05-20,"Beginn: 20.05.25 um 05:01 Uhr  Angespannte Verkehrslage, seit 20.05.2025, 05:01 A15: Breslau -> Cottbus, zwischen 2.0 km hinter AS Roggosen und 4.4 km vor AS Cottbus-Süd  Langsamer Verkehr Reisezeitverlust: 0 Minuten Durchschnittsgeschwindigkeit: 72 km/h",51.7081534641155,14.4374847969861
"A17","undefined--vi-zus.2025-05-20_04-54-00-000.f.de0","50.82026170094333,13.887384300240237,50.82713299600389,13.887562977689061","50.82026170094333,13.887384300240237","WARNING","A17 | Breitenau-Schönwald - Bad Gottleuba"," Prag -> Dresden",0,"QUEUING_TRAFFIC","40",2025-05-20,"Beginn: 20.05.25 um 04:54 Uhr  Zusammengesetzte Verkehrsinformation, seit 20.05.2025, 04:54 A17: Prag -> Dresden, zwischen 4.5 km hinter Breitenau-Schönwald und 0.5 km vor AS Bad Gottleuba  Stockender Verkehr Reisezeitverlust: 0 Minuten Durchschnittsgeschwindigkeit: 40 km/h",50.8202617009433,13.8873843002402
"A40","undefined--vi-avl.2025-05-20_04-59-00-000.f.de0","51.390419004013935,6.284611490879751,51.38710619633409,6.265341390419457","51.390419004013935,6.284611490879751","WARNING","A40 | Wankum - Niederdorf"," Duisburg -> Venlo",0,"SLOW_TRAFFIC","67.19999694824219",2025-05-20,"Beginn: 20.05.25 um 04:59 Uhr  Angespannte Verkehrslage, seit 20.05.2025, 04:59 A40: Duisburg -> Venlo, zwischen 1.2 km hinter AS Wankum und 1.8 km vor AS Niederdorf  Langsamer Verkehr Reisezeitverlust: 0 Minuten Durchschnittsgeschwindigkeit: 67 km/h",51.3904190040139,6.28461149087975
"A43","undefined--vi-avl.2025-05-20_04-35-30-000.f.de0","51.88884689227513,7.367645359987824,51.902360769330265,7.389025264915474","51.88884689227513,7.367645359987824","WARNING","A43 | Karthaus - Nottuln"," Recklinghausen -> Münster",0,"SLOW_TRAFFIC","66.9000015258789",2025-05-20,"Beginn: 20.05.25 um 04:35 Uhr  Angespannte Verkehrslage, seit 20.05.2025, 04:35 A43: Recklinghausen -> Münster, zwischen 1.6 km hinter Karthaus und 1.3 km vor AS Nottuln  Langsamer Verkehr Reisezeitverlust: 0 Minuten Durchschnittsgeschwindigkeit: 66 km/h",51.8888468922751,7.36764535998782
"A44","undefined--vi-avl.2025-05-20_03-56-30-000.f.de0","51.524166360784314,8.91558576836401,51.53524847671271,8.88919965741539","51.524166360784314,8.91558576836401","WARNING","A44 | Marsberg - Blankenrode"," Kassel -> Dortmund",0,"SLOW_TRAFFIC","67.69999694824219",2025-05-20,"Beginn: 20.05.25 um 03:56 Uhr  Angespannte Verkehrslage, seit 20.05.2025, 03:56 A44: Kassel -> Dortmund, zwischen 3.3 km hinter AS Marsberg und 1.3 km vor Blankenrode  Langsamer Verkehr Reisezeitverlust: 0 Minuten Durchschnittsgeschwindigkeit: 67 km/h",51.5241663607843,8.91558576836401
"A57","undefined--vi-avl.2025-05-20_05-02-00-000.f_003.de0","51.65208448359696,6.2023151362947075,51.65386979814838,6.191713228313847","51.65208448359696,6.2023151362947075","WARNING","A57 | Uedem - Goch"," Krefeld -> Nimwegen",1,"STATIONARY_TRAFFIC","33.70000076293945",2025-05-20,"Beginn: 20.05.25 um 05:02 Uhr  Angespannte Verkehrslage, seit 20.05.2025, 05:02 A57: Krefeld -> Nimwegen, zwischen 6.5 km hinter AS Uedem und 0.8 km vor AS Goch  Im Stillstand Reisezeitverlust: 1 Minuten Durchschnittsgeschwindigkeit: 33 km/h",51.652084483597,6.20231513629471
"A57","undefined--vi-avl.2025-05-20_05-02-30-000.f_004.de0","51.652058743949944,6.202483503082906,51.652058743949944,6.202483503082906","51.652058743949944,6.202483503082906","WARNING","A57 | Kalbecker Forst - Kalbecker Forst"," Krefeld -> Nimwegen",NA,"STATIONARY_TRAFFIC","20",2025-05-20,"Beginn: 20.05.25 um 05:02 Uhr  Angespannte Verkehrslage, seit 20.05.2025, 05:02 A57: Krefeld -> Nimwegen, 0.1 km vor Kalbecker Forst, aus Richtung Uedem  Im Stillstand Durchschnittsgeschwindigkeit: 20 km/h",51.6520587439499,6.20248350308291
"A60","undefined--vi-zus.2025-04-08_08-51-21-000.f_013.de0","49.98125533976677,8.345695317688524,49.97565770865279,8.441396718063045","49.98125533976677,8.345695317688524","WARNING","A60 | Mainspitz-Dreieck - Rüsselsheimer Dreieck"," Mainz -> Rüsselsheim",NA,NA,NA,2025-04-08,"Beginn: 08.04.25 um 08:51 Uhr  Zusammengesetzte Verkehrsinformation, seit 08.04.2025, 08:51 A60: Mainz -> Rüsselsheim, zwischen 0.5 km hinter AD Mainspitz-Dreieck und 2.2 km vor AD Rüsselsheimer Dreieck  Sperrung der A60 bei Königstädten – Grundhafte Fahrbahnerneuerung zwischen dem Rüsselsheimer Dreieck und dem Mainspitz Dreieck. Die Niederlassung West der Autobahn GmbH erneuert zwischen dem Rüsselsheimer Dreieck (30) und dem Mainspitz Dreieck (26) die Fahrbahn. Von Donnerstagmorgen (24. April) bis Mitte Juli wird die Anschlussstelle (AS) Königstädten (29) in Fahrtrichtung (FR) Mainz sowie in FR Rüsselsheimer Dreieck gesperrt. Umleitungsmöglichkeiten sind ausgeschildert: • Ausfahrt FR Mainz: Umleitung via AS Rüsselsheim-Mitte • Einfahrt FR Mainz: innerstädtische Umleitung zur AS Rüsselsheim-Mitte (Adam-Opel-Straße / Kurt-Schumacher-Ring), von Nauheim kommend via L3482 zur AS Bischofsheim • Einfahrt FR Darmstadt: innerstädtische Umleitung zur AS Rüsselsheim-Mitte (Adam-Opel-Straße / Kurt-Schumacher-Ring) Die Autobahn GmbH bittet alle Verkehrsteilnehmer um Verständnis für die unvermeidlichen Verkehrsbehinderungen, die durch die Arbeiten entstehen.",49.9812553397668,8.34569531768852
"A60","undefined--vi-zus.2025-05-03_10-55-00-000.f_003.de0","49.977457399447445,8.454646346787307,49.981587265039146,8.34517285786785","49.977457399447445,8.454646346787307","WARNING","A60 | Rüsselsheimer Dreieck - Mainspitz-Dreieck"," Rüsselsheim -> Mainz",NA,NA,NA,2025-05-03,"Beginn: 03.05.25 um 10:55 Uhr  Zusammengesetzte Verkehrsinformation, seit 03.05.2025, 10:55 A60: Rüsselsheim -> Mainz, zwischen 0.6 km hinter AD Rüsselsheimer Dreieck und 0.5 km vor AD Mainspitz-Dreieck  Sperrung der A60 bei Königstädten – Grundhafte Fahrbahnerneuerung zwischen dem Rüsselsheimer Dreieck und dem Mainspitz Dreieck. Die Niederlassung West der Autobahn GmbH erneuert zwischen dem Rüsselsheimer Dreieck (30) und dem Mainspitz Dreieck (26) die Fahrbahn. Von Donnerstagmorgen (24. April) bis Mitte Juli wird die Anschlussstelle (AS) Königstädten (29) in Fahrtrichtung (FR) Mainz sowie in FR Rüsselsheimer Dreieck gesperrt. Umleitungsmöglichkeiten sind ausgeschildert: • Ausfahrt FR Mainz: Umleitung via AS Rüsselsheim-Mitte • Einfahrt FR Mainz: innerstädtische Umleitung zur AS Rüsselsheim-Mitte (Adam-Opel-Straße / Kurt-Schumacher-Ring), von Nauheim kommend via L3482 zur AS Bischofsheim • Einfahrt FR Darmstadt: innerstädtische Umleitung zur AS Rüsselsheim-Mitte (Adam-Opel-Straße / Kurt-Schumacher-Ring) Die Autobahn GmbH bittet alle Verkehrsteilnehmer um Verständnis für die unvermeidlichen Verkehrsbehinderungen, die durch die Arbeiten entstehen.",49.9774573994474,8.45464634678731
"A62","undefined--vi-avl.2025-05-20_04-53-30-000.f_001.de0","49.41574730656412,7.529318532020284,49.42590633314154,7.521511101411588","49.41574730656412,7.529318532020284","WARNING","A62 | Landstuhl - Hütschenhausen"," Pirmasens -> Nonnweiler",0,"SLOW_TRAFFIC","63.70000076293945",2025-05-20,"Beginn: 20.05.25 um 04:53 Uhr  Angespannte Verkehrslage, seit 20.05.2025, 04:53 A62: Pirmasens -> Nonnweiler, zwischen 0.7 km hinter AS Landstuhl und 0.8 km vor AS Hütschenhausen  Langsamer Verkehr Reisezeitverlust: 0 Minuten Durchschnittsgeschwindigkeit: 63 km/h",49.4157473065641,7.52931853202028
"A65","undefined--vi-avl.2025-05-20_05-00-30-000.f.de0","49.38915301297792,8.265535246998065,49.38195950094363,8.249176699999804","49.38915301297792,8.265535246998065","WARNING","A65 | Hochdorf-Assenheim - Deidesheim"," Ludwigshafen -> Landau",0,"SLOW_TRAFFIC","57.5",2025-05-20,"Beginn: 20.05.25 um 05:00 Uhr  Angespannte Verkehrslage, seit 20.05.2025, 05:00 A65: Ludwigshafen -> Landau, zwischen 3.9 km hinter AS Hochdorf-Assenheim und 2.3 km vor AS Deidesheim  Langsamer Verkehr Reisezeitverlust: 0 Minuten Durchschnittsgeschwindigkeit: 57 km/h",49.3891530129779,8.26553524699806
"A70","undefined--vi-avl.2025-05-20_04-56-30-000.f.de0","50.01689879361527,11.38310525660709,50.00951286482983,11.353637377809873","50.01689879361527,11.38310525660709","WARNING","A70 | Thurnau-West - Schirradorf"," Bayreuth -> Bamberg",1,"SLOW_TRAFFIC","61.29999923706055",2025-05-20,"Beginn: 20.05.25 um 04:56 Uhr  Angespannte Verkehrslage, seit 20.05.2025, 04:56 A70: Bayreuth -> Bamberg, zwischen 0.5 km hinter AS Thurnau-West und 2.3 km vor AS Schirradorf  Langsamer Verkehr Reisezeitverlust: 1 Minuten Durchschnittsgeschwindigkeit: 61 km/h",50.0168987936153,11.3831052566071
"A72","undefined--vi-avl.2025-05-20_04-58-30-000.f_001.de0","50.6624395655925,12.512164451560828,50.65067810093853,12.492750400043956","50.6624395655925,12.512164451560828","WARNING","A72 | Zwickau-Ost - Niedercrinitz"," Zwickau -> Plauen",0,"SLOW_TRAFFIC","72.30000305175781",2025-05-20,"Beginn: 20.05.25 um 04:58 Uhr  Angespannte Verkehrslage, seit 20.05.2025, 04:58 A72: Zwickau -> Plauen, zwischen 5.7 km hinter AS Zwickau-Ost und 0.3 km vor Niedercrinitz  Langsamer Verkehr Reisezeitverlust: 0 Minuten Durchschnittsgeschwindigkeit: 72 km/h",50.6624395655925,12.5121644515608
"A73","undefined--vi-avl.2025-05-20_04-58-07-000.f_001.de0","50.30871263617175,10.962857259778586,50.32200883211932,10.949820843707208","50.30871263617175,10.962857259778586","WARNING","A73 | Coburg - Eisfeld-Süd"," Bamberg -> Suhl",0,"SLOW_TRAFFIC","77.80000305175781",2025-05-20,"Beginn: 20.05.25 um 04:58 Uhr  Angespannte Verkehrslage, seit 20.05.2025, 04:58 A73: Bamberg -> Suhl, zwischen 2.8 km hinter AS Coburg und 8.4 km vor AS Eisfeld-Süd  Langsamer Verkehr Reisezeitverlust: 0 Minuten Durchschnittsgeschwindigkeit: 77 km/h",50.3087126361717,10.9628572597786
"A96","undefined--vi-avl.2025-05-20_05-00-00-000.f.de0","48.0331225584307,10.657310176459966,48.02733237577392,10.680846155243835","48.0331225584307,10.657310176459966","WARNING","A96 | Wertachtal - Buchloe-West"," Lindau -> München",0,"SLOW_TRAFFIC","66.30000305175781",2025-05-20,"Beginn: 20.05.25 um 05:00 Uhr  Angespannte Verkehrslage, seit 20.05.2025, 05:00 A96: Lindau -> München, zwischen 0.1 km hinter Wertachtal und 2.2 km vor AS Buchloe-West  Langsamer Verkehr Reisezeitverlust: 0 Minuten Durchschnittsgeschwindigkeit: 66 km/h",48.0331225584307,10.65731017646
"A99","undefined--vi-hind.2025-05-19_21-00-00-000.f.de0","48.22568428554725,11.53753571910202,48.22822000094727,11.582903800012192","48.22568428554725,11.53753571910202","WARNING","A99 | München-Ludwigsfeld - München-Neuherberg"," München-Süd-West -> München-Nord",NA,NA,NA,2025-05-19,"Beginn: 19.05.25 um 21:00 Uhr  Fahrzeug-Hindernis, seit 19.05.2025, 21:00 A99: München-Süd-West -> München-Nord, zwischen 4.4 km hinter AS München-Ludwigsfeld und 0.3 km vor AS München-Neuherberg",48.2256842855473,11.537535719102
"A113","undefined--vi-zus.2025-05-06_00-21-00-000.f_003.de0","52.43025717661688,13.505075428607936,52.42875800093087,13.509218300121121","52.43025717661688,13.505075428607936","WARNING","A113 | Stubenrauchstraße - Adlershof"," Neukölln -> Schönefeld",NA,NA,NA,2025-05-06,"Beginn: 06.05.25 um 00:21 Uhr  Zusammengesetzte Verkehrsinformation, seit 06.05.2025, 00:21 A113: Neukölln -> Schönefeld, zwischen 0.6 km hinter AS Stubenrauchstraße und 0.3 km vor AS Adlershof  A113 Autobahnzubringer Dresden, Neukölln Richtung Schönefeld
zwischen Stubenrauchstraße und Tunnel Rudower Höhe
linker Fahrstreifen gesperrt, Bauarbeiten, bis voraussichtlich 20.06.2025",52.4302571766169,13.5050754286079
"A115","undefined--vi-zus.2024-10-09_07-09-40-000.f_531.de0","52.40027056808641,13.185163736426698,52.44227384698058,13.202709435405149","52.40027056808641,13.185163736426698","WARNING","A115 | Am Stern - Hüttenweg"," Dreieck Nuthetal -> Dreieck Funkturm",NA,NA,NA,2024-10-09,"Beginn: 09.10.24 um 07:09 Uhr  Zusammengesetzte Verkehrsinformation, seit 09.10.2024, 07:09 A115: Dreieck Nuthetal -> Dreieck Funkturm, zwischen 2.9 km hinter Am Stern und 3.8 km vor AS Hüttenweg  A115 Autobahnzubringer Magdeburg, Dreieck Nuthetal Richtung Dreieck Funkturm, zwischen Anschlussstelle Kleinmachnow und Anschlussstelle Spanische Allee, Baustelle, bis 31.10.2026 17:00 Uhr",52.4002705680864,13.1851637364267
"A391","undefined--vi-hind.2025-05-20_03-36-30-000.f_003.de0","52.27911864544913,10.491453847675304,52.27489794016378,10.492353265517814","52.27911864544913,10.491453847675304","WARNING","A391 | Ölper - Braunschweig-Lehndorf"," Braunschweig-Nord -> Braunschweig-Südwest",NA,NA,NA,2025-05-20,"Beginn: 20.05.25 um 03:36 Uhr  Fahrzeug-Hindernis, seit 20.05.2025, 03:36 A391: Braunschweig-Nord -> Braunschweig-Südwest, zwischen 0.5 km hinter AK Ölper und 0.3 km vor AS Braunschweig-Lehndorf Gefahr durch ein defektes Fahrzeug auf der Fahrbahn",52.2791186454491,10.4914538476753
"A659","undefined--vi-hind.2025-05-19_21-37-30-000.f_016.de0","49.54829068021773,8.622241523849889,49.548997000943004,8.631344399999902","49.54829068021773,8.622241523849889","WARNING","A659 | Viernheim - Weinheim B38"," Viernheim -> Weinheim",NA,NA,NA,2025-05-19,"Beginn: 19.05.25 um 21:37 Uhr  Hindernis, seit 19.05.2025, 21:37 A659: Viernheim -> Weinheim, zwischen 1.2 km hinter Viernheim und Weinheim B38",49.5482906802177,8.62224152384989
"A861","undefined--vi-avl.2025-05-20_04-57-00-000.f_001.de0","47.55259570094869,7.757380099999487,47.54904358567713,7.758082053302273","47.55259570094869,7.757380099999487","WARNING","A861 | Rheinfelden-Mitte - Rheinfelden"," Dreieck Hochrhein -> Grenzübergang Rheinfelden",0,"SLOW_TRAFFIC","22.700000762939453",2025-05-20,"Beginn: 20.05.25 um 04:57 Uhr  Angespannte Verkehrslage, seit 20.05.2025, 04:57 A861: Dreieck Hochrhein -> Grenzübergang Rheinfelden, zwischen 1.8 km hinter AS Rheinfelden-Mitte und 0.1 km vor Rheinfelden  Langsamer Verkehr Reisezeitverlust: 0 Minuten Durchschnittsgeschwindigkeit: 22 km/h",47.5525957009487,7.75738009999949
