"road","identifier","extent","point","display_type","title","subtitle","delay_minutes","abnormalTrafficType","averageSpeed","startTimestamp","description","latitude","longitude"
"A1","undefined--vi-hind.2025-05-19_19-54-00-000.f_005.de0","50.67331588614863,6.735201692610461,50.65047740093807,6.722068199994528","50.67331588614863,6.735201692610461","WARNING","A1 | Euskirchen - Wißkirchen"," Köln -> Blankenheim",NA,NA,NA,2025-05-19,"Beginn: 19.05.25 um 19:54 Uhr  Hindernis, seit 19.05.2025, 19:54 A1: Köln -> Blankenheim, zwischen 0.7 km hinter AS Euskirchen und 0.3 km vor AS Wißkirchen  Gefahr durch Gegenstände auf der Fahrbahn",50.6733158861486,6.73520169261046
"A1","undefined--vi-avl.2025-05-19_19-31-30-000.f_005.de0","53.02365954991912,8.812121841260272,53.026565426633645,8.853023177618908","53.02365954991912,8.812121841260272","WARNING","A1 | Bremen/Brinkum - Bremen-Arsten"," Osnabrück -> Bremen",6,"STATIONARY_TRAFFIC","21.299999237060547",2025-05-19,"Beginn: 19.05.25 um 19:31 Uhr  Angespannte Verkehrslage, seit 19.05.2025, 19:31 A1: Osnabrück -> Bremen, zwischen 0.6 km hinter AS Bremen/Brinkum und 0.5 km vor AS Bremen-Arsten  Im Stillstand Reisezeitverlust: 6 Minuten Durchschnittsgeschwindigkeit: 21 km/h",53.0236595499191,8.81212184126027
"A1","undefined--vi-avl.2025-05-19_21-17-30-000.f_003.de0","53.0236582515964,8.812047327624084,53.0236582515964,8.812047327624084","53.0236582515964,8.812047327624084","WARNING","A1 | Krummhörens Kuhlen - Krummhörens Kuhlen"," Osnabrück -> Bremen",NA,"STATIONARY_TRAFFIC","21",2025-05-19,"Beginn: 19.05.25 um 21:32 Uhr  Angespannte Verkehrslage, seit 19.05.2025, 21:32 A1: Osnabrück -> Bremen, 0.8 km vor Krummhörens Kuhlen, aus Richtung Bremen/Brinkum  Im Stillstand Durchschnittsgeschwindigkeit: 21 km/h",53.0236582515964,8.81204732762408
"A2","undefined--vi-avl.2025-05-19_20-00-00-000.f.de0","51.5386298801034,6.843310174342619,51.53887574555629,6.864115930365085","51.5386298801034,6.843310174342619","WARNING","A2 | Oberhausen - Oberhausen-Königshardt"," Oberhausen -> Dortmund",7,"STATIONARY_TRAFFIC","9.899999618530273",2025-05-19,"Beginn: 19.05.25 um 20:00 Uhr  Angespannte Verkehrslage, seit 19.05.2025, 20:00 A2: Oberhausen -> Dortmund, zwischen 0.6 km hinter AK Oberhausen und 0.4 km vor AS Oberhausen-Königshardt  Im Stillstand Reisezeitverlust: 7 Minuten Durchschnittsgeschwindigkeit: 9 km/h",51.5386298801034,6.84331017434262
"A2","undefined--vi-avl.2025-05-19_20-00-30-000.f_003.de0","51.5386298801034,6.843310174342619,51.5386298801034,6.843310174342619","51.5386298801034,6.843310174342619","WARNING","A2 | Oberhausen-Königshardt - Oberhausen-Königshardt"," Oberhausen -> Dortmund",NA,"STATIONARY_TRAFFIC","4",2025-05-19,"Beginn: 19.05.25 um 21:31 Uhr  Angespannte Verkehrslage, seit 19.05.2025, 21:31 A2: Oberhausen -> Dortmund, 1.8 km vor AS Oberhausen-Königshardt, aus Richtung Oberhausen  Im Stillstand Durchschnittsgeschwindigkeit: 4 km/h",51.5386298801034,6.84331017434262
"A2","undefined--vi-hind.2025-05-19_20-28-00-000.f_006.de0","51.578676000932944,7.505967199998997,51.57855901402244,7.5088034970347515","51.578676000932944,7.505967199998997","WARNING","A2 | Dortmund-Nordost - Dortmund-Lanstrop"," Dortmund -> Hannover",NA,NA,NA,2025-05-19,"Beginn: 19.05.25 um 20:28 Uhr  Fahrzeug-Hindernis, seit 19.05.2025, 20:28 A2: Dortmund -> Hannover, zwischen 0.8 km hinter AS Dortmund-Nordost und 2.7 km vor AS Dortmund-Lanstrop Gefahr durch ein defektes Fahrzeug auf der Fahrbahn",51.5786760009329,7.505967199999
"A2","undefined--vi-hind.2025-05-19_20-40-30-000.f_002.de0","52.36347179509063,10.120618224902348,52.33789980092807,10.231437300000621","52.36347179509063,10.120618224902348","WARNING","A2 | Lehrte-Ost - Peine"," Hannover -> Braunschweig",NA,NA,NA,2025-05-19,"Beginn: 19.05.25 um 20:40 Uhr  Hindernis, seit 19.05.2025, 20:40 A2: Hannover -> Braunschweig, zwischen 7.5 km hinter AS Lehrte-Ost und 0.5 km vor AS Peine  Gefahr durch Gegenstände auf der Fahrbahn",52.3634717950906,10.1206182249023
"A2","undefined--vi-hind.2025-05-19_21-16-02-000.f_001.de0","52.32809525098321,10.460811212845535,52.32868281851172,10.4583347536158","52.32809525098321,10.460811212845535","WARNING","A2 | Braunschweig-Hafen - Braunschweig-Watenbüttel"," Braunschweig -> Hannover",NA,NA,NA,2025-05-19,"Beginn: 19.05.25 um 21:16 Uhr  Fahrzeug-Hindernis, seit 19.05.2025, 21:16 A2: Braunschweig -> Hannover, zwischen 0.8 km hinter AS Braunschweig-Hafen und 2.4 km vor AS Braunschweig-Watenbüttel Gefahr durch ein defektes Fahrzeug auf der Fahrbahn",52.3280952509832,10.4608112128455
"A3","undefined--vi-avl.2025-05-19_20-36-00-000.f_002.de0","48.533097798635325,13.400073799659584,48.5457681642275,13.39790650908849","48.533097798635325,13.400073799659584","WARNING","A3 | Rottal-Ost - Hammerbach"," Linz -> Nürnberg",0,"SLOW_TRAFFIC","63.79999923706055",2025-05-19,"Beginn: 19.05.25 um 20:36 Uhr  Angespannte Verkehrslage, seit 19.05.2025, 20:36 A3: Linz -> Nürnberg, zwischen 8.6 km hinter Rottal-Ost und 1.7 km vor Hammerbach  Langsamer Verkehr Reisezeitverlust: 0 Minuten Durchschnittsgeschwindigkeit: 63 km/h",48.5330977986353,13.4000737996596
"A3","undefined--vi-hind.2025-05-19_20-18-30-000.f_003.de0","49.380533400943676,11.343884400006912,49.361355500943716,11.425877200008168","49.380533400943676,11.343884400006912","WARNING","A3 | Altdorf/Burgthann - Eichenäcker"," Nürnberg -> Passau",NA,NA,NA,2025-05-19,"Beginn: 19.05.25 um 20:18 Uhr  Hindernis, seit 19.05.2025, 20:18 A3: Nürnberg -> Passau, zwischen 0.3 km hinter AS Altdorf/Burgthann und 1.0 km vor Eichenäcker  Gefahr durch Gegenstände auf der Fahrbahn",49.3805334009437,11.3438844000069
"A3","undefined--vi-hind.2025-05-19_21-17-00-000.f_001.de0","49.53584951350884,11.039071192889226,49.501380209361976,11.129243728635945","49.53584951350884,11.039071192889226","WARNING","A3 | Erlangen-Tennenlohe - Nürnberg-Nord"," Würzburg -> Nürnberg",NA,NA,NA,2025-05-19,"Beginn: 19.05.25 um 21:17 Uhr  Fahrzeug-Hindernis, seit 19.05.2025, 21:17 A3: Würzburg -> Nürnberg, zwischen 0.7 km hinter AS Erlangen-Tennenlohe und 0.4 km vor AS Nürnberg-Nord Gefahr durch ein defektes Fahrzeug auf der Fahrbahn",49.5358495135088,11.0390711928892
"A3","undefined--vi-hind.2025-05-19_20-35-00-000.f_002.de0","49.81807230094192,9.557897500000147,49.76987810094211,9.58305290000015","49.81807230094192,9.557897500000147","WARNING","A3 | Kohlsberg - Fronberg"," Frankfurt -> Würzburg",NA,NA,NA,2025-05-19,"Beginn: 19.05.25 um 20:35 Uhr  Hindernis, seit 19.05.2025, 20:35 A3: Frankfurt -> Würzburg, zwischen 3.5 km hinter Kohlsberg und 9.9 km vor Fronberg  Gefahr durch eine ungesicherte Unfallstelle",49.8180723009419,9.55789750000015
"A3","undefined--vi-hind.2025-05-19_19-02-05-000.f_008.de0","49.93618220094141,9.347012000000095,49.93587303761145,9.347237728894852","49.93618220094141,9.347012000000095","WARNING","A3 | Weibersbrunn - Rohrbrunn"," Frankfurt -> Würzburg",NA,NA,NA,2025-05-19,"Beginn: 19.05.25 um 19:02 Uhr  Fahrzeug-Hindernis, seit 19.05.2025, 19:02 A3: Frankfurt -> Würzburg, zwischen 0.3 km hinter AS Weibersbrunn und 5.4 km vor AS Rohrbrunn Gefahr durch ein defektes Fahrzeug auf der Fahrbahn",49.9361822009414,9.3470120000001
"A3","undefined--vi-hind.2025-05-19_21-30-00-000.f.de0","50.21995291041542,8.250723892075326,50.218245458433934,8.250322863024623","50.21995291041542,8.250723892075326","WARNING","A3 | Bad Camberg - Idstein"," Köln -> Frankfurt",NA,NA,NA,2025-05-19,"Beginn: 19.05.25 um 21:30 Uhr  Fahrzeug-Hindernis, seit 19.05.2025, 21:30 A3: Köln -> Frankfurt, zwischen 9.0 km hinter AS Bad Camberg und 0.6 km vor AS Idstein Gefahr durch ein defektes Fahrzeug auf der Fahrbahn",50.2199529104154,8.25072389207533
"A3","undefined--vi-hind.2025-05-19_20-52-30-000.f_006.de0","50.98718079341669,7.013933981348319,50.988459687364724,7.013281338558663","50.98718079341669,7.013933981348319","WARNING","A3 | Köln-Mülheim - Leverkusen-Zentrum"," Köln -> Oberhausen",NA,NA,NA,2025-05-19,"Beginn: 19.05.25 um 20:52 Uhr  Fahrzeug-Hindernis, seit 19.05.2025, 20:52 A3: Köln -> Oberhausen, zwischen 0.4 km hinter AS Köln-Mülheim und 4.0 km vor AS Leverkusen-Zentrum Gefahr durch ein defektes Fahrzeug auf der Fahrbahn",50.9871807934167,7.01393398134832
"A3","undefined--vi-avl.2025-05-19_20-37-30-000.f_002.de0","51.04704040093599,7.002873699997014,51.04704040093599,7.002873699997014","51.04704040093599,7.002873699997014","WARNING","A3 | Leverkusen - Leverkusen"," Oberhausen -> Köln",NA,"STATIONARY_TRAFFIC","6",2025-05-19,"Beginn: 19.05.25 um 21:32 Uhr  Angespannte Verkehrslage, seit 19.05.2025, 21:32 A3: Oberhausen -> Köln, 0.7 km vor AK Leverkusen, aus Richtung Leverkusen-Opladen  Im Stillstand Durchschnittsgeschwindigkeit: 6 km/h",51.047040400936,7.00287369999701
"A3","undefined--vi-hind.2025-05-19_20-36-00-000.f_002.de0","51.03506290106329,7.009007159834092,51.02508757451233,7.011214804424841","51.03506290106329,7.009007159834092","WARNING","A3 | Leverkusen - Leverkusen-Zentrum"," Oberhausen -> Köln",NA,NA,NA,2025-05-19,"Beginn: 19.05.25 um 20:36 Uhr  Hindernis, seit 19.05.2025, 20:36 A3: Oberhausen -> Köln, zwischen 0.8 km hinter AK Leverkusen und 0.1 km vor AS Leverkusen-Zentrum  Gefahr durch eine ungesicherte Unfallstelle",51.0350629010633,7.00900715983409
"A3","undefined--vi-zus.2025-05-19_20-35-30-000.f_001.de0","51.04704040093599,7.002873699997014,51.031278183708515,7.009801714104731","51.04704040093599,7.002873699997014","WARNING","A3 | Leverkusen-Opladen - Leverkusen-Zentrum"," Oberhausen -> Köln",8,"STATIONARY_TRAFFIC","11.100000381469727",2025-05-19,"Beginn: 19.05.25 um 20:35 Uhr  Zusammengesetzte Verkehrsinformation, seit 19.05.2025, 20:35 A3: Oberhausen -> Köln, zwischen 1.3 km hinter AS Leverkusen-Opladen und 0.8 km vor AS Leverkusen-Zentrum  Gefahr durch eine ungesicherte Unfallstelle  Im Stillstand Reisezeitverlust: 8 Minuten Durchschnittsgeschwindigkeit: 11 km/h",51.047040400936,7.00287369999701
"A4","undefined--vi-zus.2025-05-19_21-29-30-000.f.de0","50.88923659001431,6.930004534525103,50.89335145347855,6.9208980638316575","50.88923659001431,6.930004534525103","WARNING","A4 | Köln-Süd - Köln-Klettenberg"," Köln -> Heerlen/Aachen",0,"SLOW_TRAFFIC","55.900001525878906",2025-05-19,"Beginn: 19.05.25 um 21:29 Uhr  Zusammengesetzte Verkehrsinformation, seit 19.05.2025, 21:29 A4: Köln -> Heerlen/Aachen, zwischen 2.8 km hinter AK Köln-Süd und 1.0 km vor AS Köln-Klettenberg  Langsamer Verkehr Reisezeitverlust: 0 Minuten Durchschnittsgeschwindigkeit: 55 km/h",50.8892365900143,6.9300045345251
"A4","undefined--vi-zus.2025-05-19_20-52-30-000.f_002.de0","50.90686020093674,6.998990199996974,50.887143669159386,6.9731587626731715","50.90686020093674,6.998990199996974","WARNING","A4 | Köln-Poll - Köln-Süd"," Köln -> Heerlen/Aachen",NA,NA,NA,2025-05-19,"Beginn: 19.05.25 um 20:52 Uhr  Zusammengesetzte Verkehrsinformation, seit 19.05.2025, 20:52 A4: Köln -> Heerlen/Aachen, zwischen 0.5 km hinter AS Köln-Poll und 0.4 km vor AK Köln-Süd  Gefahr durch Personen auf der Fahrbahn  Gefahr durch ein defektes Fahrzeugs auf der Fahrbahn  A4 Köln Richtung Heerlen/Aachen zwischen Köln-Poll und Kreuz Köln-Süd Gefahr durch liegengebliebenes Fahrzeug auf dem rechten Fahrstreifen, Gefahr durch Personen auf der Fahrbahn",50.9068602009367,6.99899019999697
"A4","undefined--vi-zus.2025-05-19_11-40-25-000.f_015.de0","51.1810751649104,15.008092488371936,51.186736500965786,14.989494200636342","51.1810751649104,15.008092488371936","WARNING","A4 | Ludwigsdorf - An der Neiße"," Görlitz -> Dresden",5,"QUEUING_TRAFFIC","11.300000190734863",2025-05-19,"Beginn: 19.05.25 um 11:40 Uhr  Zusammengesetzte Verkehrsinformation, seit 19.05.2025, 11:40 A4: Görlitz -> Dresden, zwischen Ludwigsdorf und 0.1 km vor An der Neiße  Stockender Verkehr Reisezeitverlust: 5 Minuten Durchschnittsgeschwindigkeit: 11 km/h",51.1810751649104,15.0080924883719
"A5","undefined--vi-avl.2025-05-19_20-36-00-000.f_004.de0","47.675238937327066,7.5237116689535375,47.68259497134463,7.522706662632265","47.675238937327066,7.5237116689535375","WARNING","A5 | Weil am Rhein - Rheinaue"," Basel -> Karlsruhe",6,"STATIONARY_TRAFFIC","7.300000190734863",2025-05-19,"Beginn: 19.05.25 um 20:36 Uhr  Angespannte Verkehrslage, seit 19.05.2025, 20:36 A5: Basel -> Karlsruhe, zwischen 7.9 km hinter AD Weil am Rhein und 2.8 km vor Rheinaue  Im Stillstand Reisezeitverlust: 6 Minuten Durchschnittsgeschwindigkeit: 7 km/h",47.6752389373271,7.52371166895354
"A5","undefined--vi-avl.2025-05-19_20-37-30-000.f_003.de0","47.67521195161683,7.523712294974333,47.67521195161683,7.523712294974333","47.67521195161683,7.523712294974333","WARNING","A5 | Efringen-Kirchen - Efringen-Kirchen"," Basel -> Karlsruhe",NA,"STATIONARY_TRAFFIC","5",2025-05-19,"Beginn: 19.05.25 um 21:25 Uhr  Angespannte Verkehrslage, seit 19.05.2025, 21:25 A5: Basel -> Karlsruhe, 0.3 km vor AS Efringen-Kirchen, aus Richtung Weil am Rhein  Im Stillstand Durchschnittsgeschwindigkeit: 5 km/h",47.6752119516168,7.52371229497433
"A5","undefined--vi-unf.2025-05-19_19-12-00-000.f_004.de0","47.74731966254893,7.550205889719576,47.81634428297589,7.554743369304464","47.74731966254893,7.550205889719576","WARNING","A5 | Galgenloch - Neuenburg"," Basel -> Karlsruhe",NA,NA,NA,2025-05-19,"Beginn: 19.05.25 um 19:12 Uhr  Unfall, seit 19.05.2025, 19:12 A5: Basel -> Karlsruhe, zwischen 0.2 km hinter Galgenloch und 1.6 km vor Neuenburg",47.7473196625489,7.55020588971958
"A5","undefined--vi-unf.2025-05-19_18-46-30-000.f_004.de0","47.784415033764276,7.53658778740455,47.814678300948195,7.553525299999106","47.784415033764276,7.53658778740455","WARNING","A5 | Neuenburg - Neuenburg"," Basel -> Karlsruhe",NA,NA,NA,2025-05-19,"Beginn: 19.05.25 um 18:46 Uhr  Unfall, seit 19.05.2025, 18:46 A5: Basel -> Karlsruhe, zwischen 0.9 km hinter AD Neuenburg und 1.9 km vor Neuenburg",47.7844150337643,7.53658778740455
"A6","undefined--vi-hind.2025-05-19_20-50-32-000.f_004.de0","49.25652729353772,10.591871442975938,49.27795020094403,10.717874100001723","49.25652729353772,10.591871442975938","WARNING","A6 | Ansbach - Lichtenau"," Heilbronn -> Nürnberg",NA,NA,NA,2025-05-19,"Beginn: 19.05.25 um 20:50 Uhr  Hindernis, seit 19.05.2025, 20:50 A6: Heilbronn -> Nürnberg, zwischen 0.2 km hinter AS Ansbach und 0.2 km vor AS Lichtenau  Gefahr durch Gegenstände auf der Fahrbahn",49.2565272935377,10.5918714429759
"A6","undefined--vi-zus.2025-05-19_21-05-00-000.f_001.de0","49.63322194111654,12.460993082292749,49.62925492575436,12.44665918838879","49.63322194111654,12.460993082292749","WARNING","A6 | Waidhaus - Pleystein"," Pilsen -> Nürnberg",1,"SLOW_TRAFFIC","38",2025-05-19,"Beginn: 19.05.25 um 21:05 Uhr  Zusammengesetzte Verkehrsinformation, seit 19.05.2025, 21:05 A6: Pilsen -> Nürnberg, zwischen 2.2 km hinter AS Waidhaus und 2.6 km vor AS Pleystein  Langsamer Verkehr Reisezeitverlust: 1 Minuten Durchschnittsgeschwindigkeit: 38 km/h",49.6332219411165,12.4609930822927
"A7","undefined--vi-zus.2025-05-19_21-23-30-000.f.de0","47.572965577642115,10.660922982282756,47.57833760243747,10.662295646746456","47.572965577642115,10.660922982282756","WARNING","A7 | Grenztunnel Füssen - Reinertshofertunnel"," Füssen/Reutte -> Ulm",1,"QUEUING_TRAFFIC","21.700000762939453",2025-05-19,"Beginn: 19.05.25 um 21:23 Uhr  Zusammengesetzte Verkehrsinformation, seit 19.05.2025, 21:23 A7: Füssen/Reutte -> Ulm, zwischen 1.6 km hinter Grenztunnel Füssen und 2.6 km vor Reinertshofertunnel  Stockender Verkehr Reisezeitverlust: 1 Minuten Durchschnittsgeschwindigkeit: 21 km/h",47.5729655776421,10.6609229822828
"A7","undefined--vi-zus.2025-05-13_04-57-00-000.f_002.de0","47.595412441892016,10.656244234565428,47.62855194383104,10.58197876986764","47.595412441892016,10.656244234565428","WARNING","A7 | Füssen - Nesselwang"," Füssen/Reutte -> Ulm",NA,NA,NA,2025-05-13,"Beginn: 13.05.25 um 04:57 Uhr  Zusammengesetzte Verkehrsinformation, seit 13.05.2025, 04:57 A7: Füssen/Reutte -> Ulm, zwischen 2.5 km hinter AS Füssen und 4.4 km vor AS Nesselwang  A7 Füssen/Reutte Richtung Ulm zwischen Reinertshoftunnel und Nesselwang Verkehr wird über die Gegenfahrbahn geleitet, Baustelle, von 16.05.2025 05:00 Uhr bis 18.07.2025 15:00 Uhr",47.595412441892,10.6562442345654
"A7","undefined--vi-hind.2025-05-19_18-55-30-000.f_003.de0","48.57084740094633,10.153324000000438,48.49645570094654,10.085913000000366","48.57084740094633,10.153324000000438","WARNING","A7 | Niederstotzingen - Langenau"," Würzburg -> Ulm",NA,NA,NA,2025-05-19,"Beginn: 19.05.25 um 18:55 Uhr  Fahrzeug-Hindernis, seit 19.05.2025, 18:55 A7: Würzburg -> Ulm, zwischen 0.3 km hinter AS Niederstotzingen und 0.4 km vor AS Langenau",48.5708474009463,10.1533240000004
"A7","undefined--vi-hind.2025-05-19_20-49-00-000.f_002.de0","50.83623506957697,9.57940154231861,50.835372720522855,9.578952962794304","50.83623506957697,9.57940154231861","WARNING","A7 | Kirchheimer Dreieck - Kirchheim"," Kassel -> Fulda",NA,NA,NA,2025-05-19,"Beginn: 19.05.25 um 20:49 Uhr  Fahrzeug-Hindernis, seit 19.05.2025, 20:49 A7: Kassel -> Fulda, zwischen 0.3 km hinter AD Kirchheimer Dreieck und 0.4 km vor AS Kirchheim Gefahr durch ein defektes Fahrzeug auf der Fahrbahn",50.836235069577,9.57940154231861
"A7","undefined--vi-hind.2025-05-19_18-37-50-000.f_006.de0","51.62995586638154,9.919160032779399,51.700829805128095,9.938183272438987","51.62995586638154,9.919160032779399","WARNING","A7 | Nörten-Hardenberg - Schlochau"," Kassel -> Hannover",NA,NA,NA,2025-05-19,"Beginn: 19.05.25 um 18:37 Uhr  Fahrzeug-Hindernis, seit 19.05.2025, 18:37 A7: Kassel -> Hannover, zwischen 0.1 km hinter AS Nörten-Hardenberg und 1.8 km vor Schlochau",51.6299558663815,9.9191600327794
"A7","undefined--vi-zus.2025-03-31_00-40-00-000.f_018.de0","53.579141433849884,9.913430072127355,53.55636870091902,9.897540700000414","53.579141433849884,9.913430072127355","WARNING","A7 | Hamburg-Volkspark - Elbtunnel (Nordportal)"," Flensburg -> Hamburg",NA,NA,NA,2025-03-31,"Beginn: 31.03.25 um 00:40 Uhr  Zusammengesetzte Verkehrsinformation, seit 31.03.2025, 00:40 A7: Flensburg -> Hamburg, zwischen 0.4 km hinter AS Hamburg-Volkspark und 0.9 km vor Elbtunnel (Nordportal)  A7 Flensburg Richtung Hamburg Ausfahrt Hamburg-Othmarschen Fahrbahnverengung, maximale Fahrbahnbreite von 4,50 m, Bauarbeiten, bis 29.09.2025",53.5791414338499,9.91343007212735
"A8","undefined--vi-zus.2025-03-26_17-59-56-000.f_013.de0","49.32575278791285,7.172731755291576,49.327350714671546,7.213275819282444","49.32575278791285,7.172731755291576","WARNING","A8 | Neunkirchen/Spiesen - Kohlhof"," Saarlouis -> Neunkirchen",NA,NA,NA,2025-03-26,"Beginn: 26.03.25 um 17:59 Uhr  Zusammengesetzte Verkehrsinformation, seit 26.03.2025, 17:59 A8: Saarlouis -> Neunkirchen, zwischen 1.5 km hinter AS Neunkirchen/Spiesen und 1.0 km vor Kohlhof  A8 Saarlouis - Neunkirchen zwischen Neunkirchen-Spiesen und Neunkirchen-Oberstadt in beiden Richtungen Bauarbeiten, bis voraussichtlich 01.06.2025",49.3257527879128,7.17273175529158
"A8","undefined--vi-zus.2025-05-14_09-26-56-000.f.de0","49.32628400979037,7.229641516813452,49.329166750017514,7.1882642393148934","49.32628400979037,7.229641516813452","WARNING","A8 | Neunkirchen-Wellesweiler - Neunkirchen/Spiesen"," Neunkirchen -> Saarlouis",NA,NA,NA,2025-05-14,"Beginn: 14.05.25 um 09:26 Uhr  Zusammengesetzte Verkehrsinformation, seit 14.05.2025, 09:26 A8: Neunkirchen -> Saarlouis, zwischen 0.4 km hinter AS Neunkirchen-Wellesweiler und 2.7 km vor AS Neunkirchen/Spiesen  A8 Saarlouis - Neunkirchen zwischen Neunkirchen-Spiesen und Neunkirchen-Oberstadt in beiden Richtungen Bauarbeiten, bis voraussichtlich 01.06.2025",49.3262840097904,7.22964151681345
"A8","undefined--vi-zus.2025-05-19_21-32-30-000.f.de0","48.9146436136631,8.764346723396228,48.91073958571838,8.768969832448182","48.9146436136631,8.764346723396228","WARNING","A8 | Pforzheim-Nord - Pforzheim"," Karlsruhe -> Stuttgart",0,"SLOW_TRAFFIC","30.299999237060547",2025-05-19,"Beginn: 19.05.25 um 21:32 Uhr  Zusammengesetzte Verkehrsinformation, seit 19.05.2025, 21:32 A8: Karlsruhe -> Stuttgart, zwischen 4.1 km hinter AS Pforzheim-Nord und 0.5 km vor Pforzheim  Langsamer Verkehr Reisezeitverlust: 0 Minuten Durchschnittsgeschwindigkeit: 30 km/h",48.9146436136631,8.76434672339623
"A8","undefined--vi-avl.2025-05-19_19-55-03-000.f_003.de0","48.88349004258713,8.787804485529271,48.86548047692167,8.792136645405796","48.88349004258713,8.787804485529271","WARNING","A8 | Pforzheim - Heimsheim"," Karlsruhe -> Stuttgart",4,"STATIONARY_TRAFFIC","21.600000381469727",2025-05-19,"Beginn: 19.05.25 um 19:55 Uhr  Angespannte Verkehrslage, seit 19.05.2025, 19:55 A8: Karlsruhe -> Stuttgart, zwischen 2.9 km hinter Pforzheim und 7.4 km vor AS Heimsheim  Im Stillstand Reisezeitverlust: 4 Minuten Durchschnittsgeschwindigkeit: 21 km/h",48.8834900425871,8.78780448552927
"A8","undefined--vi-avl.2025-05-19_20-02-30-000.f_002.de0","48.883499020048006,8.78780361565749,48.883499020048006,8.78780361565749","48.883499020048006,8.78780361565749","WARNING","A8 | Pforzheim-Süd - Pforzheim-Süd"," Karlsruhe -> Stuttgart",NA,"STATIONARY_TRAFFIC","14",2025-05-19,"Beginn: 19.05.25 um 21:32 Uhr  Angespannte Verkehrslage, seit 19.05.2025, 21:32 A8: Karlsruhe -> Stuttgart, 0.5 km vor AS Pforzheim-Süd, aus Richtung Pforzheim  Im Stillstand Durchschnittsgeschwindigkeit: 14 km/h",48.883499020048,8.78780361565749
"A9","undefined--vi-hind.2025-05-19_21-12-30-000.f_002.de0","48.582231536116765,11.58606660534785,48.64292580094614,11.518115800010378","48.582231536116765,11.58606660534785","WARNING","A9 | Holledau - Langenbruck"," München -> Nürnberg",NA,NA,NA,2025-05-19,"Beginn: 19.05.25 um 21:12 Uhr  Fahrzeug-Hindernis, seit 19.05.2025, 21:12 A9: München -> Nürnberg, zwischen 0.5 km hinter AD Holledau und 0.3 km vor AS Langenbruck Gefahr durch ein defektes Fahrzeug auf der Fahrbahn",48.5822315361168,11.5860666053479
"A9","undefined--vi-zus.2025-05-19_19-31-30-000.f_002.de0","48.714112498975965,11.483198918899022,48.73516756601846,11.469076647308716","48.714112498975965,11.483198918899022","WARNING","A9 | Neuburg a.d.Donau - Ingolstadt-Süd"," München -> Nürnberg",3,"QUEUING_TRAFFIC","34.099998474121094",2025-05-19,"Beginn: 19.05.25 um 19:31 Uhr  Zusammengesetzte Verkehrsinformation, seit 19.05.2025, 19:31 A9: München -> Nürnberg, zwischen 0.2 km hinter AS Neuburg a.d.Donau und 1.9 km vor AS Ingolstadt-Süd  Stockender Verkehr Reisezeitverlust: 3 Minuten Durchschnittsgeschwindigkeit: 34 km/h",48.714112498976,11.483198918899
"A9","undefined--vi-hind.2025-05-19_21-09-30-000.f.de0","49.1913710588844,11.248113670093643,49.19201585851902,11.247569994242685","49.1913710588844,11.248113670093643","WARNING","A9 | Hilpoltstein - Göggelsbuch"," München -> Nürnberg",NA,NA,NA,2025-05-19,"Beginn: 19.05.25 um 21:09 Uhr  Fahrzeug-Hindernis, seit 19.05.2025, 21:09 A9: München -> Nürnberg, zwischen 3.5 km hinter AS Hilpoltstein und 3.6 km vor Göggelsbuch Gefahr durch ein defektes Fahrzeug auf der Fahrbahn",49.1913710588844,11.2481136700936
"A9","undefined--vi-avl.2025-05-19_21-30-30-000.f.de0","50.03094899285486,11.606609300333329,50.014550700941115,11.605640500010935","50.03094899285486,11.606609300333329","WARNING","A9 | Bad Berneck/Himmelkron - Bayreuth-Nord"," Halle/Leipzig -> Nürnberg",1,"SLOW_TRAFFIC","55.79999923706055",2025-05-19,"Beginn: 19.05.25 um 21:30 Uhr  Angespannte Verkehrslage, seit 19.05.2025, 21:30 A9: Halle/Leipzig -> Nürnberg, zwischen 2.8 km hinter AS Bad Berneck/Himmelkron und 6.3 km vor AS Bayreuth-Nord  Langsamer Verkehr Reisezeitverlust: 1 Minuten Durchschnittsgeschwindigkeit: 55 km/h",50.0309489928549,11.6066093003333
"A9","undefined--vi-avl.2025-05-19_20-04-33-000.f.de0","50.923639395925534,11.83967843813363,50.93997703975021,11.835181273395047","50.923639395925534,11.83967843813363","WARNING","A9 | Bad Klosterlausnitz - Kuhberg"," Nürnberg -> Halle/Leipzig",0,"SLOW_TRAFFIC","62.599998474121094",2025-05-19,"Beginn: 19.05.25 um 20:04 Uhr  Angespannte Verkehrslage, seit 19.05.2025, 20:04 A9: Nürnberg -> Halle/Leipzig, zwischen 1.4 km hinter AS Bad Klosterlausnitz und 3.2 km vor Kuhberg  Langsamer Verkehr Reisezeitverlust: 0 Minuten Durchschnittsgeschwindigkeit: 62 km/h",50.9236393959255,11.8396784381336
"A12","undefined--vi-avl.2025-05-19_16-20-22-000.f_005.de0","52.3155760805876,14.577600847563337,52.31465040151104,14.563713134786033","52.3155760805876,14.577600847563337","WARNING","A12 | Frankfurt(Oder) - Frankfurt(Oder)-Mitte"," Frankfurt(Oder) -> Berliner Ring",2,"SLOW_TRAFFIC","11.199999809265137",2025-05-19,"Beginn: 19.05.25 um 16:20 Uhr  Angespannte Verkehrslage, seit 19.05.2025, 16:20 A12: Frankfurt(Oder) -> Berliner Ring, zwischen Frankfurt(Oder) und 3.1 km vor AS Frankfurt(Oder)-Mitte  Langsamer Verkehr Reisezeitverlust: 2 Minuten Durchschnittsgeschwindigkeit: 11 km/h",52.3155760805876,14.5776008475633
"A12","WarnungA10Lkw3","47.61802931631098,12.202336027754352,47.61802931631098,12.202336027754352","47.61802931631098,12.202336027754352","WARNING","E45/E60 | LKW Blockabfertigung | A12-Inntal Autobahn","Richtung Italien",NA,NA,NA,2025-01-11,"Zeitraum: Beginn: 07.01.2025 Ende: 09.12.2025  Hinweis für LKW-Reisende nach Österreich: LKW-Blockabfertigungen an ausgewählten Tagen für Lkw am Grenzübergang Kufstein/Kiefersfelden. Maximaler Durchlass von 300 LKWs pro Stunde  Die genauen Ausführungszeiten und weitere Informationen auf tirol.gv.at/verkehr/verkehrs-und-seilbahnrecht/lkw-dosierung.",47.618029316311,12.2023360277544
"A12","WarnungA10Lkw2","47.6164490154047,12.202382557672273,47.6164490154047,12.202382557672273","47.6164490154047,12.202382557672273","WARNING","E43/E45/E60 | A13-Brenner Autobahn","Richtung Italien",NA,NA,NA,2025-01-11,"Zeitraum: Beginn: 11.01.2025 Ende: 27.09.2025  Hinweis für LKW-Reisende nach Österreich: LKW-Fahrverbot auf der A12-Inntal Autobahn, A13-Brenner Autobahn und A14-Rheintal/Walgau Autobahn, wenn das Ziel der Fahrt der Anschlussstelle Nößlach bis Anschlussstelle Brenner Nord der Richtungsfahrbahn Staatsgrenze der A 13 Brenner Autobahn erreicht werden soll. An ausgewählten Samstagen 7-15 Uhr sowie weiteren Tagen im Zeitraum 11.01. - 27.09.2025 Weitere Informationen auf http://asfinag.at/a13",47.6164490154047,12.2023825576723
"A14","undefined--vi-hind.2025-05-19_17-17-30-000.f_008.de0","53.15961128935529,11.72789029312949,53.223319900921695,11.615065400008177","53.15961128935529,11.72789029312949","WARNING","A14 | Karstädt - Meynbach"," Wittenberge -> Schwerin",NA,NA,NA,2025-05-19,"Beginn: 19.05.25 um 17:17 Uhr  Hindernis, seit 19.05.2025, 17:17 A14: Wittenberge -> Schwerin, zwischen 0.4 km hinter AS Karstädt und 1.8 km vor Meynbach  Gefahr durch Gegenstände auf der Fahrbahn",53.1596112893553,11.7278902931295
"A14","undefined--vi-hind.2025-05-19_17-22-02-000.f_009.de0","53.15945940092222,11.728050100009963,53.15945940092222,11.728050100009963","53.15945940092222,11.728050100009963","WARNING","A14 | Karstädt - Groß Warnow"," Wittenberge -> Schwerin",NA,NA,NA,2025-05-19,"Beginn: 19.05.25 um 17:22 Uhr  Hindernis, seit 19.05.2025, 17:22 A14: Wittenberge -> Schwerin, zwischen 0.4 km hinter AS Karstädt und 10.4 km vor AS Groß Warnow  Gefahr durch Gegenstände auf der Fahrbahn",53.1594594009222,11.72805010001
"A15","undefined--vi-avl.2025-05-19_21-09-00-000.f.de0","51.66653439292597,14.74677693273061,51.666515414293116,14.736136458275615","51.66653439292597,14.74677693273061","WARNING","A15 | Forst - Forst"," Breslau -> Cottbus",3,"SLOW_TRAFFIC","8.800000190734863",2025-05-19,"Beginn: 19.05.25 um 21:09 Uhr  Angespannte Verkehrslage, seit 19.05.2025, 21:09 A15: Breslau -> Cottbus, zwischen 0.4 km hinter Forst und 10.2 km vor AS Forst  Langsamer Verkehr Reisezeitverlust: 3 Minuten Durchschnittsgeschwindigkeit: 8 km/h",51.666534392926,14.7467769327306
"A17","undefined--vi-avl.2025-05-19_21-31-00-000.f.de0","51.05267869277828,13.604208572270972,51.04909561750008,13.60639041758555","51.05267869277828,13.604208572270972","WARNING","A17 | Dresden-West - Dresden-Gorbitz"," Dresden -> Prag",1,"STATIONARY_TRAFFIC","12.300000190734863",2025-05-19,"Beginn: 19.05.25 um 21:31 Uhr  Angespannte Verkehrslage, seit 19.05.2025, 21:31 A17: Dresden -> Prag, zwischen 1.2 km hinter AD Dresden-West und 1.4 km vor AS Dresden-Gorbitz  Im Stillstand Reisezeitverlust: 1 Minuten Durchschnittsgeschwindigkeit: 12 km/h",51.0526786927783,13.604208572271
"A17","undefined--vi-avl.2025-05-19_21-31-30-000.f_002.de0","51.05267869277828,13.604208572270972,51.05267869277828,13.604208572270972","51.05267869277828,13.604208572270972","WARNING","A17 | Dresden-Gorbitz - Dresden-Gorbitz"," Dresden -> Prag",NA,"STATIONARY_TRAFFIC","6",2025-05-19,"Beginn: 19.05.25 um 21:31 Uhr  Angespannte Verkehrslage, seit 19.05.2025, 21:31 A17: Dresden -> Prag, 1.8 km vor AS Dresden-Gorbitz, aus Richtung Dresden-West  Im Stillstand Durchschnittsgeschwindigkeit: 6 km/h",51.0526786927783,13.604208572271
"A17","undefined--vi-avl.2025-05-19_21-27-30-000.f.de0","50.82026170094333,13.887384300240237,50.82026170094333,13.887384300240237","50.82026170094333,13.887384300240237","WARNING","A17 | Am Heidenholz - Am Heidenholz"," Prag -> Dresden",NA,"STATIONARY_TRAFFIC","24",2025-05-19,"Beginn: 19.05.25 um 21:32 Uhr  Angespannte Verkehrslage, seit 19.05.2025, 21:32 A17: Prag -> Dresden, 0.2 km vor Am Heidenholz, aus Richtung Breitenau-Schönwald  Im Stillstand Durchschnittsgeschwindigkeit: 24 km/h",50.8202617009433,13.8873843002402
"A17","undefined--vi-zus.2025-05-19_20-53-30-000.f.de0","50.82026170094333,13.887384300240237,50.825784654914514,13.887788152709305","50.82026170094333,13.887384300240237","WARNING","A17 | Breitenau-Schönwald - Bad Gottleuba"," Prag -> Dresden",0,"STATIONARY_TRAFFIC","29.399999618530273",2025-05-19,"Beginn: 19.05.25 um 20:53 Uhr  Zusammengesetzte Verkehrsinformation, seit 19.05.2025, 20:53 A17: Prag -> Dresden, zwischen 4.5 km hinter Breitenau-Schönwald und 0.6 km vor AS Bad Gottleuba  Im Stillstand Reisezeitverlust: 0 Minuten Durchschnittsgeschwindigkeit: 29 km/h",50.8202617009433,13.8873843002402
"A23","undefined--vi-hind.2025-05-19_20-58-00-000.f_001.de0","53.62884428347135,9.870292036326868,53.62030024892068,9.904743431745885","53.62884428347135,9.870292036326868","WARNING","A23 | Halstenbek/Rellingen - Hamburg-Eidelstedt"," Heide -> Hamburg",NA,NA,NA,2025-05-19,"Beginn: 19.05.25 um 20:58 Uhr  Fahrzeug-Hindernis, seit 19.05.2025, 20:58 A23: Heide -> Hamburg, zwischen 2.4 km hinter AS Halstenbek/Rellingen und 0.3 km vor AS Hamburg-Eidelstedt Gefahr durch ein defektes Fahrzeug auf der Fahrbahn",53.6288442834714,9.87029203632687
"A31","undefined--vi-avl.2025-05-19_21-23-30-000.f.de0","52.11533598065041,7.086335600887026,52.135186734791155,7.089543852877889","52.11533598065041,7.086335600887026","WARNING","A31 | Averbeck - Gronau/Ochtrup"," Oberhausen -> Gronau",0,"SLOW_TRAFFIC","68.80000305175781",2025-05-19,"Beginn: 19.05.25 um 21:23 Uhr  Angespannte Verkehrslage, seit 19.05.2025, 21:23 A31: Oberhausen -> Gronau, zwischen 1.2 km hinter Averbeck und 6.6 km vor AS Gronau/Ochtrup  Langsamer Verkehr Reisezeitverlust: 0 Minuten Durchschnittsgeschwindigkeit: 68 km/h",52.1153359806504,7.08633560088703
"A40","undefined--vi-avl.2025-05-19_21-22-30-000.f_001.de0","51.48521746468031,7.183066648064511,51.49543738673167,7.187593068708332","51.48521746468031,7.183066648064511","WARNING","A40 | Bochum-West - Bochum-Hamme"," Essen -> Dortmund",1,"SLOW_TRAFFIC","37.79999923706055",2025-05-19,"Beginn: 19.05.25 um 21:22 Uhr  Angespannte Verkehrslage, seit 19.05.2025, 21:22 A40: Essen -> Dortmund, zwischen 0.4 km hinter AD Bochum-West und 0.1 km vor AS Bochum-Hamme  Langsamer Verkehr Reisezeitverlust: 1 Minuten Durchschnittsgeschwindigkeit: 37 km/h",51.4852174646803,7.18306664806451
"A40","undefined--vi-avl.2025-05-19_21-31-30-000.f_003.de0","51.484983301692424,7.182852324298226,51.484983301692424,7.182852324298226","51.484983301692424,7.182852324298226","WARNING","A40 | Bochum-Hamme - Bochum-Hamme"," Essen -> Dortmund",NA,"SLOW_TRAFFIC","24",2025-05-19,"Beginn: 19.05.25 um 21:32 Uhr  Angespannte Verkehrslage, seit 19.05.2025, 21:32 A40: Essen -> Dortmund, 1.4 km vor AS Bochum-Hamme, aus Richtung Bochum-West  Langsamer Verkehr Durchschnittsgeschwindigkeit: 24 km/h",51.4849833016924,7.18285232429823
"A43","undefined--vi-avl.2025-05-19_18-36-12-000.f_002.de0","51.89092387319833,7.371646194428154,51.902360769330265,7.389025264915474","51.89092387319833,7.371646194428154","WARNING","A43 | Karthaus - Nottuln"," Recklinghausen -> Münster",0,"SLOW_TRAFFIC","59.79999923706055",2025-05-19,"Beginn: 19.05.25 um 18:36 Uhr  Angespannte Verkehrslage, seit 19.05.2025, 18:36 A43: Recklinghausen -> Münster, zwischen 2.0 km hinter Karthaus und 1.3 km vor AS Nottuln  Langsamer Verkehr Reisezeitverlust: 0 Minuten Durchschnittsgeschwindigkeit: 59 km/h",51.8909238731983,7.37164619442815
"A44","undefined--vi-avl.2025-05-19_20-10-30-000.f_005.de0","51.53272339434072,7.8262479134296585,51.53323805512703,7.854588665975875","51.53272339434072,7.8262479134296585","WARNING","A44 | Buchenhain - Am Haarstrang"," Dortmund -> Kassel",0,"SLOW_TRAFFIC","64",2025-05-19,"Beginn: 19.05.25 um 20:10 Uhr  Angespannte Verkehrslage, seit 19.05.2025, 20:10 A44: Dortmund -> Kassel, zwischen 2.5 km hinter Buchenhain und 0.4 km vor Am Haarstrang  Langsamer Verkehr Reisezeitverlust: 0 Minuten Durchschnittsgeschwindigkeit: 64 km/h",51.5327233943407,7.82624791342966
"A44","undefined--vi-avl.2025-05-19_21-21-30-000.f_001.de0","51.53018579845976,8.902454271824084,51.5370391407598,8.876119934785645","51.53018579845976,8.902454271824084","WARNING","A44 | Marsberg - Blankenrode"," Kassel -> Dortmund",0,"SLOW_TRAFFIC","66.69999694824219",2025-05-19,"Beginn: 19.05.25 um 21:21 Uhr  Angespannte Verkehrslage, seit 19.05.2025, 21:21 A44: Kassel -> Dortmund, zwischen 4.4 km hinter AS Marsberg und 0.4 km vor Blankenrode  Langsamer Verkehr Reisezeitverlust: 0 Minuten Durchschnittsgeschwindigkeit: 66 km/h",51.5301857984598,8.90245427182408
"A44","undefined--vi-hind.2025-05-19_21-26-00-000.f.de0","51.266643667381665,9.44013702164464,51.266606617913354,9.440440195433984","51.266643667381665,9.44013702164464","WARNING","A44 | Baunsberg - Kassel-West"," Dortmund -> Kassel",NA,NA,NA,2025-05-19,"Beginn: 19.05.25 um 21:26 Uhr  Fahrzeug-Hindernis, seit 19.05.2025, 21:26 A44: Dortmund -> Kassel, zwischen 1.7 km hinter Baunsberg und 0.8 km vor AK Kassel-West Gefahr durch ein defektes Fahrzeug auf der Fahrbahn",51.2666436673817,9.44013702164464
"A45","undefined--vi-avl.2025-05-19_21-32-30-000.f_005.de0","50.52524472362034,8.6304017778695,50.52210884174234,8.646634533445438","50.52524472362034,8.6304017778695","WARNING","A45 | Pfaffenpfad - Hardtwald"," Gießen -> Aschaffenburg",0,"SLOW_TRAFFIC","64.30000305175781",2025-05-19,"Beginn: 19.05.25 um 21:32 Uhr  Angespannte Verkehrslage, seit 19.05.2025, 21:32 A45: Gießen -> Aschaffenburg, zwischen 0.9 km hinter Pfaffenpfad und 2.8 km vor Hardtwald  Langsamer Verkehr Reisezeitverlust: 0 Minuten Durchschnittsgeschwindigkeit: 64 km/h",50.5252447236203,8.6304017778695
"A45","undefined--vi-avl.2025-05-19_21-19-30-000.f.de0","50.554027200938556,8.56458259999988,50.563722404322554,8.552119274919836","50.554027200938556,8.56458259999988","WARNING","A45 | Gießen-Lützellinden - Wetzlar-Ost"," Aschaffenburg -> Hagen",0,"SLOW_TRAFFIC","75.4000015258789",2025-05-19,"Beginn: 19.05.25 um 21:19 Uhr  Angespannte Verkehrslage, seit 19.05.2025, 21:19 A45: Aschaffenburg -> Hagen, zwischen 3.9 km hinter AS Gießen-Lützellinden und 0.9 km vor AS Wetzlar-Ost  Langsamer Verkehr Reisezeitverlust: 0 Minuten Durchschnittsgeschwindigkeit: 75 km/h",50.5540272009386,8.56458259999988
"A52","undefined--vi-avl.2025-05-19_21-32-30-000.f_003.de0","51.41912453631734,6.979254637113306,51.41912453631734,6.979254637113306","51.41912453631734,6.979254637113306","WARNING","A52 | Essen-Haarzopf - Essen-Haarzopf"," Essen -> Düsseldorf",NA,"SLOW_TRAFFIC","29",2025-05-19,"Beginn: 19.05.25 um 21:32 Uhr  Angespannte Verkehrslage, seit 19.05.2025, 21:32 A52: Essen -> Düsseldorf, 0.5 km vor AS Essen-Haarzopf, aus Richtung Essen-Rüttenscheid  Langsamer Verkehr Durchschnittsgeschwindigkeit: 29 km/h",51.4191245363173,6.97925463711331
"A52","undefined--vi-avl.2025-05-19_21-32-30-000.f.de0","51.419093335899014,6.979202889026912,51.412449572370356,6.97086616168777","51.419093335899014,6.979202889026912","WARNING","A52 | Essen-Rüttenscheid - Essen-Kettwig"," Essen -> Düsseldorf",0,"SLOW_TRAFFIC","44.70000076293945",2025-05-19,"Beginn: 19.05.25 um 21:32 Uhr  Angespannte Verkehrslage, seit 19.05.2025, 21:32 A52: Essen -> Düsseldorf, zwischen 1.5 km hinter AS Essen-Rüttenscheid und 1.9 km vor AS Essen-Kettwig  Langsamer Verkehr Reisezeitverlust: 0 Minuten Durchschnittsgeschwindigkeit: 44 km/h",51.419093335899,6.97920288902691
"A59","undefined--vi-hind.2025-05-19_20-33-00-000.f_002.de0","50.889311500936856,7.092703699997522,50.88200493018122,7.094231456684229","50.889311500936856,7.092703699997522","WARNING","A59 | Schloß Röttgen - Köln-Wahn"," Köln -> Bonn",NA,NA,NA,2025-05-19,"Beginn: 19.05.25 um 20:33 Uhr  Hindernis, seit 19.05.2025, 20:33 A59: Köln -> Bonn, zwischen 1.1 km hinter Schloß Röttgen und 2.6 km vor AS Köln-Wahn  Gefahr durch eine ungesicherte Unfallstelle",50.8893115009369,7.09270369999752
"A59","undefined--vi-avl.2025-05-19_20-57-30-000.f_002.de0","51.464852500933624,6.768432399995309,51.47489050236077,6.766696001209629","51.464852500933624,6.768432399995309","WARNING","A59 | Duisburg-Ruhrort - Duisburg-Nord"," Duisburg -> Dinslaken",1,"SLOW_TRAFFIC","33.20000076293945",2025-05-19,"Beginn: 19.05.25 um 20:57 Uhr  Angespannte Verkehrslage, seit 19.05.2025, 20:57 A59: Duisburg -> Dinslaken, zwischen 0.3 km hinter AS Duisburg-Ruhrort und 1.0 km vor AK Duisburg-Nord  Langsamer Verkehr Reisezeitverlust: 1 Minuten Durchschnittsgeschwindigkeit: 33 km/h",51.4648525009336,6.76843239999531
"A59","undefined--vi-avl.2025-05-19_21-25-30-000.f_002.de0","51.464852500933624,6.768432399995309,51.464852500933624,6.768432399995309","51.464852500933624,6.768432399995309","WARNING","A59 | Duisburg-Meiderich - Duisburg-Meiderich"," Duisburg -> Dinslaken",NA,"SLOW_TRAFFIC","21",2025-05-19,"Beginn: 19.05.25 um 21:32 Uhr  Angespannte Verkehrslage, seit 19.05.2025, 21:32 A59: Duisburg -> Dinslaken, 0.6 km vor AS Duisburg-Meiderich, aus Richtung Duisburg-Ruhrort  Langsamer Verkehr Durchschnittsgeschwindigkeit: 21 km/h",51.4648525009336,6.76843239999531
"A60","undefined--vi-zus.2025-04-08_08-51-21-000.f_013.de0","49.98125533976677,8.345695317688524,49.97565770865279,8.441396718063045","49.98125533976677,8.345695317688524","WARNING","A60 | Mainspitz-Dreieck - Rüsselsheimer Dreieck"," Mainz -> Rüsselsheim",NA,NA,NA,2025-04-08,"Beginn: 08.04.25 um 08:51 Uhr  Zusammengesetzte Verkehrsinformation, seit 08.04.2025, 08:51 A60: Mainz -> Rüsselsheim, zwischen 0.5 km hinter AD Mainspitz-Dreieck und 2.2 km vor AD Rüsselsheimer Dreieck  Sperrung der A60 bei Königstädten – Grundhafte Fahrbahnerneuerung zwischen dem Rüsselsheimer Dreieck und dem Mainspitz Dreieck. Die Niederlassung West der Autobahn GmbH erneuert zwischen dem Rüsselsheimer Dreieck (30) und dem Mainspitz Dreieck (26) die Fahrbahn. Von Donnerstagmorgen (24. April) bis Mitte Juli wird die Anschlussstelle (AS) Königstädten (29) in Fahrtrichtung (FR) Mainz sowie in FR Rüsselsheimer Dreieck gesperrt. Umleitungsmöglichkeiten sind ausgeschildert: • Ausfahrt FR Mainz: Umleitung via AS Rüsselsheim-Mitte • Einfahrt FR Mainz: innerstädtische Umleitung zur AS Rüsselsheim-Mitte (Adam-Opel-Straße / Kurt-Schumacher-Ring), von Nauheim kommend via L3482 zur AS Bischofsheim • Einfahrt FR Darmstadt: innerstädtische Umleitung zur AS Rüsselsheim-Mitte (Adam-Opel-Straße / Kurt-Schumacher-Ring) Die Autobahn GmbH bittet alle Verkehrsteilnehmer um Verständnis für die unvermeidlichen Verkehrsbehinderungen, die durch die Arbeiten entstehen.",49.9812553397668,8.34569531768852
"A60","undefined--vi-zus.2025-05-03_10-55-00-000.f_003.de0","49.977457399447445,8.454646346787307,49.981587265039146,8.34517285786785","49.977457399447445,8.454646346787307","WARNING","A60 | Rüsselsheimer Dreieck - Mainspitz-Dreieck"," Rüsselsheim -> Mainz",NA,NA,NA,2025-05-03,"Beginn: 03.05.25 um 10:55 Uhr  Zusammengesetzte Verkehrsinformation, seit 03.05.2025, 10:55 A60: Rüsselsheim -> Mainz, zwischen 0.6 km hinter AD Rüsselsheimer Dreieck und 0.5 km vor AD Mainspitz-Dreieck  Sperrung der A60 bei Königstädten – Grundhafte Fahrbahnerneuerung zwischen dem Rüsselsheimer Dreieck und dem Mainspitz Dreieck. Die Niederlassung West der Autobahn GmbH erneuert zwischen dem Rüsselsheimer Dreieck (30) und dem Mainspitz Dreieck (26) die Fahrbahn. Von Donnerstagmorgen (24. April) bis Mitte Juli wird die Anschlussstelle (AS) Königstädten (29) in Fahrtrichtung (FR) Mainz sowie in FR Rüsselsheimer Dreieck gesperrt. Umleitungsmöglichkeiten sind ausgeschildert: • Ausfahrt FR Mainz: Umleitung via AS Rüsselsheim-Mitte • Einfahrt FR Mainz: innerstädtische Umleitung zur AS Rüsselsheim-Mitte (Adam-Opel-Straße / Kurt-Schumacher-Ring), von Nauheim kommend via L3482 zur AS Bischofsheim • Einfahrt FR Darmstadt: innerstädtische Umleitung zur AS Rüsselsheim-Mitte (Adam-Opel-Straße / Kurt-Schumacher-Ring) Die Autobahn GmbH bittet alle Verkehrsteilnehmer um Verständnis für die unvermeidlichen Verkehrsbehinderungen, die durch die Arbeiten entstehen.",49.9774573994474,8.45464634678731
"A70","undefined--vi-hind.2025-05-19_20-41-30-000.f_002.de0","49.92280591451336,10.898754767881082,49.927029800941455,10.912612100002635","49.92280591451336,10.898754767881082","WARNING","A70 | Hallstadt - Bamberg"," Schweinfurt/Werneck -> Bamberg",NA,NA,NA,2025-05-19,"Beginn: 19.05.25 um 20:41 Uhr  Fahrzeug-Hindernis, seit 19.05.2025, 20:41 A70: Schweinfurt/Werneck -> Bamberg, zwischen 1.7 km hinter AS Hallstadt und 0.4 km vor AK Bamberg",49.9228059145134,10.8987547678811
"A71","undefined--vi-avl.2025-05-19_21-25-30-000.f_001.de0","50.60007513052154,10.533534760655552,50.60007513052154,10.533534760655552","50.60007513052154,10.533534760655552","WARNING","A71 | Dolmar - Dolmar"," Suhl -> Schweinfurt",NA,"STATIONARY_TRAFFIC","22",2025-05-19,"Beginn: 19.05.25 um 21:32 Uhr  Angespannte Verkehrslage, seit 19.05.2025, 21:32 A71: Suhl -> Schweinfurt, in Höhe Dolmar, aus Richtung Dreieck Suhl  Im Stillstand Durchschnittsgeschwindigkeit: 22 km/h",50.6000751305215,10.5335347606556
"A71","undefined--vi-hind.2025-05-19_21-28-00-000.f_001.de0","50.6011311628126,10.535557045100456,50.59791899479197,10.514919484261767","50.6011311628126,10.535557045100456","WARNING","A71 | Dreieck Suhl - Meiningen-Nord"," Suhl -> Schweinfurt",NA,NA,NA,2025-05-19,"Beginn: 19.05.25 um 21:28 Uhr  Hindernis, seit 19.05.2025, 21:28 A71: Suhl -> Schweinfurt, zwischen 8.5 km hinter AD Dreieck Suhl und 3.6 km vor AS Meiningen-Nord  Gefahr durch eine ungesicherte Unfallstelle  Gefahr durch Gegenstände auf der Fahrbahn",50.6011311628126,10.5355570451005
"A71","undefined--vi-zus.2025-05-19_21-14-00-000.f_001.de0","50.60008041188263,10.533546194910457,50.59822253328618,10.527385319439166","50.60008041188263,10.533546194910457","WARNING","A71 | Dreieck Suhl - Meiningen-Nord"," Suhl -> Schweinfurt",0,"STATIONARY_TRAFFIC","34.29999923706055",2025-05-19,"Beginn: 19.05.25 um 21:14 Uhr  Zusammengesetzte Verkehrsinformation, seit 19.05.2025, 21:14 A71: Suhl -> Schweinfurt, zwischen 8.7 km hinter AD Dreieck Suhl und 4.5 km vor AS Meiningen-Nord  Gefahr durch eine ungesicherte Unfallstelle  Im Stillstand Reisezeitverlust: 0 Minuten Durchschnittsgeschwindigkeit: 34 km/h",50.6000804118826,10.5335461949105
"A81","undefined--vi-avl.2025-05-19_21-16-02-000.f.de0","48.56625411309851,8.8973199395389,48.57766790094631,8.899728499999986","48.56625411309851,8.8973199395389","WARNING","A81 | Geyern - Herrenberg"," Singen -> Stuttgart",5,"STATIONARY_TRAFFIC","12.899999618530273",2025-05-19,"Beginn: 19.05.25 um 21:16 Uhr  Angespannte Verkehrslage, seit 19.05.2025, 21:16 A81: Singen -> Stuttgart, zwischen 4.7 km hinter Geyern und 0.4 km vor AS Herrenberg  Im Stillstand Reisezeitverlust: 5 Minuten Durchschnittsgeschwindigkeit: 12 km/h",48.5662541130985,8.8973199395389
"A81","undefined--vi-avl.2025-05-19_21-17-30-000.f.de0","48.56625411309851,8.8973199395389,48.56625411309851,8.8973199395389","48.56625411309851,8.8973199395389","WARNING","A81 | Herrenberg - Herrenberg"," Singen -> Stuttgart",NA,"STATIONARY_TRAFFIC","13",2025-05-19,"Beginn: 19.05.25 um 21:32 Uhr  Angespannte Verkehrslage, seit 19.05.2025, 21:32 A81: Singen -> Stuttgart, 1.7 km vor AS Herrenberg, aus Richtung Geyern  Im Stillstand Durchschnittsgeschwindigkeit: 13 km/h",48.5662541130985,8.8973199395389
"A81","undefined--vi-zus.2025-05-19_21-22-30-000.f_001.de0","48.70353704695473,9.039455502814944,48.693698778696195,9.002239052265056","48.70353704695473,9.039455502814944","WARNING","A81 | Sindelfingen-Ost - Böblingen-Hulb"," Stuttgart -> Singen",NA,NA,NA,2025-05-19,"Beginn: 19.05.25 um 21:22 Uhr  Zusammengesetzte Verkehrsinformation, seit 19.05.2025, 21:22 A81: Stuttgart -> Singen, zwischen 0.3 km hinter AS Sindelfingen-Ost und 2.8 km vor AS Böblingen-Hulb  Gefahr durch Personen auf der Fahrbahn  A81 Stuttgart Richtung Singen zwischen Böblingen-Ost und Böblingen/Sindelfingen Gefahr durch defektes Fahrzeug auf dem rechten Fahrstreifen, Gefahr durch Personen auf dem rechten Fahrstreifen",48.7035370469547,9.03945550281494
"A81","undefined--vi-avl.2025-05-19_21-07-00-000.f.de0","48.95075084950006,9.204944339876107,48.961399175268284,9.219894391468898","48.95075084950006,9.204944339876107","WARNING","A81 | Ludwigsburg-Nord - Kälbling"," Stuttgart -> Heilbronn",2,"STATIONARY_TRAFFIC","27.5",2025-05-19,"Beginn: 19.05.25 um 21:07 Uhr  Angespannte Verkehrslage, seit 19.05.2025, 21:07 A81: Stuttgart -> Heilbronn, zwischen 5.0 km hinter AS Ludwigsburg-Nord und 3.5 km vor Kälbling  Im Stillstand Reisezeitverlust: 2 Minuten Durchschnittsgeschwindigkeit: 27 km/h",48.9507508495001,9.20494433987611
"A81","undefined--vi-avl.2025-05-19_21-32-30-000.f_002.de0","48.95087059593913,9.20514821361841,48.95087059593913,9.20514821361841","48.95087059593913,9.20514821361841","WARNING","A81 | Pleidelsheim - Pleidelsheim"," Stuttgart -> Heilbronn",NA,"STATIONARY_TRAFFIC","22",2025-05-19,"Beginn: 19.05.25 um 21:32 Uhr  Angespannte Verkehrslage, seit 19.05.2025, 21:32 A81: Stuttgart -> Heilbronn, 1.3 km vor AS Pleidelsheim, aus Richtung Ludwigsburg-Nord  Im Stillstand Durchschnittsgeschwindigkeit: 22 km/h",48.9508705959391,9.20514821361841
"A93","undefined--vi-hind.2025-05-19_21-32-30-000.f.de0","48.628583900946204,11.703270300014822,48.59742665705249,11.636338952269382","48.628583900946204,11.703270300014822","WARNING","A93 | Oberempfenbach - Wolnzach"," Regensburg -> Holledau",NA,NA,NA,2025-05-19,"Beginn: 19.05.25 um 21:32 Uhr  Fahrzeug-Hindernis, seit 19.05.2025, 21:32 A93: Regensburg -> Holledau, zwischen 3.1 km hinter Oberempfenbach und 0.4 km vor AS Wolnzach Gefahr durch ein defektes Fahrzeug auf der Fahrbahn",48.6285839009462,11.7032703000148
"A93","undefined--vi-avl.2025-05-19_21-32-30-000.f_001.de0","48.90933188095458,12.08599715834452,48.91815442153862,12.088580529652734","48.90933188095458,12.08599715834452","WARNING","A93 | Saalhaupt - Bad Abbach"," Holledau -> Regensburg",0,"SLOW_TRAFFIC","54.599998474121094",2025-05-19,"Beginn: 19.05.25 um 21:32 Uhr  Angespannte Verkehrslage, seit 19.05.2025, 21:32 A93: Holledau -> Regensburg, zwischen 2.3 km hinter AD Saalhaupt und 1.8 km vor AS Bad Abbach  Langsamer Verkehr Reisezeitverlust: 0 Minuten Durchschnittsgeschwindigkeit: 54 km/h",48.9093318809546,12.0859971583445
"A96","undefined--vi-avl.2025-05-19_21-25-30-000.f_004.de0","48.033048183241775,10.433149918753754,48.03040241347317,10.461038750669983","48.033048183241775,10.433149918753754","WARNING","A96 | Kammlachtal - Mindelheim"," Lindau -> München",1,"SLOW_TRAFFIC","63.400001525878906",2025-05-19,"Beginn: 19.05.25 um 21:25 Uhr  Angespannte Verkehrslage, seit 19.05.2025, 21:25 A96: Lindau -> München, zwischen 1.0 km hinter Kammlachtal und 3.9 km vor AS Mindelheim  Langsamer Verkehr Reisezeitverlust: 1 Minuten Durchschnittsgeschwindigkeit: 63 km/h",48.0330481832418,10.4331499187538
"A96","undefined--vi-avl.2025-05-19_20-08-00-000.f.de0","48.03514414648259,10.651697838230055,48.02680776850765,10.683411200384159","48.03514414648259,10.651697838230055","WARNING","A96 | Bad Wörishofen - Buchloe-West"," Lindau -> München",1,"SLOW_TRAFFIC","65.0999984741211",2025-05-19,"Beginn: 19.05.25 um 20:08 Uhr  Angespannte Verkehrslage, seit 19.05.2025, 20:08 A96: Lindau -> München, zwischen 2.5 km hinter AS Bad Wörishofen und 2.0 km vor AS Buchloe-West  Langsamer Verkehr Reisezeitverlust: 1 Minuten Durchschnittsgeschwindigkeit: 65 km/h",48.0351441464826,10.6516978382301
"A99","undefined--vi-hind.2025-05-19_21-00-00-000.f.de0","48.22568428554725,11.53753571910202,48.22822000094727,11.582903800012192","48.22568428554725,11.53753571910202","WARNING","A99 | München-Ludwigsfeld - München-Neuherberg"," München-Süd-West -> München-Nord",NA,NA,NA,2025-05-19,"Beginn: 19.05.25 um 21:00 Uhr  Fahrzeug-Hindernis, seit 19.05.2025, 21:00 A99: München-Süd-West -> München-Nord, zwischen 4.4 km hinter AS München-Ludwigsfeld und 0.3 km vor AS München-Neuherberg",48.2256842855473,11.537535719102
"A111","undefined--vi-avl.2025-05-19_21-27-30-000.f_001.de0","52.57792557164761,13.297541174951776,52.57792557164761,13.297541174951776","52.57792557164761,13.297541174951776","WARNING","A111 | Seidelstraße - Seidelstraße"," Dreieck Oranienburg -> Charlottenburg",NA,"SLOW_TRAFFIC","7",2025-05-19,"Beginn: 19.05.25 um 21:31 Uhr  Angespannte Verkehrslage, seit 19.05.2025, 21:31 A111: Dreieck Oranienburg -> Charlottenburg, 1.3 km vor AS Seidelstraße, aus Richtung Holzhauser Straße  Langsamer Verkehr Durchschnittsgeschwindigkeit: 7 km/h",52.5779255716476,13.2975411749518
"A111","undefined--vi-avl.2025-05-19_21-22-00-000.f.de0","52.57791850732824,13.297550277402,52.56533377074551,13.309430108586172","52.57791850732824,13.297550277402","WARNING","A111 | Holzhauser Straße - Eichborndamm"," Dreieck Oranienburg -> Charlottenburg",2,"QUEUING_TRAFFIC","23.399999618530273",2025-05-19,"Beginn: 19.05.25 um 21:22 Uhr  Angespannte Verkehrslage, seit 19.05.2025, 21:22 A111: Dreieck Oranienburg -> Charlottenburg, zwischen AS Holzhauser Straße und 0.2 km vor AS Eichborndamm  Stockender Verkehr Reisezeitverlust: 2 Minuten Durchschnittsgeschwindigkeit: 23 km/h",52.5779185073282,13.297550277402
"A111","undefined--vi-avl.2025-05-19_21-15-30-000.f.de0","52.61682924020877,13.25024430200584,52.61682924020877,13.25024430200584","52.61682924020877,13.25024430200584","WARNING","A111 | Schulzendorfer Straße - Schulzendorfer Straße"," Dreieck Oranienburg -> Charlottenburg",NA,"STATIONARY_TRAFFIC","1",2025-05-19,"Beginn: 19.05.25 um 21:32 Uhr  Angespannte Verkehrslage, seit 19.05.2025, 21:32 A111: Dreieck Oranienburg -> Charlottenburg, 0.3 km vor AS Schulzendorfer Straße, aus Richtung Stolper Heide  Im Stillstand Durchschnittsgeschwindigkeit: 1 km/h",52.6168292402088,13.2502443020058
"A111","undefined--vi-avl.2025-05-19_21-15-30-000.f_004.de0","52.61681713924981,13.250222493552037,52.613329505215916,13.248382456596776","52.61681713924981,13.250222493552037","WARNING","A111 | Stolper Heide - Beyschlagtunnel"," Dreieck Oranienburg -> Charlottenburg",12,"STATIONARY_TRAFFIC","2.200000047683716",2025-05-19,"Beginn: 19.05.25 um 21:15 Uhr  Angespannte Verkehrslage, seit 19.05.2025, 21:15 A111: Dreieck Oranienburg -> Charlottenburg, zwischen 3.1 km hinter Stolper Heide und 0.3 km vor Beyschlagtunnel  Im Stillstand Reisezeitverlust: 12 Minuten Durchschnittsgeschwindigkeit: 2 km/h",52.6168171392498,13.250222493552
"A113","undefined--vi-zus.2025-05-06_00-21-00-000.f_002.de0","52.431770300930815,13.501964500120101,52.420514923982736,13.521858832895003","52.431770300930815,13.501964500120101","WARNING","A113 | Stubenrauchstraße - Rudower Höhe"," Neukölln -> Schönefeld",NA,NA,NA,2025-05-06,"Beginn: 06.05.25 um 00:21 Uhr  Zusammengesetzte Verkehrsinformation, seit 06.05.2025, 00:21 A113: Neukölln -> Schönefeld, zwischen 0.3 km hinter AS Stubenrauchstraße und Rudower Höhe  A113 Autobahnzubringer Dresden, Neukölln Richtung Schönefeld
zwischen Stubenrauchstraße und Tunnel Rudower Höhe
linker Fahrstreifen gesperrt, Bauarbeiten, bis voraussichtlich 20.06.2025",52.4317703009308,13.5019645001201
"A113","undefined--vi-avl.2025-05-19_21-15-00-000.f_001.de0","52.430980184410174,13.503564338746818,52.42776271360021,13.516852424419177","52.430980184410174,13.503564338746818","WARNING","A113 | Stubenrauchstraße - Rudower Höhe"," Neukölln -> Schönefeld",5,"STATIONARY_TRAFFIC","9.100000381469727",2025-05-19,"Beginn: 19.05.25 um 21:15 Uhr  Angespannte Verkehrslage, seit 19.05.2025, 21:15 A113: Neukölln -> Schönefeld, zwischen 0.5 km hinter AS Stubenrauchstraße und 1.0 km vor Rudower Höhe  Im Stillstand Reisezeitverlust: 5 Minuten Durchschnittsgeschwindigkeit: 9 km/h",52.4309801844102,13.5035643387468
"A113","undefined--vi-avl.2025-05-19_21-15-30-000.f_006.de0","52.430957609351566,13.503610047572513,52.430957609351566,13.503610047572513","52.430957609351566,13.503610047572513","WARNING","A113 | Adlershof - Adlershof"," Neukölln -> Schönefeld",NA,"STATIONARY_TRAFFIC","1",2025-05-19,"Beginn: 19.05.25 um 21:31 Uhr  Angespannte Verkehrslage, seit 19.05.2025, 21:31 A113: Neukölln -> Schönefeld, 0.8 km vor AS Adlershof, aus Richtung Stubenrauchstraße  Im Stillstand Durchschnittsgeschwindigkeit: 1 km/h",52.4309576093516,13.5036100475725
"A115","undefined--vi-zus.2024-10-09_07-09-40-000.f_531.de0","52.40027056808641,13.185163736426698,52.44227384698058,13.202709435405149","52.40027056808641,13.185163736426698","WARNING","A115 | Am Stern - Hüttenweg"," Dreieck Nuthetal -> Dreieck Funkturm",NA,NA,NA,2024-10-09,"Beginn: 09.10.24 um 07:09 Uhr  Zusammengesetzte Verkehrsinformation, seit 09.10.2024, 07:09 A115: Dreieck Nuthetal -> Dreieck Funkturm, zwischen 2.9 km hinter Am Stern und 3.8 km vor AS Hüttenweg  A115 Autobahnzubringer Magdeburg, Dreieck Nuthetal Richtung Dreieck Funkturm, zwischen Anschlussstelle Kleinmachnow und Anschlussstelle Spanische Allee, Baustelle, bis 31.10.2026 17:00 Uhr",52.4002705680864,13.1851637364267
"A620","undefined--vi-avl.2025-05-19_21-32-30-000.f_004.de0","49.30037246061895,6.748042499000912,49.29927314033738,6.749680333596396","49.30037246061895,6.748042499000912","WARNING","A620 | Saarlouis-Mitte - Saarlouis-Lisdorf"," Saarlouis -> Saarbrücken",0,"STATIONARY_TRAFFIC","12.199999809265137",2025-05-19,"Beginn: 19.05.25 um 21:32 Uhr  Angespannte Verkehrslage, seit 19.05.2025, 21:32 A620: Saarlouis -> Saarbrücken, zwischen 0.8 km hinter AS Saarlouis-Mitte und 1.4 km vor AS Saarlouis-Lisdorf  Im Stillstand Reisezeitverlust: 0 Minuten Durchschnittsgeschwindigkeit: 12 km/h",49.300372460619,6.74804249900091
"A620","undefined--vi-avl.2025-05-19_21-32-30-000.f_006.de0","49.30037246061895,6.748042499000912,49.30037246061895,6.748042499000912","49.30037246061895,6.748042499000912","WARNING","A620 | Saarlouis - Saarlouis"," Saarlouis -> Saarbrücken",NA,"STATIONARY_TRAFFIC","12",2025-05-19,"Beginn: 19.05.25 um 21:32 Uhr  Angespannte Verkehrslage, seit 19.05.2025, 21:32 A620: Saarlouis -> Saarbrücken, 0.1 km vor Saarlouis, aus Richtung Saarlouis-Mitte  Im Stillstand Durchschnittsgeschwindigkeit: 12 km/h",49.300372460619,6.74804249900091
