"road","identifier","extent","point","display_type","title","subtitle","delay_minutes","abnormalTrafficType","averageSpeed","startTimestamp","description","latitude","longitude"
"A1","undefined--vi-avl.2025-05-24_01-19-30-000.f_003.de0","50.8437206627885,6.801115812210484,50.85269977087939,6.804601196334652","50.8437206627885,6.801115812210484","WARNING","A1 | Erfttal - Ville"," Euskirchen -> Köln",0,"SLOW_TRAFFIC","62.599998474121094",2025-05-24,"Beginn: 24.05.25 um 01:19 Uhr  Angespannte Verkehrslage, seit 24.05.2025, 01:19 A1: Euskirchen -> Köln, zwischen 3.3 km hinter AD Erfttal und 0.6 km vor Ville  Langsamer Verkehr Reisezeitverlust: 0 Minuten Durchschnittsgeschwindigkeit: 62 km/h",50.8437206627885,6.80111581221048
"A2","undefined--vi-zus.2025-05-24_00-16-00-000.f.de0","51.90043945737488,8.478341001921981,51.903752334968125,8.495208356370213","51.90043945737488,8.478341001921981","WARNING","A2 | Heideplatz - Niedergassel"," Dortmund -> Hannover",2,"STATIONARY_TRAFFIC","22.299999237060547",2025-05-24,"Beginn: 24.05.25 um 00:16 Uhr  Zusammengesetzte Verkehrsinformation, seit 24.05.2025, 00:16 A2: Dortmund -> Hannover, zwischen 1.6 km hinter Heideplatz und 3.8 km vor Niedergassel  Im Stillstand Reisezeitverlust: 2 Minuten Durchschnittsgeschwindigkeit: 22 km/h",51.9004394573749,8.47834100192198
"A2","undefined--vi-unf.2025-05-24_00-24-00-000.f.de0","51.90146807086206,8.48413896978015,51.90547632138758,8.502196031082278","51.90146807086206,8.48413896978015","WARNING","A2 | Heideplatz - Niedergassel"," Dortmund -> Hannover",NA,NA,NA,2025-05-24,"Beginn: 24.05.25 um 00:24 Uhr  Unfall, seit 24.05.2025, 00:24 A2: Dortmund -> Hannover, zwischen 2.0 km hinter Heideplatz und 3.3 km vor Niedergassel",51.9014680708621,8.48413896978015
"A2","undefined--vi-avl.2025-05-24_00-39-30-000.f.de0","51.90043945737488,8.478341001921981,51.90043945737488,8.478341001921981","51.90043945737488,8.478341001921981","WARNING","A2 | Niedergassel - Niedergassel"," Dortmund -> Hannover",NA,"STATIONARY_TRAFFIC","15",2025-05-24,"Beginn: 24.05.25 um 01:22 Uhr  Angespannte Verkehrslage, seit 24.05.2025, 01:22 A2: Dortmund -> Hannover, 5.0 km vor Niedergassel, aus Richtung Heideplatz  Im Stillstand Durchschnittsgeschwindigkeit: 15 km/h",51.9004394573749,8.47834100192198
"A3","undefined--vi-hind.2025-05-23_23-28-30-000.f_004.de0","49.76950259077636,10.479947107070716,49.74480500094221,10.629872800001372","49.76950259077636,10.479947107070716","WARNING","A3 | Geiselwind - Schlüsselfeld"," Würzburg -> Nürnberg",NA,NA,NA,2025-05-23,"Beginn: 23.05.25 um 23:28 Uhr  Fahrzeug-Hindernis, seit 23.05.2025, 23:28 A3: Würzburg -> Nürnberg, zwischen 0.3 km hinter AS Geiselwind und 0.2 km vor AS Schlüsselfeld",49.7695025907764,10.4799471070707
"A3","undefined--vi-hind.2025-05-24_00-42-38-000.f_001.de0","51.56298660093304,6.806054099995677,51.56298660093304,6.806054099995677","51.56298660093304,6.806054099995677","WARNING","A3 | Sippenwies - Dinslaken-Süd"," Arnheim -> Oberhausen",NA,NA,NA,2025-05-24,"Beginn: 24.05.25 um 00:42 Uhr  Fahrzeug-Hindernis, seit 24.05.2025, 00:42 A3: Arnheim -> Oberhausen, zwischen 1.8 km hinter Sippenwies und 0.3 km vor AS Dinslaken-Süd Gefahr durch ein defektes Fahrzeug auf der Fahrbahn",51.562986600933,6.80605409999568
"A3","undefined--vi-avl.2025-05-24_00-38-30-000.f_001.de0","51.89839901701434,6.165717280673193,51.89839901701434,6.165717280673193","51.89839901701434,6.165717280673193","WARNING","A3 | Knauheide - Knauheide"," Arnheim -> Oberhausen",NA,"QUEUING_TRAFFIC","14",2025-05-24,"Beginn: 24.05.25 um 01:21 Uhr  Angespannte Verkehrslage, seit 24.05.2025, 01:21 A3: Arnheim -> Oberhausen, 0.1 km vor Knauheide, aus Richtung Elten  Stockender Verkehr Durchschnittsgeschwindigkeit: 14 km/h",51.8983990170143,6.16571728067319
"A3","undefined--vi-avl.2025-05-24_00-37-08-000.f.de0","51.89839901701434,6.165717280673193,51.89532710093108,6.168877099986451","51.89839901701434,6.165717280673193","WARNING","A3 | Elten - Elten"," Arnheim -> Oberhausen",0,"QUEUING_TRAFFIC","34.70000076293945",2025-05-24,"Beginn: 24.05.25 um 00:37 Uhr  Angespannte Verkehrslage, seit 24.05.2025, 00:37 A3: Arnheim -> Oberhausen, zwischen 0.4 km hinter Elten und 1.4 km vor AS Elten  Stockender Verkehr Reisezeitverlust: 0 Minuten Durchschnittsgeschwindigkeit: 34 km/h",51.8983990170143,6.16571728067319
"A5","undefined--vi-zus.2025-05-24_01-20-30-000.f.de0","50.780600520256314,9.407085418955285,50.78839780994479,9.44148546285077","50.780600520256314,9.407085418955285","WARNING","A5 | Berfa - Frohnkreuz"," Frankfurt -> Kassel",1,"SLOW_TRAFFIC","63.79999923706055",2025-05-24,"Beginn: 24.05.25 um 01:20 Uhr  Zusammengesetzte Verkehrsinformation, seit 24.05.2025, 01:20 A5: Frankfurt -> Kassel, zwischen 4.1 km hinter Berfa und 0.3 km vor Frohnkreuz  Langsamer Verkehr Reisezeitverlust: 1 Minuten Durchschnittsgeschwindigkeit: 63 km/h",50.7806005202563,9.40708541895529
"A6","undefined--vi-hind.2025-05-24_01-14-00-000.f.de0","49.21485588555418,9.016412431407842,49.214656140103834,9.017930943332654","49.21485588555418,9.016412431407842","WARNING","A6 | Bauernwald - Bad Rappenau"," Mannheim -> Heilbronn",NA,NA,NA,2025-05-24,"Beginn: 24.05.25 um 01:14 Uhr  Fahrzeug-Hindernis, seit 24.05.2025, 01:14 A6: Mannheim -> Heilbronn, zwischen 3.3 km hinter Bauernwald und 4.3 km vor AS Bad Rappenau Gefahr durch ein defektes Fahrzeug auf der Fahrbahn",49.2148558855542,9.01641243140784
"A6","undefined--vi-hind.2025-05-24_01-14-30-000.f.de0","49.2137140300611,9.027027440409405,49.213580844816015,9.028938771327084","49.2137140300611,9.027027440409405","WARNING","A6 | Bauernwald - Bad Rappenau"," Mannheim -> Heilbronn",NA,NA,NA,2025-05-24,"Beginn: 24.05.25 um 01:14 Uhr  Hindernis, seit 24.05.2025, 01:14 A6: Mannheim -> Heilbronn, zwischen 4.0 km hinter Bauernwald und 3.4 km vor AS Bad Rappenau  Gefahr durch Gegenstände auf der Fahrbahn",49.2137140300611,9.02702744040941
"A6","undefined--vi-zus.2025-05-24_00-44-00-000.f.de0","49.177312283564525,9.961421913186609,49.17834636507958,10.031078925777432","49.177312283564525,9.961421913186609","WARNING","A6 | Kirchberg - Crailsheim"," Heilbronn -> Nürnberg",2,"SLOW_TRAFFIC","66.80000305175781",2025-05-24,"Beginn: 24.05.25 um 00:44 Uhr  Zusammengesetzte Verkehrsinformation, seit 24.05.2025, 00:44 A6: Heilbronn -> Nürnberg, zwischen AS Kirchberg und 3.1 km vor AS Crailsheim  Langsamer Verkehr Reisezeitverlust: 2 Minuten Durchschnittsgeschwindigkeit: 66 km/h",49.1773122835645,9.96142191318661
"A7","undefined--vi-zus.2025-05-24_01-22-30-000.f.de0","47.573449446743105,10.661097662290308,47.573449446743105,10.661097662290308","47.573449446743105,10.661097662290308","WARNING","A7 | Grenztunnel Füssen - Reinertshofertunnel"," Füssen/Reutte -> Ulm",0,"STATIONARY_TRAFFIC","7.900000095367432",2025-05-24,"Beginn: 24.05.25 um 01:22 Uhr  Zusammengesetzte Verkehrsinformation, seit 24.05.2025, 01:22 A7: Füssen/Reutte -> Ulm, zwischen 1.6 km hinter Grenztunnel Füssen und 3.0 km vor Reinertshofertunnel  Im Stillstand Reisezeitverlust: 0 Minuten Durchschnittsgeschwindigkeit: 7 km/h",47.5734494467431,10.6610976622903
"A7","undefined--vi-hind.2025-05-24_00-53-30-000.f_001.de0","48.952620200945155,10.187341000000472,48.88385230094537,10.164864700000455","48.952620200945155,10.187341000000472","WARNING","A7 | Ellwangen - Agnesburgtunnel"," Würzburg -> Ulm",NA,NA,NA,2025-05-24,"Beginn: 24.05.25 um 00:53 Uhr  Hindernis, seit 24.05.2025, 00:53 A7: Würzburg -> Ulm, zwischen 0.2 km hinter AS Ellwangen und 1.1 km vor Agnesburgtunnel  Gefahr durch Gegenstände auf der Fahrbahn",48.9526202009452,10.1873410000005
"A7","undefined--vi-hind.2025-05-24_00-16-30-000.f_002.de0","50.12427460094059,9.958557100000329,50.06529585519222,10.04589058046119","50.12427460094059,9.958557100000329","WARNING","A7 | Saalebrücke - Wasserlosen"," Fulda -> Würzburg",NA,NA,NA,2025-05-24,"Beginn: 24.05.25 um 00:16 Uhr  Fahrzeug-Hindernis, seit 24.05.2025, 00:16 A7: Fulda -> Würzburg, zwischen 2.8 km hinter Saalebrücke und AS Wasserlosen Gefahr durch ein defektes Fahrzeug auf der Fahrbahn",50.1242746009406,9.95855710000033
"A7","undefined--vi-zus.2025-03-31_00-40-00-000.f_018.de0","53.579141433849884,9.913430072127355,53.55636870091902,9.897540700000414","53.579141433849884,9.913430072127355","WARNING","A7 | Hamburg-Volkspark - Elbtunnel (Nordportal)"," Flensburg -> Hamburg",NA,NA,NA,2025-03-31,"Beginn: 31.03.25 um 00:40 Uhr  Zusammengesetzte Verkehrsinformation, seit 31.03.2025, 00:40 A7: Flensburg -> Hamburg, zwischen 0.4 km hinter AS Hamburg-Volkspark und 0.9 km vor Elbtunnel (Nordportal)  A7 Flensburg Richtung Hamburg Ausfahrt Hamburg-Othmarschen Fahrbahnverengung, maximale Fahrbahnbreite von 4,50 m, Bauarbeiten, bis 29.09.2025",53.5791414338499,9.91343007212735
"A7","undefined--vi-avl.2025-05-23_20-00-30-000.f_003.de0","54.804956120681226,9.328584387866814,54.804956120681226,9.328584387866814","54.804956120681226,9.328584387866814","WARNING","A7 | Ellund - Ellund"," Flensburg -> Hamburg",NA,"QUEUING_TRAFFIC","16",2025-05-24,"Beginn: 24.05.25 um 01:22 Uhr  Angespannte Verkehrslage, seit 24.05.2025, 01:22 A7: Flensburg -> Hamburg, 0.1 km vor Ellund, aus Richtung Ellund  Stockender Verkehr Durchschnittsgeschwindigkeit: 16 km/h",54.8049561206812,9.32858438786681
"A7","undefined--vi-avl.2025-05-23_19-55-04-000.f.de0","54.8049820054157,9.328571338481932,54.80066594276168,9.33076576341325","54.8049820054157,9.328571338481932","WARNING","A7 | Ellund - Flensburg/Harrislee"," Flensburg -> Hamburg",0,"QUEUING_TRAFFIC","24.799999237060547",2025-05-23,"Beginn: 23.05.25 um 19:55 Uhr  Angespannte Verkehrslage, seit 23.05.2025, 19:55 A7: Flensburg -> Hamburg, zwischen 0.1 km hinter Ellund und 3.3 km vor AS Flensburg/Harrislee  Stockender Verkehr Reisezeitverlust: 0 Minuten Durchschnittsgeschwindigkeit: 24 km/h",54.8049820054157,9.32857133848193
"A8","undefined--vi-zus.2025-05-14_09-26-56-000.f.de0","49.32628400979037,7.229641516813452,49.329166750017514,7.1882642393148934","49.32628400979037,7.229641516813452","WARNING","A8 | Neunkirchen-Wellesweiler - Neunkirchen/Spiesen"," Neunkirchen -> Saarlouis",NA,NA,NA,2025-05-14,"Beginn: 14.05.25 um 09:26 Uhr  Zusammengesetzte Verkehrsinformation, seit 14.05.2025, 09:26 A8: Neunkirchen -> Saarlouis, zwischen 0.4 km hinter AS Neunkirchen-Wellesweiler und 2.7 km vor AS Neunkirchen/Spiesen  A8 Saarlouis - Neunkirchen zwischen Neunkirchen-Spiesen und Neunkirchen-Oberstadt in beiden Richtungen Bauarbeiten, bis voraussichtlich 01.06.2025",49.3262840097904,7.22964151681345
"A9","undefined--vi-avl.2025-05-24_01-19-30-000.f_002.de0","50.03554651219452,11.608392296565436,50.01670071958735,11.60478243957613","50.03554651219452,11.608392296565436","WARNING","A9 | Bad Berneck/Himmelkron - Bindlacher Berg"," Halle/Leipzig -> Nürnberg",1,"SLOW_TRAFFIC","51.70000076293945",2025-05-24,"Beginn: 24.05.25 um 01:19 Uhr  Angespannte Verkehrslage, seit 24.05.2025, 01:19 A9: Halle/Leipzig -> Nürnberg, zwischen 2.3 km hinter AS Bad Berneck/Himmelkron und 0.2 km vor AS Bindlacher Berg  Langsamer Verkehr Reisezeitverlust: 1 Minuten Durchschnittsgeschwindigkeit: 51 km/h",50.0355465121945,11.6083922965654
"A10","undefined--vi-hind.2025-05-23_22-54-30-000.f_005.de0","52.475752878531814,12.955350709528462,52.538475600927995,12.96533290006355","52.475752878531814,12.955350709528462","WARNING","A10 | Potsdam-Nord - Berlin-Spandau"," Dreieck Werder -> Dreieck Havelland",NA,NA,NA,2025-05-23,"Beginn: 23.05.25 um 22:54 Uhr  Hindernis, seit 23.05.2025, 22:54 A10: Dreieck Werder -> Dreieck Havelland, zwischen 0.3 km hinter AS Potsdam-Nord und 1.9 km vor AS Berlin-Spandau  Gefahr durch eine ungesicherte Unfallstelle",52.4757528785318,12.9553507095285
"A12","WarnungA10Lkw3","47.61802931631098,12.202336027754352,47.61802931631098,12.202336027754352","47.61802931631098,12.202336027754352","WARNING","E45/E60 | LKW Blockabfertigung | A12-Inntal Autobahn","Richtung Italien",NA,NA,NA,2025-01-11,"Zeitraum: Beginn: 07.01.2025 Ende: 09.12.2025  Hinweis für LKW-Reisende nach Österreich: LKW-Blockabfertigungen an ausgewählten Tagen für Lkw am Grenzübergang Kufstein/Kiefersfelden. Maximaler Durchlass von 300 LKWs pro Stunde  Die genauen Ausführungszeiten und weitere Informationen auf tirol.gv.at/verkehr/verkehrs-und-seilbahnrecht/lkw-dosierung.",47.618029316311,12.2023360277544
"A12","WarnungA10Lkw2","47.6164490154047,12.202382557672273,47.6164490154047,12.202382557672273","47.6164490154047,12.202382557672273","WARNING","E43/E45/E60 | A13-Brenner Autobahn","Richtung Italien",NA,NA,NA,2025-01-11,"Zeitraum: Beginn: 11.01.2025 Ende: 27.09.2025  Hinweis für LKW-Reisende nach Österreich: LKW-Fahrverbot auf der A12-Inntal Autobahn, A13-Brenner Autobahn und A14-Rheintal/Walgau Autobahn, wenn das Ziel der Fahrt der Anschlussstelle Nößlach bis Anschlussstelle Brenner Nord der Richtungsfahrbahn Staatsgrenze der A 13 Brenner Autobahn erreicht werden soll. An ausgewählten Samstagen 7-15 Uhr sowie weiteren Tagen im Zeitraum 11.01. - 27.09.2025 Weitere Informationen auf http://asfinag.at/a13",47.6164490154047,12.2023825576723
"A15","undefined--vi-avl.2025-05-24_01-20-30-000.f.de0","51.75147816424343,14.135149981212495,51.76768866078256,14.103347681691329","51.75147816424343,14.135149981212495","WARNING","A15 | Cottbus-West - Vetschau"," Breslau -> Dreieck Spreewald",0,"SLOW_TRAFFIC","80",2025-05-24,"Beginn: 24.05.25 um 01:20 Uhr  Angespannte Verkehrslage, seit 24.05.2025, 01:20 A15: Breslau -> Dreieck Spreewald, zwischen 12.3 km hinter AS Cottbus-West und 3.2 km vor AS Vetschau  Langsamer Verkehr Reisezeitverlust: 0 Minuten Durchschnittsgeschwindigkeit: 80 km/h",51.7514781642434,14.1351499812125
"A17","undefined--vi-avl.2025-05-24_01-18-30-000.f.de0","51.00483130400861,13.74067564931061,51.008285700940974,13.728316900196363","51.00483130400861,13.74067564931061","WARNING","A17 | Am Nöthnitzgrund - Coschütz"," Prag -> Dresden",0,"SLOW_TRAFFIC","62.400001525878906",2025-05-24,"Beginn: 24.05.25 um 01:18 Uhr  Angespannte Verkehrslage, seit 24.05.2025, 01:18 A17: Prag -> Dresden, zwischen 0.4 km hinter Am Nöthnitzgrund und 3.3 km vor Coschütz  Langsamer Verkehr Reisezeitverlust: 0 Minuten Durchschnittsgeschwindigkeit: 62 km/h",51.0048313040086,13.7406756493106
"A31","undefined--vi-avl.2025-05-23_17-43-30-000.f_010.de0","52.25884102544591,7.173268418035341,52.24525348045627,7.161678480754817","52.25884102544591,7.173268418035341","WARNING","A31 | Gut Friedrichstal - Wester Mark"," Lingen (Ems) -> Gronau",1,"SLOW_TRAFFIC","54.599998474121094",2025-05-23,"Beginn: 23.05.25 um 17:49 Uhr  Angespannte Verkehrslage, seit 23.05.2025, 17:49 A31: Lingen (Ems) -> Gronau, zwischen 3.0 km hinter Gut Friedrichstal und 2.8 km vor Wester Mark  Langsamer Verkehr Reisezeitverlust: 1 Minuten Durchschnittsgeschwindigkeit: 54 km/h",52.2588410254459,7.17326841803534
"A33","undefined--vi-avl.2025-05-24_00-54-30-000.f_003.de0","52.06299676802618,8.320805780319365,52.06299676802618,8.320805780319365","52.06299676802618,8.320805780319365","WARNING","A33 | Halle (Westf.) - Halle (Westf.)"," Osnabrück -> Bielefeld",NA,"STATIONARY_TRAFFIC","2",2025-05-24,"Beginn: 24.05.25 um 01:16 Uhr  Angespannte Verkehrslage, seit 24.05.2025, 01:16 A33: Osnabrück -> Bielefeld, 2.8 km vor AS Halle (Westf.), aus Richtung Borgholzhausen  Im Stillstand Durchschnittsgeschwindigkeit: 2 km/h",52.0629967680262,8.32080578031936
"A33","undefined--vi-unf.2025-05-24_00-37-30-000.f.de0","52.06233917558966,8.323076344472025,52.050232258007185,8.340444817943448","52.06233917558966,8.323076344472025","WARNING","A33 | Borgholzhausen - Halle (Westf.)"," Osnabrück -> Bielefeld",NA,NA,NA,2025-05-24,"Beginn: 24.05.25 um 00:37 Uhr  Unfall, seit 24.05.2025, 00:37 A33: Osnabrück -> Bielefeld, zwischen 5.9 km hinter AS Borgholzhausen und 0.7 km vor AS Halle (Westf.)",52.0623391755897,8.32307634447202
"A33","undefined--vi-zus.2025-05-24_00-49-30-000.f.de0","52.06299676802618,8.320805780319365,52.059095308689244,8.332292574749973","52.06299676802618,8.320805780319365","WARNING","A33 | Borgholzhausen - Halle (Westf.)"," Osnabrück -> Bielefeld",30,"STATIONARY_TRAFFIC","1.7000000476837158",2025-05-24,"Beginn: 24.05.25 um 00:49 Uhr  Zusammengesetzte Verkehrsinformation, seit 24.05.2025, 00:49 A33: Osnabrück -> Bielefeld, zwischen 5.7 km hinter AS Borgholzhausen und 1.9 km vor AS Halle (Westf.)  Im Stillstand Reisezeitverlust: 30 Minuten Durchschnittsgeschwindigkeit: 1 km/h",52.0629967680262,8.32080578031936
"A37","undefined--vi-zus.2025-05-20_10-04-05-000.f_002.de0","52.442156462690335,9.933442989087833,52.436581812162494,9.913211841333315","52.442156462690335,9.933442989087833","WARNING","A37 | Beinhorn - Hannover-Kirchhorst"," Celle -> Hannover",NA,NA,NA,2025-05-20,"Beginn: 20.05.25 um 10:04 Uhr  Zusammengesetzte Verkehrsinformation, seit 20.05.2025, 10:04 B3: Celle -> Hannover, zwischen 0.4 km hinter AS Beinhorn und 2.1 km vor AK Hannover-Kirchhorst  A37 Messe - Burgdorf
zwischen Kreuz Hannover-Buchholz und Beinhorn
in beiden Richtungen geänderte Verkehrsführung im Baustellenbereich, Bauarbeiten, bis 30.10.2026 ca. 18:00 Uhr",52.4421564626903,9.93344298908783
"A37","undefined--vi-zus.2025-05-20_10-04-05-000.f_003.de0","52.42566547847685,9.880479425875153,52.44102213295518,9.93161290421946","52.42566547847685,9.880479425875153","WARNING","Baustelle"," km 22.62 --> km 26.54",NA,NA,NA,2025-05-20,"Beginn: 20.05.25 um 10:04 Uhr  Zusammengesetzte Verkehrsinformation, seit 20.05.2025, 10:04 A37: km 22.62 --> km 26.54  A37 Messe - Burgdorf
zwischen Kreuz Hannover-Buchholz und Beinhorn
in beiden Richtungen geänderte Verkehrsführung im Baustellenbereich, Bauarbeiten, bis 30.10.2026 ca. 18:00 Uhr",52.4256654784769,9.88047942587515
"A44","undefined--vi-avl.2025-05-23_18-31-56-000.f_001.de0","51.53717749199077,8.871371138946483,51.54242256987528,8.832537995817392","51.53717749199077,8.871371138946483","WARNING","A44 | Marsberg - Sintfeld"," Kassel -> Dortmund",1,"SLOW_TRAFFIC","61.599998474121094",2025-05-23,"Beginn: 23.05.25 um 18:31 Uhr  Angespannte Verkehrslage, seit 23.05.2025, 18:31 A44: Kassel -> Dortmund, zwischen 6.8 km hinter AS Marsberg und 2.7 km vor Sintfeld  Langsamer Verkehr Reisezeitverlust: 1 Minuten Durchschnittsgeschwindigkeit: 61 km/h",51.5371774919908,8.87137113894648
"A45","undefined--vi-avl.2025-05-23_22-40-00-000.f.de0","50.55176183782072,8.564926000702359,50.560770378623516,8.559489010048084","50.55176183782072,8.564926000702359","WARNING","A45 | Gießen-Lützellinden - Wetzlar-Ost"," Aschaffenburg -> Hagen",0,"SLOW_TRAFFIC","45.70000076293945",2025-05-23,"Beginn: 23.05.25 um 22:40 Uhr  Angespannte Verkehrslage, seit 23.05.2025, 22:40 A45: Aschaffenburg -> Hagen, zwischen 3.6 km hinter AS Gießen-Lützellinden und 1.5 km vor AS Wetzlar-Ost  Langsamer Verkehr Reisezeitverlust: 0 Minuten Durchschnittsgeschwindigkeit: 45 km/h",50.5517618378207,8.56492600070236
"A60","undefined--vi-avl.2025-05-24_01-19-30-000.f_001.de0","50.19803264586896,6.270805708139427,50.206133547578645,6.2469692836880615","50.19803264586896,6.270805708139427","WARNING","A60 | Schnee-Eifel - Winterspelt"," Wittlich -> Lüttich",1,"SLOW_TRAFFIC","50.099998474121094",2025-05-24,"Beginn: 24.05.25 um 01:19 Uhr  Angespannte Verkehrslage, seit 24.05.2025, 01:19 A60: Wittlich -> Lüttich, zwischen 5.6 km hinter Schnee-Eifel und 4.6 km vor AS Winterspelt  Langsamer Verkehr Reisezeitverlust: 1 Minuten Durchschnittsgeschwindigkeit: 50 km/h",50.198032645869,6.27080570813943
"A60","undefined--vi-zus.2025-04-08_08-51-21-000.f_013.de0","49.98125533976677,8.345695317688524,49.97565770865279,8.441396718063045","49.98125533976677,8.345695317688524","WARNING","A60 | Mainspitz-Dreieck - Rüsselsheimer Dreieck"," Mainz -> Rüsselsheim",NA,NA,NA,2025-04-08,"Beginn: 08.04.25 um 08:51 Uhr  Zusammengesetzte Verkehrsinformation, seit 08.04.2025, 08:51 A60: Mainz -> Rüsselsheim, zwischen 0.5 km hinter AD Mainspitz-Dreieck und 2.2 km vor AD Rüsselsheimer Dreieck  Sperrung der A60 bei Königstädten – Grundhafte Fahrbahnerneuerung zwischen dem Rüsselsheimer Dreieck und dem Mainspitz Dreieck. Die Niederlassung West der Autobahn GmbH erneuert zwischen dem Rüsselsheimer Dreieck (30) und dem Mainspitz Dreieck (26) die Fahrbahn. Von Donnerstagmorgen (24. April) bis Mitte Juli wird die Anschlussstelle (AS) Königstädten (29) in Fahrtrichtung (FR) Mainz sowie in FR Rüsselsheimer Dreieck gesperrt. Umleitungsmöglichkeiten sind ausgeschildert: • Ausfahrt FR Mainz: Umleitung via AS Rüsselsheim-Mitte • Einfahrt FR Mainz: innerstädtische Umleitung zur AS Rüsselsheim-Mitte (Adam-Opel-Straße / Kurt-Schumacher-Ring), von Nauheim kommend via L3482 zur AS Bischofsheim • Einfahrt FR Darmstadt: innerstädtische Umleitung zur AS Rüsselsheim-Mitte (Adam-Opel-Straße / Kurt-Schumacher-Ring) Die Autobahn GmbH bittet alle Verkehrsteilnehmer um Verständnis für die unvermeidlichen Verkehrsbehinderungen, die durch die Arbeiten entstehen.",49.9812553397668,8.34569531768852
"A60","undefined--vi-zus.2025-05-03_10-55-00-000.f_003.de0","49.977457399447445,8.454646346787307,49.981587265039146,8.34517285786785","49.977457399447445,8.454646346787307","WARNING","A60 | Rüsselsheimer Dreieck - Mainspitz-Dreieck"," Rüsselsheim -> Mainz",NA,NA,NA,2025-05-03,"Beginn: 03.05.25 um 10:55 Uhr  Zusammengesetzte Verkehrsinformation, seit 03.05.2025, 10:55 A60: Rüsselsheim -> Mainz, zwischen 0.6 km hinter AD Rüsselsheimer Dreieck und 0.5 km vor AD Mainspitz-Dreieck  Sperrung der A60 bei Königstädten – Grundhafte Fahrbahnerneuerung zwischen dem Rüsselsheimer Dreieck und dem Mainspitz Dreieck. Die Niederlassung West der Autobahn GmbH erneuert zwischen dem Rüsselsheimer Dreieck (30) und dem Mainspitz Dreieck (26) die Fahrbahn. Von Donnerstagmorgen (24. April) bis Mitte Juli wird die Anschlussstelle (AS) Königstädten (29) in Fahrtrichtung (FR) Mainz sowie in FR Rüsselsheimer Dreieck gesperrt. Umleitungsmöglichkeiten sind ausgeschildert: • Ausfahrt FR Mainz: Umleitung via AS Rüsselsheim-Mitte • Einfahrt FR Mainz: innerstädtische Umleitung zur AS Rüsselsheim-Mitte (Adam-Opel-Straße / Kurt-Schumacher-Ring), von Nauheim kommend via L3482 zur AS Bischofsheim • Einfahrt FR Darmstadt: innerstädtische Umleitung zur AS Rüsselsheim-Mitte (Adam-Opel-Straße / Kurt-Schumacher-Ring) Die Autobahn GmbH bittet alle Verkehrsteilnehmer um Verständnis für die unvermeidlichen Verkehrsbehinderungen, die durch die Arbeiten entstehen.",49.9774573994474,8.45464634678731
"A61","undefined--vi-hind.2025-05-24_01-09-00-000.f_001.de0","50.16332180289206,7.594639387206764,50.21408630094016,7.553517099999111","50.16332180289206,7.594639387206764","WARNING","A61 | Emmelshausen - Boppard"," Ludwigshafen -> Koblenz",NA,NA,NA,2025-05-24,"Beginn: 24.05.25 um 01:09 Uhr  Hindernis, seit 24.05.2025, 01:09 A61: Ludwigshafen -> Koblenz, zwischen 0.4 km hinter AS Emmelshausen und 0.1 km vor AS Boppard  Gefahr durch Gegenstände auf der Fahrbahn",50.1633218028921,7.59463938720676
"A63","undefined--vi-zus.2025-05-24_00-43-38-000.f.de0","49.89010370919222,8.183114516818433,49.898664331512826,8.188817295975959","49.89010370919222,8.183114516818433","WARNING","A63 | Wörrstadt - Nieder-Olm-Nord"," Kaiserslautern -> Mainz",1,"STATIONARY_TRAFFIC","33.099998474121094",2025-05-24,"Beginn: 24.05.25 um 00:43 Uhr  Zusammengesetzte Verkehrsinformation, seit 24.05.2025, 00:43 A63: Kaiserslautern -> Mainz, zwischen 6.2 km hinter AS Wörrstadt und 1.7 km vor AS Nieder-Olm-Nord  Im Stillstand Reisezeitverlust: 1 Minuten Durchschnittsgeschwindigkeit: 33 km/h",49.8901037091922,8.18311451681843
"A63","undefined--vi-unf.2025-05-24_00-21-30-000.f_002.de0","49.89292540094159,8.185296499999767,49.91524310094151,8.193600899999767","49.89292540094159,8.185296499999767","WARNING","A63 | Wörrstadt - Klein-Winternheim"," Kaiserslautern -> Mainz",NA,NA,NA,2025-05-24,"Beginn: 24.05.25 um 00:21 Uhr  Unfall, seit 24.05.2025, 00:21 A63: Kaiserslautern -> Mainz, zwischen 6.5 km hinter AS Wörrstadt und 4.4 km vor AS Klein-Winternheim",49.8929254009416,8.18529649999977
"A63","undefined--vi-unf.2025-05-24_00-25-30-000.f_001.de0","49.90334656238411,8.190803880274553,49.91524310094151,8.193600899999767","49.90334656238411,8.190803880274553","WARNING","A63 | Saulheim - Klein-Winternheim"," Kaiserslautern -> Mainz",NA,NA,NA,2025-05-24,"Beginn: 24.05.25 um 00:25 Uhr  Unfall, seit 24.05.2025, 00:25 A63: Kaiserslautern -> Mainz, zwischen 0.9 km hinter AS Saulheim und 4.4 km vor AS Klein-Winternheim",49.9033465623841,8.19080388027455
"A96","undefined--vi-zus.2025-05-23_19-28-37-000.f.de0","47.56902535414529,9.736447041264187,47.580126172011965,9.735401038457654","47.56902535414529,9.736447041264187","WARNING","A96 | Lindau - Weißensberg"," Bregenz -> München",1,"SLOW_TRAFFIC","47.400001525878906",2025-05-23,"Beginn: 23.05.25 um 19:28 Uhr  Zusammengesetzte Verkehrsinformation, seit 23.05.2025, 19:28 A96: Bregenz -> München, zwischen 2.9 km hinter AS Lindau und 1.5 km vor AS Weißensberg  Langsamer Verkehr Reisezeitverlust: 1 Minuten Durchschnittsgeschwindigkeit: 47 km/h",47.5690253541453,9.73644704126419
"A96","undefined--vi-avl.2025-05-24_00-28-30-000.f.de0","47.94304269601482,10.100937635690293,47.932503162323194,10.094873706257136","47.94304269601482,10.100937635690293","WARNING","A96 | Buxheimer Wald - Aichstetten"," München -> Lindau",0,"SLOW_TRAFFIC","65.69999694824219",2025-05-24,"Beginn: 24.05.25 um 00:28 Uhr  Angespannte Verkehrslage, seit 24.05.2025, 00:28 A96: München -> Lindau, zwischen 3.2 km hinter Buxheimer Wald und 6.9 km vor AS Aichstetten  Langsamer Verkehr Reisezeitverlust: 0 Minuten Durchschnittsgeschwindigkeit: 65 km/h",47.9430426960148,10.1009376356903
"A96","undefined--vi-unf.2025-05-24_01-22-00-000.f.de0","48.06598210094764,10.864956900002573,48.056931314808736,10.899872011226737","48.06598210094764,10.864956900002573","WARNING","A96 | Lechwiesen - Landsberg am Lech-Ost"," Lindau -> München",NA,NA,NA,2025-05-24,"Beginn: 24.05.25 um 01:22 Uhr  Unfall, seit 24.05.2025, 01:22 A96: Lindau -> München, zwischen 1.6 km hinter Lechwiesen und 0.6 km vor AS Landsberg am Lech-Ost",48.0659821009476,10.8649569000026
"A113","undefined--vi-zus.2025-05-23_04-57-30-000.f.de0","52.43617318100181,13.493052326243479,52.427730500930934,13.517008500122175","52.43617318100181,13.493052326243479","WARNING","A113 | Johannisthaler Chaussee - Rudower Höhe"," Neukölln -> Schönefeld",NA,NA,NA,2025-05-23,"Beginn: 23.05.25 um 04:57 Uhr  Zusammengesetzte Verkehrsinformation, seit 23.05.2025, 04:57 A113: Neukölln -> Schönefeld, zwischen 1.2 km hinter AS Johannisthaler Chaussee und 1.0 km vor Rudower Höhe  A113 Autobahnzubringer Dresden, Neukölln Richtung Schönefeld
zwischen Stubenrauchstraße und Tunnel Rudower Höhe
linker Fahrstreifen gesperrt, Bauarbeiten, bis voraussichtlich 20.06.2025",52.4361731810018,13.4930523262435
"A115","undefined--vi-zus.2024-10-09_07-09-40-000.f_531.de0","52.40027056808641,13.185163736426698,52.44227384698058,13.202709435405149","52.40027056808641,13.185163736426698","WARNING","A115 | Am Stern - Hüttenweg"," Dreieck Nuthetal -> Dreieck Funkturm",NA,NA,NA,2024-10-09,"Beginn: 09.10.24 um 07:09 Uhr  Zusammengesetzte Verkehrsinformation, seit 09.10.2024, 07:09 A115: Dreieck Nuthetal -> Dreieck Funkturm, zwischen 2.9 km hinter Am Stern und 3.8 km vor AS Hüttenweg  A115 Autobahnzubringer Magdeburg, Dreieck Nuthetal Richtung Dreieck Funkturm, zwischen Anschlussstelle Kleinmachnow und Anschlussstelle Spanische Allee, Baustelle, bis 31.10.2026 17:00 Uhr",52.4002705680864,13.1851637364267
"A115","undefined--vi-zus.2024-10-13_05-33-30-000.f_688.de0","52.44029442937371,13.199911385595513,52.43107524997983,13.191805707063864","52.44029442937371,13.199911385595513","WARNING","A115 | Hüttenweg - Kreuz Zehlendorf"," Dreieck Funkturm -> Dreieck Nuthetal",NA,NA,NA,2024-10-13,"Beginn: 13.10.24 um 05:33 Uhr  Zusammengesetzte Verkehrsinformation, seit 13.10.2024, 05:33 A115: Dreieck Funkturm -> Dreieck Nuthetal, zwischen 4.1 km hinter AS Hüttenweg und 1.3 km vor AS Kreuz Zehlendorf  A115 Dreieck Funkturm Richtung Dreieck Nuthetal
zwischen Spanische Allee und Kleinmachnow
Verkehr wird über die Gegenfahrbahn geleitet, geänderte Verkehrsführung im Baustellenbereich, Bauarbeiten",52.4402944293737,13.1999113855955
"A861","undefined--vi-avl.2025-05-24_01-10-00-000.f.de0","47.550492475710676,7.757834785597156,47.55593167580159,7.757537030886759","47.550492475710676,7.757834785597156","WARNING","A861 | Rheinfelden-Süd - Rheinfelden-Mitte"," Grenzübergang Rheinfelden -> Dreieck Hochrhein",0,"SLOW_TRAFFIC","33.29999923706055",2025-05-24,"Beginn: 24.05.25 um 01:10 Uhr  Angespannte Verkehrslage, seit 24.05.2025, 01:10 A861: Grenzübergang Rheinfelden -> Dreieck Hochrhein, zwischen AS Rheinfelden-Süd und 1.5 km vor AS Rheinfelden-Mitte  Langsamer Verkehr Reisezeitverlust: 0 Minuten Durchschnittsgeschwindigkeit: 33 km/h",47.5504924757107,7.75783478559716
"A952","undefined--vi-hind.2025-05-24_00-57-00-000.f_001.de0","48.01273170094776,11.409973000008772,48.012586967408595,11.40964965046244","48.01273170094776,11.409973000008772","WARNING","A952 | Starnberg - Percha"," Dreieck Starnberg -> Starnberg",NA,NA,NA,2025-05-24,"Beginn: 24.05.25 um 00:57 Uhr  Hindernis, seit 24.05.2025, 00:57 A952: Dreieck Starnberg -> Starnberg, zwischen 1.6 km hinter AD Starnberg und 3.8 km vor AS Percha  Gefahr durch Gegenstände auf der Fahrbahn",48.0127317009478,11.4099730000088
"A952","undefined--vi-hind.2025-05-24_00-57-00-000.f.de0","48.012616705972164,11.409716756962764,48.00109409289043,11.363494829698626","48.012616705972164,11.409716756962764","WARNING","A952 | Starnberg - Percha"," Dreieck Starnberg -> Starnberg",NA,NA,NA,2025-05-24,"Beginn: 24.05.25 um 00:57 Uhr  Hindernis, seit 24.05.2025, 00:57 A952: Dreieck Starnberg -> Starnberg, zwischen 1.6 km hinter AD Starnberg und AS Percha  Gefahr durch Gegenstände auf der Fahrbahn",48.0126167059722,11.4097167569628
