"road","identifier","extent","point","display_type","title","subtitle","delay_minutes","abnormalTrafficType","averageSpeed","startTimestamp","description","latitude","longitude"
"A1","undefined--vi-avl.2025-05-24_17-07-38-000.f_001.de0","50.83677748212198,6.7957248668237265,50.85269977087939,6.804601196334652","50.83677748212198,6.7957248668237265","WARNING","A1 | Erfttal - Ville"," Euskirchen -> Köln",2,"QUEUING_TRAFFIC","34.5",2025-05-24,"Beginn: 24.05.25 um 17:07 Uhr  Angespannte Verkehrslage, seit 24.05.2025, 17:07 A1: Euskirchen -> Köln, zwischen 2.4 km hinter AD Erfttal und 0.6 km vor Ville  Stockender Verkehr Reisezeitverlust: 2 Minuten Durchschnittsgeschwindigkeit: 34 km/h",50.836777482122,6.79572486682373
"A1","undefined--vi-avl.2025-05-24_19-03-30-000.f_001.de0","50.83814004942476,6.797128310763142,50.83814004942476,6.797128310763142","50.83814004942476,6.797128310763142","WARNING","A1 | Hürth - Hürth"," Euskirchen -> Köln",NA,"STATIONARY_TRAFFIC","20",2025-05-24,"Beginn: 24.05.25 um 19:03 Uhr  Angespannte Verkehrslage, seit 24.05.2025, 19:03 A1: Euskirchen -> Köln, 1.2 km vor AS Hürth, aus Richtung Erfttal  Im Stillstand Durchschnittsgeschwindigkeit: 20 km/h",50.8381400494248,6.79712831076314
"A1","undefined--vi-avl.2025-05-24_16-58-13-000.f_001.de0","50.980378400936345,6.8522850999959015,50.980378400936345,6.8522850999959015","50.980378400936345,6.8522850999959015","WARNING","A1 | Köln-Bocklemünd - Köln-Bocklemünd"," Köln -> Euskirchen",NA,"STATIONARY_TRAFFIC","7",2025-05-24,"Beginn: 24.05.25 um 19:01 Uhr  Angespannte Verkehrslage, seit 24.05.2025, 19:01 A1: Köln -> Euskirchen, 0.3 km vor AS Köln-Bocklemünd, aus Richtung Köln-Nord  Im Stillstand Durchschnittsgeschwindigkeit: 7 km/h",50.9803784009363,6.8522850999959
"A1","undefined--vi-avl.2025-05-24_16-55-51-000.f_003.de0","50.980378400936345,6.8522850999959015,50.927313670004054,6.846151878571272","50.980378400936345,6.8522850999959015","WARNING","A1 | Köln-Nord - Köln-West"," Köln -> Euskirchen",19,"STATIONARY_TRAFFIC","16.100000381469727",2025-05-24,"Beginn: 24.05.25 um 16:55 Uhr  Angespannte Verkehrslage, seit 24.05.2025, 16:55 A1: Köln -> Euskirchen, zwischen 3.4 km hinter AK Köln-Nord und 0.2 km vor AK Köln-West  Im Stillstand Reisezeitverlust: 19 Minuten Durchschnittsgeschwindigkeit: 16 km/h",50.9803784009363,6.8522850999959
"A1","undefined--vi-hind.2025-05-24_18-49-04-000.f.de0","51.053739026869046,7.047894691279007,51.05437311327779,7.04968542982719","51.053739026869046,7.047894691279007","WARNING","A1 | Leverkusen - Burscheid"," Köln -> Dortmund",NA,NA,NA,2025-05-24,"Beginn: 24.05.25 um 18:49 Uhr  Fahrzeug-Hindernis, seit 24.05.2025, 18:49 A1: Köln -> Dortmund, zwischen 3.1 km hinter AK Leverkusen und 6.8 km vor AS Burscheid Gefahr durch ein defektes Fahrzeug auf der Fahrbahn",51.053739026869,7.04789469127901
"A1","undefined--vi-hind.2025-05-24_18-33-40-000.f_002.de0","51.400269979914285,7.460778219201441,51.40059685779248,7.461753813169789","51.400269979914285,7.460778219201441","WARNING","A1 | Vorhalle - Hagen-Nord"," Köln -> Dortmund",NA,NA,NA,2025-05-24,"Beginn: 24.05.25 um 18:33 Uhr  Fahrzeug-Hindernis, seit 24.05.2025, 18:33 A1: Köln -> Dortmund, zwischen 2.0 km hinter Vorhalle und 0.9 km vor AS Hagen-Nord Gefahr durch ein defektes Fahrzeug auf der Fahrbahn",51.4002699799143,7.46077821920144
"A1","undefined--vi-hind.2025-05-24_18-17-30-000.f_002.de0","52.1465643040487,7.732196236976728,52.11366833237991,7.699819836949024","52.1465643040487,7.732196236976728","WARNING","A1 | Buddenkuhle - Kroner Heide"," Osnabrück -> Münster",NA,NA,NA,2025-05-24,"Beginn: 24.05.25 um 18:17 Uhr  Fahrzeug-Hindernis, seit 24.05.2025, 18:17 A1: Osnabrück -> Münster, zwischen 3.2 km hinter Buddenkuhle und 2.3 km vor Kroner Heide Gefahr durch ein defektes Fahrzeug auf der Fahrbahn",52.1465643040487,7.73219623697673
"A1","undefined--vi-avl.2025-05-24_08-54-30-000.f_004.de0","53.03880234137913,8.899935247595252,53.03184767902425,8.865127051627695","53.03880234137913,8.899935247595252","WARNING","A1 | Mahndorfer Marsch - Bremen-Arsten"," Bremen -> Osnabrück",2,"SLOW_TRAFFIC","38.099998474121094",2025-05-24,"Beginn: 24.05.25 um 08:54 Uhr  Angespannte Verkehrslage, seit 24.05.2025, 08:54 A1: Bremen -> Osnabrück, zwischen 3.3 km hinter Mahndorfer Marsch und 0.5 km vor AS Bremen-Arsten  Langsamer Verkehr Reisezeitverlust: 2 Minuten Durchschnittsgeschwindigkeit: 38 km/h",53.0388023413791,8.89993524759525
"A1","undefined--vi-hind.2025-05-24_18-33-40-000.f_003.de0","53.358334568581455,9.709109586016847,53.357672454122515,9.706710479111894","53.358334568581455,9.709109586016847","WARNING","A1 | Hollenstedt - Stellheide"," Hamburg -> Bremen",NA,NA,NA,2025-05-24,"Beginn: 24.05.25 um 18:33 Uhr  Fahrzeug-Hindernis, seit 24.05.2025, 18:33 A1: Hamburg -> Bremen, zwischen 0.1 km hinter AS Hollenstedt und 3.1 km vor Stellheide Gefahr durch ein defektes Fahrzeug auf der Fahrbahn",53.3583345685815,9.70910958601685
"A1","undefined--vi-hind.2025-05-24_18-10-41-000.f_001.de0","53.462539200919764,10.025841700000495,53.463001138876315,10.025704973627402","53.462539200919764,10.025841700000495","WARNING","A1 | Maschener Kreuz - Hamburg-Harburg"," Bremen -> Hamburg",NA,NA,NA,2025-05-24,"Beginn: 24.05.25 um 18:10 Uhr  Fahrzeug-Hindernis, seit 24.05.2025, 18:10 A1: Bremen -> Hamburg, zwischen 8.1 km hinter AK Maschener Kreuz und 0.4 km vor AS Hamburg-Harburg Gefahr durch ein defektes Fahrzeug auf der Fahrbahn",53.4625392009198,10.0258417000005
"A1","undefined--vi-avl.2025-05-24_18-59-30-000.f.de0","53.9838906911137,10.733298585419822,53.9838906911137,10.733298585419822","53.9838906911137,10.733298585419822","WARNING","A1 | Ratekau - Ratekau"," Fehmarn -> Lübeck",NA,"SLOW_TRAFFIC","17",2025-05-24,"Beginn: 24.05.25 um 19:01 Uhr  Angespannte Verkehrslage, seit 24.05.2025, 19:01 A1: Fehmarn -> Lübeck, 4.1 km vor AS Ratekau, aus Richtung Pansdorf  Langsamer Verkehr Durchschnittsgeschwindigkeit: 17 km/h",53.9838906911137,10.7332985854198
"A1","undefined--vi-avl.2025-05-24_18-45-16-000.f_005.de0","53.983989106594905,10.733314324269621,53.932566977312746,10.731779066616578","53.983989106594905,10.733314324269621","WARNING","A1 | Pansdorf - Sereetzerfeld"," Fehmarn -> Lübeck",5,"SLOW_TRAFFIC","38.099998474121094",2025-05-24,"Beginn: 24.05.25 um 18:45 Uhr  Angespannte Verkehrslage, seit 24.05.2025, 18:45 A1: Fehmarn -> Lübeck, zwischen 2.5 km hinter AS Pansdorf und 0.1 km vor Sereetzerfeld  Langsamer Verkehr Reisezeitverlust: 5 Minuten Durchschnittsgeschwindigkeit: 38 km/h",53.9839891065949,10.7333143242696
"A2","undefined--vi-zus.2025-05-24_18-13-00-000.f.de0","52.22011202006023,9.122945181551035,52.21864091833183,9.155011010636827","52.22011202006023,9.122945181551035","WARNING","A2 | Bad Eilsen - Bernser Kirchweg"," Dortmund -> Hannover",9,"STATIONARY_TRAFFIC","12.399999618530273",2025-05-24,"Beginn: 24.05.25 um 18:13 Uhr  Zusammengesetzte Verkehrsinformation, seit 24.05.2025, 18:13 A2: Dortmund -> Hannover, zwischen 1.0 km hinter AS Bad Eilsen und 0.9 km vor Bernser Kirchweg  Im Stillstand Reisezeitverlust: 9 Minuten Durchschnittsgeschwindigkeit: 12 km/h",52.2201120200602,9.12294518155104
"A2","undefined--vi-avl.2025-05-24_18-24-30-000.f_003.de0","52.22012618506329,9.123045021266776,52.22012618506329,9.123045021266776","52.22012618506329,9.123045021266776","WARNING","A2 | Bad Eilsen-Ost - Bad Eilsen-Ost"," Dortmund -> Hannover",NA,"STATIONARY_TRAFFIC","12",2025-05-24,"Beginn: 24.05.25 um 19:01 Uhr  Angespannte Verkehrslage, seit 24.05.2025, 19:01 A2: Dortmund -> Hannover, 0.2 km vor AS Bad Eilsen-Ost, aus Richtung Bad Eilsen  Im Stillstand Durchschnittsgeschwindigkeit: 12 km/h",52.2201261850633,9.12304502126678
"A2","undefined--vi-zus.2025-05-24_18-12-00-000.f_006.de0","52.21943407594899,9.148153269024672,52.216565629980394,9.16534294573367","52.21943407594899,9.148153269024672","WARNING","A2 | Bad Eilsen-Ost - Bernser Kirchweg"," Dortmund -> Hannover",NA,NA,NA,2025-05-24,"Beginn: 24.05.25 um 18:12 Uhr  Zusammengesetzte Verkehrsinformation, seit 24.05.2025, 18:12 A2: Dortmund -> Hannover, zwischen 1.6 km hinter AS Bad Eilsen-Ost und 0.1 km vor Bernser Kirchweg  Gefahr durch ein defektes Fahrzeugs auf der Fahrbahn  A2 Dortmund Richtung Hannover zwischen Bad Eilsen und Rehren Gefahr durch brennendes Fahrzeug, Gasse für Rettungs- und Einsatzfahrzeuge bilden, Feuerwehreinsatz",52.219434075949,9.14815326902467
"A2","undefined--vi-hind.2025-05-24_18-44-00-000.f.de0","52.23347790092896,12.062622300018974,52.23347790092896,12.062622300018974","52.23347790092896,12.062622300018974","WARNING","A2 | Theessen - Ihlegrund"," Berliner Ring -> Magdeburg",NA,NA,NA,2025-05-24,"Beginn: 24.05.25 um 18:44 Uhr  Fahrzeug-Hindernis, seit 24.05.2025, 18:44 A2: Berliner Ring -> Magdeburg, zwischen 0.2 km hinter AS Theessen und 6.5 km vor Ihlegrund Gefahr durch ein defektes Fahrzeug auf der Fahrbahn",52.233477900929,12.062622300019
"A2","undefined--vi-hind.2025-05-24_17-36-20-000.f_004.de0","52.24878948051115,12.259703857384844,52.28947250092887,12.458366300033878","52.24878948051115,12.259703857384844","WARNING","A2 | Ziesar - Wollin"," Magdeburg -> Berliner Ring",NA,NA,NA,2025-05-24,"Beginn: 24.05.25 um 17:36 Uhr  Hindernis, seit 24.05.2025, 17:36 A2: Magdeburg -> Berliner Ring, zwischen 0.2 km hinter AS Ziesar und 0.3 km vor AS Wollin  Gefahr durch Gegenstände auf der Fahrbahn",52.2487894805111,12.2597038573848
"A3","undefined--vi-hind.2025-05-24_16-55-14-000.f_010.de0","50.029086174695145,8.500156999413495,50.04597785186737,8.542394140398844","50.029086174695145,8.500156999413495","WARNING","A3 | Mönchhof-Dreieck - Kelsterbach"," Köln -> Frankfurt",NA,NA,NA,2025-05-24,"Beginn: 24.05.25 um 16:55 Uhr  Hindernis, seit 24.05.2025, 16:55 A3: Köln -> Frankfurt, zwischen 0.7 km hinter AD Mönchhof-Dreieck und 0.2 km vor AS Kelsterbach  Gefahr durch Gegenstände auf der Fahrbahn",50.0290861746951,8.50015699941349
"A3","undefined--vi-hind.2025-05-24_18-33-40-000.f_001.de0","50.23297318173374,8.248114996243059,50.23452732488134,8.247150429264929","50.23297318173374,8.248114996243059","WARNING","A3 | Idstein - Bad Camberg"," Frankfurt -> Köln",NA,NA,NA,2025-05-24,"Beginn: 24.05.25 um 18:33 Uhr  Fahrzeug-Hindernis, seit 24.05.2025, 18:33 A3: Frankfurt -> Köln, zwischen 2.3 km hinter AS Idstein und 7.4 km vor AS Bad Camberg Gefahr durch ein defektes Fahrzeug auf der Fahrbahn",50.2329731817337,8.24811499624306
"A3","undefined--vi-hind.2025-05-24_18-38-30-000.f_001.de0","50.38237575679195,8.084302856045653,50.30307034982977,8.234498520227527","50.38237575679195,8.084302856045653","WARNING","A3 | Limburg - Bad Camberg"," Köln -> Frankfurt",NA,NA,NA,2025-05-24,"Beginn: 24.05.25 um 18:38 Uhr  Hindernis, seit 24.05.2025, 18:38 A3: Köln -> Frankfurt, zwischen 1.5 km hinter Limburg und 0.3 km vor Bad Camberg  Gefahr durch eine ungesicherte Unfallstelle",50.382375756792,8.08430285604565
"A3","undefined--vi-avl.2025-05-24_19-03-30-000.f.de0","51.438747388255436,6.8068201611188375,51.438747388255436,6.8068201611188375","51.438747388255436,6.8068201611188375","WARNING","A3 | Kaiserberg - Kaiserberg"," Köln -> Oberhausen",NA,"SLOW_TRAFFIC","27",2025-05-24,"Beginn: 24.05.25 um 19:03 Uhr  Angespannte Verkehrslage, seit 24.05.2025, 19:03 A3: Köln -> Oberhausen, 1.0 km vor AK Kaiserberg, aus Richtung Duisburg-Wedau  Langsamer Verkehr Durchschnittsgeschwindigkeit: 27 km/h",51.4387473882554,6.80682016111884
"A3","undefined--vi-avl.2025-05-24_18-32-30-000.f_004.de0","51.517338630949645,6.815143522500011,51.531636393670226,6.822497659188195","51.517338630949645,6.815143522500011","WARNING","A3 | Oberhausen-Holten - Oberhausen"," Oberhausen -> Arnheim",1,"SLOW_TRAFFIC","56.79999923706055",2025-05-24,"Beginn: 24.05.25 um 18:32 Uhr  Angespannte Verkehrslage, seit 24.05.2025, 18:32 A3: Oberhausen -> Arnheim, zwischen 0.5 km hinter AS Oberhausen-Holten und 1.0 km vor AK Oberhausen  Langsamer Verkehr Reisezeitverlust: 1 Minuten Durchschnittsgeschwindigkeit: 56 km/h",51.5173386309496,6.81514352250001
"A4","undefined--vi-hind.2025-05-24_18-40-30-000.f_001.de0","50.92742759779313,6.837891548860068,50.92403854289174,6.851110539118614","50.92742759779313,6.837891548860068","WARNING","A4 | Frechen-Nord - Köln-Klettenberg"," Heerlen/Aachen -> Köln",NA,NA,NA,2025-05-24,"Beginn: 24.05.25 um 18:40 Uhr  Hindernis, seit 24.05.2025, 18:40 A4: Heerlen/Aachen -> Köln, zwischen 1.3 km hinter AS Frechen-Nord und 5.0 km vor AS Köln-Klettenberg  Gefahr durch Personen auf der Fahrbahn",50.9274275977931,6.83789154886007
"A4","undefined--vi-avl.2025-05-24_18-43-00-000.f.de0","50.89926412806183,6.907406735887428,50.891618938001756,6.924295559226965","50.89926412806183,6.907406735887428","WARNING","A4 | Köln-West - Köln-Eifeltor"," Heerlen/Aachen -> Köln",0,"SLOW_TRAFFIC","56.099998474121094",2025-05-24,"Beginn: 24.05.25 um 18:43 Uhr  Angespannte Verkehrslage, seit 24.05.2025, 18:43 A4: Heerlen/Aachen -> Köln, zwischen 5.3 km hinter AK Köln-West und 0.1 km vor AS Köln-Eifeltor  Langsamer Verkehr Reisezeitverlust: 0 Minuten Durchschnittsgeschwindigkeit: 56 km/h",50.8992641280618,6.90740673588743
"A4","undefined--vi-hind.2025-05-24_18-31-00-000.f_002.de0","50.924196200936656,6.8511643999958745,50.89672940093681,6.699320199994376","50.924196200936656,6.8511643999958745","WARNING","A4 | Köln-Klettenberg - Kerpen"," Köln -> Heerlen/Aachen",NA,NA,NA,2025-05-24,"Beginn: 24.05.25 um 18:31 Uhr  Hindernis, seit 24.05.2025, 18:31 A4: Köln -> Heerlen/Aachen, zwischen 5.0 km hinter AS Köln-Klettenberg und 0.4 km vor AK Kerpen  Gefahr durch Personen auf der Fahrbahn  Gefahr durch Gegenstände auf der Fahrbahn",50.9241962009367,6.85116439999587
"A4","undefined--vi-zus.2025-05-24_17-32-18-000.f_003.de0","50.88693794075292,6.936335568342719,50.8944794610657,6.918420191363288","50.88693794075292,6.936335568342719","WARNING","A4 | Köln-Süd - Köln-Klettenberg"," Köln -> Heerlen/Aachen",0,"SLOW_TRAFFIC","58",2025-05-24,"Beginn: 24.05.25 um 17:32 Uhr  Zusammengesetzte Verkehrsinformation, seit 24.05.2025, 17:32 A4: Köln -> Heerlen/Aachen, zwischen 2.3 km hinter AK Köln-Süd und 0.8 km vor AS Köln-Klettenberg  Langsamer Verkehr Reisezeitverlust: 0 Minuten Durchschnittsgeschwindigkeit: 58 km/h",50.8869379407529,6.93633556834272
"A4","undefined--vi-hind.2025-05-24_18-37-35-000.f_001.de0","50.89591362217948,11.970813604173532,50.891875100936936,11.879722900016361","50.89591362217948,11.970813604173532","WARNING","A4 | Rüdersdorf - Hermsdorf-Ost"," Chemnitz -> Erfurt",NA,NA,NA,2025-05-24,"Beginn: 24.05.25 um 18:37 Uhr  Fahrzeug-Hindernis, seit 24.05.2025, 18:37 A4: Chemnitz -> Erfurt, zwischen 0.6 km hinter AS Rüdersdorf und 0.1 km vor AS Hermsdorf-Ost Gefahr durch ein defektes Fahrzeug auf der Fahrbahn",50.8959136221795,11.9708136041735
"A4","undefined--vi-hind.2025-05-24_17-53-07-000.f_007.de0","50.846454300937985,12.808326600066504,50.84566503886792,12.806059578289908","50.846454300937985,12.808326600066504","WARNING","A4 | Chemnitz - Limbach-Oberfrohna"," Chemnitz -> Erfurt",NA,NA,NA,2025-05-24,"Beginn: 24.05.25 um 17:53 Uhr  Fahrzeug-Hindernis, seit 24.05.2025, 17:53 A4: Chemnitz -> Erfurt, zwischen 2.4 km hinter AK Chemnitz und 0.1 km vor AS Limbach-Oberfrohna Gefahr durch ein defektes Fahrzeug auf der Fahrbahn",50.846454300938,12.8083266000665
"A6","undefined--vi-hind.2025-05-24_18-33-00-000.f_001.de0","49.21538980094424,9.591869900000152,49.215510000944256,9.589090300000137","49.21538980094424,9.591869900000152","WARNING","A6 | Hohenlohe - Neuenstein"," Nürnberg -> Heilbronn",NA,NA,NA,2025-05-24,"Beginn: 24.05.25 um 18:33 Uhr  Fahrzeug-Hindernis, seit 24.05.2025, 18:33 A6: Nürnberg -> Heilbronn, zwischen 3.7 km hinter Hohenlohe und 0.1 km vor AS Neuenstein Gefahr durch ein defektes Fahrzeug auf der Fahrbahn",49.2153898009442,9.59186990000015
"A7","undefined--vi-zus.2025-03-31_00-40-00-000.f_018.de0","53.579141433849884,9.913430072127355,53.55636870091902,9.897540700000414","53.579141433849884,9.913430072127355","WARNING","A7 | Hamburg-Volkspark - Elbtunnel (Nordportal)"," Flensburg -> Hamburg",NA,NA,NA,2025-03-31,"Beginn: 31.03.25 um 00:40 Uhr  Zusammengesetzte Verkehrsinformation, seit 31.03.2025, 00:40 A7: Flensburg -> Hamburg, zwischen 0.4 km hinter AS Hamburg-Volkspark und 0.9 km vor Elbtunnel (Nordportal)  A7 Flensburg Richtung Hamburg Ausfahrt Hamburg-Othmarschen Fahrbahnverengung, maximale Fahrbahnbreite von 4,50 m, Bauarbeiten, bis 29.09.2025",53.5791414338499,9.91343007212735
"A7","undefined--vi-avl.2025-05-24_17-36-20-000.f_004.de0","53.88243790059394,9.945438828207363,53.88243790059394,9.945438828207363","53.88243790059394,9.945438828207363","WARNING","A7 | Kaltenkirchen - Kaltenkirchen"," Flensburg -> Hamburg",NA,"STATIONARY_TRAFFIC","2",2025-05-24,"Beginn: 24.05.25 um 19:01 Uhr  Angespannte Verkehrslage, seit 24.05.2025, 19:01 A7: Flensburg -> Hamburg, 3.9 km vor AS Kaltenkirchen, aus Richtung Bad Bramstedt  Im Stillstand Durchschnittsgeschwindigkeit: 2 km/h",53.8824379005939,9.94543882820736
"A7","undefined--vi-avl.2025-05-24_17-36-20-000.f_008.de0","53.88243790059394,9.945438828207363,53.850786100916594,9.937578600000462","53.88243790059394,9.945438828207363","WARNING","A7 | Bad Bramstedt - Kaltenkirchen"," Flensburg -> Hamburg",30,"STATIONARY_TRAFFIC","6.800000190734863",2025-05-24,"Beginn: 24.05.25 um 17:36 Uhr  Angespannte Verkehrslage, seit 24.05.2025, 17:36 A7: Flensburg -> Hamburg, zwischen 2.5 km hinter AS Bad Bramstedt und 0.3 km vor AS Kaltenkirchen  Im Stillstand Reisezeitverlust: 30 Minuten Durchschnittsgeschwindigkeit: 6 km/h",53.8824379005939,9.94543882820736
"A8","undefined--vi-zus.2025-05-24_19-02-01-000.f.de0","49.33793555543541,7.057861672118389,49.332976146171895,7.069445114926439","49.33793555543541,7.057861672118389","WARNING","A8 | Merchweiler - Friedrichsthal-Bildstock"," Saarlouis -> Neunkirchen",0,"SLOW_TRAFFIC","65.5999984741211",2025-05-24,"Beginn: 24.05.25 um 19:02 Uhr  Zusammengesetzte Verkehrsinformation, seit 24.05.2025, 19:02 A8: Saarlouis -> Neunkirchen, zwischen 0.6 km hinter AS Merchweiler und 0.5 km vor AS Friedrichsthal-Bildstock  Langsamer Verkehr Reisezeitverlust: 0 Minuten Durchschnittsgeschwindigkeit: 65 km/h",49.3379355554354,7.05786167211839
"A8","undefined--vi-zus.2025-03-26_17-59-56-000.f_014.de0","49.326077820633785,7.175408561967308,49.327350714671546,7.213275819282444","49.326077820633785,7.175408561967308","WARNING","A8 | Neunkirchen/Spiesen - Kohlhof"," Saarlouis -> Neunkirchen",NA,NA,NA,2025-03-26,"Beginn: 26.03.25 um 17:59 Uhr  Zusammengesetzte Verkehrsinformation, seit 26.03.2025, 17:59 A8: Saarlouis -> Neunkirchen, zwischen 1.7 km hinter AS Neunkirchen/Spiesen und 1.0 km vor Kohlhof  A8 Saarlouis - Neunkirchen zwischen Neunkirchen-Spiesen und Neunkirchen-Oberstadt in beiden Richtungen Bauarbeiten, bis voraussichtlich 01.06.2025",49.3260778206338,7.17540856196731
"A8","undefined--vi-zus.2025-05-14_09-26-56-000.f.de0","49.32628400979037,7.229641516813452,49.329166750017514,7.1882642393148934","49.32628400979037,7.229641516813452","WARNING","A8 | Neunkirchen-Wellesweiler - Neunkirchen/Spiesen"," Neunkirchen -> Saarlouis",NA,NA,NA,2025-05-14,"Beginn: 14.05.25 um 09:26 Uhr  Zusammengesetzte Verkehrsinformation, seit 14.05.2025, 09:26 A8: Neunkirchen -> Saarlouis, zwischen 0.4 km hinter AS Neunkirchen-Wellesweiler und 2.7 km vor AS Neunkirchen/Spiesen  A8 Saarlouis - Neunkirchen zwischen Neunkirchen-Spiesen und Neunkirchen-Oberstadt in beiden Richtungen Bauarbeiten, bis voraussichtlich 01.06.2025",49.3262840097904,7.22964151681345
"A9","undefined--vi-hind.2025-05-24_18-41-06-000.f.de0","48.19345111929215,11.615598250750025,48.19371684111057,11.615724334342865","48.19345111929215,11.615598250750025","WARNING","A9 | München-Frankfurter Ring - München-Freimann"," München -> Nürnberg",NA,NA,NA,2025-05-24,"Beginn: 24.05.25 um 18:41 Uhr  Hindernis, seit 24.05.2025, 18:41 A9: München -> Nürnberg, zwischen 0.8 km hinter AS München-Frankfurter Ring und 0.5 km vor AS München-Freimann  Gefahr durch Gegenstände auf der Fahrbahn",48.1934511192921,11.61559825075
"A10","undefined--vi-hind.2025-05-24_18-15-30-000.f_003.de0","52.63570207143402,13.44135346779543,52.636787500929046,13.438757600108056","52.63570207143402,13.44135346779543","WARNING","A10 | Barnim - Pankow"," Dreieck Barnim -> Dreieck Havelland",NA,NA,NA,2025-05-24,"Beginn: 24.05.25 um 18:15 Uhr  Fahrzeug-Hindernis, seit 24.05.2025, 18:15 A10: Dreieck Barnim -> Dreieck Havelland, zwischen 8.4 km hinter AD Barnim und 1.1 km vor AD Pankow Gefahr durch ein defektes Fahrzeug auf der Fahrbahn",52.635702071434,13.4413534677954
"A10","undefined--vi-hind.2025-05-24_16-52-25-000.f_005.de0","52.681061000928395,13.372777500099719,52.649729519106444,13.418694168025189","52.681061000928395,13.372777500099719","WARNING","A10 | Birkenwerder - Pankow"," Dreieck Havelland -> Dreieck Barnim",NA,NA,NA,2025-05-24,"Beginn: 24.05.25 um 16:52 Uhr  Fahrzeug-Hindernis, seit 24.05.2025, 16:52 A10: Dreieck Havelland -> Dreieck Barnim, zwischen 7.0 km hinter AS Birkenwerder und 0.9 km vor AD Pankow Gefahr durch ein defektes Fahrzeug auf der Fahrbahn",52.6810610009284,13.3727775000997
"A12","WarnungA10Lkw3","47.61802931631098,12.202336027754352,47.61802931631098,12.202336027754352","47.61802931631098,12.202336027754352","WARNING","E45/E60 | LKW Blockabfertigung | A12-Inntal Autobahn","Richtung Italien",NA,NA,NA,2025-01-11,"Zeitraum: Beginn: 07.01.2025 Ende: 09.12.2025  Hinweis für LKW-Reisende nach Österreich: LKW-Blockabfertigungen an ausgewählten Tagen für Lkw am Grenzübergang Kufstein/Kiefersfelden. Maximaler Durchlass von 300 LKWs pro Stunde  Die genauen Ausführungszeiten und weitere Informationen auf tirol.gv.at/verkehr/verkehrs-und-seilbahnrecht/lkw-dosierung.",47.618029316311,12.2023360277544
"A12","WarnungA10Lkw2","47.6164490154047,12.202382557672273,47.6164490154047,12.202382557672273","47.6164490154047,12.202382557672273","WARNING","E43/E45/E60 | A13-Brenner Autobahn","Richtung Italien",NA,NA,NA,2025-01-11,"Zeitraum: Beginn: 11.01.2025 Ende: 27.09.2025  Hinweis für LKW-Reisende nach Österreich: LKW-Fahrverbot auf der A12-Inntal Autobahn, A13-Brenner Autobahn und A14-Rheintal/Walgau Autobahn, wenn das Ziel der Fahrt der Anschlussstelle Nößlach bis Anschlussstelle Brenner Nord der Richtungsfahrbahn Staatsgrenze der A 13 Brenner Autobahn erreicht werden soll. An ausgewählten Samstagen 7-15 Uhr sowie weiteren Tagen im Zeitraum 11.01. - 27.09.2025 Weitere Informationen auf http://asfinag.at/a13",47.6164490154047,12.2023825576723
"A13","undefined--vi-hind.2025-05-24_18-54-03-000.f_001.de0","52.065329778422594,13.652251818061547,52.065329778422594,13.652251818061547","52.065329778422594,13.652251818061547","WARNING","A13 | Teupitz - Baruth/Mark"," Schönefelder Kreuz -> Dresden",NA,NA,NA,2025-05-24,"Beginn: 24.05.25 um 18:54 Uhr  Fahrzeug-Hindernis, seit 24.05.2025, 18:54 A13: Schönefelder Kreuz -> Dresden, zwischen 6.1 km hinter AS Teupitz und 0.2 km vor AS Baruth/Mark Gefahr durch ein defektes Fahrzeug auf der Fahrbahn",52.0653297784226,13.6522518180615
"A14","undefined--vi-avl.2025-05-24_13-00-29-000.f_002.de0","51.23888172004032,12.870643637114307,51.23888172004032,12.870643637114307","51.23888172004032,12.870643637114307","WARNING","A14 | Mutzschen - Mutzschen"," Nossen -> Leipzig",NA,"STATIONARY_TRAFFIC","10",2025-05-24,"Beginn: 24.05.25 um 19:01 Uhr  Angespannte Verkehrslage, seit 24.05.2025, 19:01 A14: Nossen -> Leipzig, 1.1 km vor AS Mutzschen, aus Richtung Leisnig  Im Stillstand Durchschnittsgeschwindigkeit: 10 km/h",51.2388817200403,12.8706436371143
"A14","undefined--vi-hind.2025-05-24_10-17-45-000.f_032.de0","51.24173110093593,12.861502900067599,51.25745730093562,12.734896900057029","51.24173110093593,12.861502900067599","WARNING","A14 | Leisnig - Grimma"," Nossen -> Leipzig",NA,NA,NA,2025-05-24,"Beginn: 24.05.25 um 10:17 Uhr  Fahrzeug-Hindernis, seit 24.05.2025, 10:17 A14: Nossen -> Leipzig, zwischen 9.0 km hinter AS Leisnig und 0.2 km vor AS Grimma",51.2417311009359,12.8615029000676
"A14","undefined--vi-zus.2025-05-24_12-58-50-000.f_001.de0","51.23888172004032,12.870643637114307,51.24173110093593,12.861502900067599","51.23888172004032,12.870643637114307","WARNING","A14 | Leisnig - Mutzschen"," Nossen -> Leipzig",2,"STATIONARY_TRAFFIC","15.899999618530273",2025-05-24,"Beginn: 24.05.25 um 12:58 Uhr  Zusammengesetzte Verkehrsinformation, seit 24.05.2025, 12:58 A14: Nossen -> Leipzig, zwischen 8.3 km hinter AS Leisnig und 0.4 km vor AS Mutzschen  Im Stillstand Reisezeitverlust: 2 Minuten Durchschnittsgeschwindigkeit: 15 km/h",51.2388817200403,12.8706436371143
"A14","undefined--vi-hind.2025-05-24_10-17-45-000.f_031.de0","51.242956997027306,12.858166014270168,51.25767940093562,12.739132700057349","51.242956997027306,12.858166014270168","WARNING","A14 | Leisnig - Grimma"," Nossen -> Leipzig",NA,NA,NA,2025-05-24,"Beginn: 24.05.25 um 10:17 Uhr  Fahrzeug-Hindernis, seit 24.05.2025, 10:17 A14: Nossen -> Leipzig, zwischen 9.3 km hinter AS Leisnig und 0.5 km vor AS Grimma",51.2429569970273,12.8581660142702
"A17","undefined--vi-avl.2025-05-24_18-57-00-000.f_001.de0","50.82026170094333,13.887384300240237,50.82026170094333,13.887384300240237","50.82026170094333,13.887384300240237","WARNING","A17 | Am Heidenholz - Am Heidenholz"," Prag -> Dresden",NA,"QUEUING_TRAFFIC","29",2025-05-24,"Beginn: 24.05.25 um 19:01 Uhr  Angespannte Verkehrslage, seit 24.05.2025, 19:01 A17: Prag -> Dresden, 0.2 km vor Am Heidenholz, aus Richtung Breitenau-Schönwald  Stockender Verkehr Durchschnittsgeschwindigkeit: 29 km/h",50.8202617009433,13.8873843002402
"A17","undefined--vi-zus.2025-05-24_18-57-00-000.f.de0","50.82026170094333,13.887384300240237,50.825784654914514,13.887788152709305","50.82026170094333,13.887384300240237","WARNING","A17 | Breitenau-Schönwald - Bad Gottleuba"," Prag -> Dresden",0,"QUEUING_TRAFFIC","37.900001525878906",2025-05-24,"Beginn: 24.05.25 um 18:57 Uhr  Zusammengesetzte Verkehrsinformation, seit 24.05.2025, 18:57 A17: Prag -> Dresden, zwischen 4.5 km hinter Breitenau-Schönwald und 0.6 km vor AS Bad Gottleuba  Stockender Verkehr Reisezeitverlust: 0 Minuten Durchschnittsgeschwindigkeit: 37 km/h",50.8202617009433,13.8873843002402
"A20","undefined--vi-hind.2025-05-24_18-28-30-000.f_004.de0","53.87564399818333,11.527794728895705,53.86270100091652,11.439755500005697","53.87564399818333,11.527794728895705","WARNING","A20 | Wismar - Mölenbarg"," Rostock -> Lübeck",NA,NA,NA,2025-05-24,"Beginn: 24.05.25 um 18:28 Uhr  Hindernis, seit 24.05.2025, 18:28 A20: Rostock -> Lübeck, zwischen 0.6 km hinter AK Wismar und 4.6 km vor Mölenbarg",53.8756439981833,11.5277947288957
"A24","undefined--vi-hind.2025-05-24_18-59-30-000.f_001.de0","53.56000320091899,10.414099000000926,53.56000320091899,10.414099000000926","53.56000320091899,10.414099000000926","WARNING","A24 | Talkau - Schwarzenbek/Grande"," Schwerin -> Hamburg",NA,NA,NA,2025-05-24,"Beginn: 24.05.25 um 18:59 Uhr  Fahrzeug-Hindernis, seit 24.05.2025, 18:59 A24: Schwerin -> Hamburg, zwischen 9.8 km hinter AS Talkau und 0.1 km vor AS Schwarzenbek/Grande Gefahr durch ein defektes Fahrzeug auf der Fahrbahn",53.560003200919,10.4140990000009
"A24","undefined--vi-hind.2025-05-24_18-28-00-000.f_004.de0","53.55201138272236,10.654097609648517,53.55189500091904,10.646971500001378","53.55201138272236,10.654097609648517","WARNING","A24 | Gudow - Hornbek"," Schwerin -> Hamburg",NA,NA,NA,2025-05-24,"Beginn: 24.05.25 um 18:28 Uhr  Fahrzeug-Hindernis, seit 24.05.2025, 18:28 A24: Schwerin -> Hamburg, zwischen 5.4 km hinter AS Gudow und 0.1 km vor AS Hornbek Gefahr durch ein defektes Fahrzeug auf der Fahrbahn",53.5520113827224,10.6540976096485
"A27","undefined--vi-hind.2025-05-24_18-58-06-000.f_001.de0","52.83473544730093,9.596067130237364,52.889069642079555,9.445977079928795","52.83473544730093,9.596067130237364","WARNING","A27 | Düshorn - Hamwiede"," Walsrode -> Bremen",NA,NA,NA,2025-05-24,"Beginn: 24.05.25 um 18:58 Uhr  Hindernis, seit 24.05.2025, 18:58 A27: Walsrode -> Bremen, zwischen 1.5 km hinter Düshorn und Hamwiede  Gefahr durch Personen auf der Fahrbahn",52.8347354473009,9.59606713023736
"A27","undefined--vi-hind.2025-05-24_18-58-06-000.f.de0","52.889408892590716,9.444499348016162,52.83448001778231,9.596210668009654","52.889408892590716,9.444499348016162","WARNING","A27 | Heidberg - Düshorn"," Bremen -> Walsrode",NA,NA,NA,2025-05-24,"Beginn: 24.05.25 um 18:58 Uhr  Hindernis, seit 24.05.2025, 18:58 A27: Bremen -> Walsrode, zwischen 9.2 km hinter Heidberg und 1.4 km vor Düshorn  Gefahr durch Personen auf der Fahrbahn",52.8894088925907,9.44449934801616
"A37","undefined--vi-zus.2025-05-20_10-04-05-000.f_002.de0","52.442156462690335,9.933442989087833,52.436581812162494,9.913211841333315","52.442156462690335,9.933442989087833","WARNING","A37 | Beinhorn - Hannover-Kirchhorst"," Celle -> Hannover",NA,NA,NA,2025-05-20,"Beginn: 20.05.25 um 10:04 Uhr  Zusammengesetzte Verkehrsinformation, seit 20.05.2025, 10:04 B3: Celle -> Hannover, zwischen 0.4 km hinter AS Beinhorn und 2.1 km vor AK Hannover-Kirchhorst  A37 Messe - Burgdorf
zwischen Kreuz Hannover-Buchholz und Beinhorn
in beiden Richtungen geänderte Verkehrsführung im Baustellenbereich, Bauarbeiten, bis 30.10.2026 ca. 18:00 Uhr",52.4421564626903,9.93344298908783
"A37","undefined--vi-zus.2025-05-20_10-04-05-000.f_003.de0","52.42566547847685,9.880479425875153,52.44102213295518,9.93161290421946","52.42566547847685,9.880479425875153","WARNING","Baustelle"," km 22.62 --> km 26.54",NA,NA,NA,2025-05-20,"Beginn: 20.05.25 um 10:04 Uhr  Zusammengesetzte Verkehrsinformation, seit 20.05.2025, 10:04 A37: km 22.62 --> km 26.54  A37 Messe - Burgdorf
zwischen Kreuz Hannover-Buchholz und Beinhorn
in beiden Richtungen geänderte Verkehrsführung im Baustellenbereich, Bauarbeiten, bis 30.10.2026 ca. 18:00 Uhr",52.4256654784769,9.88047942587515
"A40","undefined--vi-avl.2025-05-24_18-44-45-000.f_001.de0","51.44358641080274,6.9778960400553265,51.44637836521097,6.997206994821608","51.44358641080274,6.9778960400553265","WARNING","A40 | Essen-Frohnhausen - Ruhrschnellwegtunnel"," Duisburg -> Essen",0,"SLOW_TRAFFIC","45.099998474121094",2025-05-24,"Beginn: 24.05.25 um 18:44 Uhr  Angespannte Verkehrslage, seit 24.05.2025, 18:44 A40: Duisburg -> Essen, zwischen 0.7 km hinter AS Essen-Frohnhausen und 0.3 km vor Ruhrschnellwegtunnel  Langsamer Verkehr Reisezeitverlust: 0 Minuten Durchschnittsgeschwindigkeit: 45 km/h",51.4435864108027,6.97789604005533
"A44","undefined--vi-hind.2025-05-24_18-29-35-000.f_004.de0","51.27980980093469,6.808908399995606,51.28494460093465,6.867314699996103","51.27980980093469,6.808908399995606","WARNING","A44 | Düsseldorf-Nord - Ratingen-Schwarzbach"," Düsseldorf -> Essen",NA,NA,NA,2025-05-24,"Beginn: 24.05.25 um 18:29 Uhr  Hindernis, seit 24.05.2025, 18:29 A44: Düsseldorf -> Essen, zwischen 0.8 km hinter AK Düsseldorf-Nord und 0.3 km vor AS Ratingen-Schwarzbach  Gefahr durch Personen auf der Fahrbahn",51.2798098009347,6.80890839999561
"A44","undefined--vi-hind.2025-05-24_18-29-35-000.f_003.de0","51.285029829430016,6.866915814515175,51.28098190093469,6.80802289999561","51.285029829430016,6.866915814515175","WARNING","A44 | Ratingen-Schwarzbach - Düsseldorf-Nord"," Essen -> Düsseldorf",NA,NA,NA,2025-05-24,"Beginn: 24.05.25 um 18:29 Uhr  Hindernis, seit 24.05.2025, 18:29 A44: Essen -> Düsseldorf, zwischen 0.3 km hinter AS Ratingen-Schwarzbach und 0.7 km vor AK Düsseldorf-Nord  Gefahr durch Personen auf der Fahrbahn",51.28502982943,6.86691581451517
"A44","undefined--vi-hind.2025-05-24_18-59-00-000.f_001.de0","51.355704019413906,7.046576443540545,51.40190042184866,7.085449430309256","51.355704019413906,7.046576443540545","WARNING","A44 | Velbert-Nord - Essen-Überruhr"," Düsseldorf -> Essen",NA,NA,NA,2025-05-24,"Beginn: 24.05.25 um 18:59 Uhr  Fahrzeug-Hindernis, seit 24.05.2025, 18:59 A44: Düsseldorf -> Essen, zwischen 0.5 km hinter AD Velbert-Nord und 0.2 km vor AS Essen-Überruhr",51.3557040194139,7.04657644354054
"A44","undefined--vi-hind.2025-05-24_18-59-00-000.f.de0","51.401721300934,7.085330599997548,51.35587670093425,7.046440099997329","51.401721300934,7.085330599997548","WARNING","A44 | Essen-Überruhr - Velbert-Nord"," Essen -> Düsseldorf",NA,NA,NA,2025-05-24,"Beginn: 24.05.25 um 18:59 Uhr  Fahrzeug-Hindernis, seit 24.05.2025, 18:59 A44: Essen -> Düsseldorf, zwischen 0.3 km hinter AS Essen-Überruhr und 0.6 km vor AD Velbert-Nord",51.401721300934,7.08533059999755
"A52","undefined--vi-hind.2025-05-24_18-49-04-000.f_001.de0","51.20433556644059,6.261678736743913,51.204944754240564,6.260118068164281","51.20433556644059,6.261678736743913","WARNING","A52 | Hostert - Schwalmtal"," Mönchengladbach -> Roermond",NA,NA,NA,2025-05-24,"Beginn: 24.05.25 um 18:49 Uhr  Fahrzeug-Hindernis, seit 24.05.2025, 18:49 A52: Mönchengladbach -> Roermond, zwischen 3.9 km hinter AS Hostert und AS Schwalmtal Gefahr durch ein defektes Fahrzeug auf der Fahrbahn",51.2043355664406,6.26167873674391
"A52","undefined--vi-avl.2025-05-24_18-39-30-000.f_001.de0","51.267675404588175,6.794133695357639,51.267675404588175,6.794133695357639","51.267675404588175,6.794133695357639","WARNING","A52 | Düsseldorf-Rath (Übergang A52/B1) - Düsseldorf-Rath (Übergang A52/B1)"," Essen -> Düsseldorf",NA,"STATIONARY_TRAFFIC","11",2025-05-24,"Beginn: 24.05.25 um 19:01 Uhr  Angespannte Verkehrslage, seit 24.05.2025, 19:01 A52: Essen -> Düsseldorf, 0.4 km vor Düsseldorf-Rath (Übergang A52/B1), aus Richtung Düsseldorf-Rath  Im Stillstand Durchschnittsgeschwindigkeit: 11 km/h",51.2676754045882,6.79413369535764
"A57","undefined--vi-avl.2025-05-24_18-59-30-000.f_002.de0","50.96186160093645,6.92590649999648,50.96186160093645,6.92590649999648","50.96186160093645,6.92590649999648","WARNING","A57 | Köln-Ehrenfeld - Köln-Ehrenfeld"," Krefeld -> Köln",NA,"SLOW_TRAFFIC","26",2025-05-24,"Beginn: 24.05.25 um 19:01 Uhr  Angespannte Verkehrslage, seit 24.05.2025, 19:01 A57: Krefeld -> Köln, 0.2 km vor AS Köln-Ehrenfeld, aus Richtung Köln-Bickendorf  Langsamer Verkehr Durchschnittsgeschwindigkeit: 26 km/h",50.9618616009365,6.92590649999648
"A57","undefined--vi-hind.2025-05-24_18-59-30-000.f.de0","51.178017300935274,6.681908399994307,51.178017300935274,6.681908399994307","51.178017300935274,6.681908399994307","WARNING","A57 | Neuss-West - Neuss-Reuschenberg"," Krefeld -> Köln",NA,NA,NA,2025-05-24,"Beginn: 24.05.25 um 18:59 Uhr  Fahrzeug-Hindernis, seit 24.05.2025, 18:59 A57: Krefeld -> Köln, zwischen 0.8 km hinter AK Neuss-West und 0.2 km vor AS Neuss-Reuschenberg Gefahr durch ein defektes Fahrzeug auf der Fahrbahn",51.1780173009353,6.68190839999431
"A59","undefined--vi-hind.2025-05-24_18-20-00-000.f_002.de0","50.889447292306585,7.09283710754839,50.89700488486353,7.086112007134952","50.889447292306585,7.09283710754839","WARNING","A59 | Flughafen Köln/Bonn - Schloß Röttgen"," Bonn -> Köln",NA,NA,NA,2025-05-24,"Beginn: 24.05.25 um 18:20 Uhr  Fahrzeug-Hindernis, seit 24.05.2025, 18:20 A59: Bonn -> Köln, zwischen 0.4 km hinter AS Flughafen Köln/Bonn und 0.1 km vor Schloß Röttgen Gefahr durch ein defektes Fahrzeug auf der Fahrbahn",50.8894472923066,7.09283710754839
"A59","undefined--vi-avl.2025-05-24_18-47-30-000.f_005.de0","50.9132320219695,7.0653664780699135,50.9132320219695,7.0653664780699135","50.9132320219695,7.0653664780699135","WARNING","A59 | Köln-Rath - Köln-Rath"," Köln -> Bonn",NA,"STATIONARY_TRAFFIC","8",2025-05-24,"Beginn: 24.05.25 um 19:01 Uhr  Angespannte Verkehrslage, seit 24.05.2025, 19:01 A59: Köln -> Bonn, 0.6 km vor AS Köln-Rath, aus Richtung Köln-Heumar  Im Stillstand Durchschnittsgeschwindigkeit: 8 km/h",50.9132320219695,7.06536647806991
"A59","undefined--vi-avl.2025-05-24_18-44-45-000.f.de0","50.913409764302,7.065323449207606,50.90474450217366,7.071348335310647","50.913409764302,7.065323449207606","WARNING","A59 | Köln-Heumar - Schloß Röttgen"," Köln -> Bonn",3,"STATIONARY_TRAFFIC","16.100000381469727",2025-05-24,"Beginn: 24.05.25 um 18:44 Uhr  Angespannte Verkehrslage, seit 24.05.2025, 18:44 A59: Köln -> Bonn, zwischen 1.2 km hinter AD Köln-Heumar und 1.3 km vor Schloß Röttgen  Im Stillstand Reisezeitverlust: 3 Minuten Durchschnittsgeschwindigkeit: 16 km/h",50.913409764302,7.06532344920761
"A59","undefined--vi-avl.2025-05-24_18-58-06-000.f.de0","51.441948984801165,6.776915706085183,51.460604506043964,6.771670566210007","51.441948984801165,6.776915706085183","WARNING","A59 | Duisburg-Duissern - Duisburg-Ruhrort"," Duisburg -> Dinslaken",1,"SLOW_TRAFFIC","50.5",2025-05-24,"Beginn: 24.05.25 um 18:58 Uhr  Angespannte Verkehrslage, seit 24.05.2025, 18:58 A59: Duisburg -> Dinslaken, zwischen 0.5 km hinter AS Duisburg-Duissern und 0.3 km vor AS Duisburg-Ruhrort  Langsamer Verkehr Reisezeitverlust: 1 Minuten Durchschnittsgeschwindigkeit: 50 km/h",51.4419489848012,6.77691570608518
"A59","undefined--vi-avl.2025-05-24_18-56-00-000.f.de0","51.464977068880096,6.76821502348174,51.449924550097386,6.778597561690909","51.464977068880096,6.76821502348174","WARNING","A59 | Duisburg-Meiderich - Duisburg"," Dinslaken -> Duisburg",0,"SLOW_TRAFFIC","52",2025-05-24,"Beginn: 24.05.25 um 18:56 Uhr  Angespannte Verkehrslage, seit 24.05.2025, 18:56 A59: Dinslaken -> Duisburg, zwischen 0.6 km hinter AS Duisburg-Meiderich und 0.4 km vor AK Duisburg  Langsamer Verkehr Reisezeitverlust: 0 Minuten Durchschnittsgeschwindigkeit: 52 km/h",51.4649770688801,6.76821502348174
"A60","undefined--vi-zus.2025-04-08_08-51-21-000.f_013.de0","49.98125533976677,8.345695317688524,49.97565770865279,8.441396718063045","49.98125533976677,8.345695317688524","WARNING","A60 | Mainspitz-Dreieck - Rüsselsheimer Dreieck"," Mainz -> Rüsselsheim",NA,NA,NA,2025-04-08,"Beginn: 08.04.25 um 08:51 Uhr  Zusammengesetzte Verkehrsinformation, seit 08.04.2025, 08:51 A60: Mainz -> Rüsselsheim, zwischen 0.5 km hinter AD Mainspitz-Dreieck und 2.2 km vor AD Rüsselsheimer Dreieck  Sperrung der A60 bei Königstädten – Grundhafte Fahrbahnerneuerung zwischen dem Rüsselsheimer Dreieck und dem Mainspitz Dreieck. Die Niederlassung West der Autobahn GmbH erneuert zwischen dem Rüsselsheimer Dreieck (30) und dem Mainspitz Dreieck (26) die Fahrbahn. Von Donnerstagmorgen (24. April) bis Mitte Juli wird die Anschlussstelle (AS) Königstädten (29) in Fahrtrichtung (FR) Mainz sowie in FR Rüsselsheimer Dreieck gesperrt. Umleitungsmöglichkeiten sind ausgeschildert: • Ausfahrt FR Mainz: Umleitung via AS Rüsselsheim-Mitte • Einfahrt FR Mainz: innerstädtische Umleitung zur AS Rüsselsheim-Mitte (Adam-Opel-Straße / Kurt-Schumacher-Ring), von Nauheim kommend via L3482 zur AS Bischofsheim • Einfahrt FR Darmstadt: innerstädtische Umleitung zur AS Rüsselsheim-Mitte (Adam-Opel-Straße / Kurt-Schumacher-Ring) Die Autobahn GmbH bittet alle Verkehrsteilnehmer um Verständnis für die unvermeidlichen Verkehrsbehinderungen, die durch die Arbeiten entstehen.",49.9812553397668,8.34569531768852
"A60","undefined--vi-hind.2025-05-24_18-35-00-000.f_002.de0","49.97306850094127,8.382181599999836,49.97465600094126,8.40873769999983","49.97306850094127,8.382181599999836","WARNING","A60 | Bischofsheim - Rüsselsheim-Mitte"," Mainz -> Rüsselsheim",NA,NA,NA,2025-05-24,"Beginn: 24.05.25 um 18:35 Uhr  Fahrzeug-Hindernis, seit 24.05.2025, 18:35 A60: Mainz -> Rüsselsheim, zwischen 0.2 km hinter AS Bischofsheim und 0.3 km vor AS Rüsselsheim-Mitte Gefahr durch ein defektes Fahrzeug auf der Fahrbahn",49.9730685009413,8.38218159999984
"A60","undefined--vi-zus.2025-05-24_17-42-48-000.f.de0","49.9731173292316,8.380125744571162,49.97391796020261,8.399847899662582","49.9731173292316,8.380125744571162","WARNING","A60 | Bischofsheim - Rüsselsheim-Mitte"," Mainz -> Rüsselsheim",1,"SLOW_TRAFFIC","45.5",2025-05-24,"Beginn: 24.05.25 um 17:42 Uhr  Zusammengesetzte Verkehrsinformation, seit 24.05.2025, 17:42 A60: Mainz -> Rüsselsheim, zwischen AS Bischofsheim und 1.0 km vor AS Rüsselsheim-Mitte  Langsamer Verkehr Reisezeitverlust: 1 Minuten Durchschnittsgeschwindigkeit: 45 km/h",49.9731173292316,8.38012574457116
"A60","undefined--vi-avl.2025-05-24_17-48-02-000.f_004.de0","49.97312230901224,8.380014449720148,49.97312230901224,8.380014449720148","49.97312230901224,8.380014449720148","WARNING","A60 | Rüsselsheim-Mitte - Rüsselsheim-Mitte"," Mainz -> Rüsselsheim",NA,"SLOW_TRAFFIC","27",2025-05-24,"Beginn: 24.05.25 um 19:01 Uhr  Angespannte Verkehrslage, seit 24.05.2025, 19:01 A60: Mainz -> Rüsselsheim, 2.4 km vor AS Rüsselsheim-Mitte, aus Richtung Bischofsheim  Langsamer Verkehr Durchschnittsgeschwindigkeit: 27 km/h",49.9731223090122,8.38001444972015
"A60","undefined--vi-zus.2025-05-03_10-55-00-000.f_003.de0","49.977457399447445,8.454646346787307,49.981587265039146,8.34517285786785","49.977457399447445,8.454646346787307","WARNING","A60 | Rüsselsheimer Dreieck - Mainspitz-Dreieck"," Rüsselsheim -> Mainz",NA,NA,NA,2025-05-03,"Beginn: 03.05.25 um 10:55 Uhr  Zusammengesetzte Verkehrsinformation, seit 03.05.2025, 10:55 A60: Rüsselsheim -> Mainz, zwischen 0.6 km hinter AD Rüsselsheimer Dreieck und 0.5 km vor AD Mainspitz-Dreieck  Sperrung der A60 bei Königstädten – Grundhafte Fahrbahnerneuerung zwischen dem Rüsselsheimer Dreieck und dem Mainspitz Dreieck. Die Niederlassung West der Autobahn GmbH erneuert zwischen dem Rüsselsheimer Dreieck (30) und dem Mainspitz Dreieck (26) die Fahrbahn. Von Donnerstagmorgen (24. April) bis Mitte Juli wird die Anschlussstelle (AS) Königstädten (29) in Fahrtrichtung (FR) Mainz sowie in FR Rüsselsheimer Dreieck gesperrt. Umleitungsmöglichkeiten sind ausgeschildert: • Ausfahrt FR Mainz: Umleitung via AS Rüsselsheim-Mitte • Einfahrt FR Mainz: innerstädtische Umleitung zur AS Rüsselsheim-Mitte (Adam-Opel-Straße / Kurt-Schumacher-Ring), von Nauheim kommend via L3482 zur AS Bischofsheim • Einfahrt FR Darmstadt: innerstädtische Umleitung zur AS Rüsselsheim-Mitte (Adam-Opel-Straße / Kurt-Schumacher-Ring) Die Autobahn GmbH bittet alle Verkehrsteilnehmer um Verständnis für die unvermeidlichen Verkehrsbehinderungen, die durch die Arbeiten entstehen.",49.9774573994474,8.45464634678731
"A61","undefined--vi-hind.2025-05-24_18-33-40-000.f.de0","50.4012078260702,7.240165162601041,50.39986666604916,7.241116664466093","50.4012078260702,7.240165162601041","WARNING","A61 | Wehr - In Dürpel"," Mönchengladbach -> Koblenz",NA,NA,NA,2025-05-24,"Beginn: 24.05.25 um 18:33 Uhr  Fahrzeug-Hindernis, seit 24.05.2025, 18:33 A61: Mönchengladbach -> Koblenz, zwischen 0.8 km hinter AS Wehr und 1.4 km vor In Dürpel Gefahr durch ein defektes Fahrzeug auf der Fahrbahn",50.4012078260702,7.24016516260104
"A64","undefined--vi-avl.2025-05-24_18-09-36-000.f.de0","49.7553878003775,6.570799239625624,49.76388947986142,6.583282956553434","49.7553878003775,6.570799239625624","WARNING","A64 | Sauertalbrücke - Trier"," Luxemburg -> Trier",0,"SLOW_TRAFFIC","65.80000305175781",2025-05-24,"Beginn: 24.05.25 um 18:09 Uhr  Angespannte Verkehrslage, seit 24.05.2025, 18:09 A64: Luxemburg -> Trier, zwischen 5.7 km hinter Sauertalbrücke und 1.6 km vor AS Trier  Langsamer Verkehr Reisezeitverlust: 0 Minuten Durchschnittsgeschwindigkeit: 65 km/h",49.7553878003775,6.57079923962562
"A64","undefined--vi-avl.2025-05-24_18-55-30-000.f.de0","49.783746689608265,6.638911294271016,49.783746689608265,6.638911294271016","49.783746689608265,6.638911294271016","WARNING","A64 | Trier - Trier"," Trier -> Luxemburg",NA,"QUEUING_TRAFFIC","10",2025-05-24,"Beginn: 24.05.25 um 19:01 Uhr  Angespannte Verkehrslage, seit 24.05.2025, 19:01 A64: Trier -> Luxemburg, 3.0 km vor AS Trier, aus Richtung Anschluss B52-Trier  Stockender Verkehr Durchschnittsgeschwindigkeit: 10 km/h",49.7837466896083,6.63891129427102
"A64","undefined--vi-avl.2025-05-24_18-53-36-000.f.de0","49.783746689608265,6.638911294271016,49.78865391417719,6.64526824229259","49.783746689608265,6.638911294271016","WARNING","A64 | Trier - Anschluss B52-Trier"," Luxemburg -> Trier",1,"QUEUING_TRAFFIC","18.799999237060547",2025-05-24,"Beginn: 24.05.25 um 18:53 Uhr  Angespannte Verkehrslage, seit 24.05.2025, 18:53 A64: Luxemburg -> Trier, zwischen 3.0 km hinter AS Trier und 1.2 km vor Anschluss B52-Trier  Stockender Verkehr Reisezeitverlust: 1 Minuten Durchschnittsgeschwindigkeit: 18 km/h",49.7837466896083,6.63891129427102
"A66","undefined--vi-hind.2025-05-24_18-28-30-000.f_005.de0","50.199861800940226,9.222250500000062,50.23390849234303,9.286993286966378","50.199861800940226,9.222250500000062","WARNING","A66 | Gelnhausen-Ost - Bad Orb/Wächtersbach"," Frankfurt -> Fulda",NA,NA,NA,2025-05-24,"Beginn: 24.05.25 um 18:28 Uhr  Fahrzeug-Hindernis, seit 24.05.2025, 18:28 A66: Frankfurt -> Fulda, zwischen 0.3 km hinter AS Gelnhausen-Ost und 0.5 km vor AS Bad Orb/Wächtersbach Gefahr durch ein defektes Fahrzeug auf der Fahrbahn",50.1998618009402,9.22225050000006
"A67","undefined--vi-hind.2025-05-24_18-54-03-000.f.de0","49.719598111434,8.543566790948649,49.71794817587513,8.543993331806501","49.719598111434,8.543566790948649","WARNING","A67 | Gernsheim - Jägersburger Wald"," Darmstadt -> Mannheim",NA,NA,NA,2025-05-24,"Beginn: 24.05.25 um 18:54 Uhr  Fahrzeug-Hindernis, seit 24.05.2025, 18:54 A67: Darmstadt -> Mannheim, zwischen 2.7 km hinter AS Gernsheim und 2.3 km vor Jägersburger Wald Gefahr durch ein defektes Fahrzeug auf der Fahrbahn",49.719598111434,8.54356679094865
"A67","undefined--vi-avl.2025-05-24_19-01-36-000.f.de0","49.87701470674236,8.570899001375762,49.87701470674236,8.570899001375762","49.87701470674236,8.570899001375762","WARNING","A67 | Griesheimer Dreieck - Griesheimer Dreieck"," Darmstadt -> Mannheim",NA,"STATIONARY_TRAFFIC","3",2025-05-24,"Beginn: 24.05.25 um 19:01 Uhr  Angespannte Verkehrslage, seit 24.05.2025, 19:01 A67: Darmstadt -> Mannheim, 1.3 km vor AD Griesheimer Dreieck, aus Richtung Büttelborn  Im Stillstand Durchschnittsgeschwindigkeit: 3 km/h",49.8770147067424,8.57089900137576
"A67","undefined--vi-avl.2025-05-24_19-01-36-000.f_001.de0","49.87701470674236,8.570899001375762,49.87701470674236,8.570899001375762","49.87701470674236,8.570899001375762","WARNING","A67 | Büttelborn - Griesheimer Dreieck"," Mönchhof-Dreieck -> Mannheim",2,"STATIONARY_TRAFFIC","3.5",2025-05-24,"Beginn: 24.05.25 um 19:01 Uhr  Angespannte Verkehrslage, seit 24.05.2025, 19:01 A67: Mönchhof-Dreieck -> Mannheim, zwischen 2.4 km hinter Büttelborn und 1.1 km vor AD Griesheimer Dreieck  Im Stillstand Reisezeitverlust: 2 Minuten Durchschnittsgeschwindigkeit: 3 km/h",49.8770147067424,8.57089900137576
"A71","undefined--vi-hind.2025-05-24_17-58-01-000.f_007.de0","51.30333417723522,11.237511932390952,51.305059902943086,11.237467145828802","51.30333417723522,11.237511932390952","WARNING","A71 | Schmücke - Heldrungen"," Erfurt -> Sangerhausen",NA,NA,NA,2025-05-24,"Beginn: 24.05.25 um 17:58 Uhr  Fahrzeug-Hindernis, seit 24.05.2025, 17:58 A71: Erfurt -> Sangerhausen, zwischen 2.8 km hinter Schmücke und 0.3 km vor AS Heldrungen Gefahr durch ein defektes Fahrzeug auf der Fahrbahn",51.3033341772352,11.237511932391
"A71","undefined--vi-hind.2025-05-24_18-27-30-000.f_005.de0","51.30813210093455,11.237204500004816,51.20497640093511,11.183217300004344","51.30813210093455,11.237204500004816","WARNING","A71 | Hohe Schrecke - Leubinger Fürstenhügel"," Sangerhausen -> Erfurt",NA,NA,NA,2025-05-24,"Beginn: 24.05.25 um 18:27 Uhr  Hindernis, seit 24.05.2025, 18:27 A71: Sangerhausen -> Erfurt, zwischen 2.7 km hinter Hohe Schrecke und 0.9 km vor Leubinger Fürstenhügel  Gefahr durch eine ungesicherte Unfallstelle",51.3081321009346,11.2372045000048
"A72","undefined--vi-hind.2025-05-24_18-27-30-000.f_004.de0","50.63858770111413,12.440209527848511,50.68141018173718,12.583064864369172","50.63858770111413,12.440209527848511","WARNING","A72 | Waldkirchen - Hartenstein"," Plauen -> Chemnitz",NA,NA,NA,2025-05-24,"Beginn: 24.05.25 um 18:27 Uhr  Fahrzeug-Hindernis, seit 24.05.2025, 18:27 A72: Plauen -> Chemnitz, zwischen 5.5 km hinter Waldkirchen und 8.9 km vor AS Hartenstein Gefahr durch ein defektes Fahrzeug auf der Fahrbahn",50.6385877011141,12.4402095278485
"A94","undefined--vi-hind.2025-05-24_18-28-30-000.f_003.de0","48.24820900094739,12.352759400046393,48.24995516928259,12.28524603527714","48.24820900094739,12.352759400046393","WARNING","A94 | Heldenstein - Schwindegg"," Passau -> München",NA,NA,NA,2025-05-24,"Beginn: 24.05.25 um 18:28 Uhr  Fahrzeug-Hindernis, seit 24.05.2025, 18:28 A94: Passau -> München, zwischen 0.3 km hinter AS Heldenstein und 0.2 km vor AS Schwindegg Gefahr durch ein defektes Fahrzeug auf der Fahrbahn",48.2482090009474,12.3527594000464
"A99","undefined--vi-hind.2025-05-24_19-00-00-000.f.de0","48.22882440094726,11.58904060001233,48.228729841674955,11.587337179698691","48.22882440094726,11.58904060001233","WARNING","A99 | München-Fröttmaning Nord - München-Neuherberg"," München-Nord -> München-Süd-West",NA,NA,NA,2025-05-24,"Beginn: 24.05.25 um 19:00 Uhr  Hindernis, seit 24.05.2025, 19:00 A99: München-Nord -> München-Süd-West, zwischen 2.2 km hinter AS München-Fröttmaning Nord und 0.1 km vor AS München-Neuherberg  Gefahr durch Gegenstände auf der Fahrbahn",48.2288244009473,11.5890406000123
"A113","undefined--vi-avl.2025-05-24_08-15-30-000.f_001.de0","52.44719627463512,13.470529561481067,52.44719627463512,13.470529561481067","52.44719627463512,13.470529561481067","WARNING","A113 | Späthstraße - Späthstraße"," Schönefeld -> Neukölln",NA,"STATIONARY_TRAFFIC","3",2025-05-24,"Beginn: 24.05.25 um 19:01 Uhr  Angespannte Verkehrslage, seit 24.05.2025, 19:01 A113: Schönefeld -> Neukölln, 1.0 km vor AS Späthstraße, aus Richtung Johannisthaler Chaussee  Im Stillstand Durchschnittsgeschwindigkeit: 3 km/h",52.4471962746351,13.4705295614811
"A113","undefined--vi-zus.2025-05-23_04-57-30-000.f.de0","52.43617318100181,13.493052326243479,52.427730500930934,13.517008500122175","52.43617318100181,13.493052326243479","WARNING","A113 | Johannisthaler Chaussee - Rudower Höhe"," Neukölln -> Schönefeld",NA,NA,NA,2025-05-23,"Beginn: 23.05.25 um 04:57 Uhr  Zusammengesetzte Verkehrsinformation, seit 23.05.2025, 04:57 A113: Neukölln -> Schönefeld, zwischen 1.2 km hinter AS Johannisthaler Chaussee und 1.0 km vor Rudower Höhe  A113 Autobahnzubringer Dresden, Neukölln Richtung Schönefeld
zwischen Stubenrauchstraße und Tunnel Rudower Höhe
linker Fahrstreifen gesperrt, Bauarbeiten, bis voraussichtlich 20.06.2025",52.4361731810018,13.4930523262435
"A113","undefined--vi-avl.2025-05-24_08-15-00-000.f.de0","52.44719627463512,13.470529561481067,52.45209490093047,13.462718900114677","52.44719627463512,13.470529561481067","WARNING","A113 | Johannisthaler Chaussee - Späthstraße"," Schönefeld -> Neukölln",15,"STATIONARY_TRAFFIC","2.9000000953674316",2025-05-24,"Beginn: 24.05.25 um 08:15 Uhr  Angespannte Verkehrslage, seit 24.05.2025, 08:15 A113: Schönefeld -> Neukölln, zwischen 0.7 km hinter AS Johannisthaler Chaussee und 0.2 km vor AS Späthstraße  Im Stillstand Reisezeitverlust: 15 Minuten Durchschnittsgeschwindigkeit: 2 km/h",52.4471962746351,13.4705295614811
"A113","undefined--vi-zus.2025-05-24_14-46-02-000.f_012.de0","52.37839908826458,13.542599091402097,52.36931552754615,13.548195838188391","52.37839908826458,13.542599091402097","WARNING","A113 | Schönefeld-Süd - Waltersdorf"," Neukölln -> Schönefeld",NA,NA,NA,2025-05-24,"Beginn: 24.05.25 um 14:46 Uhr  Zusammengesetzte Verkehrsinformation, seit 24.05.2025, 14:46 A113: Neukölln -> Schönefeld, zwischen 2.1 km hinter AS Schönefeld-Süd und 0.5 km vor AD Waltersdorf  Gefahr durch Personen auf der Fahrbahn  A113 Autobahnzubringer Dresden, Neukölln Richtung Schönefeld in Höhe Dreieck Flughafen Berlin Brandenburg Gefahr durch liegengebliebenes Fahrzeug, Gefahr durch Personen auf der Fahrbahn, bitte vorsichtig fahren",52.3783990882646,13.5425990914021
"A114","undefined--vi-hind.2025-05-24_18-15-30-000.f_002.de0","52.633944935978484,13.427047816749141,52.633096645418085,13.427121922581744","52.633944935978484,13.427047816749141","WARNING","A114 | Pankow - Schönerlinder Straße"," Dreieck Pankow -> Pankow",NA,NA,NA,2025-05-24,"Beginn: 24.05.25 um 18:15 Uhr  Fahrzeug-Hindernis, seit 24.05.2025, 18:15 A114: Dreieck Pankow -> Pankow, zwischen 1.0 km hinter AD Pankow und 1.1 km vor AS Schönerlinder Straße Gefahr durch ein defektes Fahrzeug auf der Fahrbahn",52.6339449359785,13.4270478167491
"A115","undefined--vi-zus.2024-10-09_07-09-40-000.f_531.de0","52.40027056808641,13.185163736426698,52.44227384698058,13.202709435405149","52.40027056808641,13.185163736426698","WARNING","A115 | Am Stern - Hüttenweg"," Dreieck Nuthetal -> Dreieck Funkturm",NA,NA,NA,2024-10-09,"Beginn: 09.10.24 um 07:09 Uhr  Zusammengesetzte Verkehrsinformation, seit 09.10.2024, 07:09 A115: Dreieck Nuthetal -> Dreieck Funkturm, zwischen 2.9 km hinter Am Stern und 3.8 km vor AS Hüttenweg  A115 Autobahnzubringer Magdeburg, Dreieck Nuthetal Richtung Dreieck Funkturm, zwischen Anschlussstelle Kleinmachnow und Anschlussstelle Spanische Allee, Baustelle, bis 31.10.2026 17:00 Uhr",52.4002705680864,13.1851637364267
"A115","undefined--vi-avl.2025-05-24_12-20-34-000.f_001.de0","52.400729500929614,13.18568480008462,52.40895159951745,13.194985385710975","52.400729500929614,13.18568480008462","WARNING","A115 | Am Stern - Dreilinden"," Dreieck Nuthetal -> Dreieck Funkturm",2,"STATIONARY_TRAFFIC","19.600000381469727",2025-05-24,"Beginn: 24.05.25 um 12:20 Uhr  Angespannte Verkehrslage, seit 24.05.2025, 12:20 A115: Dreieck Nuthetal -> Dreieck Funkturm, zwischen 3.0 km hinter Am Stern und 0.8 km vor Dreilinden  Im Stillstand Reisezeitverlust: 2 Minuten Durchschnittsgeschwindigkeit: 19 km/h",52.4007295009296,13.1856848000846
"A115","undefined--vi-avl.2025-05-24_14-08-15-000.f_002.de0","52.400729500929614,13.18568480008462,52.400729500929614,13.18568480008462","52.400729500929614,13.18568480008462","WARNING","A115 | Kleinmachnow - Kleinmachnow"," Dreieck Nuthetal -> Dreieck Funkturm",NA,"STATIONARY_TRAFFIC","13",2025-05-24,"Beginn: 24.05.25 um 19:01 Uhr  Angespannte Verkehrslage, seit 24.05.2025, 19:01 A115: Dreieck Nuthetal -> Dreieck Funkturm, 0.2 km vor AS Kleinmachnow, aus Richtung Am Stern  Im Stillstand Durchschnittsgeschwindigkeit: 13 km/h",52.4007295009296,13.1856848000846
"A115","undefined--vi-zus.2024-10-13_05-33-30-000.f_688.de0","52.44029442937371,13.199911385595513,52.43107524997983,13.191805707063864","52.44029442937371,13.199911385595513","WARNING","A115 | Hüttenweg - Kreuz Zehlendorf"," Dreieck Funkturm -> Dreieck Nuthetal",NA,NA,NA,2024-10-13,"Beginn: 13.10.24 um 05:33 Uhr  Zusammengesetzte Verkehrsinformation, seit 13.10.2024, 05:33 A115: Dreieck Funkturm -> Dreieck Nuthetal, zwischen 4.1 km hinter AS Hüttenweg und 1.3 km vor AS Kreuz Zehlendorf  A115 Dreieck Funkturm Richtung Dreieck Nuthetal
zwischen Spanische Allee und Kleinmachnow
Verkehr wird über die Gegenfahrbahn geleitet, geänderte Verkehrsführung im Baustellenbereich, Bauarbeiten",52.4402944293737,13.1999113855955
"A861","undefined--vi-avl.2025-05-24_18-33-40-000.f_001.de0","47.54904851086363,7.758213318370684,47.55082232960782,7.7577804651623685","47.54904851086363,7.758213318370684","WARNING","A861 | Rheinfelden - Rheinfelden-Mitte"," Grenzübergang Rheinfelden -> Dreieck Hochrhein",0,"SLOW_TRAFFIC","10.300000190734863",2025-05-24,"Beginn: 24.05.25 um 18:33 Uhr  Angespannte Verkehrslage, seit 24.05.2025, 18:33 A861: Grenzübergang Rheinfelden -> Dreieck Hochrhein, zwischen 0.1 km hinter Rheinfelden und 2.0 km vor AS Rheinfelden-Mitte  Langsamer Verkehr Reisezeitverlust: 0 Minuten Durchschnittsgeschwindigkeit: 10 km/h",47.5490485108636,7.75821331837068
"A861","undefined--vi-avl.2025-05-24_10-00-11-000.f_004.de0","47.55399350474222,7.757284668769148,47.55399350474222,7.757284668769148","47.55399350474222,7.757284668769148","WARNING","A861 | Rheinfelden-Süd - Rheinfelden-Süd"," Dreieck Hochrhein -> Grenzübergang Rheinfelden",NA,"STATIONARY_TRAFFIC","3",2025-05-24,"Beginn: 24.05.25 um 19:01 Uhr  Angespannte Verkehrslage, seit 24.05.2025, 19:01 A861: Dreieck Hochrhein -> Grenzübergang Rheinfelden, 0.4 km vor AS Rheinfelden-Süd, aus Richtung Rheinfelden-Mitte  Im Stillstand Durchschnittsgeschwindigkeit: 3 km/h",47.5539935047422,7.75728466876915
"A861","undefined--vi-avl.2025-05-24_09-32-00-000.f_001.de0","47.55391254203026,7.757286510151287,47.549025915970084,7.758087075354032","47.55391254203026,7.757286510151287","WARNING","A861 | Rheinfelden-Mitte - Rheinfelden"," Dreieck Hochrhein -> Grenzübergang Rheinfelden",3,"STATIONARY_TRAFFIC","7.300000190734863",2025-05-24,"Beginn: 24.05.25 um 09:32 Uhr  Angespannte Verkehrslage, seit 24.05.2025, 09:32 A861: Dreieck Hochrhein -> Grenzübergang Rheinfelden, zwischen 1.7 km hinter AS Rheinfelden-Mitte und 0.1 km vor Rheinfelden  Im Stillstand Reisezeitverlust: 3 Minuten Durchschnittsgeschwindigkeit: 7 km/h",47.5539125420303,7.75728651015129
