"road","identifier","extent","point","display_type","title","subtitle","delay_minutes","abnormalTrafficType","averageSpeed","startTimestamp","description","latitude","longitude"
"A1","undefined--vi-zus.2025-05-20_21-03-00-000.f_001.de0","51.27484012287126,7.258487661638827,51.28606100093466,7.257216999998288","51.27484012287126,7.258487661638827","WARNING","A1 | Kucksiepen - Wuppertal-Nord"," Köln -> Dortmund",8,"STATIONARY_TRAFFIC","8.300000190734863",2025-05-20,"Beginn: 20.05.25 um 21:03 Uhr  Zusammengesetzte Verkehrsinformation, seit 20.05.2025, 21:03 A1: Köln -> Dortmund, zwischen 1.2 km hinter Kucksiepen und 3.3 km vor AK Wuppertal-Nord  Im Stillstand Reisezeitverlust: 8 Minuten Durchschnittsgeschwindigkeit: 8 km/h",51.2748401228713,7.25848766163883
"A1","undefined--vi-hind.2025-05-20_20-32-30-000.f.de0","51.27857243563823,7.259802209769971,51.29175955527667,7.258484714583112","51.27857243563823,7.259802209769971","WARNING","A1 | Kucksiepen - Wuppertal-Nord"," Köln -> Dortmund",NA,NA,NA,2025-05-20,"Beginn: 20.05.25 um 20:32 Uhr  Hindernis, seit 20.05.2025, 20:32 A1: Köln -> Dortmund, zwischen 1.7 km hinter Kucksiepen und 2.7 km vor AK Wuppertal-Nord",51.2785724356382,7.25980220976997
"A1","undefined--vi-avl.2025-05-20_21-09-30-000.f_003.de0","51.274915096937704,7.258566763645573,51.274915096937704,7.258566763645573","51.274915096937704,7.258566763645573","WARNING","A1 | Wuppertal-Langerfeld - Wuppertal-Langerfeld"," Köln -> Dortmund",NA,"STATIONARY_TRAFFIC","7",2025-05-20,"Beginn: 20.05.25 um 21:22 Uhr  Angespannte Verkehrslage, seit 20.05.2025, 21:22 A1: Köln -> Dortmund, 1.0 km vor AS Wuppertal-Langerfeld, aus Richtung Kucksiepen  Im Stillstand Durchschnittsgeschwindigkeit: 7 km/h",51.2749150969377,7.25856676364557
"A1","undefined--vi-zus.2025-05-20_20-49-00-000.f_001.de0","51.285550600934656,7.25736759999829,51.30275679104875,7.262954365965742","51.285550600934656,7.25736759999829","WARNING","A1 | Wuppertal-Langerfeld - Wuppertal-Nord"," Köln -> Dortmund",NA,NA,NA,2025-05-20,"Beginn: 20.05.25 um 20:49 Uhr  Zusammengesetzte Verkehrsinformation, seit 20.05.2025, 20:49 A1: Köln -> Dortmund, zwischen 0.2 km hinter AS Wuppertal-Langerfeld und 1.4 km vor AK Wuppertal-Nord  A1 Köln Richtung Dortmund
zwischen Wuppertal-Langerfeld und Kreuz Wuppertal-Nord
Reinigungsarbeiten, Rettungsfahrzeuge im Einsatz, Richtungsfahrbahn gesperrt",51.2855506009347,7.25736759999829
"A1","undefined--vi-zus.2025-05-20_20-34-30-000.f_001.de0","51.922464136421866,7.55730523354018,51.98481181713834,7.555562824867965","51.922464136421866,7.55730523354018","WARNING","A1 | Münster-Süd - Münster-Nord"," Dortmund -> Osnabrück",NA,NA,NA,2025-05-20,"Beginn: 20.05.25 um 20:34 Uhr  Zusammengesetzte Verkehrsinformation, seit 20.05.2025, 20:34 A1: Dortmund -> Osnabrück, zwischen 0.8 km hinter AK Münster-Süd und 0.5 km vor AS Münster-Nord  A1 Hansalinie, Münster Richtung Osnabrück zwischen Kreuz Münster-Süd und Münster-Nord Unfallaufnahme auf dem Standstreifen, Gefahr, Polizei ist vor Ort",51.9224641364219,7.55730523354018
"A1","undefined--vi-hind.2025-05-20_21-16-30-000.f_001.de0","52.54433406466721,8.114020661731372,52.597182380445346,8.113837955239216","52.54433406466721,8.114020661731372","WARNING","A1 | Dammer Berge - Langwege-Ost"," Osnabrück -> Bremen",NA,NA,NA,2025-05-20,"Beginn: 20.05.25 um 21:16 Uhr  Hindernis, seit 20.05.2025, 21:16 A1: Osnabrück -> Bremen, zwischen 0.4 km hinter Dammer Berge und 2.0 km vor Langwege-Ost  Gefahr durch Personen auf der Fahrbahn",52.5443340646672,8.11402066173137
"A1","undefined--vi-hind.2025-05-20_21-16-30-000.f.de0","52.59714630092628,8.113601899999633,52.54522510484567,8.113880717155013","52.59714630092628,8.113601899999633","WARNING","A1 | Langwege-Ost - Dammer Berge"," Bremen -> Osnabrück",NA,NA,NA,2025-05-20,"Beginn: 20.05.25 um 21:16 Uhr  Hindernis, seit 20.05.2025, 21:16 A1: Bremen -> Osnabrück, zwischen 2.0 km hinter Langwege-Ost und 0.5 km vor Dammer Berge  Gefahr durch Personen auf der Fahrbahn",52.5971463009263,8.11360189999963
"A1","undefined--vi-avl.2025-05-20_20-14-00-000.f_002.de0","53.02239874365819,8.794581319660178,53.02369352510232,8.817487960156697","53.02239874365819,8.794581319660178","WARNING","A1 | Stuhr - Krummhörens Kuhlen"," Osnabrück -> Bremen",2,"STATIONARY_TRAFFIC","27.799999237060547",2025-05-20,"Beginn: 20.05.25 um 20:14 Uhr  Angespannte Verkehrslage, seit 20.05.2025, 20:14 A1: Osnabrück -> Bremen, zwischen 6.5 km hinter AD Stuhr und 0.5 km vor Krummhörens Kuhlen  Im Stillstand Reisezeitverlust: 2 Minuten Durchschnittsgeschwindigkeit: 27 km/h",53.0223987436582,8.79458131966018
"A1","undefined--vi-avl.2025-05-20_21-11-30-000.f_005.de0","53.02243612875268,8.794888197706701,53.02243612875268,8.794888197706701","53.02243612875268,8.794888197706701","WARNING","A1 | Bremen/Brinkum - Bremen/Brinkum"," Osnabrück -> Bremen",NA,"STATIONARY_TRAFFIC","28",2025-05-20,"Beginn: 20.05.25 um 21:22 Uhr  Angespannte Verkehrslage, seit 20.05.2025, 21:22 A1: Osnabrück -> Bremen, 0.5 km vor AS Bremen/Brinkum, aus Richtung Stuhr  Im Stillstand Durchschnittsgeschwindigkeit: 28 km/h",53.0224361287527,8.7948881977067
"A1","undefined--vi-hind.2025-05-20_19-17-00-000.f_003.de0","53.20031260092184,9.295084500000122,53.110726233777484,9.201271968668555","53.20031260092184,9.295084500000122","WARNING","A1 | Bockel - Stuckenborstel"," Hamburg -> Bremen",NA,NA,NA,2025-05-20,"Beginn: 20.05.25 um 19:17 Uhr  Fahrzeug-Hindernis, seit 20.05.2025, 19:17 A1: Hamburg -> Bremen, zwischen 0.2 km hinter Bockel und 0.2 km vor AS Stuckenborstel",53.2003126009218,9.29508450000012
"A1","undefined--vi-hind.2025-05-20_19-20-30-000.f_005.de0","53.87919300091635,10.66061360000142,53.8827857422508,10.664596574039464","53.87919300091635,10.66061360000142","WARNING","A1 | Lübeck-Moisling - Bad Schwartau"," Hamburg -> Fehmarn",NA,NA,NA,2025-05-20,"Beginn: 20.05.25 um 19:20 Uhr  Fahrzeug-Hindernis, seit 20.05.2025, 19:20 A1: Hamburg -> Fehmarn, zwischen 3.0 km hinter AS Lübeck-Moisling und 3.1 km vor AS Bad Schwartau Gefahr durch ein defektes Fahrzeug auf der Fahrbahn",53.8791930009164,10.6606136000014
"A1","undefined--vi-avl.2025-05-20_20-46-30-000.f_002.de0","53.970215632704466,10.733895014881876,53.970215632704466,10.733895014881876","53.970215632704466,10.733895014881876","WARNING","A1 | Ratekau - Ratekau"," Fehmarn -> Lübeck",NA,"STATIONARY_TRAFFIC","10",2025-05-20,"Beginn: 20.05.25 um 21:22 Uhr  Angespannte Verkehrslage, seit 20.05.2025, 21:22 A1: Fehmarn -> Lübeck, 2.6 km vor AS Ratekau, aus Richtung Pansdorf  Im Stillstand Durchschnittsgeschwindigkeit: 10 km/h",53.9702156327045,10.7338950148819
"A1","undefined--vi-avl.2025-05-20_20-45-30-000.f.de0","53.970215632704466,10.733895014881876,53.956905809914296,10.74483108967591","53.970215632704466,10.733895014881876","WARNING","A1 | Pansdorf - Ratekau"," Fehmarn -> Lübeck",4,"STATIONARY_TRAFFIC","17.899999618530273",2025-05-20,"Beginn: 20.05.25 um 20:45 Uhr  Angespannte Verkehrslage, seit 20.05.2025, 20:45 A1: Fehmarn -> Lübeck, zwischen 4.0 km hinter AS Pansdorf und 0.9 km vor AS Ratekau  Im Stillstand Reisezeitverlust: 4 Minuten Durchschnittsgeschwindigkeit: 17 km/h",53.9702156327045,10.7338950148819
"A2","undefined--vi-avl.2025-05-20_19-41-30-000.f.de0","51.5386298801034,6.843310174342619,51.5389081497909,6.866825447097448","51.5386298801034,6.843310174342619","WARNING","A2 | Oberhausen - Oberhausen-Königshardt"," Oberhausen -> Dortmund",3,"STATIONARY_TRAFFIC","20.5",2025-05-20,"Beginn: 20.05.25 um 19:41 Uhr  Angespannte Verkehrslage, seit 20.05.2025, 19:41 A2: Oberhausen -> Dortmund, zwischen 0.6 km hinter AK Oberhausen und 0.2 km vor AS Oberhausen-Königshardt  Im Stillstand Reisezeitverlust: 3 Minuten Durchschnittsgeschwindigkeit: 20 km/h",51.5386298801034,6.84331017434262
"A2","undefined--vi-avl.2025-05-20_19-53-30-000.f.de0","51.53731007717399,6.834573118725582,51.5386298801034,6.843310174342619","51.53731007717399,6.834573118725582","WARNING","A2 | Oberhausen - Oberhausen-Königshardt"," Oberhausen -> Dortmund",5,"STATIONARY_TRAFFIC","7",2025-05-20,"Beginn: 20.05.25 um 19:53 Uhr  Angespannte Verkehrslage, seit 20.05.2025, 19:53 A2: Oberhausen -> Dortmund, zwischen AK Oberhausen und 1.8 km vor AS Oberhausen-Königshardt  Im Stillstand Reisezeitverlust: 5 Minuten Durchschnittsgeschwindigkeit: 7 km/h",51.537310077174,6.83457311872558
"A2","undefined--vi-avl.2025-05-20_19-42-30-000.f_003.de0","51.5386298801034,6.843310174342619,51.5386298801034,6.843310174342619","51.5386298801034,6.843310174342619","WARNING","A2 | Oberhausen-Königshardt - Oberhausen-Königshardt"," Oberhausen -> Dortmund",NA,"STATIONARY_TRAFFIC","9",2025-05-20,"Beginn: 20.05.25 um 21:22 Uhr  Angespannte Verkehrslage, seit 20.05.2025, 21:22 A2: Oberhausen -> Dortmund, 1.8 km vor AS Oberhausen-Königshardt, aus Richtung Oberhausen  Im Stillstand Durchschnittsgeschwindigkeit: 9 km/h",51.5386298801034,6.84331017434262
"A2","undefined--vi-avl.2025-05-20_19-54-30-000.f_004.de0","51.53730333479113,6.834546394111652,51.53730333479113,6.834546394111652","51.53730333479113,6.834546394111652","WARNING","A2 | Oberhausen-Königshardt - Oberhausen-Königshardt"," Oberhausen -> Dortmund",NA,"STATIONARY_TRAFFIC","5",2025-05-20,"Beginn: 20.05.25 um 21:22 Uhr  Angespannte Verkehrslage, seit 20.05.2025, 21:22 A2: Oberhausen -> Dortmund, 2.5 km vor AS Oberhausen-Königshardt, aus Richtung Oberhausen  Im Stillstand Durchschnittsgeschwindigkeit: 5 km/h",51.5373033347911,6.83454639411165
"A2","undefined--vi-avl.2025-05-20_21-18-30-000.f_001.de0","51.703934661746075,7.977514697922565,51.703934661746075,7.977514697922565","51.703934661746075,7.977514697922565","WARNING","A2 | Hamm-Uentrop - Hamm-Uentrop"," Hannover -> Dortmund",NA,"STATIONARY_TRAFFIC","17",2025-05-20,"Beginn: 20.05.25 um 21:22 Uhr  Angespannte Verkehrslage, seit 20.05.2025, 21:22 A2: Hannover -> Dortmund, 1.2 km vor AS Hamm-Uentrop, aus Richtung Stettin  Im Stillstand Durchschnittsgeschwindigkeit: 17 km/h",51.7039346617461,7.97751469792257
"A2","undefined--vi-avl.2025-05-20_19-31-00-000.f_003.de0","51.70367594415997,7.977391943773673,51.68819026526163,7.961459552109213","51.70367594415997,7.977391943773673","WARNING","A2 | Stettin - Im Großen Klei"," Hannover -> Dortmund",5,"STATIONARY_TRAFFIC","19.399999618530273",2025-05-20,"Beginn: 20.05.25 um 19:31 Uhr  Angespannte Verkehrslage, seit 20.05.2025, 19:31 A2: Hannover -> Dortmund, zwischen 2.2 km hinter Stettin und 2.6 km vor Im Großen Klei  Im Stillstand Reisezeitverlust: 5 Minuten Durchschnittsgeschwindigkeit: 19 km/h",51.70367594416,7.97739194377367
"A2","undefined--vi-avl.2025-05-20_19-47-30-000.f_002.de0","52.215746603362,9.1776537534938,52.215746603362,9.1776537534938","52.215746603362,9.1776537534938","WARNING","A2 | Bernser Kirchweg - Bernser Kirchweg"," Hannover -> Dortmund",NA,"STATIONARY_TRAFFIC","23",2025-05-20,"Beginn: 20.05.25 um 21:22 Uhr  Angespannte Verkehrslage, seit 20.05.2025, 21:22 A2: Hannover -> Dortmund, 0.7 km vor Bernser Kirchweg, aus Richtung Auetal Nord  Im Stillstand Durchschnittsgeschwindigkeit: 23 km/h",52.215746603362,9.1776537534938
"A2","undefined--vi-avl.2025-05-20_10-45-52-000.f_002.de0","52.21574310507088,9.177712023702483,52.22056690008746,9.132269629085807","52.21574310507088,9.177712023702483","WARNING","A2 | Auetal Nord - Bad Eilsen-Ost"," Hannover -> Dortmund",6,"STATIONARY_TRAFFIC","23.299999237060547",2025-05-20,"Beginn: 20.05.25 um 10:45 Uhr  Angespannte Verkehrslage, seit 20.05.2025, 10:45 A2: Hannover -> Dortmund, zwischen 3.5 km hinter Auetal Nord und 0.5 km vor AS Bad Eilsen-Ost  Im Stillstand Reisezeitverlust: 6 Minuten Durchschnittsgeschwindigkeit: 23 km/h",52.2157431050709,9.17771202370248
"A2","undefined--vi-avl.2025-05-20_21-14-30-000.f_005.de0","52.17704108519146,11.477437171928335,52.16913897636606,11.497683887813665","52.17704108519146,11.477437171928335","WARNING","A2 | Börde - Magdeburg"," Braunschweig -> Magdeburg",0,"SLOW_TRAFFIC","71",2025-05-20,"Beginn: 20.05.25 um 21:14 Uhr  Angespannte Verkehrslage, seit 20.05.2025, 21:14 A2: Braunschweig -> Magdeburg, zwischen 1.9 km hinter Börde und 3.4 km vor AK Magdeburg  Langsamer Verkehr Reisezeitverlust: 0 Minuten Durchschnittsgeschwindigkeit: 71 km/h",52.1770410851915,11.4774371719283
"A2","undefined--vi-hind.2025-05-20_21-19-34-000.f.de0","52.2386268813741,12.104055976474532,52.23888270556875,12.106062266408172","52.2386268813741,12.104055976474532","WARNING","A2 | Theessen - Wüstenforst"," Magdeburg -> Berliner Ring",NA,NA,NA,2025-05-20,"Beginn: 20.05.25 um 21:19 Uhr  Hindernis, seit 20.05.2025, 21:19 A2: Magdeburg -> Berliner Ring, zwischen 2.7 km hinter AS Theessen und 2.5 km vor Wüstenforst  Gefahr durch Gegenstände auf der Fahrbahn",52.2386268813741,12.1040559764745
"A3","undefined--vi-avl.2025-05-20_21-19-34-000.f.de0","48.53872459075988,13.39974407478587,48.54727350094846,13.397297500190046","48.53872459075988,13.39974407478587","WARNING","A3 | Passau-Süd - Hammerbach"," Linz -> Nürnberg",0,"SLOW_TRAFFIC","65.19999694824219",2025-05-20,"Beginn: 20.05.25 um 21:19 Uhr  Angespannte Verkehrslage, seit 20.05.2025, 21:19 A3: Linz -> Nürnberg, zwischen 0.3 km hinter AS Passau-Süd und 1.5 km vor Hammerbach  Langsamer Verkehr Reisezeitverlust: 0 Minuten Durchschnittsgeschwindigkeit: 65 km/h",48.5387245907599,13.3997440747859
"A3","undefined--vi-avl.2025-05-20_18-52-32-000.f_007.de0","48.77981604790314,13.024983013869493,48.78923850094671,13.00827200011237","48.77981604790314,13.024983013869493","WARNING","A3 | Hengersberg - Isarblick"," Passau -> Nürnberg",0,"SLOW_TRAFFIC","61.099998474121094",2025-05-20,"Beginn: 20.05.25 um 18:52 Uhr  Angespannte Verkehrslage, seit 20.05.2025, 18:52 A3: Passau -> Nürnberg, zwischen 1.5 km hinter AS Hengersberg und 2.7 km vor Isarblick  Langsamer Verkehr Reisezeitverlust: 0 Minuten Durchschnittsgeschwindigkeit: 61 km/h",48.7798160479031,13.0249830138695
"A3","undefined--vi-avl.2025-05-20_20-46-30-000.f_001.de0","51.15561210093539,6.964326599996783,51.15561210093539,6.964326599996783","51.15561210093539,6.964326599996783","WARNING","A3 | Solingen - Solingen"," Oberhausen -> Köln",NA,"STATIONARY_TRAFFIC","10",2025-05-20,"Beginn: 20.05.25 um 21:22 Uhr  Angespannte Verkehrslage, seit 20.05.2025, 21:22 A3: Oberhausen -> Köln, 4.0 km vor AS Solingen, aus Richtung Ohligser Heide  Im Stillstand Durchschnittsgeschwindigkeit: 10 km/h",51.1556121009354,6.96432659999678
"A3","undefined--vi-avl.2025-05-20_20-38-00-000.f_001.de0","51.15561210093539,6.964326599996783,51.123898200935564,6.978046999996868","51.15561210093539,6.964326599996783","WARNING","A3 | Ohligser Heide - Solingen"," Oberhausen -> Köln",12,"STATIONARY_TRAFFIC","15.300000190734863",2025-05-20,"Beginn: 20.05.25 um 20:38 Uhr  Angespannte Verkehrslage, seit 20.05.2025, 20:38 A3: Oberhausen -> Köln, zwischen 0.3 km hinter Ohligser Heide und 0.3 km vor AS Solingen  Im Stillstand Reisezeitverlust: 12 Minuten Durchschnittsgeschwindigkeit: 15 km/h",51.1556121009354,6.96432659999678
"A5","undefined--vi-hind.2025-05-20_21-17-30-000.f_001.de0","49.649660049927185,8.609662206576218,49.64328362473356,8.609272680993861","49.649660049927185,8.609662206576218","WARNING","A5 | Kälberpfad - Fuchsbuckel"," Darmstadt -> Heidelberg",NA,NA,NA,2025-05-20,"Beginn: 20.05.25 um 21:17 Uhr  Fahrzeug-Hindernis, seit 20.05.2025, 21:17 A5: Darmstadt -> Heidelberg, zwischen 1.5 km hinter Kälberpfad und 2.6 km vor Fuchsbuckel Gefahr durch ein defektes Fahrzeug auf der Fahrbahn",49.6496600499272,8.60966220657622
"A6","undefined--vi-hind.2025-05-20_20-09-00-000.f_005.de0","49.21152990094426,9.072320200000012,49.18684520480663,9.195242698743506","49.21152990094426,9.072320200000012","WARNING","A6 | Bauernwald - Heilbronn/Untereisesheim"," Mannheim -> Heilbronn",NA,NA,NA,2025-05-20,"Beginn: 20.05.25 um 20:09 Uhr  Fahrzeug-Hindernis, seit 20.05.2025, 20:09 A6: Mannheim -> Heilbronn, zwischen 7.4 km hinter Bauernwald und 0.5 km vor AS Heilbronn/Untereisesheim",49.2115299009443,9.07232020000001
"A6","undefined--vi-avl.2025-05-20_20-58-00-000.f.de0","49.30131264099162,10.753872883505705,49.294052407905774,10.739024184705293","49.30131264099162,10.753872883505705","WARNING","A6 | Lerchenbuck - Lichtenau"," Nürnberg -> Heilbronn",0,"SLOW_TRAFFIC","72.9000015258789",2025-05-20,"Beginn: 20.05.25 um 20:58 Uhr  Angespannte Verkehrslage, seit 20.05.2025, 20:58 A6: Nürnberg -> Heilbronn, zwischen 0.7 km hinter Lerchenbuck und 2.1 km vor AS Lichtenau  Langsamer Verkehr Reisezeitverlust: 0 Minuten Durchschnittsgeschwindigkeit: 72 km/h",49.3013126409916,10.7538728835057
"A7","undefined--vi-zus.2025-05-20_21-13-30-000.f.de0","47.5691654154121,10.659587980943792,47.577037246669576,10.66215100562998","47.5691654154121,10.659587980943792","WARNING","A7 | Grenztunnel Füssen - Reinertshofertunnel"," Füssen/Reutte -> Ulm",1,"QUEUING_TRAFFIC","22.299999237060547",2025-05-20,"Beginn: 20.05.25 um 21:13 Uhr  Zusammengesetzte Verkehrsinformation, seit 20.05.2025, 21:13 A7: Füssen/Reutte -> Ulm, zwischen 1.1 km hinter Grenztunnel Füssen und 2.7 km vor Reinertshofertunnel  Stockender Verkehr Reisezeitverlust: 1 Minuten Durchschnittsgeschwindigkeit: 22 km/h",47.5691654154121,10.6595879809438
"A7","undefined--vi-avl.2025-05-20_21-14-30-000.f.de0","47.56921826808985,10.659604173770441,47.56921826808985,10.659604173770441","47.56921826808985,10.659604173770441","WARNING","A7 | Füssen - Füssen"," Füssen/Reutte -> Ulm",NA,"QUEUING_TRAFFIC","2",2025-05-20,"Beginn: 20.05.25 um 21:22 Uhr  Angespannte Verkehrslage, seit 20.05.2025, 21:22 A7: Füssen/Reutte -> Ulm, 0.5 km vor AS Füssen, aus Richtung Grenztunnel Füssen  Stockender Verkehr Durchschnittsgeschwindigkeit: 2 km/h",47.5692182680898,10.6596041737704
"A7","undefined--vi-zus.2025-05-13_04-57-00-000.f_003.de0","47.595412441892016,10.656244234565428,47.62654678358412,10.642572056942274","47.595412441892016,10.656244234565428","WARNING","A7 | Füssen - Nesselwang"," Füssen/Reutte -> Ulm",NA,NA,NA,2025-05-13,"Beginn: 13.05.25 um 04:57 Uhr  Zusammengesetzte Verkehrsinformation, seit 13.05.2025, 04:57 A7: Füssen/Reutte -> Ulm, zwischen 2.5 km hinter AS Füssen und 9.1 km vor AS Nesselwang  A7 Füssen/Reutte Richtung Ulm zwischen Reinertshoftunnel und Nesselwang Verkehr wird über die Gegenfahrbahn geleitet, Baustelle, von 16.05.2025 05:00 Uhr bis 18.07.2025 15:00 Uhr",47.595412441892,10.6562442345654
"A7","undefined--vi-avl.2025-05-20_20-40-31-000.f.de0","47.62964937839484,10.600346426479463,47.62854032886443,10.586606678743902","47.62964937839484,10.600346426479463","WARNING","A7 | Reinertshofertunnel - Nesselwang"," Füssen/Reutte -> Ulm",0,"SLOW_TRAFFIC","53.79999923706055",2025-05-20,"Beginn: 20.05.25 um 20:42 Uhr  Angespannte Verkehrslage, seit 20.05.2025, 20:42 A7: Füssen/Reutte -> Ulm, zwischen 7.3 km hinter Reinertshofertunnel und 4.8 km vor AS Nesselwang  Langsamer Verkehr Reisezeitverlust: 0 Minuten Durchschnittsgeschwindigkeit: 53 km/h",47.6296493783948,10.6003464264795
"A7","undefined--vi-hind.2025-05-20_21-12-00-000.f_005.de0","48.32811720094698,10.088742200000365,48.40828098450972,10.09372797618271","48.32811720094698,10.088742200000365","WARNING","A7 | Hittistetten - Nersingen"," Füssen/Reutte -> Ulm",NA,NA,NA,2025-05-20,"Beginn: 20.05.25 um 21:12 Uhr  Hindernis, seit 20.05.2025, 21:12 A7: Füssen/Reutte -> Ulm, zwischen 0.3 km hinter AD Hittistetten und 0.6 km vor AS Nersingen  Gefahr durch Personen auf der Fahrbahn",48.328117200947,10.0887422000004
"A7","undefined--vi-hind.2025-05-20_21-12-00-000.f_004.de0","48.408607002531916,10.093569563374778,48.32837389824811,10.088527498581874","48.408607002531916,10.093569563374778","WARNING","A7 | Nersingen - Hittistetten"," Ulm -> Füssen/Reutte",NA,NA,NA,2025-05-20,"Beginn: 20.05.25 um 21:12 Uhr  Hindernis, seit 20.05.2025, 21:12 A7: Ulm -> Füssen/Reutte, zwischen 0.6 km hinter AS Nersingen und 0.4 km vor AD Hittistetten  Gefahr durch Personen auf der Fahrbahn",48.4086070025319,10.0935695633748
"A7","undefined--vi-zus.2025-03-31_00-40-00-000.f_018.de0","53.579141433849884,9.913430072127355,53.55636870091902,9.897540700000414","53.579141433849884,9.913430072127355","WARNING","A7 | Hamburg-Volkspark - Elbtunnel (Nordportal)"," Flensburg -> Hamburg",NA,NA,NA,2025-03-31,"Beginn: 31.03.25 um 00:40 Uhr  Zusammengesetzte Verkehrsinformation, seit 31.03.2025, 00:40 A7: Flensburg -> Hamburg, zwischen 0.4 km hinter AS Hamburg-Volkspark und 0.9 km vor Elbtunnel (Nordportal)  A7 Flensburg Richtung Hamburg Ausfahrt Hamburg-Othmarschen Fahrbahnverengung, maximale Fahrbahnbreite von 4,50 m, Bauarbeiten, bis 29.09.2025",53.5791414338499,9.91343007212735
"A7","undefined--vi-hind.2025-05-20_21-15-30-000.f_001.de0","53.72108040091769,9.938999400000448,53.741413900917514,9.946920000000462","53.72108040091769,9.938999400000448","WARNING","A7 | Holmmoor - Quickborn"," Hamburg -> Flensburg",NA,NA,NA,2025-05-20,"Beginn: 20.05.25 um 21:15 Uhr  Fahrzeug-Hindernis, seit 20.05.2025, 21:15 A7: Hamburg -> Flensburg, zwischen 0.4 km hinter Holmmoor und 0.3 km vor AS Quickborn Gefahr durch ein defektes Fahrzeug auf der Fahrbahn",53.7210804009177,9.93899940000045
"A8","undefined--vi-zus.2025-03-26_17-59-56-000.f_013.de0","49.32575278791285,7.172731755291576,49.327350714671546,7.213275819282444","49.32575278791285,7.172731755291576","WARNING","A8 | Neunkirchen/Spiesen - Kohlhof"," Saarlouis -> Neunkirchen",NA,NA,NA,2025-03-26,"Beginn: 26.03.25 um 17:59 Uhr  Zusammengesetzte Verkehrsinformation, seit 26.03.2025, 17:59 A8: Saarlouis -> Neunkirchen, zwischen 1.5 km hinter AS Neunkirchen/Spiesen und 1.0 km vor Kohlhof  A8 Saarlouis - Neunkirchen zwischen Neunkirchen-Spiesen und Neunkirchen-Oberstadt in beiden Richtungen Bauarbeiten, bis voraussichtlich 01.06.2025",49.3257527879128,7.17273175529158
"A8","undefined--vi-zus.2025-05-14_09-26-56-000.f.de0","49.32628400979037,7.229641516813452,49.329166750017514,7.1882642393148934","49.32628400979037,7.229641516813452","WARNING","A8 | Neunkirchen-Wellesweiler - Neunkirchen/Spiesen"," Neunkirchen -> Saarlouis",NA,NA,NA,2025-05-14,"Beginn: 14.05.25 um 09:26 Uhr  Zusammengesetzte Verkehrsinformation, seit 14.05.2025, 09:26 A8: Neunkirchen -> Saarlouis, zwischen 0.4 km hinter AS Neunkirchen-Wellesweiler und 2.7 km vor AS Neunkirchen/Spiesen  A8 Saarlouis - Neunkirchen zwischen Neunkirchen-Spiesen und Neunkirchen-Oberstadt in beiden Richtungen Bauarbeiten, bis voraussichtlich 01.06.2025",49.3262840097904,7.22964151681345
"A8","undefined--vi-avl.2025-05-20_20-01-30-000.f_002.de0","48.88616909765385,8.78744587909474,48.863952394077465,8.792861830506775","48.88616909765385,8.78744587909474","WARNING","A8 | Pforzheim - Heimsheim"," Karlsruhe -> Stuttgart",7,"STATIONARY_TRAFFIC","17.299999237060547",2025-05-20,"Beginn: 20.05.25 um 20:01 Uhr  Angespannte Verkehrslage, seit 20.05.2025, 20:01 A8: Karlsruhe -> Stuttgart, zwischen 2.6 km hinter Pforzheim und 7.3 km vor AS Heimsheim  Im Stillstand Reisezeitverlust: 7 Minuten Durchschnittsgeschwindigkeit: 17 km/h",48.8861690976538,8.78744587909474
"A8","undefined--vi-avl.2025-05-20_20-12-30-000.f_001.de0","48.88620487547718,8.78744005956914,48.88620487547718,8.78744005956914","48.88620487547718,8.78744005956914","WARNING","A8 | Pforzheim-Süd - Pforzheim-Süd"," Karlsruhe -> Stuttgart",NA,"STATIONARY_TRAFFIC","17",2025-05-20,"Beginn: 20.05.25 um 21:22 Uhr  Angespannte Verkehrslage, seit 20.05.2025, 21:22 A8: Karlsruhe -> Stuttgart, 0.8 km vor AS Pforzheim-Süd, aus Richtung Pforzheim  Im Stillstand Durchschnittsgeschwindigkeit: 17 km/h",48.8862048754772,8.78744005956914
"A8","undefined--vi-avl.2025-05-20_20-20-30-000.f_004.de0","48.64590594873134,9.421902173534457,48.63387442294947,9.445099664289735","48.64590594873134,9.421902173534457","WARNING","A8 | Im Rübholz - Kirchheim (Teck)-Ost"," Stuttgart -> München",1,"QUEUING_TRAFFIC","46.900001525878906",2025-05-20,"Beginn: 20.05.25 um 20:20 Uhr  Angespannte Verkehrslage, seit 20.05.2025, 20:20 A8: Stuttgart -> München, zwischen 2.0 km hinter Im Rübholz und 0.8 km vor AS Kirchheim (Teck)-Ost  Stockender Verkehr Reisezeitverlust: 1 Minuten Durchschnittsgeschwindigkeit: 46 km/h",48.6459059487313,9.42190217353446
"A8","undefined--vi-avl.2025-05-20_21-03-00-000.f_001.de0","48.26108380440813,11.297521035847303,48.266183519909575,11.29217286718189","48.26108380440813,11.297521035847303","WARNING","A8 | Fuchsberg - Sulzemoos"," München -> Stuttgart",0,"QUEUING_TRAFFIC","41.599998474121094",2025-05-20,"Beginn: 20.05.25 um 21:03 Uhr  Angespannte Verkehrslage, seit 20.05.2025, 21:03 A8: München -> Stuttgart, zwischen 0.4 km hinter Fuchsberg und 2.3 km vor AS Sulzemoos  Stockender Verkehr Reisezeitverlust: 0 Minuten Durchschnittsgeschwindigkeit: 41 km/h",48.2610838044081,11.2975210358473
"A9","undefined--vi-zus.2025-05-20_19-47-05-000.f_001.de0","48.719620618665886,11.48041079210458,48.74003748101779,11.465379637366528","48.719620618665886,11.48041079210458","WARNING","A9 | Neuburg a.d.Donau - Ingolstadt-Süd"," München -> Nürnberg",3,"STATIONARY_TRAFFIC","29.899999618530273",2025-05-20,"Beginn: 20.05.25 um 19:47 Uhr  Zusammengesetzte Verkehrsinformation, seit 20.05.2025, 19:47 A9: München -> Nürnberg, zwischen 0.9 km hinter AS Neuburg a.d.Donau und 1.3 km vor AS Ingolstadt-Süd  Im Stillstand Reisezeitverlust: 3 Minuten Durchschnittsgeschwindigkeit: 29 km/h",48.7196206186659,11.4804107921046
"A9","undefined--vi-avl.2025-05-20_21-12-30-000.f_001.de0","48.719620618665886,11.48041079210458,48.719620618665886,11.48041079210458","48.719620618665886,11.48041079210458","WARNING","A9 | Ingolstadt-Süd - Ingolstadt-Süd"," München -> Nürnberg",NA,"STATIONARY_TRAFFIC","16",2025-05-20,"Beginn: 20.05.25 um 21:22 Uhr  Angespannte Verkehrslage, seit 20.05.2025, 21:22 A9: München -> Nürnberg, 3.8 km vor AS Ingolstadt-Süd, aus Richtung Neuburg a.d.Donau  Im Stillstand Durchschnittsgeschwindigkeit: 16 km/h",48.7196206186659,11.4804107921046
"A9","undefined--vi-hind.2025-05-20_21-12-00-000.f_003.de0","50.403605500939356,11.767156700014132,50.37222720093951,11.792042900014808","50.403605500939356,11.767156700014132","WARNING","A9 | Frankenwald - Naila/Selbitz"," Halle/Leipzig -> Nürnberg",NA,NA,NA,2025-05-20,"Beginn: 20.05.25 um 21:12 Uhr  Fahrzeug-Hindernis, seit 20.05.2025, 21:12 A9: Halle/Leipzig -> Nürnberg, zwischen 0.6 km hinter Frankenwald und 4.1 km vor AS Naila/Selbitz Gefahr durch ein defektes Fahrzeug auf der Fahrbahn",50.4036055009394,11.7671567000141
"A9","undefined--vi-avl.2025-05-20_19-32-05-000.f_004.de0","50.92276383973578,11.839929625674793,50.93997703975021,11.835181273395047","50.92276383973578,11.839929625674793","WARNING","A9 | Bad Klosterlausnitz - Kuhberg"," Nürnberg -> Halle/Leipzig",1,"SLOW_TRAFFIC","63.5",2025-05-20,"Beginn: 20.05.25 um 19:32 Uhr  Angespannte Verkehrslage, seit 20.05.2025, 19:32 A9: Nürnberg -> Halle/Leipzig, zwischen 1.3 km hinter AS Bad Klosterlausnitz und 3.2 km vor Kuhberg  Langsamer Verkehr Reisezeitverlust: 1 Minuten Durchschnittsgeschwindigkeit: 63 km/h",50.9227638397358,11.8399296256748
"A9","undefined--vi-avl.2025-05-20_21-20-30-000.f.de0","52.282090447870644,12.913435859850843,52.282090447870644,12.913435859850843","52.282090447870644,12.913435859850843","WARNING","A9 | Beelitz-Heilstätten - Beelitz-Heilstätten"," Berlin -> Halle/Leipzig",NA,"STATIONARY_TRAFFIC","4",2025-05-20,"Beginn: 20.05.25 um 21:22 Uhr  Angespannte Verkehrslage, seit 20.05.2025, 21:22 A9: Berlin -> Halle/Leipzig, 1.5 km vor AS Beelitz-Heilstätten, aus Richtung Potsdam  Im Stillstand Durchschnittsgeschwindigkeit: 4 km/h",52.2820904478706,12.9134358598508
"A9","undefined--vi-zus.2025-05-20_21-20-30-000.f.de0","52.282090447870644,12.913435859850843,52.27143080777412,12.909805041110104","52.282090447870644,12.913435859850843","WARNING","A9 | Potsdam - Beelitz-Heilstätten"," Berlin -> Halle/Leipzig",3,"STATIONARY_TRAFFIC","19.299999237060547",2025-05-20,"Beginn: 20.05.25 um 21:20 Uhr  Zusammengesetzte Verkehrsinformation, seit 20.05.2025, 21:20 A9: Berlin -> Halle/Leipzig, zwischen 0.9 km hinter AD Potsdam und 0.3 km vor AS Beelitz-Heilstätten  Im Stillstand Reisezeitverlust: 3 Minuten Durchschnittsgeschwindigkeit: 19 km/h",52.2820904478706,12.9134358598508
"A12","undefined--vi-avl.2025-05-20_20-56-00-000.f.de0","52.3155760805876,14.577600847563337,52.314680708111105,14.561546427138259","52.3155760805876,14.577600847563337","WARNING","A12 | Frankfurt(Oder) - Frankfurt(Oder)-Mitte"," Frankfurt(Oder) -> Berliner Ring",3,"SLOW_TRAFFIC","9.600000381469727",2025-05-20,"Beginn: 20.05.25 um 20:56 Uhr  Angespannte Verkehrslage, seit 20.05.2025, 20:56 A12: Frankfurt(Oder) -> Berliner Ring, zwischen Frankfurt(Oder) und 2.9 km vor AS Frankfurt(Oder)-Mitte  Langsamer Verkehr Reisezeitverlust: 3 Minuten Durchschnittsgeschwindigkeit: 9 km/h",52.3155760805876,14.5776008475633
"A12","WarnungA10Lkw3","47.61802931631098,12.202336027754352,47.61802931631098,12.202336027754352","47.61802931631098,12.202336027754352","WARNING","E45/E60 | LKW Blockabfertigung | A12-Inntal Autobahn","Richtung Italien",NA,NA,NA,2025-01-11,"Zeitraum: Beginn: 07.01.2025 Ende: 09.12.2025  Hinweis für LKW-Reisende nach Österreich: LKW-Blockabfertigungen an ausgewählten Tagen für Lkw am Grenzübergang Kufstein/Kiefersfelden. Maximaler Durchlass von 300 LKWs pro Stunde  Die genauen Ausführungszeiten und weitere Informationen auf tirol.gv.at/verkehr/verkehrs-und-seilbahnrecht/lkw-dosierung.",47.618029316311,12.2023360277544
"A12","WarnungA10Lkw2","47.6164490154047,12.202382557672273,47.6164490154047,12.202382557672273","47.6164490154047,12.202382557672273","WARNING","E43/E45/E60 | A13-Brenner Autobahn","Richtung Italien",NA,NA,NA,2025-01-11,"Zeitraum: Beginn: 11.01.2025 Ende: 27.09.2025  Hinweis für LKW-Reisende nach Österreich: LKW-Fahrverbot auf der A12-Inntal Autobahn, A13-Brenner Autobahn und A14-Rheintal/Walgau Autobahn, wenn das Ziel der Fahrt der Anschlussstelle Nößlach bis Anschlussstelle Brenner Nord der Richtungsfahrbahn Staatsgrenze der A 13 Brenner Autobahn erreicht werden soll. An ausgewählten Samstagen 7-15 Uhr sowie weiteren Tagen im Zeitraum 11.01. - 27.09.2025 Weitere Informationen auf http://asfinag.at/a13",47.6164490154047,12.2023825576723
"A14","undefined--vi-zus.2025-05-20_17-25-09-000.f_009.de0","52.33012570092819,11.618452800008985,52.29028243523017,11.624471119086898","52.33012570092819,11.618452800008985","WARNING","A14 | Colbitz - Wolmirstedt"," Colbitz -> Wolmirstedt",NA,NA,NA,2025-05-20,"Beginn: 20.05.25 um 17:25 Uhr  Zusammengesetzte Verkehrsinformation, seit 20.05.2025, 17:25 A14: Colbitz -> Wolmirstedt, zwischen 0.3 km hinter AS Colbitz und 0.2 km vor AS Wolmirstedt  Gefahr durch Gegenstände auf der Fahrbahn  A14 Colbitz Richtung Wolmirstedt zwischen Colbitz und Ausfahrt B189, Wolmirstedt Gefahr durch Gegenstände auf der Fahrbahn, Polizei ist benachrichtigt, bitte vorsichtig fahren",52.3301257009282,11.618452800009
"A15","undefined--vi-avl.2025-05-20_21-19-00-000.f.de0","51.71161074915799,14.398329385725914,51.708048454237684,14.437492311535769","51.71161074915799,14.398329385725914","WARNING","A15 | Cottbus-Süd - Roggosen"," Cottbus -> Breslau",1,"SLOW_TRAFFIC","69.5",2025-05-20,"Beginn: 20.05.25 um 21:19 Uhr  Angespannte Verkehrslage, seit 20.05.2025, 21:19 A15: Cottbus -> Breslau, zwischen 3.5 km hinter AS Cottbus-Süd und 2.0 km vor AS Roggosen  Langsamer Verkehr Reisezeitverlust: 1 Minuten Durchschnittsgeschwindigkeit: 69 km/h",51.711610749158,14.3983293857259
"A17","undefined--vi-avl.2025-05-20_21-11-30-000.f.de0","50.82026170094333,13.887384300240237,50.82026170094333,13.887384300240237","50.82026170094333,13.887384300240237","WARNING","A17 | Am Heidenholz - Am Heidenholz"," Prag -> Dresden",NA,"STATIONARY_TRAFFIC","22",2025-05-20,"Beginn: 20.05.25 um 21:22 Uhr  Angespannte Verkehrslage, seit 20.05.2025, 21:22 A17: Prag -> Dresden, 0.2 km vor Am Heidenholz, aus Richtung Breitenau-Schönwald  Im Stillstand Durchschnittsgeschwindigkeit: 22 km/h",50.8202617009433,13.8873843002402
"A17","undefined--vi-zus.2025-05-20_21-10-00-000.f.de0","50.82026170094333,13.887384300240237,50.8244130009433,13.887895800240193","50.82026170094333,13.887384300240237","WARNING","A17 | Breitenau-Schönwald - Bad Gottleuba"," Prag -> Dresden",0,"STATIONARY_TRAFFIC","25",2025-05-20,"Beginn: 20.05.25 um 21:10 Uhr  Zusammengesetzte Verkehrsinformation, seit 20.05.2025, 21:10 A17: Prag -> Dresden, zwischen 4.5 km hinter Breitenau-Schönwald und 0.8 km vor AS Bad Gottleuba  Im Stillstand Reisezeitverlust: 0 Minuten Durchschnittsgeschwindigkeit: 25 km/h",50.8202617009433,13.8873843002402
"A31","undefined--vi-avl.2025-05-20_20-57-30-000.f_001.de0","52.119895806098434,7.086862862603675,52.135213635922234,7.08954690446089","52.119895806098434,7.086862862603675","WARNING","A31 | Heek - Gronau/Ochtrup"," Oberhausen -> Gronau",0,"SLOW_TRAFFIC","66.0999984741211",2025-05-20,"Beginn: 20.05.25 um 20:57 Uhr  Angespannte Verkehrslage, seit 20.05.2025, 20:57 A31: Oberhausen -> Gronau, zwischen 0.1 km hinter AS Heek und 6.6 km vor AS Gronau/Ochtrup  Langsamer Verkehr Reisezeitverlust: 0 Minuten Durchschnittsgeschwindigkeit: 66 km/h",52.1198958060984,7.08686286260367
"A33","undefined--vi-hind.2025-05-20_21-12-30-000.f.de0","51.90055378564546,8.632864848855293,51.90165212378836,8.631044480013754","51.90055378564546,8.632864848855293","WARNING","A33 | Stukenbrock-Senne - Schloß Holte-Stukenbrock"," Brilon -> Bielefeld",NA,NA,NA,2025-05-20,"Beginn: 20.05.25 um 21:12 Uhr  Fahrzeug-Hindernis, seit 20.05.2025, 21:12 A33: Brilon -> Bielefeld, zwischen 5.4 km hinter AS Stukenbrock-Senne und 2.3 km vor AS Schloß Holte-Stukenbrock Gefahr durch ein defektes Fahrzeug auf der Fahrbahn",51.9005537856455,8.63286484885529
"A37","undefined--vi-zus.2025-05-20_10-04-05-000.f_002.de0","52.442156462690335,9.933442989087833,52.436581812162494,9.913211841333315","52.442156462690335,9.933442989087833","WARNING","A37 | Beinhorn - Hannover-Kirchhorst"," Celle -> Hannover",NA,NA,NA,2025-05-20,"Beginn: 20.05.25 um 10:04 Uhr  Zusammengesetzte Verkehrsinformation, seit 20.05.2025, 10:04 B3: Celle -> Hannover, zwischen 0.4 km hinter AS Beinhorn und 2.1 km vor AK Hannover-Kirchhorst  A37 Messe - Burgdorf
zwischen Kreuz Hannover-Buchholz und Beinhorn
in beiden Richtungen geänderte Verkehrsführung im Baustellenbereich, Bauarbeiten, bis 30.10.2026 ca. 18:00 Uhr",52.4421564626903,9.93344298908783
"A37","undefined--vi-zus.2025-05-20_10-04-05-000.f_003.de0","52.42566547847685,9.880479425875153,52.44102213295518,9.93161290421946","52.42566547847685,9.880479425875153","WARNING","Baustelle"," km 22.62 --> km 26.54",NA,NA,NA,2025-05-20,"Beginn: 20.05.25 um 10:04 Uhr  Zusammengesetzte Verkehrsinformation, seit 20.05.2025, 10:04 A37: km 22.62 --> km 26.54  A37 Messe - Burgdorf
zwischen Kreuz Hannover-Buchholz und Beinhorn
in beiden Richtungen geänderte Verkehrsführung im Baustellenbereich, Bauarbeiten, bis 30.10.2026 ca. 18:00 Uhr",52.4256654784769,9.88047942587515
"A44","undefined--vi-avl.2025-05-20_19-34-00-000.f_001.de0","51.53272339434072,7.8262479134296585,51.53323805512703,7.854588665975875","51.53272339434072,7.8262479134296585","WARNING","A44 | Buchenhain - Am Haarstrang"," Dortmund -> Kassel",1,"SLOW_TRAFFIC","56.599998474121094",2025-05-20,"Beginn: 20.05.25 um 19:34 Uhr  Angespannte Verkehrslage, seit 20.05.2025, 19:34 A44: Dortmund -> Kassel, zwischen 2.5 km hinter Buchenhain und 0.4 km vor Am Haarstrang  Langsamer Verkehr Reisezeitverlust: 1 Minuten Durchschnittsgeschwindigkeit: 56 km/h",51.5327233943407,7.82624791342966
"A44","undefined--vi-avl.2025-05-20_20-44-30-000.f_003.de0","51.536544523585285,8.88204854517446,51.538735987696114,8.84621064787934","51.536544523585285,8.88204854517446","WARNING","A44 | Marsberg - Lichtenau (Westf.)"," Kassel -> Dortmund",0,"SLOW_TRAFFIC","71.4000015258789",2025-05-20,"Beginn: 20.05.25 um 20:44 Uhr  Angespannte Verkehrslage, seit 20.05.2025, 20:44 A44: Kassel -> Dortmund, zwischen 6.0 km hinter AS Marsberg und 0.5 km vor AS Lichtenau (Westf.)  Langsamer Verkehr Reisezeitverlust: 0 Minuten Durchschnittsgeschwindigkeit: 71 km/h",51.5365445235853,8.88204854517446
"A46","undefined--vi-avl.2025-05-20_20-40-00-000.f.de0","51.18548303919893,6.7752270342452805,51.19015461481567,6.8290217509437845","51.18548303919893,6.7752270342452805","WARNING","A46 | Neuss-Uedesheim - Düsseldorf-Holthausen"," Heinsberg -> Wuppertal",7,"QUEUING_TRAFFIC","25.700000762939453",2025-05-20,"Beginn: 20.05.25 um 20:40 Uhr  Angespannte Verkehrslage, seit 20.05.2025, 20:40 A46: Heinsberg -> Wuppertal, zwischen 2.6 km hinter AS Neuss-Uedesheim und 1.0 km vor AS Düsseldorf-Holthausen  Stockender Verkehr Reisezeitverlust: 7 Minuten Durchschnittsgeschwindigkeit: 25 km/h",51.1854830391989,6.77522703424528
"A46","undefined--vi-avl.2025-05-20_21-22-30-000.f.de0","51.18546526612755,6.775222715835362,51.18546526612755,6.775222715835362","51.18546526612755,6.775222715835362","WARNING","A46 | Fleher Brücke - Fleher Brücke"," Heinsberg -> Düsseldorf",NA,"QUEUING_TRAFFIC","26",2025-05-20,"Beginn: 20.05.25 um 21:22 Uhr  Angespannte Verkehrslage, seit 20.05.2025, 21:22 A46: Heinsberg -> Düsseldorf, in Höhe Fleher Brücke, aus Richtung Neuss-Uedesheim  Stockender Verkehr Durchschnittsgeschwindigkeit: 26 km/h",51.1854652661276,6.77522271583536
"A52","undefined--vi-hind.2025-05-20_21-22-00-000.f.de0","51.23141380093499,6.646048099993915,51.23547090093497,6.697695699994498","51.23141380093499,6.646048099993915","WARNING","A52 | Kaarst - Büderich"," Mönchengladbach -> Düsseldorf",NA,NA,NA,2025-05-20,"Beginn: 20.05.25 um 21:22 Uhr  Fahrzeug-Hindernis, seit 20.05.2025, 21:22 A52: Mönchengladbach -> Düsseldorf, zwischen 0.6 km hinter AK Kaarst und 0.4 km vor AS Büderich Gefahr durch ein defektes Fahrzeug auf der Fahrbahn",51.231413800935,6.64604809999391
"A57","undefined--vi-hind.2025-05-20_20-41-30-000.f_001.de0","51.48901980740992,6.57641500502338,51.48901980740992,6.57641500502338","51.48901980740992,6.57641500502338","WARNING","A57 | Kamp-Lintfort - Dong"," Nimwegen -> Krefeld",NA,NA,NA,2025-05-20,"Beginn: 20.05.25 um 20:41 Uhr  Fahrzeug-Hindernis, seit 20.05.2025, 20:41 A57: Nimwegen -> Krefeld, zwischen 0.9 km hinter AS Kamp-Lintfort und 1.9 km vor Dong Gefahr durch ein defektes Fahrzeug auf der Fahrbahn",51.4890198074099,6.57641500502338
"A59","undefined--vi-avl.2025-05-20_21-08-30-000.f_001.de0","51.46419935209288,6.7686214817085615,51.47478569177387,6.766613248154541","51.46419935209288,6.7686214817085615","WARNING","A59 | Duisburg-Ruhrort - Duisburg-Nord"," Duisburg -> Dinslaken",1,"SLOW_TRAFFIC","35.099998474121094",2025-05-20,"Beginn: 20.05.25 um 21:08 Uhr  Angespannte Verkehrslage, seit 20.05.2025, 21:08 A59: Duisburg -> Dinslaken, zwischen 0.2 km hinter AS Duisburg-Ruhrort und 1.0 km vor AK Duisburg-Nord  Langsamer Verkehr Reisezeitverlust: 1 Minuten Durchschnittsgeschwindigkeit: 35 km/h",51.4641993520929,6.76862148170856
"A59","undefined--vi-avl.2025-05-20_21-09-30-000.f_006.de0","51.46411096831041,6.768647727023238,51.46411096831041,6.768647727023238","51.46411096831041,6.768647727023238","WARNING","A59 | Duisburg-Meiderich - Duisburg-Meiderich"," Duisburg -> Dinslaken",NA,"SLOW_TRAFFIC","16",2025-05-20,"Beginn: 20.05.25 um 21:22 Uhr  Angespannte Verkehrslage, seit 20.05.2025, 21:22 A59: Duisburg -> Dinslaken, 0.7 km vor AS Duisburg-Meiderich, aus Richtung Duisburg-Ruhrort  Langsamer Verkehr Durchschnittsgeschwindigkeit: 16 km/h",51.4641109683104,6.76864772702324
"A60","undefined--vi-zus.2025-04-08_08-51-21-000.f_013.de0","49.98125533976677,8.345695317688524,49.97565770865279,8.441396718063045","49.98125533976677,8.345695317688524","WARNING","A60 | Mainspitz-Dreieck - Rüsselsheimer Dreieck"," Mainz -> Rüsselsheim",NA,NA,NA,2025-04-08,"Beginn: 08.04.25 um 08:51 Uhr  Zusammengesetzte Verkehrsinformation, seit 08.04.2025, 08:51 A60: Mainz -> Rüsselsheim, zwischen 0.5 km hinter AD Mainspitz-Dreieck und 2.2 km vor AD Rüsselsheimer Dreieck  Sperrung der A60 bei Königstädten – Grundhafte Fahrbahnerneuerung zwischen dem Rüsselsheimer Dreieck und dem Mainspitz Dreieck. Die Niederlassung West der Autobahn GmbH erneuert zwischen dem Rüsselsheimer Dreieck (30) und dem Mainspitz Dreieck (26) die Fahrbahn. Von Donnerstagmorgen (24. April) bis Mitte Juli wird die Anschlussstelle (AS) Königstädten (29) in Fahrtrichtung (FR) Mainz sowie in FR Rüsselsheimer Dreieck gesperrt. Umleitungsmöglichkeiten sind ausgeschildert: • Ausfahrt FR Mainz: Umleitung via AS Rüsselsheim-Mitte • Einfahrt FR Mainz: innerstädtische Umleitung zur AS Rüsselsheim-Mitte (Adam-Opel-Straße / Kurt-Schumacher-Ring), von Nauheim kommend via L3482 zur AS Bischofsheim • Einfahrt FR Darmstadt: innerstädtische Umleitung zur AS Rüsselsheim-Mitte (Adam-Opel-Straße / Kurt-Schumacher-Ring) Die Autobahn GmbH bittet alle Verkehrsteilnehmer um Verständnis für die unvermeidlichen Verkehrsbehinderungen, die durch die Arbeiten entstehen.",49.9812553397668,8.34569531768852
"A60","undefined--vi-zus.2025-05-03_10-55-00-000.f_003.de0","49.977457399447445,8.454646346787307,49.981587265039146,8.34517285786785","49.977457399447445,8.454646346787307","WARNING","A60 | Rüsselsheimer Dreieck - Mainspitz-Dreieck"," Rüsselsheim -> Mainz",NA,NA,NA,2025-05-03,"Beginn: 03.05.25 um 10:55 Uhr  Zusammengesetzte Verkehrsinformation, seit 03.05.2025, 10:55 A60: Rüsselsheim -> Mainz, zwischen 0.6 km hinter AD Rüsselsheimer Dreieck und 0.5 km vor AD Mainspitz-Dreieck  Sperrung der A60 bei Königstädten – Grundhafte Fahrbahnerneuerung zwischen dem Rüsselsheimer Dreieck und dem Mainspitz Dreieck. Die Niederlassung West der Autobahn GmbH erneuert zwischen dem Rüsselsheimer Dreieck (30) und dem Mainspitz Dreieck (26) die Fahrbahn. Von Donnerstagmorgen (24. April) bis Mitte Juli wird die Anschlussstelle (AS) Königstädten (29) in Fahrtrichtung (FR) Mainz sowie in FR Rüsselsheimer Dreieck gesperrt. Umleitungsmöglichkeiten sind ausgeschildert: • Ausfahrt FR Mainz: Umleitung via AS Rüsselsheim-Mitte • Einfahrt FR Mainz: innerstädtische Umleitung zur AS Rüsselsheim-Mitte (Adam-Opel-Straße / Kurt-Schumacher-Ring), von Nauheim kommend via L3482 zur AS Bischofsheim • Einfahrt FR Darmstadt: innerstädtische Umleitung zur AS Rüsselsheim-Mitte (Adam-Opel-Straße / Kurt-Schumacher-Ring) Die Autobahn GmbH bittet alle Verkehrsteilnehmer um Verständnis für die unvermeidlichen Verkehrsbehinderungen, die durch die Arbeiten entstehen.",49.9774573994474,8.45464634678731
"A66","undefined--vi-avl.2025-05-20_21-22-00-000.f.de0","50.19559130285036,9.211162546006108,50.200978302654626,9.22434504940451","50.19559130285036,9.211162546006108","WARNING","A66 | Gelnhausen-West - Bad Orb/Wächtersbach"," Frankfurt -> Fulda",0,"SLOW_TRAFFIC","67.5999984741211",2025-05-20,"Beginn: 20.05.25 um 21:22 Uhr  Angespannte Verkehrslage, seit 20.05.2025, 21:22 A66: Frankfurt -> Fulda, zwischen 2.2 km hinter AS Gelnhausen-West und 6.7 km vor AS Bad Orb/Wächtersbach  Langsamer Verkehr Reisezeitverlust: 0 Minuten Durchschnittsgeschwindigkeit: 67 km/h",50.1955913028504,9.21116254600611
"A81","undefined--vi-hind.2025-05-20_21-20-00-000.f.de0","48.38521807018407,8.725136924564957,48.3451523610166,8.657631729956247","48.38521807018407,8.725136924564957","WARNING","A81 | Horb am Neckar - Hasenrain"," Stuttgart -> Singen",NA,NA,NA,2025-05-20,"Beginn: 20.05.25 um 21:20 Uhr  Fahrzeug-Hindernis, seit 20.05.2025, 21:20 A81: Stuttgart -> Singen, zwischen 5.6 km hinter AS Horb am Neckar und 2.5 km vor Hasenrain",48.3852180701841,8.72513692456496
"A81","undefined--vi-avl.2025-05-20_21-07-30-000.f_004.de0","48.56793195321446,8.898258357187908,48.579708943130875,8.89939093258855","48.56793195321446,8.898258357187908","WARNING","A81 | Geyern - Herrenberg"," Singen -> Stuttgart",5,"STATIONARY_TRAFFIC","12.899999618530273",2025-05-20,"Beginn: 20.05.25 um 21:07 Uhr  Angespannte Verkehrslage, seit 20.05.2025, 21:07 A81: Singen -> Stuttgart, zwischen 4.9 km hinter Geyern und 0.2 km vor AS Herrenberg  Im Stillstand Reisezeitverlust: 5 Minuten Durchschnittsgeschwindigkeit: 12 km/h",48.5679319532145,8.89825835718791
"A81","undefined--vi-avl.2025-05-20_21-12-30-000.f.de0","48.56795756250465,8.898271192199012,48.56795756250465,8.898271192199012","48.56795756250465,8.898271192199012","WARNING","A81 | Herrenberg - Herrenberg"," Singen -> Stuttgart",NA,"STATIONARY_TRAFFIC","13",2025-05-20,"Beginn: 20.05.25 um 21:22 Uhr  Angespannte Verkehrslage, seit 20.05.2025, 21:22 A81: Singen -> Stuttgart, 1.5 km vor AS Herrenberg, aus Richtung Geyern  Im Stillstand Durchschnittsgeschwindigkeit: 13 km/h",48.5679575625047,8.89827119219901
"A93","undefined--vi-zus.2025-05-20_21-15-30-000.f.de0","48.61603992473611,11.694504228635903,48.62366816819176,11.701476709866014","48.61603992473611,11.694504228635903","WARNING","A93 | Wolnzach - Mainburg"," Holledau -> Regensburg",1,"STATIONARY_TRAFFIC","25",2025-05-20,"Beginn: 20.05.25 um 21:15 Uhr  Zusammengesetzte Verkehrsinformation, seit 20.05.2025, 21:15 A93: Holledau -> Regensburg, zwischen 5.4 km hinter AS Wolnzach und 0.6 km vor AS Mainburg  Im Stillstand Reisezeitverlust: 1 Minuten Durchschnittsgeschwindigkeit: 25 km/h  Gefahr durch Gegenstände auf der Fahrbahn",48.6160399247361,11.6945042286359
"A93","undefined--vi-zus.2025-05-20_20-55-30-000.f_004.de0","48.597218439781784,11.635961793276206,48.62920620094619,11.703723200014831","48.597218439781784,11.635961793276206","WARNING","A93 | Wolnzach - Oberempfenbach"," Holledau -> Regensburg",NA,NA,NA,2025-05-20,"Beginn: 20.05.25 um 20:55 Uhr  Zusammengesetzte Verkehrsinformation, seit 20.05.2025, 20:55 A93: Holledau -> Regensburg, zwischen 0.4 km hinter AS Wolnzach und 3.0 km vor Oberempfenbach  Gefahr durch Gegenstände auf der Fahrbahn  A93 Holledau Richtung Regensburg zwischen Wolnzach und Ausfahrt Mainburg Gefahr durch Gegenstände auf der Fahrbahn, defekter LKW",48.5972184397818,11.6359617932762
"A93","undefined--vi-avl.2025-05-20_21-20-30-000.f_001.de0","48.61603992473611,11.694504228635903,48.61603992473611,11.694504228635903","48.61603992473611,11.694504228635903","WARNING","A93 | Mainburg - Mainburg"," Holledau -> Regensburg",NA,"STATIONARY_TRAFFIC","25",2025-05-20,"Beginn: 20.05.25 um 21:22 Uhr  Angespannte Verkehrslage, seit 20.05.2025, 21:22 A93: Holledau -> Regensburg, 1.6 km vor AS Mainburg, aus Richtung Wolnzach  Im Stillstand Durchschnittsgeschwindigkeit: 25 km/h",48.6160399247361,11.6945042286359
"A96","undefined--vi-zus.2025-05-05_23-21-00-000.f.de0","48.029334951696036,10.464231760023,48.032507613258616,10.445182045778411","48.029334951696036,10.464231760023","WARNING","A96 | Mindelheim - Stetten"," München -> Lindau",NA,NA,NA,2025-05-05,"Beginn: 05.05.25 um 23:21 Uhr  Zusammengesetzte Verkehrsinformation, seit 05.05.2025, 23:21 A96: München -> Lindau, zwischen 3.6 km hinter AS Mindelheim und 0.3 km vor AS Stetten  A96, Lindau - München, in beiden Richtungen, zwischen Anschlussstelle Stetten und Anschlussstelle Mindelheim, Brückenarbeiten, von 05.05.2025 bis 30.10.2025",48.029334951696,10.464231760023
"A96","undefined--vi-avl.2025-05-20_21-08-00-000.f.de0","48.040911569043075,10.627902950859403,48.04095488707309,10.608412611887456","48.040911569043075,10.627902950859403","WARNING","A96 | Wertachtal - Mindelheim"," München -> Lindau",0,"SLOW_TRAFFIC","63.900001525878906",2025-05-20,"Beginn: 20.05.25 um 21:08 Uhr  Angespannte Verkehrslage, seit 20.05.2025, 21:08 A96: München -> Lindau, zwischen 2.3 km hinter Wertachtal und 7.6 km vor AS Mindelheim  Langsamer Verkehr Reisezeitverlust: 0 Minuten Durchschnittsgeschwindigkeit: 63 km/h",48.0409115690431,10.6279029508594
"A111","undefined--vi-avl.2025-05-20_21-18-30-000.f.de0","52.580421303181964,13.295394300697428,52.580421303181964,13.295394300697428","52.580421303181964,13.295394300697428","WARNING","A111 | Holzhauser Straße - Holzhauser Straße"," Dreieck Oranienburg -> Charlottenburg",NA,"STATIONARY_TRAFFIC","4",2025-05-20,"Beginn: 20.05.25 um 21:18 Uhr  Angespannte Verkehrslage, seit 20.05.2025, 21:18 A111: Dreieck Oranienburg -> Charlottenburg, 0.3 km vor AS Holzhauser Straße, aus Richtung Ortskern Tegel  Im Stillstand Durchschnittsgeschwindigkeit: 4 km/h",52.580421303182,13.2953943006974
"A111","undefined--vi-avl.2025-05-20_21-17-30-000.f.de0","52.58052123658861,13.295328076027038,52.57786304488361,13.297625216582121","52.58052123658861,13.295328076027038","WARNING","A111 | Ortskern Tegel - Seidelstraße"," Dreieck Oranienburg -> Charlottenburg",3,"STATIONARY_TRAFFIC","6.099999904632568",2025-05-20,"Beginn: 20.05.25 um 21:17 Uhr  Angespannte Verkehrslage, seit 20.05.2025, 21:17 A111: Dreieck Oranienburg -> Charlottenburg, zwischen 1.2 km hinter Ortskern Tegel und 1.3 km vor AS Seidelstraße  Im Stillstand Reisezeitverlust: 3 Minuten Durchschnittsgeschwindigkeit: 6 km/h",52.5805212365886,13.295328076027
"A111","undefined--vi-avl.2025-05-20_21-11-30-000.f_004.de0","52.61682924020877,13.25024430200584,52.61682924020877,13.25024430200584","52.61682924020877,13.25024430200584","WARNING","A111 | Schulzendorfer Straße - Schulzendorfer Straße"," Dreieck Oranienburg -> Charlottenburg",NA,"STATIONARY_TRAFFIC","2",2025-05-20,"Beginn: 20.05.25 um 21:22 Uhr  Angespannte Verkehrslage, seit 20.05.2025, 21:22 A111: Dreieck Oranienburg -> Charlottenburg, 0.3 km vor AS Schulzendorfer Straße, aus Richtung Stolper Heide  Im Stillstand Durchschnittsgeschwindigkeit: 2 km/h",52.6168292402088,13.2502443020058
"A111","undefined--vi-avl.2025-05-20_21-10-00-000.f.de0","52.61682924020877,13.25024430200584,52.61096219049575,13.253464906741282","52.61682924020877,13.25024430200584","WARNING","A111 | Stolper Heide - Forsthaus-Tunnel"," Dreieck Oranienburg -> Charlottenburg",9,"STATIONARY_TRAFFIC","5.400000095367432",2025-05-20,"Beginn: 20.05.25 um 21:10 Uhr  Angespannte Verkehrslage, seit 20.05.2025, 21:10 A111: Dreieck Oranienburg -> Charlottenburg, zwischen 3.1 km hinter Stolper Heide und 1.4 km vor Forsthaus-Tunnel  Im Stillstand Reisezeitverlust: 9 Minuten Durchschnittsgeschwindigkeit: 5 km/h",52.6168292402088,13.2502443020058
"A113","undefined--vi-zus.2025-05-06_00-21-00-000.f_003.de0","52.43025717661688,13.505075428607936,52.42875800093087,13.509218300121121","52.43025717661688,13.505075428607936","WARNING","A113 | Stubenrauchstraße - Adlershof"," Neukölln -> Schönefeld",NA,NA,NA,2025-05-06,"Beginn: 06.05.25 um 00:21 Uhr  Zusammengesetzte Verkehrsinformation, seit 06.05.2025, 00:21 A113: Neukölln -> Schönefeld, zwischen 0.6 km hinter AS Stubenrauchstraße und 0.3 km vor AS Adlershof  A113 Autobahnzubringer Dresden, Neukölln Richtung Schönefeld
zwischen Stubenrauchstraße und Tunnel Rudower Höhe
linker Fahrstreifen gesperrt, Bauarbeiten, bis voraussichtlich 20.06.2025",52.4302571766169,13.5050754286079
"A115","undefined--vi-zus.2024-10-09_07-09-40-000.f_531.de0","52.40027056808641,13.185163736426698,52.44227384698058,13.202709435405149","52.40027056808641,13.185163736426698","WARNING","A115 | Am Stern - Hüttenweg"," Dreieck Nuthetal -> Dreieck Funkturm",NA,NA,NA,2024-10-09,"Beginn: 09.10.24 um 07:09 Uhr  Zusammengesetzte Verkehrsinformation, seit 09.10.2024, 07:09 A115: Dreieck Nuthetal -> Dreieck Funkturm, zwischen 2.9 km hinter Am Stern und 3.8 km vor AS Hüttenweg  A115 Autobahnzubringer Magdeburg, Dreieck Nuthetal Richtung Dreieck Funkturm, zwischen Anschlussstelle Kleinmachnow und Anschlussstelle Spanische Allee, Baustelle, bis 31.10.2026 17:00 Uhr",52.4002705680864,13.1851637364267
"A861","undefined--vi-avl.2025-05-20_21-21-00-000.f.de0","47.550483528234636,7.7578361770396524,47.551597323064016,7.757662628980717","47.550483528234636,7.7578361770396524","WARNING","A861 | Rheinfelden-Süd - Rheinfelden-Mitte"," Grenzübergang Rheinfelden -> Dreieck Hochrhein",0,"SLOW_TRAFFIC","9.5",2025-05-20,"Beginn: 20.05.25 um 21:21 Uhr  Angespannte Verkehrslage, seit 20.05.2025, 21:21 A861: Grenzübergang Rheinfelden -> Dreieck Hochrhein, zwischen AS Rheinfelden-Süd und 2.0 km vor AS Rheinfelden-Mitte  Langsamer Verkehr Reisezeitverlust: 0 Minuten Durchschnittsgeschwindigkeit: 9 km/h",47.5504835282346,7.75783617703965
