"road","identifier","extent","point","display_type","title","subtitle","delay_minutes","abnormalTrafficType","averageSpeed","startTimestamp","description","latitude","longitude"
"A2","undefined--vi-hind.2025-05-23_22-13-00-000.f_002.de0","51.62478062232137,7.8463049452281926,51.695194300932236,7.969903999999578","51.62478062232137,7.8463049452281926","WARNING","A2 | Bönen - Stettin"," Dortmund -> Hannover",NA,NA,NA,2025-05-23,"Beginn: 23.05.25 um 22:13 Uhr  Fahrzeug-Hindernis, seit 23.05.2025, 22:13 A2: Dortmund -> Hannover, zwischen 6.8 km hinter AS Bönen und 3.3 km vor Stettin Gefahr durch ein defektes Fahrzeug auf der Fahrbahn",51.6247806223214,7.84630494522819
"A2","undefined--vi-zus.2025-05-23_18-52-34-000.f_008.de0","52.33856234405578,12.698662064256032,52.34080110092891,12.753443400050127","52.33856234405578,12.698662064256032","WARNING","A2 | Netzen - Lehnin"," Magdeburg -> Berliner Ring",NA,NA,NA,2025-05-23,"Beginn: 23.05.25 um 18:52 Uhr  Zusammengesetzte Verkehrsinformation, seit 23.05.2025, 18:52 A2: Magdeburg -> Berliner Ring, zwischen AS Netzen und 0.3 km vor AS Lehnin  A2 Magdeburg Richtung Berliner Ring zwischen Netzen und Lehnin 1 Unfall auf dem Standstreifen, fahren Sie bitte besonders vorsichtig, Polizei ist benachrichtigt",52.3385623440558,12.698662064256
"A3","undefined--vi-avl.2025-05-23_20-00-00-000.f.de0","51.188355628647805,6.942997460624825,51.20078650093515,6.936063799996593","51.188355628647805,6.942997460624825","WARNING","A3 | Ohligser Heide - Stindertal / Stinderhof"," Köln -> Oberhausen",1,"SLOW_TRAFFIC","52.29999923706055",2025-05-23,"Beginn: 23.05.25 um 20:00 Uhr  Angespannte Verkehrslage, seit 23.05.2025, 20:00 A3: Köln -> Oberhausen, zwischen 3.6 km hinter Ohligser Heide und 4.4 km vor Stindertal / Stinderhof  Langsamer Verkehr Reisezeitverlust: 1 Minuten Durchschnittsgeschwindigkeit: 52 km/h",51.1883556286478,6.94299746062482
"A3","undefined--vi-avl.2025-05-23_22-10-30-000.f_001.de0","51.89839901701434,6.165717280673193,51.89839901701434,6.165717280673193","51.89839901701434,6.165717280673193","WARNING","A3 | Knauheide - Knauheide"," Arnheim -> Oberhausen",NA,"QUEUING_TRAFFIC","15",2025-05-23,"Beginn: 23.05.25 um 23:02 Uhr  Angespannte Verkehrslage, seit 23.05.2025, 23:02 A3: Arnheim -> Oberhausen, 0.1 km vor Knauheide, aus Richtung Elten  Stockender Verkehr Durchschnittsgeschwindigkeit: 15 km/h",51.8983990170143,6.16571728067319
"A3","undefined--vi-avl.2025-05-23_22-10-30-000.f.de0","51.89839901701434,6.165717280673193,51.89532710093108,6.168877099986451","51.89839901701434,6.165717280673193","WARNING","A3 | Elten - Elten"," Arnheim -> Oberhausen",0,"QUEUING_TRAFFIC","35.20000076293945",2025-05-23,"Beginn: 23.05.25 um 22:10 Uhr  Angespannte Verkehrslage, seit 23.05.2025, 22:10 A3: Arnheim -> Oberhausen, zwischen 0.4 km hinter Elten und 1.4 km vor AS Elten  Stockender Verkehr Reisezeitverlust: 0 Minuten Durchschnittsgeschwindigkeit: 35 km/h",51.8983990170143,6.16571728067319
"A4","undefined--vi-avl.2025-05-23_22-59-30-000.f.de0","50.89752900093681,6.91128359999635,50.89338589693081,6.920363142195489","50.89752900093681,6.91128359999635","WARNING","A4 | Köln-Klettenberg - Köln-Eifeltor"," Heerlen/Aachen -> Köln",0,"SLOW_TRAFFIC","49.099998474121094",2025-05-23,"Beginn: 23.05.25 um 23:02 Uhr  Angespannte Verkehrslage, seit 23.05.2025, 23:02 A4: Heerlen/Aachen -> Köln, zwischen 0.2 km hinter AS Köln-Klettenberg und 0.4 km vor AS Köln-Eifeltor  Langsamer Verkehr Reisezeitverlust: 0 Minuten Durchschnittsgeschwindigkeit: 49 km/h",50.8975290009368,6.91128359999635
"A4","undefined--vi-hind.2025-05-23_22-33-00-000.f_001.de0","50.87923670093694,11.62351750001044,50.87961340914183,11.621074150200037","50.87923670093694,11.62351750001044","WARNING","A4 | Rodablick - Jena-Zentrum"," Chemnitz -> Erfurt",NA,NA,NA,2025-05-23,"Beginn: 23.05.25 um 22:33 Uhr  Fahrzeug-Hindernis, seit 23.05.2025, 22:33 A4: Chemnitz -> Erfurt, zwischen 6.2 km hinter Rodablick und 0.1 km vor AS Jena-Zentrum Gefahr durch ein defektes Fahrzeug auf der Fahrbahn",50.8792367009369,11.6235175000104
"A5","undefined--vi-zus.2025-05-23_20-18-05-000.f.de0","50.78110261236345,9.409197030664608,50.78839780994479,9.44148546285077","50.78110261236345,9.409197030664608","WARNING","A5 | Berfa - Frohnkreuz"," Frankfurt -> Kassel",1,"SLOW_TRAFFIC","62",2025-05-23,"Beginn: 23.05.25 um 20:18 Uhr  Zusammengesetzte Verkehrsinformation, seit 23.05.2025, 20:18 A5: Frankfurt -> Kassel, zwischen 4.3 km hinter Berfa und 0.3 km vor Frohnkreuz  Langsamer Verkehr Reisezeitverlust: 1 Minuten Durchschnittsgeschwindigkeit: 62 km/h",50.7811026123634,9.40919703066461
"A6","undefined--vi-hind.2025-05-23_22-52-30-000.f_003.de0","49.17438192537589,9.861816301184561,49.182425200944365,9.748138100000183","49.17438192537589,9.861816301184561","WARNING","A6 | Ilshofen/Wolpertshausen - Schwäbisch Hall"," Nürnberg -> Heilbronn",NA,NA,NA,2025-05-23,"Beginn: 23.05.25 um 22:52 Uhr  Hindernis, seit 23.05.2025, 22:52 A6: Nürnberg -> Heilbronn, zwischen 0.2 km hinter AS Ilshofen/Wolpertshausen und 0.7 km vor AS Schwäbisch Hall  Gefahr durch Gegenstände auf der Fahrbahn",49.1743819253759,9.86181630118456
"A7","undefined--vi-zus.2025-05-23_21-12-00-000.f.de0","47.572965577642115,10.660922982282756,47.577037246669576,10.66215100562998","47.572965577642115,10.660922982282756","WARNING","A7 | Grenztunnel Füssen - Reinertshofertunnel"," Füssen/Reutte -> Ulm",1,"STATIONARY_TRAFFIC","14.399999618530273",2025-05-23,"Beginn: 23.05.25 um 21:12 Uhr  Zusammengesetzte Verkehrsinformation, seit 23.05.2025, 21:12 A7: Füssen/Reutte -> Ulm, zwischen 1.6 km hinter Grenztunnel Füssen und 2.7 km vor Reinertshofertunnel  Im Stillstand Reisezeitverlust: 1 Minuten Durchschnittsgeschwindigkeit: 14 km/h",47.5729655776421,10.6609229822828
"A7","undefined--vi-zus.2025-05-23_23-02-00-000.f.de0","48.87199004593337,10.169816232175263,48.889127211079334,10.167236459526585","48.87199004593337,10.169816232175263","WARNING","A7 | Aalen/Oberkochen - Ellwangen"," Ulm -> Würzburg",0,"SLOW_TRAFFIC","64.19999694824219",2025-05-23,"Beginn: 23.05.25 um 23:02 Uhr  Zusammengesetzte Verkehrsinformation, seit 23.05.2025, 23:02 A7: Ulm -> Würzburg, zwischen 8.9 km hinter AS Aalen/Oberkochen und 8.0 km vor AS Ellwangen  Langsamer Verkehr Reisezeitverlust: 0 Minuten Durchschnittsgeschwindigkeit: 64 km/h",48.8719900459334,10.1698162321753
"A7","undefined--vi-hind.2025-05-23_22-52-30-000.f_006.de0","52.946728482361856,9.874019284366984,53.00091914614037,9.928888653132974","52.946728482361856,9.874019284366984","WARNING","A7 | Dorfmark - Am Stühbeckshorn"," Hannover -> Hamburg",NA,NA,NA,2025-05-23,"Beginn: 23.05.25 um 22:52 Uhr  Hindernis, seit 23.05.2025, 22:52 A7: Hannover -> Hamburg, zwischen 7.4 km hinter Dorfmark und 3.9 km vor Am Stühbeckshorn  Gefahr durch Personen auf der Fahrbahn",52.9467284823619,9.87401928436698
"A7","undefined--vi-zus.2025-05-23_22-52-30-000.f.de0","52.99989700092335,9.928735300000405,52.94686862597499,9.873961134839746","52.99989700092335,9.928735300000405","WARNING","A7 | Am Stühbeckshorn - Dorfmark"," Hamburg -> Hannover",NA,NA,NA,2025-05-23,"Beginn: 23.05.25 um 22:52 Uhr  Zusammengesetzte Verkehrsinformation, seit 23.05.2025, 22:52 A7: Hamburg -> Hannover, zwischen 4.0 km hinter Am Stühbeckshorn und 7.4 km vor Dorfmark  Gefahr durch Personen auf der Fahrbahn  A7 Hamburg Richtung Hannover
zwischen Soltau-Ost und Soltau-Süd
Gefahr durch defektes Fahrzeug auf dem Standstreifen",52.9998970009233,9.9287353000004
"A7","undefined--vi-zus.2025-03-31_00-40-00-000.f_018.de0","53.579141433849884,9.913430072127355,53.55636870091902,9.897540700000414","53.579141433849884,9.913430072127355","WARNING","A7 | Hamburg-Volkspark - Elbtunnel (Nordportal)"," Flensburg -> Hamburg",NA,NA,NA,2025-03-31,"Beginn: 31.03.25 um 00:40 Uhr  Zusammengesetzte Verkehrsinformation, seit 31.03.2025, 00:40 A7: Flensburg -> Hamburg, zwischen 0.4 km hinter AS Hamburg-Volkspark und 0.9 km vor Elbtunnel (Nordportal)  A7 Flensburg Richtung Hamburg Ausfahrt Hamburg-Othmarschen Fahrbahnverengung, maximale Fahrbahnbreite von 4,50 m, Bauarbeiten, bis 29.09.2025",53.5791414338499,9.91343007212735
"A7","undefined--vi-hind.2025-05-23_21-35-00-000.f_005.de0","53.74400119992577,9.947971603145552,53.8009933225245,9.930510356786112","53.74400119992577,9.947971603145552","WARNING","A7 | Holmmoor - Henstedt-Ulzburg"," Hamburg -> Flensburg",NA,NA,NA,2025-05-23,"Beginn: 23.05.25 um 21:35 Uhr  Fahrzeug-Hindernis, seit 23.05.2025, 21:35 A7: Hamburg -> Flensburg, zwischen 3.0 km hinter Holmmoor und 0.3 km vor AS Henstedt-Ulzburg Gefahr durch ein defektes Fahrzeug auf der Fahrbahn",53.7440011999258,9.94797160314555
"A7","undefined--vi-zus.2025-05-23_22-05-30-000.f.de0","53.74092326606429,9.946699845893294,53.75134890071831,9.949801032895417","53.74092326606429,9.946699845893294","WARNING","A7 | Holmmoor - Henstedt-Ulzburg"," Hamburg -> Flensburg",4,"STATIONARY_TRAFFIC","14.600000381469727",2025-05-23,"Beginn: 23.05.25 um 22:05 Uhr  Zusammengesetzte Verkehrsinformation, seit 23.05.2025, 22:05 A7: Hamburg -> Flensburg, zwischen 2.7 km hinter Holmmoor und 6.0 km vor AS Henstedt-Ulzburg  Im Stillstand Reisezeitverlust: 4 Minuten Durchschnittsgeschwindigkeit: 14 km/h",53.7409232660643,9.94669984589329
"A7","undefined--vi-zus.2025-05-23_22-59-00-000.f.de0","53.75663630601424,9.949987690701247,53.77350618946437,9.944780037352162","53.75663630601424,9.949987690701247","WARNING","A7 | Quickborn - Henstedt-Ulzburg"," Hamburg -> Flensburg",63,"STATIONARY_TRAFFIC","1.7999999523162842",2025-05-23,"Beginn: 23.05.25 um 22:59 Uhr  Zusammengesetzte Verkehrsinformation, seit 23.05.2025, 22:59 A7: Hamburg -> Flensburg, zwischen 1.4 km hinter AS Quickborn und 3.5 km vor AS Henstedt-Ulzburg  Im Stillstand Reisezeitverlust: 63 Minuten Durchschnittsgeschwindigkeit: 1 km/h  Gefahr durch ein defektes Fahrzeugs auf der Fahrbahn",53.7566363060142,9.94998769070125
"A7","undefined--vi-unf.2025-05-23_21-56-30-000.f.de0","53.767962114192045,9.94719025776929,53.77924938865565,9.942099406614846","53.767962114192045,9.94719025776929","WARNING","A7 | Quickborn - Henstedt-Ulzburg"," Hamburg -> Flensburg",NA,NA,NA,2025-05-23,"Beginn: 23.05.25 um 21:56 Uhr  Unfall, seit 23.05.2025, 21:56 A7: Hamburg -> Flensburg, zwischen 2.7 km hinter AS Quickborn und 2.9 km vor AS Henstedt-Ulzburg",53.767962114192,9.94719025776929
"A7","undefined--vi-avl.2025-05-23_22-50-30-000.f_001.de0","53.74066269127045,9.946582924861225,53.74066269127045,9.946582924861225","53.74066269127045,9.946582924861225","WARNING","A7 | Quickborn - Quickborn"," Hamburg -> Flensburg",NA,"STATIONARY_TRAFFIC","3",2025-05-23,"Beginn: 23.05.25 um 23:01 Uhr  Angespannte Verkehrslage, seit 23.05.2025, 23:01 A7: Hamburg -> Flensburg, 0.4 km vor AS Quickborn, aus Richtung Holmmoor  Im Stillstand Durchschnittsgeschwindigkeit: 3 km/h",53.7406626912705,9.94658292486123
"A7","undefined--vi-avl.2025-05-23_22-59-30-000.f_001.de0","53.75663630601424,9.949987690701247,53.75663630601424,9.949987690701247","53.75663630601424,9.949987690701247","WARNING","A7 | Henstedt-Ulzburg - Henstedt-Ulzburg"," Hamburg -> Flensburg",NA,"STATIONARY_TRAFFIC","1",2025-05-23,"Beginn: 23.05.25 um 23:02 Uhr  Angespannte Verkehrslage, seit 23.05.2025, 23:02 A7: Hamburg -> Flensburg, 5.5 km vor AS Henstedt-Ulzburg, aus Richtung Quickborn  Im Stillstand Durchschnittsgeschwindigkeit: 1 km/h",53.7566363060142,9.94998769070125
"A7","undefined--vi-avl.2025-05-23_20-00-30-000.f_003.de0","54.804956120681226,9.328584387866814,54.804956120681226,9.328584387866814","54.804956120681226,9.328584387866814","WARNING","A7 | Ellund - Ellund"," Flensburg -> Hamburg",NA,"SLOW_TRAFFIC","19",2025-05-23,"Beginn: 23.05.25 um 22:59 Uhr  Angespannte Verkehrslage, seit 23.05.2025, 22:59 A7: Flensburg -> Hamburg, 0.1 km vor Ellund, aus Richtung Ellund  Langsamer Verkehr Durchschnittsgeschwindigkeit: 19 km/h",54.8049561206812,9.32858438786681
"A7","undefined--vi-avl.2025-05-23_19-55-04-000.f.de0","54.8049820054157,9.328571338481932,54.79935473438442,9.331428547658858","54.8049820054157,9.328571338481932","WARNING","A7 | Ellund - Flensburg/Harrislee"," Flensburg -> Hamburg",0,"SLOW_TRAFFIC","33",2025-05-23,"Beginn: 23.05.25 um 19:55 Uhr  Angespannte Verkehrslage, seit 23.05.2025, 19:55 A7: Flensburg -> Hamburg, zwischen 0.1 km hinter Ellund und 3.1 km vor AS Flensburg/Harrislee  Langsamer Verkehr Reisezeitverlust: 0 Minuten Durchschnittsgeschwindigkeit: 33 km/h",54.8049820054157,9.32857133848193
"A8","undefined--vi-zus.2025-05-14_09-26-56-000.f.de0","49.32628400979037,7.229641516813452,49.329166750017514,7.1882642393148934","49.32628400979037,7.229641516813452","WARNING","A8 | Neunkirchen-Wellesweiler - Neunkirchen/Spiesen"," Neunkirchen -> Saarlouis",NA,NA,NA,2025-05-14,"Beginn: 14.05.25 um 09:26 Uhr  Zusammengesetzte Verkehrsinformation, seit 14.05.2025, 09:26 A8: Neunkirchen -> Saarlouis, zwischen 0.4 km hinter AS Neunkirchen-Wellesweiler und 2.7 km vor AS Neunkirchen/Spiesen  A8 Saarlouis - Neunkirchen zwischen Neunkirchen-Spiesen und Neunkirchen-Oberstadt in beiden Richtungen Bauarbeiten, bis voraussichtlich 01.06.2025",49.3262840097904,7.22964151681345
"A8","undefined--vi-avl.2025-05-23_22-14-30-000.f_001.de0","48.77695901129485,9.022024730281755,48.77695901129485,9.022024730281755","48.77695901129485,9.022024730281755","WARNING","A8 | Leonberg - Leonberg"," Stuttgart -> Karlsruhe",NA,"STATIONARY_TRAFFIC","12",2025-05-23,"Beginn: 23.05.25 um 23:02 Uhr  Angespannte Verkehrslage, seit 23.05.2025, 23:02 A8: Stuttgart -> Karlsruhe, 0.7 km vor AD Leonberg, aus Richtung Leonberg-Ost  Im Stillstand Durchschnittsgeschwindigkeit: 12 km/h",48.7769590112948,9.02202473028176
"A8","undefined--vi-avl.2025-05-23_21-27-30-000.f.de0","48.25552011612748,11.304601331272405,48.25552011612748,11.304601331272405","48.25552011612748,11.304601331272405","WARNING","A8 | Fuchsberg - Fuchsberg"," München -> Stuttgart",NA,"STATIONARY_TRAFFIC","14",2025-05-23,"Beginn: 23.05.25 um 23:02 Uhr  Angespannte Verkehrslage, seit 23.05.2025, 23:02 A8: München -> Stuttgart, 0.4 km vor Fuchsberg, aus Richtung Dachau/Fürstenfeldbruck  Im Stillstand Durchschnittsgeschwindigkeit: 14 km/h",48.2555201161275,11.3046013312724
"A8","undefined--vi-zus.2025-05-23_21-09-32-000.f.de0","48.25556031503278,11.304528780101283,48.26603626677083,11.292327581921024","48.25556031503278,11.304528780101283","WARNING","A8 | Dachau/Fürstenfeldbruck - Sulzemoos"," München -> Stuttgart",4,"STATIONARY_TRAFFIC","17.5",2025-05-23,"Beginn: 23.05.25 um 21:09 Uhr  Zusammengesetzte Verkehrsinformation, seit 23.05.2025, 21:09 A8: München -> Stuttgart, zwischen 4.1 km hinter AS Dachau/Fürstenfeldbruck und 2.3 km vor AS Sulzemoos  Im Stillstand Reisezeitverlust: 4 Minuten Durchschnittsgeschwindigkeit: 17 km/h",48.2555603150328,11.3045287801013
"A9","undefined--vi-avl.2025-05-23_23-01-30-000.f_001.de0","50.00048766671704,11.607498185424149,50.01485540658872,11.605762763291844","50.00048766671704,11.607498185424149","WARNING","A9 | Bayreuth-Nord - Bayreuth/Kulmbach"," Nürnberg -> Halle/Leipzig",0,"SLOW_TRAFFIC","63.29999923706055",2025-05-23,"Beginn: 23.05.25 um 23:01 Uhr  Angespannte Verkehrslage, seit 23.05.2025, 23:01 A9: Nürnberg -> Halle/Leipzig, zwischen 4.6 km hinter AS Bayreuth-Nord und 1.1 km vor AD Bayreuth/Kulmbach  Langsamer Verkehr Reisezeitverlust: 0 Minuten Durchschnittsgeschwindigkeit: 63 km/h",50.000487666717,11.6074981854241
"A9","undefined--vi-hind.2025-05-23_22-17-30-000.f_002.de0","51.490262000933704,12.206483900025901,51.491795023912424,12.205342024579881","51.490262000933704,12.206483900025901","WARNING","A9 | Wiedemar - Kapellenberg"," Halle/Leipzig -> Berlin",NA,NA,NA,2025-05-23,"Beginn: 23.05.25 um 22:17 Uhr  Fahrzeug-Hindernis, seit 23.05.2025, 22:17 A9: Halle/Leipzig -> Berlin, zwischen 2.9 km hinter AS Wiedemar und Kapellenberg Gefahr durch ein defektes Fahrzeug auf der Fahrbahn",51.4902620009337,12.2064839000259
"A10","undefined--vi-hind.2025-05-23_22-54-30-000.f_001.de0","52.475752878531814,12.955350709528462,52.538475600927995,12.96533290006355","52.475752878531814,12.955350709528462","WARNING","A10 | Potsdam-Nord - Berlin-Spandau"," Dreieck Werder -> Dreieck Havelland",NA,NA,NA,2025-05-23,"Beginn: 23.05.25 um 22:54 Uhr  Hindernis, seit 23.05.2025, 22:54 A10: Dreieck Werder -> Dreieck Havelland, zwischen 0.3 km hinter AS Potsdam-Nord und 1.9 km vor AS Berlin-Spandau  Gefahr durch eine ungesicherte Unfallstelle",52.4757528785318,12.9553507095285
"A12","WarnungA10Lkw3","47.61802931631098,12.202336027754352,47.61802931631098,12.202336027754352","47.61802931631098,12.202336027754352","WARNING","E45/E60 | LKW Blockabfertigung | A12-Inntal Autobahn","Richtung Italien",NA,NA,NA,2025-01-11,"Zeitraum: Beginn: 07.01.2025 Ende: 09.12.2025  Hinweis für LKW-Reisende nach Österreich: LKW-Blockabfertigungen an ausgewählten Tagen für Lkw am Grenzübergang Kufstein/Kiefersfelden. Maximaler Durchlass von 300 LKWs pro Stunde  Die genauen Ausführungszeiten und weitere Informationen auf tirol.gv.at/verkehr/verkehrs-und-seilbahnrecht/lkw-dosierung.",47.618029316311,12.2023360277544
"A12","WarnungA10Lkw2","47.6164490154047,12.202382557672273,47.6164490154047,12.202382557672273","47.6164490154047,12.202382557672273","WARNING","E43/E45/E60 | A13-Brenner Autobahn","Richtung Italien",NA,NA,NA,2025-01-11,"Zeitraum: Beginn: 11.01.2025 Ende: 27.09.2025  Hinweis für LKW-Reisende nach Österreich: LKW-Fahrverbot auf der A12-Inntal Autobahn, A13-Brenner Autobahn und A14-Rheintal/Walgau Autobahn, wenn das Ziel der Fahrt der Anschlussstelle Nößlach bis Anschlussstelle Brenner Nord der Richtungsfahrbahn Staatsgrenze der A 13 Brenner Autobahn erreicht werden soll. An ausgewählten Samstagen 7-15 Uhr sowie weiteren Tagen im Zeitraum 11.01. - 27.09.2025 Weitere Informationen auf http://asfinag.at/a13",47.6164490154047,12.2023825576723
"A13","undefined--vi-hind.2025-05-23_12-51-02-000.f_024.de0","51.89963080093657,13.81291380018386,51.85302630093776,13.90793880020439","51.89963080093657,13.81291380018386","WARNING","A13 | Berstetal - Lübbenau"," Schönefelder Kreuz -> Dresden",NA,NA,NA,2025-05-23,"Beginn: 23.05.25 um 12:51 Uhr  Hindernis, seit 23.05.2025, 12:51 A13: Schönefelder Kreuz -> Dresden, zwischen 1.8 km hinter Berstetal und 0.5 km vor AS Lübbenau  Gefahr durch Gegenstände auf der Fahrbahn",51.8996308009366,13.8129138001839
"A27","undefined--vi-avl.2025-05-23_22-58-30-000.f_001.de0","53.83879892753512,8.73225918099805,53.83879892753512,8.73225918099805","53.83879892753512,8.73225918099805","WARNING","A27 | Altenwalde - Altenwalde"," Cuxhaven -> Bremerhaven",NA,"QUEUING_TRAFFIC","28",2025-05-23,"Beginn: 23.05.25 um 23:02 Uhr  Angespannte Verkehrslage, seit 23.05.2025, 23:02 A27: Cuxhaven -> Bremerhaven, 2.7 km vor AS Altenwalde, aus Richtung Cuxhaven  Stockender Verkehr Durchschnittsgeschwindigkeit: 28 km/h",53.8387989275351,8.73225918099805
"A27","undefined--vi-avl.2025-05-23_22-42-30-000.f_001.de0","53.83879892753512,8.73225918099805,53.833474184403585,8.725515967904817","53.83879892753512,8.73225918099805","WARNING","A27 | Cuxhaven - Altenwalde"," Cuxhaven -> Bremerhaven",1,"QUEUING_TRAFFIC","29.100000381469727",2025-05-23,"Beginn: 23.05.25 um 22:42 Uhr  Angespannte Verkehrslage, seit 23.05.2025, 22:42 A27: Cuxhaven -> Bremerhaven, zwischen 0.3 km hinter Cuxhaven und 2.0 km vor AS Altenwalde  Stockender Verkehr Reisezeitverlust: 1 Minuten Durchschnittsgeschwindigkeit: 29 km/h",53.8387989275351,8.73225918099805
"A27","undefined--vi-avl.2025-05-23_22-54-30-000.f.de0","53.83951362777883,8.733073156467956,53.83951362777883,8.733073156467956","53.83951362777883,8.733073156467956","WARNING","A27 | Cuxhaven - Cuxhaven"," Bremerhaven -> Cuxhaven",NA,"STATIONARY_TRAFFIC","5",2025-05-23,"Beginn: 23.05.25 um 22:54 Uhr  Angespannte Verkehrslage, seit 23.05.2025, 22:54 A27: Bremerhaven -> Cuxhaven, 0.2 km vor Cuxhaven, aus Richtung Altenwalde  Im Stillstand Durchschnittsgeschwindigkeit: 5 km/h",53.8395136277788,8.73307315646796
"A31","undefined--vi-avl.2025-05-23_17-43-30-000.f_010.de0","52.26131326794811,7.175130839716639,52.246752971037886,7.163099312945632","52.26131326794811,7.175130839716639","WARNING","A31 | Gut Friedrichstal - Wester Mark"," Lingen (Ems) -> Gronau",1,"SLOW_TRAFFIC","59",2025-05-23,"Beginn: 23.05.25 um 17:49 Uhr  Angespannte Verkehrslage, seit 23.05.2025, 17:49 A31: Lingen (Ems) -> Gronau, zwischen 2.7 km hinter Gut Friedrichstal und 3.0 km vor Wester Mark  Langsamer Verkehr Reisezeitverlust: 1 Minuten Durchschnittsgeschwindigkeit: 59 km/h",52.2613132679481,7.17513083971664
"A31","undefined--vi-avl.2025-05-23_23-02-30-000.f_005.de0","53.27027041712367,7.497017453705165,53.27027041712367,7.497017453705165","53.27027041712367,7.497017453705165","WARNING","A31 | Leer - Leer"," Emden -> Leer",NA,"SLOW_TRAFFIC","19",2025-05-23,"Beginn: 23.05.25 um 23:02 Uhr  Angespannte Verkehrslage, seit 23.05.2025, 23:02 A31: Emden -> Leer, 0.3 km vor AD Leer, aus Richtung Veenhusen  Langsamer Verkehr Durchschnittsgeschwindigkeit: 19 km/h",53.2702704171237,7.49701745370516
"A31","undefined--vi-avl.2025-05-23_23-00-00-000.f.de0","53.27998265832894,7.492909975113038,53.27027041712367,7.497017453705165","53.27998265832894,7.492909975113038","WARNING","A31 | Veenhusen - Leer"," Emden -> Leer",0,"SLOW_TRAFFIC","58.70000076293945",2025-05-23,"Beginn: 23.05.25 um 23:00 Uhr  Angespannte Verkehrslage, seit 23.05.2025, 23:00 A31: Emden -> Leer, zwischen 2.3 km hinter AS Veenhusen und 0.3 km vor AD Leer  Langsamer Verkehr Reisezeitverlust: 0 Minuten Durchschnittsgeschwindigkeit: 58 km/h",53.2799826583289,7.49290997511304
"A37","undefined--vi-zus.2025-05-20_10-04-05-000.f_002.de0","52.442156462690335,9.933442989087833,52.436581812162494,9.913211841333315","52.442156462690335,9.933442989087833","WARNING","A37 | Beinhorn - Hannover-Kirchhorst"," Celle -> Hannover",NA,NA,NA,2025-05-20,"Beginn: 20.05.25 um 10:04 Uhr  Zusammengesetzte Verkehrsinformation, seit 20.05.2025, 10:04 B3: Celle -> Hannover, zwischen 0.4 km hinter AS Beinhorn und 2.1 km vor AK Hannover-Kirchhorst  A37 Messe - Burgdorf
zwischen Kreuz Hannover-Buchholz und Beinhorn
in beiden Richtungen geänderte Verkehrsführung im Baustellenbereich, Bauarbeiten, bis 30.10.2026 ca. 18:00 Uhr",52.4421564626903,9.93344298908783
"A37","undefined--vi-zus.2025-05-20_10-04-05-000.f_003.de0","52.42566547847685,9.880479425875153,52.44102213295518,9.93161290421946","52.42566547847685,9.880479425875153","WARNING","Baustelle"," km 22.62 --> km 26.54",NA,NA,NA,2025-05-20,"Beginn: 20.05.25 um 10:04 Uhr  Zusammengesetzte Verkehrsinformation, seit 20.05.2025, 10:04 A37: km 22.62 --> km 26.54  A37 Messe - Burgdorf
zwischen Kreuz Hannover-Buchholz und Beinhorn
in beiden Richtungen geänderte Verkehrsführung im Baustellenbereich, Bauarbeiten, bis 30.10.2026 ca. 18:00 Uhr",52.4256654784769,9.88047942587515
"A43","undefined--vi-avl.2025-05-23_22-43-00-000.f_002.de0","51.90238505962746,7.388806433189563,51.89335979029338,7.375447082836012","51.90238505962746,7.388806433189563","WARNING","A43 | Nottuln - Karthaus"," Münster -> Recklinghausen",0,"SLOW_TRAFFIC","67",2025-05-23,"Beginn: 23.05.25 um 22:43 Uhr  Angespannte Verkehrslage, seit 23.05.2025, 22:43 A43: Münster -> Recklinghausen, zwischen 1.3 km hinter AS Nottuln und 2.4 km vor Karthaus  Langsamer Verkehr Reisezeitverlust: 0 Minuten Durchschnittsgeschwindigkeit: 67 km/h",51.9023850596275,7.38880643318956
"A44","undefined--vi-avl.2025-05-23_22-52-30-000.f_001.de0","51.55259025223094,8.158217432313819,51.549522078079114,8.138905874013288","51.55259025223094,8.158217432313819","WARNING","A44 | Soest-Ost - Soester Börde"," Kassel -> Dortmund",0,"SLOW_TRAFFIC","65.69999694824219",2025-05-23,"Beginn: 23.05.25 um 22:52 Uhr  Angespannte Verkehrslage, seit 23.05.2025, 22:52 A44: Kassel -> Dortmund, zwischen 0.2 km hinter AS Soest-Ost und 0.4 km vor Soester Börde  Langsamer Verkehr Reisezeitverlust: 0 Minuten Durchschnittsgeschwindigkeit: 65 km/h",51.5525902522309,8.15821743231382
"A44","undefined--vi-avl.2025-05-23_18-31-56-000.f_001.de0","51.537177250668876,8.871385552049846,51.541679230049894,8.834615010338995","51.537177250668876,8.871385552049846","WARNING","A44 | Marsberg - Sintfeld"," Kassel -> Dortmund",1,"SLOW_TRAFFIC","62",2025-05-23,"Beginn: 23.05.25 um 18:31 Uhr  Angespannte Verkehrslage, seit 23.05.2025, 18:31 A44: Kassel -> Dortmund, zwischen 6.8 km hinter AS Marsberg und 2.9 km vor Sintfeld  Langsamer Verkehr Reisezeitverlust: 1 Minuten Durchschnittsgeschwindigkeit: 62 km/h",51.5371772506689,8.87138555204985
"A45","undefined--vi-avl.2025-05-23_22-40-00-000.f.de0","50.55009579241461,8.56562971622008,50.559827050510755,8.561300582645039","50.55009579241461,8.56562971622008","WARNING","A45 | Gießen-Lützellinden - Wetzlar-Ost"," Aschaffenburg -> Hagen",0,"SLOW_TRAFFIC","62.20000076293945",2025-05-23,"Beginn: 23.05.25 um 22:40 Uhr  Angespannte Verkehrslage, seit 23.05.2025, 22:40 A45: Aschaffenburg -> Hagen, zwischen 3.4 km hinter AS Gießen-Lützellinden und 1.7 km vor AS Wetzlar-Ost  Langsamer Verkehr Reisezeitverlust: 0 Minuten Durchschnittsgeschwindigkeit: 62 km/h",50.5500957924146,8.56562971622008
"A60","undefined--vi-zus.2025-04-08_08-51-21-000.f_013.de0","49.98125533976677,8.345695317688524,49.97565770865279,8.441396718063045","49.98125533976677,8.345695317688524","WARNING","A60 | Mainspitz-Dreieck - Rüsselsheimer Dreieck"," Mainz -> Rüsselsheim",NA,NA,NA,2025-04-08,"Beginn: 08.04.25 um 08:51 Uhr  Zusammengesetzte Verkehrsinformation, seit 08.04.2025, 08:51 A60: Mainz -> Rüsselsheim, zwischen 0.5 km hinter AD Mainspitz-Dreieck und 2.2 km vor AD Rüsselsheimer Dreieck  Sperrung der A60 bei Königstädten – Grundhafte Fahrbahnerneuerung zwischen dem Rüsselsheimer Dreieck und dem Mainspitz Dreieck. Die Niederlassung West der Autobahn GmbH erneuert zwischen dem Rüsselsheimer Dreieck (30) und dem Mainspitz Dreieck (26) die Fahrbahn. Von Donnerstagmorgen (24. April) bis Mitte Juli wird die Anschlussstelle (AS) Königstädten (29) in Fahrtrichtung (FR) Mainz sowie in FR Rüsselsheimer Dreieck gesperrt. Umleitungsmöglichkeiten sind ausgeschildert: • Ausfahrt FR Mainz: Umleitung via AS Rüsselsheim-Mitte • Einfahrt FR Mainz: innerstädtische Umleitung zur AS Rüsselsheim-Mitte (Adam-Opel-Straße / Kurt-Schumacher-Ring), von Nauheim kommend via L3482 zur AS Bischofsheim • Einfahrt FR Darmstadt: innerstädtische Umleitung zur AS Rüsselsheim-Mitte (Adam-Opel-Straße / Kurt-Schumacher-Ring) Die Autobahn GmbH bittet alle Verkehrsteilnehmer um Verständnis für die unvermeidlichen Verkehrsbehinderungen, die durch die Arbeiten entstehen.",49.9812553397668,8.34569531768852
"A60","undefined--vi-zus.2025-05-03_10-55-00-000.f_003.de0","49.977457399447445,8.454646346787307,49.981587265039146,8.34517285786785","49.977457399447445,8.454646346787307","WARNING","A60 | Rüsselsheimer Dreieck - Mainspitz-Dreieck"," Rüsselsheim -> Mainz",NA,NA,NA,2025-05-03,"Beginn: 03.05.25 um 10:55 Uhr  Zusammengesetzte Verkehrsinformation, seit 03.05.2025, 10:55 A60: Rüsselsheim -> Mainz, zwischen 0.6 km hinter AD Rüsselsheimer Dreieck und 0.5 km vor AD Mainspitz-Dreieck  Sperrung der A60 bei Königstädten – Grundhafte Fahrbahnerneuerung zwischen dem Rüsselsheimer Dreieck und dem Mainspitz Dreieck. Die Niederlassung West der Autobahn GmbH erneuert zwischen dem Rüsselsheimer Dreieck (30) und dem Mainspitz Dreieck (26) die Fahrbahn. Von Donnerstagmorgen (24. April) bis Mitte Juli wird die Anschlussstelle (AS) Königstädten (29) in Fahrtrichtung (FR) Mainz sowie in FR Rüsselsheimer Dreieck gesperrt. Umleitungsmöglichkeiten sind ausgeschildert: • Ausfahrt FR Mainz: Umleitung via AS Rüsselsheim-Mitte • Einfahrt FR Mainz: innerstädtische Umleitung zur AS Rüsselsheim-Mitte (Adam-Opel-Straße / Kurt-Schumacher-Ring), von Nauheim kommend via L3482 zur AS Bischofsheim • Einfahrt FR Darmstadt: innerstädtische Umleitung zur AS Rüsselsheim-Mitte (Adam-Opel-Straße / Kurt-Schumacher-Ring) Die Autobahn GmbH bittet alle Verkehrsteilnehmer um Verständnis für die unvermeidlichen Verkehrsbehinderungen, die durch die Arbeiten entstehen.",49.9774573994474,8.45464634678731
"A64","undefined--vi-avl.2025-05-23_23-02-30-000.f_003.de0","49.786085127680785,6.6422896048579965,49.786085127680785,6.6422896048579965","49.786085127680785,6.6422896048579965","WARNING","A64 | Trier - Trier"," Trier -> Luxemburg",NA,"QUEUING_TRAFFIC","10",2025-05-23,"Beginn: 23.05.25 um 23:02 Uhr  Angespannte Verkehrslage, seit 23.05.2025, 23:02 A64: Trier -> Luxemburg, 3.3 km vor AS Trier, aus Richtung Anschluss B52-Trier  Stockender Verkehr Durchschnittsgeschwindigkeit: 10 km/h",49.7860851276808,6.642289604858
"A64","undefined--vi-avl.2025-05-23_23-02-30-000.f_001.de0","49.786085127680785,6.6422896048579965,49.78865391417719,6.64526824229259","49.786085127680785,6.6422896048579965","WARNING","A64 | Trier - Anschluss B52-Trier"," Luxemburg -> Trier",0,"QUEUING_TRAFFIC","16.5",2025-05-23,"Beginn: 23.05.25 um 23:02 Uhr  Angespannte Verkehrslage, seit 23.05.2025, 23:02 A64: Luxemburg -> Trier, zwischen 3.3 km hinter AS Trier und 1.2 km vor Anschluss B52-Trier  Stockender Verkehr Reisezeitverlust: 0 Minuten Durchschnittsgeschwindigkeit: 16 km/h",49.7860851276808,6.642289604858
"A70","undefined--vi-avl.2025-05-23_23-02-30-000.f_002.de0","50.001334737184706,10.079461336080785,50.001334737184706,10.079461336080785","50.001334737184706,10.079461336080785","WARNING","A70 | Schweinfurt/Werneck - Schweinfurt/Werneck"," Bamberg -> Schweinfurt/Werneck",NA,"QUEUING_TRAFFIC","10",2025-05-23,"Beginn: 23.05.25 um 23:02 Uhr  Angespannte Verkehrslage, seit 23.05.2025, 23:02 A70: Bamberg -> Schweinfurt/Werneck, in Höhe AD Schweinfurt/Werneck, aus Richtung Werneck  Stockender Verkehr Durchschnittsgeschwindigkeit: 10 km/h",50.0013347371847,10.0794613360808
"A71","undefined--vi-zus.2025-05-23_23-00-31-000.f.de0","51.28408439598657,11.226132558993505,51.29196951102841,11.234455456804088","51.28408439598657,11.226132558993505","WARNING","A71 | Schmücke - Heldrungen"," Erfurt -> Sangerhausen",0,"SLOW_TRAFFIC","64.69999694824219",2025-05-23,"Beginn: 23.05.25 um 23:00 Uhr  Zusammengesetzte Verkehrsinformation, seit 23.05.2025, 23:00 A71: Erfurt -> Sangerhausen, zwischen 0.5 km hinter Schmücke und 1.8 km vor AS Heldrungen  Langsamer Verkehr Reisezeitverlust: 0 Minuten Durchschnittsgeschwindigkeit: 64 km/h",51.2840843959866,11.2261325589935
"A71","undefined--vi-zus.2025-05-23_22-57-00-000.f.de0","51.298440552552385,11.237238945204405,51.34081867993437,11.258298717400079","51.298440552552385,11.237238945204405","WARNING","A71 | Schmücke - Artern"," Erfurt -> Sangerhausen",3,"SLOW_TRAFFIC","55.400001525878906",2025-05-23,"Beginn: 23.05.25 um 22:57 Uhr  Zusammengesetzte Verkehrsinformation, seit 23.05.2025, 22:57 A71: Erfurt -> Sangerhausen, zwischen 2.3 km hinter Schmücke und 4.8 km vor AS Artern  Langsamer Verkehr Reisezeitverlust: 3 Minuten Durchschnittsgeschwindigkeit: 55 km/h",51.2984405525524,11.2372389452044
"A81","undefined--vi-avl.2025-05-23_22-13-00-000.f.de0","48.7770409009457,9.022243500000013,48.78460381807184,9.015137373871807","48.7770409009457,9.022243500000013","WARNING","A81 | Leonberg-Ost - Engelbergtunnel"," Stuttgart -> Heilbronn",2,"STATIONARY_TRAFFIC","18.700000762939453",2025-05-23,"Beginn: 23.05.25 um 22:14 Uhr  Angespannte Verkehrslage, seit 23.05.2025, 22:14 A81: Stuttgart -> Heilbronn, zwischen 0.2 km hinter AS Leonberg-Ost und 2.2 km vor Engelbergtunnel  Im Stillstand Reisezeitverlust: 2 Minuten Durchschnittsgeschwindigkeit: 18 km/h",48.7770409009457,9.02224350000001
"A92","undefined--vi-zus.2025-05-23_22-41-30-000.f.de0","48.33283614342824,11.68916373967055,48.34174159371659,11.71377982493097","48.33283614342824,11.68916373967055","WARNING","A92 | Eching-Ost - Flughafen München"," München -> Deggendorf",0,"SLOW_TRAFFIC","69.5999984741211",2025-05-23,"Beginn: 23.05.25 um 22:41 Uhr  Zusammengesetzte Verkehrsinformation, seit 23.05.2025, 22:41 A92: München -> Deggendorf, zwischen 4.5 km hinter AS Eching-Ost und 1.5 km vor AS Flughafen München  Gefahr durch eine ungesicherte Unfallstelle  Langsamer Verkehr Reisezeitverlust: 0 Minuten Durchschnittsgeschwindigkeit: 69 km/h",48.3328361434282,11.6891637396705
"A92","undefined--vi-hind.2025-05-23_20-50-00-000.f_021.de0","48.33963968388711,11.711422981764068,48.34804691139137,11.723366628642038","48.33963968388711,11.711422981764068","WARNING","A92 | Freising-Süd - Flughafen München"," München -> Deggendorf",NA,NA,NA,2025-05-23,"Beginn: 23.05.25 um 20:50 Uhr  Hindernis, seit 23.05.2025, 20:50 A92: München -> Deggendorf, zwischen 1.1 km hinter AS Freising-Süd und 0.5 km vor AS Flughafen München  Gefahr durch eine ungesicherte Unfallstelle",48.3396396838871,11.7114229817641
"A94","undefined--vi-hind.2025-05-23_22-40-30-000.f_001.de0","48.24713352608475,12.044430578433927,48.25758130094731,12.158126800033937","48.24713352608475,12.044430578433927","WARNING","A94 | Lengdorf - Dorfen"," München -> Passau",NA,NA,NA,2025-05-23,"Beginn: 23.05.25 um 22:40 Uhr  Fahrzeug-Hindernis, seit 23.05.2025, 22:40 A94: München -> Passau, zwischen 0.2 km hinter AS Lengdorf und 0.2 km vor AS Dorfen Gefahr durch ein defektes Fahrzeug auf der Fahrbahn",48.2471335260848,12.0444305784339
"A96","undefined--vi-zus.2025-05-23_19-28-37-000.f.de0","47.57098101927321,9.735727473518235,47.57875069280704,9.735117512071737","47.57098101927321,9.735727473518235","WARNING","A96 | Lindau - Sigmarszell"," Bregenz -> München",1,"QUEUING_TRAFFIC","32.29999923706055",2025-05-23,"Beginn: 23.05.25 um 19:28 Uhr  Zusammengesetzte Verkehrsinformation, seit 23.05.2025, 19:28 A96: Bregenz -> München, zwischen 3.2 km hinter AS Lindau und AS Sigmarszell  Stockender Verkehr Reisezeitverlust: 1 Minuten Durchschnittsgeschwindigkeit: 32 km/h",47.5709810192732,9.73572747351824
"A96","undefined--vi-avl.2025-05-23_19-38-07-000.f_001.de0","47.57098101927321,9.735727473518235,47.57098101927321,9.735727473518235","47.57098101927321,9.735727473518235","WARNING","A96 | Sigmarszell - Sigmarszell"," Lindau -> München",NA,"QUEUING_TRAFFIC","16",2025-05-23,"Beginn: 23.05.25 um 23:02 Uhr  Angespannte Verkehrslage, seit 23.05.2025, 23:02 A96: Lindau -> München, 0.9 km vor AS Sigmarszell, aus Richtung Lindau  Stockender Verkehr Durchschnittsgeschwindigkeit: 16 km/h",47.5709810192732,9.73572747351824
"A96","undefined--vi-avl.2025-05-23_21-04-30-000.f_002.de0","47.942001027198586,10.10033035407017,47.932503162323194,10.094873706257136","47.942001027198586,10.10033035407017","WARNING","A96 | Buxheimer Wald - Aichstetten"," München -> Lindau",0,"SLOW_TRAFFIC","59.5",2025-05-23,"Beginn: 23.05.25 um 21:04 Uhr  Angespannte Verkehrslage, seit 23.05.2025, 21:04 A96: München -> Lindau, zwischen 3.4 km hinter Buxheimer Wald und 6.9 km vor AS Aichstetten  Langsamer Verkehr Reisezeitverlust: 0 Minuten Durchschnittsgeschwindigkeit: 59 km/h",47.9420010271986,10.1003303540702
"A96","undefined--vi-avl.2025-05-23_22-57-30-000.f_001.de0","48.041764428678654,10.58741714310182,48.04095606564676,10.613133004357154","48.041764428678654,10.58741714310182","WARNING","A96 | Mindelheim - Bad Wörishofen"," Lindau -> München",0,"SLOW_TRAFFIC","64",2025-05-23,"Beginn: 23.05.25 um 22:57 Uhr  Angespannte Verkehrslage, seit 23.05.2025, 22:57 A96: Lindau -> München, zwischen 6.0 km hinter AS Mindelheim und 0.5 km vor AS Bad Wörishofen  Langsamer Verkehr Reisezeitverlust: 0 Minuten Durchschnittsgeschwindigkeit: 64 km/h",48.0417644286787,10.5874171431018
"A113","undefined--vi-zus.2025-05-23_04-57-30-000.f.de0","52.43617318100181,13.493052326243479,52.427730500930934,13.517008500122175","52.43617318100181,13.493052326243479","WARNING","A113 | Johannisthaler Chaussee - Rudower Höhe"," Neukölln -> Schönefeld",NA,NA,NA,2025-05-23,"Beginn: 23.05.25 um 04:57 Uhr  Zusammengesetzte Verkehrsinformation, seit 23.05.2025, 04:57 A113: Neukölln -> Schönefeld, zwischen 1.2 km hinter AS Johannisthaler Chaussee und 1.0 km vor Rudower Höhe  A113 Autobahnzubringer Dresden, Neukölln Richtung Schönefeld
zwischen Stubenrauchstraße und Tunnel Rudower Höhe
linker Fahrstreifen gesperrt, Bauarbeiten, bis voraussichtlich 20.06.2025",52.4361731810018,13.4930523262435
"A115","undefined--vi-zus.2024-10-09_07-09-40-000.f_531.de0","52.40027056808641,13.185163736426698,52.44227384698058,13.202709435405149","52.40027056808641,13.185163736426698","WARNING","A115 | Am Stern - Hüttenweg"," Dreieck Nuthetal -> Dreieck Funkturm",NA,NA,NA,2024-10-09,"Beginn: 09.10.24 um 07:09 Uhr  Zusammengesetzte Verkehrsinformation, seit 09.10.2024, 07:09 A115: Dreieck Nuthetal -> Dreieck Funkturm, zwischen 2.9 km hinter Am Stern und 3.8 km vor AS Hüttenweg  A115 Autobahnzubringer Magdeburg, Dreieck Nuthetal Richtung Dreieck Funkturm, zwischen Anschlussstelle Kleinmachnow und Anschlussstelle Spanische Allee, Baustelle, bis 31.10.2026 17:00 Uhr",52.4002705680864,13.1851637364267
"A115","undefined--vi-avl.2025-05-23_23-02-00-000.f.de0","52.41732310092953,13.196603000085458,52.40878021480694,13.194490352925081","52.41732310092953,13.196603000085458","WARNING","A115 | Kreuz Zehlendorf - Kleinmachnow"," Dreieck Funkturm -> Dreieck Nuthetal",0,"SLOW_TRAFFIC","53.5",2025-05-23,"Beginn: 23.05.25 um 23:02 Uhr  Angespannte Verkehrslage, seit 23.05.2025, 23:02 A115: Dreieck Funkturm -> Dreieck Nuthetal, zwischen 0.4 km hinter AS Kreuz Zehlendorf und 0.9 km vor AS Kleinmachnow  Langsamer Verkehr Reisezeitverlust: 0 Minuten Durchschnittsgeschwindigkeit: 53 km/h",52.4173231009295,13.1966030000855
"A115","undefined--vi-zus.2024-10-13_05-33-30-000.f_688.de0","52.44029442937371,13.199911385595513,52.43107524997983,13.191805707063864","52.44029442937371,13.199911385595513","WARNING","A115 | Hüttenweg - Kreuz Zehlendorf"," Dreieck Funkturm -> Dreieck Nuthetal",NA,NA,NA,2024-10-13,"Beginn: 13.10.24 um 05:33 Uhr  Zusammengesetzte Verkehrsinformation, seit 13.10.2024, 05:33 A115: Dreieck Funkturm -> Dreieck Nuthetal, zwischen 4.1 km hinter AS Hüttenweg und 1.3 km vor AS Kreuz Zehlendorf  A115 Dreieck Funkturm Richtung Dreieck Nuthetal
zwischen Spanische Allee und Kleinmachnow
Verkehr wird über die Gegenfahrbahn geleitet, geänderte Verkehrsführung im Baustellenbereich, Bauarbeiten",52.4402944293737,13.1999113855955
"A143","undefined--vi-zus.2025-05-23_18-36-02-000.f_009.de0","51.426090519569115,11.864188829637131,51.44971890093379,11.863302600015","51.426090519569115,11.864188829637131","WARNING","A143 | Halle-Süd - Teutschenthal"," Halle-Süd -> Halle Nord",NA,NA,NA,2025-05-23,"Beginn: 23.05.25 um 18:36 Uhr  Zusammengesetzte Verkehrsinformation, seit 23.05.2025, 18:36 A143: Halle-Süd -> Halle Nord, zwischen 2.5 km hinter AD Halle-Süd und 0.2 km vor AS Teutschenthal  Gefahr durch Gegenstände auf der Fahrbahn  A143 Westumfahrung Halle, Halle-Süd Richtung Halle Nord zwischen Holleben und Teutschenthal Gefahr durch Gegenstände (mehrere Plastikteile) auf allen Fahrstreifen, Gefahr durch defekten PKW auf dem Standstreifen, fahren Sie bitte besonders vorsichtig, Polizei ist benachrichtigt",51.4260905195691,11.8641888296371
