"road","identifier","extent","point","display_type","title","subtitle","delay_minutes","abnormalTrafficType","averageSpeed","startTimestamp","description","latitude","longitude"
"A1","undefined--vi-hind.2025-05-24_15-17-21-000.f_002.de0","50.75987208087335,6.817796621082243,50.760965902626495,6.818522262894252","50.75987208087335,6.817796621082243","WARNING","A1 | Weilerswist-West - Bliesheim"," Euskirchen -> Köln",NA,NA,NA,2025-05-24,"Beginn: 24.05.25 um 15:17 Uhr  Fahrzeug-Hindernis, seit 24.05.2025, 15:17 A1: Euskirchen -> Köln, zwischen 0.9 km hinter AS Weilerswist-West und 1.2 km vor AK Bliesheim Gefahr durch ein defektes Fahrzeug auf der Fahrbahn",50.7598720808734,6.81779662108224
"A1","undefined--vi-unf.2025-05-24_16-18-13-000.f.de0","50.82575993267839,6.785942283990264,50.836726143455515,6.795667391365602","50.82575993267839,6.785942283990264","WARNING","A1 | Erfttal - Hürth"," Euskirchen -> Köln",NA,NA,NA,2025-05-24,"Beginn: 24.05.25 um 16:18 Uhr  Unfall, seit 24.05.2025, 16:18 A1: Euskirchen -> Köln, zwischen 1.0 km hinter AD Erfttal und 1.4 km vor AS Hürth",50.8257599326784,6.78594228399026
"A1","undefined--vi-zus.2025-05-24_08-41-30-000.f_002.de0","50.81735547053838,6.7859530250572195,50.831407159946515,6.78979842550759","50.81735547053838,6.7859530250572195","WARNING","A1 | Erfttal - Hürth"," Euskirchen -> Köln",3,"STATIONARY_TRAFFIC","22",2025-05-24,"Beginn: 24.05.25 um 08:41 Uhr  Zusammengesetzte Verkehrsinformation, seit 24.05.2025, 08:41 A1: Euskirchen -> Köln, zwischen 0.1 km hinter AD Erfttal und 2.1 km vor AS Hürth  Im Stillstand Reisezeitverlust: 3 Minuten Durchschnittsgeschwindigkeit: 22 km/h",50.8173554705384,6.78595302505722
"A1","undefined--vi-avl.2025-05-24_16-19-23-000.f_001.de0","50.81735547053838,6.7859530250572195,50.81735547053838,6.7859530250572195","50.81735547053838,6.7859530250572195","WARNING","A1 | Hürth - Hürth"," Euskirchen -> Köln",NA,"STATIONARY_TRAFFIC","22",2025-05-24,"Beginn: 24.05.25 um 16:31 Uhr  Angespannte Verkehrslage, seit 24.05.2025, 16:31 A1: Euskirchen -> Köln, 3.8 km vor AS Hürth, aus Richtung Erfttal  Im Stillstand Durchschnittsgeschwindigkeit: 22 km/h",50.8173554705384,6.78595302505722
"A1","undefined--vi-avl.2025-05-24_10-26-00-000.f.de0","51.036647895516005,6.96565644332216,51.03791957526289,6.981986465302468","51.036647895516005,6.96565644332216","WARNING","A1 | Leverkusen-West - Leverkusen"," Köln -> Dortmund",2,"QUEUING_TRAFFIC","23.600000381469727",2025-05-24,"Beginn: 24.05.25 um 10:26 Uhr  Angespannte Verkehrslage, seit 24.05.2025, 10:26 A1: Köln -> Dortmund, zwischen 0.1 km hinter AK Leverkusen-West und 1.9 km vor AK Leverkusen  Stockender Verkehr Reisezeitverlust: 2 Minuten Durchschnittsgeschwindigkeit: 23 km/h",51.036647895516,6.96565644332216
"A1","undefined--vi-avl.2025-05-24_15-29-27-000.f_001.de0","51.03668844370176,6.965732774883034,51.03668844370176,6.965732774883034","51.03668844370176,6.965732774883034","WARNING","A1 | Leverkusen - Leverkusen"," Köln -> Dortmund",NA,"QUEUING_TRAFFIC","13",2025-05-24,"Beginn: 24.05.25 um 16:31 Uhr  Angespannte Verkehrslage, seit 24.05.2025, 16:31 A1: Köln -> Dortmund, 3.1 km vor AK Leverkusen, aus Richtung Leverkusen-West  Stockender Verkehr Durchschnittsgeschwindigkeit: 13 km/h",51.0366884437018,6.96573277488303
"A1","undefined--vi-hind.2025-05-24_16-15-52-000.f_001.de0","52.97203620092358,8.614797299999854,52.91569030355023,8.451380829059747","52.97203620092358,8.614797299999854","WARNING","A1 | Groß Ippener - Wildeshausen"," Bremen -> Osnabrück",NA,NA,NA,2025-05-24,"Beginn: 24.05.25 um 16:15 Uhr  Hindernis, seit 24.05.2025, 16:15 A1: Bremen -> Osnabrück, zwischen 0.2 km hinter AS Groß Ippener und 1.7 km vor Wildeshausen  Gefahr durch Gegenstände auf der Fahrbahn",52.9720362009236,8.61479729999985
"A1","undefined--vi-avl.2025-05-24_16-23-15-000.f.de0","52.988191442308405,8.6459877231646,52.988191442308405,8.6459877231646","52.988191442308405,8.6459877231646","WARNING","A1 | Groß Ippener - Groß Ippener"," Bremen -> Osnabrück",NA,"STATIONARY_TRAFFIC","11",2025-05-24,"Beginn: 24.05.25 um 16:31 Uhr  Angespannte Verkehrslage, seit 24.05.2025, 16:31 A1: Bremen -> Osnabrück, 2.5 km vor AS Groß Ippener, aus Richtung Mackenstedter Heide  Im Stillstand Durchschnittsgeschwindigkeit: 11 km/h",52.9881914423084,8.6459877231646
"A1","undefined--vi-zus.2025-05-24_16-12-10-000.f.de0","52.98827349185765,8.646145860256572,52.97024331370598,8.610687091957208","52.98827349185765,8.646145860256572","WARNING","A1 | Mackenstedter Heide - Delmetal-Nord"," Bremen -> Osnabrück",16,"STATIONARY_TRAFFIC","10.600000381469727",2025-05-24,"Beginn: 24.05.25 um 16:12 Uhr  Zusammengesetzte Verkehrsinformation, seit 24.05.2025, 16:12 A1: Bremen -> Osnabrück, zwischen 1.8 km hinter Mackenstedter Heide und 4.0 km vor Delmetal-Nord  Im Stillstand Reisezeitverlust: 16 Minuten Durchschnittsgeschwindigkeit: 10 km/h  Gefahr durch Gegenstände auf der Fahrbahn",52.9882734918576,8.64614586025657
"A1","undefined--vi-avl.2025-05-24_09-12-30-000.f_006.de0","53.02775080092316,8.937672699999975,53.02775080092316,8.937672699999975","53.02775080092316,8.937672699999975","WARNING","A1 | Bremen-Hemelingen - Bremen-Hemelingen"," Bremen -> Osnabrück",NA,"STATIONARY_TRAFFIC","17",2025-05-24,"Beginn: 24.05.25 um 16:31 Uhr  Angespannte Verkehrslage, seit 24.05.2025, 16:31 A1: Bremen -> Osnabrück, 3.7 km vor AS Bremen-Hemelingen, aus Richtung Mahndorfer Marsch  Im Stillstand Durchschnittsgeschwindigkeit: 17 km/h",53.0277508009232,8.93767269999998
"A1","undefined--vi-avl.2025-05-24_08-54-30-000.f_004.de0","53.02775080092316,8.937672699999975,53.031460453437994,8.864211532227444","53.02775080092316,8.937672699999975","WARNING","A1 | Mahndorfer Marsch - Bremen-Arsten"," Bremen -> Osnabrück",16,"STATIONARY_TRAFFIC","16.799999237060547",2025-05-24,"Beginn: 24.05.25 um 08:54 Uhr  Angespannte Verkehrslage, seit 24.05.2025, 08:54 A1: Bremen -> Osnabrück, zwischen 0.5 km hinter Mahndorfer Marsch und 0.4 km vor AS Bremen-Arsten  Im Stillstand Reisezeitverlust: 16 Minuten Durchschnittsgeschwindigkeit: 16 km/h",53.0277508009232,8.93767269999998
"A1","undefined--vi-hind.2025-05-24_15-12-11-000.f_002.de0","53.39650380092029,10.024894700000482,53.39650380092029,10.024894700000482","53.39650380092029,10.024894700000482","WARNING","A1 | Hamburg-Harburg - Maschener Kreuz"," Hamburg -> Bremen",NA,NA,NA,2025-05-24,"Beginn: 24.05.25 um 15:12 Uhr  Fahrzeug-Hindernis, seit 24.05.2025, 15:12 A1: Hamburg -> Bremen, zwischen 7.9 km hinter AS Hamburg-Harburg und 0.4 km vor AK Maschener Kreuz Gefahr durch ein defektes Fahrzeug auf der Fahrbahn",53.3965038009203,10.0248947000005
"A2","undefined--vi-avl.2025-05-24_10-23-55-000.f_006.de0","51.5386298801034,6.843310174342619,51.5389081497909,6.866825447097448","51.5386298801034,6.843310174342619","WARNING","A2 | Oberhausen - Oberhausen-Königshardt"," Oberhausen -> Dortmund",1,"SLOW_TRAFFIC","46",2025-05-24,"Beginn: 24.05.25 um 10:23 Uhr  Angespannte Verkehrslage, seit 24.05.2025, 10:23 A2: Oberhausen -> Dortmund, zwischen 0.6 km hinter AK Oberhausen und 0.2 km vor AS Oberhausen-Königshardt  Langsamer Verkehr Reisezeitverlust: 1 Minuten Durchschnittsgeschwindigkeit: 46 km/h",51.5386298801034,6.84331017434262
"A2","undefined--vi-avl.2025-05-24_16-25-19-000.f_004.de0","51.5528596507774,6.92001529749866,51.5528596507774,6.92001529749866","51.5528596507774,6.92001529749866","WARNING","A2 | Bottrop - Bottrop"," Dortmund -> Oberhausen",NA,"QUEUING_TRAFFIC","14",2025-05-24,"Beginn: 24.05.25 um 16:31 Uhr  Angespannte Verkehrslage, seit 24.05.2025, 16:31 A2: Dortmund -> Oberhausen, 0.4 km vor AS Bottrop, aus Richtung Bottrop  Stockender Verkehr Durchschnittsgeschwindigkeit: 14 km/h",51.5528596507774,6.92001529749866
"A2","undefined--vi-avl.2025-05-24_11-40-46-000.f_005.de0","51.552865685685816,6.920025984571161,51.54039242779957,6.884110885628933","51.552865685685816,6.920025984571161","WARNING","A2 | Bottrop - Oberhausen-Königshardt"," Dortmund -> Oberhausen",2,"QUEUING_TRAFFIC","37.29999923706055",2025-05-24,"Beginn: 24.05.25 um 11:40 Uhr  Angespannte Verkehrslage, seit 24.05.2025, 11:40 A2: Dortmund -> Oberhausen, zwischen 0.5 km hinter AD Bottrop und 1.0 km vor AS Oberhausen-Königshardt  Stockender Verkehr Reisezeitverlust: 2 Minuten Durchschnittsgeschwindigkeit: 37 km/h",51.5528656856858,6.92002598457116
"A2","undefined--vi-hind.2025-05-24_16-32-14-000.f.de0","51.94671963540282,8.55166915322068,51.95124440093063,8.564076399999855","51.94671963540282,8.55166915322068","WARNING","A2 | Bielefeld - Bielefeld-Süd"," Dortmund -> Hannover",NA,NA,NA,2025-05-24,"Beginn: 24.05.25 um 16:32 Uhr  Hindernis, seit 24.05.2025, 16:32 A2: Dortmund -> Hannover, zwischen 0.7 km hinter AK Bielefeld und 0.6 km vor AS Bielefeld-Süd  Gefahr durch Gegenstände auf der Fahrbahn",51.9467196354028,8.55166915322068
"A2","undefined--vi-hind.2025-05-24_16-24-51-000.f_002.de0","52.22146490092886,9.109920300000047,52.22161630412692,9.10175009504698","52.22146490092886,9.109920300000047","WARNING","A2 | Bad Eilsen-Ost - Papenbrink"," Hannover -> Dortmund",NA,NA,NA,2025-05-24,"Beginn: 24.05.25 um 16:24 Uhr  Hindernis, seit 24.05.2025, 16:24 A2: Hannover -> Dortmund, zwischen 1.1 km hinter AS Bad Eilsen-Ost und 3.3 km vor Papenbrink  Gefahr durch Gegenstände auf der Fahrbahn",52.2214649009289,9.10992030000005
"A2","undefined--vi-hind.2025-05-24_15-53-31-000.f_004.de0","52.189863089015034,11.627434933966438,52.18947927816399,11.626737411167637","52.189863089015034,11.627434933966438","WARNING","A2 | Magdeburg-Rothensee - Magdeburg-Zentrum"," Berliner Ring -> Braunschweig",NA,NA,NA,2025-05-24,"Beginn: 24.05.25 um 15:53 Uhr  Fahrzeug-Hindernis, seit 24.05.2025, 15:53 A2: Berliner Ring -> Braunschweig, zwischen 3.6 km hinter AS Magdeburg-Rothensee und 0.7 km vor AS Magdeburg-Zentrum Gefahr durch ein defektes Fahrzeug auf der Fahrbahn",52.189863089015,11.6274349339664
"A3","undefined--vi-unf.2025-05-24_16-30-11-000.f_001.de0","49.90522330094155,9.375256600000094,49.93592120094143,9.34747840000009","49.90522330094155,9.375256600000094","WARNING","A3 | Rohrbrunn - Weibersbrunn"," Würzburg -> Frankfurt",NA,NA,NA,2025-05-24,"Beginn: 24.05.25 um 16:30 Uhr  Unfall, seit 24.05.2025, 16:30 A3: Würzburg -> Frankfurt, zwischen 1.4 km hinter AS Rohrbrunn und 0.3 km vor AS Weibersbrunn",49.9052233009416,9.37525660000009
"A3","undefined--vi-unf.2025-05-24_16-30-11-000.f.de0","49.90522330094155,9.375256600000094,49.93592120094143,9.34747840000009","49.90522330094155,9.375256600000094","WARNING","A3 | Rohrbrunn - Weibersbrunn"," Würzburg -> Frankfurt",NA,NA,NA,2025-05-24,"Beginn: 24.05.25 um 16:30 Uhr  Unfall, seit 24.05.2025, 16:30 A3: Würzburg -> Frankfurt, zwischen 1.4 km hinter AS Rohrbrunn und 0.3 km vor AS Weibersbrunn",49.9052233009416,9.37525660000009
"A3","undefined--vi-avl.2025-05-24_16-08-20-000.f_006.de0","50.06112048290465,8.670290473796168,50.06112048290465,8.670290473796168","50.06112048290465,8.670290473796168","WARNING","A3 | Offenbacher Kreuz - Offenbacher Kreuz"," Frankfurt -> Würzburg",NA,"STATIONARY_TRAFFIC","9",2025-05-24,"Beginn: 24.05.25 um 16:31 Uhr  Angespannte Verkehrslage, seit 24.05.2025, 16:31 A3: Frankfurt -> Würzburg, 4.1 km vor AK Offenbacher Kreuz, aus Richtung Frankfurt am Main-Süd  Im Stillstand Durchschnittsgeschwindigkeit: 9 km/h",50.0611204829046,8.67029047379617
"A3","undefined--vi-avl.2025-05-24_16-04-09-000.f_005.de0","50.06112048290465,8.670290473796168,50.0636343674122,8.713242574914336","50.06112048290465,8.670290473796168","WARNING","A3 | Frankfurt am Main-Süd - Offenbacher Kreuz"," Frankfurt -> Würzburg",8,"STATIONARY_TRAFFIC","18.600000381469727",2025-05-24,"Beginn: 24.05.25 um 16:04 Uhr  Angespannte Verkehrslage, seit 24.05.2025, 16:04 A3: Frankfurt -> Würzburg, zwischen 1.6 km hinter AS Frankfurt am Main-Süd und 1.0 km vor AK Offenbacher Kreuz  Im Stillstand Reisezeitverlust: 8 Minuten Durchschnittsgeschwindigkeit: 18 km/h",50.0611204829046,8.67029047379617
"A3","undefined--vi-avl.2025-05-24_16-14-40-000.f.de0","50.988459687364724,7.013281338558663,51.036840534929716,7.008898808925882","50.988459687364724,7.013281338558663","WARNING","A3 | Köln-Mülheim - Leverkusen"," Köln -> Oberhausen",6,"QUEUING_TRAFFIC","32.70000076293945",2025-05-24,"Beginn: 24.05.25 um 16:14 Uhr  Angespannte Verkehrslage, seit 24.05.2025, 16:14 A3: Köln -> Oberhausen, zwischen 0.6 km hinter AS Köln-Mülheim und 0.6 km vor AK Leverkusen  Stockender Verkehr Reisezeitverlust: 6 Minuten Durchschnittsgeschwindigkeit: 32 km/h",50.9884596873647,7.01328133855866
"A3","undefined--vi-avl.2025-05-24_15-55-43-000.f_003.de0","51.09146856249694,6.988598089187341,51.14649379841583,6.968613341881499","51.09146856249694,6.988598089187341","WARNING","A3 | Reusrather Heide - Ohligser Heide"," Köln -> Oberhausen",6,"SLOW_TRAFFIC","39",2025-05-24,"Beginn: 24.05.25 um 15:55 Uhr  Angespannte Verkehrslage, seit 24.05.2025, 15:55 A3: Köln -> Oberhausen, zwischen 0.7 km hinter Reusrather Heide und 1.4 km vor Ohligser Heide  Langsamer Verkehr Reisezeitverlust: 6 Minuten Durchschnittsgeschwindigkeit: 39 km/h",51.0914685624969,6.98859808918734
"A3","undefined--vi-avl.2025-05-24_16-33-12-000.f_002.de0","51.47628557464827,6.814726950395288,51.47628557464827,6.814726950395288","51.47628557464827,6.814726950395288","WARNING","A3 | Oberhausen-Lirich - Oberhausen-Lirich"," Oberhausen -> Köln",NA,"SLOW_TRAFFIC","21",2025-05-24,"Beginn: 24.05.25 um 16:33 Uhr  Angespannte Verkehrslage, seit 24.05.2025, 16:33 A3: Oberhausen -> Köln, 0.1 km vor AS Oberhausen-Lirich, aus Richtung Oberhausen-West  Langsamer Verkehr Durchschnittsgeschwindigkeit: 21 km/h",51.4762855746483,6.81472695039529
"A3","undefined--vi-avl.2025-05-24_11-58-23-000.f_006.de0","51.47872559176727,6.813668232443106,51.45978529131539,6.807912099495155","51.47872559176727,6.813668232443106","WARNING","A3 | Oberhausen-West - Kaiserberg"," Oberhausen -> Köln",1,"SLOW_TRAFFIC","41.099998474121094",2025-05-24,"Beginn: 24.05.25 um 11:58 Uhr  Angespannte Verkehrslage, seit 24.05.2025, 11:58 A3: Oberhausen -> Köln, zwischen 1.0 km hinter AK Oberhausen-West und 1.8 km vor AK Kaiserberg  Langsamer Verkehr Reisezeitverlust: 1 Minuten Durchschnittsgeschwindigkeit: 41 km/h",51.4787255917673,6.81366823244311
"A3","undefined--vi-avl.2025-05-24_16-09-19-000.f_003.de0","51.51105338732623,6.819692610638792,51.53193199072161,6.822896983858008","51.51105338732623,6.819692610638792","WARNING","A3 | Oberhausen-West - Oberhausen"," Köln -> Arnheim",2,"SLOW_TRAFFIC","43.900001525878906",2025-05-24,"Beginn: 24.05.25 um 16:09 Uhr  Angespannte Verkehrslage, seit 24.05.2025, 16:09 A3: Köln -> Arnheim, zwischen 2.8 km hinter AK Oberhausen-West und 1.0 km vor AK Oberhausen  Langsamer Verkehr Reisezeitverlust: 2 Minuten Durchschnittsgeschwindigkeit: 43 km/h",51.5110533873262,6.81969261063879
"A4","undefined--vi-zus.2025-05-24_16-07-14-000.f_002.de0","50.88828072972216,6.932411857352662,50.8944794610657,6.918420191363288","50.88828072972216,6.932411857352662","WARNING","A4 | Köln-Süd - Köln-Klettenberg"," Köln -> Heerlen/Aachen",0,"SLOW_TRAFFIC","58.400001525878906",2025-05-24,"Beginn: 24.05.25 um 16:07 Uhr  Zusammengesetzte Verkehrsinformation, seit 24.05.2025, 16:07 A4: Köln -> Heerlen/Aachen, zwischen 2.6 km hinter AK Köln-Süd und 0.8 km vor AS Köln-Klettenberg  Langsamer Verkehr Reisezeitverlust: 0 Minuten Durchschnittsgeschwindigkeit: 58 km/h",50.8882807297222,6.93241185735266
"A4","undefined--vi-avl.2025-05-24_16-27-38-000.f.de0","50.97350158825905,7.46770564980474,50.97370473875892,7.517117338756747","50.97350158825905,7.46770564980474","WARNING","A4 | Bielstein - Gummersbach"," Köln -> Olpe",3,"SLOW_TRAFFIC","38.70000076293945",2025-05-24,"Beginn: 24.05.25 um 16:27 Uhr  Angespannte Verkehrslage, seit 24.05.2025, 16:27 A4: Köln -> Olpe, zwischen 0.3 km hinter AS Bielstein und 0.6 km vor AS Gummersbach  Langsamer Verkehr Reisezeitverlust: 3 Minuten Durchschnittsgeschwindigkeit: 38 km/h",50.973501588259,7.46770564980474
"A4","undefined--vi-avl.2025-05-24_16-31-07-000.f_005.de0","50.97349720387433,7.467733272373893,50.97349720387433,7.467733272373893","50.97349720387433,7.467733272373893","WARNING","A4 | Wiehltalbrücke - Wiehltalbrücke"," Köln -> Olpe",NA,"SLOW_TRAFFIC","14",2025-05-24,"Beginn: 24.05.25 um 16:31 Uhr  Angespannte Verkehrslage, seit 24.05.2025, 16:31 A4: Köln -> Olpe, 1.5 km vor Wiehltalbrücke, aus Richtung Bielstein  Langsamer Verkehr Durchschnittsgeschwindigkeit: 14 km/h",50.9734972038743,7.46773327237389
"A4","undefined--vi-avl.2025-05-24_15-44-16-000.f_002.de0","50.97113159053422,7.550299208132245,50.97113159053422,7.550299208132245","50.97113159053422,7.550299208132245","WARNING","A4 | Gummersbach - Gummersbach"," Olpe -> Köln",NA,"STATIONARY_TRAFFIC","8",2025-05-24,"Beginn: 24.05.25 um 16:31 Uhr  Angespannte Verkehrslage, seit 24.05.2025, 16:31 A4: Olpe -> Köln, 1.7 km vor AS Gummersbach, aus Richtung Morkepütz  Im Stillstand Durchschnittsgeschwindigkeit: 8 km/h",50.9711315905342,7.55029920813224
"A4","undefined--vi-avl.2025-05-24_09-27-00-000.f.de0","50.971150654700466,7.550087744757236,50.97557861723566,7.498310337978548","50.971150654700466,7.550087744757236","WARNING","A4 | Morkepütz - Wiehltalbrücke"," Olpe -> Köln",7,"STATIONARY_TRAFFIC","22.100000381469727",2025-05-24,"Beginn: 24.05.25 um 09:27 Uhr  Angespannte Verkehrslage, seit 24.05.2025, 09:27 A4: Olpe -> Köln, zwischen Morkepütz und 0.7 km vor Wiehltalbrücke  Im Stillstand Reisezeitverlust: 7 Minuten Durchschnittsgeschwindigkeit: 22 km/h",50.9711506547005,7.55008774475724
"A4","undefined--vi-zus.2025-05-24_15-41-36-000.f.de0","51.058905137837044,13.39985508972082,51.059011963807265,13.443736678284287","51.058905137837044,13.39985508972082","WARNING","A4 | Nossen - Wilsdruff"," Chemnitz -> Dresden",9,"STATIONARY_TRAFFIC","17",2025-05-24,"Beginn: 24.05.25 um 15:41 Uhr  Zusammengesetzte Verkehrsinformation, seit 24.05.2025, 15:41 A4: Chemnitz -> Dresden, zwischen 2.4 km hinter AD Nossen und 5.9 km vor AS Wilsdruff  Im Stillstand Reisezeitverlust: 9 Minuten Durchschnittsgeschwindigkeit: 17 km/h",51.058905137837,13.3998550897208
"A4","undefined--vi-unf.2025-05-24_15-15-04-000.f_006.de0","51.05773421977283,13.436111686587568,51.06057774145035,13.452963412976471","51.05773421977283,13.436111686587568","WARNING","A4 | Nossen - Wilsdruff"," Chemnitz -> Dresden",NA,NA,NA,2025-05-24,"Beginn: 24.05.25 um 15:15 Uhr  Unfall, seit 24.05.2025, 15:15 A4: Chemnitz -> Dresden, zwischen 5.1 km hinter AD Nossen und 5.2 km vor AS Wilsdruff",51.0577342197728,13.4361116865876
"A4","undefined--vi-avl.2025-05-24_15-43-15-000.f_005.de0","51.058905137837044,13.39985508972082,51.058905137837044,13.39985508972082","51.058905137837044,13.39985508972082","WARNING","A4 | Wilsdruff - Wilsdruff"," Chemnitz -> Dresden",NA,"STATIONARY_TRAFFIC","16",2025-05-24,"Beginn: 24.05.25 um 16:31 Uhr  Angespannte Verkehrslage, seit 24.05.2025, 16:31 A4: Chemnitz -> Dresden, 9.1 km vor AS Wilsdruff, aus Richtung Nossen  Im Stillstand Durchschnittsgeschwindigkeit: 16 km/h",51.058905137837,13.3998550897208
"A5","undefined--vi-avl.2025-05-24_09-28-30-000.f.de0","48.891446001330294,8.299708092828427,48.90123030843058,8.336190859763544","48.891446001330294,8.299708092828427","WARNING","A5 | Schleifweg - Karlsruhe-Süd"," Basel -> Karlsruhe",4,"STATIONARY_TRAFFIC","32.29999923706055",2025-05-24,"Beginn: 24.05.25 um 09:28 Uhr  Angespannte Verkehrslage, seit 24.05.2025, 09:28 A5: Basel -> Karlsruhe, zwischen 0.8 km hinter Schleifweg und 7.4 km vor AS Karlsruhe-Süd  Im Stillstand Reisezeitverlust: 4 Minuten Durchschnittsgeschwindigkeit: 32 km/h",48.8914460013303,8.29970809282843
"A5","undefined--vi-avl.2025-05-24_16-33-12-000.f.de0","48.89214313283401,8.302311887603814,48.89214313283401,8.302311887603814","48.89214313283401,8.302311887603814","WARNING","A5 | Karlsruhe-Süd - Karlsruhe-Süd"," Basel -> Karlsruhe",NA,"STATIONARY_TRAFFIC","23",2025-05-24,"Beginn: 24.05.25 um 16:33 Uhr  Angespannte Verkehrslage, seit 24.05.2025, 16:33 A5: Basel -> Karlsruhe, 10.1 km vor AS Karlsruhe-Süd, aus Richtung Schleifweg  Im Stillstand Durchschnittsgeschwindigkeit: 23 km/h",48.892143132834,8.30231188760381
"A5","undefined--vi-zus.2025-05-24_15-43-15-000.f.de0","50.132473438795614,8.59004909378519,50.11937078364495,8.595746014268254","50.132473438795614,8.59004909378519","WARNING","A5 | Nordwestkreuz Frankfurt am Main - Westkreuz Frankfurt am Main"," Kassel -> Frankfurt",NA,NA,NA,2025-05-24,"Beginn: 24.05.25 um 15:43 Uhr  Zusammengesetzte Verkehrsinformation, seit 24.05.2025, 15:43 A5: Kassel -> Frankfurt, zwischen 0.3 km hinter AK Nordwestkreuz Frankfurt am Main und 0.6 km vor AK Westkreuz Frankfurt am Main  Gefahr durch eine ungesicherte Unfallstelle  A5 Kassel Richtung Frankfurt zwischen Nordwestkreuz Frankfurt und Westkreuz Frankfurt Gefahr durch ungesicherte Unfallstelle",50.1324734387956,8.59004909378519
"A5","undefined--vi-avl.2025-05-24_15-34-13-000.f_004.de0","50.15668548948893,8.602786488441343,50.13809250094052,8.592524999999887","50.15668548948893,8.602786488441343","WARNING","A5 | Bad Homburger Kreuz - Nordwestkreuz Frankfurt am Main"," Kassel -> Frankfurt",1,"QUEUING_TRAFFIC","44",2025-05-24,"Beginn: 24.05.25 um 15:34 Uhr  Angespannte Verkehrslage, seit 24.05.2025, 15:34 A5: Kassel -> Frankfurt, zwischen 5.9 km hinter AK Bad Homburger Kreuz und 0.4 km vor AK Nordwestkreuz Frankfurt am Main  Stockender Verkehr Reisezeitverlust: 1 Minuten Durchschnittsgeschwindigkeit: 44 km/h",50.1566854894889,8.60278648844134
"A5","undefined--vi-hind.2025-05-24_16-29-44-000.f_003.de0","50.568344551319434,8.797650211579048,50.56982934418044,8.798890093801699","50.568344551319434,8.797650211579048","WARNING","A5 | Fernwald - Reiskirchen"," Frankfurt -> Kassel",NA,NA,NA,2025-05-24,"Beginn: 24.05.25 um 16:29 Uhr  Fahrzeug-Hindernis, seit 24.05.2025, 16:29 A5: Frankfurt -> Kassel, zwischen 2.8 km hinter AS Fernwald und 3.0 km vor AS Reiskirchen Gefahr durch ein defektes Fahrzeug auf der Fahrbahn",50.5683445513194,8.79765021157905
"A5","undefined--vi-zus.2025-05-24_05-14-00-000.f.de0","50.781674812385624,9.411751511770445,50.789023348616745,9.442990174700048","50.781674812385624,9.411751511770445","WARNING","A5 | Berfa - Frohnkreuz"," Frankfurt -> Kassel",0,"SLOW_TRAFFIC","67.5999984741211",2025-05-24,"Beginn: 24.05.25 um 05:14 Uhr  Zusammengesetzte Verkehrsinformation, seit 24.05.2025, 05:14 A5: Frankfurt -> Kassel, zwischen 4.5 km hinter Berfa und 0.2 km vor Frohnkreuz  Langsamer Verkehr Reisezeitverlust: 0 Minuten Durchschnittsgeschwindigkeit: 67 km/h",50.7816748123856,9.41175151177045
"A5","undefined--vi-avl.2025-05-24_16-25-19-000.f_002.de0","47.59137531232784,7.603586072107891,47.59137531232784,7.603586072107891","47.59137531232784,7.603586072107891","WARNING","Baustelle","",NA,"STATIONARY_TRAFFIC","5",2025-05-24,"Beginn: 24.05.25 um 16:31 Uhr  Angespannte Verkehrslage, seit 24.05.2025, 16:31 A5 N  Im Stillstand Durchschnittsgeschwindigkeit: 5 km/h",47.5913753123278,7.60358607210789
"A5","undefined--vi-avl.2025-05-24_16-17-16-000.f_002.de0","47.591446135083636,7.603605016362044,47.59717485194939,7.60348937430167","47.591446135083636,7.603605016362044","WARNING","Baustelle"," km 813.46 --> km 812.82",3,"STATIONARY_TRAFFIC","9.199999809265137",2025-05-24,"Beginn: 24.05.25 um 16:17 Uhr  Angespannte Verkehrslage, seit 24.05.2025, 16:17 A5: km 813.46 --> km 812.82  Im Stillstand Reisezeitverlust: 3 Minuten Durchschnittsgeschwindigkeit: 9 km/h",47.5914461350836,7.60360501636204
"A6","undefined--vi-avl.2025-05-24_10-13-15-000.f_007.de0","49.164791760139686,9.270216954262398,49.16033100772083,9.28441373670121","49.164791760139686,9.270216954262398","WARNING","A6 | Sulmtal - Weinsberg"," Heilbronn -> Nürnberg",1,"STATIONARY_TRAFFIC","30.200000762939453",2025-05-24,"Beginn: 24.05.25 um 10:13 Uhr  Angespannte Verkehrslage, seit 24.05.2025, 10:13 A6: Heilbronn -> Nürnberg, zwischen 1.1 km hinter Sulmtal und 1.2 km vor AK Weinsberg  Im Stillstand Reisezeitverlust: 1 Minuten Durchschnittsgeschwindigkeit: 30 km/h",49.1647917601397,9.2702169542624
"A6","undefined--vi-avl.2025-05-24_16-31-07-000.f.de0","49.16475402650778,9.27035644088179,49.16475402650778,9.27035644088179","49.16475402650778,9.27035644088179","WARNING","A6 | Weinsberg - Weinsberg"," Heilbronn -> Nürnberg",NA,"STATIONARY_TRAFFIC","19",2025-05-24,"Beginn: 24.05.25 um 16:31 Uhr  Angespannte Verkehrslage, seit 24.05.2025, 16:31 A6: Heilbronn -> Nürnberg, 2.3 km vor AK Weinsberg, aus Richtung Sulmtal  Im Stillstand Durchschnittsgeschwindigkeit: 19 km/h",49.1647540265078,9.27035644088179
"A6","undefined--vi-avl.2025-05-24_10-04-30-000.f_007.de0","49.16129567689441,9.281988499662617,49.16129567689441,9.281988499662617","49.16129567689441,9.281988499662617","WARNING","A6 | Weinsberg - Weinsberg"," Heilbronn -> Nürnberg",NA,"STATIONARY_TRAFFIC","8",2025-05-24,"Beginn: 24.05.25 um 16:31 Uhr  Angespannte Verkehrslage, seit 24.05.2025, 16:31 A6: Heilbronn -> Nürnberg, 1.4 km vor AK Weinsberg, aus Richtung Sulmtal  Im Stillstand Durchschnittsgeschwindigkeit: 8 km/h",49.1612956768944,9.28198849966262
"A6","undefined--vi-hind.2025-05-24_15-48-26-000.f_004.de0","49.24994958074914,10.631732608259716,49.24980545091238,10.629314981492522","49.24994958074914,10.631732608259716","WARNING","A6 | Kohnweiher - Hohe Fichte"," Nürnberg -> Heilbronn",NA,NA,NA,2025-05-24,"Beginn: 24.05.25 um 15:48 Uhr  Fahrzeug-Hindernis, seit 24.05.2025, 15:48 A6: Nürnberg -> Heilbronn, zwischen 2.2 km hinter Kohnweiher und 1.3 km vor Hohe Fichte Gefahr durch ein defektes Fahrzeug auf der Fahrbahn",49.2499495807491,10.6317326082597
"A6","undefined--vi-hind.2025-05-24_15-51-07-000.f_002.de0","49.33176330094383,11.058416800003764,49.32307740094386,11.047661300003673","49.33176330094383,11.058416800003764","WARNING","A6 | Roth - Schwabach-Süd"," Nürnberg -> Heilbronn",NA,NA,NA,2025-05-24,"Beginn: 24.05.25 um 15:51 Uhr  Fahrzeug-Hindernis, seit 24.05.2025, 15:51 A6: Nürnberg -> Heilbronn, zwischen 0.3 km hinter AD Roth und 0.3 km vor AS Schwabach-Süd Gefahr durch ein defektes Fahrzeug auf der Fahrbahn",49.3317633009438,11.0584168000038
"A7","undefined--vi-zus.2025-05-24_15-25-02-000.f.de0","47.56743705942547,10.658961639081179,47.577037246669576,10.66215100562998","47.56743705942547,10.658961639081179","WARNING","A7 | Grenztunnel Füssen - Reinertshofertunnel"," Füssen/Reutte -> Ulm",7,"STATIONARY_TRAFFIC","8.100000381469727",2025-05-24,"Beginn: 24.05.25 um 15:25 Uhr  Zusammengesetzte Verkehrsinformation, seit 24.05.2025, 15:25 A7: Füssen/Reutte -> Ulm, zwischen 0.9 km hinter Grenztunnel Füssen und 2.7 km vor Reinertshofertunnel  Im Stillstand Reisezeitverlust: 7 Minuten Durchschnittsgeschwindigkeit: 8 km/h",47.5674370594255,10.6589616390812
"A7","undefined--vi-avl.2025-05-24_16-11-09-000.f_008.de0","47.56473943594951,10.658152192624788,47.56745471700362,10.658966743090671","47.56473943594951,10.658152192624788","WARNING","A7 | Grenztunnel Füssen - Füssen"," Füssen/Reutte -> Ulm",3,"STATIONARY_TRAFFIC","5.5",2025-05-24,"Beginn: 24.05.25 um 16:11 Uhr  Angespannte Verkehrslage, seit 24.05.2025, 16:11 A7: Füssen/Reutte -> Ulm, zwischen 0.6 km hinter Grenztunnel Füssen und 0.7 km vor AS Füssen  Im Stillstand Reisezeitverlust: 3 Minuten Durchschnittsgeschwindigkeit: 5 km/h",47.5647394359495,10.6581521926248
"A7","undefined--vi-avl.2025-05-24_15-25-02-000.f_007.de0","47.56745471700362,10.658966743090671,47.56745471700362,10.658966743090671","47.56745471700362,10.658966743090671","WARNING","A7 | Füssen - Füssen"," Füssen/Reutte -> Ulm",NA,"STATIONARY_TRAFFIC","3",2025-05-24,"Beginn: 24.05.25 um 16:19 Uhr  Angespannte Verkehrslage, seit 24.05.2025, 16:19 A7: Füssen/Reutte -> Ulm, 0.7 km vor AS Füssen, aus Richtung Grenztunnel Füssen  Im Stillstand Durchschnittsgeschwindigkeit: 3 km/h",47.5674547170036,10.6589667430907
"A7","undefined--vi-avl.2025-05-24_16-11-09-000.f_007.de0","47.56473943594951,10.658152192624788,47.56473943594951,10.658152192624788","47.56473943594951,10.658152192624788","WARNING","A7 | Füssen - Füssen"," Füssen/Reutte -> Ulm",NA,"STATIONARY_TRAFFIC","4",2025-05-24,"Beginn: 24.05.25 um 16:11 Uhr  Angespannte Verkehrslage, seit 24.05.2025, 16:11 A7: Füssen/Reutte -> Ulm, 1.0 km vor AS Füssen, aus Richtung Grenztunnel Füssen  Im Stillstand Durchschnittsgeschwindigkeit: 4 km/h",47.5647394359495,10.6581521926248
"A7","undefined--vi-zus.2025-05-24_16-13-37-000.f_002.de0","47.76416255216161,10.326221070909398,47.80841970094821,10.304619000000605","47.76416255216161,10.326221070909398","WARNING","A7 | Kempten-Leubas - Dietmannsried"," Füssen/Reutte -> Ulm",NA,NA,NA,2025-05-24,"Beginn: 24.05.25 um 16:13 Uhr  Zusammengesetzte Verkehrsinformation, seit 24.05.2025, 16:13 A7: Füssen/Reutte -> Ulm, zwischen 1.1 km hinter AS Kempten-Leubas und 0.3 km vor AS Dietmannsried  Gefahr durch Personen auf der Fahrbahn  A7 Füssen/Reutte Richtung Ulm zwischen Rastplatz Leubas und Dietmannsried Gefahr durch liegengebliebenes Fahrzeug, Gefahr durch Personen auf der Fahrbahn",47.7641625521616,10.3262210709094
"A7","undefined--vi-zus.2025-05-24_15-24-01-000.f_002.de0","48.86804579897248,10.176013431943488,48.889127211079334,10.167236459526585","48.86804579897248,10.176013431943488","WARNING","A7 | Aalen/Oberkochen - Ellwangen"," Ulm -> Würzburg",0,"SLOW_TRAFFIC","66.80000305175781",2025-05-24,"Beginn: 24.05.25 um 15:24 Uhr  Zusammengesetzte Verkehrsinformation, seit 24.05.2025, 15:24 A7: Ulm -> Würzburg, zwischen 8.2 km hinter AS Aalen/Oberkochen und 8.0 km vor AS Ellwangen  Langsamer Verkehr Reisezeitverlust: 0 Minuten Durchschnittsgeschwindigkeit: 66 km/h",48.8680457989725,10.1760134319435
"A7","undefined--vi-hind.2025-05-24_16-19-52-000.f_001.de0","49.91151748839869,9.997839629699445,49.91151748839869,9.997839629699445","49.91151748839869,9.997839629699445","WARNING","A7 | Jobsttaler Hof - Gramschatzer Wald"," Fulda -> Würzburg",NA,NA,NA,2025-05-24,"Beginn: 24.05.25 um 16:19 Uhr  Fahrzeug-Hindernis, seit 24.05.2025, 16:19 A7: Fulda -> Würzburg, zwischen 1.5 km hinter Jobsttaler Hof und 0.1 km vor AS Gramschatzer Wald Gefahr durch ein defektes Fahrzeug auf der Fahrbahn",49.9115174883987,9.99783962969945
"A7","undefined--vi-hind.2025-05-24_14-41-23-000.f_007.de0","51.12390707820906,9.47882243923657,51.123366334220535,9.479658564915217","51.12390707820906,9.47882243923657","WARNING","A7 | Melsungen - Malsfeld"," Kassel -> Fulda",NA,NA,NA,2025-05-24,"Beginn: 24.05.25 um 14:41 Uhr  Fahrzeug-Hindernis, seit 24.05.2025, 14:41 A7: Kassel -> Fulda, zwischen AS Melsungen und 4.1 km vor AS Malsfeld Gefahr durch ein defektes Fahrzeug auf der Fahrbahn",51.1239070782091,9.47882243923657
"A7","undefined--vi-avl.2025-05-24_15-34-13-000.f_003.de0","52.52966105908118,9.810277818891233,52.498456106138384,9.829350193176676","52.52966105908118,9.810277818891233","WARNING","A7 | Hannover-Nord - Großburgwedel"," Hamburg -> Hannover",4,"QUEUING_TRAFFIC","36.5",2025-05-24,"Beginn: 24.05.25 um 15:34 Uhr  Angespannte Verkehrslage, seit 24.05.2025, 15:34 A7: Hamburg -> Hannover, zwischen 1.6 km hinter AD Hannover-Nord und 1.1 km vor AS Großburgwedel  Stockender Verkehr Reisezeitverlust: 4 Minuten Durchschnittsgeschwindigkeit: 36 km/h",52.5296610590812,9.81027781889123
"A7","undefined--vi-hind.2025-05-24_16-09-46-000.f.de0","52.52588689036597,9.813007858919535,52.524480226572436,9.81394894504423","52.52588689036597,9.813007858919535","WARNING","A7 | Hannover-Nord - Springhorst"," Hamburg -> Hannover",NA,NA,NA,2025-05-24,"Beginn: 24.05.25 um 16:09 Uhr  Hindernis, seit 24.05.2025, 16:09 A7: Hamburg -> Hannover, zwischen 2.0 km hinter AD Hannover-Nord und 2.0 km vor Springhorst  Gefahr durch eine ungesicherte Unfallstelle",52.525886890366,9.81300785891954
"A7","undefined--vi-zus.2025-03-31_00-40-00-000.f_018.de0","53.579141433849884,9.913430072127355,53.55636870091902,9.897540700000414","53.579141433849884,9.913430072127355","WARNING","A7 | Hamburg-Volkspark - Elbtunnel (Nordportal)"," Flensburg -> Hamburg",NA,NA,NA,2025-03-31,"Beginn: 31.03.25 um 00:40 Uhr  Zusammengesetzte Verkehrsinformation, seit 31.03.2025, 00:40 A7: Flensburg -> Hamburg, zwischen 0.4 km hinter AS Hamburg-Volkspark und 0.9 km vor Elbtunnel (Nordportal)  A7 Flensburg Richtung Hamburg Ausfahrt Hamburg-Othmarschen Fahrbahnverengung, maximale Fahrbahnbreite von 4,50 m, Bauarbeiten, bis 29.09.2025",53.5791414338499,9.91343007212735
"A7","undefined--vi-hind.2025-05-24_16-23-43-000.f_001.de0","53.597431269072075,9.923591821717865,53.611380125500865,9.916561213157914","53.597431269072075,9.923591821717865","WARNING","A7 | Hamburg-Stellingen - Hamburg-Nordwest"," Hamburg -> Flensburg",NA,NA,NA,2025-05-24,"Beginn: 24.05.25 um 16:23 Uhr  Hindernis, seit 24.05.2025, 16:23 A7: Hamburg -> Flensburg, zwischen 0.2 km hinter AS Hamburg-Stellingen und 0.5 km vor AD Hamburg-Nordwest  Gefahr durch Gegenstände auf der Fahrbahn",53.5974312690721,9.92359182171787
"A7","undefined--vi-hind.2025-05-24_16-04-09-000.f_008.de0","53.803638767735386,9.929095872474994,53.84782303314928,9.935351948846378","53.803638767735386,9.929095872474994","WARNING","A7 | Quickborn - Kaltenkirchen"," Hamburg -> Flensburg",NA,NA,NA,2025-05-24,"Beginn: 24.05.25 um 16:04 Uhr  Hindernis, seit 24.05.2025, 16:04 A7: Hamburg -> Flensburg, zwischen 6.8 km hinter AS Quickborn und 0.1 km vor AS Kaltenkirchen  Gefahr durch Gegenstände auf der Fahrbahn",53.8036387677354,9.92909587247499
"A7","undefined--vi-hind.2025-05-24_16-02-02-000.f_001.de0","53.83744804901366,9.927085709562574,53.82254840091683,9.923011600000432","53.83744804901366,9.927085709562574","WARNING","A7 | Kaltenkirchen - Moorkaten"," Flensburg -> Hamburg",NA,NA,NA,2025-05-24,"Beginn: 24.05.25 um 16:02 Uhr  Hindernis, seit 24.05.2025, 16:02 A7: Flensburg -> Hamburg, zwischen 1.3 km hinter AS Kaltenkirchen und 0.1 km vor Moorkaten",53.8374480490137,9.92708570956257
"A7","undefined--vi-avl.2025-05-24_15-58-25-000.f.de0","53.86214626875258,9.944908134820116,53.86214626875258,9.944908134820116","53.86214626875258,9.944908134820116","WARNING","A7 | Kaltenkirchen - Kaltenkirchen"," Flensburg -> Hamburg",NA,"STATIONARY_TRAFFIC","8",2025-05-24,"Beginn: 24.05.25 um 16:29 Uhr  Angespannte Verkehrslage, seit 24.05.2025, 16:29 A7: Flensburg -> Hamburg, 1.7 km vor AS Kaltenkirchen, aus Richtung Bad Bramstedt  Im Stillstand Durchschnittsgeschwindigkeit: 8 km/h",53.8621462687526,9.94490813482012
"A7","undefined--vi-zus.2025-05-24_16-03-00-000.f_002.de0","53.850748721660395,9.93781789284851,53.90491040091615,9.93698630000046","53.850748721660395,9.93781789284851","WARNING","A7 | Kaltenkirchen - Sielsbrook"," Hamburg -> Flensburg",NA,NA,NA,2025-05-24,"Beginn: 24.05.25 um 16:03 Uhr  Zusammengesetzte Verkehrsinformation, seit 24.05.2025, 16:03 A7: Hamburg -> Flensburg, zwischen 0.3 km hinter AS Kaltenkirchen und 2.1 km vor Sielsbrook  Gefahr durch Gegenstände auf der Fahrbahn  A7 Hamburg Richtung Flensburg zwischen Kaltenkirchen und Bad Bramstedt Gefahr durch Fahrzeugteile auf der Fahrbahn, Unfall, Polizei ist vor Ort",53.8507487216604,9.93781789284851
"A7","undefined--vi-zus.2025-05-24_15-55-14-000.f_001.de0","53.862023891158366,9.944858628970387,53.8268877787066,9.923301984683722","53.862023891158366,9.944858628970387","WARNING","A7 | Bad Bramstedt - Moorkaten"," Flensburg -> Hamburg",30,"STATIONARY_TRAFFIC","7.900000095367432",2025-05-24,"Beginn: 24.05.25 um 15:55 Uhr  Zusammengesetzte Verkehrsinformation, seit 24.05.2025, 15:55 A7: Flensburg -> Hamburg, zwischen 4.8 km hinter AS Bad Bramstedt und 0.6 km vor Moorkaten  Im Stillstand Reisezeitverlust: 30 Minuten Durchschnittsgeschwindigkeit: 7 km/h",53.8620238911584,9.94485862897039
"A8","undefined--vi-zus.2025-03-26_17-59-56-000.f_014.de0","49.326077820633785,7.175408561967308,49.327350714671546,7.213275819282444","49.326077820633785,7.175408561967308","WARNING","A8 | Neunkirchen/Spiesen - Kohlhof"," Saarlouis -> Neunkirchen",NA,NA,NA,2025-03-26,"Beginn: 26.03.25 um 17:59 Uhr  Zusammengesetzte Verkehrsinformation, seit 26.03.2025, 17:59 A8: Saarlouis -> Neunkirchen, zwischen 1.7 km hinter AS Neunkirchen/Spiesen und 1.0 km vor Kohlhof  A8 Saarlouis - Neunkirchen zwischen Neunkirchen-Spiesen und Neunkirchen-Oberstadt in beiden Richtungen Bauarbeiten, bis voraussichtlich 01.06.2025",49.3260778206338,7.17540856196731
"A8","undefined--vi-zus.2025-05-14_09-26-56-000.f.de0","49.32628400979037,7.229641516813452,49.329166750017514,7.1882642393148934","49.32628400979037,7.229641516813452","WARNING","A8 | Neunkirchen-Wellesweiler - Neunkirchen/Spiesen"," Neunkirchen -> Saarlouis",NA,NA,NA,2025-05-14,"Beginn: 14.05.25 um 09:26 Uhr  Zusammengesetzte Verkehrsinformation, seit 14.05.2025, 09:26 A8: Neunkirchen -> Saarlouis, zwischen 0.4 km hinter AS Neunkirchen-Wellesweiler und 2.7 km vor AS Neunkirchen/Spiesen  A8 Saarlouis - Neunkirchen zwischen Neunkirchen-Spiesen und Neunkirchen-Oberstadt in beiden Richtungen Bauarbeiten, bis voraussichtlich 01.06.2025",49.3262840097904,7.22964151681345
"A8","undefined--vi-zus.2025-05-24_08-46-30-000.f_002.de0","48.90987991378074,8.695020369911262,48.91714478197218,8.76133396439805","48.90987991378074,8.695020369911262","WARNING","A8 | Am Waisenrain - Pforzheim-Ost"," Karlsruhe -> Stuttgart",7,"QUEUING_TRAFFIC","29",2025-05-24,"Beginn: 24.05.25 um 08:46 Uhr  Zusammengesetzte Verkehrsinformation, seit 24.05.2025, 08:46 A8: Karlsruhe -> Stuttgart, zwischen 0.4 km hinter Am Waisenrain und 0.5 km vor AS Pforzheim-Ost  Stockender Verkehr Reisezeitverlust: 7 Minuten Durchschnittsgeschwindigkeit: 29 km/h",48.9098799137807,8.69502036991126
"A8","undefined--vi-zus.2025-05-24_16-32-43-000.f.de0","48.901003605229974,8.780487038252526,48.90627029610915,8.774508566540792","48.901003605229974,8.780487038252526","WARNING","A8 | Pforzheim-Süd - Pforzheim"," Stuttgart -> Karlsruhe",0,"SLOW_TRAFFIC","42.70000076293945",2025-05-24,"Beginn: 24.05.25 um 16:32 Uhr  Zusammengesetzte Verkehrsinformation, seit 24.05.2025, 16:32 A8: Stuttgart -> Karlsruhe, zwischen 2.6 km hinter AS Pforzheim-Süd und 0.2 km vor Pforzheim  Langsamer Verkehr Reisezeitverlust: 0 Minuten Durchschnittsgeschwindigkeit: 42 km/h",48.90100360523,8.78048703825253
"A8","undefined--vi-hind.2025-05-24_15-31-00-000.f_004.de0","48.23648820094724,11.342844700007506,48.23045824741474,11.353243868162624","48.23648820094724,11.342844700007506","WARNING","A8 | Fuchsberg - München-Eschenried"," Stuttgart -> München",NA,NA,NA,2025-05-24,"Beginn: 24.05.25 um 15:31 Uhr  Hindernis, seit 24.05.2025, 15:31 A8: Stuttgart -> München, zwischen 3.9 km hinter Fuchsberg und 4.0 km vor AD München-Eschenried  Gefahr durch eine ungesicherte Unfallstelle",48.2364882009472,11.3428447000075
"A8","undefined--vi-avl.2025-05-24_06-00-00-000.f.de0","47.80707110094831,12.126309900033577,47.80421642975673,12.158726693327662","47.80707110094831,12.126309900033577","WARNING","A8 | Rosenheim - Rohrdorf"," München -> Salzburg",8,"STATIONARY_TRAFFIC","15.800000190734863",2025-05-24,"Beginn: 24.05.25 um 06:00 Uhr  Angespannte Verkehrslage, seit 24.05.2025, 06:00 A8: München -> Salzburg, zwischen 0.5 km hinter AS Rosenheim und 0.4 km vor AS Rohrdorf  Im Stillstand Reisezeitverlust: 8 Minuten Durchschnittsgeschwindigkeit: 15 km/h",47.8070711009483,12.1263099000336
"A8","undefined--vi-avl.2025-05-24_06-42-30-000.f_001.de0","47.80707110094831,12.126309900033577,47.80707110094831,12.126309900033577","47.80707110094831,12.126309900033577","WARNING","A8 | Hochstraßer See - Hochstraßer See"," München -> Salzburg",NA,"STATIONARY_TRAFFIC","10",2025-05-24,"Beginn: 24.05.25 um 16:29 Uhr  Angespannte Verkehrslage, seit 24.05.2025, 16:29 A8: München -> Salzburg, 0.8 km vor Hochstraßer See, aus Richtung Rosenheim  Im Stillstand Durchschnittsgeschwindigkeit: 10 km/h",47.8070711009483,12.1263099000336
"A8","undefined--vi-avl.2025-05-24_15-37-24-000.f_004.de0","47.802248372099285,12.18602989860208,47.802248372099285,12.18602989860208","47.802248372099285,12.18602989860208","WARNING","A8 | Samerberg - Samerberg"," Salzburg -> München",NA,"STATIONARY_TRAFFIC","16",2025-05-24,"Beginn: 24.05.25 um 16:31 Uhr  Angespannte Verkehrslage, seit 24.05.2025, 16:31 A8: Salzburg -> München, 0.7 km vor Samerberg, aus Richtung Apfelkam  Im Stillstand Durchschnittsgeschwindigkeit: 16 km/h",47.8022483720993,12.1860298986021
"A8","undefined--vi-avl.2025-05-24_13-44-35-000.f_001.de0","47.80225480823452,12.185991018985954,47.80388780094832,12.161701300035617","47.80225480823452,12.185991018985954","WARNING","A8 | Apfelkam - Winkelbach"," Salzburg -> München",3,"STATIONARY_TRAFFIC","23.899999618530273",2025-05-24,"Beginn: 24.05.25 um 13:44 Uhr  Angespannte Verkehrslage, seit 24.05.2025, 13:44 A8: Salzburg -> München, zwischen 1.1 km hinter Apfelkam und 1.8 km vor Winkelbach  Im Stillstand Reisezeitverlust: 3 Minuten Durchschnittsgeschwindigkeit: 23 km/h",47.8022548082345,12.185991018986
"A8","undefined--vi-avl.2025-05-24_07-47-30-000.f.de0","47.80413423145671,12.281019464099568,47.803421912283724,12.301463361010024","47.80413423145671,12.281019464099568","WARNING","A8 | Frasdorf - Bernau am Chiemsee"," München -> Salzburg",2,"STATIONARY_TRAFFIC","25.200000762939453",2025-05-24,"Beginn: 24.05.25 um 07:47 Uhr  Angespannte Verkehrslage, seit 24.05.2025, 07:47 A8: München -> Salzburg, zwischen 0.1 km hinter Frasdorf und 5.0 km vor AS Bernau am Chiemsee  Im Stillstand Reisezeitverlust: 2 Minuten Durchschnittsgeschwindigkeit: 25 km/h",47.8041342314567,12.2810194640996
"A8","undefined--vi-avl.2025-05-24_07-48-30-000.f_001.de0","47.804134372873435,12.280992774406808,47.804134372873435,12.280992774406808","47.804134372873435,12.280992774406808","WARNING","A8 | Frasdorf - Frasdorf"," München -> Salzburg",NA,"STATIONARY_TRAFFIC","11",2025-05-24,"Beginn: 24.05.25 um 16:31 Uhr  Angespannte Verkehrslage, seit 24.05.2025, 16:31 A8: München -> Salzburg, 0.8 km vor AS Frasdorf, aus Richtung Frasdorf  Im Stillstand Durchschnittsgeschwindigkeit: 11 km/h",47.8041343728734,12.2809927744068
"A8","undefined--vi-hind.2025-05-24_16-15-19-000.f_001.de0","47.833821874281796,12.42772109648803,47.8381731009484,12.48793090005949","47.833821874281796,12.42772109648803","WARNING","A8 | Am Chiemsee - Übersee"," München -> Salzburg",NA,NA,NA,2025-05-24,"Beginn: 24.05.25 um 16:15 Uhr  Fahrzeug-Hindernis, seit 24.05.2025, 16:15 A8: München -> Salzburg, zwischen 0.3 km hinter Am Chiemsee und 0.1 km vor AS Übersee Gefahr durch ein defektes Fahrzeug auf der Fahrbahn",47.8338218742818,12.427721096488
"A8","undefined--vi-avl.2025-05-24_16-30-38-000.f_001.de0","47.76835415997224,12.938046678741653,47.76830848019774,12.936270168061284","47.76835415997224,12.938046678741653","WARNING","A8 | Schwarzbach - Bad Reichenhall"," Salzburg -> München",0,"SLOW_TRAFFIC","6.800000190734863",2025-05-24,"Beginn: 24.05.25 um 16:30 Uhr  Angespannte Verkehrslage, seit 24.05.2025, 16:30 A8: Salzburg -> München, zwischen 0.2 km hinter Schwarzbach und 2.3 km vor AS Bad Reichenhall  Langsamer Verkehr Reisezeitverlust: 0 Minuten Durchschnittsgeschwindigkeit: 6 km/h",47.7683541599722,12.9380466787417
"A9","undefined--vi-avl.2025-05-24_15-52-07-000.f_009.de0","51.38998573354661,12.18113632445409,51.38998573354661,12.18113632445409","51.38998573354661,12.18113632445409","WARNING","A9 | Leipzig-West/Merseburg - Leipzig-West/Merseburg"," Halle/Leipzig -> Nürnberg",NA,"STATIONARY_TRAFFIC","11",2025-05-24,"Beginn: 24.05.25 um 16:31 Uhr  Angespannte Verkehrslage, seit 24.05.2025, 16:31 A9: Halle/Leipzig -> Nürnberg, 4.9 km vor AS Leipzig-West/Merseburg, aus Richtung Großkugel  Im Stillstand Durchschnittsgeschwindigkeit: 11 km/h",51.3899857335466,12.1811363244541
"A9","undefined--vi-zus.2025-05-24_14-35-05-000.f.de0","51.38998573354661,12.18113632445409,51.378262675556336,12.18491858943749","51.38998573354661,12.18113632445409","WARNING","A9 | Großkugel - Leipzig-West/Merseburg"," Berlin -> Nürnberg",3,"STATIONARY_TRAFFIC","18.799999237060547",2025-05-24,"Beginn: 24.05.25 um 14:35 Uhr  Zusammengesetzte Verkehrsinformation, seit 24.05.2025, 14:35 A9: Berlin -> Nürnberg, zwischen 1.1 km hinter AS Großkugel und 3.6 km vor AS Leipzig-West/Merseburg  Im Stillstand Reisezeitverlust: 3 Minuten Durchschnittsgeschwindigkeit: 18 km/h",51.3899857335466,12.1811363244541
"A9","undefined--vi-unf.2025-05-24_12-35-36-000.f_007.de0","51.38307057781398,12.183365126530605,51.37258409771937,12.186747194015307","51.38307057781398,12.183365126530605","WARNING","A9 | Großkugel - Leipzig-West/Merseburg"," Berlin -> Nürnberg",NA,NA,NA,2025-05-24,"Beginn: 24.05.25 um 12:35 Uhr  Unfall, seit 24.05.2025, 12:35 A9: Berlin -> Nürnberg, zwischen 1.9 km hinter AS Großkugel und 2.9 km vor AS Leipzig-West/Merseburg",51.383070577814,12.1833651265306
"A10","undefined--vi-zus.2025-05-24_16-18-13-000.f_002.de0","52.61151140093005,13.576763700125865,52.60210120093027,13.604903800129884","52.61151140093005,13.576763700125865","WARNING","A10 | Barnim - Berlin-Hohenschönhausen"," Dreieck Havelland -> Dreieck Spreeau",NA,NA,NA,2025-05-24,"Beginn: 24.05.25 um 16:18 Uhr  Zusammengesetzte Verkehrsinformation, seit 24.05.2025, 16:18 A10: Dreieck Havelland -> Dreieck Spreeau, zwischen 1.3 km hinter AD Barnim und 0.2 km vor AS Berlin-Hohenschönhausen  Gefahr durch eine ungesicherte Unfallstelle  A10 Östlicher Berliner Ring, Dreieck Barnim Richtung Dreieck Spreeau zwischen Dreieck Barnim und Berlin-Hohenschönhausen Gefahr durch ungesicherte Unfallstelle, Polizei ist vor Ort, Rettungsfahrzeuge vor Ort, bitte vorsichtig fahren A10: Abfahrt Berlin Hohenschönhausen in FR Frankfurt Oder zurzeit gesperrt",52.61151140093,13.5767637001259
"A10","undefined--vi-zus.2025-05-24_16-31-07-000.f.de0","52.60225156023746,13.6050032036649,52.61195460093002,13.57468870012558","52.60225156023746,13.6050032036649","WARNING","A10 | Berlin-Hohenschönhausen - Barnim"," Dreieck Spreeau -> Dreieck Havelland",NA,NA,NA,2025-05-24,"Beginn: 24.05.25 um 16:31 Uhr  Zusammengesetzte Verkehrsinformation, seit 24.05.2025, 16:31 A10: Dreieck Spreeau -> Dreieck Havelland, zwischen 0.2 km hinter AS Berlin-Hohenschönhausen und 1.1 km vor AD Barnim  Gefahr durch eine ungesicherte Unfallstelle  A10 Östlicher Berliner Ring, Richtung Dreieck Barnim
zwischen Berlin-Hohenschönhausen und Dreieck Barnim
Gefahr durch ungesicherte Unfallstelle, Polizei ist vor Ort, Rettungsfahrzeuge vor Ort, bitte vorsichtig fahren
A10: Abfahrt Berlin Hohenschönhausen in FR Berlin zurzeit gesperrt",52.6022515602375,13.6050032036649
"A10","undefined--vi-hind.2025-05-24_16-29-44-000.f_002.de0","52.30860934401585,13.27981243885735,52.30856918858069,13.282596583331852","52.30860934401585,13.27981243885735","WARNING","A10 | Ludwigsfelde-West - Ludwigsfelde-Ost"," Dreieck Potsdam -> Schönefelder Kreuz",NA,NA,NA,2025-05-24,"Beginn: 24.05.25 um 16:29 Uhr  Fahrzeug-Hindernis, seit 24.05.2025, 16:29 A10: Dreieck Potsdam -> Schönefelder Kreuz, zwischen 5.1 km hinter AS Ludwigsfelde-West und 0.4 km vor AS Ludwigsfelde-Ost Gefahr durch ein defektes Fahrzeug auf der Fahrbahn",52.3086093440158,13.2798124388574
"A10","undefined--vi-zus.2025-05-24_09-37-00-000.f.de0","52.407183125619525,12.883241577386709,52.41951310463005,12.920351085711886","52.407183125619525,12.883241577386709","WARNING","A10 | Groß Kreutz - Leest"," Dreieck Werder -> Dreieck Havelland",8,"STATIONARY_TRAFFIC","16.600000381469727",2025-05-24,"Beginn: 24.05.25 um 09:37 Uhr  Zusammengesetzte Verkehrsinformation, seit 24.05.2025, 09:37 A10: Dreieck Werder -> Dreieck Havelland, zwischen 3.6 km hinter AS Groß Kreutz und 2.0 km vor AS Leest  Im Stillstand Reisezeitverlust: 8 Minuten Durchschnittsgeschwindigkeit: 16 km/h",52.4071831256195,12.8832415773867
"A10","undefined--vi-avl.2025-05-24_09-43-07-000.f.de0","52.40718969966722,12.88328430918454,52.40718969966722,12.88328430918454","52.40718969966722,12.88328430918454","WARNING","A10 | Phöben - Phöben"," Dreieck Werder -> Dreieck Havelland",NA,"STATIONARY_TRAFFIC","8",2025-05-24,"Beginn: 24.05.25 um 16:31 Uhr  Angespannte Verkehrslage, seit 24.05.2025, 16:31 A10: Dreieck Werder -> Dreieck Havelland, 1.4 km vor AS Phöben, aus Richtung Groß Kreutz  Im Stillstand Durchschnittsgeschwindigkeit: 8 km/h",52.4071896996672,12.8832843091845
"A10","undefined--vi-hind.2025-05-24_14-46-02-000.f_001.de0","52.537546800928006,12.965464600063584,52.47642670092842,12.95605780006345","52.537546800928006,12.965464600063584","WARNING","A10 | Berlin-Spandau - Potsdam-Nord"," Dreieck Havelland -> Dreieck Werder",NA,NA,NA,2025-05-24,"Beginn: 24.05.25 um 14:46 Uhr  Fahrzeug-Hindernis, seit 24.05.2025, 14:46 A10: Dreieck Havelland -> Dreieck Werder, zwischen 2.1 km hinter AS Berlin-Spandau und 0.4 km vor AS Potsdam-Nord Gefahr durch ein defektes Fahrzeug auf der Fahrbahn",52.537546800928,12.9654646000636
"A12","WarnungA10Lkw3","47.61802931631098,12.202336027754352,47.61802931631098,12.202336027754352","47.61802931631098,12.202336027754352","WARNING","E45/E60 | LKW Blockabfertigung | A12-Inntal Autobahn","Richtung Italien",NA,NA,NA,2025-01-11,"Zeitraum: Beginn: 07.01.2025 Ende: 09.12.2025  Hinweis für LKW-Reisende nach Österreich: LKW-Blockabfertigungen an ausgewählten Tagen für Lkw am Grenzübergang Kufstein/Kiefersfelden. Maximaler Durchlass von 300 LKWs pro Stunde  Die genauen Ausführungszeiten und weitere Informationen auf tirol.gv.at/verkehr/verkehrs-und-seilbahnrecht/lkw-dosierung.",47.618029316311,12.2023360277544
"A12","WarnungA10Lkw2","47.6164490154047,12.202382557672273,47.6164490154047,12.202382557672273","47.6164490154047,12.202382557672273","WARNING","E43/E45/E60 | A13-Brenner Autobahn","Richtung Italien",NA,NA,NA,2025-01-11,"Zeitraum: Beginn: 11.01.2025 Ende: 27.09.2025  Hinweis für LKW-Reisende nach Österreich: LKW-Fahrverbot auf der A12-Inntal Autobahn, A13-Brenner Autobahn und A14-Rheintal/Walgau Autobahn, wenn das Ziel der Fahrt der Anschlussstelle Nößlach bis Anschlussstelle Brenner Nord der Richtungsfahrbahn Staatsgrenze der A 13 Brenner Autobahn erreicht werden soll. An ausgewählten Samstagen 7-15 Uhr sowie weiteren Tagen im Zeitraum 11.01. - 27.09.2025 Weitere Informationen auf http://asfinag.at/a13",47.6164490154047,12.2023825576723
"A14","undefined--vi-hind.2025-05-24_16-29-44-000.f.de0","51.418838500934186,12.26245470002847,51.418838500934186,12.26245470002847","51.418838500934186,12.26245470002847","WARNING","A14 | Schkeuditz - Leipzig-Nord"," Halle -> Leipzig",NA,NA,NA,2025-05-24,"Beginn: 24.05.25 um 16:29 Uhr  Fahrzeug-Hindernis, seit 24.05.2025, 16:29 A14: Halle -> Leipzig, zwischen 0.3 km hinter AS Schkeuditz und 3.3 km vor AS Leipzig-Nord Gefahr durch ein defektes Fahrzeug auf der Fahrbahn",51.4188385009342,12.2624547000285
"A14","undefined--vi-avl.2025-05-24_13-00-29-000.f_002.de0","51.236336417414435,12.879726235978877,51.236336417414435,12.879726235978877","51.236336417414435,12.879726235978877","WARNING","A14 | Mutzschen - Mutzschen"," Nossen -> Leipzig",NA,"STATIONARY_TRAFFIC","12",2025-05-24,"Beginn: 24.05.25 um 16:31 Uhr  Angespannte Verkehrslage, seit 24.05.2025, 16:31 A14: Nossen -> Leipzig, 1.8 km vor AS Mutzschen, aus Richtung Leisnig  Im Stillstand Durchschnittsgeschwindigkeit: 12 km/h",51.2363364174144,12.8797262359789
"A14","undefined--vi-zus.2025-05-24_12-58-50-000.f_001.de0","51.236336417414435,12.879726235978877,51.24173110093593,12.861502900067599","51.236336417414435,12.879726235978877","WARNING","A14 | Leisnig - Mutzschen"," Nossen -> Leipzig",6,"STATIONARY_TRAFFIC","11.600000381469727",2025-05-24,"Beginn: 24.05.25 um 12:58 Uhr  Zusammengesetzte Verkehrsinformation, seit 24.05.2025, 12:58 A14: Nossen -> Leipzig, zwischen 7.6 km hinter AS Leisnig und 0.4 km vor AS Mutzschen  Im Stillstand Reisezeitverlust: 6 Minuten Durchschnittsgeschwindigkeit: 11 km/h",51.2363364174144,12.8797262359789
"A14","undefined--vi-hind.2025-05-24_10-17-45-000.f_021.de0","51.242956997027306,12.858166014270168,51.25767940093562,12.739132700057349","51.242956997027306,12.858166014270168","WARNING","A14 | Leisnig - Grimma"," Nossen -> Leipzig",NA,NA,NA,2025-05-24,"Beginn: 24.05.25 um 10:17 Uhr  Fahrzeug-Hindernis, seit 24.05.2025, 10:17 A14: Nossen -> Leipzig, zwischen 9.3 km hinter AS Leisnig und 0.5 km vor AS Grimma",51.2429569970273,12.8581660142702
"A14","undefined--vi-hind.2025-05-24_10-17-45-000.f_022.de0","51.24173110093593,12.861502900067599,51.25745730093562,12.734896900057029","51.24173110093593,12.861502900067599","WARNING","A14 | Leisnig - Grimma"," Nossen -> Leipzig",NA,NA,NA,2025-05-24,"Beginn: 24.05.25 um 10:17 Uhr  Fahrzeug-Hindernis, seit 24.05.2025, 10:17 A14: Nossen -> Leipzig, zwischen 9.0 km hinter AS Leisnig und 0.2 km vor AS Grimma",51.2417311009359,12.8615029000676
"A15","undefined--vi-avl.2025-05-24_16-24-10-000.f_001.de0","51.714294198032114,14.391885567782898,51.70718735469796,14.429873535504264","51.714294198032114,14.391885567782898","WARNING","A15 | Cottbus-Süd - Roggosen"," Cottbus -> Breslau",1,"SLOW_TRAFFIC","74.9000015258789",2025-05-24,"Beginn: 24.05.25 um 16:24 Uhr  Angespannte Verkehrslage, seit 24.05.2025, 16:24 A15: Cottbus -> Breslau, zwischen 2.9 km hinter AS Cottbus-Süd und 2.5 km vor AS Roggosen  Langsamer Verkehr Reisezeitverlust: 1 Minuten Durchschnittsgeschwindigkeit: 74 km/h",51.7142941980321,14.3918855677829
"A17","undefined--vi-avl.2025-05-24_16-29-15-000.f.de0","50.82026170094333,13.887384300240237,50.82026170094333,13.887384300240237","50.82026170094333,13.887384300240237","WARNING","A17 | Am Heidenholz - Am Heidenholz"," Prag -> Dresden",NA,"QUEUING_TRAFFIC","26",2025-05-24,"Beginn: 24.05.25 um 16:31 Uhr  Angespannte Verkehrslage, seit 24.05.2025, 16:31 A17: Prag -> Dresden, 0.2 km vor Am Heidenholz, aus Richtung Breitenau-Schönwald  Stockender Verkehr Durchschnittsgeschwindigkeit: 26 km/h",50.8202617009433,13.8873843002402
"A17","undefined--vi-zus.2025-05-24_16-13-37-000.f_001.de0","50.82026170094333,13.887384300240237,50.825784654914514,13.887788152709305","50.82026170094333,13.887384300240237","WARNING","A17 | Breitenau-Schönwald - Bad Gottleuba"," Prag -> Dresden",0,"QUEUING_TRAFFIC","34.70000076293945",2025-05-24,"Beginn: 24.05.25 um 16:13 Uhr  Zusammengesetzte Verkehrsinformation, seit 24.05.2025, 16:13 A17: Prag -> Dresden, zwischen 4.5 km hinter Breitenau-Schönwald und 0.6 km vor AS Bad Gottleuba  Stockender Verkehr Reisezeitverlust: 0 Minuten Durchschnittsgeschwindigkeit: 34 km/h",50.8202617009433,13.8873843002402
"A19","undefined--vi-hind.2025-05-24_16-25-48-000.f_001.de0","54.104750377653694,12.19380023651841,54.07953106660341,12.195615421954301","54.104750377653694,12.19380023651841","WARNING","A19 | Rostock-Ost - Kessin"," Rostock -> Dreieck Wittstock/Dosse",NA,NA,NA,2025-05-24,"Beginn: 24.05.25 um 16:25 Uhr  Hindernis, seit 24.05.2025, 16:25 A19: Rostock -> Dreieck Wittstock/Dosse, zwischen 0.4 km hinter AS Rostock-Ost und 3.5 km vor AS Kessin  Gefahr durch eine ungesicherte Unfallstelle",54.1047503776537,12.1938002365184
"A23","undefined--vi-avl.2025-05-24_16-29-15-000.f_001.de0","53.678364704349086,9.797716647190185,53.68868569436073,9.786430585331752","53.678364704349086,9.797716647190185","WARNING","A23 | Pinneberg-Mitte - Forst Rantzau Süd"," Hamburg -> Heide",2,"STATIONARY_TRAFFIC","27.100000381469727",2025-05-24,"Beginn: 24.05.25 um 16:29 Uhr  Angespannte Verkehrslage, seit 24.05.2025, 16:29 A23: Hamburg -> Heide, zwischen 3.1 km hinter AS Pinneberg-Mitte und 1.8 km vor Forst Rantzau Süd  Im Stillstand Reisezeitverlust: 2 Minuten Durchschnittsgeschwindigkeit: 27 km/h",53.6783647043491,9.79771664719019
"A23","undefined--vi-avl.2025-05-24_16-29-15-000.f_004.de0","53.678364704349086,9.797716647190185,53.678364704349086,9.797716647190185","53.678364704349086,9.797716647190185","WARNING","A23 | Pinneberg-Nord - Pinneberg-Nord"," Hamburg -> Heide",NA,"STATIONARY_TRAFFIC","20",2025-05-24,"Beginn: 24.05.25 um 16:31 Uhr  Angespannte Verkehrslage, seit 24.05.2025, 16:31 A23: Hamburg -> Heide, in Höhe AS Pinneberg-Nord, aus Richtung Pinneberg-Mitte  Im Stillstand Durchschnittsgeschwindigkeit: 20 km/h",53.6783647043491,9.79771664719019
"A24","undefined--vi-hind.2025-05-24_15-53-31-000.f_003.de0","53.21005807058897,12.252780849245203,53.21005807058897,12.252780849245203","53.21005807058897,12.252780849245203","WARNING","A24 | Pritzwalk - Meyenburg"," Pritzwalk -> Schwerin",NA,NA,NA,2025-05-24,"Beginn: 24.05.25 um 15:53 Uhr  Fahrzeug-Hindernis, seit 24.05.2025, 15:53 A24: Pritzwalk -> Schwerin, zwischen 12.8 km hinter AS Pritzwalk und 3.9 km vor AS Meyenburg Gefahr durch ein defektes Fahrzeug auf der Fahrbahn",53.210058070589,12.2527808492452
"A30","undefined--vi-hind.2025-05-24_16-09-19-000.f.de0","52.26650590092856,7.894613299999488,52.26650590092856,7.894613299999488","52.26650590092856,7.894613299999488","WARNING","A30 | Lotte - Brockbachtal"," Osnabrück -> Rheine",NA,NA,NA,2025-05-24,"Beginn: 24.05.25 um 16:09 Uhr  Fahrzeug-Hindernis, seit 24.05.2025, 16:09 A30: Osnabrück -> Rheine, zwischen AS Lotte und 3.1 km vor Brockbachtal Gefahr durch ein defektes Fahrzeug auf der Fahrbahn",52.2665059009286,7.89461329999949
"A31","undefined--vi-avl.2025-05-24_16-31-07-000.f_004.de0","51.566422101696965,6.929343928272948,51.566422101696965,6.929343928272948","51.566422101696965,6.929343928272948","WARNING","A31 | Bottrop - Bottrop"," Gronau -> Oberhausen",NA,"QUEUING_TRAFFIC","20",2025-05-24,"Beginn: 24.05.25 um 16:31 Uhr  Angespannte Verkehrslage, seit 24.05.2025, 16:31 A31: Gronau -> Oberhausen, 1.0 km vor AD Bottrop, aus Richtung Gladbeck  Stockender Verkehr Durchschnittsgeschwindigkeit: 20 km/h",51.566422101697,6.92934392827295
"A31","undefined--vi-avl.2025-05-24_15-25-30-000.f.de0","51.566422101696965,6.929343928272948,51.557788137407314,6.9263298871816055","51.566422101696965,6.929343928272948","WARNING","A31 | Gladbeck - Bottrop"," Gronau -> Oberhausen",1,"QUEUING_TRAFFIC","28.100000381469727",2025-05-24,"Beginn: 24.05.25 um 15:25 Uhr  Angespannte Verkehrslage, seit 24.05.2025, 15:25 A31: Gronau -> Oberhausen, zwischen 2.2 km hinter AS Gladbeck und AD Bottrop  Stockender Verkehr Reisezeitverlust: 1 Minuten Durchschnittsgeschwindigkeit: 28 km/h",51.566422101697,6.92934392827295
"A37","undefined--vi-zus.2025-05-20_10-04-05-000.f_002.de0","52.442156462690335,9.933442989087833,52.436581812162494,9.913211841333315","52.442156462690335,9.933442989087833","WARNING","A37 | Beinhorn - Hannover-Kirchhorst"," Celle -> Hannover",NA,NA,NA,2025-05-20,"Beginn: 20.05.25 um 10:04 Uhr  Zusammengesetzte Verkehrsinformation, seit 20.05.2025, 10:04 B3: Celle -> Hannover, zwischen 0.4 km hinter AS Beinhorn und 2.1 km vor AK Hannover-Kirchhorst  A37 Messe - Burgdorf
zwischen Kreuz Hannover-Buchholz und Beinhorn
in beiden Richtungen geänderte Verkehrsführung im Baustellenbereich, Bauarbeiten, bis 30.10.2026 ca. 18:00 Uhr",52.4421564626903,9.93344298908783
"A37","undefined--vi-zus.2025-05-20_10-04-05-000.f_003.de0","52.42566547847685,9.880479425875153,52.44102213295518,9.93161290421946","52.42566547847685,9.880479425875153","WARNING","Baustelle"," km 22.62 --> km 26.54",NA,NA,NA,2025-05-20,"Beginn: 20.05.25 um 10:04 Uhr  Zusammengesetzte Verkehrsinformation, seit 20.05.2025, 10:04 A37: km 22.62 --> km 26.54  A37 Messe - Burgdorf
zwischen Kreuz Hannover-Buchholz und Beinhorn
in beiden Richtungen geänderte Verkehrsführung im Baustellenbereich, Bauarbeiten, bis 30.10.2026 ca. 18:00 Uhr",52.4256654784769,9.88047942587515
"A40","undefined--vi-avl.2025-05-24_16-27-38-000.f_001.de0","51.443892941322645,6.979952679518053,51.44661718525949,6.999330543276444","51.443892941322645,6.979952679518053","WARNING","A40 | Essen-Frohnhausen - Ruhrschnellwegtunnel"," Duisburg -> Essen",0,"SLOW_TRAFFIC","48.70000076293945",2025-05-24,"Beginn: 24.05.25 um 16:27 Uhr  Angespannte Verkehrslage, seit 24.05.2025, 16:27 A40: Duisburg -> Essen, zwischen 0.8 km hinter AS Essen-Frohnhausen und 0.2 km vor Ruhrschnellwegtunnel  Langsamer Verkehr Reisezeitverlust: 0 Minuten Durchschnittsgeschwindigkeit: 48 km/h",51.4438929413226,6.97995267951805
"A40","undefined--vi-avl.2025-05-24_13-40-00-000.f.de0","51.47246288421187,7.117686381509272,51.456414263221454,7.045721988095462","51.47246288421187,7.117686381509272","WARNING","A40 | Bochum-Wattenscheid-West - Essen-Ost"," Dortmund -> Duisburg",4,"SLOW_TRAFFIC","43.79999923706055",2025-05-24,"Beginn: 24.05.25 um 13:40 Uhr  Angespannte Verkehrslage, seit 24.05.2025, 13:40 A40: Dortmund -> Duisburg, zwischen 0.8 km hinter AS Bochum-Wattenscheid-West und 0.4 km vor AD Essen-Ost  Langsamer Verkehr Reisezeitverlust: 4 Minuten Durchschnittsgeschwindigkeit: 43 km/h",51.4724628842119,7.11768638150927
"A44","undefined--vi-hind.2025-05-24_16-29-44-000.f_001.de0","51.35624868010577,7.047147135098484,51.35587670093425,7.046440099997329","51.35624868010577,7.047147135098484","WARNING","A44 | Langenberg - Velbert-Nord"," Essen -> Düsseldorf",NA,NA,NA,2025-05-24,"Beginn: 24.05.25 um 16:29 Uhr  Fahrzeug-Hindernis, seit 24.05.2025, 16:29 A44: Essen -> Düsseldorf, zwischen 1.8 km hinter AS Langenberg und 0.6 km vor AD Velbert-Nord Gefahr durch ein defektes Fahrzeug auf der Fahrbahn",51.3562486801058,7.04714713509848
"A46","undefined--vi-hind.2025-05-24_16-14-40-000.f.de0","51.28071570093467,7.182303799997986,51.28071570093467,7.182303799997986","51.28071570093467,7.182303799997986","WARNING","A46 | Wuppertal-Barmen - Wuppertal-Elberfeld"," Wuppertal -> Düsseldorf",NA,NA,NA,2025-05-24,"Beginn: 24.05.25 um 16:14 Uhr  Fahrzeug-Hindernis, seit 24.05.2025, 16:14 A46: Wuppertal -> Düsseldorf, zwischen AS Wuppertal-Barmen und 2.1 km vor AS Wuppertal-Elberfeld Gefahr durch ein defektes Fahrzeug auf der Fahrbahn",51.2807157009347,7.18230379999799
"A46","undefined--vi-avl.2025-05-24_14-39-34-000.f.de0","51.276325120792706,7.171919034195196,51.2662161100027,7.134843036003436","51.276325120792706,7.171919034195196","WARNING","A46 | Wuppertal-Barmen - Wuppertal-Katernberg"," Wuppertal -> Düsseldorf",2,"SLOW_TRAFFIC","46.099998474121094",2025-05-24,"Beginn: 24.05.25 um 14:39 Uhr  Angespannte Verkehrslage, seit 24.05.2025, 14:39 A46: Wuppertal -> Düsseldorf, zwischen 0.9 km hinter AS Wuppertal-Barmen und 0.3 km vor AS Wuppertal-Katernberg  Langsamer Verkehr Reisezeitverlust: 2 Minuten Durchschnittsgeschwindigkeit: 46 km/h",51.2763251207927,7.1719190341952
"A52","undefined--vi-avl.2025-05-24_15-58-25-000.f_006.de0","51.26657469417311,6.794414197640748,51.26657469417311,6.794414197640748","51.26657469417311,6.794414197640748","WARNING","A52 | Düsseldorf-Rath (Übergang A52/B1) - Düsseldorf-Rath (Übergang A52/B1)"," Essen -> Düsseldorf",NA,"STATIONARY_TRAFFIC","10",2025-05-24,"Beginn: 24.05.25 um 16:31 Uhr  Angespannte Verkehrslage, seit 24.05.2025, 16:31 A52: Essen -> Düsseldorf, 0.3 km vor Düsseldorf-Rath (Übergang A52/B1), aus Richtung Düsseldorf-Rath  Im Stillstand Durchschnittsgeschwindigkeit: 10 km/h",51.2665746941731,6.79441419764075
"A52","undefined--vi-hind.2025-05-24_16-28-15-000.f_003.de0","51.610275267876204,7.033423395379657,51.65179997730988,7.044812386552834","51.610275267876204,7.033423395379657","WARNING","A52 | Gelsenkirchen-Scholven - Marl-Frentrop"," Gelsenkirchen -> Marl",NA,NA,NA,2025-05-24,"Beginn: 24.05.25 um 16:28 Uhr  Hindernis, seit 24.05.2025, 16:28 A52: Gelsenkirchen -> Marl, zwischen 2.7 km hinter AS Gelsenkirchen-Scholven und 0.3 km vor AS Marl-Frentrop  Gefahr durch Personen auf der Fahrbahn",51.6102752678762,7.03342339537966
"A52","undefined--vi-hind.2025-05-24_16-28-15-000.f_002.de0","51.651672849872874,7.0444943222955185,51.61039198937581,7.03325185522065","51.651672849872874,7.0444943222955185","WARNING","A52 | Marl-Frentrop - Gelsenkirchen-Scholven"," Marl -> Gelsenkirchen",NA,NA,NA,2025-05-24,"Beginn: 24.05.25 um 16:28 Uhr  Hindernis, seit 24.05.2025, 16:28 A52: Marl -> Gelsenkirchen, zwischen 0.3 km hinter AS Marl-Frentrop und 2.6 km vor AS Gelsenkirchen-Scholven  Gefahr durch Personen auf der Fahrbahn",51.6516728498729,7.04449432229552
"A59","undefined--vi-avl.2025-05-24_14-47-08-000.f_001.de0","50.90941319268942,7.066655655406505,50.90941319268942,7.066655655406505","50.90941319268942,7.066655655406505","WARNING","A59 | Köln-Rath - Köln-Rath"," Köln -> Bonn",NA,"SLOW_TRAFFIC","16",2025-05-24,"Beginn: 24.05.25 um 16:31 Uhr  Angespannte Verkehrslage, seit 24.05.2025, 16:31 A59: Köln -> Bonn, 0.2 km vor AS Köln-Rath, aus Richtung Köln-Heumar  Langsamer Verkehr Durchschnittsgeschwindigkeit: 16 km/h",50.9094131926894,7.0666556554065
"A59","undefined--vi-avl.2025-05-24_14-46-02-000.f.de0","50.90941319268942,7.066655655406505,50.90279746691589,7.074905705782617","50.90941319268942,7.066655655406505","WARNING","A59 | Köln-Heumar - Schloß Röttgen"," Köln -> Bonn",1,"SLOW_TRAFFIC","34.599998474121094",2025-05-24,"Beginn: 24.05.25 um 14:46 Uhr  Angespannte Verkehrslage, seit 24.05.2025, 14:46 A59: Köln -> Bonn, zwischen 1.7 km hinter AD Köln-Heumar und 0.9 km vor Schloß Röttgen  Langsamer Verkehr Reisezeitverlust: 1 Minuten Durchschnittsgeschwindigkeit: 34 km/h",50.9094131926894,7.0666556554065
"A59","undefined--vi-hind.2025-05-24_16-14-40-000.f_001.de0","51.124138302792055,6.912517790243131,51.124138302792055,6.912517790243131","51.124138302792055,6.912517790243131","WARNING","A59 | Wolfhagen - Richrath"," Düsseldorf -> Köln",NA,NA,NA,2025-05-24,"Beginn: 24.05.25 um 16:14 Uhr  Fahrzeug-Hindernis, seit 24.05.2025, 16:14 A59: Düsseldorf -> Köln, zwischen 0.2 km hinter Wolfhagen und 0.7 km vor AS Richrath Gefahr durch ein defektes Fahrzeug auf der Fahrbahn",51.1241383027921,6.91251779024313
"A59","undefined--vi-avl.2025-05-24_16-33-12-000.f_001.de0","51.4718818317359,6.765060954667448,51.4718818317359,6.765060954667448","51.4718818317359,6.765060954667448","WARNING","A59 | Duisburg-Meiderich - Duisburg-Meiderich"," Dinslaken -> Duisburg",NA,"SLOW_TRAFFIC","29",2025-05-24,"Beginn: 24.05.25 um 16:33 Uhr  Angespannte Verkehrslage, seit 24.05.2025, 16:33 A59: Dinslaken -> Duisburg, 0.3 km vor AS Duisburg-Meiderich, aus Richtung Duisburg-Nord  Langsamer Verkehr Durchschnittsgeschwindigkeit: 29 km/h",51.4718818317359,6.76506095466745
"A59","undefined--vi-avl.2025-05-24_16-04-42-000.f_002.de0","51.47450987643991,6.766204560785611,51.45000520086536,6.778587354039816","51.47450987643991,6.766204560785611","WARNING","A59 | Duisburg-Nord - Duisburg"," Dinslaken -> Duisburg",1,"SLOW_TRAFFIC","46.5",2025-05-24,"Beginn: 24.05.25 um 16:04 Uhr  Angespannte Verkehrslage, seit 24.05.2025, 16:04 A59: Dinslaken -> Duisburg, zwischen 1.0 km hinter AK Duisburg-Nord und 0.4 km vor AK Duisburg  Langsamer Verkehr Reisezeitverlust: 1 Minuten Durchschnittsgeschwindigkeit: 46 km/h",51.4745098764399,6.76620456078561
"A60","undefined--vi-zus.2025-04-08_08-51-21-000.f_013.de0","49.98125533976677,8.345695317688524,49.97565770865279,8.441396718063045","49.98125533976677,8.345695317688524","WARNING","A60 | Mainspitz-Dreieck - Rüsselsheimer Dreieck"," Mainz -> Rüsselsheim",NA,NA,NA,2025-04-08,"Beginn: 08.04.25 um 08:51 Uhr  Zusammengesetzte Verkehrsinformation, seit 08.04.2025, 08:51 A60: Mainz -> Rüsselsheim, zwischen 0.5 km hinter AD Mainspitz-Dreieck und 2.2 km vor AD Rüsselsheimer Dreieck  Sperrung der A60 bei Königstädten – Grundhafte Fahrbahnerneuerung zwischen dem Rüsselsheimer Dreieck und dem Mainspitz Dreieck. Die Niederlassung West der Autobahn GmbH erneuert zwischen dem Rüsselsheimer Dreieck (30) und dem Mainspitz Dreieck (26) die Fahrbahn. Von Donnerstagmorgen (24. April) bis Mitte Juli wird die Anschlussstelle (AS) Königstädten (29) in Fahrtrichtung (FR) Mainz sowie in FR Rüsselsheimer Dreieck gesperrt. Umleitungsmöglichkeiten sind ausgeschildert: • Ausfahrt FR Mainz: Umleitung via AS Rüsselsheim-Mitte • Einfahrt FR Mainz: innerstädtische Umleitung zur AS Rüsselsheim-Mitte (Adam-Opel-Straße / Kurt-Schumacher-Ring), von Nauheim kommend via L3482 zur AS Bischofsheim • Einfahrt FR Darmstadt: innerstädtische Umleitung zur AS Rüsselsheim-Mitte (Adam-Opel-Straße / Kurt-Schumacher-Ring) Die Autobahn GmbH bittet alle Verkehrsteilnehmer um Verständnis für die unvermeidlichen Verkehrsbehinderungen, die durch die Arbeiten entstehen.",49.9812553397668,8.34569531768852
"A60","undefined--vi-zus.2025-05-03_10-55-00-000.f_003.de0","49.977457399447445,8.454646346787307,49.981587265039146,8.34517285786785","49.977457399447445,8.454646346787307","WARNING","A60 | Rüsselsheimer Dreieck - Mainspitz-Dreieck"," Rüsselsheim -> Mainz",NA,NA,NA,2025-05-03,"Beginn: 03.05.25 um 10:55 Uhr  Zusammengesetzte Verkehrsinformation, seit 03.05.2025, 10:55 A60: Rüsselsheim -> Mainz, zwischen 0.6 km hinter AD Rüsselsheimer Dreieck und 0.5 km vor AD Mainspitz-Dreieck  Sperrung der A60 bei Königstädten – Grundhafte Fahrbahnerneuerung zwischen dem Rüsselsheimer Dreieck und dem Mainspitz Dreieck. Die Niederlassung West der Autobahn GmbH erneuert zwischen dem Rüsselsheimer Dreieck (30) und dem Mainspitz Dreieck (26) die Fahrbahn. Von Donnerstagmorgen (24. April) bis Mitte Juli wird die Anschlussstelle (AS) Königstädten (29) in Fahrtrichtung (FR) Mainz sowie in FR Rüsselsheimer Dreieck gesperrt. Umleitungsmöglichkeiten sind ausgeschildert: • Ausfahrt FR Mainz: Umleitung via AS Rüsselsheim-Mitte • Einfahrt FR Mainz: innerstädtische Umleitung zur AS Rüsselsheim-Mitte (Adam-Opel-Straße / Kurt-Schumacher-Ring), von Nauheim kommend via L3482 zur AS Bischofsheim • Einfahrt FR Darmstadt: innerstädtische Umleitung zur AS Rüsselsheim-Mitte (Adam-Opel-Straße / Kurt-Schumacher-Ring) Die Autobahn GmbH bittet alle Verkehrsteilnehmer um Verständnis für die unvermeidlichen Verkehrsbehinderungen, die durch die Arbeiten entstehen.",49.9774573994474,8.45464634678731
"A61","undefined--vi-hind.2025-05-24_15-48-26-000.f_005.de0","49.84130522254063,7.991306753476457,49.840096973748416,7.9931945839694665","49.84130522254063,7.991306753476457","WARNING","A61 | Sitzborn - Gau-Bickelheim"," Koblenz -> Ludwigshafen",NA,NA,NA,2025-05-24,"Beginn: 24.05.25 um 15:48 Uhr  Fahrzeug-Hindernis, seit 24.05.2025, 15:48 A61: Koblenz -> Ludwigshafen, zwischen 3.4 km hinter Sitzborn und 0.3 km vor AS Gau-Bickelheim Gefahr durch ein defektes Fahrzeug auf der Fahrbahn",49.8413052225406,7.99130675347646
"A61","undefined--vi-hind.2025-05-24_15-07-19-000.f_006.de0","49.946420913438246,7.7929259692121695,49.94798735539597,7.791867669913839","49.946420913438246,7.7929259692121695","WARNING","A61 | Waldlaubersheim - Stromberg"," Ludwigshafen -> Koblenz",NA,NA,NA,2025-05-24,"Beginn: 24.05.25 um 15:07 Uhr  Fahrzeug-Hindernis, seit 24.05.2025, 15:07 A61: Ludwigshafen -> Koblenz, zwischen 3.6 km hinter AS Waldlaubersheim und 0.1 km vor AS Stromberg Gefahr durch ein defektes Fahrzeug auf der Fahrbahn",49.9464209134382,7.79292596921217
"A61","undefined--vi-zus.2025-05-24_15-48-55-000.f_001.de0","50.38646523312248,7.265501980850793,50.410379084642464,7.236527560395807","50.38646523312248,7.265501980850793","WARNING","A61 | Mendig - Brohltal-Ost"," Koblenz -> Mönchengladbach",30,"STATIONARY_TRAFFIC","6.800000190734863",2025-05-24,"Beginn: 24.05.25 um 15:48 Uhr  Zusammengesetzte Verkehrsinformation, seit 24.05.2025, 15:48 A61: Koblenz -> Mönchengladbach, zwischen 0.4 km hinter AS Mendig und 3.3 km vor Brohltal-Ost  Im Stillstand Reisezeitverlust: 30 Minuten Durchschnittsgeschwindigkeit: 6 km/h",50.3864652331225,7.26550198085079
"A61","undefined--vi-avl.2025-05-24_15-56-13-000.f_007.de0","50.38644845662451,7.265582180547026,50.38644845662451,7.265582180547026","50.38644845662451,7.265582180547026","WARNING","A61 | Thelenberg - Thelenberg"," Koblenz -> Mönchengladbach",NA,"STATIONARY_TRAFFIC","7",2025-05-24,"Beginn: 24.05.25 um 16:31 Uhr  Angespannte Verkehrslage, seit 24.05.2025, 16:31 A61: Koblenz -> Mönchengladbach, 0.7 km vor Thelenberg, aus Richtung Mendig  Im Stillstand Durchschnittsgeschwindigkeit: 7 km/h",50.3864484566245,7.26558218054703
"A61","undefined--vi-hind.2025-05-24_15-47-26-000.f_004.de0","50.41061706758464,7.236452446252092,50.41061706758464,7.236452446252092","50.41061706758464,7.236452446252092","WARNING","A61 | Wehr - Brohltal-Ost"," Koblenz -> Mönchengladbach",NA,NA,NA,2025-05-24,"Beginn: 24.05.25 um 15:47 Uhr  Hindernis, seit 24.05.2025, 15:47 A61: Koblenz -> Mönchengladbach, zwischen 0.2 km hinter AS Wehr und 3.1 km vor Brohltal-Ost",50.4106170675846,7.23645244625209
"A61","undefined--vi-avl.2025-05-24_09-01-00-000.f.de0","51.1176497947624,6.4289886152606055,51.13247170525055,6.424027422731335","51.1176497947624,6.4289886152606055","WARNING","A61 | Mönchengladbach-Wanlo - Mönchengladbach-Wickrath"," Koblenz -> Mönchengladbach",3,"STATIONARY_TRAFFIC","23.200000762939453",2025-05-24,"Beginn: 24.05.25 um 09:01 Uhr  Angespannte Verkehrslage, seit 24.05.2025, 09:01 A61: Koblenz -> Mönchengladbach, zwischen 2.1 km hinter AD Mönchengladbach-Wanlo und 0.9 km vor AS Mönchengladbach-Wickrath  Im Stillstand Reisezeitverlust: 3 Minuten Durchschnittsgeschwindigkeit: 23 km/h",51.1176497947624,6.42898861526061
"A61","undefined--vi-avl.2025-05-24_09-01-30-000.f.de0","51.11772100584327,6.428976370255394,51.11772100584327,6.428976370255394","51.11772100584327,6.428976370255394","WARNING","A61 | Mönchengladbach-Güdderath - Mönchengladbach-Güdderath"," Koblenz -> Mönchengladbach",NA,"STATIONARY_TRAFFIC","13",2025-05-24,"Beginn: 24.05.25 um 16:31 Uhr  Angespannte Verkehrslage, seit 24.05.2025, 16:31 A61: Koblenz -> Mönchengladbach, 0.1 km vor AS Mönchengladbach-Güdderath, aus Richtung Mönchengladbach-Wanlo  Im Stillstand Durchschnittsgeschwindigkeit: 13 km/h",51.1177210058433,6.42897637025539
"A61","undefined--vi-avl.2025-05-24_11-59-28-000.f_010.de0","51.142692703341666,6.419249538186047,51.142692703341666,6.419249538186047","51.142692703341666,6.419249538186047","WARNING","A61 | Mönchengladbach-Wickrath - Mönchengladbach-Wickrath"," Mönchengladbach -> Koblenz",NA,"STATIONARY_TRAFFIC","13",2025-05-24,"Beginn: 24.05.25 um 16:31 Uhr  Angespannte Verkehrslage, seit 24.05.2025, 16:31 A61: Mönchengladbach -> Koblenz, 0.4 km vor AS Mönchengladbach-Wickrath, aus Richtung Mönchengladbach-Rheydt  Im Stillstand Durchschnittsgeschwindigkeit: 13 km/h",51.1426927033417,6.41924953818605
"A61","undefined--vi-avl.2025-05-24_09-28-30-000.f_002.de0","51.1426660950193,6.419287979461721,51.130108923962005,6.423318179580464","51.1426660950193,6.419287979461721","WARNING","A61 | Mönchengladbach-Rheydt - Mönchengladbach-Güdderath"," Mönchengladbach -> Koblenz",2,"STATIONARY_TRAFFIC","26.600000381469727",2025-05-24,"Beginn: 24.05.25 um 09:28 Uhr  Angespannte Verkehrslage, seit 24.05.2025, 09:28 A61: Mönchengladbach -> Koblenz, zwischen 1.6 km hinter AS Mönchengladbach-Rheydt und 1.4 km vor AS Mönchengladbach-Güdderath  Im Stillstand Reisezeitverlust: 2 Minuten Durchschnittsgeschwindigkeit: 26 km/h",51.1426660950193,6.41928797946172
"A64","undefined--vi-avl.2025-05-24_16-25-19-000.f.de0","49.786085127680785,6.6422896048579965,49.786085127680785,6.6422896048579965","49.786085127680785,6.6422896048579965","WARNING","A64 | Trier - Trier"," Trier -> Luxemburg",NA,"QUEUING_TRAFFIC","11",2025-05-24,"Beginn: 24.05.25 um 16:31 Uhr  Angespannte Verkehrslage, seit 24.05.2025, 16:31 A64: Trier -> Luxemburg, 3.3 km vor AS Trier, aus Richtung Anschluss B52-Trier  Stockender Verkehr Durchschnittsgeschwindigkeit: 11 km/h",49.7860851276808,6.642289604858
"A64","undefined--vi-avl.2025-05-24_16-18-52-000.f.de0","49.786085127680785,6.6422896048579965,49.78865391417719,6.64526824229259","49.786085127680785,6.6422896048579965","WARNING","A64 | Trier - Anschluss B52-Trier"," Luxemburg -> Trier",0,"QUEUING_TRAFFIC","16.399999618530273",2025-05-24,"Beginn: 24.05.25 um 16:18 Uhr  Angespannte Verkehrslage, seit 24.05.2025, 16:18 A64: Luxemburg -> Trier, zwischen 3.3 km hinter AS Trier und 1.2 km vor Anschluss B52-Trier  Stockender Verkehr Reisezeitverlust: 0 Minuten Durchschnittsgeschwindigkeit: 16 km/h",49.7860851276808,6.642289604858
"A73","undefined--vi-hind.2025-05-24_16-04-09-000.f_009.de0","49.73903410094225,11.054526300003637,49.79372460094202,11.027220200003418","49.73903410094225,11.054526300003637","WARNING","A73 | Forchheim-Nord - Buttenheim"," Nürnberg -> Bamberg",NA,NA,NA,2025-05-24,"Beginn: 24.05.25 um 16:04 Uhr  Fahrzeug-Hindernis, seit 24.05.2025, 16:04 A73: Nürnberg -> Bamberg, zwischen 0.3 km hinter AS Forchheim-Nord und 0.2 km vor AS Buttenheim Gefahr durch ein defektes Fahrzeug auf der Fahrbahn",49.7390341009422,11.0545263000036
"A93","undefined--vi-hind.2025-05-24_14-43-09-000.f_005.de0","47.80475073563564,12.092682525807037,47.75907734455697,12.108272487981399","47.80475073563564,12.092682525807037","WARNING","A93 | Inntal - Brannenburg"," Rosenheim -> Kiefersfelden",NA,NA,NA,2025-05-24,"Beginn: 24.05.25 um 14:43 Uhr  Fahrzeug-Hindernis, seit 24.05.2025, 14:43 A93: Rosenheim -> Kiefersfelden, zwischen 0.5 km hinter AD Inntal und 2.8 km vor AS Brannenburg Gefahr durch ein defektes Fahrzeug auf der Fahrbahn",47.8047507356356,12.092682525807
"A96","undefined--vi-hind.2025-05-24_16-30-11-000.f.de0","48.09644374897381,11.32050632439202,48.11700550094753,11.378557700008168","48.09644374897381,11.32050632439202","WARNING","A96 | Gilching - Germering-Süd"," Lindau -> München",NA,NA,NA,2025-05-24,"Beginn: 24.05.25 um 16:30 Uhr  Hindernis, seit 24.05.2025, 16:30 A96: Lindau -> München, zwischen 0.5 km hinter AS Gilching und 0.4 km vor AS Germering-Süd",48.0964437489738,11.320506324392
"A113","undefined--vi-avl.2025-05-24_08-15-30-000.f_001.de0","52.44467650093059,13.475715800116468,52.44467650093059,13.475715800116468","52.44467650093059,13.475715800116468","WARNING","A113 | Späthstraße - Späthstraße"," Schönefeld -> Neukölln",NA,"STATIONARY_TRAFFIC","4",2025-05-24,"Beginn: 24.05.25 um 16:29 Uhr  Angespannte Verkehrslage, seit 24.05.2025, 16:29 A113: Schönefeld -> Neukölln, 1.5 km vor AS Späthstraße, aus Richtung Johannisthaler Chaussee  Im Stillstand Durchschnittsgeschwindigkeit: 4 km/h",52.4446765009306,13.4757158001165
"A113","undefined--vi-zus.2025-05-23_04-57-30-000.f.de0","52.43617318100181,13.493052326243479,52.427730500930934,13.517008500122175","52.43617318100181,13.493052326243479","WARNING","A113 | Johannisthaler Chaussee - Rudower Höhe"," Neukölln -> Schönefeld",NA,NA,NA,2025-05-23,"Beginn: 23.05.25 um 04:57 Uhr  Zusammengesetzte Verkehrsinformation, seit 23.05.2025, 04:57 A113: Neukölln -> Schönefeld, zwischen 1.2 km hinter AS Johannisthaler Chaussee und 1.0 km vor Rudower Höhe  A113 Autobahnzubringer Dresden, Neukölln Richtung Schönefeld
zwischen Stubenrauchstraße und Tunnel Rudower Höhe
linker Fahrstreifen gesperrt, Bauarbeiten, bis voraussichtlich 20.06.2025",52.4361731810018,13.4930523262435
"A113","undefined--vi-avl.2025-05-24_08-15-00-000.f.de0","52.44467650093059,13.475715800116468,52.45209490093047,13.462718900114677","52.44467650093059,13.475715800116468","WARNING","A113 | Johannisthaler Chaussee - Späthstraße"," Schönefeld -> Neukölln",15,"STATIONARY_TRAFFIC","4.400000095367432",2025-05-24,"Beginn: 24.05.25 um 08:15 Uhr  Angespannte Verkehrslage, seit 24.05.2025, 08:15 A113: Schönefeld -> Neukölln, zwischen 0.3 km hinter AS Johannisthaler Chaussee und 0.2 km vor AS Späthstraße  Im Stillstand Reisezeitverlust: 15 Minuten Durchschnittsgeschwindigkeit: 4 km/h",52.4446765009306,13.4757158001165
"A113","undefined--vi-zus.2025-05-24_14-46-02-000.f_007.de0","52.37839908826458,13.542599091402097,52.36931552754615,13.548195838188391","52.37839908826458,13.542599091402097","WARNING","A113 | Schönefeld-Süd - Waltersdorf"," Neukölln -> Schönefeld",NA,NA,NA,2025-05-24,"Beginn: 24.05.25 um 14:46 Uhr  Zusammengesetzte Verkehrsinformation, seit 24.05.2025, 14:46 A113: Neukölln -> Schönefeld, zwischen 2.1 km hinter AS Schönefeld-Süd und 0.5 km vor AD Waltersdorf  Gefahr durch Personen auf der Fahrbahn  A113 Autobahnzubringer Dresden, Neukölln Richtung Schönefeld in Höhe Dreieck Flughafen Berlin Brandenburg Gefahr durch liegengebliebenes Fahrzeug, Gefahr durch Personen auf der Fahrbahn, bitte vorsichtig fahren",52.3783990882646,13.5425990914021
"A115","undefined--vi-zus.2024-10-09_07-09-40-000.f_531.de0","52.40027056808641,13.185163736426698,52.44227384698058,13.202709435405149","52.40027056808641,13.185163736426698","WARNING","A115 | Am Stern - Hüttenweg"," Dreieck Nuthetal -> Dreieck Funkturm",NA,NA,NA,2024-10-09,"Beginn: 09.10.24 um 07:09 Uhr  Zusammengesetzte Verkehrsinformation, seit 09.10.2024, 07:09 A115: Dreieck Nuthetal -> Dreieck Funkturm, zwischen 2.9 km hinter Am Stern und 3.8 km vor AS Hüttenweg  A115 Autobahnzubringer Magdeburg, Dreieck Nuthetal Richtung Dreieck Funkturm, zwischen Anschlussstelle Kleinmachnow und Anschlussstelle Spanische Allee, Baustelle, bis 31.10.2026 17:00 Uhr",52.4002705680864,13.1851637364267
"A115","undefined--vi-avl.2025-05-24_12-20-34-000.f_001.de0","52.399526728880325,13.184324951594572,52.40801592350007,13.193918693689586","52.399526728880325,13.184324951594572","WARNING","A115 | Am Stern - Dreilinden"," Dreieck Nuthetal -> Dreieck Funkturm",3,"STATIONARY_TRAFFIC","17.799999237060547",2025-05-24,"Beginn: 24.05.25 um 12:20 Uhr  Angespannte Verkehrslage, seit 24.05.2025, 12:20 A115: Dreieck Nuthetal -> Dreieck Funkturm, zwischen 2.8 km hinter Am Stern und 0.9 km vor Dreilinden  Im Stillstand Reisezeitverlust: 3 Minuten Durchschnittsgeschwindigkeit: 17 km/h",52.3995267288803,13.1843249515946
"A115","undefined--vi-avl.2025-05-24_14-08-15-000.f_002.de0","52.39965827794694,13.184468575399512,52.39965827794694,13.184468575399512","52.39965827794694,13.184468575399512","WARNING","A115 | Kleinmachnow - Kleinmachnow"," Dreieck Nuthetal -> Dreieck Funkturm",NA,"STATIONARY_TRAFFIC","11",2025-05-24,"Beginn: 24.05.25 um 16:31 Uhr  Angespannte Verkehrslage, seit 24.05.2025, 16:31 A115: Dreieck Nuthetal -> Dreieck Funkturm, 0.3 km vor AS Kleinmachnow, aus Richtung Am Stern  Im Stillstand Durchschnittsgeschwindigkeit: 11 km/h",52.3996582779469,13.1844685753995
"A115","undefined--vi-avl.2025-05-24_16-30-38-000.f.de0","52.41571560075798,13.197183194175915,52.430501999152035,13.191851548911732","52.41571560075798,13.197183194175915","WARNING","A115 | Dreilinden - Spanische Allee"," Dreieck Nuthetal -> Dreieck Funkturm",1,"SLOW_TRAFFIC","41.599998474121094",2025-05-24,"Beginn: 24.05.25 um 16:30 Uhr  Angespannte Verkehrslage, seit 24.05.2025, 16:30 A115: Dreieck Nuthetal -> Dreieck Funkturm, zwischen Dreilinden und 0.4 km vor AS Spanische Allee  Langsamer Verkehr Reisezeitverlust: 1 Minuten Durchschnittsgeschwindigkeit: 41 km/h",52.415715600758,13.1971831941759
"A115","undefined--vi-zus.2024-10-13_05-33-30-000.f_688.de0","52.44029442937371,13.199911385595513,52.43107524997983,13.191805707063864","52.44029442937371,13.199911385595513","WARNING","A115 | Hüttenweg - Kreuz Zehlendorf"," Dreieck Funkturm -> Dreieck Nuthetal",NA,NA,NA,2024-10-13,"Beginn: 13.10.24 um 05:33 Uhr  Zusammengesetzte Verkehrsinformation, seit 13.10.2024, 05:33 A115: Dreieck Funkturm -> Dreieck Nuthetal, zwischen 4.1 km hinter AS Hüttenweg und 1.3 km vor AS Kreuz Zehlendorf  A115 Dreieck Funkturm Richtung Dreieck Nuthetal
zwischen Spanische Allee und Kleinmachnow
Verkehr wird über die Gegenfahrbahn geleitet, geänderte Verkehrsführung im Baustellenbereich, Bauarbeiten",52.4402944293737,13.1999113855955
"A861","undefined--vi-avl.2025-05-24_10-00-11-000.f_004.de0","47.55988222106523,7.758069155611078,47.55988222106523,7.758069155611078","47.55988222106523,7.758069155611078","WARNING","A861 | Rheinfelden-Süd - Rheinfelden-Süd"," Dreieck Hochrhein -> Grenzübergang Rheinfelden",NA,"STATIONARY_TRAFFIC","5",2025-05-24,"Beginn: 24.05.25 um 16:31 Uhr  Angespannte Verkehrslage, seit 24.05.2025, 16:31 A861: Dreieck Hochrhein -> Grenzübergang Rheinfelden, 1.1 km vor AS Rheinfelden-Süd, aus Richtung Rheinfelden-Mitte  Im Stillstand Durchschnittsgeschwindigkeit: 5 km/h",47.5598822210652,7.75806915561108
"A861","undefined--vi-avl.2025-05-24_09-32-00-000.f_001.de0","47.559846619615435,7.758061387465523,47.549025915970084,7.758087075354032","47.559846619615435,7.758061387465523","WARNING","A861 | Rheinfelden-Mitte - Rheinfelden"," Dreieck Hochrhein -> Grenzübergang Rheinfelden",8,"STATIONARY_TRAFFIC","7.699999809265137",2025-05-24,"Beginn: 24.05.25 um 09:32 Uhr  Angespannte Verkehrslage, seit 24.05.2025, 09:32 A861: Dreieck Hochrhein -> Grenzübergang Rheinfelden, zwischen 1.0 km hinter AS Rheinfelden-Mitte und 0.1 km vor Rheinfelden  Im Stillstand Reisezeitverlust: 8 Minuten Durchschnittsgeschwindigkeit: 7 km/h",47.5598466196154,7.75806138746552
