"road","identifier","extent","point","display_type","title","subtitle","delay_minutes","abnormalTrafficType","averageSpeed","startTimestamp","description","latitude","longitude"
"A1","undefined--vi-zus.2025-05-24_17-07-38-000.f.de0","50.825820771954106,6.78596768515948,50.85269977087939,6.804601196334652","50.825820771954106,6.78596768515948","WARNING","A1 | Erfttal - Ville"," Euskirchen -> Köln",10,"STATIONARY_TRAFFIC","16.799999237060547",2025-05-24,"Beginn: 24.05.25 um 17:07 Uhr  Zusammengesetzte Verkehrsinformation, seit 24.05.2025, 17:07 A1: Euskirchen -> Köln, zwischen 1.0 km hinter AD Erfttal und 0.6 km vor Ville  Im Stillstand Reisezeitverlust: 10 Minuten Durchschnittsgeschwindigkeit: 16 km/h",50.8258207719541,6.78596768515948
"A1","undefined--vi-unf.2025-05-24_16-04-09-000.f_005.de0","50.847022024651544,6.802675735566929,50.85854518575431,6.805493477221137","50.847022024651544,6.802675735566929","WARNING","A1 | Erfttal - Gleuel"," Euskirchen -> Köln",NA,NA,NA,2025-05-24,"Beginn: 24.05.25 um 16:04 Uhr  Unfall, seit 24.05.2025, 16:04 A1: Euskirchen -> Köln, zwischen 3.7 km hinter AD Erfttal und 3.8 km vor AS Gleuel",50.8470220246515,6.80267573556693
"A1","undefined--vi-avl.2025-05-24_17-17-19-000.f_006.de0","50.82575993267839,6.785942283990264,50.82575993267839,6.785942283990264","50.82575993267839,6.785942283990264","WARNING","A1 | Hürth - Hürth"," Euskirchen -> Köln",NA,"STATIONARY_TRAFFIC","17",2025-05-24,"Beginn: 24.05.25 um 17:46 Uhr  Angespannte Verkehrslage, seit 24.05.2025, 17:46 A1: Euskirchen -> Köln, 2.8 km vor AS Hürth, aus Richtung Erfttal  Im Stillstand Durchschnittsgeschwindigkeit: 17 km/h",50.8257599326784,6.78594228399026
"A1","undefined--vi-avl.2025-05-24_16-58-13-000.f_001.de0","50.990159284480406,6.868227636434508,50.990159284480406,6.868227636434508","50.990159284480406,6.868227636434508","WARNING","A1 | Köln-Bocklemünd - Köln-Bocklemünd"," Köln -> Euskirchen",NA,"STATIONARY_TRAFFIC","18",2025-05-24,"Beginn: 24.05.25 um 17:46 Uhr  Angespannte Verkehrslage, seit 24.05.2025, 17:46 A1: Köln -> Euskirchen, 1.9 km vor AS Köln-Bocklemünd, aus Richtung Köln-Nord  Im Stillstand Durchschnittsgeschwindigkeit: 18 km/h",50.9901592844804,6.86822763643451
"A1","undefined--vi-avl.2025-05-24_17-03-42-000.f.de0","51.02354645823575,6.942132149321773,51.037605597671046,6.9845617572499075","51.02354645823575,6.942132149321773","WARNING","A1 | Köln-Nord - Leverkusen"," Euskirchen -> Dortmund",3,"SLOW_TRAFFIC","34.400001525878906",2025-05-24,"Beginn: 24.05.25 um 17:03 Uhr  Angespannte Verkehrslage, seit 24.05.2025, 17:03 A1: Euskirchen -> Dortmund, zwischen 4.7 km hinter AK Köln-Nord und 1.7 km vor AK Leverkusen  Langsamer Verkehr Reisezeitverlust: 3 Minuten Durchschnittsgeschwindigkeit: 34 km/h",51.0235464582357,6.94213214932177
"A1","undefined--vi-avl.2025-05-24_16-55-51-000.f_003.de0","50.99021048961611,6.868394092290773,50.941835688200385,6.849428650563124","50.99021048961611,6.868394092290773","WARNING","A1 | Köln-Nord - Köln-Lövenich"," Köln -> Euskirchen",16,"STATIONARY_TRAFFIC","18.200000762939453",2025-05-24,"Beginn: 24.05.25 um 16:55 Uhr  Angespannte Verkehrslage, seit 24.05.2025, 16:55 A1: Köln -> Euskirchen, zwischen 1.8 km hinter AK Köln-Nord und 0.4 km vor AS Köln-Lövenich  Im Stillstand Reisezeitverlust: 16 Minuten Durchschnittsgeschwindigkeit: 18 km/h",50.9902104896161,6.86839409229077
"A1","undefined--vi-avl.2025-05-24_17-26-33-000.f_001.de0","51.016959886225074,6.926250070150472,51.00133485050678,6.901047726118861","51.016959886225074,6.926250070150472","WARNING","A1 | Köln-Niehl - Köln-Nord"," Dortmund -> Euskirchen",1,"SLOW_TRAFFIC","48",2025-05-24,"Beginn: 24.05.25 um 17:26 Uhr  Angespannte Verkehrslage, seit 24.05.2025, 17:26 A1: Dortmund -> Euskirchen, zwischen 1.4 km hinter AS Köln-Niehl und 0.9 km vor AK Köln-Nord  Langsamer Verkehr Reisezeitverlust: 1 Minuten Durchschnittsgeschwindigkeit: 48 km/h",51.0169598862251,6.92625007015047
"A1","undefined--vi-avl.2025-05-24_17-30-48-000.f_001.de0","51.03762960327326,6.9901095356264245,51.02724530000737,6.947827831470089","51.03762960327326,6.9901095356264245","WARNING","A1 | Leverkusen - Köln-Niehl"," Dortmund -> Köln",1,"SLOW_TRAFFIC","50.70000076293945",2025-05-24,"Beginn: 24.05.25 um 17:30 Uhr  Angespannte Verkehrslage, seit 24.05.2025, 17:30 A1: Dortmund -> Köln, zwischen 1.3 km hinter AK Leverkusen und 0.5 km vor AS Köln-Niehl  Langsamer Verkehr Reisezeitverlust: 1 Minuten Durchschnittsgeschwindigkeit: 50 km/h",51.0376296032733,6.99010953562642
"A1","undefined--vi-avl.2025-05-24_08-54-30-000.f_004.de0","53.03362365244421,8.92031968422272,53.031460453437994,8.864211532227444","53.03362365244421,8.92031968422272","WARNING","A1 | Mahndorfer Marsch - Bremen-Arsten"," Bremen -> Osnabrück",4,"SLOW_TRAFFIC","39",2025-05-24,"Beginn: 24.05.25 um 08:54 Uhr  Angespannte Verkehrslage, seit 24.05.2025, 08:54 A1: Bremen -> Osnabrück, zwischen 1.8 km hinter Mahndorfer Marsch und 0.4 km vor AS Bremen-Arsten  Langsamer Verkehr Reisezeitverlust: 4 Minuten Durchschnittsgeschwindigkeit: 39 km/h",53.0336236524442,8.92031968422272
"A1","undefined--vi-avl.2025-05-24_17-44-39-000.f_001.de0","53.537372094980746,10.142694564497306,53.52893760761835,10.134845725542926","53.537372094980746,10.142694564497306","WARNING","A1 | Hamburg-Öjendorf - Hamburg-Billstedt"," Lübeck -> Hamburg",0,"SLOW_TRAFFIC","65.30000305175781",2025-05-24,"Beginn: 24.05.25 um 17:44 Uhr  Angespannte Verkehrslage, seit 24.05.2025, 17:44 A1: Lübeck -> Hamburg, zwischen 0.8 km hinter AS Hamburg-Öjendorf und 0.2 km vor AS Hamburg-Billstedt  Langsamer Verkehr Reisezeitverlust: 0 Minuten Durchschnittsgeschwindigkeit: 65 km/h",53.5373720949807,10.1426945644973
"A1","undefined--vi-avl.2025-05-24_17-46-14-000.f.de0","53.989910276174236,10.733517248034168,53.989910276174236,10.733517248034168","53.989910276174236,10.733517248034168","WARNING","A1 | Ratekau - Ratekau"," Fehmarn -> Lübeck",NA,"SLOW_TRAFFIC","12",2025-05-24,"Beginn: 24.05.25 um 17:46 Uhr  Angespannte Verkehrslage, seit 24.05.2025, 17:46 A1: Fehmarn -> Lübeck, 4.8 km vor AS Ratekau, aus Richtung Pansdorf  Langsamer Verkehr Durchschnittsgeschwindigkeit: 12 km/h",53.9899102761742,10.7335172480342
"A1","undefined--vi-avl.2025-05-24_17-37-43-000.f.de0","53.98978476672355,10.733532023274917,53.93377142877917,10.733382956463787","53.98978476672355,10.733532023274917","WARNING","A1 | Pansdorf - Sereetzerfeld"," Fehmarn -> Lübeck",6,"SLOW_TRAFFIC","36",2025-05-24,"Beginn: 24.05.25 um 17:37 Uhr  Angespannte Verkehrslage, seit 24.05.2025, 17:37 A1: Fehmarn -> Lübeck, zwischen 1.8 km hinter AS Pansdorf und 0.3 km vor Sereetzerfeld  Langsamer Verkehr Reisezeitverlust: 6 Minuten Durchschnittsgeschwindigkeit: 36 km/h",53.9897847667236,10.7335320232749
"A2","undefined--vi-avl.2025-05-24_17-44-12-000.f_003.de0","51.55415870250909,6.9229539059182965,51.55415870250909,6.9229539059182965","51.55415870250909,6.9229539059182965","WARNING","A2 | Bottrop - Bottrop"," Dortmund -> Oberhausen",NA,"SLOW_TRAFFIC","16",2025-05-24,"Beginn: 24.05.25 um 17:44 Uhr  Angespannte Verkehrslage, seit 24.05.2025, 17:44 A2: Dortmund -> Oberhausen, 0.6 km vor AS Bottrop, aus Richtung Bottrop  Langsamer Verkehr Durchschnittsgeschwindigkeit: 16 km/h",51.5541587025091,6.9229539059183
"A2","undefined--vi-avl.2025-05-24_11-40-46-000.f_005.de0","51.55412483715584,6.922868830776562,51.540354027252675,6.883888610070291","51.55412483715584,6.922868830776562","WARNING","A2 | Bottrop - Oberhausen-Königshardt"," Dortmund -> Oberhausen",3,"QUEUING_TRAFFIC","36.900001525878906",2025-05-24,"Beginn: 24.05.25 um 11:40 Uhr  Angespannte Verkehrslage, seit 24.05.2025, 11:40 A2: Dortmund -> Oberhausen, zwischen 0.2 km hinter AD Bottrop und 1.0 km vor AS Oberhausen-Königshardt  Stockender Verkehr Reisezeitverlust: 3 Minuten Durchschnittsgeschwindigkeit: 36 km/h",51.5541248371558,6.92286883077656
"A2","undefined--vi-hind.2025-05-24_17-36-20-000.f_001.de0","52.24878948051115,12.259703857384844,52.28947250092887,12.458366300033878","52.24878948051115,12.259703857384844","WARNING","A2 | Ziesar - Wollin"," Magdeburg -> Berliner Ring",NA,NA,NA,2025-05-24,"Beginn: 24.05.25 um 17:36 Uhr  Hindernis, seit 24.05.2025, 17:36 A2: Magdeburg -> Berliner Ring, zwischen 0.2 km hinter AS Ziesar und 0.3 km vor AS Wollin  Gefahr durch Gegenstände auf der Fahrbahn",52.2487894805111,12.2597038573848
"A2","undefined--vi-hind.2025-05-24_17-37-17-000.f.de0","52.35012271352967,12.542621206990379,52.350498210390924,12.54496259040246","52.35012271352967,12.542621206990379","WARNING","A2 | Temnitz - Brandenburg an der Havel"," Magdeburg -> Berliner Ring",NA,NA,NA,2025-05-24,"Beginn: 24.05.25 um 17:37 Uhr  Fahrzeug-Hindernis, seit 24.05.2025, 17:37 A2: Magdeburg -> Berliner Ring, zwischen 2.0 km hinter Temnitz und 3.7 km vor AS Brandenburg an der Havel Gefahr durch ein defektes Fahrzeug auf der Fahrbahn",52.3501227135297,12.5426212069904
"A3","undefined--vi-hind.2025-05-24_17-06-14-000.f_006.de0","49.079840617593575,11.903242796410433,49.08136905302442,11.902577521131565","49.079840617593575,11.903242796410433","WARNING","A3 | Riedtal - Laaber"," Passau -> Nürnberg",NA,NA,NA,2025-05-24,"Beginn: 24.05.25 um 17:06 Uhr  Fahrzeug-Hindernis, seit 24.05.2025, 17:06 A3: Passau -> Nürnberg, zwischen 4.5 km hinter Riedtal und 1.5 km vor AS Laaber Gefahr durch ein defektes Fahrzeug auf der Fahrbahn",49.0798406175936,11.9032427964104
"A3","undefined--vi-unf.2025-05-24_16-30-11-000.f_005.de0","49.90522330094155,9.375256600000094,49.93592120094143,9.34747840000009","49.90522330094155,9.375256600000094","WARNING","A3 | Rohrbrunn - Weibersbrunn"," Würzburg -> Frankfurt",NA,NA,NA,2025-05-24,"Beginn: 24.05.25 um 16:30 Uhr  Unfall, seit 24.05.2025, 16:30 A3: Würzburg -> Frankfurt, zwischen 1.4 km hinter AS Rohrbrunn und 0.3 km vor AS Weibersbrunn",49.9052233009416,9.37525660000009
"A3","undefined--vi-hind.2025-05-24_16-55-14-000.f_007.de0","50.05332140846633,8.596573278163714,50.047684980757445,8.546748423135778","50.05332140846633,8.596573278163714","WARNING","A3 | Frankfurter Kreuz - Kelsterbach"," Frankfurt -> Köln",NA,NA,NA,2025-05-24,"Beginn: 24.05.25 um 16:55 Uhr  Hindernis, seit 24.05.2025, 16:55 A3: Frankfurt -> Köln, zwischen 0.5 km hinter AK Frankfurter Kreuz und 0.2 km vor AS Kelsterbach  Gefahr durch Personen auf der Fahrbahn",50.0533214084663,8.59657327816371
"A3","undefined--vi-hind.2025-05-24_16-55-14-000.f_005.de0","50.029076825397695,8.500133144251466,50.05317538916536,8.596489796421661","50.029076825397695,8.500133144251466","WARNING","A3 | Mönchhof-Dreieck - Frankfurter Kreuz"," Köln -> Frankfurt",NA,NA,NA,2025-05-24,"Beginn: 24.05.25 um 16:55 Uhr  Hindernis, seit 24.05.2025, 16:55 A3: Köln -> Frankfurt, zwischen 0.6 km hinter AD Mönchhof-Dreieck und 0.5 km vor AK Frankfurter Kreuz  Gefahr durch Personen auf der Fahrbahn  Gefahr durch Gegenstände auf der Fahrbahn",50.0290768253977,8.50013314425147
"A3","undefined--vi-hind.2025-05-24_17-21-42-000.f.de0","50.026574740365845,8.476792215978895,50.025623715445036,8.482834480024932","50.026574740365845,8.476792215978895","WARNING","A3 | Raunheim - Mönchhof-Dreieck"," Köln -> Frankfurt",NA,NA,NA,2025-05-24,"Beginn: 24.05.25 um 17:21 Uhr  Hindernis, seit 24.05.2025, 17:21 A3: Köln -> Frankfurt, zwischen AS Raunheim und 0.7 km vor AD Mönchhof-Dreieck  Gefahr durch eine ungesicherte Unfallstelle  Gefahr durch Gegenstände auf der Fahrbahn",50.0265747403658,8.47679221597889
"A3","undefined--vi-avl.2025-05-24_17-31-20-000.f_001.de0","50.67190692061493,7.301475543656689,50.68136135145265,7.27970718640683","50.67190692061493,7.301475543656689","WARNING","A3 | Bad Honnef/Linz - Siebengebirge"," Frankfurt -> Köln",1,"SLOW_TRAFFIC","48",2025-05-24,"Beginn: 24.05.25 um 17:31 Uhr  Angespannte Verkehrslage, seit 24.05.2025, 17:31 A3: Frankfurt -> Köln, zwischen 3.2 km hinter AS Bad Honnef/Linz und 0.6 km vor AS Siebengebirge  Langsamer Verkehr Reisezeitverlust: 1 Minuten Durchschnittsgeschwindigkeit: 48 km/h",50.6719069206149,7.30147554365669
"A3","undefined--vi-avl.2025-05-24_16-42-44-000.f.de0","50.95834043101534,7.034619407902011,50.97090532186244,7.029815179014148","50.95834043101534,7.034619407902011","WARNING","A3 | Köln-Ost - Köln-Mülheim"," Frankfurt -> Oberhausen",0,"SLOW_TRAFFIC","52.20000076293945",2025-05-24,"Beginn: 24.05.25 um 16:42 Uhr  Angespannte Verkehrslage, seit 24.05.2025, 16:42 A3: Frankfurt -> Oberhausen, zwischen 0.7 km hinter AK Köln-Ost und 1.7 km vor AS Köln-Mülheim  Langsamer Verkehr Reisezeitverlust: 0 Minuten Durchschnittsgeschwindigkeit: 52 km/h",50.9583404310153,7.03461940790201
"A3","undefined--vi-avl.2025-05-24_16-36-08-000.f_006.de0","51.009594888999324,7.014400419931967,51.009594888999324,7.014400419931967","51.009594888999324,7.014400419931967","WARNING","A3 | Köln-Mülheim - Köln-Mülheim"," Oberhausen -> Köln",NA,"STATIONARY_TRAFFIC","13",2025-05-24,"Beginn: 24.05.25 um 17:46 Uhr  Angespannte Verkehrslage, seit 24.05.2025, 17:46 A3: Oberhausen -> Köln, 3.0 km vor AS Köln-Mülheim, aus Richtung Leverkusen-Zentrum  Im Stillstand Durchschnittsgeschwindigkeit: 13 km/h",51.0095948889993,7.01440041993197
"A3","undefined--vi-avl.2025-05-24_16-36-08-000.f_012.de0","51.00975665923324,7.014393676386431,50.966560428725366,7.031158234571888","51.00975665923324,7.014393676386431","WARNING","A3 | Leverkusen-Zentrum - Köln-Ost"," Oberhausen -> Frankfurt",21,"STATIONARY_TRAFFIC","13",2025-05-24,"Beginn: 24.05.25 um 16:36 Uhr  Angespannte Verkehrslage, seit 24.05.2025, 16:36 A3: Oberhausen -> Frankfurt, zwischen 1.6 km hinter AS Leverkusen-Zentrum und 1.6 km vor AK Köln-Ost  Im Stillstand Reisezeitverlust: 21 Minuten Durchschnittsgeschwindigkeit: 13 km/h",51.0097566592332,7.01439367638643
"A3","undefined--vi-avl.2025-05-24_17-43-16-000.f_002.de0","51.19733345865793,6.938007750904342,51.21673972175368,6.924030490884431","51.19733345865793,6.938007750904342","WARNING","A3 | Hilden - Stindertal / Stinderhof"," Köln -> Oberhausen",1,"SLOW_TRAFFIC","56.099998474121094",2025-05-24,"Beginn: 24.05.25 um 17:43 Uhr  Angespannte Verkehrslage, seit 24.05.2025, 17:43 A3: Köln -> Oberhausen, zwischen 0.3 km hinter AK Hilden und 2.5 km vor Stindertal / Stinderhof  Langsamer Verkehr Reisezeitverlust: 1 Minuten Durchschnittsgeschwindigkeit: 56 km/h",51.1973334586579,6.93800775090434
"A3","undefined--vi-avl.2025-05-24_17-05-04-000.f_005.de0","51.43652577224557,6.808266059957987,51.44853071288615,6.798549833395249","51.43652577224557,6.808266059957987","WARNING","A3 | Duisburg-Wedau - Oberhausen-Lirich"," Köln -> Oberhausen",0,"SLOW_TRAFFIC","51.900001525878906",2025-05-24,"Beginn: 24.05.25 um 17:05 Uhr  Angespannte Verkehrslage, seit 24.05.2025, 17:05 A3: Köln -> Oberhausen, zwischen 3.3 km hinter AS Duisburg-Wedau und 3.5 km vor AS Oberhausen-Lirich  Langsamer Verkehr Reisezeitverlust: 0 Minuten Durchschnittsgeschwindigkeit: 51 km/h",51.4365257722456,6.80826605995799
"A3","undefined--vi-avl.2025-05-24_17-17-19-000.f_009.de0","51.475186635432,6.815178441994771,51.475186635432,6.815178441994771","51.475186635432,6.815178441994771","WARNING","A3 | Kaiserberg - Kaiserberg"," Oberhausen -> Köln",NA,"STATIONARY_TRAFFIC","13",2025-05-24,"Beginn: 24.05.25 um 17:46 Uhr  Angespannte Verkehrslage, seit 24.05.2025, 17:46 A3: Oberhausen -> Köln, 3.7 km vor AK Kaiserberg, aus Richtung Oberhausen-Lirich  Im Stillstand Durchschnittsgeschwindigkeit: 13 km/h",51.475186635432,6.81517844199477
"A3","undefined--vi-avl.2025-05-24_11-58-23-000.f_006.de0","51.475186635432,6.815178441994771,51.45971628180116,6.80771009565481","51.475186635432,6.815178441994771","WARNING","A3 | Oberhausen-Lirich - Kaiserberg"," Oberhausen -> Köln",3,"STATIONARY_TRAFFIC","24.5",2025-05-24,"Beginn: 24.05.25 um 11:58 Uhr  Angespannte Verkehrslage, seit 24.05.2025, 11:58 A3: Oberhausen -> Köln, zwischen 0.1 km hinter AS Oberhausen-Lirich und 1.8 km vor AK Kaiserberg  Im Stillstand Reisezeitverlust: 3 Minuten Durchschnittsgeschwindigkeit: 24 km/h",51.475186635432,6.81517844199477
"A3","undefined--vi-avl.2025-05-24_17-40-46-000.f_001.de0","51.52150405476545,6.814372629872339,51.531636393670226,6.822497659188195","51.52150405476545,6.814372629872339","WARNING","A3 | Oberhausen-Holten - Oberhausen"," Oberhausen -> Arnheim",0,"SLOW_TRAFFIC","55.29999923706055",2025-05-24,"Beginn: 24.05.25 um 17:40 Uhr  Angespannte Verkehrslage, seit 24.05.2025, 17:40 A3: Oberhausen -> Arnheim, zwischen 1.0 km hinter AS Oberhausen-Holten und 1.0 km vor AK Oberhausen  Langsamer Verkehr Reisezeitverlust: 0 Minuten Durchschnittsgeschwindigkeit: 55 km/h",51.5215040547655,6.81437262987234
"A3","undefined--vi-avl.2025-05-24_17-34-10-000.f.de0","51.63344633574729,6.747723214345251,51.63344633574729,6.747723214345251","51.63344633574729,6.747723214345251","WARNING","A3 | Bergschlag - Bergschlag"," Arnheim -> Oberhausen",NA,"STATIONARY_TRAFFIC","15",2025-05-24,"Beginn: 24.05.25 um 17:46 Uhr  Angespannte Verkehrslage, seit 24.05.2025, 17:46 A3: Arnheim -> Oberhausen, 3.4 km vor Bergschlag, aus Richtung Hünxe  Im Stillstand Durchschnittsgeschwindigkeit: 15 km/h",51.6334463357473,6.74772321434525
"A3","undefined--vi-zus.2025-05-24_17-33-14-000.f.de0","51.633438152514955,6.747729191190813,51.62133396646481,6.761754137656341","51.633438152514955,6.747729191190813","WARNING","A3 | Hünxe - Bergschlag"," Arnheim -> Oberhausen",5,"STATIONARY_TRAFFIC","14.899999618530273",2025-05-24,"Beginn: 24.05.25 um 17:33 Uhr  Zusammengesetzte Verkehrsinformation, seit 24.05.2025, 17:33 A3: Arnheim -> Oberhausen, zwischen 0.2 km hinter Hünxe und 1.8 km vor Bergschlag  Im Stillstand Reisezeitverlust: 5 Minuten Durchschnittsgeschwindigkeit: 14 km/h  Gefahr durch eine ungesicherte Unfallstelle",51.633438152515,6.74772919119081
"A3","undefined--vi-hind.2025-05-24_17-44-39-000.f.de0","51.62664326774798,6.754961762233596,51.61620338983971,6.768325865475531","51.62664326774798,6.754961762233596","WARNING","A3 | Hünxe - Bergschlag"," Arnheim -> Oberhausen",NA,NA,NA,2025-05-24,"Beginn: 24.05.25 um 17:44 Uhr  Hindernis, seit 24.05.2025, 17:44 A3: Arnheim -> Oberhausen, zwischen 1.1 km hinter Hünxe und 1.0 km vor Bergschlag  Gefahr durch eine ungesicherte Unfallstelle",51.626643267748,6.7549617622336
"A3","undefined--vi-hind.2025-05-24_17-39-20-000.f_003.de0","51.66469966202601,6.722079429115624,51.63952690093257,6.7437668999951255","51.66469966202601,6.722079429115624","WARNING","A3 | Wesel - Hünxe"," Arnheim -> Oberhausen",NA,NA,NA,2025-05-24,"Beginn: 24.05.25 um 17:39 Uhr  Hindernis, seit 24.05.2025, 17:39 A3: Arnheim -> Oberhausen, zwischen 0.3 km hinter AS Wesel und 0.6 km vor Hünxe  Gefahr durch eine ungesicherte Unfallstelle",51.664699662026,6.72207942911562
"A4","undefined--vi-hind.2025-05-24_17-08-41-000.f_002.de0","50.825467650306635,6.240973978459186,50.805361900937356,6.179659899985097","50.825467650306635,6.240973978459186","WARNING","A4 | Eschweiler-West - Aachen"," Köln -> Heerlen/Aachen",NA,NA,NA,2025-05-24,"Beginn: 24.05.25 um 17:08 Uhr  Hindernis, seit 24.05.2025, 17:08 A4: Köln -> Heerlen/Aachen, zwischen 0.4 km hinter AS Eschweiler-West und 0.6 km vor AK Aachen  Gefahr durch Gegenstände auf der Fahrbahn",50.8254676503066,6.24097397845919
"A4","undefined--vi-avl.2025-05-24_17-33-43-000.f_004.de0","50.89874118063319,6.9085534601752485,50.891618938001756,6.924295559226965","50.89874118063319,6.9085534601752485","WARNING","A4 | Köln-West - Köln-Eifeltor"," Heerlen/Aachen -> Köln",1,"SLOW_TRAFFIC","46.70000076293945",2025-05-24,"Beginn: 24.05.25 um 17:33 Uhr  Angespannte Verkehrslage, seit 24.05.2025, 17:33 A4: Heerlen/Aachen -> Köln, zwischen 5.4 km hinter AK Köln-West und 0.1 km vor AS Köln-Eifeltor  Langsamer Verkehr Reisezeitverlust: 1 Minuten Durchschnittsgeschwindigkeit: 46 km/h",50.8987411806332,6.90855346017525
"A4","undefined--vi-avl.2025-05-24_16-27-38-000.f.de0","50.97383685314143,7.481300448898413,50.9746146707369,7.513253686088817","50.97383685314143,7.481300448898413","WARNING","A4 | Bielstein - Gummersbach"," Köln -> Olpe",1,"SLOW_TRAFFIC","48.900001525878906",2025-05-24,"Beginn: 24.05.25 um 16:27 Uhr  Angespannte Verkehrslage, seit 24.05.2025, 16:27 A4: Köln -> Olpe, zwischen 1.3 km hinter AS Bielstein und 0.9 km vor AS Gummersbach  Langsamer Verkehr Reisezeitverlust: 1 Minuten Durchschnittsgeschwindigkeit: 48 km/h",50.9738368531414,7.48130044889841
"A4","undefined--vi-avl.2025-05-24_15-44-16-000.f_002.de0","50.9710836581378,7.555240563295273,50.9710836581378,7.555240563295273","50.9710836581378,7.555240563295273","WARNING","A4 | Morkepütz - Morkepütz"," Olpe -> Köln",NA,"STATIONARY_TRAFFIC","5",2025-05-24,"Beginn: 24.05.25 um 17:46 Uhr  Angespannte Verkehrslage, seit 24.05.2025, 17:46 A4: Olpe -> Köln, 0.3 km vor Morkepütz, aus Richtung Reichshof/Bergneustadt  Im Stillstand Durchschnittsgeschwindigkeit: 5 km/h",50.9710836581378,7.55524056329527
"A4","undefined--vi-avl.2025-05-24_09-27-00-000.f.de0","50.971086006439755,7.5552974038882015,50.97545628749326,7.509866317442706","50.971086006439755,7.5552974038882015","WARNING","A4 | Reichshof/Bergneustadt - Hömeler Feld"," Olpe -> Köln",10,"STATIONARY_TRAFFIC","15.600000381469727",2025-05-24,"Beginn: 24.05.25 um 09:27 Uhr  Angespannte Verkehrslage, seit 24.05.2025, 09:27 A4: Olpe -> Köln, zwischen 6.5 km hinter AS Reichshof/Bergneustadt und 0.4 km vor Hömeler Feld  Im Stillstand Reisezeitverlust: 10 Minuten Durchschnittsgeschwindigkeit: 15 km/h",50.9710860064398,7.5552974038882
"A5","undefined--vi-hind.2025-05-24_16-29-44-000.f_007.de0","50.568344551319434,8.797650211579048,50.56982934418044,8.798890093801699","50.568344551319434,8.797650211579048","WARNING","A5 | Fernwald - Reiskirchen"," Frankfurt -> Kassel",NA,NA,NA,2025-05-24,"Beginn: 24.05.25 um 16:29 Uhr  Fahrzeug-Hindernis, seit 24.05.2025, 16:29 A5: Frankfurt -> Kassel, zwischen 2.8 km hinter AS Fernwald und 3.0 km vor AS Reiskirchen Gefahr durch ein defektes Fahrzeug auf der Fahrbahn",50.5683445513194,8.79765021157905
"A6","undefined--vi-avl.2025-05-24_17-40-18-000.f_003.de0","49.16232992671842,9.27863002470563,49.161275400944426,9.282053400000063","49.16232992671842,9.27863002470563","WARNING","A6 | Sulmtal - Weinsberg"," Heilbronn -> Nürnberg",0,"STATIONARY_TRAFFIC","27.399999618530273",2025-05-24,"Beginn: 24.05.25 um 17:43 Uhr  Angespannte Verkehrslage, seit 24.05.2025, 17:43 A6: Heilbronn -> Nürnberg, zwischen 1.8 km hinter Sulmtal und 1.4 km vor AK Weinsberg  Im Stillstand Reisezeitverlust: 0 Minuten Durchschnittsgeschwindigkeit: 27 km/h",49.1623299267184,9.27863002470563
"A6","undefined--vi-avl.2025-05-24_10-04-30-000.f_007.de0","49.16129567689441,9.281988499662617,49.16129567689441,9.281988499662617","49.16129567689441,9.281988499662617","WARNING","A6 | Weinsberg - Weinsberg"," Heilbronn -> Nürnberg",NA,"STATIONARY_TRAFFIC","11",2025-05-24,"Beginn: 24.05.25 um 17:46 Uhr  Angespannte Verkehrslage, seit 24.05.2025, 17:46 A6: Heilbronn -> Nürnberg, 1.4 km vor AK Weinsberg, aus Richtung Sulmtal  Im Stillstand Durchschnittsgeschwindigkeit: 11 km/h",49.1612956768944,9.28198849966262
"A6","undefined--vi-avl.2025-05-24_17-40-18-000.f_001.de0","49.16232992671842,9.27863002470563,49.16232992671842,9.27863002470563","49.16232992671842,9.27863002470563","WARNING","A6 | Weinsberg - Weinsberg"," Heilbronn -> Nürnberg",NA,"STATIONARY_TRAFFIC","16",2025-05-24,"Beginn: 24.05.25 um 17:46 Uhr  Angespannte Verkehrslage, seit 24.05.2025, 17:46 A6: Heilbronn -> Nürnberg, 1.7 km vor AK Weinsberg, aus Richtung Sulmtal  Im Stillstand Durchschnittsgeschwindigkeit: 16 km/h",49.1623299267184,9.27863002470563
"A6","undefined--vi-hind.2025-05-24_17-24-11-000.f_001.de0","49.40812350094356,11.343868700006889,49.40598450094357,11.306983400006395","49.40812350094356,11.343868700006889","WARNING","A6 | Unterrieden - Altdorf"," Pilsen -> Nürnberg",NA,NA,NA,2025-05-24,"Beginn: 24.05.25 um 17:24 Uhr  Hindernis, seit 24.05.2025, 17:24 A6: Pilsen -> Nürnberg, zwischen 3.3 km hinter Unterrieden und 0.6 km vor AK Altdorf  Gefahr durch Gegenstände auf der Fahrbahn",49.4081235009436,11.3438687000069
"A6","undefined--vi-avl.2025-05-24_17-30-11-000.f_001.de0","49.63298267604683,12.455482163891759,49.63298267604683,12.455482163891759","49.63298267604683,12.455482163891759","WARNING","A6 | Ulrichsberg - Ulrichsberg"," Pilsen -> Nürnberg",NA,"STATIONARY_TRAFFIC","23",2025-05-24,"Beginn: 24.05.25 um 17:44 Uhr  Angespannte Verkehrslage, seit 24.05.2025, 17:44 A6: Pilsen -> Nürnberg, 0.3 km vor Ulrichsberg, aus Richtung Waidhaus  Im Stillstand Durchschnittsgeschwindigkeit: 23 km/h",49.6329826760468,12.4554821638918
"A6","undefined--vi-zus.2025-05-24_17-30-11-000.f.de0","49.63298267604683,12.455482163891759,49.63087810094304,12.45022460004655","49.63298267604683,12.455482163891759","WARNING","A6 | Waidhaus - Pleystein"," Pilsen -> Nürnberg",0,"STATIONARY_TRAFFIC","27.5",2025-05-24,"Beginn: 24.05.25 um 17:30 Uhr  Zusammengesetzte Verkehrsinformation, seit 24.05.2025, 17:30 A6: Pilsen -> Nürnberg, zwischen 2.6 km hinter AS Waidhaus und 2.9 km vor AS Pleystein  Im Stillstand Reisezeitverlust: 0 Minuten Durchschnittsgeschwindigkeit: 27 km/h",49.6329826760468,12.4554821638918
"A7","undefined--vi-zus.2025-05-24_15-25-02-000.f.de0","47.56745471700362,10.658966743090671,47.57145842080008,10.660385661305725","47.56745471700362,10.658966743090671","WARNING","A7 | Grenztunnel Füssen - Füssen"," Füssen/Reutte -> Ulm",0,"SLOW_TRAFFIC","26.399999618530273",2025-05-24,"Beginn: 24.05.25 um 15:25 Uhr  Zusammengesetzte Verkehrsinformation, seit 24.05.2025, 15:25 A7: Füssen/Reutte -> Ulm, zwischen 0.9 km hinter Grenztunnel Füssen und 0.3 km vor AS Füssen  Langsamer Verkehr Reisezeitverlust: 0 Minuten Durchschnittsgeschwindigkeit: 26 km/h",47.5674547170036,10.6589667430907
"A7","undefined--vi-avl.2025-05-24_15-25-02-000.f_007.de0","47.56745471700362,10.658966743090671,47.56745471700362,10.658966743090671","47.56745471700362,10.658966743090671","WARNING","A7 | Füssen - Füssen"," Füssen/Reutte -> Ulm",NA,"SLOW_TRAFFIC","7",2025-05-24,"Beginn: 24.05.25 um 17:44 Uhr  Angespannte Verkehrslage, seit 24.05.2025, 17:44 A7: Füssen/Reutte -> Ulm, 0.7 km vor AS Füssen, aus Richtung Grenztunnel Füssen  Langsamer Verkehr Durchschnittsgeschwindigkeit: 7 km/h",47.5674547170036,10.6589667430907
"A7","undefined--vi-zus.2025-05-24_15-24-01-000.f_002.de0","48.86586202626444,10.182508452592764,48.89029228828711,10.168153778367813","48.86586202626444,10.182508452592764","WARNING","A7 | Aalen/Oberkochen - Ellwangen"," Ulm -> Würzburg",1,"SLOW_TRAFFIC","69",2025-05-24,"Beginn: 24.05.25 um 15:24 Uhr  Zusammengesetzte Verkehrsinformation, seit 24.05.2025, 15:24 A7: Ulm -> Würzburg, zwischen 7.7 km hinter AS Aalen/Oberkochen und 7.8 km vor AS Ellwangen  Langsamer Verkehr Reisezeitverlust: 1 Minuten Durchschnittsgeschwindigkeit: 69 km/h",48.8658620262644,10.1825084525928
"A7","undefined--vi-hind.2025-05-24_17-20-45-000.f_001.de0","51.311708836494844,9.560490600091573,51.36906840093418,9.638150400000201","51.311708836494844,9.560490600091573","WARNING","A7 | Kassel-Nord - Humboldtblick"," Kassel -> Hannover",NA,NA,NA,2025-05-24,"Beginn: 24.05.25 um 17:20 Uhr  Hindernis, seit 24.05.2025, 17:20 A7: Kassel -> Hannover, zwischen 0.4 km hinter AS Kassel-Nord und 3.9 km vor Humboldtblick  Gefahr durch Gegenstände auf der Fahrbahn",51.3117088364948,9.56049060009157
"A7","undefined--vi-hind.2025-05-24_17-10-46-000.f_003.de0","51.886159978227624,10.130399724297035,51.924283588160684,10.140828248173344","51.886159978227624,10.130399724297035","WARNING","A7 | Seesen (Harz) - Harz"," Kassel -> Hannover",NA,NA,NA,2025-05-24,"Beginn: 24.05.25 um 17:10 Uhr  Hindernis, seit 24.05.2025, 17:10 A7: Kassel -> Hannover, zwischen 0.3 km hinter AS Seesen (Harz) und 0.5 km vor Harz  Gefahr durch Personen auf der Fahrbahn",51.8861599782276,10.130399724297
"A7","undefined--vi-hind.2025-05-24_17-10-46-000.f_005.de0","51.92442826720452,10.140684587632018,51.88598995306521,10.130116746779935","51.92442826720452,10.140684587632018","WARNING","A7 | Harz - Seesen (Harz)"," Hannover -> Kassel",NA,NA,NA,2025-05-24,"Beginn: 24.05.25 um 17:10 Uhr  Hindernis, seit 24.05.2025, 17:10 A7: Hannover -> Kassel, zwischen 0.5 km hinter Harz und 0.2 km vor AS Seesen (Harz)  Gefahr durch Personen auf der Fahrbahn",51.9244282672045,10.140684587632
"A7","undefined--vi-zus.2025-03-31_00-40-00-000.f_018.de0","53.579141433849884,9.913430072127355,53.55636870091902,9.897540700000414","53.579141433849884,9.913430072127355","WARNING","A7 | Hamburg-Volkspark - Elbtunnel (Nordportal)"," Flensburg -> Hamburg",NA,NA,NA,2025-03-31,"Beginn: 31.03.25 um 00:40 Uhr  Zusammengesetzte Verkehrsinformation, seit 31.03.2025, 00:40 A7: Flensburg -> Hamburg, zwischen 0.4 km hinter AS Hamburg-Volkspark und 0.9 km vor Elbtunnel (Nordportal)  A7 Flensburg Richtung Hamburg Ausfahrt Hamburg-Othmarschen Fahrbahnverengung, maximale Fahrbahnbreite von 4,50 m, Bauarbeiten, bis 29.09.2025",53.5791414338499,9.91343007212735
"A7","undefined--vi-avl.2025-05-24_17-36-20-000.f_004.de0","53.876780016246414,9.946880069778214,53.876780016246414,9.946880069778214","53.876780016246414,9.946880069778214","WARNING","A7 | Kaltenkirchen - Kaltenkirchen"," Flensburg -> Hamburg",NA,"STATIONARY_TRAFFIC","6",2025-05-24,"Beginn: 24.05.25 um 17:46 Uhr  Angespannte Verkehrslage, seit 24.05.2025, 17:46 A7: Flensburg -> Hamburg, 3.3 km vor AS Kaltenkirchen, aus Richtung Bad Bramstedt  Im Stillstand Durchschnittsgeschwindigkeit: 6 km/h",53.8767800162464,9.94688006977821
"A7","undefined--vi-avl.2025-05-24_17-36-20-000.f_008.de0","53.876708325459646,9.94688937642617,53.8268877787066,9.923301984683722","53.876708325459646,9.94688937642617","WARNING","A7 | Bad Bramstedt - Moorkaten"," Flensburg -> Hamburg",28,"STATIONARY_TRAFFIC","11.300000190734863",2025-05-24,"Beginn: 24.05.25 um 17:36 Uhr  Angespannte Verkehrslage, seit 24.05.2025, 17:36 A7: Flensburg -> Hamburg, zwischen 3.1 km hinter AS Bad Bramstedt und 0.6 km vor Moorkaten  Im Stillstand Reisezeitverlust: 28 Minuten Durchschnittsgeschwindigkeit: 11 km/h",53.8767083254596,9.94688937642617
"A8","undefined--vi-zus.2025-03-26_17-59-56-000.f_014.de0","49.326077820633785,7.175408561967308,49.327350714671546,7.213275819282444","49.326077820633785,7.175408561967308","WARNING","A8 | Neunkirchen/Spiesen - Kohlhof"," Saarlouis -> Neunkirchen",NA,NA,NA,2025-03-26,"Beginn: 26.03.25 um 17:59 Uhr  Zusammengesetzte Verkehrsinformation, seit 26.03.2025, 17:59 A8: Saarlouis -> Neunkirchen, zwischen 1.7 km hinter AS Neunkirchen/Spiesen und 1.0 km vor Kohlhof  A8 Saarlouis - Neunkirchen zwischen Neunkirchen-Spiesen und Neunkirchen-Oberstadt in beiden Richtungen Bauarbeiten, bis voraussichtlich 01.06.2025",49.3260778206338,7.17540856196731
"A8","undefined--vi-zus.2025-05-14_09-26-56-000.f.de0","49.32628400979037,7.229641516813452,49.329166750017514,7.1882642393148934","49.32628400979037,7.229641516813452","WARNING","A8 | Neunkirchen-Wellesweiler - Neunkirchen/Spiesen"," Neunkirchen -> Saarlouis",NA,NA,NA,2025-05-14,"Beginn: 14.05.25 um 09:26 Uhr  Zusammengesetzte Verkehrsinformation, seit 14.05.2025, 09:26 A8: Neunkirchen -> Saarlouis, zwischen 0.4 km hinter AS Neunkirchen-Wellesweiler und 2.7 km vor AS Neunkirchen/Spiesen  A8 Saarlouis - Neunkirchen zwischen Neunkirchen-Spiesen und Neunkirchen-Oberstadt in beiden Richtungen Bauarbeiten, bis voraussichtlich 01.06.2025",49.3262840097904,7.22964151681345
"A8","undefined--vi-hind.2025-05-24_17-42-48-000.f_001.de0","48.90784132940404,8.666009829562364,48.90784132940404,8.666009829562364","48.90784132940404,8.666009829562364","WARNING","A8 | Am Kämpfelbach - Pforzheim-West"," Stuttgart -> Karlsruhe",NA,NA,NA,2025-05-24,"Beginn: 24.05.25 um 17:42 Uhr  Fahrzeug-Hindernis, seit 24.05.2025, 17:42 A8: Stuttgart -> Karlsruhe, zwischen 1.7 km hinter Am Kämpfelbach und 0.9 km vor AS Pforzheim-West Gefahr durch ein defektes Fahrzeug auf der Fahrbahn",48.907841329404,8.66600982956236
"A8","undefined--vi-zus.2025-05-24_08-46-30-000.f_002.de0","48.9242553083936,8.745112771561896,48.91711644678242,8.761367615873697","48.9242553083936,8.745112771561896","WARNING","A8 | Pforzheim-Nord - Pforzheim-Ost"," Karlsruhe -> Stuttgart",1,"QUEUING_TRAFFIC","29.399999618530273",2025-05-24,"Beginn: 24.05.25 um 08:46 Uhr  Zusammengesetzte Verkehrsinformation, seit 24.05.2025, 08:46 A8: Karlsruhe -> Stuttgart, zwischen 2.2 km hinter AS Pforzheim-Nord und 0.5 km vor AS Pforzheim-Ost  Stockender Verkehr Reisezeitverlust: 1 Minuten Durchschnittsgeschwindigkeit: 29 km/h",48.9242553083936,8.7451127715619
"A8","undefined--vi-avl.2025-05-24_17-46-14-000.f_001.de0","48.9242553083936,8.745112771561896,48.9242553083936,8.745112771561896","48.9242553083936,8.745112771561896","WARNING","A8 | Pforzheim-Ost - Pforzheim-Ost"," Karlsruhe -> Stuttgart",NA,"QUEUING_TRAFFIC","22",2025-05-24,"Beginn: 24.05.25 um 17:46 Uhr  Angespannte Verkehrslage, seit 24.05.2025, 17:46 A8: Karlsruhe -> Stuttgart, 2.0 km vor AS Pforzheim-Ost, aus Richtung Pforzheim-Nord  Stockender Verkehr Durchschnittsgeschwindigkeit: 22 km/h",48.9242553083936,8.7451127715619
"A8","undefined--vi-hind.2025-05-24_17-16-48-000.f_002.de0","48.78398721555264,9.002381081826144,48.78494685110941,8.996275721995966","48.78398721555264,9.002381081826144","WARNING","A8 | Leonberg - Leonberg-West"," Stuttgart -> Karlsruhe",NA,NA,NA,2025-05-24,"Beginn: 24.05.25 um 17:16 Uhr  Fahrzeug-Hindernis, seit 24.05.2025, 17:16 A8: Stuttgart -> Karlsruhe, zwischen 0.9 km hinter AD Leonberg und 1.2 km vor AS Leonberg-West Gefahr durch ein defektes Fahrzeug auf der Fahrbahn",48.7839872155526,9.00238108182614
"A8","undefined--vi-hind.2025-05-24_15-31-00-000.f_008.de0","48.23038676445064,11.353364882305948,48.211075084515755,11.386163929008656","48.23038676445064,11.353364882305948","WARNING","A8 | Dachau/Fürstenfeldbruck - München-Eschenried"," Stuttgart -> München",NA,NA,NA,2025-05-24,"Beginn: 24.05.25 um 15:31 Uhr  Hindernis, seit 24.05.2025, 15:31 A8: Stuttgart -> München, zwischen 0.5 km hinter AS Dachau/Fürstenfeldbruck und 0.8 km vor AD München-Eschenried  Gefahr durch eine ungesicherte Unfallstelle",48.2303867644506,11.3533648823059
"A8","undefined--vi-avl.2025-05-24_17-40-18-000.f_004.de0","48.205522470294454,11.395760345317584,48.205522470294454,11.395760345317584","48.205522470294454,11.395760345317584","WARNING","A8 | München-Eschenried - München-Eschenried"," München -> Stuttgart",NA,"STATIONARY_TRAFFIC","21",2025-05-24,"Beginn: 24.05.25 um 17:46 Uhr  Angespannte Verkehrslage, seit 24.05.2025, 17:46 A8: München -> Stuttgart, 0.2 km vor AD München-Eschenried, aus Richtung München-Langwied  Im Stillstand Durchschnittsgeschwindigkeit: 21 km/h",48.2055224702945,11.3957603453176
"A8","undefined--vi-avl.2025-05-24_17-33-14-000.f_001.de0","48.20566245823228,11.395532536362742,48.219644433550016,11.37195543158738","48.20566245823228,11.395532536362742","WARNING","A8 | München-Langwied - Dachau/Fürstenfeldbruck"," München -> Stuttgart",5,"STATIONARY_TRAFFIC","21.799999237060547",2025-05-24,"Beginn: 24.05.25 um 17:33 Uhr  Angespannte Verkehrslage, seit 24.05.2025, 17:33 A8: München -> Stuttgart, zwischen 1.4 km hinter AS München-Langwied und 2.3 km vor AS Dachau/Fürstenfeldbruck  Im Stillstand Reisezeitverlust: 5 Minuten Durchschnittsgeschwindigkeit: 21 km/h",48.2056624582323,11.3955325363627
"A8","undefined--vi-avl.2025-05-24_06-00-00-000.f.de0","47.80569635192966,12.140677303038313,47.80394240094832,12.160497100035558","47.80569635192966,12.140677303038313","WARNING","A8 | Winkelbach - Rohrdorf"," München -> Salzburg",2,"QUEUING_TRAFFIC","30.5",2025-05-24,"Beginn: 24.05.25 um 06:00 Uhr  Angespannte Verkehrslage, seit 24.05.2025, 06:00 A8: München -> Salzburg, zwischen 0.2 km hinter Winkelbach und 0.2 km vor AS Rohrdorf  Stockender Verkehr Reisezeitverlust: 2 Minuten Durchschnittsgeschwindigkeit: 30 km/h",47.8056963519297,12.1406773030383
"A8","undefined--vi-avl.2025-05-24_17-44-12-000.f_002.de0","47.80569635192966,12.140677303038313,47.80569635192966,12.140677303038313","47.80569635192966,12.140677303038313","WARNING","A8 | Rohrdorf - Rohrdorf"," München -> Salzburg",NA,"QUEUING_TRAFFIC","15",2025-05-24,"Beginn: 24.05.25 um 17:46 Uhr  Angespannte Verkehrslage, seit 24.05.2025, 17:46 A8: München -> Salzburg, 1.7 km vor AS Rohrdorf, aus Richtung Winkelbach  Stockender Verkehr Durchschnittsgeschwindigkeit: 15 km/h",47.8056963519297,12.1406773030383
"A8","undefined--vi-avl.2025-05-24_15-37-24-000.f_004.de0","47.80240072580391,12.182144309720226,47.80240072580391,12.182144309720226","47.80240072580391,12.182144309720226","WARNING","A8 | Samerberg - Samerberg"," Salzburg -> München",NA,"QUEUING_TRAFFIC","16",2025-05-24,"Beginn: 24.05.25 um 17:46 Uhr  Angespannte Verkehrslage, seit 24.05.2025, 17:46 A8: Salzburg -> München, 0.4 km vor Samerberg, aus Richtung Apfelkam  Stockender Verkehr Durchschnittsgeschwindigkeit: 16 km/h",47.8024007258039,12.1821443097202
"A8","undefined--vi-avl.2025-05-24_13-44-35-000.f_001.de0","47.80240072580391,12.182144309720226,47.80343417760947,12.16492834293955","47.80240072580391,12.182144309720226","WARNING","A8 | Apfelkam - Rohrdorf"," Salzburg -> München",1,"QUEUING_TRAFFIC","31.700000762939453",2025-05-24,"Beginn: 24.05.25 um 13:44 Uhr  Angespannte Verkehrslage, seit 24.05.2025, 13:44 A8: Salzburg -> München, zwischen 1.4 km hinter Apfelkam und 0.1 km vor AS Rohrdorf  Stockender Verkehr Reisezeitverlust: 1 Minuten Durchschnittsgeschwindigkeit: 31 km/h",47.8024007258039,12.1821443097202
"A10","undefined--vi-hind.2025-05-24_17-05-04-000.f_006.de0","52.60225156023746,13.6050032036649,52.61195460093002,13.57468870012558","52.60225156023746,13.6050032036649","WARNING","A10 | Berlin-Hohenschönhausen - Barnim"," Dreieck Spreeau -> Dreieck Havelland",NA,NA,NA,2025-05-24,"Beginn: 24.05.25 um 17:05 Uhr  Hindernis, seit 24.05.2025, 17:05 A10: Dreieck Spreeau -> Dreieck Havelland, zwischen 0.2 km hinter AS Berlin-Hohenschönhausen und 1.1 km vor AD Barnim  Gefahr durch Gegenstände auf der Fahrbahn",52.6022515602375,13.6050032036649
"A10","undefined--vi-hind.2025-05-24_17-29-16-000.f_001.de0","52.3005237502404,13.071842653108922,52.298531178877234,13.034438086094365","52.3005237502404,13.071842653108922","WARNING","A10 | Nuthetal - Michendorf"," Schönefelder Kreuz -> Dreieck Potsdam",NA,NA,NA,2025-05-24,"Beginn: 24.05.25 um 17:29 Uhr  Hindernis, seit 24.05.2025, 17:29 A10: Schönefelder Kreuz -> Dreieck Potsdam, zwischen 0.7 km hinter AD Nuthetal und 0.6 km vor AS Michendorf  Gefahr durch Gegenstände auf der Fahrbahn",52.3005237502404,13.0718426531089
"A10","undefined--vi-hind.2025-05-24_16-52-25-000.f_002.de0","52.681061000928395,13.372777500099719,52.649729519106444,13.418694168025189","52.681061000928395,13.372777500099719","WARNING","A10 | Birkenwerder - Pankow"," Dreieck Havelland -> Dreieck Barnim",NA,NA,NA,2025-05-24,"Beginn: 24.05.25 um 16:52 Uhr  Fahrzeug-Hindernis, seit 24.05.2025, 16:52 A10: Dreieck Havelland -> Dreieck Barnim, zwischen 7.0 km hinter AS Birkenwerder und 0.9 km vor AD Pankow Gefahr durch ein defektes Fahrzeug auf der Fahrbahn",52.6810610009284,13.3727775000997
"A11","undefined--vi-hind.2025-05-24_17-05-04-000.f_005.de0","52.62372392910445,13.563888355302334,52.62372392910445,13.563888355302334","52.62372392910445,13.563888355302334","WARNING","A11 | Barnim - Bernau-Süd"," Berliner Ring -> Kreuz Uckermark",NA,NA,NA,2025-05-24,"Beginn: 24.05.25 um 17:05 Uhr  Hindernis, seit 24.05.2025, 17:05 A11: Berliner Ring -> Kreuz Uckermark, zwischen 1.2 km hinter AD Barnim und 2.9 km vor AS Bernau-Süd  Gefahr durch Gegenstände auf der Fahrbahn",52.6237239291045,13.5638883553023
"A11","undefined--vi-hind.2025-05-24_17-05-04-000.f_004.de0","52.62397339004878,13.56393990288957,52.64902245608523,13.568220481291648","52.62397339004878,13.56393990288957","WARNING","A11 | Barnim - Bernau-Süd"," Berliner Ring -> Kreuz Uckermark",NA,NA,NA,2025-05-24,"Beginn: 24.05.25 um 17:05 Uhr  Hindernis, seit 24.05.2025, 17:05 A11: Berliner Ring -> Kreuz Uckermark, zwischen 1.2 km hinter AD Barnim und 0.1 km vor AS Bernau-Süd  Gefahr durch Gegenstände auf der Fahrbahn",52.6239733900488,13.5639399028896
"A12","undefined--vi-hind.2025-05-24_17-06-14-000.f_007.de0","52.31935080094442,14.517776000328936,52.31935080094442,14.517776000328936","52.31935080094442,14.517776000328936","WARNING","A12 | Frankfurt(Oder)-Mitte - Frankfurt(Oder)-West"," Frankfurt(Oder) -> Berliner Ring",NA,NA,NA,2025-05-24,"Beginn: 24.05.25 um 17:06 Uhr  Fahrzeug-Hindernis, seit 24.05.2025, 17:06 A12: Frankfurt(Oder) -> Berliner Ring, zwischen 0.2 km hinter AS Frankfurt(Oder)-Mitte und 2.9 km vor AS Frankfurt(Oder)-West Gefahr durch ein defektes Fahrzeug auf der Fahrbahn",52.3193508009444,14.5177760003289
"A12","WarnungA10Lkw3","47.61802931631098,12.202336027754352,47.61802931631098,12.202336027754352","47.61802931631098,12.202336027754352","WARNING","E45/E60 | LKW Blockabfertigung | A12-Inntal Autobahn","Richtung Italien",NA,NA,NA,2025-01-11,"Zeitraum: Beginn: 07.01.2025 Ende: 09.12.2025  Hinweis für LKW-Reisende nach Österreich: LKW-Blockabfertigungen an ausgewählten Tagen für Lkw am Grenzübergang Kufstein/Kiefersfelden. Maximaler Durchlass von 300 LKWs pro Stunde  Die genauen Ausführungszeiten und weitere Informationen auf tirol.gv.at/verkehr/verkehrs-und-seilbahnrecht/lkw-dosierung.",47.618029316311,12.2023360277544
"A12","WarnungA10Lkw2","47.6164490154047,12.202382557672273,47.6164490154047,12.202382557672273","47.6164490154047,12.202382557672273","WARNING","E43/E45/E60 | A13-Brenner Autobahn","Richtung Italien",NA,NA,NA,2025-01-11,"Zeitraum: Beginn: 11.01.2025 Ende: 27.09.2025  Hinweis für LKW-Reisende nach Österreich: LKW-Fahrverbot auf der A12-Inntal Autobahn, A13-Brenner Autobahn und A14-Rheintal/Walgau Autobahn, wenn das Ziel der Fahrt der Anschlussstelle Nößlach bis Anschlussstelle Brenner Nord der Richtungsfahrbahn Staatsgrenze der A 13 Brenner Autobahn erreicht werden soll. An ausgewählten Samstagen 7-15 Uhr sowie weiteren Tagen im Zeitraum 11.01. - 27.09.2025 Weitere Informationen auf http://asfinag.at/a13",47.6164490154047,12.2023825576723
"A14","undefined--vi-hind.2025-05-24_17-35-10-000.f_001.de0","52.14167550092944,11.540573900007972,52.08550089855005,11.537956442304127","52.14167550092944,11.540573900007972","WARNING","A14 | Magdeburg-Stadtfeld - Wanzleben"," Magdeburg -> Halle",NA,NA,NA,2025-05-24,"Beginn: 24.05.25 um 17:35 Uhr  Hindernis, seit 24.05.2025, 17:35 A14: Magdeburg -> Halle, zwischen 0.3 km hinter AS Magdeburg-Stadtfeld und 0.3 km vor AS Wanzleben  Gefahr durch Gegenstände auf der Fahrbahn",52.1416755009294,11.540573900008
"A14","undefined--vi-avl.2025-05-24_13-00-29-000.f_002.de0","51.23754802754279,12.87540019846413,51.23754802754279,12.87540019846413","51.23754802754279,12.87540019846413","WARNING","A14 | Mutzschen - Mutzschen"," Nossen -> Leipzig",NA,"STATIONARY_TRAFFIC","6",2025-05-24,"Beginn: 24.05.25 um 17:46 Uhr  Angespannte Verkehrslage, seit 24.05.2025, 17:46 A14: Nossen -> Leipzig, 1.5 km vor AS Mutzschen, aus Richtung Leisnig  Im Stillstand Durchschnittsgeschwindigkeit: 6 km/h",51.2375480275428,12.8754001984641
"A14","undefined--vi-hind.2025-05-24_10-17-45-000.f_028.de0","51.24173110093593,12.861502900067599,51.25745730093562,12.734896900057029","51.24173110093593,12.861502900067599","WARNING","A14 | Leisnig - Grimma"," Nossen -> Leipzig",NA,NA,NA,2025-05-24,"Beginn: 24.05.25 um 10:17 Uhr  Fahrzeug-Hindernis, seit 24.05.2025, 10:17 A14: Nossen -> Leipzig, zwischen 9.0 km hinter AS Leisnig und 0.2 km vor AS Grimma",51.2417311009359,12.8615029000676
"A14","undefined--vi-zus.2025-05-24_12-58-50-000.f_001.de0","51.23754802754279,12.87540019846413,51.24173110093593,12.861502900067599","51.23754802754279,12.87540019846413","WARNING","A14 | Leisnig - Mutzschen"," Nossen -> Leipzig",9,"STATIONARY_TRAFFIC","6.5",2025-05-24,"Beginn: 24.05.25 um 12:58 Uhr  Zusammengesetzte Verkehrsinformation, seit 24.05.2025, 12:58 A14: Nossen -> Leipzig, zwischen 7.9 km hinter AS Leisnig und 0.4 km vor AS Mutzschen  Im Stillstand Reisezeitverlust: 9 Minuten Durchschnittsgeschwindigkeit: 6 km/h",51.2375480275428,12.8754001984641
"A14","undefined--vi-hind.2025-05-24_10-17-45-000.f_027.de0","51.242956997027306,12.858166014270168,51.25767940093562,12.739132700057349","51.242956997027306,12.858166014270168","WARNING","A14 | Leisnig - Grimma"," Nossen -> Leipzig",NA,NA,NA,2025-05-24,"Beginn: 24.05.25 um 10:17 Uhr  Fahrzeug-Hindernis, seit 24.05.2025, 10:17 A14: Nossen -> Leipzig, zwischen 9.3 km hinter AS Leisnig und 0.5 km vor AS Grimma",51.2429569970273,12.8581660142702
"A15","undefined--vi-avl.2025-05-24_17-40-46-000.f_002.de0","51.70890709988504,14.404734117831369,51.706832197818336,14.426732276349952","51.70890709988504,14.404734117831369","WARNING","A15 | Cottbus-Süd - Roggosen"," Cottbus -> Breslau",0,"SLOW_TRAFFIC","70.19999694824219",2025-05-24,"Beginn: 24.05.25 um 17:40 Uhr  Angespannte Verkehrslage, seit 24.05.2025, 17:40 A15: Cottbus -> Breslau, zwischen 4.0 km hinter AS Cottbus-Süd und 2.7 km vor AS Roggosen  Langsamer Verkehr Reisezeitverlust: 0 Minuten Durchschnittsgeschwindigkeit: 70 km/h",51.708907099885,14.4047341178314
"A17","undefined--vi-avl.2025-05-24_17-35-49-000.f.de0","51.04491434591461,13.607654863385239,51.038028200939976,13.612512800172082","51.04491434591461,13.607654863385239","WARNING","A17 | Dresden-West - Dresden-Gorbitz"," Dresden -> Prag",2,"STATIONARY_TRAFFIC","20.299999237060547",2025-05-24,"Beginn: 24.05.25 um 17:35 Uhr  Angespannte Verkehrslage, seit 24.05.2025, 17:35 A17: Dresden -> Prag, zwischen 2.1 km hinter AD Dresden-West und AS Dresden-Gorbitz  Im Stillstand Reisezeitverlust: 2 Minuten Durchschnittsgeschwindigkeit: 20 km/h",51.0449143459146,13.6076548633852
"A17","undefined--vi-avl.2025-05-24_17-38-11-000.f.de0","51.04491434591461,13.607654863385239,51.04491434591461,13.607654863385239","51.04491434591461,13.607654863385239","WARNING","A17 | Dresden-Gorbitz - Dresden-Gorbitz"," Dresden -> Prag",NA,"STATIONARY_TRAFFIC","16",2025-05-24,"Beginn: 24.05.25 um 17:46 Uhr  Angespannte Verkehrslage, seit 24.05.2025, 17:46 A17: Dresden -> Prag, 0.9 km vor AS Dresden-Gorbitz, aus Richtung Dresden-West  Im Stillstand Durchschnittsgeschwindigkeit: 16 km/h",51.0449143459146,13.6076548633852
"A17","undefined--vi-hind.2025-05-24_16-49-51-000.f_002.de0","50.991299120597176,13.769825806319838,50.97506820094185,13.811437000215943","50.991299120597176,13.769825806319838","WARNING","A17 | Dresden-Prohlis - Pirna"," Dresden -> Prag",NA,NA,NA,2025-05-24,"Beginn: 24.05.25 um 16:49 Uhr  Fahrzeug-Hindernis, seit 24.05.2025, 16:49 A17: Dresden -> Prag, zwischen 0.3 km hinter AS Dresden-Prohlis und 5.6 km vor AS Pirna Gefahr durch ein defektes Fahrzeug auf der Fahrbahn",50.9912991205972,13.7698258063198
"A17","undefined--vi-zus.2025-05-24_17-40-46-000.f.de0","50.82026170094333,13.887384300240237,50.8244130009433,13.887895800240193","50.82026170094333,13.887384300240237","WARNING","A17 | Breitenau-Schönwald - Bad Gottleuba"," Prag -> Dresden",0,"QUEUING_TRAFFIC","42.900001525878906",2025-05-24,"Beginn: 24.05.25 um 17:40 Uhr  Zusammengesetzte Verkehrsinformation, seit 24.05.2025, 17:40 A17: Prag -> Dresden, zwischen 4.5 km hinter Breitenau-Schönwald und 0.8 km vor AS Bad Gottleuba  Stockender Verkehr Reisezeitverlust: 0 Minuten Durchschnittsgeschwindigkeit: 42 km/h",50.8202617009433,13.8873843002402
"A19","undefined--vi-hind.2025-05-24_16-50-50-000.f_005.de0","54.01193110092464,12.202808048259023,54.01193110092464,12.202808048259023","54.01193110092464,12.202808048259023","WARNING","A19 | Kavelstorf - Rostock"," Dreieck Wittstock/Dosse -> Rostock",NA,NA,NA,2025-05-24,"Beginn: 24.05.25 um 16:50 Uhr  Fahrzeug-Hindernis, seit 24.05.2025, 16:50 A19: Dreieck Wittstock/Dosse -> Rostock, zwischen 0.1 km hinter AS Kavelstorf und 1.8 km vor AK Rostock Gefahr durch ein defektes Fahrzeug auf der Fahrbahn",54.0119311009246,12.202808048259
"A23","undefined--vi-avl.2025-05-24_17-30-11-000.f.de0","53.67968564347029,9.796039985064503,53.67968564347029,9.796039985064503","53.67968564347029,9.796039985064503","WARNING","A23 | Pinneberg-Nord - Pinneberg-Nord"," Heide -> Hamburg",NA,"STATIONARY_TRAFFIC","23",2025-05-24,"Beginn: 24.05.25 um 17:46 Uhr  Angespannte Verkehrslage, seit 24.05.2025, 17:46 A23: Heide -> Hamburg, 0.2 km vor AS Pinneberg-Nord, aus Richtung Forst Rantzau Süd  Im Stillstand Durchschnittsgeschwindigkeit: 23 km/h",53.6796856434703,9.7960399850645
"A23","undefined--vi-avl.2025-05-24_16-49-19-000.f_001.de0","53.6796179661339,9.796114795180637,53.66328391927647,9.816929274149718","53.6796179661339,9.796114795180637","WARNING","A23 | Forst Rantzau Süd - Pinneberg-Mitte"," Heide -> Hamburg",3,"STATIONARY_TRAFFIC","26.899999618530273",2025-05-24,"Beginn: 24.05.25 um 16:49 Uhr  Angespannte Verkehrslage, seit 24.05.2025, 16:49 A23: Heide -> Hamburg, zwischen 3.0 km hinter Forst Rantzau Süd und 1.0 km vor AS Pinneberg-Mitte  Im Stillstand Reisezeitverlust: 3 Minuten Durchschnittsgeschwindigkeit: 26 km/h",53.6796179661339,9.79611479518064
"A24","undefined--vi-hind.2025-05-24_15-53-31-000.f_007.de0","53.21005807058897,12.252780849245203,53.21005807058897,12.252780849245203","53.21005807058897,12.252780849245203","WARNING","A24 | Pritzwalk - Meyenburg"," Pritzwalk -> Schwerin",NA,NA,NA,2025-05-24,"Beginn: 24.05.25 um 15:53 Uhr  Fahrzeug-Hindernis, seit 24.05.2025, 15:53 A24: Pritzwalk -> Schwerin, zwischen 12.8 km hinter AS Pritzwalk und 3.9 km vor AS Meyenburg Gefahr durch ein defektes Fahrzeug auf der Fahrbahn",53.210058070589,12.2527808492452
"A27","undefined--vi-hind.2025-05-24_17-33-43-000.f_001.de0","53.12232475589787,8.78387640021383,53.12163682902797,8.785907133969314","53.12232475589787,8.78387640021383","WARNING","A27 | Osterwiesen - Fahrwiesen"," Bremerhaven -> Bremen",NA,NA,NA,2025-05-24,"Beginn: 24.05.25 um 17:33 Uhr  Fahrzeug-Hindernis, seit 24.05.2025, 17:33 A27: Bremerhaven -> Bremen, zwischen 0.2 km hinter Osterwiesen und 0.6 km vor Fahrwiesen Gefahr durch ein defektes Fahrzeug auf der Fahrbahn",53.1223247558979,8.78387640021383
"A37","undefined--vi-zus.2025-05-20_10-04-05-000.f_002.de0","52.442156462690335,9.933442989087833,52.436581812162494,9.913211841333315","52.442156462690335,9.933442989087833","WARNING","A37 | Beinhorn - Hannover-Kirchhorst"," Celle -> Hannover",NA,NA,NA,2025-05-20,"Beginn: 20.05.25 um 10:04 Uhr  Zusammengesetzte Verkehrsinformation, seit 20.05.2025, 10:04 B3: Celle -> Hannover, zwischen 0.4 km hinter AS Beinhorn und 2.1 km vor AK Hannover-Kirchhorst  A37 Messe - Burgdorf
zwischen Kreuz Hannover-Buchholz und Beinhorn
in beiden Richtungen geänderte Verkehrsführung im Baustellenbereich, Bauarbeiten, bis 30.10.2026 ca. 18:00 Uhr",52.4421564626903,9.93344298908783
"A37","undefined--vi-zus.2025-05-20_10-04-05-000.f_003.de0","52.42566547847685,9.880479425875153,52.44102213295518,9.93161290421946","52.42566547847685,9.880479425875153","WARNING","Baustelle"," km 22.62 --> km 26.54",NA,NA,NA,2025-05-20,"Beginn: 20.05.25 um 10:04 Uhr  Zusammengesetzte Verkehrsinformation, seit 20.05.2025, 10:04 A37: km 22.62 --> km 26.54  A37 Messe - Burgdorf
zwischen Kreuz Hannover-Buchholz und Beinhorn
in beiden Richtungen geänderte Verkehrsführung im Baustellenbereich, Bauarbeiten, bis 30.10.2026 ca. 18:00 Uhr",52.4256654784769,9.88047942587515
"A40","undefined--vi-avl.2025-05-24_17-42-48-000.f_001.de0","51.44642090093371,6.996165599997041,51.44241538873541,6.968563989205749","51.44642090093371,6.996165599997041","WARNING","A40 | Ruhrschnellwegtunnel - Essen-Frohnhausen"," Essen -> Duisburg",0,"SLOW_TRAFFIC","57.400001525878906",2025-05-24,"Beginn: 24.05.25 um 17:42 Uhr  Angespannte Verkehrslage, seit 24.05.2025, 17:42 A40: Essen -> Duisburg, zwischen 0.4 km hinter Ruhrschnellwegtunnel und AS Essen-Frohnhausen  Langsamer Verkehr Reisezeitverlust: 0 Minuten Durchschnittsgeschwindigkeit: 57 km/h",51.4464209009337,6.99616559999704
"A40","undefined--vi-avl.2025-05-24_15-54-13-000.f_012.de0","51.49619516773488,7.311252003324839,51.49681760093342,7.29005239999841","51.49619516773488,7.311252003324839","WARNING","A40 | Dortmund-Lütgendortmund - Bochum-Werne"," Dortmund -> Essen",0,"SLOW_TRAFFIC","52.400001525878906",2025-05-24,"Beginn: 24.05.25 um 15:54 Uhr  Angespannte Verkehrslage, seit 24.05.2025, 15:54 A40: Dortmund -> Essen, zwischen 1.0 km hinter AS Dortmund-Lütgendortmund und 0.1 km vor AS Bochum-Werne  Langsamer Verkehr Reisezeitverlust: 0 Minuten Durchschnittsgeschwindigkeit: 52 km/h",51.4961951677349,7.31125200332484
"A46","undefined--vi-hind.2025-05-24_16-44-11-000.f_002.de0","51.19124541070786,6.8982703362017865,51.19110226425331,6.896007081452263","51.19124541070786,6.8982703362017865","WARNING","A46 | Erkrath - Düsseldorf-Süd"," Wuppertal -> Düsseldorf",NA,NA,NA,2025-05-24,"Beginn: 24.05.25 um 16:44 Uhr  Fahrzeug-Hindernis, seit 24.05.2025, 16:44 A46: Wuppertal -> Düsseldorf, zwischen 1.2 km hinter AS Erkrath und 1.9 km vor AD Düsseldorf-Süd Gefahr durch ein defektes Fahrzeug auf der Fahrbahn",51.1912454107079,6.89827033620179
"A46","undefined--vi-avl.2025-05-24_17-43-46-000.f_001.de0","51.222023571549336,7.0715706265305505,51.22906032633031,7.0880870842571495","51.222023571549336,7.0715706265305505","WARNING","A46 | Haan-Ost - Wuppertal-Cronenberg"," Düsseldorf -> Wuppertal",0,"SLOW_TRAFFIC","61.20000076293945",2025-05-24,"Beginn: 24.05.25 um 17:43 Uhr  Angespannte Verkehrslage, seit 24.05.2025, 17:43 A46: Düsseldorf -> Wuppertal, zwischen 2.8 km hinter AS Haan-Ost und AS Wuppertal-Cronenberg  Langsamer Verkehr Reisezeitverlust: 0 Minuten Durchschnittsgeschwindigkeit: 61 km/h",51.2220235715493,7.07157062653055
"A46","undefined--vi-avl.2025-05-24_17-45-17-000.f.de0","51.23994476233921,7.092823959359569,51.225643477748825,7.0801699520392285","51.23994476233921,7.092823959359569","WARNING","A46 | Sonnborner Kreuz - Haan-Ost"," Wuppertal -> Düsseldorf",0,"SLOW_TRAFFIC","63.20000076293945",2025-05-24,"Beginn: 24.05.25 um 17:45 Uhr  Angespannte Verkehrslage, seit 24.05.2025, 17:45 A46: Wuppertal -> Düsseldorf, zwischen 0.2 km hinter AK Sonnborner Kreuz und 3.6 km vor AS Haan-Ost  Langsamer Verkehr Reisezeitverlust: 0 Minuten Durchschnittsgeschwindigkeit: 63 km/h",51.2399447623392,7.09282395935957
"A46","undefined--vi-zus.2025-05-24_17-46-14-000.f.de0","51.29289000093462,7.207777299998102,51.282483669447245,7.186845527830088","51.29289000093462,7.207777299998102","WARNING","A46 | Sternenberg - Wuppertal-Barmen"," Wuppertal -> Düsseldorf",0,"SLOW_TRAFFIC","59.900001525878906",2025-05-24,"Beginn: 24.05.25 um 17:46 Uhr  Zusammengesetzte Verkehrsinformation, seit 24.05.2025, 17:46 A46: Wuppertal -> Düsseldorf, zwischen 0.7 km hinter Sternenberg und 0.3 km vor AS Wuppertal-Barmen  Langsamer Verkehr Reisezeitverlust: 0 Minuten Durchschnittsgeschwindigkeit: 59 km/h",51.2928900009346,7.2077772999981
"A52","undefined--vi-avl.2025-05-24_17-42-17-000.f_002.de0","51.44951129986047,7.038705136753117,51.44951129986047,7.038705136753117","51.44951129986047,7.038705136753117","WARNING","A52 | Essen-Ost - Essen-Ost"," Düsseldorf -> Essen",NA,"SLOW_TRAFFIC","17",2025-05-24,"Beginn: 24.05.25 um 17:46 Uhr  Angespannte Verkehrslage, seit 24.05.2025, 17:46 A52: Düsseldorf -> Essen, 0.6 km vor AD Essen-Ost, aus Richtung Huttrop  Langsamer Verkehr Durchschnittsgeschwindigkeit: 17 km/h",51.4495112998605,7.03870513675312
"A57","undefined--vi-hind.2025-05-24_17-32-18-000.f.de0","51.00094859205357,6.885800297843931,51.000052660043686,6.8869848187752565","51.00094859205357,6.885800297843931","WARNING","A57 | Köln-Chorweiler - Köln-Nord"," Krefeld -> Köln",NA,NA,NA,2025-05-24,"Beginn: 24.05.25 um 17:32 Uhr  Fahrzeug-Hindernis, seit 24.05.2025, 17:32 A57: Krefeld -> Köln, zwischen 1.0 km hinter AS Köln-Chorweiler und 0.4 km vor AK Köln-Nord Gefahr durch ein defektes Fahrzeug auf der Fahrbahn",51.0009485920536,6.88580029784393
"A57","undefined--vi-avl.2025-05-24_17-23-31-000.f_001.de0","51.01034131514735,6.873484803872107,50.98654142569373,6.904264643486854","51.01034131514735,6.873484803872107","WARNING","A57 | Esch - Köln-Bickendorf"," Krefeld -> Köln",2,"SLOW_TRAFFIC","41.900001525878906",2025-05-24,"Beginn: 24.05.25 um 17:23 Uhr  Angespannte Verkehrslage, seit 24.05.2025, 17:23 A57: Krefeld -> Köln, zwischen 2.2 km hinter Esch und 2.1 km vor AS Köln-Bickendorf  Langsamer Verkehr Reisezeitverlust: 2 Minuten Durchschnittsgeschwindigkeit: 41 km/h",51.0103413151474,6.87348480387211
"A59","undefined--vi-hind.2025-05-24_17-19-37-000.f_001.de0","51.04110326531956,6.958006812352391,51.058017900935916,6.940256099996603","51.04110326531956,6.958006812352391","WARNING","A59 | Leverkusen-West - Monheim-Süd"," Köln -> Düsseldorf",NA,NA,NA,2025-05-24,"Beginn: 24.05.25 um 17:19 Uhr  Hindernis, seit 24.05.2025, 17:19 A59: Köln -> Düsseldorf, zwischen 0.7 km hinter AK Leverkusen-West und 3.0 km vor AD Monheim-Süd  Gefahr durch Gegenstände auf der Fahrbahn",51.0411032653196,6.95800681235239
"A59","undefined--vi-avl.2025-05-24_17-21-42-000.f_001.de0","51.4778294584341,6.7688011142979745,51.45454218087486,6.777513957646979","51.4778294584341,6.7688011142979745","WARNING","A59 | Duisburg-Nord - Duisburg"," Dinslaken -> Duisburg",2,"SLOW_TRAFFIC","37.900001525878906",2025-05-24,"Beginn: 24.05.25 um 17:21 Uhr  Angespannte Verkehrslage, seit 24.05.2025, 17:21 A59: Dinslaken -> Duisburg, zwischen 0.6 km hinter AK Duisburg-Nord und 0.9 km vor AK Duisburg  Langsamer Verkehr Reisezeitverlust: 2 Minuten Durchschnittsgeschwindigkeit: 37 km/h",51.4778294584341,6.76880111429797
"A60","undefined--vi-zus.2025-04-08_08-51-21-000.f_013.de0","49.98125533976677,8.345695317688524,49.97565770865279,8.441396718063045","49.98125533976677,8.345695317688524","WARNING","A60 | Mainspitz-Dreieck - Rüsselsheimer Dreieck"," Mainz -> Rüsselsheim",NA,NA,NA,2025-04-08,"Beginn: 08.04.25 um 08:51 Uhr  Zusammengesetzte Verkehrsinformation, seit 08.04.2025, 08:51 A60: Mainz -> Rüsselsheim, zwischen 0.5 km hinter AD Mainspitz-Dreieck und 2.2 km vor AD Rüsselsheimer Dreieck  Sperrung der A60 bei Königstädten – Grundhafte Fahrbahnerneuerung zwischen dem Rüsselsheimer Dreieck und dem Mainspitz Dreieck. Die Niederlassung West der Autobahn GmbH erneuert zwischen dem Rüsselsheimer Dreieck (30) und dem Mainspitz Dreieck (26) die Fahrbahn. Von Donnerstagmorgen (24. April) bis Mitte Juli wird die Anschlussstelle (AS) Königstädten (29) in Fahrtrichtung (FR) Mainz sowie in FR Rüsselsheimer Dreieck gesperrt. Umleitungsmöglichkeiten sind ausgeschildert: • Ausfahrt FR Mainz: Umleitung via AS Rüsselsheim-Mitte • Einfahrt FR Mainz: innerstädtische Umleitung zur AS Rüsselsheim-Mitte (Adam-Opel-Straße / Kurt-Schumacher-Ring), von Nauheim kommend via L3482 zur AS Bischofsheim • Einfahrt FR Darmstadt: innerstädtische Umleitung zur AS Rüsselsheim-Mitte (Adam-Opel-Straße / Kurt-Schumacher-Ring) Die Autobahn GmbH bittet alle Verkehrsteilnehmer um Verständnis für die unvermeidlichen Verkehrsbehinderungen, die durch die Arbeiten entstehen.",49.9812553397668,8.34569531768852
"A60","undefined--vi-avl.2025-05-24_17-42-48-000.f.de0","49.9732848730134,8.376586768868137,49.97372063799439,8.397820889628644","49.9732848730134,8.376586768868137","WARNING","A60 | Mainspitz-Dreieck - Rüsselsheim-Mitte"," Mainz -> Rüsselsheim",1,"QUEUING_TRAFFIC","35.599998474121094",2025-05-24,"Beginn: 24.05.25 um 17:42 Uhr  Angespannte Verkehrslage, seit 24.05.2025, 17:42 A60: Mainz -> Rüsselsheim, zwischen 3.0 km hinter AD Mainspitz-Dreieck und 1.1 km vor AS Rüsselsheim-Mitte  Stockender Verkehr Reisezeitverlust: 1 Minuten Durchschnittsgeschwindigkeit: 35 km/h",49.9732848730134,8.37658676886814
"A60","undefined--vi-avl.2025-05-24_17-43-46-000.f_003.de0","49.97464164120249,8.40664797829882,49.97327316958212,8.39010790401458","49.97464164120249,8.40664797829882","WARNING","A60 | Rüsselsheim-Mitte - Bischofsheim"," Rüsselsheim -> Mainz",0,"SLOW_TRAFFIC","60.20000076293945",2025-05-24,"Beginn: 24.05.25 um 17:43 Uhr  Angespannte Verkehrslage, seit 24.05.2025, 17:43 A60: Rüsselsheim -> Mainz, zwischen 0.5 km hinter AS Rüsselsheim-Mitte und 0.8 km vor AS Bischofsheim  Langsamer Verkehr Reisezeitverlust: 0 Minuten Durchschnittsgeschwindigkeit: 60 km/h",49.9746416412025,8.40664797829882
"A60","undefined--vi-zus.2025-05-03_10-55-00-000.f_003.de0","49.977457399447445,8.454646346787307,49.981587265039146,8.34517285786785","49.977457399447445,8.454646346787307","WARNING","A60 | Rüsselsheimer Dreieck - Mainspitz-Dreieck"," Rüsselsheim -> Mainz",NA,NA,NA,2025-05-03,"Beginn: 03.05.25 um 10:55 Uhr  Zusammengesetzte Verkehrsinformation, seit 03.05.2025, 10:55 A60: Rüsselsheim -> Mainz, zwischen 0.6 km hinter AD Rüsselsheimer Dreieck und 0.5 km vor AD Mainspitz-Dreieck  Sperrung der A60 bei Königstädten – Grundhafte Fahrbahnerneuerung zwischen dem Rüsselsheimer Dreieck und dem Mainspitz Dreieck. Die Niederlassung West der Autobahn GmbH erneuert zwischen dem Rüsselsheimer Dreieck (30) und dem Mainspitz Dreieck (26) die Fahrbahn. Von Donnerstagmorgen (24. April) bis Mitte Juli wird die Anschlussstelle (AS) Königstädten (29) in Fahrtrichtung (FR) Mainz sowie in FR Rüsselsheimer Dreieck gesperrt. Umleitungsmöglichkeiten sind ausgeschildert: • Ausfahrt FR Mainz: Umleitung via AS Rüsselsheim-Mitte • Einfahrt FR Mainz: innerstädtische Umleitung zur AS Rüsselsheim-Mitte (Adam-Opel-Straße / Kurt-Schumacher-Ring), von Nauheim kommend via L3482 zur AS Bischofsheim • Einfahrt FR Darmstadt: innerstädtische Umleitung zur AS Rüsselsheim-Mitte (Adam-Opel-Straße / Kurt-Schumacher-Ring) Die Autobahn GmbH bittet alle Verkehrsteilnehmer um Verständnis für die unvermeidlichen Verkehrsbehinderungen, die durch die Arbeiten entstehen.",49.9774573994474,8.45464634678731
"A61","undefined--vi-hind.2025-05-24_17-46-14-000.f.de0","49.69971743025065,8.212359518065366,49.6992415202251,8.214584735750542","49.69971743025065,8.212359518065366","WARNING","A61 | Gundersheim - Rotenstein"," Koblenz -> Ludwigshafen",NA,NA,NA,2025-05-24,"Beginn: 24.05.25 um 17:46 Uhr  Hindernis, seit 24.05.2025, 17:46 A61: Koblenz -> Ludwigshafen, zwischen 0.5 km hinter AS Gundersheim und 1.8 km vor Rotenstein  Gefahr durch Gegenstände auf der Fahrbahn",49.6997174302507,8.21235951806537
"A61","undefined--vi-hind.2025-05-24_15-48-26-000.f_009.de0","49.84130522254063,7.991306753476457,49.840096973748416,7.9931945839694665","49.84130522254063,7.991306753476457","WARNING","A61 | Sitzborn - Gau-Bickelheim"," Koblenz -> Ludwigshafen",NA,NA,NA,2025-05-24,"Beginn: 24.05.25 um 15:48 Uhr  Fahrzeug-Hindernis, seit 24.05.2025, 15:48 A61: Koblenz -> Ludwigshafen, zwischen 3.4 km hinter Sitzborn und 0.3 km vor AS Gau-Bickelheim Gefahr durch ein defektes Fahrzeug auf der Fahrbahn",49.8413052225406,7.99130675347646
"A61","undefined--vi-avl.2025-05-24_15-48-55-000.f_003.de0","50.39180048815822,7.251137510115402,50.40999040388031,7.23665552288099","50.39180048815822,7.251137510115402","WARNING","A61 | In Dürpel - Brohltal-Ost"," Koblenz -> Mönchengladbach",0,"SLOW_TRAFFIC","67.19999694824219",2025-05-24,"Beginn: 24.05.25 um 15:48 Uhr  Angespannte Verkehrslage, seit 24.05.2025, 15:48 A61: Koblenz -> Mönchengladbach, zwischen 0.2 km hinter In Dürpel und 3.3 km vor Brohltal-Ost  Langsamer Verkehr Reisezeitverlust: 0 Minuten Durchschnittsgeschwindigkeit: 67 km/h",50.3918004881582,7.2511375101154
"A61","undefined--vi-hind.2025-05-24_16-55-51-000.f_004.de0","50.59889313893058,7.014110525194215,50.59810195670208,7.01622864521979","50.59889313893058,7.014110525194215","WARNING","A61 | Rheinbach - Meckenheim"," Mönchengladbach -> Koblenz",NA,NA,NA,2025-05-24,"Beginn: 24.05.25 um 16:55 Uhr  Fahrzeug-Hindernis, seit 24.05.2025, 16:55 A61: Mönchengladbach -> Koblenz, zwischen 3.5 km hinter AS Rheinbach und 1.1 km vor AK Meckenheim Gefahr durch ein defektes Fahrzeug auf der Fahrbahn",50.5988931389306,7.01411052519421
"A61","undefined--vi-avl.2025-05-24_17-44-39-000.f.de0","51.12503336744545,6.425719584994593,51.13247170525055,6.424027422731335","51.12503336744545,6.425719584994593","WARNING","A61 | Mönchengladbach-Güdderath - Mönchengladbach-Wickrath"," Koblenz -> Mönchengladbach",0,"SLOW_TRAFFIC","42.70000076293945",2025-05-24,"Beginn: 24.05.25 um 17:44 Uhr  Angespannte Verkehrslage, seit 24.05.2025, 17:44 A61: Koblenz -> Mönchengladbach, zwischen 0.8 km hinter AS Mönchengladbach-Güdderath und 0.9 km vor AS Mönchengladbach-Wickrath  Langsamer Verkehr Reisezeitverlust: 0 Minuten Durchschnittsgeschwindigkeit: 42 km/h",51.1250333674454,6.42571958499459
"A65","undefined--vi-avl.2025-05-24_17-43-16-000.f.de0","49.240986184012556,8.148918515856064,49.261276546771015,8.15154091376169","49.240986184012556,8.148918515856064","WARNING","A65 | Landau-Dammheim - Pfälzer Weinstraße-Ost"," Landau -> Ludwigshafen",0,"SLOW_TRAFFIC","67",2025-05-24,"Beginn: 24.05.25 um 17:43 Uhr  Angespannte Verkehrslage, seit 24.05.2025, 17:43 A65: Landau -> Ludwigshafen, zwischen 1.7 km hinter AS Landau-Dammheim und 0.8 km vor Pfälzer Weinstraße-Ost  Langsamer Verkehr Reisezeitverlust: 0 Minuten Durchschnittsgeschwindigkeit: 67 km/h",49.2409861840126,8.14891851585606
"A65","undefined--vi-hind.2025-05-24_17-42-48-000.f.de0","49.38962491603604,8.26647416366725,49.390547649428036,8.267765574155378","49.38962491603604,8.26647416366725","WARNING","A65 | Hassloch - Hochdorf-Assenheim"," Landau -> Ludwigshafen",NA,NA,NA,2025-05-24,"Beginn: 24.05.25 um 17:42 Uhr  Fahrzeug-Hindernis, seit 24.05.2025, 17:42 A65: Landau -> Ludwigshafen, zwischen 1.5 km hinter AS Hassloch und 3.7 km vor AS Hochdorf-Assenheim Gefahr durch ein defektes Fahrzeug auf der Fahrbahn",49.389624916036,8.26647416366725
"A73","undefined--vi-hind.2025-05-24_16-04-09-000.f_014.de0","49.73903410094225,11.054526300003637,49.79372460094202,11.027220200003418","49.73903410094225,11.054526300003637","WARNING","A73 | Forchheim-Nord - Buttenheim"," Nürnberg -> Bamberg",NA,NA,NA,2025-05-24,"Beginn: 24.05.25 um 16:04 Uhr  Fahrzeug-Hindernis, seit 24.05.2025, 16:04 A73: Nürnberg -> Bamberg, zwischen 0.3 km hinter AS Forchheim-Nord und 0.2 km vor AS Buttenheim Gefahr durch ein defektes Fahrzeug auf der Fahrbahn",49.7390341009422,11.0545263000036
"A81","undefined--vi-avl.2025-05-24_17-11-45-000.f_002.de0","48.69857777512063,9.022171247249812,48.71472329301566,9.054107298081941","48.69857777512063,9.022171247249812","WARNING","A81 | Böblingen/Sindelfingen - Stuttgart"," Singen -> Stuttgart",2,"SLOW_TRAFFIC","41",2025-05-24,"Beginn: 24.05.25 um 17:11 Uhr  Angespannte Verkehrslage, seit 24.05.2025, 17:11 A81: Singen -> Stuttgart, zwischen 1.6 km hinter AS Böblingen/Sindelfingen und 2.3 km vor AK Stuttgart  Langsamer Verkehr Reisezeitverlust: 2 Minuten Durchschnittsgeschwindigkeit: 41 km/h",48.6985777751206,9.02217124724981
"A81","undefined--vi-avl.2025-05-24_17-40-18-000.f_002.de0","48.69857777512063,9.022171247249812,48.69857777512063,9.022171247249812","48.69857777512063,9.022171247249812","WARNING","A81 | Böblingen-Ost - Böblingen-Ost"," Singen -> Stuttgart",NA,"SLOW_TRAFFIC","23",2025-05-24,"Beginn: 24.05.25 um 17:46 Uhr  Angespannte Verkehrslage, seit 24.05.2025, 17:46 A81: Singen -> Stuttgart, 1.1 km vor AS Böblingen-Ost, aus Richtung Böblingen/Sindelfingen  Langsamer Verkehr Durchschnittsgeschwindigkeit: 23 km/h",48.6985777751206,9.02217124724981
"A81","undefined--vi-hind.2025-05-24_17-40-18-000.f_001.de0","49.16177378291519,9.300916173793288,49.23328380094419,9.349726400000074","49.16177378291519,9.300916173793288","WARNING","A81 | Weinsberg - Neuenstadt (Kocher)"," Heilbronn -> Würzburg",NA,NA,NA,2025-05-24,"Beginn: 24.05.25 um 17:40 Uhr  Hindernis, seit 24.05.2025, 17:40 A81: Heilbronn -> Würzburg, zwischen 0.5 km hinter AK Weinsberg und 0.4 km vor AS Neuenstadt (Kocher)  Gefahr durch eine ungesicherte Unfallstelle",49.1617737829152,9.30091617379329
"A92","undefined--vi-unf.2025-05-24_17-41-41-000.f.de0","48.5983826009464,12.225760600036653,48.585823779410376,12.188664410913555","48.5983826009464,12.225760600036653","WARNING","A92 | Landshut - Landshut/Essenbach"," Deggendorf -> München",NA,NA,NA,2025-05-24,"Beginn: 24.05.25 um 17:41 Uhr  Unfall, seit 24.05.2025, 17:41 A92: Deggendorf -> München, zwischen 0.3 km hinter AK Landshut und AS Landshut/Essenbach",48.5983826009464,12.2257606000367
"A93","undefined--vi-hind.2025-05-24_17-33-43-000.f.de0","49.45482951372512,12.19395989600523,49.48979100094341,12.188966000031563","49.45482951372512,12.19395989600523","WARNING","A93 | Schwarzenfeld - Pfreimd"," Regensburg -> Weiden",NA,NA,NA,2025-05-24,"Beginn: 24.05.25 um 17:33 Uhr  Hindernis, seit 24.05.2025, 17:33 A93: Regensburg -> Weiden, zwischen 8.3 km hinter AS Schwarzenfeld und 0.1 km vor AS Pfreimd  Gefahr durch Personen auf der Fahrbahn",49.4548295137251,12.1939598960052
"A93","undefined--vi-avl.2025-05-24_17-38-42-000.f.de0","49.4379304407891,12.183642330068142,49.45190791617204,12.193006510677831","49.4379304407891,12.183642330068142","WARNING","A93 | Schwarzenfeld - Nabburg"," Regensburg -> Weiden",4,"STATIONARY_TRAFFIC","21.399999618530273",2025-05-24,"Beginn: 24.05.25 um 17:38 Uhr  Angespannte Verkehrslage, seit 24.05.2025, 17:38 A93: Regensburg -> Weiden, zwischen 6.2 km hinter AS Schwarzenfeld und 0.4 km vor AS Nabburg  Im Stillstand Reisezeitverlust: 4 Minuten Durchschnittsgeschwindigkeit: 21 km/h",49.4379304407891,12.1836423300681
"A93","undefined--vi-avl.2025-05-24_17-40-18-000.f.de0","49.4379304407891,12.183642330068142,49.4379304407891,12.183642330068142","49.4379304407891,12.183642330068142","WARNING","A93 | Nabburg - Nabburg"," Regensburg -> Weiden",NA,"STATIONARY_TRAFFIC","21",2025-05-24,"Beginn: 24.05.25 um 17:46 Uhr  Angespannte Verkehrslage, seit 24.05.2025, 17:46 A93: Regensburg -> Weiden, 2.1 km vor AS Nabburg, aus Richtung Schwarzenfeld  Im Stillstand Durchschnittsgeschwindigkeit: 21 km/h",49.4379304407891,12.1836423300681
"A93","undefined--vi-hind.2025-05-24_17-33-43-000.f_002.de0","49.4899138856157,12.18879671110894,49.45497380094357,12.19381910003191","49.4899138856157,12.18879671110894","WARNING","A93 | Pfreimd - Schwarzenfeld"," Weiden -> Regensburg",NA,NA,NA,2025-05-24,"Beginn: 24.05.25 um 17:33 Uhr  Hindernis, seit 24.05.2025, 17:33 A93: Weiden -> Regensburg, zwischen 0.1 km hinter AS Pfreimd und 8.3 km vor AS Schwarzenfeld  Gefahr durch Personen auf der Fahrbahn",49.4899138856157,12.1887967111089
"A96","undefined--vi-hind.2025-05-24_17-43-46-000.f.de0","48.11733846984709,11.384858812081719,48.09658460094758,11.320793100007231","48.11733846984709,11.384858812081719","WARNING","A96 | München Süd-West - Gilching"," München -> Lindau",NA,NA,NA,2025-05-24,"Beginn: 24.05.25 um 17:43 Uhr  Hindernis, seit 24.05.2025, 17:43 A96: München -> Lindau, zwischen 1.9 km hinter AD München Süd-West und 0.5 km vor AS Gilching  Gefahr durch eine ungesicherte Unfallstelle",48.1173384698471,11.3848588120817
"A111","undefined--vi-hind.2025-05-24_17-30-11-000.f.de0","52.692299039735985,13.203981691704168,52.692656537991674,13.203594617674689","52.692299039735985,13.203981691704168","WARNING","A111 | Hennigsdorf - Kreuz Oranienburg"," Charlottenburg -> Dreieck Oranienburg",NA,NA,NA,2025-05-24,"Beginn: 24.05.25 um 17:30 Uhr  Fahrzeug-Hindernis, seit 24.05.2025, 17:30 A111: Charlottenburg -> Dreieck Oranienburg, zwischen 2.5 km hinter AS Hennigsdorf und 1.3 km vor AD Kreuz Oranienburg Gefahr durch ein defektes Fahrzeug auf der Fahrbahn",52.692299039736,13.2039816917042
"A113","undefined--vi-avl.2025-05-24_08-15-30-000.f_001.de0","52.44663737720714,13.471679912948511,52.44663737720714,13.471679912948511","52.44663737720714,13.471679912948511","WARNING","A113 | Späthstraße - Späthstraße"," Schönefeld -> Neukölln",NA,"STATIONARY_TRAFFIC","5",2025-05-24,"Beginn: 24.05.25 um 17:46 Uhr  Angespannte Verkehrslage, seit 24.05.2025, 17:46 A113: Schönefeld -> Neukölln, 1.1 km vor AS Späthstraße, aus Richtung Johannisthaler Chaussee  Im Stillstand Durchschnittsgeschwindigkeit: 5 km/h",52.4466373772071,13.4716799129485
"A113","undefined--vi-zus.2025-05-23_04-57-30-000.f.de0","52.43617318100181,13.493052326243479,52.427730500930934,13.517008500122175","52.43617318100181,13.493052326243479","WARNING","A113 | Johannisthaler Chaussee - Rudower Höhe"," Neukölln -> Schönefeld",NA,NA,NA,2025-05-23,"Beginn: 23.05.25 um 04:57 Uhr  Zusammengesetzte Verkehrsinformation, seit 23.05.2025, 04:57 A113: Neukölln -> Schönefeld, zwischen 1.2 km hinter AS Johannisthaler Chaussee und 1.0 km vor Rudower Höhe  A113 Autobahnzubringer Dresden, Neukölln Richtung Schönefeld
zwischen Stubenrauchstraße und Tunnel Rudower Höhe
linker Fahrstreifen gesperrt, Bauarbeiten, bis voraussichtlich 20.06.2025",52.4361731810018,13.4930523262435
"A113","undefined--vi-avl.2025-05-24_08-15-00-000.f.de0","52.44663737720714,13.471679912948511,52.45209490093047,13.462718900114677","52.44663737720714,13.471679912948511","WARNING","A113 | Johannisthaler Chaussee - Späthstraße"," Schönefeld -> Neukölln",10,"STATIONARY_TRAFFIC","4.800000190734863",2025-05-24,"Beginn: 24.05.25 um 08:15 Uhr  Angespannte Verkehrslage, seit 24.05.2025, 08:15 A113: Schönefeld -> Neukölln, zwischen 0.6 km hinter AS Johannisthaler Chaussee und 0.2 km vor AS Späthstraße  Im Stillstand Reisezeitverlust: 10 Minuten Durchschnittsgeschwindigkeit: 4 km/h",52.4466373772071,13.4716799129485
"A113","undefined--vi-zus.2025-05-24_14-46-02-000.f_009.de0","52.37839908826458,13.542599091402097,52.36931552754615,13.548195838188391","52.37839908826458,13.542599091402097","WARNING","A113 | Schönefeld-Süd - Waltersdorf"," Neukölln -> Schönefeld",NA,NA,NA,2025-05-24,"Beginn: 24.05.25 um 14:46 Uhr  Zusammengesetzte Verkehrsinformation, seit 24.05.2025, 14:46 A113: Neukölln -> Schönefeld, zwischen 2.1 km hinter AS Schönefeld-Süd und 0.5 km vor AD Waltersdorf  Gefahr durch Personen auf der Fahrbahn  A113 Autobahnzubringer Dresden, Neukölln Richtung Schönefeld in Höhe Dreieck Flughafen Berlin Brandenburg Gefahr durch liegengebliebenes Fahrzeug, Gefahr durch Personen auf der Fahrbahn, bitte vorsichtig fahren",52.3783990882646,13.5425990914021
"A115","undefined--vi-zus.2024-10-09_07-09-40-000.f_531.de0","52.40027056808641,13.185163736426698,52.44227384698058,13.202709435405149","52.40027056808641,13.185163736426698","WARNING","A115 | Am Stern - Hüttenweg"," Dreieck Nuthetal -> Dreieck Funkturm",NA,NA,NA,2024-10-09,"Beginn: 09.10.24 um 07:09 Uhr  Zusammengesetzte Verkehrsinformation, seit 09.10.2024, 07:09 A115: Dreieck Nuthetal -> Dreieck Funkturm, zwischen 2.9 km hinter Am Stern und 3.8 km vor AS Hüttenweg  A115 Autobahnzubringer Magdeburg, Dreieck Nuthetal Richtung Dreieck Funkturm, zwischen Anschlussstelle Kleinmachnow und Anschlussstelle Spanische Allee, Baustelle, bis 31.10.2026 17:00 Uhr",52.4002705680864,13.1851637364267
"A115","undefined--vi-avl.2025-05-24_12-20-34-000.f_001.de0","52.400204175399516,13.185088356576113,52.4089589670027,13.194993785042493","52.400204175399516,13.185088356576113","WARNING","A115 | Am Stern - Dreilinden"," Dreieck Nuthetal -> Dreieck Funkturm",3,"STATIONARY_TRAFFIC","16.799999237060547",2025-05-24,"Beginn: 24.05.25 um 12:20 Uhr  Angespannte Verkehrslage, seit 24.05.2025, 12:20 A115: Dreieck Nuthetal -> Dreieck Funkturm, zwischen 2.9 km hinter Am Stern und 0.8 km vor Dreilinden  Im Stillstand Reisezeitverlust: 3 Minuten Durchschnittsgeschwindigkeit: 16 km/h",52.4002041753995,13.1850883565761
"A115","undefined--vi-avl.2025-05-24_14-08-15-000.f_002.de0","52.40044761499012,13.185364750484283,52.40044761499012,13.185364750484283","52.40044761499012,13.185364750484283","WARNING","A115 | Kleinmachnow - Kleinmachnow"," Dreieck Nuthetal -> Dreieck Funkturm",NA,"STATIONARY_TRAFFIC","11",2025-05-24,"Beginn: 24.05.25 um 17:46 Uhr  Angespannte Verkehrslage, seit 24.05.2025, 17:46 A115: Dreieck Nuthetal -> Dreieck Funkturm, 0.2 km vor AS Kleinmachnow, aus Richtung Am Stern  Im Stillstand Durchschnittsgeschwindigkeit: 11 km/h",52.4004476149901,13.1853647504843
"A115","undefined--vi-zus.2024-10-13_05-33-30-000.f_688.de0","52.44029442937371,13.199911385595513,52.43107524997983,13.191805707063864","52.44029442937371,13.199911385595513","WARNING","A115 | Hüttenweg - Kreuz Zehlendorf"," Dreieck Funkturm -> Dreieck Nuthetal",NA,NA,NA,2024-10-13,"Beginn: 13.10.24 um 05:33 Uhr  Zusammengesetzte Verkehrsinformation, seit 13.10.2024, 05:33 A115: Dreieck Funkturm -> Dreieck Nuthetal, zwischen 4.1 km hinter AS Hüttenweg und 1.3 km vor AS Kreuz Zehlendorf  A115 Dreieck Funkturm Richtung Dreieck Nuthetal
zwischen Spanische Allee und Kleinmachnow
Verkehr wird über die Gegenfahrbahn geleitet, geänderte Verkehrsführung im Baustellenbereich, Bauarbeiten",52.4402944293737,13.1999113855955
"A620","undefined--vi-avl.2025-05-24_17-13-20-000.f_002.de0","49.24541223638122,6.8623341232782415,49.24541223638122,6.8623341232782415","49.24541223638122,6.8623341232782415","WARNING","A620 | Völklingen - Völklingen"," Saarbrücken -> Saarlouis",NA,"QUEUING_TRAFFIC","10",2025-05-24,"Beginn: 24.05.25 um 17:46 Uhr  Angespannte Verkehrslage, seit 24.05.2025, 17:46 A620: Saarbrücken -> Saarlouis, in Höhe AS Völklingen, aus Richtung Völklingen-Ost  Stockender Verkehr Durchschnittsgeschwindigkeit: 10 km/h",49.2454122363812,6.86233412327824
"A620","undefined--vi-zus.2025-05-24_17-08-41-000.f.de0","49.24545188293291,6.86236651783782,49.24210502231224,6.839627845873234","49.24545188293291,6.86236651783782","WARNING","A620 | Völklingen-Ost - Völklingen-Wehrden"," Saarbrücken -> Saarlouis",3,"QUEUING_TRAFFIC","25.100000381469727",2025-05-24,"Beginn: 24.05.25 um 17:08 Uhr  Zusammengesetzte Verkehrsinformation, seit 24.05.2025, 17:08 A620: Saarbrücken -> Saarlouis, zwischen 0.6 km hinter AS Völklingen-Ost und 1.4 km vor AS Völklingen-Wehrden  Stockender Verkehr Reisezeitverlust: 3 Minuten Durchschnittsgeschwindigkeit: 25 km/h",49.2454518829329,6.86236651783782
"A661","undefined--vi-hind.2025-05-24_17-06-14-000.f_008.de0","50.20606633274416,8.624832317997447,50.210767126135934,8.60360814882969","50.20606633274416,8.624832317997447","WARNING","A661 | Bad Homburg - Oberursel-Nord"," Darmstadt -> Bad Homburg",NA,NA,NA,2025-05-24,"Beginn: 24.05.25 um 17:06 Uhr  Fahrzeug-Hindernis, seit 24.05.2025, 17:06 A661: Darmstadt -> Bad Homburg, zwischen 0.1 km hinter AS Bad Homburg und 2.0 km vor AS Oberursel-Nord Gefahr durch ein defektes Fahrzeug auf der Fahrbahn",50.2060663327442,8.62483231799745
"A861","undefined--vi-avl.2025-05-24_10-00-11-000.f_004.de0","47.55988222106523,7.758069155611078,47.55988222106523,7.758069155611078","47.55988222106523,7.758069155611078","WARNING","A861 | Rheinfelden-Süd - Rheinfelden-Süd"," Dreieck Hochrhein -> Grenzübergang Rheinfelden",NA,"STATIONARY_TRAFFIC","9",2025-05-24,"Beginn: 24.05.25 um 17:46 Uhr  Angespannte Verkehrslage, seit 24.05.2025, 17:46 A861: Dreieck Hochrhein -> Grenzübergang Rheinfelden, 1.1 km vor AS Rheinfelden-Süd, aus Richtung Rheinfelden-Mitte  Im Stillstand Durchschnittsgeschwindigkeit: 9 km/h",47.5598822210652,7.75806915561108
"A861","undefined--vi-avl.2025-05-24_09-32-00-000.f_001.de0","47.559846619615435,7.758061387465523,47.548363300948715,7.758275399999488","47.559846619615435,7.758061387465523","WARNING","Baustelle"," km 1.28 --> km -0.00",6,"STATIONARY_TRAFFIC","9.300000190734863",2025-05-24,"Beginn: 24.05.25 um 09:32 Uhr  Angespannte Verkehrslage, seit 24.05.2025, 09:32 A861: km 1.28 --> km -0.00  Im Stillstand Reisezeitverlust: 6 Minuten Durchschnittsgeschwindigkeit: 9 km/h",47.5598466196154,7.75806138746552
