"road","identifier","extent","point","display_type","title","subtitle","delay_minutes","abnormalTrafficType","averageSpeed","startTimestamp","description","latitude","longitude"
"A1","undefined--vi-avl.2025-05-24_17-07-38-000.f_001.de0","50.83574336946137,6.794567171040892,50.85269977087939,6.804601196334652","50.83574336946137,6.794567171040892","WARNING","A1 | Erfttal - Ville"," Euskirchen -> Köln",3,"STATIONARY_TRAFFIC","28.399999618530273",2025-05-24,"Beginn: 24.05.25 um 17:07 Uhr  Angespannte Verkehrslage, seit 24.05.2025, 17:07 A1: Euskirchen -> Köln, zwischen 2.3 km hinter AD Erfttal und 0.6 km vor Ville  Im Stillstand Reisezeitverlust: 3 Minuten Durchschnittsgeschwindigkeit: 28 km/h",50.8357433694614,6.79456717104089
"A1","undefined--vi-avl.2025-05-24_19-14-00-000.f.de0","50.835714032771264,6.794534329348944,50.835714032771264,6.794534329348944","50.835714032771264,6.794534329348944","WARNING","A1 | Hürth - Hürth"," Euskirchen -> Köln",NA,"STATIONARY_TRAFFIC","16",2025-05-24,"Beginn: 24.05.25 um 19:20 Uhr  Angespannte Verkehrslage, seit 24.05.2025, 19:20 A1: Euskirchen -> Köln, 1.5 km vor AS Hürth, aus Richtung Erfttal  Im Stillstand Durchschnittsgeschwindigkeit: 16 km/h",50.8357140327713,6.79453432934894
"A1","undefined--vi-hind.2025-05-24_18-49-04-000.f_002.de0","51.053739026869046,7.047894691279007,51.05437311327779,7.04968542982719","51.053739026869046,7.047894691279007","WARNING","A1 | Leverkusen - Burscheid"," Köln -> Dortmund",NA,NA,NA,2025-05-24,"Beginn: 24.05.25 um 18:49 Uhr  Fahrzeug-Hindernis, seit 24.05.2025, 18:49 A1: Köln -> Dortmund, zwischen 3.1 km hinter AK Leverkusen und 6.8 km vor AS Burscheid Gefahr durch ein defektes Fahrzeug auf der Fahrbahn",51.053739026869,7.04789469127901
"A1","undefined--vi-hind.2025-05-24_19-15-30-000.f_001.de0","51.79873725437162,7.633391963608636,51.88480920093105,7.575405199999122","51.79873725437162,7.633391963608636","WARNING","A1 | Ascheberg - Münster-Hiltrup"," Dortmund -> Münster",NA,NA,NA,2025-05-24,"Beginn: 24.05.25 um 19:15 Uhr  Hindernis, seit 24.05.2025, 19:15 A1: Dortmund -> Münster, zwischen 0.3 km hinter AS Ascheberg und 0.2 km vor AS Münster-Hiltrup",51.7987372543716,7.63339196360864
"A1","undefined--vi-hind.2025-05-24_18-17-30-000.f_002.de0","52.1465643040487,7.732196236976728,52.11366833237991,7.699819836949024","52.1465643040487,7.732196236976728","WARNING","A1 | Buddenkuhle - Kroner Heide"," Osnabrück -> Münster",NA,NA,NA,2025-05-24,"Beginn: 24.05.25 um 18:17 Uhr  Fahrzeug-Hindernis, seit 24.05.2025, 18:17 A1: Osnabrück -> Münster, zwischen 3.2 km hinter Buddenkuhle und 2.3 km vor Kroner Heide Gefahr durch ein defektes Fahrzeug auf der Fahrbahn",52.1465643040487,7.73219623697673
"A1","undefined--vi-avl.2025-05-24_19-12-30-000.f_002.de0","53.9838906911137,10.733298585419822,53.9838906911137,10.733298585419822","53.9838906911137,10.733298585419822","WARNING","A1 | Ratekau - Ratekau"," Fehmarn -> Lübeck",NA,"SLOW_TRAFFIC","17",2025-05-24,"Beginn: 24.05.25 um 19:20 Uhr  Angespannte Verkehrslage, seit 24.05.2025, 19:20 A1: Fehmarn -> Lübeck, 4.1 km vor AS Ratekau, aus Richtung Pansdorf  Langsamer Verkehr Durchschnittsgeschwindigkeit: 17 km/h",53.9838906911137,10.7332985854198
"A1","undefined--vi-avl.2025-05-24_18-45-16-000.f_005.de0","53.983989106594905,10.733314324269621,53.932200117601525,10.731313583630222","53.983989106594905,10.733314324269621","WARNING","A1 | Pansdorf - Sereetzerfeld"," Fehmarn -> Lübeck",4,"SLOW_TRAFFIC","42.20000076293945",2025-05-24,"Beginn: 24.05.25 um 18:45 Uhr  Angespannte Verkehrslage, seit 24.05.2025, 18:45 A1: Fehmarn -> Lübeck, zwischen 2.5 km hinter AS Pansdorf und Sereetzerfeld  Langsamer Verkehr Reisezeitverlust: 4 Minuten Durchschnittsgeschwindigkeit: 42 km/h",53.9839891065949,10.7333143242696
"A2","undefined--vi-avl.2025-05-24_18-13-00-000.f_008.de0","52.22046398094066,9.125590689414041,52.21864091833183,9.155011010636827","52.22046398094066,9.125590689414041","WARNING","A2 | Bad Eilsen-Ost - Bernser Kirchweg"," Dortmund -> Hannover",8,"STATIONARY_TRAFFIC","13.399999618530273",2025-05-24,"Beginn: 24.05.25 um 18:13 Uhr  Angespannte Verkehrslage, seit 24.05.2025, 18:13 A2: Dortmund -> Hannover, zwischen AS Bad Eilsen-Ost und 0.9 km vor Bernser Kirchweg  Im Stillstand Reisezeitverlust: 8 Minuten Durchschnittsgeschwindigkeit: 13 km/h",52.2204639809407,9.12559068941404
"A2","undefined--vi-avl.2025-05-24_18-24-30-000.f_003.de0","52.220470380972934,9.125663136496463,52.220470380972934,9.125663136496463","52.220470380972934,9.125663136496463","WARNING","A2 | Bernser Kirchweg - Bernser Kirchweg"," Dortmund -> Hannover",NA,"STATIONARY_TRAFFIC","8",2025-05-24,"Beginn: 24.05.25 um 19:20 Uhr  Angespannte Verkehrslage, seit 24.05.2025, 19:20 A2: Dortmund -> Hannover, 2.9 km vor Bernser Kirchweg, aus Richtung Bad Eilsen-Ost  Im Stillstand Durchschnittsgeschwindigkeit: 8 km/h",52.2204703809729,9.12566313649646
"A2","undefined--vi-hind.2025-05-24_18-44-00-000.f_002.de0","52.23347790092896,12.062622300018974,52.23347790092896,12.062622300018974","52.23347790092896,12.062622300018974","WARNING","A2 | Theessen - Ihlegrund"," Berliner Ring -> Magdeburg",NA,NA,NA,2025-05-24,"Beginn: 24.05.25 um 18:44 Uhr  Fahrzeug-Hindernis, seit 24.05.2025, 18:44 A2: Berliner Ring -> Magdeburg, zwischen 0.2 km hinter AS Theessen und 6.5 km vor Ihlegrund Gefahr durch ein defektes Fahrzeug auf der Fahrbahn",52.233477900929,12.062622300019
"A3","undefined--vi-hind.2025-05-24_18-33-40-000.f_005.de0","50.23297318173374,8.248114996243059,50.23452732488134,8.247150429264929","50.23297318173374,8.248114996243059","WARNING","A3 | Idstein - Bad Camberg"," Frankfurt -> Köln",NA,NA,NA,2025-05-24,"Beginn: 24.05.25 um 18:33 Uhr  Fahrzeug-Hindernis, seit 24.05.2025, 18:33 A3: Frankfurt -> Köln, zwischen 2.3 km hinter AS Idstein und 7.4 km vor AS Bad Camberg Gefahr durch ein defektes Fahrzeug auf der Fahrbahn",50.2329731817337,8.24811499624306
"A3","undefined--vi-hind.2025-05-24_18-38-30-000.f_002.de0","50.38237575679195,8.084302856045653,50.30307034982977,8.234498520227527","50.38237575679195,8.084302856045653","WARNING","A3 | Limburg - Bad Camberg"," Köln -> Frankfurt",NA,NA,NA,2025-05-24,"Beginn: 24.05.25 um 18:38 Uhr  Hindernis, seit 24.05.2025, 18:38 A3: Köln -> Frankfurt, zwischen 1.5 km hinter Limburg und 0.3 km vor Bad Camberg  Gefahr durch eine ungesicherte Unfallstelle",50.382375756792,8.08430285604565
"A3","undefined--vi-hind.2025-05-24_19-13-30-000.f_001.de0","50.57278285136017,7.50814832455023,50.577763199450615,7.490350882528387","50.57278285136017,7.50814832455023","WARNING","A3 | Neuwied - Epgert"," Frankfurt -> Köln",NA,NA,NA,2025-05-24,"Beginn: 24.05.25 um 19:13 Uhr  Hindernis, seit 24.05.2025, 19:13 A3: Frankfurt -> Köln, zwischen 1.6 km hinter AS Neuwied und 0.8 km vor Epgert  Gefahr durch eine ungesicherte Unfallstelle",50.5727828513602,7.50814832455023
"A3","undefined--vi-zus.2025-05-24_19-10-00-000.f_001.de0","50.56737564189778,7.520165631446667,50.574795466341534,7.498850355539048","50.56737564189778,7.520165631446667","WARNING","A3 | Neuwied - Epgert"," Frankfurt -> Köln",4,"STATIONARY_TRAFFIC","18",2025-05-24,"Beginn: 24.05.25 um 19:10 Uhr  Zusammengesetzte Verkehrsinformation, seit 24.05.2025, 19:10 A3: Frankfurt -> Köln, zwischen 0.6 km hinter AS Neuwied und 1.5 km vor Epgert  Im Stillstand Reisezeitverlust: 4 Minuten Durchschnittsgeschwindigkeit: 18 km/h  Gefahr durch eine ungesicherte Unfallstelle",50.5673756418978,7.52016563144667
"A3","undefined--vi-avl.2025-05-24_19-12-30-000.f_003.de0","50.56737564189778,7.520165631446667,50.56737564189778,7.520165631446667","50.56737564189778,7.520165631446667","WARNING","A3 | Epgert - Epgert"," Frankfurt -> Köln",NA,"STATIONARY_TRAFFIC","18",2025-05-24,"Beginn: 24.05.25 um 19:20 Uhr  Angespannte Verkehrslage, seit 24.05.2025, 19:20 A3: Frankfurt -> Köln, 3.3 km vor Epgert, aus Richtung Neuwied  Im Stillstand Durchschnittsgeschwindigkeit: 18 km/h",50.5673756418978,7.52016563144667
"A3","undefined--vi-avl.2025-05-24_18-33-00-000.f_001.de0","50.94910836909371,7.0378728111928375,50.932166051713025,7.0514369413369415","50.94910836909371,7.0378728111928375","WARNING","A3 | Köln-Ost - Köln-Heumar"," Köln -> Frankfurt",1,"SLOW_TRAFFIC","45",2025-05-24,"Beginn: 24.05.25 um 18:33 Uhr  Angespannte Verkehrslage, seit 24.05.2025, 18:33 A3: Köln -> Frankfurt, zwischen 0.4 km hinter AK Köln-Ost und 1.1 km vor AD Köln-Heumar  Langsamer Verkehr Reisezeitverlust: 1 Minuten Durchschnittsgeschwindigkeit: 45 km/h",50.9491083690937,7.03787281119284
"A4","undefined--vi-avl.2025-05-24_18-43-00-000.f.de0","50.90005643271335,6.905698698406481,50.891618938001756,6.924295559226965","50.90005643271335,6.905698698406481","WARNING","A4 | Köln-West - Köln-Eifeltor"," Heerlen/Aachen -> Köln",0,"SLOW_TRAFFIC","56",2025-05-24,"Beginn: 24.05.25 um 18:43 Uhr  Angespannte Verkehrslage, seit 24.05.2025, 18:43 A4: Heerlen/Aachen -> Köln, zwischen 5.1 km hinter AK Köln-West und 0.1 km vor AS Köln-Eifeltor  Langsamer Verkehr Reisezeitverlust: 0 Minuten Durchschnittsgeschwindigkeit: 56 km/h",50.9000564327133,6.90569869840648
"A4","undefined--vi-zus.2025-05-24_17-32-18-000.f_003.de0","50.884924462841965,6.965814788553411,50.89444802073343,6.9184894969101345","50.884924462841965,6.965814788553411","WARNING","A4 | Köln-Süd - Köln-Klettenberg"," Köln -> Heerlen/Aachen",3,"SLOW_TRAFFIC","42.599998474121094",2025-05-24,"Beginn: 24.05.25 um 17:32 Uhr  Zusammengesetzte Verkehrsinformation, seit 24.05.2025, 17:32 A4: Köln -> Heerlen/Aachen, zwischen 0.2 km hinter AK Köln-Süd und 0.8 km vor AS Köln-Klettenberg  Langsamer Verkehr Reisezeitverlust: 3 Minuten Durchschnittsgeschwindigkeit: 42 km/h",50.884924462842,6.96581478855341
"A4","undefined--vi-avl.2025-05-24_19-16-00-000.f.de0","50.973082880146045,7.471463856705088,50.97554895733018,7.508516158659385","50.973082880146045,7.471463856705088","WARNING","A4 | Bielstein - Gummersbach"," Köln -> Olpe",1,"SLOW_TRAFFIC","46.29999923706055",2025-05-24,"Beginn: 24.05.25 um 19:16 Uhr  Angespannte Verkehrslage, seit 24.05.2025, 19:16 A4: Köln -> Olpe, zwischen 0.6 km hinter AS Bielstein und 1.3 km vor AS Gummersbach  Langsamer Verkehr Reisezeitverlust: 1 Minuten Durchschnittsgeschwindigkeit: 46 km/h",50.973082880146,7.47146385670509
"A4","undefined--vi-hind.2025-05-24_18-37-35-000.f_002.de0","50.89591362217948,11.970813604173532,50.891875100936936,11.879722900016361","50.89591362217948,11.970813604173532","WARNING","A4 | Rüdersdorf - Hermsdorf-Ost"," Chemnitz -> Erfurt",NA,NA,NA,2025-05-24,"Beginn: 24.05.25 um 18:37 Uhr  Fahrzeug-Hindernis, seit 24.05.2025, 18:37 A4: Chemnitz -> Erfurt, zwischen 0.6 km hinter AS Rüdersdorf und 0.1 km vor AS Hermsdorf-Ost Gefahr durch ein defektes Fahrzeug auf der Fahrbahn",50.8959136221795,11.9708136041735
"A6","undefined--vi-avl.2025-05-24_19-16-30-000.f.de0","49.63298267604683,12.455482163891759,49.63298267604683,12.455482163891759","49.63298267604683,12.455482163891759","WARNING","A6 | Ulrichsberg - Ulrichsberg"," Pilsen -> Nürnberg",NA,"STATIONARY_TRAFFIC","22",2025-05-24,"Beginn: 24.05.25 um 19:20 Uhr  Angespannte Verkehrslage, seit 24.05.2025, 19:20 A6: Pilsen -> Nürnberg, 0.3 km vor Ulrichsberg, aus Richtung Waidhaus  Im Stillstand Durchschnittsgeschwindigkeit: 22 km/h",49.6329826760468,12.4554821638918
"A6","undefined--vi-zus.2025-05-24_19-14-37-000.f.de0","49.63298267604683,12.455482163891759,49.63087810094304,12.45022460004655","49.63298267604683,12.455482163891759","WARNING","A6 | Waidhaus - Pleystein"," Pilsen -> Nürnberg",0,"STATIONARY_TRAFFIC","29.600000381469727",2025-05-24,"Beginn: 24.05.25 um 19:14 Uhr  Zusammengesetzte Verkehrsinformation, seit 24.05.2025, 19:14 A6: Pilsen -> Nürnberg, zwischen 2.6 km hinter AS Waidhaus und 2.9 km vor AS Pleystein  Im Stillstand Reisezeitverlust: 0 Minuten Durchschnittsgeschwindigkeit: 29 km/h",49.6329826760468,12.4554821638918
"A7","undefined--vi-zus.2025-05-24_19-14-00-000.f.de0","47.57144969209724,10.660382444103417,47.57538933115995,10.661761037364318","47.57144969209724,10.660382444103417","WARNING","A7 | Grenztunnel Füssen - Reinertshofertunnel"," Füssen/Reutte -> Ulm",0,"QUEUING_TRAFFIC","19.799999237060547",2025-05-24,"Beginn: 24.05.25 um 19:14 Uhr  Zusammengesetzte Verkehrsinformation, seit 24.05.2025, 19:14 A7: Füssen/Reutte -> Ulm, zwischen 1.4 km hinter Grenztunnel Füssen und 2.9 km vor Reinertshofertunnel  Stockender Verkehr Reisezeitverlust: 0 Minuten Durchschnittsgeschwindigkeit: 19 km/h",47.5714496920972,10.6603824441034
"A7","undefined--vi-avl.2025-05-24_19-14-00-000.f_002.de0","47.57145842080008,10.660385661305725,47.57145842080008,10.660385661305725","47.57145842080008,10.660385661305725","WARNING","A7 | Füssen - Füssen"," Füssen/Reutte -> Ulm",NA,"QUEUING_TRAFFIC","9",2025-05-24,"Beginn: 24.05.25 um 19:18 Uhr  Angespannte Verkehrslage, seit 24.05.2025, 19:18 A7: Füssen/Reutte -> Ulm, 0.3 km vor AS Füssen, aus Richtung Grenztunnel Füssen  Stockender Verkehr Durchschnittsgeschwindigkeit: 9 km/h",47.5714584208001,10.6603856613057
"A7","undefined--vi-zus.2025-03-31_00-40-00-000.f_018.de0","53.579141433849884,9.913430072127355,53.55636870091902,9.897540700000414","53.579141433849884,9.913430072127355","WARNING","A7 | Hamburg-Volkspark - Elbtunnel (Nordportal)"," Flensburg -> Hamburg",NA,NA,NA,2025-03-31,"Beginn: 31.03.25 um 00:40 Uhr  Zusammengesetzte Verkehrsinformation, seit 31.03.2025, 00:40 A7: Flensburg -> Hamburg, zwischen 0.4 km hinter AS Hamburg-Volkspark und 0.9 km vor Elbtunnel (Nordportal)  A7 Flensburg Richtung Hamburg Ausfahrt Hamburg-Othmarschen Fahrbahnverengung, maximale Fahrbahnbreite von 4,50 m, Bauarbeiten, bis 29.09.2025",53.5791414338499,9.91343007212735
"A7","undefined--vi-avl.2025-05-24_17-36-20-000.f_004.de0","53.884034656489206,9.94483818959945,53.884034656489206,9.94483818959945","53.884034656489206,9.94483818959945","WARNING","A7 | Kaltenkirchen - Kaltenkirchen"," Flensburg -> Hamburg",NA,"STATIONARY_TRAFFIC","6",2025-05-24,"Beginn: 24.05.25 um 19:20 Uhr  Angespannte Verkehrslage, seit 24.05.2025, 19:20 A7: Flensburg -> Hamburg, 4.1 km vor AS Kaltenkirchen, aus Richtung Bad Bramstedt  Im Stillstand Durchschnittsgeschwindigkeit: 6 km/h",53.8840346564892,9.94483818959945
"A7","undefined--vi-avl.2025-05-24_17-36-20-000.f_008.de0","53.884034656489206,9.94483818959945,53.850786100916594,9.937578600000462","53.884034656489206,9.94483818959945","WARNING","A7 | Bad Bramstedt - Kaltenkirchen"," Flensburg -> Hamburg",24,"STATIONARY_TRAFFIC","8.800000190734863",2025-05-24,"Beginn: 24.05.25 um 17:36 Uhr  Angespannte Verkehrslage, seit 24.05.2025, 17:36 A7: Flensburg -> Hamburg, zwischen 2.3 km hinter AS Bad Bramstedt und 0.3 km vor AS Kaltenkirchen  Im Stillstand Reisezeitverlust: 24 Minuten Durchschnittsgeschwindigkeit: 8 km/h",53.8840346564892,9.94483818959945
"A8","undefined--vi-zus.2025-03-26_17-59-56-000.f_014.de0","49.326077820633785,7.175408561967308,49.327350714671546,7.213275819282444","49.326077820633785,7.175408561967308","WARNING","A8 | Neunkirchen/Spiesen - Kohlhof"," Saarlouis -> Neunkirchen",NA,NA,NA,2025-03-26,"Beginn: 26.03.25 um 17:59 Uhr  Zusammengesetzte Verkehrsinformation, seit 26.03.2025, 17:59 A8: Saarlouis -> Neunkirchen, zwischen 1.7 km hinter AS Neunkirchen/Spiesen und 1.0 km vor Kohlhof  A8 Saarlouis - Neunkirchen zwischen Neunkirchen-Spiesen und Neunkirchen-Oberstadt in beiden Richtungen Bauarbeiten, bis voraussichtlich 01.06.2025",49.3260778206338,7.17540856196731
"A8","undefined--vi-zus.2025-05-14_09-26-56-000.f.de0","49.32628400979037,7.229641516813452,49.329166750017514,7.1882642393148934","49.32628400979037,7.229641516813452","WARNING","A8 | Neunkirchen-Wellesweiler - Neunkirchen/Spiesen"," Neunkirchen -> Saarlouis",NA,NA,NA,2025-05-14,"Beginn: 14.05.25 um 09:26 Uhr  Zusammengesetzte Verkehrsinformation, seit 14.05.2025, 09:26 A8: Neunkirchen -> Saarlouis, zwischen 0.4 km hinter AS Neunkirchen-Wellesweiler und 2.7 km vor AS Neunkirchen/Spiesen  A8 Saarlouis - Neunkirchen zwischen Neunkirchen-Spiesen und Neunkirchen-Oberstadt in beiden Richtungen Bauarbeiten, bis voraussichtlich 01.06.2025",49.3262840097904,7.22964151681345
"A12","WarnungA10Lkw3","47.61802931631098,12.202336027754352,47.61802931631098,12.202336027754352","47.61802931631098,12.202336027754352","WARNING","E45/E60 | LKW Blockabfertigung | A12-Inntal Autobahn","Richtung Italien",NA,NA,NA,2025-01-11,"Zeitraum: Beginn: 07.01.2025 Ende: 09.12.2025  Hinweis für LKW-Reisende nach Österreich: LKW-Blockabfertigungen an ausgewählten Tagen für Lkw am Grenzübergang Kufstein/Kiefersfelden. Maximaler Durchlass von 300 LKWs pro Stunde  Die genauen Ausführungszeiten und weitere Informationen auf tirol.gv.at/verkehr/verkehrs-und-seilbahnrecht/lkw-dosierung.",47.618029316311,12.2023360277544
"A12","WarnungA10Lkw2","47.6164490154047,12.202382557672273,47.6164490154047,12.202382557672273","47.6164490154047,12.202382557672273","WARNING","E43/E45/E60 | A13-Brenner Autobahn","Richtung Italien",NA,NA,NA,2025-01-11,"Zeitraum: Beginn: 11.01.2025 Ende: 27.09.2025  Hinweis für LKW-Reisende nach Österreich: LKW-Fahrverbot auf der A12-Inntal Autobahn, A13-Brenner Autobahn und A14-Rheintal/Walgau Autobahn, wenn das Ziel der Fahrt der Anschlussstelle Nößlach bis Anschlussstelle Brenner Nord der Richtungsfahrbahn Staatsgrenze der A 13 Brenner Autobahn erreicht werden soll. An ausgewählten Samstagen 7-15 Uhr sowie weiteren Tagen im Zeitraum 11.01. - 27.09.2025 Weitere Informationen auf http://asfinag.at/a13",47.6164490154047,12.2023825576723
"A14","undefined--vi-avl.2025-05-24_13-00-29-000.f_002.de0","51.23888172004032,12.870643637114307,51.23888172004032,12.870643637114307","51.23888172004032,12.870643637114307","WARNING","A14 | Mutzschen - Mutzschen"," Nossen -> Leipzig",NA,"STATIONARY_TRAFFIC","9",2025-05-24,"Beginn: 24.05.25 um 19:20 Uhr  Angespannte Verkehrslage, seit 24.05.2025, 19:20 A14: Nossen -> Leipzig, 1.1 km vor AS Mutzschen, aus Richtung Leisnig  Im Stillstand Durchschnittsgeschwindigkeit: 9 km/h",51.2388817200403,12.8706436371143
"A14","undefined--vi-hind.2025-05-24_10-17-45-000.f_034.de0","51.24173110093593,12.861502900067599,51.25745730093562,12.734896900057029","51.24173110093593,12.861502900067599","WARNING","A14 | Leisnig - Grimma"," Nossen -> Leipzig",NA,NA,NA,2025-05-24,"Beginn: 24.05.25 um 10:17 Uhr  Fahrzeug-Hindernis, seit 24.05.2025, 10:17 A14: Nossen -> Leipzig, zwischen 9.0 km hinter AS Leisnig und 0.2 km vor AS Grimma",51.2417311009359,12.8615029000676
"A14","undefined--vi-zus.2025-05-24_12-58-50-000.f_001.de0","51.23888172004032,12.870643637114307,51.24173110093593,12.861502900067599","51.23888172004032,12.870643637114307","WARNING","A14 | Leisnig - Mutzschen"," Nossen -> Leipzig",2,"STATIONARY_TRAFFIC","18.200000762939453",2025-05-24,"Beginn: 24.05.25 um 12:58 Uhr  Zusammengesetzte Verkehrsinformation, seit 24.05.2025, 12:58 A14: Nossen -> Leipzig, zwischen 8.3 km hinter AS Leisnig und 0.4 km vor AS Mutzschen  Im Stillstand Reisezeitverlust: 2 Minuten Durchschnittsgeschwindigkeit: 18 km/h",51.2388817200403,12.8706436371143
"A14","undefined--vi-hind.2025-05-24_10-17-45-000.f_033.de0","51.242956997027306,12.858166014270168,51.25767940093562,12.739132700057349","51.242956997027306,12.858166014270168","WARNING","A14 | Leisnig - Grimma"," Nossen -> Leipzig",NA,NA,NA,2025-05-24,"Beginn: 24.05.25 um 10:17 Uhr  Fahrzeug-Hindernis, seit 24.05.2025, 10:17 A14: Nossen -> Leipzig, zwischen 9.3 km hinter AS Leisnig und 0.5 km vor AS Grimma",51.2429569970273,12.8581660142702
"A15","undefined--vi-avl.2025-05-24_19-04-30-000.f_003.de0","51.707003246430844,14.411835383399817,51.70779461894658,14.435246468267069","51.707003246430844,14.411835383399817","WARNING","A15 | Cottbus-Süd - Roggosen"," Cottbus -> Breslau",0,"SLOW_TRAFFIC","78.0999984741211",2025-05-24,"Beginn: 24.05.25 um 19:04 Uhr  Angespannte Verkehrslage, seit 24.05.2025, 19:04 A15: Cottbus -> Breslau, zwischen 4.6 km hinter AS Cottbus-Süd und 2.1 km vor AS Roggosen  Langsamer Verkehr Reisezeitverlust: 0 Minuten Durchschnittsgeschwindigkeit: 78 km/h",51.7070032464308,14.4118353833998
"A17","undefined--vi-avl.2025-05-24_19-21-00-000.f.de0","51.005680031726726,13.738787789389526,51.008285700940974,13.728316900196363","51.005680031726726,13.738787789389526","WARNING","A17 | Am Nöthnitzgrund - Coschütz"," Prag -> Dresden",0,"QUEUING_TRAFFIC","37.79999923706055",2025-05-24,"Beginn: 24.05.25 um 19:21 Uhr  Angespannte Verkehrslage, seit 24.05.2025, 19:21 A17: Prag -> Dresden, zwischen 0.6 km hinter Am Nöthnitzgrund und 3.3 km vor Coschütz  Stockender Verkehr Reisezeitverlust: 0 Minuten Durchschnittsgeschwindigkeit: 37 km/h",51.0056800317267,13.7387877893895
"A24","undefined--vi-hind.2025-05-24_18-59-30-000.f_001.de0","53.56000320091899,10.414099000000926,53.56000320091899,10.414099000000926","53.56000320091899,10.414099000000926","WARNING","A24 | Talkau - Schwarzenbek/Grande"," Schwerin -> Hamburg",NA,NA,NA,2025-05-24,"Beginn: 24.05.25 um 18:59 Uhr  Fahrzeug-Hindernis, seit 24.05.2025, 18:59 A24: Schwerin -> Hamburg, zwischen 9.8 km hinter AS Talkau und 0.1 km vor AS Schwarzenbek/Grande Gefahr durch ein defektes Fahrzeug auf der Fahrbahn",53.560003200919,10.4140990000009
"A27","undefined--vi-hind.2025-05-24_19-03-30-000.f.de0","52.79026100092488,9.663736200000265,52.79026100092488,9.663736200000265","52.79026100092488,9.663736200000265","WARNING","A27 | Walsrode - Krelingen"," Walsrode -> Bremen",NA,NA,NA,2025-05-24,"Beginn: 24.05.25 um 19:03 Uhr  Fahrzeug-Hindernis, seit 24.05.2025, 19:03 A27: Walsrode -> Bremen, zwischen 0.9 km hinter AD Walsrode und 0.9 km vor Krelingen Gefahr durch ein defektes Fahrzeug auf der Fahrbahn",52.7902610009249,9.66373620000027
"A27","undefined--vi-zus.2025-05-24_18-58-06-000.f.de0","52.790373100985015,9.663504332055565,52.889069642079555,9.445977079928795","52.790373100985015,9.663504332055565","WARNING","A27 | Walsrode - Hamwiede"," Walsrode -> Bremen",NA,NA,NA,2025-05-24,"Beginn: 24.05.25 um 18:58 Uhr  Zusammengesetzte Verkehrsinformation, seit 24.05.2025, 18:58 A27: Walsrode -> Bremen, zwischen 0.9 km hinter AD Walsrode und Hamwiede  Gefahr durch Personen auf der Fahrbahn  Gefahr durch ein defektes Fahrzeugs auf der Fahrbahn  A27 Bremen - Walsrode
zwischen Verden-Ost und Dreieck Walsrode
in beiden Richtungen Gefahr durch Personen auf der Fahrbahn",52.790373100985,9.66350433205556
"A27","undefined--vi-hind.2025-05-24_18-58-06-000.f_002.de0","52.889408892590716,9.444499348016162,52.83448001778231,9.596210668009654","52.889408892590716,9.444499348016162","WARNING","A27 | Heidberg - Düshorn"," Bremen -> Walsrode",NA,NA,NA,2025-05-24,"Beginn: 24.05.25 um 18:58 Uhr  Hindernis, seit 24.05.2025, 18:58 A27: Bremen -> Walsrode, zwischen 9.2 km hinter Heidberg und 1.4 km vor Düshorn  Gefahr durch Personen auf der Fahrbahn",52.8894088925907,9.44449934801616
"A37","undefined--vi-zus.2025-05-20_10-04-05-000.f_002.de0","52.442156462690335,9.933442989087833,52.436581812162494,9.913211841333315","52.442156462690335,9.933442989087833","WARNING","A37 | Beinhorn - Hannover-Kirchhorst"," Celle -> Hannover",NA,NA,NA,2025-05-20,"Beginn: 20.05.25 um 10:04 Uhr  Zusammengesetzte Verkehrsinformation, seit 20.05.2025, 10:04 B3: Celle -> Hannover, zwischen 0.4 km hinter AS Beinhorn und 2.1 km vor AK Hannover-Kirchhorst  A37 Messe - Burgdorf
zwischen Kreuz Hannover-Buchholz und Beinhorn
in beiden Richtungen geänderte Verkehrsführung im Baustellenbereich, Bauarbeiten, bis 30.10.2026 ca. 18:00 Uhr",52.4421564626903,9.93344298908783
"A37","undefined--vi-zus.2025-05-20_10-04-05-000.f_003.de0","52.42566547847685,9.880479425875153,52.44102213295518,9.93161290421946","52.42566547847685,9.880479425875153","WARNING","Baustelle"," km 22.62 --> km 26.54",NA,NA,NA,2025-05-20,"Beginn: 20.05.25 um 10:04 Uhr  Zusammengesetzte Verkehrsinformation, seit 20.05.2025, 10:04 A37: km 22.62 --> km 26.54  A37 Messe - Burgdorf
zwischen Kreuz Hannover-Buchholz und Beinhorn
in beiden Richtungen geänderte Verkehrsführung im Baustellenbereich, Bauarbeiten, bis 30.10.2026 ca. 18:00 Uhr",52.4256654784769,9.88047942587515
"A40","undefined--vi-avl.2025-05-24_18-44-45-000.f_002.de0","51.44294385085263,6.973394493591978,51.44661718525949,6.999330543276444","51.44294385085263,6.973394493591978","WARNING","A40 | Essen-Frohnhausen - Ruhrschnellwegtunnel"," Duisburg -> Essen",1,"SLOW_TRAFFIC","44.79999923706055",2025-05-24,"Beginn: 24.05.25 um 18:44 Uhr  Angespannte Verkehrslage, seit 24.05.2025, 18:44 A40: Duisburg -> Essen, zwischen 0.3 km hinter AS Essen-Frohnhausen und 0.2 km vor Ruhrschnellwegtunnel  Langsamer Verkehr Reisezeitverlust: 1 Minuten Durchschnittsgeschwindigkeit: 44 km/h",51.4429438508526,6.97339449359198
"A44","undefined--vi-hind.2025-05-24_19-17-30-000.f.de0","51.36209584884005,7.061181650759434,51.37094985233255,7.071297392628664","51.36209584884005,7.061181650759434","WARNING","A44 | Velbert-Nord - Essen-Kupferdreh"," Düsseldorf -> Essen",NA,NA,NA,2025-05-24,"Beginn: 24.05.25 um 19:17 Uhr  Hindernis, seit 24.05.2025, 19:17 A44: Düsseldorf -> Essen, zwischen 1.8 km hinter AD Velbert-Nord und 1.9 km vor AS Essen-Kupferdreh",51.36209584884,7.06118165075943
"A44","undefined--vi-zus.2025-05-24_19-16-30-000.f.de0","51.36001818173395,7.054940305027474,51.36287931803693,7.065524890689792","51.36001818173395,7.054940305027474","WARNING","A44 | Velbert-Nord - Langenberg"," Düsseldorf -> Essen",2,"STATIONARY_TRAFFIC","19.299999237060547",2025-05-24,"Beginn: 24.05.25 um 19:16 Uhr  Zusammengesetzte Verkehrsinformation, seit 24.05.2025, 19:16 A44: Düsseldorf -> Essen, zwischen 1.3 km hinter AD Velbert-Nord und 0.3 km vor AS Langenberg  Im Stillstand Reisezeitverlust: 2 Minuten Durchschnittsgeschwindigkeit: 19 km/h",51.3600181817339,7.05494030502747
"A44","undefined--vi-hind.2025-05-24_18-59-00-000.f_002.de0","51.355704019413906,7.046576443540545,51.40190042184866,7.085449430309256","51.355704019413906,7.046576443540545","WARNING","A44 | Velbert-Nord - Essen-Überruhr"," Düsseldorf -> Essen",NA,NA,NA,2025-05-24,"Beginn: 24.05.25 um 18:59 Uhr  Fahrzeug-Hindernis, seit 24.05.2025, 18:59 A44: Düsseldorf -> Essen, zwischen 0.5 km hinter AD Velbert-Nord und 0.2 km vor AS Essen-Überruhr",51.3557040194139,7.04657644354054
"A44","undefined--vi-avl.2025-05-24_19-18-00-000.f.de0","51.36005895268254,7.055034937780266,51.36005895268254,7.055034937780266","51.36005895268254,7.055034937780266","WARNING","A44 | Langenberg - Langenberg"," Düsseldorf -> Essen",NA,"STATIONARY_TRAFFIC","12",2025-05-24,"Beginn: 24.05.25 um 19:20 Uhr  Angespannte Verkehrslage, seit 24.05.2025, 19:20 A44: Düsseldorf -> Essen, 1.1 km vor AS Langenberg, aus Richtung Velbert-Nord  Im Stillstand Durchschnittsgeschwindigkeit: 12 km/h",51.3600589526825,7.05503493778027
"A44","undefined--vi-hind.2025-05-24_18-59-00-000.f_003.de0","51.401721300934,7.085330599997548,51.35587670093425,7.046440099997329","51.401721300934,7.085330599997548","WARNING","A44 | Essen-Überruhr - Velbert-Nord"," Essen -> Düsseldorf",NA,NA,NA,2025-05-24,"Beginn: 24.05.25 um 18:59 Uhr  Fahrzeug-Hindernis, seit 24.05.2025, 18:59 A44: Essen -> Düsseldorf, zwischen 0.3 km hinter AS Essen-Überruhr und 0.6 km vor AD Velbert-Nord",51.401721300934,7.08533059999755
"A52","undefined--vi-hind.2025-05-24_18-49-04-000.f_003.de0","51.20433556644059,6.261678736743913,51.204944754240564,6.260118068164281","51.20433556644059,6.261678736743913","WARNING","A52 | Hostert - Schwalmtal"," Mönchengladbach -> Roermond",NA,NA,NA,2025-05-24,"Beginn: 24.05.25 um 18:49 Uhr  Fahrzeug-Hindernis, seit 24.05.2025, 18:49 A52: Mönchengladbach -> Roermond, zwischen 3.9 km hinter AS Hostert und AS Schwalmtal Gefahr durch ein defektes Fahrzeug auf der Fahrbahn",51.2043355664406,6.26167873674391
"A57","undefined--vi-hind.2025-05-24_18-59-30-000.f_002.de0","51.178017300935274,6.681908399994307,51.17754720093528,6.685325499994348","51.178017300935274,6.681908399994307","WARNING","A57 | Neuss-West - Neuss-Reuschenberg"," Krefeld -> Köln",NA,NA,NA,2025-05-24,"Beginn: 24.05.25 um 18:59 Uhr  Fahrzeug-Hindernis, seit 24.05.2025, 18:59 A57: Krefeld -> Köln, zwischen 0.8 km hinter AK Neuss-West und 0.2 km vor AS Neuss-Reuschenberg Gefahr durch ein defektes Fahrzeug auf der Fahrbahn",51.1780173009353,6.68190839999431
"A59","undefined--vi-hind.2025-05-24_18-20-00-000.f_002.de0","50.889447292306585,7.09283710754839,50.89700488486353,7.086112007134952","50.889447292306585,7.09283710754839","WARNING","A59 | Flughafen Köln/Bonn - Schloß Röttgen"," Bonn -> Köln",NA,NA,NA,2025-05-24,"Beginn: 24.05.25 um 18:20 Uhr  Fahrzeug-Hindernis, seit 24.05.2025, 18:20 A59: Bonn -> Köln, zwischen 0.4 km hinter AS Flughafen Köln/Bonn und 0.1 km vor Schloß Röttgen Gefahr durch ein defektes Fahrzeug auf der Fahrbahn",50.8894472923066,7.09283710754839
"A59","undefined--vi-avl.2025-05-24_19-09-01-000.f.de0","50.889311500936856,7.092703699997522,50.8552981441478,7.097197284936728","50.889311500936856,7.092703699997522","WARNING","A59 | Schloß Röttgen - Köln-Lind"," Köln -> Bonn",2,"SLOW_TRAFFIC","52.5",2025-05-24,"Beginn: 24.05.25 um 19:09 Uhr  Angespannte Verkehrslage, seit 24.05.2025, 19:09 A59: Köln -> Bonn, zwischen 1.1 km hinter Schloß Röttgen und 1.3 km vor AS Köln-Lind  Langsamer Verkehr Reisezeitverlust: 2 Minuten Durchschnittsgeschwindigkeit: 52 km/h",50.8893115009369,7.09270369999752
"A59","undefined--vi-avl.2025-05-24_18-47-30-000.f_005.de0","50.912452441941596,7.065555357486309,50.912452441941596,7.065555357486309","50.912452441941596,7.065555357486309","WARNING","A59 | Köln-Rath - Köln-Rath"," Köln -> Bonn",NA,"STATIONARY_TRAFFIC","5",2025-05-24,"Beginn: 24.05.25 um 19:20 Uhr  Angespannte Verkehrslage, seit 24.05.2025, 19:20 A59: Köln -> Bonn, 0.5 km vor AS Köln-Rath, aus Richtung Köln-Heumar  Im Stillstand Durchschnittsgeschwindigkeit: 5 km/h",50.9124524419416,7.06555535748631
"A59","undefined--vi-avl.2025-05-24_18-44-45-000.f.de0","50.912681020582504,7.065499865343885,50.90386198888358,7.072813613499606","50.912681020582504,7.065499865343885","WARNING","A59 | Köln-Heumar - Schloß Röttgen"," Köln -> Bonn",2,"STATIONARY_TRAFFIC","23.200000762939453",2025-05-24,"Beginn: 24.05.25 um 18:44 Uhr  Angespannte Verkehrslage, seit 24.05.2025, 18:44 A59: Köln -> Bonn, zwischen 1.3 km hinter AD Köln-Heumar und 1.1 km vor Schloß Röttgen  Im Stillstand Reisezeitverlust: 2 Minuten Durchschnittsgeschwindigkeit: 23 km/h",50.9126810205825,7.06549986534389
"A59","undefined--vi-avl.2025-05-24_18-58-06-000.f.de0","51.433454200933795,6.775729999995365,51.45650352719811,6.7760650552445645","51.433454200933795,6.775729999995365","WARNING","A59 | Mercatortunnel - Duisburg-Ruhrort"," Duisburg -> Dinslaken",2,"SLOW_TRAFFIC","33.79999923706055",2025-05-24,"Beginn: 24.05.25 um 18:58 Uhr  Angespannte Verkehrslage, seit 24.05.2025, 18:58 A59: Duisburg -> Dinslaken, zwischen 0.3 km hinter Mercatortunnel und 0.8 km vor AS Duisburg-Ruhrort  Langsamer Verkehr Reisezeitverlust: 2 Minuten Durchschnittsgeschwindigkeit: 33 km/h",51.4334542009338,6.77572999999536
"A60","undefined--vi-zus.2025-04-08_08-51-21-000.f_013.de0","49.98125533976677,8.345695317688524,49.97565770865279,8.441396718063045","49.98125533976677,8.345695317688524","WARNING","A60 | Mainspitz-Dreieck - Rüsselsheimer Dreieck"," Mainz -> Rüsselsheim",NA,NA,NA,2025-04-08,"Beginn: 08.04.25 um 08:51 Uhr  Zusammengesetzte Verkehrsinformation, seit 08.04.2025, 08:51 A60: Mainz -> Rüsselsheim, zwischen 0.5 km hinter AD Mainspitz-Dreieck und 2.2 km vor AD Rüsselsheimer Dreieck  Sperrung der A60 bei Königstädten – Grundhafte Fahrbahnerneuerung zwischen dem Rüsselsheimer Dreieck und dem Mainspitz Dreieck. Die Niederlassung West der Autobahn GmbH erneuert zwischen dem Rüsselsheimer Dreieck (30) und dem Mainspitz Dreieck (26) die Fahrbahn. Von Donnerstagmorgen (24. April) bis Mitte Juli wird die Anschlussstelle (AS) Königstädten (29) in Fahrtrichtung (FR) Mainz sowie in FR Rüsselsheimer Dreieck gesperrt. Umleitungsmöglichkeiten sind ausgeschildert: • Ausfahrt FR Mainz: Umleitung via AS Rüsselsheim-Mitte • Einfahrt FR Mainz: innerstädtische Umleitung zur AS Rüsselsheim-Mitte (Adam-Opel-Straße / Kurt-Schumacher-Ring), von Nauheim kommend via L3482 zur AS Bischofsheim • Einfahrt FR Darmstadt: innerstädtische Umleitung zur AS Rüsselsheim-Mitte (Adam-Opel-Straße / Kurt-Schumacher-Ring) Die Autobahn GmbH bittet alle Verkehrsteilnehmer um Verständnis für die unvermeidlichen Verkehrsbehinderungen, die durch die Arbeiten entstehen.",49.9812553397668,8.34569531768852
"A60","undefined--vi-zus.2025-05-03_10-55-00-000.f_003.de0","49.977457399447445,8.454646346787307,49.981587265039146,8.34517285786785","49.977457399447445,8.454646346787307","WARNING","A60 | Rüsselsheimer Dreieck - Mainspitz-Dreieck"," Rüsselsheim -> Mainz",NA,NA,NA,2025-05-03,"Beginn: 03.05.25 um 10:55 Uhr  Zusammengesetzte Verkehrsinformation, seit 03.05.2025, 10:55 A60: Rüsselsheim -> Mainz, zwischen 0.6 km hinter AD Rüsselsheimer Dreieck und 0.5 km vor AD Mainspitz-Dreieck  Sperrung der A60 bei Königstädten – Grundhafte Fahrbahnerneuerung zwischen dem Rüsselsheimer Dreieck und dem Mainspitz Dreieck. Die Niederlassung West der Autobahn GmbH erneuert zwischen dem Rüsselsheimer Dreieck (30) und dem Mainspitz Dreieck (26) die Fahrbahn. Von Donnerstagmorgen (24. April) bis Mitte Juli wird die Anschlussstelle (AS) Königstädten (29) in Fahrtrichtung (FR) Mainz sowie in FR Rüsselsheimer Dreieck gesperrt. Umleitungsmöglichkeiten sind ausgeschildert: • Ausfahrt FR Mainz: Umleitung via AS Rüsselsheim-Mitte • Einfahrt FR Mainz: innerstädtische Umleitung zur AS Rüsselsheim-Mitte (Adam-Opel-Straße / Kurt-Schumacher-Ring), von Nauheim kommend via L3482 zur AS Bischofsheim • Einfahrt FR Darmstadt: innerstädtische Umleitung zur AS Rüsselsheim-Mitte (Adam-Opel-Straße / Kurt-Schumacher-Ring) Die Autobahn GmbH bittet alle Verkehrsteilnehmer um Verständnis für die unvermeidlichen Verkehrsbehinderungen, die durch die Arbeiten entstehen.",49.9774573994474,8.45464634678731
"A61","undefined--vi-hind.2025-05-24_18-33-40-000.f_004.de0","50.4012078260702,7.240165162601041,50.39986666604916,7.241116664466093","50.4012078260702,7.240165162601041","WARNING","A61 | Wehr - In Dürpel"," Mönchengladbach -> Koblenz",NA,NA,NA,2025-05-24,"Beginn: 24.05.25 um 18:33 Uhr  Fahrzeug-Hindernis, seit 24.05.2025, 18:33 A61: Mönchengladbach -> Koblenz, zwischen 0.8 km hinter AS Wehr und 1.4 km vor In Dürpel Gefahr durch ein defektes Fahrzeug auf der Fahrbahn",50.4012078260702,7.24016516260104
"A64","undefined--vi-avl.2025-05-24_18-53-36-000.f.de0","49.786085127680785,6.6422896048579965,49.79020932058812,6.646868211249463","49.786085127680785,6.6422896048579965","WARNING","A64 | Trier - Anschluss B52-Trier"," Luxemburg -> Trier",0,"SLOW_TRAFFIC","33",2025-05-24,"Beginn: 24.05.25 um 18:53 Uhr  Angespannte Verkehrslage, seit 24.05.2025, 18:53 A64: Luxemburg -> Trier, zwischen 3.3 km hinter AS Trier und 1.0 km vor Anschluss B52-Trier  Langsamer Verkehr Reisezeitverlust: 0 Minuten Durchschnittsgeschwindigkeit: 33 km/h",49.7860851276808,6.642289604858
"A67","undefined--vi-hind.2025-05-24_18-54-03-000.f.de0","49.719598111434,8.543566790948649,49.71794817587513,8.543993331806501","49.719598111434,8.543566790948649","WARNING","A67 | Gernsheim - Jägersburger Wald"," Darmstadt -> Mannheim",NA,NA,NA,2025-05-24,"Beginn: 24.05.25 um 18:54 Uhr  Fahrzeug-Hindernis, seit 24.05.2025, 18:54 A67: Darmstadt -> Mannheim, zwischen 2.7 km hinter AS Gernsheim und 2.3 km vor Jägersburger Wald Gefahr durch ein defektes Fahrzeug auf der Fahrbahn",49.719598111434,8.54356679094865
"A71","undefined--vi-avl.2025-05-24_19-22-36-000.f.de0","51.12792390613504,11.165260057995194,51.12792390613504,11.165260057995194","51.12792390613504,11.165260057995194","WARNING","A71 | Thüringer Becken - Thüringer Becken"," Erfurt -> Sangerhausen",NA,"STATIONARY_TRAFFIC","12",2025-05-24,"Beginn: 24.05.25 um 19:22 Uhr  Angespannte Verkehrslage, seit 24.05.2025, 19:22 A71: Erfurt -> Sangerhausen, 0.3 km vor Thüringer Becken, aus Richtung Sömmerda-Süd  Im Stillstand Durchschnittsgeschwindigkeit: 12 km/h",51.127923906135,11.1652600579952
"A71","undefined--vi-hind.2025-05-24_17-58-01-000.f_007.de0","51.30333417723522,11.237511932390952,51.305059902943086,11.237467145828802","51.30333417723522,11.237511932390952","WARNING","A71 | Schmücke - Heldrungen"," Erfurt -> Sangerhausen",NA,NA,NA,2025-05-24,"Beginn: 24.05.25 um 17:58 Uhr  Fahrzeug-Hindernis, seit 24.05.2025, 17:58 A71: Erfurt -> Sangerhausen, zwischen 2.8 km hinter Schmücke und 0.3 km vor AS Heldrungen Gefahr durch ein defektes Fahrzeug auf der Fahrbahn",51.3033341772352,11.237511932391
"A71","undefined--vi-hind.2025-05-24_18-27-30-000.f_007.de0","51.30813210093455,11.237204500004816,51.20497640093511,11.183217300004344","51.30813210093455,11.237204500004816","WARNING","A71 | Hohe Schrecke - Leubinger Fürstenhügel"," Sangerhausen -> Erfurt",NA,NA,NA,2025-05-24,"Beginn: 24.05.25 um 18:27 Uhr  Hindernis, seit 24.05.2025, 18:27 A71: Sangerhausen -> Erfurt, zwischen 2.7 km hinter Hohe Schrecke und 0.9 km vor Leubinger Fürstenhügel  Gefahr durch eine ungesicherte Unfallstelle",51.3081321009346,11.2372045000048
"A72","undefined--vi-hind.2025-05-24_18-27-30-000.f_006.de0","50.63858770111413,12.440209527848511,50.68141018173718,12.583064864369172","50.63858770111413,12.440209527848511","WARNING","A72 | Waldkirchen - Hartenstein"," Plauen -> Chemnitz",NA,NA,NA,2025-05-24,"Beginn: 24.05.25 um 18:27 Uhr  Fahrzeug-Hindernis, seit 24.05.2025, 18:27 A72: Plauen -> Chemnitz, zwischen 5.5 km hinter Waldkirchen und 8.9 km vor AS Hartenstein Gefahr durch ein defektes Fahrzeug auf der Fahrbahn",50.6385877011141,12.4402095278485
"A93","undefined--vi-unf.2025-05-24_19-12-00-000.f_001.de0","50.2449603009402,12.060990500023687,50.21537020094034,12.090657400024936","50.2449603009402,12.060990500023687","WARNING","A93 | Rehau-Süd - Selb-Nord"," Hof -> Weiden",NA,NA,NA,2025-05-24,"Beginn: 24.05.25 um 19:12 Uhr  Unfall, seit 24.05.2025, 19:12 A93: Hof -> Weiden, zwischen 0.3 km hinter AS Rehau-Süd und 5.7 km vor AS Selb-Nord",50.2449603009402,12.0609905000237
"A99","undefined--vi-avl.2025-05-24_19-19-01-000.f.de0","48.2273778793332,11.573571934688413,48.228671063787246,11.589351331105886","48.2273778793332,11.573571934688413","WARNING","A99 | Neuherberg - München-Fröttmaning Nord"," München-Süd-West -> München-Nord",0,"SLOW_TRAFFIC","69.0999984741211",2025-05-24,"Beginn: 24.05.25 um 19:19 Uhr  Angespannte Verkehrslage, seit 24.05.2025, 19:19 A99: München-Süd-West -> München-Nord, zwischen 0.4 km hinter Neuherberg und 2.2 km vor AS München-Fröttmaning Nord  Langsamer Verkehr Reisezeitverlust: 0 Minuten Durchschnittsgeschwindigkeit: 69 km/h",48.2273778793332,11.5735719346884
"A99","undefined--vi-hind.2025-05-24_19-00-00-000.f_003.de0","48.22882440094726,11.58904060001233,48.228729841674955,11.587337179698691","48.22882440094726,11.58904060001233","WARNING","A99 | München-Fröttmaning Nord - München-Neuherberg"," München-Nord -> München-Süd-West",NA,NA,NA,2025-05-24,"Beginn: 24.05.25 um 19:00 Uhr  Hindernis, seit 24.05.2025, 19:00 A99: München-Nord -> München-Süd-West, zwischen 2.2 km hinter AS München-Fröttmaning Nord und 0.1 km vor AS München-Neuherberg  Gefahr durch Gegenstände auf der Fahrbahn",48.2288244009473,11.5890406000123
"A113","undefined--vi-avl.2025-05-24_08-15-30-000.f_001.de0","52.44823861684687,13.468384021542853,52.44823861684687,13.468384021542853","52.44823861684687,13.468384021542853","WARNING","A113 | Späthstraße - Späthstraße"," Schönefeld -> Neukölln",NA,"STATIONARY_TRAFFIC","2",2025-05-24,"Beginn: 24.05.25 um 19:16 Uhr  Angespannte Verkehrslage, seit 24.05.2025, 19:16 A113: Schönefeld -> Neukölln, 0.8 km vor AS Späthstraße, aus Richtung Johannisthaler Chaussee  Im Stillstand Durchschnittsgeschwindigkeit: 2 km/h",52.4482386168469,13.4683840215429
"A113","undefined--vi-zus.2025-05-23_04-57-30-000.f.de0","52.43617318100181,13.493052326243479,52.427730500930934,13.517008500122175","52.43617318100181,13.493052326243479","WARNING","A113 | Johannisthaler Chaussee - Rudower Höhe"," Neukölln -> Schönefeld",NA,NA,NA,2025-05-23,"Beginn: 23.05.25 um 04:57 Uhr  Zusammengesetzte Verkehrsinformation, seit 23.05.2025, 04:57 A113: Neukölln -> Schönefeld, zwischen 1.2 km hinter AS Johannisthaler Chaussee und 1.0 km vor Rudower Höhe  A113 Autobahnzubringer Dresden, Neukölln Richtung Schönefeld
zwischen Stubenrauchstraße und Tunnel Rudower Höhe
linker Fahrstreifen gesperrt, Bauarbeiten, bis voraussichtlich 20.06.2025",52.4361731810018,13.4930523262435
"A113","undefined--vi-avl.2025-05-24_08-15-00-000.f.de0","52.44823861684687,13.468384021542853,52.45209490093047,13.462718900114677","52.44823861684687,13.468384021542853","WARNING","A113 | Johannisthaler Chaussee - Späthstraße"," Schönefeld -> Neukölln",8,"STATIONARY_TRAFFIC","3.700000047683716",2025-05-24,"Beginn: 24.05.25 um 08:15 Uhr  Angespannte Verkehrslage, seit 24.05.2025, 08:15 A113: Schönefeld -> Neukölln, zwischen 0.9 km hinter AS Johannisthaler Chaussee und 0.2 km vor AS Späthstraße  Im Stillstand Reisezeitverlust: 8 Minuten Durchschnittsgeschwindigkeit: 3 km/h",52.4482386168469,13.4683840215429
"A113","undefined--vi-zus.2025-05-24_14-46-02-000.f_012.de0","52.37839908826458,13.542599091402097,52.36931552754615,13.548195838188391","52.37839908826458,13.542599091402097","WARNING","A113 | Schönefeld-Süd - Waltersdorf"," Neukölln -> Schönefeld",NA,NA,NA,2025-05-24,"Beginn: 24.05.25 um 14:46 Uhr  Zusammengesetzte Verkehrsinformation, seit 24.05.2025, 14:46 A113: Neukölln -> Schönefeld, zwischen 2.1 km hinter AS Schönefeld-Süd und 0.5 km vor AD Waltersdorf  Gefahr durch Personen auf der Fahrbahn  A113 Autobahnzubringer Dresden, Neukölln Richtung Schönefeld in Höhe Dreieck Flughafen Berlin Brandenburg Gefahr durch liegengebliebenes Fahrzeug, Gefahr durch Personen auf der Fahrbahn, bitte vorsichtig fahren",52.3783990882646,13.5425990914021
"A114","undefined--vi-zus.2025-05-24_19-04-30-000.f.de0","52.633944935978484,13.427047816749141,52.633096645418085,13.427121922581744","52.633944935978484,13.427047816749141","WARNING","A114 | Pankow - Schönerlinder Straße"," Dreieck Pankow -> Pankow",NA,NA,NA,2025-05-24,"Beginn: 24.05.25 um 19:04 Uhr  Zusammengesetzte Verkehrsinformation, seit 24.05.2025, 19:04 A114: Dreieck Pankow -> Pankow, zwischen 1.0 km hinter AD Pankow und 1.1 km vor AS Schönerlinder Straße  A114 Richtung Pankow zwischen Autobahndreieck Dreieck Pankow und Autobahnanschlussstelle Dreieck Pankow Gefahr durch liegengebliebenes Fahrzeug auf dem rechten Fahrstreifen, Kräfte zur Störungsbeseitigung sind vor Ort",52.6339449359785,13.4270478167491
"A115","undefined--vi-zus.2024-10-09_07-09-40-000.f_531.de0","52.40027056808641,13.185163736426698,52.44227384698058,13.202709435405149","52.40027056808641,13.185163736426698","WARNING","A115 | Am Stern - Hüttenweg"," Dreieck Nuthetal -> Dreieck Funkturm",NA,NA,NA,2024-10-09,"Beginn: 09.10.24 um 07:09 Uhr  Zusammengesetzte Verkehrsinformation, seit 09.10.2024, 07:09 A115: Dreieck Nuthetal -> Dreieck Funkturm, zwischen 2.9 km hinter Am Stern und 3.8 km vor AS Hüttenweg  A115 Autobahnzubringer Magdeburg, Dreieck Nuthetal Richtung Dreieck Funkturm, zwischen Anschlussstelle Kleinmachnow und Anschlussstelle Spanische Allee, Baustelle, bis 31.10.2026 17:00 Uhr",52.4002705680864,13.1851637364267
"A115","undefined--vi-avl.2025-05-24_12-20-34-000.f_001.de0","52.40219885182922,13.187336103695166,52.40890739459214,13.194934989781451","52.40219885182922,13.187336103695166","WARNING","A115 | Am Stern - Dreilinden"," Dreieck Nuthetal -> Dreieck Funkturm",1,"STATIONARY_TRAFFIC","23.100000381469727",2025-05-24,"Beginn: 24.05.25 um 12:20 Uhr  Angespannte Verkehrslage, seit 24.05.2025, 12:20 A115: Dreieck Nuthetal -> Dreieck Funkturm, zwischen 3.1 km hinter Am Stern und 0.8 km vor Dreilinden  Im Stillstand Reisezeitverlust: 1 Minuten Durchschnittsgeschwindigkeit: 23 km/h",52.4021988518292,13.1873361036952
"A115","undefined--vi-avl.2025-05-24_14-08-15-000.f_002.de0","52.40219885182922,13.187336103695166,52.40219885182922,13.187336103695166","52.40219885182922,13.187336103695166","WARNING","A115 | Kleinmachnow - Kleinmachnow"," Dreieck Nuthetal -> Dreieck Funkturm",NA,"STATIONARY_TRAFFIC","15",2025-05-24,"Beginn: 24.05.25 um 19:20 Uhr  Angespannte Verkehrslage, seit 24.05.2025, 19:20 A115: Dreieck Nuthetal -> Dreieck Funkturm, in Höhe AS Kleinmachnow, aus Richtung Am Stern  Im Stillstand Durchschnittsgeschwindigkeit: 15 km/h",52.4021988518292,13.1873361036952
"A115","undefined--vi-zus.2024-10-13_05-33-30-000.f_688.de0","52.44029442937371,13.199911385595513,52.43107524997983,13.191805707063864","52.44029442937371,13.199911385595513","WARNING","A115 | Hüttenweg - Kreuz Zehlendorf"," Dreieck Funkturm -> Dreieck Nuthetal",NA,NA,NA,2024-10-13,"Beginn: 13.10.24 um 05:33 Uhr  Zusammengesetzte Verkehrsinformation, seit 13.10.2024, 05:33 A115: Dreieck Funkturm -> Dreieck Nuthetal, zwischen 4.1 km hinter AS Hüttenweg und 1.3 km vor AS Kreuz Zehlendorf  A115 Dreieck Funkturm Richtung Dreieck Nuthetal
zwischen Spanische Allee und Kleinmachnow
Verkehr wird über die Gegenfahrbahn geleitet, geänderte Verkehrsführung im Baustellenbereich, Bauarbeiten",52.4402944293737,13.1999113855955
"A861","undefined--vi-avl.2025-05-24_18-33-40-000.f_001.de0","47.54904851086363,7.758213318370684,47.55082232960782,7.7577804651623685","47.54904851086363,7.758213318370684","WARNING","A861 | Rheinfelden - Rheinfelden-Mitte"," Grenzübergang Rheinfelden -> Dreieck Hochrhein",1,"STATIONARY_TRAFFIC","5.699999809265137",2025-05-24,"Beginn: 24.05.25 um 18:33 Uhr  Angespannte Verkehrslage, seit 24.05.2025, 18:33 A861: Grenzübergang Rheinfelden -> Dreieck Hochrhein, zwischen 0.1 km hinter Rheinfelden und 2.0 km vor AS Rheinfelden-Mitte  Im Stillstand Reisezeitverlust: 1 Minuten Durchschnittsgeschwindigkeit: 5 km/h",47.5490485108636,7.75821331837068
"A995","undefined--vi-hind.2025-05-24_19-05-30-000.f_002.de0","48.03452880094773,11.607705800012994,48.02810830094775,11.62812770001351","48.03452880094773,11.607705800012994","WARNING","A995 | Taufkirchen-West - Sauerlach"," München -> Kreuz München-Süd",NA,NA,NA,2025-05-24,"Beginn: 24.05.25 um 19:05 Uhr  Hindernis, seit 24.05.2025, 19:05 A995: München -> Kreuz München-Süd, zwischen 2.5 km hinter AS Taufkirchen-West und 0.6 km vor AS Sauerlach  Gefahr durch Gegenstände auf der Fahrbahn",48.0345288009477,11.607705800013
