"road","identifier","extent","point","display_type","title","subtitle","delay_minutes","abnormalTrafficType","averageSpeed","startTimestamp","description","latitude","longitude"
"A1","undefined--vi-avl.2025-05-22_06-29-00-000.f_001.de0","50.97586771966403,6.850510610904837,50.994068402561716,6.881580131788558","50.97586771966403,6.850510610904837","WARNING","A1 | Köln-Lövenich - Köln-Nord"," Euskirchen -> Köln",2,"SLOW_TRAFFIC","51.79999923706055",2025-05-22,"Beginn: 22.05.25 um 06:29 Uhr  Angespannte Verkehrslage, seit 22.05.2025, 06:29 A1: Euskirchen -> Köln, zwischen 4.2 km hinter AS Köln-Lövenich und 0.7 km vor AK Köln-Nord  Langsamer Verkehr Reisezeitverlust: 2 Minuten Durchschnittsgeschwindigkeit: 51 km/h",50.975867719664,6.85051061090484
"A1","undefined--vi-avl.2025-05-22_06-35-00-000.f_006.de0","50.97582315241446,6.850501337912353,50.97582315241446,6.850501337912353","50.97582315241446,6.850501337912353","WARNING","A1 | Köln-Bocklemünd - Köln-Bocklemünd"," Euskirchen -> Köln",NA,"SLOW_TRAFFIC","26",2025-05-22,"Beginn: 22.05.25 um 06:35 Uhr  Angespannte Verkehrslage, seit 22.05.2025, 06:35 A1: Euskirchen -> Köln, 0.2 km vor AS Köln-Bocklemünd, aus Richtung Köln-Lövenich  Langsamer Verkehr Durchschnittsgeschwindigkeit: 26 km/h",50.9758231524145,6.85050133791235
"A1","undefined--vi-avl.2025-05-22_06-30-00-000.f.de0","53.0345216898969,8.918324474526163,53.03242141582492,8.866472370739377","53.0345216898969,8.918324474526163","WARNING","A1 | Mahndorfer Marsch - Bremen-Arsten"," Bremen -> Osnabrück",2,"SLOW_TRAFFIC","53.79999923706055",2025-05-22,"Beginn: 22.05.25 um 06:30 Uhr  Angespannte Verkehrslage, seit 22.05.2025, 06:30 A1: Bremen -> Osnabrück, zwischen 2.0 km hinter Mahndorfer Marsch und 0.6 km vor AS Bremen-Arsten  Langsamer Verkehr Reisezeitverlust: 2 Minuten Durchschnittsgeschwindigkeit: 53 km/h",53.0345216898969,8.91832447452616
"A1","undefined--vi-avl.2025-05-22_06-30-00-000.f_001.de0","53.37055344015286,9.787106644507837,53.3722618950643,9.841460364338332","53.37055344015286,9.787106644507837","WARNING","A1 | Hollenstedt - Buchholzer Dreieck"," Bremen -> Hamburg",2,"SLOW_TRAFFIC","48.70000076293945",2025-05-22,"Beginn: 22.05.25 um 06:30 Uhr  Angespannte Verkehrslage, seit 22.05.2025, 06:30 A1: Bremen -> Hamburg, zwischen 3.3 km hinter Hollenstedt und 0.9 km vor AD Buchholzer Dreieck  Langsamer Verkehr Reisezeitverlust: 2 Minuten Durchschnittsgeschwindigkeit: 48 km/h",53.3705534401529,9.78710664450784
"A1","undefined--vi-avl.2025-05-22_06-35-00-000.f_013.de0","53.37055438291843,9.78713666177871,53.37055438291843,9.78713666177871","53.37055438291843,9.78713666177871","WARNING","A1 | Rade - Rade"," Bremen -> Hamburg",NA,"SLOW_TRAFFIC","27",2025-05-22,"Beginn: 22.05.25 um 06:35 Uhr  Angespannte Verkehrslage, seit 22.05.2025, 06:35 A1: Bremen -> Hamburg, 1.2 km vor AS Rade, aus Richtung Hollenstedt  Langsamer Verkehr Durchschnittsgeschwindigkeit: 27 km/h",53.3705543829184,9.78713666177871
"A1","undefined--vi-zus.2025-05-22_06-13-30-000.f.de0","53.508466513123544,10.091735804736757,53.50951330556001,10.054140124590996","53.508466513123544,10.091735804736757","WARNING","A1 | Tunnel Moorfleet - Hamburg-Norderelbe"," Lübeck -> Hamburg",2,"SLOW_TRAFFIC","37.599998474121094",2025-05-22,"Beginn: 22.05.25 um 06:13 Uhr  Zusammengesetzte Verkehrsinformation, seit 22.05.2025, 06:13 A1: Lübeck -> Hamburg, zwischen 0.8 km hinter Tunnel Moorfleet und 1.2 km vor AK Hamburg-Norderelbe  Langsamer Verkehr Reisezeitverlust: 2 Minuten Durchschnittsgeschwindigkeit: 37 km/h",53.5084665131235,10.0917358047368
"A2","undefined--vi-avl.2025-05-22_06-35-00-000.f_008.de0","51.538725911790294,6.848693921271528,51.5388432787645,6.861406419338099","51.538725911790294,6.848693921271528","WARNING","A2 | Oberhausen - Oberhausen-Königshardt"," Oberhausen -> Dortmund",0,"SLOW_TRAFFIC","51.79999923706055",2025-05-22,"Beginn: 22.05.25 um 06:35 Uhr  Angespannte Verkehrslage, seit 22.05.2025, 06:35 A2: Oberhausen -> Dortmund, zwischen 1.0 km hinter AK Oberhausen und 0.6 km vor AS Oberhausen-Königshardt  Langsamer Verkehr Reisezeitverlust: 0 Minuten Durchschnittsgeschwindigkeit: 51 km/h",51.5387259117903,6.84869392127153
"A2","undefined--vi-avl.2025-05-22_06-12-00-000.f.de0","51.55589850446432,6.928758365274923,51.54066361978238,6.885680717743516","51.55589850446432,6.928758365274923","WARNING","A2 | Gladbeck-Ellinghorst - Schwarze Heide"," Dortmund -> Oberhausen",4,"QUEUING_TRAFFIC","33.5",2025-05-22,"Beginn: 22.05.25 um 06:12 Uhr  Angespannte Verkehrslage, seit 22.05.2025, 06:12 A2: Dortmund -> Oberhausen, zwischen 2.6 km hinter AS Gladbeck-Ellinghorst und 0.1 km vor Schwarze Heide  Stockender Verkehr Reisezeitverlust: 4 Minuten Durchschnittsgeschwindigkeit: 33 km/h",51.5558985044643,6.92875836527492
"A2","undefined--vi-avl.2025-05-22_06-37-30-000.f_012.de0","52.10759683078814,8.728731221318151,52.10759683078814,8.728731221318151","52.10759683078814,8.728731221318151","WARNING","A2 | Herford - Herford"," Hannover -> Dortmund",NA,"STATIONARY_TRAFFIC","20",2025-05-22,"Beginn: 22.05.25 um 06:37 Uhr  Angespannte Verkehrslage, seit 22.05.2025, 06:37 A2: Hannover -> Dortmund, 0.8 km vor Herford, aus Richtung Herford-Ost  Im Stillstand Durchschnittsgeschwindigkeit: 20 km/h",52.1075968307881,8.72873122131815
"A2","undefined--vi-avl.2025-05-22_05-40-30-000.f_001.de0","52.10882860656113,8.730632280307631,52.09340980092969,8.701981799999896","52.10882860656113,8.730632280307631","WARNING","A2 | Herford-Ost - Herford/Bad Salzuflen"," Hannover -> Dortmund",4,"STATIONARY_TRAFFIC","29.700000762939453",2025-05-22,"Beginn: 22.05.25 um 05:40 Uhr  Angespannte Verkehrslage, seit 22.05.2025, 05:40 A2: Hannover -> Dortmund, zwischen 2.7 km hinter AS Herford-Ost und 0.6 km vor AS Herford/Bad Salzuflen  Im Stillstand Reisezeitverlust: 4 Minuten Durchschnittsgeschwindigkeit: 29 km/h",52.1088286065611,8.73063228030763
"A2","undefined--vi-hind.2025-05-22_06-31-30-000.f.de0","52.388842755552545,9.477137694359199,52.38958027278727,9.478147129091536","52.388842755552545,9.477137694359199","WARNING","A2 | Wunstorf-Kolenfeld - Wunstorf-Luthe"," Dortmund -> Hannover",NA,NA,NA,2025-05-22,"Beginn: 22.05.25 um 06:31 Uhr  Fahrzeug-Hindernis, seit 22.05.2025, 06:31 A2: Dortmund -> Hannover, zwischen 0.1 km hinter AS Wunstorf-Kolenfeld und 3.5 km vor AS Wunstorf-Luthe Gefahr durch ein defektes Fahrzeug auf der Fahrbahn",52.3888427555525,9.4771376943592
"A2","undefined--vi-hind.2025-05-22_06-22-30-000.f.de0","52.33764794476067,10.39227492407741,52.337487827906564,10.39418431385756","52.33764794476067,10.39227492407741","WARNING","A2 | Zweidorfer Holz Nord - Braunschweig-Watenbüttel"," Hannover -> Braunschweig",NA,NA,NA,2025-05-22,"Beginn: 22.05.25 um 06:22 Uhr  Fahrzeug-Hindernis, seit 22.05.2025, 06:22 A2: Hannover -> Braunschweig, zwischen 2.1 km hinter Zweidorfer Holz Nord und 2.1 km vor AS Braunschweig-Watenbüttel Gefahr durch ein defektes Fahrzeug auf der Fahrbahn",52.3376479447607,10.3922749240774
"A2","undefined--vi-hind.2025-05-22_06-32-07-000.f.de0","52.19970867158727,11.242241606294378,52.207390100928954,11.13184120000367","52.19970867158727,11.242241606294378","WARNING","A2 | Lorkberg - Marienborn"," Magdeburg -> Braunschweig",NA,NA,NA,2025-05-22,"Beginn: 22.05.25 um 06:32 Uhr  Hindernis, seit 22.05.2025, 06:32 A2: Magdeburg -> Braunschweig, zwischen 0.3 km hinter Lorkberg und 3.6 km vor Marienborn  Gefahr durch Gegenstände auf der Fahrbahn",52.1997086715873,11.2422416062944
"A2","undefined--vi-hind.2025-05-22_06-32-07-000.f_001.de0","52.19970867158727,11.242241606294378,52.207390100928954,11.13184120000367","52.19970867158727,11.242241606294378","WARNING","A2 | Lorkberg - Marienborn"," Magdeburg -> Braunschweig",NA,NA,NA,2025-05-22,"Beginn: 22.05.25 um 06:32 Uhr  Hindernis, seit 22.05.2025, 06:32 A2: Magdeburg -> Braunschweig, zwischen 0.3 km hinter Lorkberg und 3.6 km vor Marienborn  Gefahr durch Gegenstände auf der Fahrbahn",52.1997086715873,11.2422416062944
"A3","undefined--vi-hind.2025-05-22_06-30-00-000.f_001.de0","48.99827200094514,12.15150320003123,48.99539807917272,12.132164540785219","48.99827200094514,12.15150320003123","WARNING","A3 | Augraben-Süd - Regensburg-Universität"," Passau -> Nürnberg",NA,NA,NA,2025-05-22,"Beginn: 22.05.25 um 06:30 Uhr  Hindernis, seit 22.05.2025, 06:30 A3: Passau -> Nürnberg, zwischen 1.6 km hinter Augraben-Süd und 2.1 km vor AS Regensburg-Universität  Gefahr durch Gegenstände auf der Fahrbahn",48.9982720009451,12.1515032000312
"A3","undefined--vi-hind.2025-05-22_06-37-30-000.f.de0","49.99112947649631,9.165453870317236,49.99172890094117,9.080870400000029","49.99112947649631,9.165453870317236","WARNING","A3 | Aschaffenburg-Ost - Aschaffenburg"," Würzburg -> Frankfurt",NA,NA,NA,2025-05-22,"Beginn: 22.05.25 um 06:37 Uhr  Hindernis, seit 22.05.2025, 06:37 A3: Würzburg -> Frankfurt, zwischen 0.4 km hinter AS Aschaffenburg-Ost und 0.5 km vor AS Aschaffenburg  Gefahr durch Gegenstände auf der Fahrbahn",49.9911294764963,9.16545387031724
"A3","undefined--vi-avl.2025-05-22_06-30-30-000.f_005.de0","50.06721983392187,8.827360605237223,50.0679291063305,8.81201374371026","50.06721983392187,8.827360605237223","WARNING","A3 | Hanau - Hainbach"," Würzburg -> Frankfurt",0,"SLOW_TRAFFIC","70.69999694824219",2025-05-22,"Beginn: 22.05.25 um 06:30 Uhr  Angespannte Verkehrslage, seit 22.05.2025, 06:30 A3: Würzburg -> Frankfurt, zwischen 4.7 km hinter AS Hanau und 3.4 km vor Hainbach  Langsamer Verkehr Reisezeitverlust: 0 Minuten Durchschnittsgeschwindigkeit: 70 km/h",50.0672198339219,8.82736060523722
"A3","undefined--vi-hind.2025-05-22_06-18-00-000.f_001.de0","50.41290060093923,7.943247299999611,50.40200360093928,8.063392399999678","50.41290060093923,7.943247299999611","WARNING","A3 | Nentershausen - Limburg-Nord"," Köln -> Frankfurt",NA,NA,NA,2025-05-22,"Beginn: 22.05.25 um 06:18 Uhr  Hindernis, seit 22.05.2025, 06:18 A3: Köln -> Frankfurt, zwischen 1.8 km hinter Nentershausen und 0.6 km vor AS Limburg-Nord  Gefahr durch Gegenstände auf der Fahrbahn",50.4129006009392,7.94324729999961
"A3","undefined--vi-hind.2025-05-22_06-36-32-000.f_001.de0","50.56374272402557,7.527336443270092,50.53541296176557,7.596888223115928","50.56374272402557,7.527336443270092","WARNING","A3 | Neuwied - Dierdorf"," Köln -> Frankfurt",NA,NA,NA,2025-05-22,"Beginn: 22.05.25 um 06:36 Uhr  Hindernis, seit 22.05.2025, 06:36 A3: Köln -> Frankfurt, zwischen 0.1 km hinter AS Neuwied und AS Dierdorf  Gefahr durch Gegenstände auf der Fahrbahn",50.5637427240256,7.52733644327009
"A3","undefined--vi-hind.2025-05-22_06-27-00-000.f_001.de0","50.68829604321494,7.272478808359627,50.64879096328799,7.331609509961636","50.68829604321494,7.272478808359627","WARNING","A3 | Bonn/Siegburg - Hambitz"," Köln -> Frankfurt",NA,NA,NA,2025-05-22,"Beginn: 22.05.25 um 06:27 Uhr  Hindernis, seit 22.05.2025, 06:27 A3: Köln -> Frankfurt, zwischen 10.8 km hinter AK Bonn/Siegburg und 2.5 km vor Hambitz  Gefahr durch Gegenstände auf der Fahrbahn",50.6882960432149,7.27247880835963
"A3","undefined--vi-avl.2025-05-22_06-37-30-000.f_005.de0","51.483844298501225,6.813224448098728,51.483844298501225,6.813224448098728","51.483844298501225,6.813224448098728","WARNING","A3 | Oberhausen-Lirich - Oberhausen-Lirich"," Oberhausen -> Köln",NA,"SLOW_TRAFFIC","29",2025-05-22,"Beginn: 22.05.25 um 06:37 Uhr  Angespannte Verkehrslage, seit 22.05.2025, 06:37 A3: Oberhausen -> Köln, 0.9 km vor AS Oberhausen-Lirich, aus Richtung Oberhausen-West  Langsamer Verkehr Durchschnittsgeschwindigkeit: 29 km/h",51.4838442985012,6.81322444809873
"A3","undefined--vi-avl.2025-05-22_05-52-30-000.f_003.de0","51.48466008820647,6.813440305847699,51.46206781434264,6.812607608798934","51.48466008820647,6.813440305847699","WARNING","A3 | Oberhausen-West - Kaiserberg"," Oberhausen -> Köln",1,"SLOW_TRAFFIC","44.79999923706055",2025-05-22,"Beginn: 22.05.25 um 05:52 Uhr  Angespannte Verkehrslage, seit 22.05.2025, 05:52 A3: Oberhausen -> Köln, zwischen 0.3 km hinter AK Oberhausen-West und 2.2 km vor AK Kaiserberg  Langsamer Verkehr Reisezeitverlust: 1 Minuten Durchschnittsgeschwindigkeit: 44 km/h",51.4846600882065,6.8134403058477
"A3","undefined--vi-avl.2025-05-22_06-37-30-000.f_004.de0","51.5088624587482,6.821434672620349,51.5088624587482,6.821434672620349","51.5088624587482,6.821434672620349","WARNING","A3 | Oberhausen-Holten - Oberhausen-Holten"," Oberhausen -> Arnheim",NA,"SLOW_TRAFFIC","28",2025-05-22,"Beginn: 22.05.25 um 06:37 Uhr  Angespannte Verkehrslage, seit 22.05.2025, 06:37 A3: Oberhausen -> Arnheim, 0.5 km vor AS Oberhausen-Holten, aus Richtung Oberhausen-West  Langsamer Verkehr Durchschnittsgeschwindigkeit: 28 km/h",51.5088624587482,6.82143467262035
"A3","undefined--vi-avl.2025-05-22_05-41-00-000.f.de0","51.522342998237,6.8145302706002235,51.530711373701344,6.821306596831775","51.522342998237,6.8145302706002235","WARNING","A3 | Oberhausen-Holten - Oberhausen"," Oberhausen -> Arnheim",0,"SLOW_TRAFFIC","57.70000076293945",2025-05-22,"Beginn: 22.05.25 um 05:41 Uhr  Angespannte Verkehrslage, seit 22.05.2025, 05:41 A3: Oberhausen -> Arnheim, zwischen 1.1 km hinter AS Oberhausen-Holten und 1.2 km vor AK Oberhausen  Langsamer Verkehr Reisezeitverlust: 0 Minuten Durchschnittsgeschwindigkeit: 57 km/h",51.522342998237,6.81453027060022
"A3","undefined--vi-avl.2025-05-22_06-25-30-000.f_005.de0","51.53671113671889,6.830350267778303,51.5304651289827,6.820739652580479","51.53671113671889,6.830350267778303","WARNING","A3 | Oberhausen - Oberhausen-Holten"," Arnheim -> Oberhausen",0,"SLOW_TRAFFIC","49",2025-05-22,"Beginn: 22.05.25 um 06:25 Uhr  Angespannte Verkehrslage, seit 22.05.2025, 06:25 A3: Arnheim -> Oberhausen, zwischen 0.1 km hinter AK Oberhausen und 2.1 km vor AS Oberhausen-Holten  Langsamer Verkehr Reisezeitverlust: 0 Minuten Durchschnittsgeschwindigkeit: 49 km/h",51.5367111367189,6.8303502677783
"A3","undefined--vi-avl.2025-05-22_06-37-30-000.f_009.de0","51.89839901701434,6.165717280673193,51.89839901701434,6.165717280673193","51.89839901701434,6.165717280673193","WARNING","A3 | Knauheide - Knauheide"," Arnheim -> Oberhausen",NA,"QUEUING_TRAFFIC","21",2025-05-22,"Beginn: 22.05.25 um 06:37 Uhr  Angespannte Verkehrslage, seit 22.05.2025, 06:37 A3: Arnheim -> Oberhausen, 0.1 km vor Knauheide, aus Richtung Elten  Stockender Verkehr Durchschnittsgeschwindigkeit: 21 km/h",51.8983990170143,6.16571728067319
"A3","undefined--vi-avl.2025-05-22_06-37-00-000.f.de0","51.89836112503476,6.165756320916883,51.89430742738076,6.169921542127004","51.89836112503476,6.165756320916883","WARNING","A3 | Elten - Elten"," Arnheim -> Oberhausen",0,"QUEUING_TRAFFIC","38.5",2025-05-22,"Beginn: 22.05.25 um 06:37 Uhr  Angespannte Verkehrslage, seit 22.05.2025, 06:37 A3: Arnheim -> Oberhausen, zwischen 0.4 km hinter Elten und 1.3 km vor AS Elten  Stockender Verkehr Reisezeitverlust: 0 Minuten Durchschnittsgeschwindigkeit: 38 km/h",51.8983611250348,6.16575632091688
"A4","undefined--vi-avl.2025-05-22_06-01-00-000.f.de0","50.9035641316487,6.897993229013371,50.891618938001756,6.924295559226965","50.9035641316487,6.897993229013371","WARNING","A4 | Köln-West - Köln-Eifeltor"," Heerlen/Aachen -> Köln",2,"SLOW_TRAFFIC","42.70000076293945",2025-05-22,"Beginn: 22.05.25 um 06:01 Uhr  Angespannte Verkehrslage, seit 22.05.2025, 06:01 A4: Heerlen/Aachen -> Köln, zwischen 4.5 km hinter AK Köln-West und 0.1 km vor AS Köln-Eifeltor  Langsamer Verkehr Reisezeitverlust: 2 Minuten Durchschnittsgeschwindigkeit: 42 km/h",50.9035641316487,6.89799322901337
"A4","undefined--vi-hind.2025-05-22_06-16-30-000.f.de0","50.89929262856593,6.90781188443754,50.89929262856593,6.90781188443754","50.89929262856593,6.90781188443754","WARNING","A4 | Köln-Klettenberg - Köln-West"," Köln -> Heerlen/Aachen",NA,NA,NA,2025-05-22,"Beginn: 22.05.25 um 06:16 Uhr  Fahrzeug-Hindernis, seit 22.05.2025, 06:16 A4: Köln -> Heerlen/Aachen, zwischen 0.1 km hinter AS Köln-Klettenberg und 5.2 km vor AK Köln-West Gefahr durch ein defektes Fahrzeug auf der Fahrbahn",50.8992926285659,6.90781188443754
"A4","undefined--vi-avl.2025-05-22_06-14-30-000.f_002.de0","50.97118868515444,7.549708070446846,50.97118868515444,7.549708070446846","50.97118868515444,7.549708070446846","WARNING","A4 | Gummersbach - Gummersbach"," Olpe -> Köln",NA,"STATIONARY_TRAFFIC","7",2025-05-22,"Beginn: 22.05.25 um 06:35 Uhr  Angespannte Verkehrslage, seit 22.05.2025, 06:35 A4: Olpe -> Köln, 1.7 km vor AS Gummersbach, aus Richtung Morkepütz  Im Stillstand Durchschnittsgeschwindigkeit: 7 km/h",50.9711886851544,7.54970807044685
"A4","undefined--vi-avl.2025-05-22_06-11-00-000.f.de0","50.971214671342615,7.549483969486968,50.975477064559,7.5097572398207","50.971214671342615,7.549483969486968","WARNING","A4 | Morkepütz - Hömeler Feld"," Olpe -> Köln",10,"STATIONARY_TRAFFIC","13.699999809265137",2025-05-22,"Beginn: 22.05.25 um 06:11 Uhr  Angespannte Verkehrslage, seit 22.05.2025, 06:11 A4: Olpe -> Köln, zwischen 0.1 km hinter Morkepütz und 0.4 km vor Hömeler Feld  Im Stillstand Reisezeitverlust: 10 Minuten Durchschnittsgeschwindigkeit: 13 km/h",50.9712146713426,7.54948396948697
"A4","undefined--vi-zus.2025-05-22_06-24-30-000.f_001.de0","51.183207183443095,15.002102792575792,51.18430040096618,14.998414400641499","51.183207183443095,15.002102792575792","WARNING","A4 | Ludwigsdorf - An der Neiße"," Görlitz -> Dresden",0,"SLOW_TRAFFIC","15.600000381469727",2025-05-22,"Beginn: 22.05.25 um 06:24 Uhr  Zusammengesetzte Verkehrsinformation, seit 22.05.2025, 06:24 A4: Görlitz -> Dresden, zwischen 0.5 km hinter Ludwigsdorf und 0.7 km vor An der Neiße  Langsamer Verkehr Reisezeitverlust: 0 Minuten Durchschnittsgeschwindigkeit: 15 km/h",51.1832071834431,15.0021027925758
"A5","undefined--vi-avl.2025-05-22_06-32-07-000.f_004.de0","48.893263377760476,8.306480947021171,48.9017845143708,8.338264652831587","48.893263377760476,8.306480947021171","WARNING","A5 | Schleifweg - Karlsruhe-Süd"," Basel -> Karlsruhe",2,"QUEUING_TRAFFIC","45.400001525878906",2025-05-22,"Beginn: 22.05.25 um 06:32 Uhr  Angespannte Verkehrslage, seit 22.05.2025, 06:32 A5: Basel -> Karlsruhe, zwischen 1.4 km hinter Schleifweg und 7.2 km vor AS Karlsruhe-Süd  Stockender Verkehr Reisezeitverlust: 2 Minuten Durchschnittsgeschwindigkeit: 45 km/h",48.8932633777605,8.30648094702117
"A5","undefined--vi-hind.2025-05-22_06-30-00-000.f_002.de0","49.27404723424382,8.616364003082674,49.2868301371437,8.623134521798956","49.27404723424382,8.616364003082674","WARNING","A5 | Lußhardt - Walldorf/Wiesloch"," Karlsruhe -> Heidelberg",NA,NA,NA,2025-05-22,"Beginn: 22.05.25 um 06:30 Uhr  Hindernis, seit 22.05.2025, 06:30 A5: Karlsruhe -> Heidelberg, zwischen 2.1 km hinter Lußhardt und 1.6 km vor AS Walldorf/Wiesloch  Gefahr durch eine ungesicherte Unfallstelle",49.2740472342438,8.61636400308267
"A5","undefined--vi-avl.2025-05-22_06-17-30-000.f_002.de0","47.5875822832244,7.602428941470417,47.58637552591579,7.6021304287910825","47.5875822832244,7.602428941470417","WARNING","Baustelle"," km 813.90 --> km 814.03",0,"STATIONARY_TRAFFIC","10.800000190734863",2025-05-22,"Beginn: 22.05.25 um 06:17 Uhr  Angespannte Verkehrslage, seit 22.05.2025, 06:17 A5: km 813.90 --> km 814.03  Im Stillstand Reisezeitverlust: 0 Minuten Durchschnittsgeschwindigkeit: 10 km/h",47.5875822832244,7.60242894147042
"A5","undefined--vi-avl.2025-05-22_06-18-00-000.f_001.de0","47.5875822832244,7.602428941470417,47.5875822832244,7.602428941470417","47.5875822832244,7.602428941470417","WARNING","Baustelle","",NA,"STATIONARY_TRAFFIC","11",2025-05-22,"Beginn: 22.05.25 um 06:35 Uhr  Angespannte Verkehrslage, seit 22.05.2025, 06:35 A5 S  Im Stillstand Durchschnittsgeschwindigkeit: 11 km/h",47.5875822832244,7.60242894147042
"A6","undefined--vi-avl.2025-05-22_06-18-00-000.f_002.de0","49.207899036942486,6.96520537646557,49.207899036942486,6.96520537646557","49.207899036942486,6.96520537646557","WARNING","A6 | Saarbrücken Autobahn - Saarbrücken Autobahn"," Kaiserslautern -> Metz/Saarbrücken",NA,"QUEUING_TRAFFIC","8",2025-05-22,"Beginn: 22.05.25 um 06:29 Uhr  Angespannte Verkehrslage, seit 22.05.2025, 06:29 A6: Kaiserslautern -> Metz/Saarbrücken, 0.1 km vor Saarbrücken Autobahn, aus Richtung Goldene Bremm  Stockender Verkehr Durchschnittsgeschwindigkeit: 8 km/h",49.2078990369425,6.96520537646557
"A6","undefined--vi-avl.2025-05-22_06-17-30-000.f_007.de0","49.280464818663184,8.714050651508309,49.27537317717539,8.689077569605692","49.280464818663184,8.714050651508309","WARNING","A6 | Sinsheim - Weißer Stock"," Heilbronn -> Mannheim",1,"SLOW_TRAFFIC","45.29999923706055",2025-05-22,"Beginn: 22.05.25 um 06:17 Uhr  Angespannte Verkehrslage, seit 22.05.2025, 06:17 A6: Heilbronn -> Mannheim, zwischen 11.2 km hinter AS Sinsheim und 3.0 km vor Weißer Stock  Langsamer Verkehr Reisezeitverlust: 1 Minuten Durchschnittsgeschwindigkeit: 45 km/h",49.2804648186632,8.71405065150831
"A6","undefined--vi-hind.2025-05-22_01-42-00-000.f_009.de0","49.27980349802968,10.720159959784306,49.27980349802968,10.720159959784306","49.27980349802968,10.720159959784306","WARNING","A6 | Lerchenbuck - Lichtenau"," Nürnberg -> Heilbronn",NA,NA,NA,2025-05-22,"Beginn: 22.05.25 um 01:42 Uhr  Fahrzeug-Hindernis, seit 22.05.2025, 01:42 A6: Nürnberg -> Heilbronn, zwischen 4.2 km hinter Lerchenbuck und AS Lichtenau Gefahr durch ein defektes Fahrzeug auf der Fahrbahn",49.2798034980297,10.7201599597843
"A6","undefined--vi-zus.2025-05-22_06-34-00-000.f.de0","49.632924037144576,12.463469249369686,49.629802783856526,12.447991926768246","49.632924037144576,12.463469249369686","WARNING","A6 | Waidhaus - Pleystein"," Pilsen -> Nürnberg",1,"SLOW_TRAFFIC","28.5",2025-05-22,"Beginn: 22.05.25 um 06:34 Uhr  Zusammengesetzte Verkehrsinformation, seit 22.05.2025, 06:34 A6: Pilsen -> Nürnberg, zwischen 2.0 km hinter AS Waidhaus und 2.7 km vor AS Pleystein  Langsamer Verkehr Reisezeitverlust: 1 Minuten Durchschnittsgeschwindigkeit: 28 km/h",49.6329240371446,12.4634692493697
"A7","undefined--vi-zus.2025-05-22_06-36-03-000.f.de0","47.572965577642115,10.660922982282756,47.577037246669576,10.66215100562998","47.572965577642115,10.660922982282756","WARNING","A7 | Grenztunnel Füssen - Reinertshofertunnel"," Füssen/Reutte -> Ulm",1,"STATIONARY_TRAFFIC","12.5",2025-05-22,"Beginn: 22.05.25 um 06:36 Uhr  Zusammengesetzte Verkehrsinformation, seit 22.05.2025, 06:36 A7: Füssen/Reutte -> Ulm, zwischen 1.6 km hinter Grenztunnel Füssen und 2.7 km vor Reinertshofertunnel  Im Stillstand Reisezeitverlust: 1 Minuten Durchschnittsgeschwindigkeit: 12 km/h",47.5729655776421,10.6609229822828
"A7","undefined--vi-zus.2025-05-13_04-57-00-000.f_007.de0","47.595412441892016,10.656244234565428,47.626144871649025,10.654585437937621","47.595412441892016,10.656244234565428","WARNING","A7 | Füssen - Nesselwang"," Füssen/Reutte -> Ulm",NA,NA,NA,2025-05-13,"Beginn: 13.05.25 um 04:57 Uhr  Zusammengesetzte Verkehrsinformation, seit 13.05.2025, 04:57 A7: Füssen/Reutte -> Ulm, zwischen 2.5 km hinter AS Füssen und 10.0 km vor AS Nesselwang  A7 Füssen/Reutte Richtung Ulm zwischen Reinertshoftunnel und Nesselwang Verkehr wird über die Gegenfahrbahn geleitet, Baustelle, von 16.05.2025 05:00 Uhr bis 18.07.2025 15:00 Uhr",47.595412441892,10.6562442345654
"A7","undefined--vi-avl.2025-05-22_06-18-30-000.f.de0","47.629506050197506,10.601875554865249,47.62854032886443,10.586606678743902","47.629506050197506,10.601875554865249","WARNING","A7 | Reinertshofertunnel - Nesselwang"," Füssen/Reutte -> Ulm",0,"SLOW_TRAFFIC","64.19999694824219",2025-05-22,"Beginn: 22.05.25 um 06:18 Uhr  Angespannte Verkehrslage, seit 22.05.2025, 06:18 A7: Füssen/Reutte -> Ulm, zwischen 7.2 km hinter Reinertshofertunnel und 4.8 km vor AS Nesselwang  Langsamer Verkehr Reisezeitverlust: 0 Minuten Durchschnittsgeschwindigkeit: 64 km/h",47.6295060501975,10.6018755548652
"A7","undefined--vi-avl.2025-05-22_06-28-30-000.f_001.de0","47.602155035376875,10.656295007948982,47.611725555816726,10.658034433401786","47.602155035376875,10.656295007948982","WARNING","A7 | Reinertshofertunnel - Nesselwang"," Füssen/Reutte -> Ulm",0,"SLOW_TRAFFIC","55.29999923706055",2025-05-22,"Beginn: 22.05.25 um 06:28 Uhr  Angespannte Verkehrslage, seit 22.05.2025, 06:28 A7: Füssen/Reutte -> Ulm, zwischen 0.2 km hinter Reinertshofertunnel und 11.9 km vor AS Nesselwang  Langsamer Verkehr Reisezeitverlust: 0 Minuten Durchschnittsgeschwindigkeit: 55 km/h",47.6021550353769,10.656295007949
"A7","undefined--vi-hind.2025-05-22_06-37-00-000.f.de0","51.308574326682056,9.560011856187732,51.31019953617489,9.560048104452308","51.308574326682056,9.560011856187732","WARNING","A7 | Kassel-Nord - Herkulesblick"," Kassel -> Hannover",NA,NA,NA,2025-05-22,"Beginn: 22.05.25 um 06:37 Uhr  Fahrzeug-Hindernis, seit 22.05.2025, 06:37 A7: Kassel -> Hannover, zwischen AS Kassel-Nord und 1.2 km vor Herkulesblick Gefahr durch ein defektes Fahrzeug auf der Fahrbahn",51.3085743266821,9.56001185618773
"A7","undefined--vi-avl.2025-05-22_06-33-00-000.f_001.de0","53.47452487672475,9.917071789860481,53.49031678223963,9.913783673181452","53.47452487672475,9.917071789860481","WARNING","A7 | Hamburg-Heimfeld - Hamburg-Waltershof"," Hannover -> Hamburg",1,"SLOW_TRAFFIC","48",2025-05-22,"Beginn: 22.05.25 um 06:33 Uhr  Angespannte Verkehrslage, seit 22.05.2025, 06:33 A7: Hannover -> Hamburg, zwischen 1.0 km hinter AS Hamburg-Heimfeld und 2.9 km vor AS Hamburg-Waltershof  Langsamer Verkehr Reisezeitverlust: 1 Minuten Durchschnittsgeschwindigkeit: 48 km/h",53.4745248767248,9.91707178986048
"A7","undefined--vi-avl.2025-05-22_06-37-30-000.f_002.de0","53.47245776277482,9.918693365800022,53.47245776277482,9.918693365800022","53.47245776277482,9.918693365800022","WARNING","A7 | Hamburg-Hausbruch - Hamburg-Hausbruch"," Hannover -> Hamburg",NA,"SLOW_TRAFFIC","26",2025-05-22,"Beginn: 22.05.25 um 06:37 Uhr  Angespannte Verkehrslage, seit 22.05.2025, 06:37 A7: Hannover -> Hamburg, 1.0 km vor AS Hamburg-Hausbruch, aus Richtung Hamburg-Heimfeld  Langsamer Verkehr Durchschnittsgeschwindigkeit: 26 km/h",53.4724577627748,9.91869336580002
"A7","undefined--vi-avl.2025-05-22_06-37-30-000.f_008.de0","53.53343607015235,9.933461582004504,53.53343607015235,9.933461582004504","53.53343607015235,9.933461582004504","WARNING","A7 | Elbtunnel (Südportal) - Elbtunnel (Südportal)"," Hannover -> Hamburg",NA,"SLOW_TRAFFIC","11",2025-05-22,"Beginn: 22.05.25 um 06:37 Uhr  Angespannte Verkehrslage, seit 22.05.2025, 06:37 A7: Hannover -> Hamburg, 0.3 km vor Elbtunnel (Südportal), aus Richtung Hamburg-Waltershof  Langsamer Verkehr Durchschnittsgeschwindigkeit: 11 km/h",53.5334360701523,9.9334615820045
"A7","undefined--vi-zus.2025-03-31_00-40-00-000.f_018.de0","53.579141433849884,9.913430072127355,53.55636870091902,9.897540700000414","53.579141433849884,9.913430072127355","WARNING","A7 | Hamburg-Volkspark - Elbtunnel (Nordportal)"," Flensburg -> Hamburg",NA,NA,NA,2025-03-31,"Beginn: 31.03.25 um 00:40 Uhr  Zusammengesetzte Verkehrsinformation, seit 31.03.2025, 00:40 A7: Flensburg -> Hamburg, zwischen 0.4 km hinter AS Hamburg-Volkspark und 0.9 km vor Elbtunnel (Nordportal)  A7 Flensburg Richtung Hamburg Ausfahrt Hamburg-Othmarschen Fahrbahnverengung, maximale Fahrbahnbreite von 4,50 m, Bauarbeiten, bis 29.09.2025",53.5791414338499,9.91343007212735
"A8","undefined--vi-avl.2025-05-22_06-22-30-000.f_005.de0","49.451686123762265,6.53925506092914,49.451686123762265,6.53925506092914","49.451686123762265,6.53925506092914","WARNING","A8 | Merzig-Wellingen - Merzig-Wellingen"," Saarlouis -> Luxemburg",NA,"QUEUING_TRAFFIC","17",2025-05-22,"Beginn: 22.05.25 um 06:35 Uhr  Angespannte Verkehrslage, seit 22.05.2025, 06:35 A8: Saarlouis -> Luxemburg, 1.5 km vor AS Merzig-Wellingen, aus Richtung Weiler  Stockender Verkehr Durchschnittsgeschwindigkeit: 17 km/h",49.4516861237623,6.53925506092914
"A8","undefined--vi-zus.2025-05-22_06-13-00-000.f.de0","49.451686123762265,6.53925506092914,49.4514262078142,6.516579178370966","49.451686123762265,6.53925506092914","WARNING","A8 | Weiler - Pellinger Berg"," Saarlouis -> Luxemburg",2,"QUEUING_TRAFFIC","30.700000762939453",2025-05-22,"Beginn: 22.05.25 um 06:13 Uhr  Zusammengesetzte Verkehrsinformation, seit 22.05.2025, 06:13 A8: Saarlouis -> Luxemburg, zwischen 2.1 km hinter Weiler und 0.3 km vor Pellinger Berg  Stockender Verkehr Reisezeitverlust: 2 Minuten Durchschnittsgeschwindigkeit: 30 km/h",49.4516861237623,6.53925506092914
"A8","undefined--vi-zus.2025-03-26_17-59-56-000.f_013.de0","49.32575278791285,7.172731755291576,49.327350714671546,7.213275819282444","49.32575278791285,7.172731755291576","WARNING","A8 | Neunkirchen/Spiesen - Kohlhof"," Saarlouis -> Neunkirchen",NA,NA,NA,2025-03-26,"Beginn: 26.03.25 um 17:59 Uhr  Zusammengesetzte Verkehrsinformation, seit 26.03.2025, 17:59 A8: Saarlouis -> Neunkirchen, zwischen 1.5 km hinter AS Neunkirchen/Spiesen und 1.0 km vor Kohlhof  A8 Saarlouis - Neunkirchen zwischen Neunkirchen-Spiesen und Neunkirchen-Oberstadt in beiden Richtungen Bauarbeiten, bis voraussichtlich 01.06.2025",49.3257527879128,7.17273175529158
"A8","undefined--vi-zus.2025-05-14_09-26-56-000.f.de0","49.32628400979037,7.229641516813452,49.329166750017514,7.1882642393148934","49.32628400979037,7.229641516813452","WARNING","A8 | Neunkirchen-Wellesweiler - Neunkirchen/Spiesen"," Neunkirchen -> Saarlouis",NA,NA,NA,2025-05-14,"Beginn: 14.05.25 um 09:26 Uhr  Zusammengesetzte Verkehrsinformation, seit 14.05.2025, 09:26 A8: Neunkirchen -> Saarlouis, zwischen 0.4 km hinter AS Neunkirchen-Wellesweiler und 2.7 km vor AS Neunkirchen/Spiesen  A8 Saarlouis - Neunkirchen zwischen Neunkirchen-Spiesen und Neunkirchen-Oberstadt in beiden Richtungen Bauarbeiten, bis voraussichtlich 01.06.2025",49.3262840097904,7.22964151681345
"A8","undefined--vi-zus.2025-05-22_05-49-00-000.f.de0","48.9077911172745,8.670978791568588,48.910687819521186,8.769029646935529","48.9077911172745,8.670978791568588","WARNING","A8 | Pforzheim-West - Pforzheim"," Karlsruhe -> Stuttgart",4,"SLOW_TRAFFIC","48.79999923706055",2025-05-22,"Beginn: 22.05.25 um 05:49 Uhr  Zusammengesetzte Verkehrsinformation, seit 22.05.2025, 05:49 A8: Karlsruhe -> Stuttgart, zwischen 1.3 km hinter AS Pforzheim-West und 0.5 km vor Pforzheim  Langsamer Verkehr Reisezeitverlust: 4 Minuten Durchschnittsgeschwindigkeit: 48 km/h",48.9077911172745,8.67097879156859
"A8","undefined--vi-avl.2025-05-22_05-57-00-000.f_003.de0","48.69322181665091,9.217581012736725,48.69322181665091,9.217581012736725","48.69322181665091,9.217581012736725","WARNING","A8 | Stuttgart-Flughafen/Messe - Stuttgart-Flughafen/Messe"," München -> Stuttgart",NA,"STATIONARY_TRAFFIC","7",2025-05-22,"Beginn: 22.05.25 um 06:35 Uhr  Angespannte Verkehrslage, seit 22.05.2025, 06:35 A8: München -> Stuttgart, 2.4 km vor AS Stuttgart-Flughafen/Messe, aus Richtung Stuttgart-Plieningen  Im Stillstand Durchschnittsgeschwindigkeit: 7 km/h",48.6932218166509,9.21758101273672
"A8","undefined--vi-avl.2025-05-22_05-53-00-000.f_002.de0","48.693205801467045,9.21736494611778,48.71458389029799,9.090067812852162","48.693205801467045,9.21736494611778","WARNING","A8 | Stuttgart-Plieningen - Stuttgart"," München -> Karlsruhe",76,"STATIONARY_TRAFFIC","7.300000190734863",2025-05-22,"Beginn: 22.05.25 um 05:53 Uhr  Angespannte Verkehrslage, seit 22.05.2025, 05:53 A8: München -> Karlsruhe, zwischen 0.2 km hinter AS Stuttgart-Plieningen und 2.1 km vor AK Stuttgart  Im Stillstand Reisezeitverlust: 76 Minuten Durchschnittsgeschwindigkeit: 7 km/h",48.693205801467,9.21736494611778
"A8","undefined--vi-avl.2025-05-22_06-26-00-000.f_003.de0","48.23773426588877,11.340470703151276,48.21140577342238,11.385558220710536","48.23773426588877,11.340470703151276","WARNING","A8 | Fuchsberg - München-Eschenried"," Stuttgart -> München",4,"QUEUING_TRAFFIC","39.70000076293945",2025-05-22,"Beginn: 22.05.25 um 06:26 Uhr  Angespannte Verkehrslage, seit 22.05.2025, 06:26 A8: Stuttgart -> München, zwischen 3.7 km hinter Fuchsberg und 0.8 km vor AD München-Eschenried  Stockender Verkehr Reisezeitverlust: 4 Minuten Durchschnittsgeschwindigkeit: 39 km/h",48.2377342658888,11.3404707031513
"A8","undefined--vi-avl.2025-05-22_06-19-30-000.f_003.de0","47.80758120094832,12.119655600033216,47.80293337821077,12.16769406857796","47.80758120094832,12.119655600033216","WARNING","A8 | Inntal - Samerberg"," München -> Salzburg",4,"QUEUING_TRAFFIC","33.400001525878906",2025-05-22,"Beginn: 22.05.25 um 06:19 Uhr  Angespannte Verkehrslage, seit 22.05.2025, 06:19 A8: München -> Salzburg, zwischen 1.7 km hinter AD Inntal und 0.7 km vor Samerberg  Stockender Verkehr Reisezeitverlust: 4 Minuten Durchschnittsgeschwindigkeit: 33 km/h",47.8075812009483,12.1196556000332
"A8","undefined--vi-avl.2025-05-22_06-37-30-000.f_015.de0","47.80707110094831,12.126309900033577,47.80707110094831,12.126309900033577","47.80707110094831,12.126309900033577","WARNING","A8 | Hochstraßer See - Hochstraßer See"," München -> Salzburg",NA,"QUEUING_TRAFFIC","24",2025-05-22,"Beginn: 22.05.25 um 06:37 Uhr  Angespannte Verkehrslage, seit 22.05.2025, 06:37 A8: München -> Salzburg, 0.8 km vor Hochstraßer See, aus Richtung Rosenheim  Stockender Verkehr Durchschnittsgeschwindigkeit: 24 km/h",47.8070711009483,12.1263099000336
"A8","undefined--vi-avl.2025-05-22_06-37-30-000.f_011.de0","47.80242942655639,12.180905763006121,47.80242942655639,12.180905763006121","47.80242942655639,12.180905763006121","WARNING","A8 | Samerberg - Samerberg"," Salzburg -> München",NA,"SLOW_TRAFFIC","27",2025-05-22,"Beginn: 22.05.25 um 06:37 Uhr  Angespannte Verkehrslage, seit 22.05.2025, 06:37 A8: Salzburg -> München, 0.3 km vor Samerberg, aus Richtung Apfelkam  Langsamer Verkehr Durchschnittsgeschwindigkeit: 27 km/h",47.8024294265564,12.1809057630061
"A8","undefined--vi-avl.2025-05-22_06-23-31-000.f_003.de0","47.802442196045604,12.180338361803598,47.80384556757187,12.161994591062866","47.802442196045604,12.180338361803598","WARNING","A8 | Apfelkam - Winkelbach"," Salzburg -> München",1,"SLOW_TRAFFIC","41.599998474121094",2025-05-22,"Beginn: 22.05.25 um 06:23 Uhr  Angespannte Verkehrslage, seit 22.05.2025, 06:23 A8: Salzburg -> München, zwischen 1.5 km hinter Apfelkam und 1.8 km vor Winkelbach  Langsamer Verkehr Reisezeitverlust: 1 Minuten Durchschnittsgeschwindigkeit: 41 km/h",47.8024421960456,12.1803383618036
"A8","undefined--vi-zus.2025-04-24_15-51-24-000.f_004.de0","47.80413423145671,12.281019464099568,47.80190612486237,12.309767384276238","47.80413423145671,12.281019464099568","WARNING","A8 | Frasdorf - Bernau am Chiemsee"," München -> Salzburg",NA,NA,NA,2025-04-24,"Beginn: 24.04.25 um 15:51 Uhr  Zusammengesetzte Verkehrsinformation, seit 24.04.2025, 15:51 A8: München -> Salzburg, zwischen 0.1 km hinter Frasdorf und 4.3 km vor AS Bernau am Chiemsee  A8 München Richtung Salzburg zwischen Frasdorf und Bernau rechter Fahrstreifen gesperrt, Fahrbahn auf einen Fahrstreifen verengt, Brückenarbeiten, bis 24.05.2025 20:00 Uhr",47.8041342314567,12.2810194640996
"A9","undefined--vi-avl.2025-05-22_06-28-30-000.f.de0","48.19778544745662,11.617504795201626,48.17885453143835,11.595654402340683","48.19778544745662,11.617504795201626","WARNING","A9 | München-Freimann - München-Schwabing"," Nürnberg -> München",2,"SLOW_TRAFFIC","41.599998474121094",2025-05-22,"Beginn: 22.05.25 um 06:28 Uhr  Angespannte Verkehrslage, seit 22.05.2025, 06:28 A9: Nürnberg -> München, zwischen 0.1 km hinter AS München-Freimann und 0.4 km vor AS München-Schwabing  Langsamer Verkehr Reisezeitverlust: 2 Minuten Durchschnittsgeschwindigkeit: 41 km/h",48.1977854474566,11.6175047952016
"A9","undefined--vi-avl.2025-05-22_06-36-03-000.f.de0","48.385815425881226,11.597207380416219,48.370294582771315,11.595511449195124","48.385815425881226,11.597207380416219","WARNING","A9 | Aster Moos - Fürholzen (West)"," Nürnberg -> München",1,"SLOW_TRAFFIC","53.5",2025-05-22,"Beginn: 22.05.25 um 06:36 Uhr  Angespannte Verkehrslage, seit 22.05.2025, 06:36 A9: Nürnberg -> München, zwischen Aster Moos und 3.6 km vor Fürholzen (West)  Langsamer Verkehr Reisezeitverlust: 1 Minuten Durchschnittsgeschwindigkeit: 53 km/h",48.3858154258812,11.5972073804162
"A9","undefined--vi-hind.2025-05-22_06-02-30-000.f_002.de0","48.64479430094613,11.517033200010363,48.70719690094593,11.486518800009707","48.64479430094613,11.517033200010363","WARNING","A9 | Rohrbach (West) - Manching"," München -> Nürnberg",NA,NA,NA,2025-05-22,"Beginn: 22.05.25 um 06:02 Uhr  Hindernis, seit 22.05.2025, 06:02 A9: München -> Nürnberg, zwischen 4.0 km hinter Rohrbach (West) und 0.3 km vor AS Manching  Gefahr durch Gegenstände auf der Fahrbahn",48.6447943009461,11.5170332000104
"A9","undefined--vi-hind.2025-05-22_06-10-00-000.f.de0","48.773621891376195,11.461107704143563,48.77523742035478,11.461087679610877","48.773621891376195,11.461107704143563","WARNING","A9 | Ingolstadt-Ost - Lenting"," München -> Nürnberg",NA,NA,NA,2025-05-22,"Beginn: 22.05.25 um 06:10 Uhr  Hindernis, seit 22.05.2025, 06:10 A9: München -> Nürnberg, zwischen 0.4 km hinter AS Ingolstadt-Ost und 4.6 km vor AS Lenting  Gefahr durch Gegenstände auf der Fahrbahn",48.7736218913762,11.4611077041436
"A9","undefined--vi-avl.2025-05-22_06-30-30-000.f_001.de0","50.04299103391412,11.61421311243959,50.01511692213449,11.60542000037194","50.04299103391412,11.61421311243959","WARNING","A9 | Bad Berneck/Himmelkron - Bindlacher Berg"," Halle/Leipzig -> Nürnberg",2,"SLOW_TRAFFIC","45.599998474121094",2025-05-22,"Beginn: 22.05.25 um 06:30 Uhr  Angespannte Verkehrslage, seit 22.05.2025, 06:30 A9: Halle/Leipzig -> Nürnberg, zwischen 1.4 km hinter AS Bad Berneck/Himmelkron und AS Bindlacher Berg  Langsamer Verkehr Reisezeitverlust: 2 Minuten Durchschnittsgeschwindigkeit: 45 km/h",50.0429910339141,11.6142131124396
"A9","undefined--vi-avl.2025-05-22_06-37-30-000.f_007.de0","52.27596641591559,12.911360094520834,52.27596641591559,12.911360094520834","52.27596641591559,12.911360094520834","WARNING","A9 | Beelitz-Heilstätten - Beelitz-Heilstätten"," Berlin -> Halle/Leipzig",NA,"STATIONARY_TRAFFIC","11",2025-05-22,"Beginn: 22.05.25 um 06:37 Uhr  Angespannte Verkehrslage, seit 22.05.2025, 06:37 A9: Berlin -> Halle/Leipzig, 0.8 km vor AS Beelitz-Heilstätten, aus Richtung Potsdam  Im Stillstand Durchschnittsgeschwindigkeit: 11 km/h",52.2759664159156,12.9113600945208
"A9","undefined--vi-zus.2025-05-22_06-35-30-000.f.de0","52.27596641591559,12.911360094520834,52.27143080777412,12.909805041110104","52.27596641591559,12.911360094520834","WARNING","A9 | Potsdam - Beelitz-Heilstätten"," Berlin -> Halle/Leipzig",1,"STATIONARY_TRAFFIC","17.299999237060547",2025-05-22,"Beginn: 22.05.25 um 06:35 Uhr  Zusammengesetzte Verkehrsinformation, seit 22.05.2025, 06:35 A9: Berlin -> Halle/Leipzig, zwischen 1.6 km hinter AD Potsdam und 0.3 km vor AS Beelitz-Heilstätten  Im Stillstand Reisezeitverlust: 1 Minuten Durchschnittsgeschwindigkeit: 17 km/h",52.2759664159156,12.9113600945208
"A10","undefined--vi-zus.2025-05-22_06-35-00-000.f.de0","52.298731622284976,12.899161906930392,52.29377726911083,12.909113204593616","52.298731622284976,12.899161906930392","WARNING","A10 | Glindow - Potsdam"," Dreieck Werder -> Schönefelder Kreuz",0,"QUEUING_TRAFFIC","35.900001525878906",2025-05-22,"Beginn: 22.05.25 um 06:35 Uhr  Zusammengesetzte Verkehrsinformation, seit 22.05.2025, 06:35 A10: Dreieck Werder -> Schönefelder Kreuz, zwischen 2.1 km hinter AS Glindow und 0.6 km vor AD Potsdam  Stockender Verkehr Reisezeitverlust: 0 Minuten Durchschnittsgeschwindigkeit: 35 km/h",52.298731622285,12.8991619069304
"A10","undefined--vi-zus.2025-05-22_06-25-30-000.f.de0","52.40912660079237,12.89374741266481,52.41951310463005,12.920351085711886","52.40912660079237,12.89374741266481","WARNING","A10 | Groß Kreutz - Leest"," Dreieck Werder -> Dreieck Havelland",1,"SLOW_TRAFFIC","38.099998474121094",2025-05-22,"Beginn: 22.05.25 um 06:25 Uhr  Zusammengesetzte Verkehrsinformation, seit 22.05.2025, 06:25 A10: Dreieck Werder -> Dreieck Havelland, zwischen 4.4 km hinter AS Groß Kreutz und 2.0 km vor AS Leest  Langsamer Verkehr Reisezeitverlust: 1 Minuten Durchschnittsgeschwindigkeit: 38 km/h",52.4091266007924,12.8937474126648
"A10","undefined--vi-avl.2025-05-22_11-50-00-000.f_036.de0","52.412149100523266,12.901041845080828,52.412149100523266,12.901041845080828","52.412149100523266,12.901041845080828","WARNING","A10 | Groß Kreutz - Phöben"," Dreieck Werder -> Dreieck Havelland",0,"STATIONARY_TRAFFIC","25",2025-05-22,"Beginn: 22.05.25 um 11:50 Uhr  Angespannte Verkehrslage, seit 22.05.2025, 11:50 A10: Dreieck Werder -> Dreieck Havelland, zwischen 5.0 km hinter AS Groß Kreutz und 0.1 km vor AS Phöben  Im Stillstand Reisezeitverlust: 0 Minuten Durchschnittsgeschwindigkeit: 25 km/h",52.4121491005233,12.9010418450808
"A10","undefined--vi-avl.2025-05-22_06-30-30-000.f_008.de0","52.4092258671359,12.894026828587055,52.4092258671359,12.894026828587055","52.4092258671359,12.894026828587055","WARNING","A10 | Phöben - Phöben"," Dreieck Werder -> Dreieck Havelland",NA,"SLOW_TRAFFIC","28",2025-05-22,"Beginn: 22.05.25 um 06:35 Uhr  Angespannte Verkehrslage, seit 22.05.2025, 06:35 A10: Dreieck Werder -> Dreieck Havelland, 0.7 km vor AS Phöben, aus Richtung Groß Kreutz  Langsamer Verkehr Durchschnittsgeschwindigkeit: 28 km/h",52.4092258671359,12.8940268285871
"A12","undefined--vi-avl.2025-05-22_06-19-03-000.f.de0","52.31462816196974,14.566852289726743,52.314680708111105,14.561546427138259","52.31462816196974,14.566852289726743","WARNING","A12 | Frankfurt(Oder) - Frankfurt(Oder)-Mitte"," Frankfurt(Oder) -> Berliner Ring",0,"SLOW_TRAFFIC","14.5",2025-05-22,"Beginn: 22.05.25 um 06:19 Uhr  Angespannte Verkehrslage, seit 22.05.2025, 06:19 A12: Frankfurt(Oder) -> Berliner Ring, zwischen 0.7 km hinter Frankfurt(Oder) und 2.9 km vor AS Frankfurt(Oder)-Mitte  Langsamer Verkehr Reisezeitverlust: 0 Minuten Durchschnittsgeschwindigkeit: 14 km/h",52.3146281619697,14.5668522897267
"A12","WarnungA10Lkw3","47.61802931631098,12.202336027754352,47.61802931631098,12.202336027754352","47.61802931631098,12.202336027754352","WARNING","E45/E60 | LKW Blockabfertigung | A12-Inntal Autobahn","Richtung Italien",NA,NA,NA,2025-01-11,"Zeitraum: Beginn: 07.01.2025 Ende: 09.12.2025  Hinweis für LKW-Reisende nach Österreich: LKW-Blockabfertigungen an ausgewählten Tagen für Lkw am Grenzübergang Kufstein/Kiefersfelden. Maximaler Durchlass von 300 LKWs pro Stunde  Die genauen Ausführungszeiten und weitere Informationen auf tirol.gv.at/verkehr/verkehrs-und-seilbahnrecht/lkw-dosierung.",47.618029316311,12.2023360277544
"A12","WarnungA10Lkw2","47.6164490154047,12.202382557672273,47.6164490154047,12.202382557672273","47.6164490154047,12.202382557672273","WARNING","E43/E45/E60 | A13-Brenner Autobahn","Richtung Italien",NA,NA,NA,2025-01-11,"Zeitraum: Beginn: 11.01.2025 Ende: 27.09.2025  Hinweis für LKW-Reisende nach Österreich: LKW-Fahrverbot auf der A12-Inntal Autobahn, A13-Brenner Autobahn und A14-Rheintal/Walgau Autobahn, wenn das Ziel der Fahrt der Anschlussstelle Nößlach bis Anschlussstelle Brenner Nord der Richtungsfahrbahn Staatsgrenze der A 13 Brenner Autobahn erreicht werden soll. An ausgewählten Samstagen 7-15 Uhr sowie weiteren Tagen im Zeitraum 11.01. - 27.09.2025 Weitere Informationen auf http://asfinag.at/a13",47.6164490154047,12.2023825576723
"A15","undefined--vi-avl.2025-05-22_06-24-00-000.f.de0","51.707436229347316,14.409662913357797,51.70718735469796,14.429873535504264","51.707436229347316,14.409662913357797","WARNING","A15 | Cottbus-Süd - Roggosen"," Cottbus -> Breslau",0,"SLOW_TRAFFIC","69.5",2025-05-22,"Beginn: 22.05.25 um 06:24 Uhr  Angespannte Verkehrslage, seit 22.05.2025, 06:24 A15: Cottbus -> Breslau, zwischen 4.4 km hinter AS Cottbus-Süd und 2.5 km vor AS Roggosen  Langsamer Verkehr Reisezeitverlust: 0 Minuten Durchschnittsgeschwindigkeit: 69 km/h",51.7074362293473,14.4096629133578
"A15","undefined--vi-avl.2025-05-22_06-35-30-000.f_001.de0","51.67718047162647,14.695607710192386,51.68347281936425,14.684853712232501","51.67718047162647,14.695607710192386","WARNING","A15 | Bademeusel - Forst"," Breslau -> Cottbus",0,"SLOW_TRAFFIC","58.099998474121094",2025-05-22,"Beginn: 22.05.25 um 06:35 Uhr  Angespannte Verkehrslage, seit 22.05.2025, 06:35 A15: Breslau -> Cottbus, zwischen 3.1 km hinter AS Bademeusel und 6.0 km vor AS Forst  Langsamer Verkehr Reisezeitverlust: 0 Minuten Durchschnittsgeschwindigkeit: 58 km/h",51.6771804716265,14.6956077101924
"A17","undefined--vi-zus.2025-05-22_04-59-00-000.f.de0","50.82026170094333,13.887384300240237,50.825784654914514,13.887788152709305","50.82026170094333,13.887384300240237","WARNING","A17 | Breitenau-Schönwald - Bad Gottleuba"," Prag -> Dresden",0,"QUEUING_TRAFFIC","39.79999923706055",2025-05-22,"Beginn: 22.05.25 um 04:59 Uhr  Zusammengesetzte Verkehrsinformation, seit 22.05.2025, 04:59 A17: Prag -> Dresden, zwischen 4.5 km hinter Breitenau-Schönwald und 0.6 km vor AS Bad Gottleuba  Stockender Verkehr Reisezeitverlust: 0 Minuten Durchschnittsgeschwindigkeit: 39 km/h",50.8202617009433,13.8873843002402
"A19","undefined--vi-hind.2025-05-22_06-21-30-000.f_001.de0","53.614991996890936,12.375052053886389,53.4950958009199,12.38242960002574","53.614991996890936,12.375052053886389","WARNING","A19 | Linstow - Waren"," Rostock -> Dreieck Wittstock/Dosse",NA,NA,NA,2025-05-22,"Beginn: 22.05.25 um 06:21 Uhr  Hindernis, seit 22.05.2025, 06:21 A19: Rostock -> Dreieck Wittstock/Dosse, zwischen 0.2 km hinter AS Linstow und 4.3 km vor AS Waren  Gefahr durch Gegenstände auf der Fahrbahn",53.6149919968909,12.3750520538864
"A23","undefined--vi-avl.2025-05-22_05-18-30-000.f_005.de0","53.71140246213825,9.764655827293252,53.71140246213825,9.764655827293252","53.71140246213825,9.764655827293252","WARNING","A23 | Forst Rantzau Nord - Forst Rantzau Nord"," Heide -> Hamburg",NA,"STATIONARY_TRAFFIC","18",2025-05-22,"Beginn: 22.05.25 um 06:35 Uhr  Angespannte Verkehrslage, seit 22.05.2025, 06:35 A23: Heide -> Hamburg, 0.6 km vor Forst Rantzau Nord, aus Richtung Tornesch  Im Stillstand Durchschnittsgeschwindigkeit: 18 km/h",53.7114024621383,9.76465582729325
"A23","undefined--vi-avl.2025-05-22_05-15-00-000.f.de0","53.71131111229462,9.764778626040965,53.66420851562073,9.815828171214228","53.71131111229462,9.764778626040965","WARNING","A23 | Tornesch - Pinneberg-Mitte"," Heide -> Hamburg",17,"STATIONARY_TRAFFIC","18.399999618530273",2025-05-22,"Beginn: 22.05.25 um 05:15 Uhr  Angespannte Verkehrslage, seit 22.05.2025, 05:15 A23: Heide -> Hamburg, zwischen 0.9 km hinter AS Tornesch und 1.1 km vor AS Pinneberg-Mitte  Im Stillstand Reisezeitverlust: 17 Minuten Durchschnittsgeschwindigkeit: 18 km/h",53.7113111122946,9.76477862604096
"A25","undefined--vi-hind.2025-05-22_06-36-32-000.f.de0","53.46297209646019,10.281160309279926,53.46297209646019,10.281160309279926","53.46297209646019,10.281160309279926","WARNING","A25 | Hamburg-Curslack - Geesthacht"," Hamburg -> Geesthacht",NA,NA,NA,2025-05-22,"Beginn: 22.05.25 um 06:36 Uhr  Fahrzeug-Hindernis, seit 22.05.2025, 06:36 A25: Hamburg -> Geesthacht, zwischen 3.1 km hinter AS Hamburg-Curslack und 3.2 km vor Geesthacht Gefahr durch ein defektes Fahrzeug auf der Fahrbahn",53.4629720964602,10.2811603092799
"A28","undefined--vi-zus.2025-05-22_06-33-00-000.f.de0","53.035020969157266,8.620674248074215,53.03946680092305,8.586424699999839","53.035020969157266,8.620674248074215","WARNING","A28 | Delmenhorst-Adelheide - Ganderkesee-Ost"," Bremen -> Oldenburg",NA,NA,NA,2025-05-22,"Beginn: 22.05.25 um 06:33 Uhr  Zusammengesetzte Verkehrsinformation, seit 22.05.2025, 06:33 A28: Bremen -> Oldenburg, zwischen 0.2 km hinter AS Delmenhorst-Adelheide und 2.2 km vor AS Ganderkesee-Ost  Gefahr durch Gegenstände auf der Fahrbahn  A28 Bremen Richtung Oldenburg
zwischen Delmenhorst-Adelheide und Delmenhorst-Deichhorst
Gefahr durch einen Reifen auf der Fahrbahn",53.0350209691573,8.62067424807421
"A37","undefined--vi-zus.2025-05-20_10-04-05-000.f_002.de0","52.442156462690335,9.933442989087833,52.436581812162494,9.913211841333315","52.442156462690335,9.933442989087833","WARNING","A37 | Beinhorn - Hannover-Kirchhorst"," Celle -> Hannover",NA,NA,NA,2025-05-20,"Beginn: 20.05.25 um 10:04 Uhr  Zusammengesetzte Verkehrsinformation, seit 20.05.2025, 10:04 B3: Celle -> Hannover, zwischen 0.4 km hinter AS Beinhorn und 2.1 km vor AK Hannover-Kirchhorst  A37 Messe - Burgdorf
zwischen Kreuz Hannover-Buchholz und Beinhorn
in beiden Richtungen geänderte Verkehrsführung im Baustellenbereich, Bauarbeiten, bis 30.10.2026 ca. 18:00 Uhr",52.4421564626903,9.93344298908783
"A37","undefined--vi-zus.2025-05-20_10-04-05-000.f_003.de0","52.42566547847685,9.880479425875153,52.44102213295518,9.93161290421946","52.42566547847685,9.880479425875153","WARNING","Baustelle"," km 22.62 --> km 26.54",NA,NA,NA,2025-05-20,"Beginn: 20.05.25 um 10:04 Uhr  Zusammengesetzte Verkehrsinformation, seit 20.05.2025, 10:04 A37: km 22.62 --> km 26.54  A37 Messe - Burgdorf
zwischen Kreuz Hannover-Buchholz und Beinhorn
in beiden Richtungen geänderte Verkehrsführung im Baustellenbereich, Bauarbeiten, bis 30.10.2026 ca. 18:00 Uhr",52.4256654784769,9.88047942587515
"A40","undefined--vi-avl.2025-05-22_06-31-00-000.f_007.de0","51.437268820175966,6.671287195026695,51.436187035974655,6.692569808882058","51.437268820175966,6.671287195026695","WARNING","A40 | Moers-Zentrum - Duisburg-Homberg"," Venlo -> Duisburg",0,"SLOW_TRAFFIC","42.400001525878906",2025-05-22,"Beginn: 22.05.25 um 06:31 Uhr  Angespannte Verkehrslage, seit 22.05.2025, 06:31 A40: Venlo -> Duisburg, zwischen 1.9 km hinter AS Moers-Zentrum und 1.1 km vor AS Duisburg-Homberg  Langsamer Verkehr Reisezeitverlust: 0 Minuten Durchschnittsgeschwindigkeit: 42 km/h",51.437268820176,6.67128719502669
"A40","undefined--vi-avl.2025-05-22_06-35-00-000.f_014.de0","51.43726920860953,6.671301563799518,51.43726920860953,6.671301563799518","51.43726920860953,6.671301563799518","WARNING","A40 | Duisburg-Rheinhausen - Duisburg-Rheinhausen"," Venlo -> Duisburg",NA,"SLOW_TRAFFIC","26",2025-05-22,"Beginn: 22.05.25 um 06:35 Uhr  Angespannte Verkehrslage, seit 22.05.2025, 06:35 A40: Venlo -> Duisburg, 0.1 km vor AS Duisburg-Rheinhausen, aus Richtung Moers-Zentrum  Langsamer Verkehr Durchschnittsgeschwindigkeit: 26 km/h",51.4372692086095,6.67130156379952
"A40","undefined--vi-avl.2025-05-22_06-18-00-000.f_003.de0","51.44439989526031,6.92174689782286,51.446615714373664,6.999316350797095","51.44439989526031,6.92174689782286","WARNING","A40 | Mülheim an der Ruhr-Winkhausen - Ruhrschnellwegtunnel"," Duisburg -> Essen",6,"SLOW_TRAFFIC","37.70000076293945",2025-05-22,"Beginn: 22.05.25 um 06:18 Uhr  Angespannte Verkehrslage, seit 22.05.2025, 06:18 A40: Duisburg -> Essen, zwischen 0.7 km hinter AS Mülheim an der Ruhr-Winkhausen und 0.2 km vor Ruhrschnellwegtunnel  Langsamer Verkehr Reisezeitverlust: 6 Minuten Durchschnittsgeschwindigkeit: 37 km/h",51.4443998952603,6.92174689782286
"A40","undefined--vi-avl.2025-05-22_06-37-30-000.f_001.de0","51.48030091498225,7.173812607586939,51.48030091498225,7.173812607586939","51.48030091498225,7.173812607586939","WARNING","A40 | Ruhrschnellweg - Ruhrschnellweg"," Dortmund -> Essen",NA,"QUEUING_TRAFFIC","17",2025-05-22,"Beginn: 22.05.25 um 06:37 Uhr  Angespannte Verkehrslage, seit 22.05.2025, 06:37 A40: Dortmund -> Essen, 1.6 km vor Ruhrschnellweg, aus Richtung Bochum-West  Stockender Verkehr Durchschnittsgeschwindigkeit: 17 km/h",51.4803009149823,7.17381260758694
"A40","undefined--vi-avl.2025-05-22_06-15-30-000.f.de0","51.48125703724326,7.176761449603984,51.46356313202257,7.063412584183448","51.48125703724326,7.176761449603984","WARNING","A40 | Bochum-West - Essen-Ost"," Dortmund -> Duisburg",8,"QUEUING_TRAFFIC","38",2025-05-22,"Beginn: 22.05.25 um 06:15 Uhr  Angespannte Verkehrslage, seit 22.05.2025, 06:15 A40: Dortmund -> Duisburg, zwischen 0.2 km hinter AD Bochum-West und 1.9 km vor AD Essen-Ost  Stockender Verkehr Reisezeitverlust: 8 Minuten Durchschnittsgeschwindigkeit: 38 km/h",51.4812570372433,7.17676144960398
"A44","undefined--vi-avl.2025-05-22_04-01-30-000.f_004.de0","51.490635900933455,9.014661600000004,51.52406610322953,8.915892108479163","51.490635900933455,9.014661600000004","WARNING","A44 | Am Quast - Blankenrode"," Kassel -> Dortmund",6,"QUEUING_TRAFFIC","45.70000076293945",2025-05-22,"Beginn: 22.05.25 um 04:01 Uhr  Angespannte Verkehrslage, seit 22.05.2025, 04:01 A44: Kassel -> Dortmund, zwischen 1.4 km hinter Am Quast und 3.5 km vor Blankenrode  Stockender Verkehr Reisezeitverlust: 6 Minuten Durchschnittsgeschwindigkeit: 45 km/h",51.4906359009335,9.0146616
"A45","undefined--vi-avl.2025-05-22_06-06-30-000.f.de0","51.27208913319118,7.600193374558646,51.27208913319118,7.600193374558646","51.27208913319118,7.600193374558646","WARNING","A45 | Rehweg - Rehweg"," Hagen -> Gießen",NA,"STATIONARY_TRAFFIC","3",2025-05-22,"Beginn: 22.05.25 um 06:32 Uhr  Angespannte Verkehrslage, seit 22.05.2025, 06:32 A45: Hagen -> Gießen, 0.4 km vor Rehweg, aus Richtung Kaltenborn  Im Stillstand Durchschnittsgeschwindigkeit: 3 km/h",51.2720891331912,7.60019337455865
"A45","undefined--vi-avl.2025-05-22_06-06-30-000.f_004.de0","51.27254346926392,7.59992076709214,51.263860400934774,7.60281269999918","51.27254346926392,7.59992076709214","WARNING","A45 | Kaltenborn - Lüdenscheid-Nord"," Hagen -> Gießen",12,"STATIONARY_TRAFFIC","4.599999904632568",2025-05-22,"Beginn: 22.05.25 um 06:06 Uhr  Angespannte Verkehrslage, seit 22.05.2025, 06:06 A45: Hagen -> Gießen, zwischen 2.7 km hinter Kaltenborn und 0.8 km vor AS Lüdenscheid-Nord  Im Stillstand Reisezeitverlust: 12 Minuten Durchschnittsgeschwindigkeit: 4 km/h",51.2725434692639,7.59992076709214
"A46","undefined--vi-avl.2025-05-22_06-20-30-000.f_003.de0","51.093577700935775,6.477434099991505,51.096711527149495,6.50000817323892","51.093577700935775,6.477434099991505","WARNING","A46 | Mönchengladbach-Wanlo - Jüchen"," Heinsberg -> Düsseldorf",2,"QUEUING_TRAFFIC","30.700000762939453",2025-05-22,"Beginn: 22.05.25 um 06:22 Uhr  Angespannte Verkehrslage, seit 22.05.2025, 06:22 A46: Heinsberg -> Düsseldorf, zwischen 3.9 km hinter AD Mönchengladbach-Wanlo und 2.6 km vor AS Jüchen  Stockender Verkehr Reisezeitverlust: 2 Minuten Durchschnittsgeschwindigkeit: 30 km/h",51.0935777009358,6.47743409999151
"A46","undefined--vi-avl.2025-05-22_06-25-30-000.f.de0","51.093577700935775,6.477434099991505,51.093577700935775,6.477434099991505","51.093577700935775,6.477434099991505","WARNING","A46 | Holz - Holz"," Heinsberg -> Düsseldorf",NA,"QUEUING_TRAFFIC","18",2025-05-22,"Beginn: 22.05.25 um 06:35 Uhr  Angespannte Verkehrslage, seit 22.05.2025, 06:35 A46: Heinsberg -> Düsseldorf, in Höhe AK Holz, aus Richtung Mönchengladbach-Wanlo  Stockender Verkehr Durchschnittsgeschwindigkeit: 18 km/h",51.0935777009358,6.47743409999151
"A46","undefined--vi-avl.2025-05-22_06-19-30-000.f_006.de0","51.11561480204518,6.588152122254673,51.12979598411255,6.604854696541028","51.11561480204518,6.588152122254673","WARNING","A46 | Grevenbroich - Kapellen"," Heinsberg -> Düsseldorf",1,"SLOW_TRAFFIC","54.70000076293945",2025-05-22,"Beginn: 22.05.25 um 06:19 Uhr  Angespannte Verkehrslage, seit 22.05.2025, 06:19 A46: Heinsberg -> Düsseldorf, zwischen 2.0 km hinter AS Grevenbroich und 1.4 km vor AS Kapellen  Langsamer Verkehr Reisezeitverlust: 1 Minuten Durchschnittsgeschwindigkeit: 54 km/h",51.1156148020452,6.58815212225467
"A46","undefined--vi-avl.2025-05-22_06-19-30-000.f_004.de0","51.14640100939274,6.625189607013595,51.172306176930036,6.658890753207507","51.14640100939274,6.625189607013595","WARNING","A46 | Kapellen - Neuss-West"," Heinsberg -> Düsseldorf",2,"SLOW_TRAFFIC","49.79999923706055",2025-05-22,"Beginn: 22.05.25 um 06:19 Uhr  Angespannte Verkehrslage, seit 22.05.2025, 06:19 A46: Heinsberg -> Düsseldorf, zwischen 1.0 km hinter AS Kapellen und 1.1 km vor AK Neuss-West  Langsamer Verkehr Reisezeitverlust: 2 Minuten Durchschnittsgeschwindigkeit: 49 km/h",51.1464010093927,6.62518960701359
"A46","undefined--vi-avl.2025-05-22_06-26-00-000.f_002.de0","51.248866978700306,7.102350523694868,51.22567279614847,7.080466974097065","51.248866978700306,7.102350523694868","WARNING","A46 | Wuppertal-Varresbeck - Haan-Ost"," Wuppertal -> Düsseldorf",2,"SLOW_TRAFFIC","40.29999923706055",2025-05-22,"Beginn: 22.05.25 um 06:26 Uhr  Angespannte Verkehrslage, seit 22.05.2025, 06:26 A46: Wuppertal -> Düsseldorf, zwischen 0.6 km hinter AS Wuppertal-Varresbeck und 3.6 km vor AS Haan-Ost  Langsamer Verkehr Reisezeitverlust: 2 Minuten Durchschnittsgeschwindigkeit: 40 km/h",51.2488669787003,7.10235052369487
"A46","undefined--vi-avl.2025-05-22_06-35-30-000.f_002.de0","51.282782153678106,7.187850539037354,51.28851502621594,7.200042120709514","51.282782153678106,7.187850539037354","WARNING","A46 | Wuppertal-Barmen - Wuppertal-Wichlinghausen"," Düsseldorf -> Wuppertal",0,"SLOW_TRAFFIC","52",2025-05-22,"Beginn: 22.05.25 um 06:35 Uhr  Angespannte Verkehrslage, seit 22.05.2025, 06:35 A46: Düsseldorf -> Wuppertal, zwischen 0.4 km hinter AS Wuppertal-Barmen und 0.5 km vor AS Wuppertal-Wichlinghausen  Langsamer Verkehr Reisezeitverlust: 0 Minuten Durchschnittsgeschwindigkeit: 52 km/h",51.2827821536781,7.18785053903735
"A52","undefined--vi-avl.2025-05-22_06-17-00-000.f_001.de0","51.21023991283794,6.36878272208684,51.21566243644368,6.39594509015167","51.21023991283794,6.36878272208684","WARNING","A52 | Mönchengladbach-Hardt - Wolfskull"," Roermond -> Düsseldorf",1,"SLOW_TRAFFIC","55",2025-05-22,"Beginn: 22.05.25 um 06:17 Uhr  Angespannte Verkehrslage, seit 22.05.2025, 06:17 A52: Roermond -> Düsseldorf, zwischen 1.6 km hinter AS Mönchengladbach-Hardt und 0.6 km vor Wolfskull  Langsamer Verkehr Reisezeitverlust: 1 Minuten Durchschnittsgeschwindigkeit: 55 km/h",51.2102399128379,6.36878272208684
"A57","undefined--vi-avl.2025-05-22_06-17-30-000.f_008.de0","51.375125600934176,6.6227463999937095,51.29431770466127,6.636488233044471","51.375125600934176,6.6227463999937095","WARNING","A57 | Moers-Kapellen - Meerbusch"," Nimwegen -> Köln",3,"SLOW_TRAFFIC","55.400001525878906",2025-05-22,"Beginn: 22.05.25 um 06:17 Uhr  Angespannte Verkehrslage, seit 22.05.2025, 06:17 A57: Nimwegen -> Köln, zwischen 2.9 km hinter AS Moers-Kapellen und 0.3 km vor AK Meerbusch  Langsamer Verkehr Reisezeitverlust: 3 Minuten Durchschnittsgeschwindigkeit: 55 km/h",51.3751256009342,6.62274639999371
"A60","undefined--vi-zus.2025-04-08_08-51-21-000.f_013.de0","49.98125533976677,8.345695317688524,49.97565770865279,8.441396718063045","49.98125533976677,8.345695317688524","WARNING","A60 | Mainspitz-Dreieck - Rüsselsheimer Dreieck"," Mainz -> Rüsselsheim",NA,NA,NA,2025-04-08,"Beginn: 08.04.25 um 08:51 Uhr  Zusammengesetzte Verkehrsinformation, seit 08.04.2025, 08:51 A60: Mainz -> Rüsselsheim, zwischen 0.5 km hinter AD Mainspitz-Dreieck und 2.2 km vor AD Rüsselsheimer Dreieck  Sperrung der A60 bei Königstädten – Grundhafte Fahrbahnerneuerung zwischen dem Rüsselsheimer Dreieck und dem Mainspitz Dreieck. Die Niederlassung West der Autobahn GmbH erneuert zwischen dem Rüsselsheimer Dreieck (30) und dem Mainspitz Dreieck (26) die Fahrbahn. Von Donnerstagmorgen (24. April) bis Mitte Juli wird die Anschlussstelle (AS) Königstädten (29) in Fahrtrichtung (FR) Mainz sowie in FR Rüsselsheimer Dreieck gesperrt. Umleitungsmöglichkeiten sind ausgeschildert: • Ausfahrt FR Mainz: Umleitung via AS Rüsselsheim-Mitte • Einfahrt FR Mainz: innerstädtische Umleitung zur AS Rüsselsheim-Mitte (Adam-Opel-Straße / Kurt-Schumacher-Ring), von Nauheim kommend via L3482 zur AS Bischofsheim • Einfahrt FR Darmstadt: innerstädtische Umleitung zur AS Rüsselsheim-Mitte (Adam-Opel-Straße / Kurt-Schumacher-Ring) Die Autobahn GmbH bittet alle Verkehrsteilnehmer um Verständnis für die unvermeidlichen Verkehrsbehinderungen, die durch die Arbeiten entstehen.",49.9812553397668,8.34569531768852
"A60","undefined--vi-avl.2025-05-22_06-20-30-000.f_007.de0","49.97465600094126,8.40873769999983,49.976259100941235,8.453442999999853","49.97465600094126,8.40873769999983","WARNING","A60 | Bischofsheim - Rüsselsheimer Dreieck"," Mainz -> Rüsselsheim",4,"QUEUING_TRAFFIC","31.100000381469727",2025-05-22,"Beginn: 22.05.25 um 06:20 Uhr  Angespannte Verkehrslage, seit 22.05.2025, 06:20 A60: Mainz -> Rüsselsheim, zwischen 2.1 km hinter AS Bischofsheim und 1.3 km vor AD Rüsselsheimer Dreieck  Stockender Verkehr Reisezeitverlust: 4 Minuten Durchschnittsgeschwindigkeit: 31 km/h",49.9746560009413,8.40873769999983
"A60","undefined--vi-avl.2025-05-22_06-35-00-000.f_001.de0","49.97465600094126,8.40873769999983,49.97465600094126,8.40873769999983","49.97465600094126,8.40873769999983","WARNING","A60 | Rüsselsheim-Mitte - Rüsselsheim-Mitte"," Mainz -> Rüsselsheim",NA,"QUEUING_TRAFFIC","25",2025-05-22,"Beginn: 22.05.25 um 06:35 Uhr  Angespannte Verkehrslage, seit 22.05.2025, 06:35 A60: Mainz -> Rüsselsheim, 0.3 km vor AS Rüsselsheim-Mitte, aus Richtung Bischofsheim  Stockender Verkehr Durchschnittsgeschwindigkeit: 25 km/h",49.9746560009413,8.40873769999983
"A60","undefined--vi-zus.2025-05-03_10-55-00-000.f_003.de0","49.977457399447445,8.454646346787307,49.981587265039146,8.34517285786785","49.977457399447445,8.454646346787307","WARNING","A60 | Rüsselsheimer Dreieck - Mainspitz-Dreieck"," Rüsselsheim -> Mainz",NA,NA,NA,2025-05-03,"Beginn: 03.05.25 um 10:55 Uhr  Zusammengesetzte Verkehrsinformation, seit 03.05.2025, 10:55 A60: Rüsselsheim -> Mainz, zwischen 0.6 km hinter AD Rüsselsheimer Dreieck und 0.5 km vor AD Mainspitz-Dreieck  Sperrung der A60 bei Königstädten – Grundhafte Fahrbahnerneuerung zwischen dem Rüsselsheimer Dreieck und dem Mainspitz Dreieck. Die Niederlassung West der Autobahn GmbH erneuert zwischen dem Rüsselsheimer Dreieck (30) und dem Mainspitz Dreieck (26) die Fahrbahn. Von Donnerstagmorgen (24. April) bis Mitte Juli wird die Anschlussstelle (AS) Königstädten (29) in Fahrtrichtung (FR) Mainz sowie in FR Rüsselsheimer Dreieck gesperrt. Umleitungsmöglichkeiten sind ausgeschildert: • Ausfahrt FR Mainz: Umleitung via AS Rüsselsheim-Mitte • Einfahrt FR Mainz: innerstädtische Umleitung zur AS Rüsselsheim-Mitte (Adam-Opel-Straße / Kurt-Schumacher-Ring), von Nauheim kommend via L3482 zur AS Bischofsheim • Einfahrt FR Darmstadt: innerstädtische Umleitung zur AS Rüsselsheim-Mitte (Adam-Opel-Straße / Kurt-Schumacher-Ring) Die Autobahn GmbH bittet alle Verkehrsteilnehmer um Verständnis für die unvermeidlichen Verkehrsbehinderungen, die durch die Arbeiten entstehen.",49.9774573994474,8.45464634678731
"A61","undefined--vi-avl.2025-05-22_06-13-00-000.f.de0","51.112063441928775,6.429361767978854,51.13255210093555,6.424051499990663","51.112063441928775,6.429361767978854","WARNING","A61 | Mönchengladbach-Wanlo - Mönchengladbach-Wickrath"," Koblenz -> Mönchengladbach",5,"STATIONARY_TRAFFIC","21.799999237060547",2025-05-22,"Beginn: 22.05.25 um 06:13 Uhr  Angespannte Verkehrslage, seit 22.05.2025, 06:13 A61: Koblenz -> Mönchengladbach, zwischen 1.5 km hinter AD Mönchengladbach-Wanlo und 0.9 km vor AS Mönchengladbach-Wickrath  Im Stillstand Reisezeitverlust: 5 Minuten Durchschnittsgeschwindigkeit: 21 km/h",51.1120634419288,6.42936176797885
"A61","undefined--vi-avl.2025-05-22_06-29-30-000.f_005.de0","51.11201850013876,6.429361099467245,51.11201850013876,6.429361099467245","51.11201850013876,6.429361099467245","WARNING","A61 | Mönchengladbach-Güdderath - Mönchengladbach-Güdderath"," Koblenz -> Mönchengladbach",NA,"STATIONARY_TRAFFIC","18",2025-05-22,"Beginn: 22.05.25 um 06:35 Uhr  Angespannte Verkehrslage, seit 22.05.2025, 06:35 A61: Koblenz -> Mönchengladbach, 0.7 km vor AS Mönchengladbach-Güdderath, aus Richtung Mönchengladbach-Wanlo  Im Stillstand Durchschnittsgeschwindigkeit: 18 km/h",51.1120185001388,6.42936109946725
"A61","undefined--vi-avl.2025-05-22_06-25-00-000.f.de0","51.14812703261653,6.41130757500228,51.13088703031588,6.423425800932348","51.14812703261653,6.41130757500228","WARNING","A61 | Mönchengladbach-Rheydt - Mönchengladbach-Güdderath"," Mönchengladbach -> Koblenz",2,"QUEUING_TRAFFIC","38.5",2025-05-22,"Beginn: 22.05.25 um 06:25 Uhr  Angespannte Verkehrslage, seit 22.05.2025, 06:25 A61: Mönchengladbach -> Koblenz, zwischen 0.8 km hinter AS Mönchengladbach-Rheydt und 1.5 km vor AS Mönchengladbach-Güdderath  Stockender Verkehr Reisezeitverlust: 2 Minuten Durchschnittsgeschwindigkeit: 38 km/h",51.1481270326165,6.41130757500228
"A63","undefined--vi-avl.2025-05-22_06-03-00-000.f.de0","49.947929092991366,8.2191082748258,49.96207300094132,8.236405799999783","49.947929092991366,8.2191082748258","WARNING","A63 | Nieder-Olm-Nord - Mainz-Süd"," Kaiserslautern -> Mainz",2,"QUEUING_TRAFFIC","28.799999237060547",2025-05-22,"Beginn: 22.05.25 um 06:03 Uhr  Angespannte Verkehrslage, seit 22.05.2025, 06:03 A63: Kaiserslautern -> Mainz, zwischen 4.5 km hinter AS Nieder-Olm-Nord und 0.3 km vor AK Mainz-Süd  Stockender Verkehr Reisezeitverlust: 2 Minuten Durchschnittsgeschwindigkeit: 28 km/h",49.9479290929914,8.2191082748258
"A63","undefined--vi-avl.2025-05-22_06-29-30-000.f_003.de0","49.94780634266567,8.21882075217049,49.94780634266567,8.21882075217049","49.94780634266567,8.21882075217049","WARNING","A63 | Klein-Winternheim - Klein-Winternheim"," Kaiserslautern -> Mainz",NA,"QUEUING_TRAFFIC","29",2025-05-22,"Beginn: 22.05.25 um 06:35 Uhr  Angespannte Verkehrslage, seit 22.05.2025, 06:35 A63: Kaiserslautern -> Mainz, 0.2 km vor AS Klein-Winternheim, aus Richtung Nieder-Olm-Nord  Stockender Verkehr Durchschnittsgeschwindigkeit: 29 km/h",49.9478063426657,8.21882075217049
"A64","undefined--vi-avl.2025-05-22_06-19-30-000.f_001.de0","49.73478482639886,6.516254509217547,49.75175800770205,6.566429291055722","49.73478482639886,6.516254509217547","WARNING","A64 | Sauertalbrücke - Markusberg"," Luxemburg -> Trier",1,"SLOW_TRAFFIC","66.5",2025-05-22,"Beginn: 22.05.25 um 06:19 Uhr  Angespannte Verkehrslage, seit 22.05.2025, 06:19 A64: Luxemburg -> Trier, zwischen 1.0 km hinter Sauertalbrücke und 1.0 km vor Markusberg  Langsamer Verkehr Reisezeitverlust: 1 Minuten Durchschnittsgeschwindigkeit: 66 km/h",49.7347848263989,6.51625450921755
"A64","undefined--vi-avl.2025-05-22_06-18-00-000.f_006.de0","49.7942994951022,6.650601163101472,49.7942994951022,6.650601163101472","49.7942994951022,6.650601163101472","WARNING","A64 | Trier - Trier"," Trier -> Luxemburg",NA,"SLOW_TRAFFIC","13",2025-05-22,"Beginn: 22.05.25 um 06:35 Uhr  Angespannte Verkehrslage, seit 22.05.2025, 06:35 A64: Trier -> Luxemburg, 4.4 km vor AS Trier, aus Richtung Anschluss B52-Trier  Langsamer Verkehr Durchschnittsgeschwindigkeit: 13 km/h",49.7942994951022,6.65060116310147
"A64","undefined--vi-avl.2025-05-22_06-31-00-000.f_005.de0","49.786085127680785,6.6422896048579965,49.78865391417719,6.64526824229259","49.786085127680785,6.6422896048579965","WARNING","A64 | Trier - Anschluss B52-Trier"," Luxemburg -> Trier",1,"QUEUING_TRAFFIC","14.600000381469727",2025-05-22,"Beginn: 22.05.25 um 06:31 Uhr  Angespannte Verkehrslage, seit 22.05.2025, 06:31 A64: Luxemburg -> Trier, zwischen 3.3 km hinter AS Trier und 1.2 km vor Anschluss B52-Trier  Stockender Verkehr Reisezeitverlust: 1 Minuten Durchschnittsgeschwindigkeit: 14 km/h",49.7860851276808,6.642289604858
"A64","undefined--vi-avl.2025-05-22_06-31-00-000.f_008.de0","49.786085127680785,6.6422896048579965,49.786085127680785,6.6422896048579965","49.786085127680785,6.6422896048579965","WARNING","A64 | Trier - Trier"," Trier -> Luxemburg",NA,"QUEUING_TRAFFIC","9",2025-05-22,"Beginn: 22.05.25 um 06:35 Uhr  Angespannte Verkehrslage, seit 22.05.2025, 06:35 A64: Trier -> Luxemburg, 3.3 km vor AS Trier, aus Richtung Anschluss B52-Trier  Stockender Verkehr Durchschnittsgeschwindigkeit: 9 km/h",49.7860851276808,6.642289604858
"A64","undefined--vi-avl.2025-05-22_06-17-30-000.f_004.de0","49.7942994951022,6.650601163101472,49.78726285734942,6.643645861000867","49.7942994951022,6.650601163101472","WARNING","A64 | Anschluss B52-Trier - Trier"," Trier -> Luxemburg",1,"SLOW_TRAFFIC","30.299999237060547",2025-05-22,"Beginn: 22.05.25 um 06:17 Uhr  Angespannte Verkehrslage, seit 22.05.2025, 06:17 A64: Trier -> Luxemburg, zwischen 0.5 km hinter Anschluss B52-Trier und 3.5 km vor AS Trier  Langsamer Verkehr Reisezeitverlust: 1 Minuten Durchschnittsgeschwindigkeit: 30 km/h",49.7942994951022,6.65060116310147
"A65","undefined--vi-avl.2025-05-22_06-37-30-000.f_013.de0","49.04047898335793,8.262815235983942,49.04047898335793,8.262815235983942","49.04047898335793,8.262815235983942","WARNING","A65 | Wörther Kreuz - Wörther Kreuz"," Landau -> Karlsruhe",NA,"QUEUING_TRAFFIC","13",2025-05-22,"Beginn: 22.05.25 um 06:37 Uhr  Angespannte Verkehrslage, seit 22.05.2025, 06:37 A65: Landau -> Karlsruhe, 0.8 km vor AS Wörther Kreuz, aus Richtung Wörth-Dorschberg  Stockender Verkehr Durchschnittsgeschwindigkeit: 13 km/h",49.0404789833579,8.26281523598394
"A65","undefined--vi-avl.2025-05-22_06-35-00-000.f_012.de0","49.18537357866143,8.149782969056552,49.18537357866143,8.149782969056552","49.18537357866143,8.149782969056552","WARNING","A65 | Landau-Süd - Landau-Süd"," Landau -> Karlsruhe",NA,"QUEUING_TRAFFIC","28",2025-05-22,"Beginn: 22.05.25 um 06:35 Uhr  Angespannte Verkehrslage, seit 22.05.2025, 06:35 A65: Landau -> Karlsruhe, 1.0 km vor AS Landau-Süd, aus Richtung Landau-Zentrum  Stockender Verkehr Durchschnittsgeschwindigkeit: 28 km/h",49.1853735786614,8.14978296905655
"A65","undefined--vi-zus.2025-05-22_06-29-00-000.f.de0","49.18535562357796,8.149784673334182,49.15685559847812,8.154991735574999","49.18535562357796,8.149784673334182","WARNING","A65 | Landau-Zentrum - Insheim"," Landau -> Karlsruhe",3,"QUEUING_TRAFFIC","39.20000076293945",2025-05-22,"Beginn: 22.05.25 um 06:29 Uhr  Zusammengesetzte Verkehrsinformation, seit 22.05.2025, 06:29 A65: Landau -> Karlsruhe, zwischen 1.0 km hinter AS Landau-Zentrum und AS Insheim  Stockender Verkehr Reisezeitverlust: 3 Minuten Durchschnittsgeschwindigkeit: 39 km/h",49.185355623578,8.14978467333418
"A65","undefined--vi-avl.2025-05-22_06-32-33-000.f_001.de0","49.227624960551246,8.148407421107553,49.25821309637097,8.150982091722732","49.227624960551246,8.148407421107553","WARNING","A65 | Landau-Dammheim - Pfälzer Weinstraße-Ost"," Landau -> Ludwigshafen",1,"SLOW_TRAFFIC","57.900001525878906",2025-05-22,"Beginn: 22.05.25 um 06:32 Uhr  Angespannte Verkehrslage, seit 22.05.2025, 06:32 A65: Landau -> Ludwigshafen, zwischen 0.3 km hinter AS Landau-Dammheim und 1.1 km vor Pfälzer Weinstraße-Ost  Langsamer Verkehr Reisezeitverlust: 1 Minuten Durchschnittsgeschwindigkeit: 57 km/h",49.2276249605512,8.14840742110755
"A66","undefined--vi-avl.2025-05-22_06-33-30-000.f_001.de0","50.13969653835896,8.752704007032838,50.13969653835896,8.752704007032838","50.13969653835896,8.752704007032838","WARNING","A66 | Frankfurt am Main-Bergen-Enkheim - Frankfurt am Main-Bergen-Enkheim"," Fulda -> Frankfurt",NA,"STATIONARY_TRAFFIC","5",2025-05-22,"Beginn: 22.05.25 um 06:35 Uhr  Angespannte Verkehrslage, seit 22.05.2025, 06:35 A66: Fulda -> Frankfurt, 0.4 km vor AS Frankfurt am Main-Bergen-Enkheim, aus Richtung Maintal-Bischofsheim  Im Stillstand Durchschnittsgeschwindigkeit: 5 km/h",50.139696538359,8.75270400703284
"A66","undefined--vi-avl.2025-05-22_06-33-00-000.f.de0","50.13967777356407,8.752610501855706,50.13956660094052,8.74739279999994","50.13967777356407,8.752610501855706","WARNING","Baustelle"," km 112.62 --> km 112.18",2,"STATIONARY_TRAFFIC","6.900000095367432",2025-05-22,"Beginn: 22.05.25 um 06:33 Uhr  Angespannte Verkehrslage, seit 22.05.2025, 06:33 A66: km 112.62 --> km 112.18  Im Stillstand Reisezeitverlust: 2 Minuten Durchschnittsgeschwindigkeit: 6 km/h",50.1396777735641,8.75261050185571
"A71","undefined--vi-avl.2025-05-22_06-37-00-000.f_001.de0","50.420510000939196,10.345584200000722,50.42405842869722,10.355903141253615","50.420510000939196,10.345584200000722","WARNING","A71 | Mellrichstadt - Rentwertshausen"," Schweinfurt -> Suhl",0,"SLOW_TRAFFIC","54.400001525878906",2025-05-22,"Beginn: 22.05.25 um 06:37 Uhr  Angespannte Verkehrslage, seit 22.05.2025, 06:37 A71: Schweinfurt -> Suhl, zwischen 1.3 km hinter AS Mellrichstadt und 7.6 km vor AS Rentwertshausen  Langsamer Verkehr Reisezeitverlust: 0 Minuten Durchschnittsgeschwindigkeit: 54 km/h",50.4205100009392,10.3455842000007
"A73","undefined--vi-unf.2025-05-22_05-15-30-000.f_001.de0","49.52230721495196,10.992028563553042,49.50858100716111,10.994210529401945","49.52230721495196,10.992028563553042","WARNING","A73 | Gründlach - Fürth-Ronhof"," Bamberg -> Nürnberg",NA,NA,NA,2025-05-22,"Beginn: 22.05.25 um 05:15 Uhr  Unfall, seit 22.05.2025, 05:15 A73: Bamberg -> Nürnberg, zwischen 1.1 km hinter Gründlach und 1.5 km vor AS Fürth-Ronhof",49.522307214952,10.992028563553
"A73","undefined--vi-avl.2025-05-22_05-22-30-000.f_005.de0","49.53845172533681,10.992697657389416,49.53845172533681,10.992697657389416","49.53845172533681,10.992697657389416","WARNING","A73 | Fuchswald - Fuchswald"," Bamberg -> Nürnberg",NA,"STATIONARY_TRAFFIC","10",2025-05-22,"Beginn: 22.05.25 um 06:35 Uhr  Angespannte Verkehrslage, seit 22.05.2025, 06:35 A73: Bamberg -> Nürnberg, 0.3 km vor Fuchswald, aus Richtung Erlangen-Eltersdorf  Im Stillstand Durchschnittsgeschwindigkeit: 10 km/h",49.5384517253368,10.9926976573894
"A73","undefined--vi-zus.2025-05-22_05-22-30-000.f_001.de0","49.538550600412144,10.992702095362311,49.514220247220535,10.992412671130316","49.538550600412144,10.992702095362311","WARNING","A73 | Erlangen-Eltersdorf - Fürth-Ronhof"," Bamberg -> Nürnberg",13,"STATIONARY_TRAFFIC","10.5",2025-05-22,"Beginn: 22.05.25 um 05:22 Uhr  Zusammengesetzte Verkehrsinformation, seit 22.05.2025, 05:22 A73: Bamberg -> Nürnberg, zwischen 0.3 km hinter AS Erlangen-Eltersdorf und 2.2 km vor AS Fürth-Ronhof  Im Stillstand Reisezeitverlust: 13 Minuten Durchschnittsgeschwindigkeit: 10 km/h",49.5385506004121,10.9927020953623
"A73","undefined--vi-avl.2025-05-22_06-16-00-000.f.de0","50.16462154779171,11.008700935982358,50.181589995530544,11.02505395130517","50.16462154779171,11.008700935982358","WARNING","A73 | Untersiemau - Ebersdorf b.Coburg"," Bamberg -> Suhl",1,"SLOW_TRAFFIC","63.5",2025-05-22,"Beginn: 22.05.25 um 06:16 Uhr  Angespannte Verkehrslage, seit 22.05.2025, 06:16 A73: Bamberg -> Suhl, zwischen 0.3 km hinter AS Untersiemau und 5.0 km vor AS Ebersdorf b.Coburg  Langsamer Verkehr Reisezeitverlust: 1 Minuten Durchschnittsgeschwindigkeit: 63 km/h",50.1646215477917,11.0087009359824
"A81","undefined--vi-avl.2025-05-22_06-31-00-000.f_001.de0","48.67529122264521,8.96402086974171,48.67529122264521,8.96402086974171","48.67529122264521,8.96402086974171","WARNING","A81 | Böblingen-Hulb - Böblingen-Hulb"," Singen -> Stuttgart",NA,"QUEUING_TRAFFIC","23",2025-05-22,"Beginn: 22.05.25 um 06:35 Uhr  Angespannte Verkehrslage, seit 22.05.2025, 06:35 A81: Singen -> Stuttgart, 0.9 km vor AS Böblingen-Hulb, aus Richtung Ehningen  Stockender Verkehr Durchschnittsgeschwindigkeit: 23 km/h",48.6752912226452,8.96402086974171
"A81","undefined--vi-avl.2025-05-22_06-37-30-000.f_006.de0","48.8125326727264,9.059168704773304,48.807795021824624,9.04618320822989","48.8125326727264,9.059168704773304","WARNING","A81 | Stuttgart-Feuerbach - Engelbergtunnel"," Heilbronn -> Stuttgart",0,"SLOW_TRAFFIC","55",2025-05-22,"Beginn: 22.05.25 um 06:37 Uhr  Angespannte Verkehrslage, seit 22.05.2025, 06:37 A81: Heilbronn -> Stuttgart, zwischen 1.9 km hinter AS Stuttgart-Feuerbach und 1.3 km vor Engelbergtunnel  Langsamer Verkehr Reisezeitverlust: 0 Minuten Durchschnittsgeschwindigkeit: 55 km/h",48.8125326727264,9.0591687047733
"A92","undefined--vi-avl.2025-05-22_06-35-30-000.f.de0","48.387844610435245,11.780166676264942,48.37951059304796,11.757260498242326","48.387844610435245,11.780166676264942","WARNING","A92 | Erding - Freising-Mitte"," Deggendorf -> München",1,"SLOW_TRAFFIC","54.099998474121094",2025-05-22,"Beginn: 22.05.25 um 06:35 Uhr  Angespannte Verkehrslage, seit 22.05.2025, 06:35 A92: Deggendorf -> München, zwischen 5.8 km hinter AS Erding und 1.3 km vor AS Freising-Mitte  Langsamer Verkehr Reisezeitverlust: 1 Minuten Durchschnittsgeschwindigkeit: 54 km/h",48.3878446104352,11.7801666762649
"A94","undefined--vi-avl.2025-05-22_06-35-00-000.f_007.de0","48.1385762546782,11.629139989152256,48.1385762546782,11.629139989152256","48.1385762546782,11.629139989152256","WARNING","A94 | München-Steinhausen - München-Steinhausen"," Passau -> München",NA,"QUEUING_TRAFFIC","8",2025-05-22,"Beginn: 22.05.25 um 06:35 Uhr  Angespannte Verkehrslage, seit 22.05.2025, 06:35 A94: Passau -> München, 0.1 km vor AS München-Steinhausen, aus Richtung München-Zamdorf  Stockender Verkehr Durchschnittsgeschwindigkeit: 8 km/h",48.1385762546782,11.6291399891523
"A94","undefined--vi-avl.2025-05-22_06-27-00-000.f_005.de0","48.17619609470423,11.901557120706576,48.15878980094748,11.830746200019506","48.17619609470423,11.901557120706576","WARNING","A94 | Hohenlinden - Parsdorf"," Passau -> München",5,"QUEUING_TRAFFIC","41.900001525878906",2025-05-22,"Beginn: 22.05.25 um 06:27 Uhr  Angespannte Verkehrslage, seit 22.05.2025, 06:27 A94: Passau -> München, zwischen 1.2 km hinter AS Hohenlinden und 3.5 km vor AS Parsdorf  Stockender Verkehr Reisezeitverlust: 5 Minuten Durchschnittsgeschwindigkeit: 41 km/h",48.1761960947042,11.9015571207066
"A95","undefined--vi-avl.2025-05-22_06-36-32-000.f.de0","48.1046365603718,11.506120636337007,48.10875955978843,11.514252373015287","48.1046365603718,11.506120636337007","WARNING","A95 | München-Kreuzhof - München-Sendling-Süd"," Garmisch-Partenkirchen -> München",0,"SLOW_TRAFFIC","32.79999923706055",2025-05-22,"Beginn: 22.05.25 um 06:36 Uhr  Angespannte Verkehrslage, seit 22.05.2025, 06:36 A95: Garmisch-Partenkirchen -> München, zwischen 0.4 km hinter AS München-Kreuzhof und 0.2 km vor AS München-Sendling-Süd  Langsamer Verkehr Reisezeitverlust: 0 Minuten Durchschnittsgeschwindigkeit: 32 km/h",48.1046365603718,11.506120636337
"A96","undefined--vi-hind.2025-05-22_06-30-30-000.f.de0","48.041155913490215,10.617558235779548,48.041120800947695,10.616127300001388","48.041155913490215,10.617558235779548","WARNING","A96 | Bad Wörishofen - Mindelheim"," München -> Lindau",NA,NA,NA,2025-05-22,"Beginn: 22.05.25 um 06:30 Uhr  Hindernis, seit 22.05.2025, 06:30 A96: München -> Lindau, zwischen 0.2 km hinter AS Bad Wörishofen und 8.2 km vor AS Mindelheim  Gefahr durch Gegenstände auf der Fahrbahn",48.0411559134902,10.6175582357795
"A96","undefined--vi-avl.2025-05-22_06-30-30-000.f_007.de0","48.12560188138866,11.505021525571019,48.12467682789923,11.512172517321643","48.12560188138866,11.505021525571019","WARNING","A96 | München-Laim - München-Sendling"," Lindau -> München",0,"QUEUING_TRAFFIC","23.299999237060547",2025-05-22,"Beginn: 22.05.25 um 06:33 Uhr  Angespannte Verkehrslage, seit 22.05.2025, 06:33 A96: Lindau -> München, zwischen 0.2 km hinter AS München-Laim und 0.5 km vor AS München-Sendling  Stockender Verkehr Reisezeitverlust: 0 Minuten Durchschnittsgeschwindigkeit: 23 km/h",48.1256018813887,11.505021525571
"A96","undefined--vi-avl.2025-05-22_06-30-30-000.f_003.de0","48.12560924944447,11.504941685191215,48.12560924944447,11.504941685191215","48.12560924944447,11.504941685191215","WARNING","A96 | München-Sendling - München-Sendling"," Lindau -> München",NA,"QUEUING_TRAFFIC","10",2025-05-22,"Beginn: 22.05.25 um 06:35 Uhr  Angespannte Verkehrslage, seit 22.05.2025, 06:35 A96: Lindau -> München, 1.1 km vor AS München-Sendling, aus Richtung München-Laim  Stockender Verkehr Durchschnittsgeschwindigkeit: 10 km/h",48.1256092494445,11.5049416851912
"A99","undefined--vi-avl.2025-05-22_06-25-30-000.f_006.de0","48.129456279201186,11.402106161796375,48.129456279201186,11.402106161796375","48.129456279201186,11.402106161796375","WARNING","A99 | München Süd-West - München Süd-West"," München-Nord -> München-Süd-West",NA,"STATIONARY_TRAFFIC","14",2025-05-22,"Beginn: 22.05.25 um 06:35 Uhr  Angespannte Verkehrslage, seit 22.05.2025, 06:35 A99: München-Nord -> München-Süd-West, 0.5 km vor AD München Süd-West, aus Richtung München-Freiham Mitte  Im Stillstand Durchschnittsgeschwindigkeit: 14 km/h",48.1294562792012,11.4021061617964
"A99","undefined--vi-avl.2025-05-22_06-25-30-000.f_008.de0","48.1827339463762,11.433961684419952,48.20930041485154,11.466095543346544","48.1827339463762,11.433961684419952","WARNING","A99 | München-West - München-Ludwigsfeld"," München-Süd-West -> München-Nord",4,"SLOW_TRAFFIC","39.29999923706055",2025-05-22,"Beginn: 22.05.25 um 06:25 Uhr  Angespannte Verkehrslage, seit 22.05.2025, 06:25 A99: München-Süd-West -> München-Nord, zwischen 0.2 km hinter AK München-West und 1.4 km vor AS München-Ludwigsfeld  Langsamer Verkehr Reisezeitverlust: 4 Minuten Durchschnittsgeschwindigkeit: 39 km/h",48.1827339463762,11.43396168442
"A99","undefined--vi-avl.2025-05-22_06-37-30-000.f_014.de0","48.146218930153175,11.394113149880598,48.146218930153175,11.394113149880598","48.146218930153175,11.394113149880598","WARNING","Baustelle"," AS Germering-Nord (aus Richtung München-Freiham Mitte)",NA,"QUEUING_TRAFFIC","26",2025-05-22,"Beginn: 22.05.25 um 06:37 Uhr  Angespannte Verkehrslage, seit 22.05.2025, 06:37 Auffahrt auf die A99: AS Germering-Nord (aus Richtung München-Freiham Mitte)  Stockender Verkehr Durchschnittsgeschwindigkeit: 26 km/h",48.1462189301532,11.3941131498806
"A100","undefined--vi-avl.2025-05-22_06-15-30-000.f_001.de0","52.53361156445938,13.291894639395755,52.51635250092917,13.284351800092958","52.53361156445938,13.291894639395755","WARNING","A100 | Jakob-Kaiser-Platz - Kaiserdamm"," Wedding -> Wilmersdorf",1,"SLOW_TRAFFIC","42.5",2025-05-22,"Beginn: 22.05.25 um 06:15 Uhr  Angespannte Verkehrslage, seit 22.05.2025, 06:15 A100: Wedding -> Wilmersdorf, zwischen 0.2 km hinter AS Jakob-Kaiser-Platz und 0.4 km vor AS Kaiserdamm  Langsamer Verkehr Reisezeitverlust: 1 Minuten Durchschnittsgeschwindigkeit: 42 km/h",52.5336115644594,13.2918946393958
"A100","undefined--vi-avl.2025-05-22_06-22-30-000.f_003.de0","52.53360931629358,13.291865416752671,52.53360931629358,13.291865416752671","52.53360931629358,13.291865416752671","WARNING","A100 | Charlottenburg - Charlottenburg"," Wedding -> Wilmersdorf",NA,"SLOW_TRAFFIC","17",2025-05-22,"Beginn: 22.05.25 um 06:35 Uhr  Angespannte Verkehrslage, seit 22.05.2025, 06:35 A100: Wedding -> Wilmersdorf, 0.1 km vor AD Charlottenburg, aus Richtung Jakob-Kaiser-Platz  Langsamer Verkehr Durchschnittsgeschwindigkeit: 17 km/h",52.5336093162936,13.2918654167527
"A100","undefined--vi-avl.2025-05-22_06-37-30-000.f_010.de0","52.491041681897904,13.295856066267167,52.491041681897904,13.295856066267167","52.491041681897904,13.295856066267167","WARNING","A100 | Kurfürstendamm(Schwarzbacher Straße) - Kurfürstendamm(Schwarzbacher Straße)"," Wilmersdorf -> Wedding",NA,"SLOW_TRAFFIC","20",2025-05-22,"Beginn: 22.05.25 um 06:37 Uhr  Angespannte Verkehrslage, seit 22.05.2025, 06:37 A100: Wilmersdorf -> Wedding, 0.5 km vor AS Kurfürstendamm(Schwarzbacher Straße), aus Richtung Hohenzollerndamm  Langsamer Verkehr Durchschnittsgeschwindigkeit: 20 km/h",52.4910416818979,13.2958560662672
"A100","undefined--vi-avl.2025-05-22_05-33-30-000.f_002.de0","52.489322617162756,13.29831001483291,52.50335467975652,13.282017436448047","52.489322617162756,13.29831001483291","WARNING","A100 | Hohenzollerndamm - Kaiserdamm-Süd"," Wilmersdorf -> Wedding",1,"SLOW_TRAFFIC","35.900001525878906",2025-05-22,"Beginn: 22.05.25 um 05:35 Uhr  Angespannte Verkehrslage, seit 22.05.2025, 05:35 A100: Wilmersdorf -> Wedding, zwischen 0.2 km hinter AS Hohenzollerndamm und 0.8 km vor AS Kaiserdamm-Süd  Langsamer Verkehr Reisezeitverlust: 1 Minuten Durchschnittsgeschwindigkeit: 35 km/h",52.4893226171628,13.2983100148329
"A111","undefined--vi-avl.2025-05-22_06-29-30-000.f_006.de0","52.54138817507738,13.296001043999187,52.54138817507738,13.296001043999187","52.54138817507738,13.296001043999187","WARNING","A111 | Heckerdamm - Heckerdamm"," Dreieck Oranienburg -> Charlottenburg",NA,"QUEUING_TRAFFIC","20",2025-05-22,"Beginn: 22.05.25 um 06:35 Uhr  Angespannte Verkehrslage, seit 22.05.2025, 06:35 A111: Dreieck Oranienburg -> Charlottenburg, 0.2 km vor AS Heckerdamm, aus Richtung Flughafen Tegel  Stockender Verkehr Durchschnittsgeschwindigkeit: 20 km/h",52.5413881750774,13.2960010439992
"A113","undefined--vi-zus.2025-05-22_04-29-30-000.f.de0","52.43548310093075,13.494446300119055,52.427430081232416,13.518107437510764","52.43548310093075,13.494446300119055","WARNING","A113 | Johannisthaler Chaussee - Rudower Höhe"," Neukölln -> Schönefeld",NA,NA,NA,2025-05-22,"Beginn: 22.05.25 um 04:29 Uhr  Zusammengesetzte Verkehrsinformation, seit 22.05.2025, 04:29 A113: Neukölln -> Schönefeld, zwischen 1.3 km hinter AS Johannisthaler Chaussee und 0.9 km vor Rudower Höhe  A113 Autobahnzubringer Dresden, Neukölln Richtung Schönefeld
zwischen Stubenrauchstraße und Tunnel Rudower Höhe
linker Fahrstreifen gesperrt, Bauarbeiten, bis voraussichtlich 20.06.2025",52.4354831009308,13.4944463001191
"A115","undefined--vi-zus.2024-10-09_07-09-40-000.f_531.de0","52.40027056808641,13.185163736426698,52.44227384698058,13.202709435405149","52.40027056808641,13.185163736426698","WARNING","A115 | Am Stern - Hüttenweg"," Dreieck Nuthetal -> Dreieck Funkturm",NA,NA,NA,2024-10-09,"Beginn: 09.10.24 um 07:09 Uhr  Zusammengesetzte Verkehrsinformation, seit 09.10.2024, 07:09 A115: Dreieck Nuthetal -> Dreieck Funkturm, zwischen 2.9 km hinter Am Stern und 3.8 km vor AS Hüttenweg  A115 Autobahnzubringer Magdeburg, Dreieck Nuthetal Richtung Dreieck Funkturm, zwischen Anschlussstelle Kleinmachnow und Anschlussstelle Spanische Allee, Baustelle, bis 31.10.2026 17:00 Uhr",52.4002705680864,13.1851637364267
"A115","undefined--vi-avl.2025-05-22_06-05-00-000.f.de0","52.39831077700434,13.182965869336426,52.4103426548891,13.196425266394684","52.39831077700434,13.182965869336426","WARNING","A115 | Am Stern - Dreilinden"," Dreieck Nuthetal -> Dreieck Funkturm",3,"STATIONARY_TRAFFIC","22.799999237060547",2025-05-22,"Beginn: 22.05.25 um 06:05 Uhr  Angespannte Verkehrslage, seit 22.05.2025, 06:05 A115: Dreieck Nuthetal -> Dreieck Funkturm, zwischen 2.6 km hinter Am Stern und 0.6 km vor Dreilinden  Im Stillstand Reisezeitverlust: 3 Minuten Durchschnittsgeschwindigkeit: 22 km/h",52.3983107770043,13.1829658693364
"A115","undefined--vi-avl.2025-05-22_06-10-30-000.f_001.de0","52.3985310175196,13.183219622670133,52.3985310175196,13.183219622670133","52.3985310175196,13.183219622670133","WARNING","A115 | Kleinmachnow - Kleinmachnow"," Dreieck Nuthetal -> Dreieck Funkturm",NA,"STATIONARY_TRAFFIC","12",2025-05-22,"Beginn: 22.05.25 um 06:35 Uhr  Angespannte Verkehrslage, seit 22.05.2025, 06:35 A115: Dreieck Nuthetal -> Dreieck Funkturm, 0.5 km vor AS Kleinmachnow, aus Richtung Am Stern  Im Stillstand Durchschnittsgeschwindigkeit: 12 km/h",52.3985310175196,13.1832196226701
"A255","undefined--vi-avl.2025-05-22_06-35-00-000.f_002.de0","53.51692707393556,10.029300816339132,53.51692707393556,10.029300816339132","53.51692707393556,10.029300816339132","WARNING","A255 | Hamburg-Veddel - Hamburg-Veddel"," Hamburg-Süd -> Neue Elbbrücken",NA,"SLOW_TRAFFIC","28",2025-05-22,"Beginn: 22.05.25 um 06:35 Uhr  Angespannte Verkehrslage, seit 22.05.2025, 06:35 A255: Hamburg-Süd -> Neue Elbbrücken, 1.4 km vor AS Hamburg-Veddel, aus Richtung Hamburg-Norderelbe  Langsamer Verkehr Durchschnittsgeschwindigkeit: 28 km/h",53.5169270739356,10.0293008163391
"A270","undefined--vi-hind.2025-05-22_06-22-30-000.f_001.de0","53.1743718322298,8.701036145249166,53.17519445198066,8.70356423651592","53.1743718322298,8.701036145249166","WARNING","A270 | Bremen-Ihletal - Bremen-Ihlpohl"," Blumenthal -> Ihlpohl",NA,NA,NA,2025-05-22,"Beginn: 22.05.25 um 06:22 Uhr  Hindernis, seit 22.05.2025, 06:22 A270: Blumenthal -> Ihlpohl, zwischen 0.6 km hinter AS Bremen-Ihletal und 0.6 km vor AS Bremen-Ihlpohl  Gefahr durch Gegenstände auf der Fahrbahn",53.1743718322298,8.70103614524917
"A555","undefined--vi-avl.2025-05-22_06-22-30-000.f_006.de0","50.750050848522314,7.059176680570049,50.750050848522314,7.059176680570049","50.750050848522314,7.059176680570049","WARNING","A555 | Bonn-Nord - Bonn-Nord"," Köln -> Bonn",NA,"QUEUING_TRAFFIC","21",2025-05-22,"Beginn: 22.05.25 um 06:35 Uhr  Angespannte Verkehrslage, seit 22.05.2025, 06:35 A555: Köln -> Bonn, 1.1 km vor AK Bonn-Nord, aus Richtung Bornheim (Rhld.)  Stockender Verkehr Durchschnittsgeschwindigkeit: 21 km/h",50.7500508485223,7.05917668057005
"A620","undefined--vi-zus.2025-05-22_06-12-30-000.f.de0","49.253498919085835,6.833195255432203,49.24258182016079,6.837928698847307","49.253498919085835,6.833195255432203","WARNING","A620 | Wadgassen - Völklingen-Geislautern"," Saarlouis -> Saarbrücken",1,"SLOW_TRAFFIC","36.900001525878906",2025-05-22,"Beginn: 22.05.25 um 06:12 Uhr  Zusammengesetzte Verkehrsinformation, seit 22.05.2025, 06:12 A620: Saarlouis -> Saarbrücken, zwischen 5.0 km hinter AS Wadgassen und 0.8 km vor AS Völklingen-Geislautern  Langsamer Verkehr Reisezeitverlust: 1 Minuten Durchschnittsgeschwindigkeit: 36 km/h",49.2534989190858,6.8331952554322
"A620","undefined--vi-avl.2025-05-22_06-12-30-000.f_006.de0","49.2534540590762,6.833199887454629,49.2534540590762,6.833199887454629","49.2534540590762,6.833199887454629","WARNING","A620 | Völklingen-Wehrden - Völklingen-Wehrden"," Saarlouis -> Saarbrücken",NA,"SLOW_TRAFFIC","16",2025-05-22,"Beginn: 22.05.25 um 06:35 Uhr  Angespannte Verkehrslage, seit 22.05.2025, 06:35 A620: Saarlouis -> Saarbrücken, 0.1 km vor AS Völklingen-Wehrden, aus Richtung Wadgassen  Langsamer Verkehr Durchschnittsgeschwindigkeit: 16 km/h",49.2534540590762,6.83319988745463
"A861","undefined--vi-avl.2025-05-22_05-43-30-000.f_003.de0","47.55518988331812,7.757305273817271,47.55518988331812,7.757305273817271","47.55518988331812,7.757305273817271","WARNING","A861 | Rheinfelden-Süd - Rheinfelden-Süd"," Dreieck Hochrhein -> Grenzübergang Rheinfelden",NA,"STATIONARY_TRAFFIC","4",2025-05-22,"Beginn: 22.05.25 um 06:33 Uhr  Angespannte Verkehrslage, seit 22.05.2025, 06:33 A861: Dreieck Hochrhein -> Grenzübergang Rheinfelden, 0.6 km vor AS Rheinfelden-Süd, aus Richtung Rheinfelden-Mitte  Im Stillstand Durchschnittsgeschwindigkeit: 4 km/h",47.5551898833181,7.75730527381727
"A861","undefined--vi-avl.2025-05-22_05-34-00-000.f.de0","47.55511799133816,7.757300157225339,47.548363300948715,7.758275399999488","47.55511799133816,7.757300157225339","WARNING","Baustelle"," km 0.75 --> km -0.00",6,"STATIONARY_TRAFFIC","6.300000190734863",2025-05-22,"Beginn: 22.05.25 um 05:36 Uhr  Angespannte Verkehrslage, seit 22.05.2025, 05:36 A861: km 0.75 --> km -0.00  Im Stillstand Reisezeitverlust: 6 Minuten Durchschnittsgeschwindigkeit: 6 km/h",47.5551179913382,7.75730015722534
