"road","identifier","extent","point","display_type","title","subtitle","delay_minutes","abnormalTrafficType","averageSpeed","startTimestamp","description","latitude","longitude"
"A1","undefined--vi-zus.2025-05-21_04-02-30-000.f.de0","53.498134814642334,10.037584036695204,53.509340080202975,10.05497996148937","53.498134814642334,10.037584036695204","WARNING","A1 | Hamburg-Stillhorn - Norderelbbrücke"," Bremen -> Lübeck",1,"SLOW_TRAFFIC","49.900001525878906",2025-05-21,"Beginn: 21.05.25 um 04:02 Uhr  Zusammengesetzte Verkehrsinformation, seit 21.05.2025, 04:02 A1: Bremen -> Lübeck, zwischen 1.8 km hinter Hamburg-Stillhorn und 0.3 km vor Norderelbbrücke  Langsamer Verkehr Reisezeitverlust: 1 Minuten Durchschnittsgeschwindigkeit: 49 km/h",53.4981348146423,10.0375840366952
"A1","undefined--vi-hind.2025-05-20_22-01-00-000.f_025.de0","53.50929678257153,10.057088901590378,53.50929678257153,10.057088901590378","53.50929678257153,10.057088901590378","WARNING","A1 | Hamburg-Norderelbe - Hamburg-Südost"," Hamburg -> Lübeck",NA,NA,NA,2025-05-20,"Beginn: 20.05.25 um 22:01 Uhr  Fahrzeug-Hindernis, seit 20.05.2025, 22:01 A1: Hamburg -> Lübeck, zwischen 1.2 km hinter AK Hamburg-Norderelbe und 1.2 km vor AD Hamburg-Südost",53.5092967825715,10.0570889015904
"A1","undefined--vi-hind.2025-05-20_22-01-00-000.f_024.de0","53.509302500919404,10.063278300000514,53.5094444127468,10.056993241326454","53.509302500919404,10.063278300000514","WARNING","A1 | Hamburg-Südost - Hamburg-Norderelbe"," Lübeck -> Hamburg",NA,NA,NA,2025-05-20,"Beginn: 20.05.25 um 22:01 Uhr  Fahrzeug-Hindernis, seit 20.05.2025, 22:01 A1: Lübeck -> Hamburg, zwischen 1.2 km hinter AD Hamburg-Südost und 1.4 km vor AK Hamburg-Norderelbe",53.5093025009194,10.0632783000005
"A1","undefined--vi-avl.2025-05-21_04-21-30-000.f_004.de0","53.507538834485814,10.086652483826864,53.507538834485814,10.086652483826864","53.507538834485814,10.086652483826864","WARNING","A1 | Hamburg-Südost - Hamburg-Südost"," Lübeck -> Hamburg",NA,"STATIONARY_TRAFFIC","16",2025-05-21,"Beginn: 21.05.25 um 04:21 Uhr  Angespannte Verkehrslage, seit 21.05.2025, 04:21 A1: Lübeck -> Hamburg, 0.4 km vor AD Hamburg-Südost, aus Richtung Hamburg-Moorfleet  Im Stillstand Durchschnittsgeschwindigkeit: 16 km/h",53.5075388344858,10.0866524838269
"A1","undefined--vi-zus.2025-05-21_03-57-30-000.f.de0","53.507526069493004,10.08654913793326,53.50952185225808,10.053748212293588","53.507526069493004,10.08654913793326","WARNING","A1 | Hamburg-Moorfleet - Hamburg-Norderelbe"," Lübeck -> Hamburg",7,"STATIONARY_TRAFFIC","15.5",2025-05-21,"Beginn: 21.05.25 um 03:57 Uhr  Zusammengesetzte Verkehrsinformation, seit 21.05.2025, 03:57 A1: Lübeck -> Hamburg, zwischen 0.3 km hinter AS Hamburg-Moorfleet und 1.2 km vor AK Hamburg-Norderelbe  Im Stillstand Reisezeitverlust: 7 Minuten Durchschnittsgeschwindigkeit: 15 km/h",53.507526069493,10.0865491379333
"A1","undefined--vi-zus.2025-05-21_02-25-00-000.f_003.de0","53.50734117563605,10.084690995585646,53.5082208009194,10.073053000000527","53.50734117563605,10.084690995585646","WARNING","A1 | Hamburg-Moorfleet - Norderelbbrücke"," Lübeck -> Hamburg",NA,NA,NA,2025-05-21,"Beginn: 21.05.25 um 02:25 Uhr  Zusammengesetzte Verkehrsinformation, seit 21.05.2025, 02:25 A1: Lübeck -> Hamburg, zwischen 0.4 km hinter AS Hamburg-Moorfleet und 0.9 km vor Norderelbbrücke  Gefahr durch ein defektes Fahrzeugs auf der Fahrbahn  A1 Lübeck Richtung Hamburg zwischen Dreieck Hamburg-Südost und Norderelbbrücke Gefahr durch liegengebliebenes Fahrzeug auf dem mittleren Fahrstreifen, Polizei ist vor Ort",53.507341175636,10.0846909955856
"A3","undefined--vi-avl.2025-05-21_04-15-00-000.f_002.de0","48.78046219567015,13.024038023201495,48.78853523646746,13.00993189462108","48.78046219567015,13.024038023201495","WARNING","A3 | Hengersberg - Isarblick"," Passau -> Nürnberg",0,"SLOW_TRAFFIC","68.0999984741211",2025-05-21,"Beginn: 21.05.25 um 04:15 Uhr  Angespannte Verkehrslage, seit 21.05.2025, 04:15 A3: Passau -> Nürnberg, zwischen 1.6 km hinter AS Hengersberg und 2.9 km vor Isarblick  Langsamer Verkehr Reisezeitverlust: 0 Minuten Durchschnittsgeschwindigkeit: 68 km/h",48.7804621956701,13.0240380232015
"A4","undefined--vi-zus.2025-05-21_03-16-30-000.f_001.de0","50.92839118103129,6.770309967803091,50.929741200936625,6.814456199995554","50.92839118103129,6.770309967803091","WARNING","A4 | Kerpen - Frechen-Nord"," Heerlen/Aachen -> Köln",15,"STATIONARY_TRAFFIC","11.100000381469727",2025-05-21,"Beginn: 21.05.25 um 03:16 Uhr  Zusammengesetzte Verkehrsinformation, seit 21.05.2025, 03:16 A4: Heerlen/Aachen -> Köln, zwischen 6.7 km hinter AK Kerpen und 0.4 km vor AS Frechen-Nord  Im Stillstand Reisezeitverlust: 15 Minuten Durchschnittsgeschwindigkeit: 11 km/h",50.9283911810313,6.77030996780309
"A4","undefined--vi-hind.2025-05-21_03-25-00-000.f_001.de0","50.92984440552154,6.798963585513713,50.929321984633354,6.823924708042349","50.92984440552154,6.798963585513713","WARNING","A4 | Frechen - Köln-West"," Heerlen/Aachen -> Köln",NA,NA,NA,2025-05-21,"Beginn: 21.05.25 um 03:25 Uhr  Hindernis, seit 21.05.2025, 03:25 A4: Heerlen/Aachen -> Köln, zwischen 1.7 km hinter Frechen und 1.6 km vor AK Köln-West",50.9298444055215,6.79896358551371
"A4","undefined--vi-avl.2025-05-21_03-25-30-000.f_002.de0","50.92839215105068,6.770324109756684,50.92839215105068,6.770324109756684","50.92839215105068,6.770324109756684","WARNING","A4 | Frechen - Frechen"," Heerlen/Aachen -> Köln",NA,"STATIONARY_TRAFFIC","11",2025-05-21,"Beginn: 21.05.25 um 04:21 Uhr  Angespannte Verkehrslage, seit 21.05.2025, 04:21 A4: Heerlen/Aachen -> Köln, 0.3 km vor Frechen, aus Richtung Kerpen  Im Stillstand Durchschnittsgeschwindigkeit: 11 km/h",50.9283921510507,6.77032410975668
"A4","undefined--vi-hind.2025-05-21_02-38-00-000.f_003.de0","50.8953884741689,6.915965832114056,50.89077322866552,6.926178949810329","50.8953884741689,6.915965832114056","WARNING","A4 | Köln-Klettenberg - Köln-Süd"," Heerlen/Aachen -> Köln",NA,NA,NA,2025-05-21,"Beginn: 21.05.25 um 02:38 Uhr  Hindernis, seit 21.05.2025, 02:38 A4: Heerlen/Aachen -> Köln, zwischen 0.6 km hinter AS Köln-Klettenberg und 3.2 km vor AK Köln-Süd",50.8953884741689,6.91596583211406
"A4","undefined--vi-zus.2025-05-21_02-31-30-000.f_002.de0","50.8953884741689,6.915965832114056,50.89341216326109,6.920305463901063","50.8953884741689,6.915965832114056","WARNING","A4 | Köln-Klettenberg - Köln-Eifeltor"," Heerlen/Aachen -> Köln",NA,NA,NA,2025-05-21,"Beginn: 21.05.25 um 02:31 Uhr  Zusammengesetzte Verkehrsinformation, seit 21.05.2025, 02:31 A4: Heerlen/Aachen -> Köln, zwischen 0.6 km hinter AS Köln-Klettenberg und 0.4 km vor AS Köln-Eifeltor  A4 Heerlen/Aachen Richtung Köln Köln-Eifeltor Unfallaufnahme, langsam fahren, Rutschgefahr durch Treibstoff, Richtungsfahrbahn blockiert, empfohlene Umleitung: U25 23678",50.8953884741689,6.91596583211406
"A4","undefined--vi-avl.2025-05-21_04-21-30-000.f_001.de0","51.060553916368,13.521604707369933,51.061239632930274,13.508937548867523","51.060553916368,13.521604707369933","WARNING","A4 | Wilsdruff - Nossen"," Dresden -> Chemnitz",0,"SLOW_TRAFFIC","51.5",2025-05-21,"Beginn: 21.05.25 um 04:21 Uhr  Angespannte Verkehrslage, seit 21.05.2025, 04:21 A4: Dresden -> Chemnitz, zwischen 0.4 km hinter AS Wilsdruff und 10.3 km vor AD Nossen  Langsamer Verkehr Reisezeitverlust: 0 Minuten Durchschnittsgeschwindigkeit: 51 km/h",51.060553916368,13.5216047073699
"A5","undefined--vi-hind.2025-05-21_04-16-30-000.f_001.de0","50.03915682326151,8.597393959424577,50.04706420334911,8.601334478636568","50.03915682326151,8.597393959424577","WARNING","A5 | Zeppelinheim - Frankfurter Kreuz"," Darmstadt -> Frankfurt",NA,NA,NA,2025-05-21,"Beginn: 21.05.25 um 04:16 Uhr  Hindernis, seit 21.05.2025, 04:16 A5: Darmstadt -> Frankfurt, zwischen 0.5 km hinter AS Zeppelinheim und 0.7 km vor AK Frankfurter Kreuz  Gefahr durch Gegenstände auf der Fahrbahn",50.0391568232615,8.59739395942458
"A5","undefined--vi-avl.2025-05-21_04-07-00-000.f_002.de0","47.59708858341919,7.603316437519097,47.59487390094862,7.603921599999228","47.59708858341919,7.603316437519097","WARNING","Baustelle"," km 812.82 --> km 813.08",0,"SLOW_TRAFFIC","14.899999618530273",2025-05-21,"Beginn: 21.05.25 um 04:07 Uhr  Angespannte Verkehrslage, seit 21.05.2025, 04:07 A5: km 812.82 --> km 813.08  Langsamer Verkehr Reisezeitverlust: 0 Minuten Durchschnittsgeschwindigkeit: 14 km/h",47.5970885834192,7.6033164375191
"A6","undefined--vi-avl.2025-05-21_04-10-30-000.f_004.de0","49.490648968903535,7.988651261957803,49.49117540049077,7.971131323079725","49.490648968903535,7.988651261957803","WARNING","A6 | Entenpfuhl - Drehertal"," Mannheim -> Kaiserslautern",0,"SLOW_TRAFFIC","74",2025-05-21,"Beginn: 21.05.25 um 04:10 Uhr  Angespannte Verkehrslage, seit 21.05.2025, 04:10 A6: Mannheim -> Kaiserslautern, zwischen 3.8 km hinter Entenpfuhl und 1.1 km vor Drehertal  Langsamer Verkehr Reisezeitverlust: 0 Minuten Durchschnittsgeschwindigkeit: 74 km/h",49.4906489689035,7.9886512619578
"A6","undefined--vi-avl.2025-05-21_04-02-30-000.f.de0","49.526105752875914,8.05522394200229,49.520273458393326,8.041732392803853","49.526105752875914,8.05522394200229","WARNING","A6 | Wattenheim - Türkberg"," Mannheim -> Kaiserslautern",0,"SLOW_TRAFFIC","71.4000015258789",2025-05-21,"Beginn: 21.05.25 um 04:02 Uhr  Angespannte Verkehrslage, seit 21.05.2025, 04:02 A6: Mannheim -> Kaiserslautern, zwischen 0.8 km hinter AS Wattenheim und 1.1 km vor Türkberg  Langsamer Verkehr Reisezeitverlust: 0 Minuten Durchschnittsgeschwindigkeit: 71 km/h",49.5261057528759,8.05522394200229
"A6","undefined--vi-avl.2025-05-21_04-21-00-000.f_004.de0","49.55108232435493,8.146978261872622,49.54413045132971,8.135967639187468","49.55108232435493,8.146978261872622","WARNING","A6 | Grünstadt - Am Binsenplatz"," Mannheim -> Kaiserslautern",0,"SLOW_TRAFFIC","58.400001525878906",2025-05-21,"Beginn: 21.05.25 um 04:21 Uhr  Angespannte Verkehrslage, seit 21.05.2025, 04:21 A6: Mannheim -> Kaiserslautern, zwischen 2.7 km hinter AS Grünstadt und 0.8 km vor Am Binsenplatz  Langsamer Verkehr Reisezeitverlust: 0 Minuten Durchschnittsgeschwindigkeit: 58 km/h",49.5510823243549,8.14697826187262
"A6","undefined--vi-hind.2025-05-21_04-15-30-000.f_001.de0","49.55180390094301,8.188263199999774,49.55372760094298,8.305723999999813","49.55180390094301,8.188263199999774","WARNING","A6 | Grünstadt - Frankenthal"," Kaiserslautern -> Mannheim",NA,NA,NA,2025-05-21,"Beginn: 21.05.25 um 04:15 Uhr  Hindernis, seit 21.05.2025, 04:15 A6: Kaiserslautern -> Mannheim, zwischen 0.5 km hinter AS Grünstadt und 0.6 km vor AK Frankenthal  Gefahr durch Gegenstände auf der Fahrbahn",49.551803900943,8.18826319999977
"A6","undefined--vi-avl.2025-05-21_04-01-00-000.f_001.de0","49.45032264905806,12.117481332591177,49.4606832161198,12.133449750481747","49.45032264905806,12.117481332591177","WARNING","A6 | Stocker Holz - Nabburg-West"," Nürnberg -> Pilsen",0,"SLOW_TRAFFIC","64.5",2025-05-21,"Beginn: 21.05.25 um 04:01 Uhr  Angespannte Verkehrslage, seit 21.05.2025, 04:01 A6: Nürnberg -> Pilsen, zwischen 2.4 km hinter Stocker Holz und 0.9 km vor AS Nabburg-West  Langsamer Verkehr Reisezeitverlust: 0 Minuten Durchschnittsgeschwindigkeit: 64 km/h",49.4503226490581,12.1174813325912
"A6","undefined--vi-avl.2025-05-21_04-14-00-000.f_001.de0","49.52269277337342,12.171188918661143,49.52909178357925,12.185782369213788","49.52269277337342,12.171188918661143","WARNING","A6 | Oberpfälzer Wald - Wernberg-Ost"," Nürnberg -> Pilsen",0,"SLOW_TRAFFIC","69",2025-05-21,"Beginn: 21.05.25 um 04:14 Uhr  Angespannte Verkehrslage, seit 21.05.2025, 04:14 A6: Nürnberg -> Pilsen, zwischen 0.7 km hinter AK Oberpfälzer Wald und 1.3 km vor AS Wernberg-Ost  Langsamer Verkehr Reisezeitverlust: 0 Minuten Durchschnittsgeschwindigkeit: 69 km/h",49.5226927733734,12.1711889186611
"A6","undefined--vi-avl.2025-05-21_04-20-00-000.f.de0","49.55609085728027,12.19838418495118,49.56733792092533,12.235773400434914","49.55609085728027,12.19838418495118","WARNING","A6 | Wernberg-Ost - Wittschauer Höhe"," Nürnberg -> Pilsen",1,"SLOW_TRAFFIC","63.5",2025-05-21,"Beginn: 21.05.25 um 04:20 Uhr  Angespannte Verkehrslage, seit 21.05.2025, 04:20 A6: Nürnberg -> Pilsen, zwischen 1.9 km hinter AS Wernberg-Ost und 0.4 km vor Wittschauer Höhe  Langsamer Verkehr Reisezeitverlust: 1 Minuten Durchschnittsgeschwindigkeit: 63 km/h",49.5560908572803,12.1983841849512
"A7","undefined--vi-zus.2025-05-13_04-57-00-000.f_004.de0","47.595412441892016,10.656244234565428,47.62104067744613,10.660902253482776","47.595412441892016,10.656244234565428","WARNING","A7 | Füssen - Nesselwang"," Füssen/Reutte -> Ulm",NA,NA,NA,2025-05-13,"Beginn: 13.05.25 um 04:57 Uhr  Zusammengesetzte Verkehrsinformation, seit 13.05.2025, 04:57 A7: Füssen/Reutte -> Ulm, zwischen 2.5 km hinter AS Füssen und 10.8 km vor AS Nesselwang  A7 Füssen/Reutte Richtung Ulm zwischen Reinertshoftunnel und Nesselwang Verkehr wird über die Gegenfahrbahn geleitet, Baustelle, von 16.05.2025 05:00 Uhr bis 18.07.2025 15:00 Uhr",47.595412441892,10.6562442345654
"A7","undefined--vi-avl.2025-05-21_04-21-30-000.f_005.de0","50.76419687511515,9.592118973066286,50.75922245654404,9.60634141739079","50.76419687511515,9.592118973066286","WARNING","A7 | Niederaula - Dornbusch"," Kassel -> Fulda",0,"SLOW_TRAFFIC","60.5",2025-05-21,"Beginn: 21.05.25 um 04:21 Uhr  Angespannte Verkehrslage, seit 21.05.2025, 04:21 A7: Kassel -> Fulda, zwischen 1.4 km hinter AS Niederaula und 2.0 km vor Dornbusch  Langsamer Verkehr Reisezeitverlust: 0 Minuten Durchschnittsgeschwindigkeit: 60 km/h",50.7641968751151,9.59211897306629
"A7","undefined--vi-avl.2025-05-21_04-15-00-000.f_001.de0","50.96945057943566,9.479140444061303,50.952491170125626,9.508151144240886","50.96945057943566,9.479140444061303","WARNING","A7 | Homberg (Efze) - Fuchsrain"," Kassel -> Fulda",1,"SLOW_TRAFFIC","54.20000076293945",2025-05-21,"Beginn: 21.05.25 um 04:15 Uhr  Angespannte Verkehrslage, seit 21.05.2025, 04:15 A7: Kassel -> Fulda, zwischen 4.1 km hinter AS Homberg (Efze) und 1.9 km vor Fuchsrain  Langsamer Verkehr Reisezeitverlust: 1 Minuten Durchschnittsgeschwindigkeit: 54 km/h",50.9694505794357,9.4791404440613
"A7","undefined--vi-avl.2025-05-21_04-21-00-000.f.de0","51.40264106781475,9.80379609078324,51.40886988054762,9.82321359445419","51.40264106781475,9.80379609078324","WARNING","A7 | Hackelberg - Drammetal"," Kassel -> Hannover",0,"SLOW_TRAFFIC","67",2025-05-21,"Beginn: 21.05.25 um 04:21 Uhr  Angespannte Verkehrslage, seit 21.05.2025, 04:21 A7: Kassel -> Hannover, zwischen 1.8 km hinter Hackelberg und 5.8 km vor AD Drammetal  Langsamer Verkehr Reisezeitverlust: 0 Minuten Durchschnittsgeschwindigkeit: 67 km/h",51.4026410678147,9.80379609078324
"A7","undefined--vi-zus.2025-03-31_00-40-00-000.f_018.de0","53.579141433849884,9.913430072127355,53.55636870091902,9.897540700000414","53.579141433849884,9.913430072127355","WARNING","A7 | Hamburg-Volkspark - Elbtunnel (Nordportal)"," Flensburg -> Hamburg",NA,NA,NA,2025-03-31,"Beginn: 31.03.25 um 00:40 Uhr  Zusammengesetzte Verkehrsinformation, seit 31.03.2025, 00:40 A7: Flensburg -> Hamburg, zwischen 0.4 km hinter AS Hamburg-Volkspark und 0.9 km vor Elbtunnel (Nordportal)  A7 Flensburg Richtung Hamburg Ausfahrt Hamburg-Othmarschen Fahrbahnverengung, maximale Fahrbahnbreite von 4,50 m, Bauarbeiten, bis 29.09.2025",53.5791414338499,9.91343007212735
"A8","undefined--vi-avl.2025-05-21_04-08-00-000.f_001.de0","49.48619920094329,6.3769384999881655,49.4845195009433,6.4178646999890425","49.48619920094329,6.3769384999881655","WARNING","A8 | Moseltal - Pellinger Berg"," Luxemburg -> Saarlouis",2,"SLOW_TRAFFIC","51.400001525878906",2025-05-21,"Beginn: 21.05.25 um 04:08 Uhr  Angespannte Verkehrslage, seit 21.05.2025, 04:08 A8: Luxemburg -> Saarlouis, zwischen 0.3 km hinter Moseltal und 8.4 km vor Pellinger Berg  Langsamer Verkehr Reisezeitverlust: 2 Minuten Durchschnittsgeschwindigkeit: 51 km/h",49.4861992009433,6.37693849998817
"A8","undefined--vi-zus.2025-03-26_17-59-56-000.f_013.de0","49.32575278791285,7.172731755291576,49.327350714671546,7.213275819282444","49.32575278791285,7.172731755291576","WARNING","A8 | Neunkirchen/Spiesen - Kohlhof"," Saarlouis -> Neunkirchen",NA,NA,NA,2025-03-26,"Beginn: 26.03.25 um 17:59 Uhr  Zusammengesetzte Verkehrsinformation, seit 26.03.2025, 17:59 A8: Saarlouis -> Neunkirchen, zwischen 1.5 km hinter AS Neunkirchen/Spiesen und 1.0 km vor Kohlhof  A8 Saarlouis - Neunkirchen zwischen Neunkirchen-Spiesen und Neunkirchen-Oberstadt in beiden Richtungen Bauarbeiten, bis voraussichtlich 01.06.2025",49.3257527879128,7.17273175529158
"A8","undefined--vi-zus.2025-05-14_09-26-56-000.f.de0","49.32628400979037,7.229641516813452,49.329166750017514,7.1882642393148934","49.32628400979037,7.229641516813452","WARNING","A8 | Neunkirchen-Wellesweiler - Neunkirchen/Spiesen"," Neunkirchen -> Saarlouis",NA,NA,NA,2025-05-14,"Beginn: 14.05.25 um 09:26 Uhr  Zusammengesetzte Verkehrsinformation, seit 14.05.2025, 09:26 A8: Neunkirchen -> Saarlouis, zwischen 0.4 km hinter AS Neunkirchen-Wellesweiler und 2.7 km vor AS Neunkirchen/Spiesen  A8 Saarlouis - Neunkirchen zwischen Neunkirchen-Spiesen und Neunkirchen-Oberstadt in beiden Richtungen Bauarbeiten, bis voraussichtlich 01.06.2025",49.3262840097904,7.22964151681345
"A8","undefined--vi-avl.2025-05-21_04-20-30-000.f.de0","47.82934473953076,11.889633304995272,47.83040560094821,11.90588570002294","47.82934473953076,11.889633304995272","WARNING","A8 | Seehamer See (West) - Irschenberg"," München -> Salzburg",0,"SLOW_TRAFFIC","64.4000015258789",2025-05-21,"Beginn: 21.05.25 um 04:20 Uhr  Angespannte Verkehrslage, seit 21.05.2025, 04:20 A8: München -> Salzburg, zwischen 2.9 km hinter Seehamer See (West) und Irschenberg  Langsamer Verkehr Reisezeitverlust: 0 Minuten Durchschnittsgeschwindigkeit: 64 km/h",47.8293447395308,11.8896333049953
"A9","undefined--vi-avl.2025-05-21_04-21-00-000.f_001.de0","50.03975760460585,11.61197353897782,50.03095785926751,11.606611607961561","50.03975760460585,11.61197353897782","WARNING","A9 | Kulmbach/Neudrossenfeld - Bayreuth/Kulmbach"," Bamberg -> Bayreuth",0,"SLOW_TRAFFIC","47",2025-05-21,"Beginn: 21.05.25 um 04:21 Uhr  Angespannte Verkehrslage, seit 21.05.2025, 04:21 A70: Bamberg -> Bayreuth, zwischen 14.5 km hinter AS Kulmbach/Neudrossenfeld und 0.7 km vor AD Bayreuth/Kulmbach  Langsamer Verkehr Reisezeitverlust: 0 Minuten Durchschnittsgeschwindigkeit: 47 km/h",50.0397576046059,11.6119735389778
"A9","undefined--vi-avl.2025-05-21_04-14-30-000.f_002.de0","49.371587345643604,11.201039085622229,49.354734407325296,11.20320519266157","49.371587345643604,11.201039085622229","WARNING","A9 | Nürnberg-Ost - Nürnberg/Feucht"," Halle/Leipzig -> München",1,"SLOW_TRAFFIC","41",2025-05-21,"Beginn: 21.05.25 um 04:14 Uhr  Angespannte Verkehrslage, seit 21.05.2025, 04:14 A9: Halle/Leipzig -> München, zwischen 2.7 km hinter AK Nürnberg-Ost und 0.6 km vor AD Nürnberg/Feucht  Langsamer Verkehr Reisezeitverlust: 1 Minuten Durchschnittsgeschwindigkeit: 41 km/h",49.3715873456436,11.2010390856222
"A9","undefined--vi-avl.2025-05-21_04-21-30-000.f_006.de0","50.068621925155654,11.624988000591408,50.0743789988965,11.639360629967854","50.068621925155654,11.624988000591408","WARNING","A9 | Bad Berneck/Himmelkron - Marktschorgast"," Nürnberg -> Halle/Leipzig",0,"SLOW_TRAFFIC","56.099998474121094",2025-05-21,"Beginn: 21.05.25 um 04:21 Uhr  Angespannte Verkehrslage, seit 21.05.2025, 04:21 A9: Nürnberg -> Halle/Leipzig, zwischen 1.7 km hinter AS Bad Berneck/Himmelkron und 2.1 km vor AS Marktschorgast  Langsamer Verkehr Reisezeitverlust: 0 Minuten Durchschnittsgeschwindigkeit: 56 km/h",50.0686219251557,11.6249880005914
"A9","undefined--vi-avl.2025-05-21_03-59-30-000.f.de0","50.91834272924552,11.840707008002335,50.94193316142189,11.834725974881128","50.91834272924552,11.840707008002335","WARNING","A9 | Bad Klosterlausnitz - Kuhberg"," Nürnberg -> Halle/Leipzig",1,"SLOW_TRAFFIC","70.9000015258789",2025-05-21,"Beginn: 21.05.25 um 03:59 Uhr  Angespannte Verkehrslage, seit 21.05.2025, 03:59 A9: Nürnberg -> Halle/Leipzig, zwischen 0.8 km hinter AS Bad Klosterlausnitz und 3.0 km vor Kuhberg  Langsamer Verkehr Reisezeitverlust: 1 Minuten Durchschnittsgeschwindigkeit: 70 km/h",50.9183427292455,11.8407070080023
"A10","undefined--vi-zus.2025-05-20_23-57-00-000.f_009.de0","52.434312507196715,12.930226575500877,52.47446316538048,12.953529511683772","52.434312507196715,12.930226575500877","WARNING","A10 | Phöben - Berlin-Spandau"," Dreieck Werder -> Dreieck Havelland",NA,NA,NA,2025-05-20,"Beginn: 20.05.25 um 23:57 Uhr  Zusammengesetzte Verkehrsinformation, seit 20.05.2025, 23:57 A10: Dreieck Werder -> Dreieck Havelland, zwischen 3.4 km hinter AS Phöben und 9.4 km vor AS Berlin-Spandau  Gefahr durch eine ungesicherte Unfallstelle  A10 Westlicher Berliner Ring, Dreieck Werder Richtung Dreieck Havelland zwischen Leest und Potsdam-Nord Gefahr durch ungesicherte Unfallstelle, fahren Sie bitte besonders vorsichtig, Polizei und Rettungswagen sind unterwegs",52.4343125071967,12.9302265755009
"A10","undefined--vi-hind.2025-05-21_04-14-30-000.f_001.de0","52.5737128305894,12.972464802235956,52.557737300927855,12.965472100063387","52.5737128305894,12.972464802235956","WARNING","A10 | Falkensee - Berlin-Spandau"," Dreieck Havelland -> Dreieck Werder",NA,NA,NA,2025-05-21,"Beginn: 21.05.25 um 04:14 Uhr  Fahrzeug-Hindernis, seit 21.05.2025, 04:14 A10: Dreieck Havelland -> Dreieck Werder, zwischen 5.1 km hinter AS Falkensee und 0.2 km vor AS Berlin-Spandau Gefahr durch ein defektes Fahrzeug auf der Fahrbahn",52.5737128305894,12.972464802236
"A12","undefined--vi-hind.2025-05-21_02-04-00-000.f_005.de0","52.32226143227936,14.347763477739276,52.327433536010055,14.275092529350356","52.32226143227936,14.347763477739276","WARNING","A12 | Müllrose - Briesen"," Frankfurt(Oder) -> Berliner Ring",NA,NA,NA,2025-05-21,"Beginn: 21.05.25 um 02:04 Uhr  Fahrzeug-Hindernis, seit 21.05.2025, 02:04 A12: Frankfurt(Oder) -> Berliner Ring, zwischen 0.3 km hinter AS Müllrose und 0.3 km vor AS Briesen Gefahr durch ein defektes Fahrzeug auf der Fahrbahn",52.3222614322794,14.3477634777393
"A12","WarnungA10Lkw3","47.61802931631098,12.202336027754352,47.61802931631098,12.202336027754352","47.61802931631098,12.202336027754352","WARNING","E45/E60 | LKW Blockabfertigung | A12-Inntal Autobahn","Richtung Italien",NA,NA,NA,2025-01-11,"Zeitraum: Beginn: 07.01.2025 Ende: 09.12.2025  Hinweis für LKW-Reisende nach Österreich: LKW-Blockabfertigungen an ausgewählten Tagen für Lkw am Grenzübergang Kufstein/Kiefersfelden. Maximaler Durchlass von 300 LKWs pro Stunde  Die genauen Ausführungszeiten und weitere Informationen auf tirol.gv.at/verkehr/verkehrs-und-seilbahnrecht/lkw-dosierung.",47.618029316311,12.2023360277544
"A12","WarnungA10Lkw2","47.6164490154047,12.202382557672273,47.6164490154047,12.202382557672273","47.6164490154047,12.202382557672273","WARNING","E43/E45/E60 | A13-Brenner Autobahn","Richtung Italien",NA,NA,NA,2025-01-11,"Zeitraum: Beginn: 11.01.2025 Ende: 27.09.2025  Hinweis für LKW-Reisende nach Österreich: LKW-Fahrverbot auf der A12-Inntal Autobahn, A13-Brenner Autobahn und A14-Rheintal/Walgau Autobahn, wenn das Ziel der Fahrt der Anschlussstelle Nößlach bis Anschlussstelle Brenner Nord der Richtungsfahrbahn Staatsgrenze der A 13 Brenner Autobahn erreicht werden soll. An ausgewählten Samstagen 7-15 Uhr sowie weiteren Tagen im Zeitraum 11.01. - 27.09.2025 Weitere Informationen auf http://asfinag.at/a13",47.6164490154047,12.2023825576723
"A15","undefined--vi-avl.2025-05-21_04-12-00-000.f.de0","51.70852714554242,14.440649860744784,51.71296758989965,14.39540855796781","51.70852714554242,14.440649860744784","WARNING","A15 | Roggosen - Cottbus-Süd"," Breslau -> Cottbus",1,"SLOW_TRAFFIC","66.5",2025-05-21,"Beginn: 21.05.25 um 04:12 Uhr  Angespannte Verkehrslage, seit 21.05.2025, 04:12 A15: Breslau -> Cottbus, zwischen 1.8 km hinter AS Roggosen und 3.2 km vor AS Cottbus-Süd  Langsamer Verkehr Reisezeitverlust: 1 Minuten Durchschnittsgeschwindigkeit: 66 km/h",51.7085271455424,14.4406498607448
"A17","undefined--vi-zus.2025-05-21_03-59-00-000.f_001.de0","50.82026170094333,13.887384300240237,50.83097963853722,13.8861789361803","50.82026170094333,13.887384300240237","WARNING","A17 | Breitenau-Schönwald - Bad Gottleuba"," Prag -> Dresden",0,"SLOW_TRAFFIC","50.400001525878906",2025-05-21,"Beginn: 21.05.25 um 03:59 Uhr  Zusammengesetzte Verkehrsinformation, seit 21.05.2025, 03:59 A17: Prag -> Dresden, zwischen 4.5 km hinter Breitenau-Schönwald und AS Bad Gottleuba  Langsamer Verkehr Reisezeitverlust: 0 Minuten Durchschnittsgeschwindigkeit: 50 km/h",50.8202617009433,13.8873843002402
"A21","undefined--vi-avl.2025-05-21_04-21-30-000.f_003.de0","53.846359357621594,10.307429515533414,53.855999801903636,10.305651191376889","53.846359357621594,10.307429515533414","WARNING","A21 | Bad Oldesloe-Nord - Leezen"," Bargteheide -> Kiel",0,"SLOW_TRAFFIC","60.099998474121094",2025-05-21,"Beginn: 21.05.25 um 04:21 Uhr  Angespannte Verkehrslage, seit 21.05.2025, 04:21 A21: Bargteheide -> Kiel, zwischen 4.0 km hinter AS Bad Oldesloe-Nord und 0.2 km vor AS Leezen  Langsamer Verkehr Reisezeitverlust: 0 Minuten Durchschnittsgeschwindigkeit: 60 km/h",53.8463593576216,10.3074295155334
"A23","undefined--vi-avl.2025-05-21_04-14-30-000.f_003.de0","53.828991909651755,9.632298121108962,53.809824099451426,9.670229854358867","53.828991909651755,9.632298121108962","WARNING","A23 | Steinburg - Horst/Elmshorn"," Heide -> Hamburg",1,"SLOW_TRAFFIC","66.4000015258789",2025-05-21,"Beginn: 21.05.25 um 04:18 Uhr  Angespannte Verkehrslage, seit 21.05.2025, 04:18 A23: Heide -> Hamburg, zwischen Steinburg und 0.5 km vor AS Horst/Elmshorn  Langsamer Verkehr Reisezeitverlust: 1 Minuten Durchschnittsgeschwindigkeit: 66 km/h",53.8289919096518,9.63229812110896
"A23","undefined--vi-hind.2025-05-21_04-02-00-000.f_002.de0","53.807456700916966,9.6747240000003,53.74579870091748,9.711796500000315","53.807456700916966,9.6747240000003","WARNING","A23 | Steinburg - Elmshorn"," Heide -> Hamburg",NA,NA,NA,2025-05-21,"Beginn: 21.05.25 um 04:02 Uhr  Hindernis, seit 21.05.2025, 04:02 A23: Heide -> Hamburg, zwischen 3.7 km hinter Steinburg und 0.2 km vor AS Elmshorn  Gefahr durch Gegenstände auf der Fahrbahn",53.807456700917,9.6747240000003
"A37","undefined--vi-zus.2025-05-20_10-04-05-000.f_002.de0","52.442156462690335,9.933442989087833,52.436581812162494,9.913211841333315","52.442156462690335,9.933442989087833","WARNING","A37 | Beinhorn - Hannover-Kirchhorst"," Celle -> Hannover",NA,NA,NA,2025-05-20,"Beginn: 20.05.25 um 10:04 Uhr  Zusammengesetzte Verkehrsinformation, seit 20.05.2025, 10:04 B3: Celle -> Hannover, zwischen 0.4 km hinter AS Beinhorn und 2.1 km vor AK Hannover-Kirchhorst  A37 Messe - Burgdorf
zwischen Kreuz Hannover-Buchholz und Beinhorn
in beiden Richtungen geänderte Verkehrsführung im Baustellenbereich, Bauarbeiten, bis 30.10.2026 ca. 18:00 Uhr",52.4421564626903,9.93344298908783
"A37","undefined--vi-zus.2025-05-20_10-04-05-000.f_003.de0","52.42566547847685,9.880479425875153,52.44102213295518,9.93161290421946","52.42566547847685,9.880479425875153","WARNING","Baustelle"," km 22.62 --> km 26.54",NA,NA,NA,2025-05-20,"Beginn: 20.05.25 um 10:04 Uhr  Zusammengesetzte Verkehrsinformation, seit 20.05.2025, 10:04 A37: km 22.62 --> km 26.54  A37 Messe - Burgdorf
zwischen Kreuz Hannover-Buchholz und Beinhorn
in beiden Richtungen geänderte Verkehrsführung im Baustellenbereich, Bauarbeiten, bis 30.10.2026 ca. 18:00 Uhr",52.4256654784769,9.88047942587515
"A38","undefined--vi-zus.2025-05-21_03-48-00-000.f_001.de0","51.30911057522955,11.951839258323126,51.267998295067414,11.977364574952036","51.30911057522955,11.951839258323126","WARNING","A38 | Merseburg-Süd - Leuna"," Göttingen -> Halle",NA,NA,NA,2025-05-21,"Beginn: 21.05.25 um 03:48 Uhr  Zusammengesetzte Verkehrsinformation, seit 21.05.2025, 03:48 A38: Göttingen -> Halle, zwischen 0.2 km hinter AS Merseburg-Süd und 0.2 km vor AS Leuna  A38 Göttingen Richtung Halle zwischen Merseburg-Süd und Leuna Gefahr durch defekten LKW auf dem Standstreifen, fahren Sie bitte besonders vorsichtig auf allen Fahrstreifen, Polizei ist benachrichtigt",51.3091105752296,11.9518392583231
"A42","undefined--vi-unf.2025-05-21_01-44-00-000.f_003.de0","51.496937430162454,6.893009653046714,51.502284934075746,6.9303125383825055","51.496937430162454,6.893009653046714","WARNING","A42 | Oberhausen Neue Mitte - Bottrop-Süd"," Kamp-Lintfort -> Dortmund",NA,NA,NA,2025-05-21,"Beginn: 21.05.25 um 01:44 Uhr  Unfall, seit 21.05.2025, 01:44 A42: Kamp-Lintfort -> Dortmund, zwischen 0.2 km hinter AS Oberhausen Neue Mitte und 0.4 km vor AS Bottrop-Süd",51.4969374301625,6.89300965304671
"A44","undefined--vi-hind.2025-05-21_04-13-00-000.f.de0","51.579577958932404,8.724782434692587,51.54121970093317,8.835613099999955","51.579577958932404,8.724782434692587","WARNING","A44 | Wünnenberg-Haaren - Lichtenau (Westf.)"," Dortmund -> Kassel",NA,NA,NA,2025-05-21,"Beginn: 21.05.25 um 04:13 Uhr  Fahrzeug-Hindernis, seit 21.05.2025, 04:13 A44: Dortmund -> Kassel, zwischen 0.5 km hinter AK Wünnenberg-Haaren und 0.3 km vor AS Lichtenau (Westf.) Gefahr durch ein defektes Fahrzeug auf der Fahrbahn",51.5795779589324,8.72478243469259
"A44","undefined--vi-avl.2025-05-21_04-16-30-000.f_003.de0","51.537417793323655,8.858310401289124,51.53904126050612,8.84456566374133","51.537417793323655,8.858310401289124","WARNING","A44 | Blankenrode - Lichtenau (Westf.)"," Kassel -> Dortmund",0,"SLOW_TRAFFIC","69.0999984741211",2025-05-21,"Beginn: 21.05.25 um 04:16 Uhr  Angespannte Verkehrslage, seit 21.05.2025, 04:16 A44: Kassel -> Dortmund, zwischen 0.9 km hinter Blankenrode und 0.4 km vor AS Lichtenau (Westf.)  Langsamer Verkehr Reisezeitverlust: 0 Minuten Durchschnittsgeschwindigkeit: 69 km/h",51.5374177933237,8.85831040128912
"A44","undefined--vi-avl.2025-05-21_04-03-30-000.f_001.de0","51.5229859628018,8.919577839152597,51.53718207677032,8.871097289954246","51.5229859628018,8.919577839152597","WARNING","A44 | Marsberg - Blankenrode"," Kassel -> Dortmund",1,"SLOW_TRAFFIC","66.30000305175781",2025-05-21,"Beginn: 21.05.25 um 04:03 Uhr  Angespannte Verkehrslage, seit 21.05.2025, 04:03 A44: Kassel -> Dortmund, zwischen 3.0 km hinter AS Marsberg und Blankenrode  Langsamer Verkehr Reisezeitverlust: 1 Minuten Durchschnittsgeschwindigkeit: 66 km/h",51.5229859628018,8.9195778391526
"A57","undefined--vi-avl.2025-05-21_04-18-00-000.f.de0","51.00813353032684,6.876742826517489,51.01488319047487,6.867162938757397","51.00813353032684,6.876742826517489","WARNING","A57 | Köln-Chorweiler - Esch"," Köln -> Krefeld",0,"SLOW_TRAFFIC","53.20000076293945",2025-05-21,"Beginn: 21.05.25 um 04:18 Uhr  Angespannte Verkehrslage, seit 21.05.2025, 04:18 A57: Köln -> Krefeld, zwischen AS Köln-Chorweiler und 1.5 km vor Esch  Langsamer Verkehr Reisezeitverlust: 0 Minuten Durchschnittsgeschwindigkeit: 53 km/h",51.0081335303268,6.87674282651749
"A60","undefined--vi-avl.2025-05-21_03-35-30-000.f_001.de0","49.96982290872346,6.83495922200003,49.978952147347094,6.8100274892993236","49.96982290872346,6.83495922200003","WARNING","A60 | Fintenkapelle - Landscheid"," Wittlich -> Lüttich",1,"QUEUING_TRAFFIC","43.900001525878906",2025-05-21,"Beginn: 21.05.25 um 03:35 Uhr  Angespannte Verkehrslage, seit 21.05.2025, 03:35 A60: Wittlich -> Lüttich, zwischen 0.2 km hinter Fintenkapelle und 2.3 km vor AS Landscheid  Stockender Verkehr Reisezeitverlust: 1 Minuten Durchschnittsgeschwindigkeit: 43 km/h",49.9698229087235,6.83495922200003
"A60","undefined--vi-zus.2025-04-08_08-51-21-000.f_013.de0","49.98125533976677,8.345695317688524,49.97565770865279,8.441396718063045","49.98125533976677,8.345695317688524","WARNING","A60 | Mainspitz-Dreieck - Rüsselsheimer Dreieck"," Mainz -> Rüsselsheim",NA,NA,NA,2025-04-08,"Beginn: 08.04.25 um 08:51 Uhr  Zusammengesetzte Verkehrsinformation, seit 08.04.2025, 08:51 A60: Mainz -> Rüsselsheim, zwischen 0.5 km hinter AD Mainspitz-Dreieck und 2.2 km vor AD Rüsselsheimer Dreieck  Sperrung der A60 bei Königstädten – Grundhafte Fahrbahnerneuerung zwischen dem Rüsselsheimer Dreieck und dem Mainspitz Dreieck. Die Niederlassung West der Autobahn GmbH erneuert zwischen dem Rüsselsheimer Dreieck (30) und dem Mainspitz Dreieck (26) die Fahrbahn. Von Donnerstagmorgen (24. April) bis Mitte Juli wird die Anschlussstelle (AS) Königstädten (29) in Fahrtrichtung (FR) Mainz sowie in FR Rüsselsheimer Dreieck gesperrt. Umleitungsmöglichkeiten sind ausgeschildert: • Ausfahrt FR Mainz: Umleitung via AS Rüsselsheim-Mitte • Einfahrt FR Mainz: innerstädtische Umleitung zur AS Rüsselsheim-Mitte (Adam-Opel-Straße / Kurt-Schumacher-Ring), von Nauheim kommend via L3482 zur AS Bischofsheim • Einfahrt FR Darmstadt: innerstädtische Umleitung zur AS Rüsselsheim-Mitte (Adam-Opel-Straße / Kurt-Schumacher-Ring) Die Autobahn GmbH bittet alle Verkehrsteilnehmer um Verständnis für die unvermeidlichen Verkehrsbehinderungen, die durch die Arbeiten entstehen.",49.9812553397668,8.34569531768852
"A60","undefined--vi-zus.2025-05-03_10-55-00-000.f_003.de0","49.977457399447445,8.454646346787307,49.981587265039146,8.34517285786785","49.977457399447445,8.454646346787307","WARNING","A60 | Rüsselsheimer Dreieck - Mainspitz-Dreieck"," Rüsselsheim -> Mainz",NA,NA,NA,2025-05-03,"Beginn: 03.05.25 um 10:55 Uhr  Zusammengesetzte Verkehrsinformation, seit 03.05.2025, 10:55 A60: Rüsselsheim -> Mainz, zwischen 0.6 km hinter AD Rüsselsheimer Dreieck und 0.5 km vor AD Mainspitz-Dreieck  Sperrung der A60 bei Königstädten – Grundhafte Fahrbahnerneuerung zwischen dem Rüsselsheimer Dreieck und dem Mainspitz Dreieck. Die Niederlassung West der Autobahn GmbH erneuert zwischen dem Rüsselsheimer Dreieck (30) und dem Mainspitz Dreieck (26) die Fahrbahn. Von Donnerstagmorgen (24. April) bis Mitte Juli wird die Anschlussstelle (AS) Königstädten (29) in Fahrtrichtung (FR) Mainz sowie in FR Rüsselsheimer Dreieck gesperrt. Umleitungsmöglichkeiten sind ausgeschildert: • Ausfahrt FR Mainz: Umleitung via AS Rüsselsheim-Mitte • Einfahrt FR Mainz: innerstädtische Umleitung zur AS Rüsselsheim-Mitte (Adam-Opel-Straße / Kurt-Schumacher-Ring), von Nauheim kommend via L3482 zur AS Bischofsheim • Einfahrt FR Darmstadt: innerstädtische Umleitung zur AS Rüsselsheim-Mitte (Adam-Opel-Straße / Kurt-Schumacher-Ring) Die Autobahn GmbH bittet alle Verkehrsteilnehmer um Verständnis für die unvermeidlichen Verkehrsbehinderungen, die durch die Arbeiten entstehen.",49.9774573994474,8.45464634678731
"A61","undefined--vi-avl.2025-05-21_04-21-30-000.f_002.de0","49.93302787971479,7.89201381806038,49.92981232855078,7.877270667558833","49.93302787971479,7.89201381806038","WARNING","A61 | Trollmühle - Dorsheim"," Ludwigshafen -> Koblenz",0,"SLOW_TRAFFIC","52.900001525878906",2025-05-21,"Beginn: 21.05.25 um 04:21 Uhr  Angespannte Verkehrslage, seit 21.05.2025, 04:21 A61: Ludwigshafen -> Koblenz, zwischen 0.1 km hinter Trollmühle und 0.4 km vor AS Dorsheim  Langsamer Verkehr Reisezeitverlust: 0 Minuten Durchschnittsgeschwindigkeit: 52 km/h",49.9330278797148,7.89201381806038
"A62","undefined--vi-avl.2025-05-21_04-19-30-000.f_004.de0","49.539641179019135,7.283732051249649,49.54149790084635,7.26573674680935","49.539641179019135,7.283732051249649","WARNING","A62 | Reichweiler - Freisen"," Landstuhl -> Nonnweiler",0,"SLOW_TRAFFIC","71.30000305175781",2025-05-21,"Beginn: 21.05.25 um 04:19 Uhr  Angespannte Verkehrslage, seit 21.05.2025, 04:19 A62: Landstuhl -> Nonnweiler, zwischen 0.7 km hinter AS Reichweiler und 1.8 km vor AS Freisen  Langsamer Verkehr Reisezeitverlust: 0 Minuten Durchschnittsgeschwindigkeit: 71 km/h",49.5396411790191,7.28373205124965
"A64","undefined--vi-avl.2025-05-21_03-26-30-000.f_004.de0","49.73478482639886,6.516254509217547,49.74342691450032,6.554050691404385","49.73478482639886,6.516254509217547","WARNING","A64 | Sauertalbrücke - Markusberg"," Luxemburg -> Trier",2,"SLOW_TRAFFIC","49.79999923706055",2025-05-21,"Beginn: 21.05.25 um 03:26 Uhr  Angespannte Verkehrslage, seit 21.05.2025, 03:26 A64: Luxemburg -> Trier, zwischen 1.0 km hinter Sauertalbrücke und 2.3 km vor Markusberg  Langsamer Verkehr Reisezeitverlust: 2 Minuten Durchschnittsgeschwindigkeit: 49 km/h",49.7347848263989,6.51625450921755
"A70","undefined--vi-avl.2025-05-21_04-15-30-000.f_002.de0","49.98236884199692,11.050402909814881,49.98741609208229,11.104114939928685","49.98236884199692,11.050402909814881","WARNING","A70 | Scheßlitz - Roßdorf am Berg"," Bamberg -> Bayreuth",1,"SLOW_TRAFFIC","68.4000015258789",2025-05-21,"Beginn: 21.05.25 um 04:15 Uhr  Angespannte Verkehrslage, seit 21.05.2025, 04:15 A70: Bamberg -> Bayreuth, zwischen 0.4 km hinter AS Scheßlitz und 1.1 km vor AS Roßdorf am Berg  Langsamer Verkehr Reisezeitverlust: 1 Minuten Durchschnittsgeschwindigkeit: 68 km/h",49.9823688419969,11.0504029098149
"A72","undefined--vi-avl.2025-05-21_04-19-00-000.f.de0","50.35038226478977,11.856106756575663,50.34431536235231,11.84456870986578","50.35038226478977,11.856106756575663","WARNING","A72 | Hof/Töpen - Hof-Nord"," Plauen -> Hof",0,"SLOW_TRAFFIC","68.5999984741211",2025-05-21,"Beginn: 21.05.25 um 04:19 Uhr  Angespannte Verkehrslage, seit 21.05.2025, 04:19 A72: Plauen -> Hof, zwischen 3.4 km hinter AS Hof/Töpen und 1.0 km vor AS Hof-Nord  Langsamer Verkehr Reisezeitverlust: 0 Minuten Durchschnittsgeschwindigkeit: 68 km/h",50.3503822647898,11.8561067565757
"A72","undefined--vi-avl.2025-05-21_04-21-00-000.f_003.de0","50.52095795855669,12.23329938902189,50.5291557852342,12.244987075858777","50.52095795855669,12.23329938902189","WARNING","A72 | Neuensalz - Treuen"," Plauen -> Zwickau",0,"SLOW_TRAFFIC","62.599998474121094",2025-05-21,"Beginn: 21.05.25 um 04:21 Uhr  Angespannte Verkehrslage, seit 21.05.2025, 04:21 A72: Plauen -> Zwickau, zwischen 1.9 km hinter Neuensalz und 3.6 km vor AS Treuen  Langsamer Verkehr Reisezeitverlust: 0 Minuten Durchschnittsgeschwindigkeit: 62 km/h",50.5209579585567,12.2332993890219
"A72","undefined--vi-avl.2025-05-21_04-21-00-000.f_002.de0","50.658120175667094,12.505945026605511,50.65067810093853,12.492750400043956","50.658120175667094,12.505945026605511","WARNING","A72 | Zwickau-Ost - Niedercrinitz"," Zwickau -> Plauen",0,"SLOW_TRAFFIC","63",2025-05-21,"Beginn: 21.05.25 um 04:21 Uhr  Angespannte Verkehrslage, seit 21.05.2025, 04:21 A72: Zwickau -> Plauen, zwischen 6.3 km hinter AS Zwickau-Ost und 0.3 km vor Niedercrinitz  Langsamer Verkehr Reisezeitverlust: 0 Minuten Durchschnittsgeschwindigkeit: 63 km/h",50.6581201756671,12.5059450266055
"A81","undefined--vi-avl.2025-05-21_04-16-00-000.f_001.de0","48.933167076183835,9.185947320362098,48.94252528045907,9.195702275169458","48.933167076183835,9.185947320362098","WARNING","A81 | Ludwigsburg-Nord - Pleidelsheim"," Stuttgart -> Heilbronn",1,"QUEUING_TRAFFIC","33.29999923706055",2025-05-21,"Beginn: 21.05.25 um 04:16 Uhr  Angespannte Verkehrslage, seit 21.05.2025, 04:16 A81: Stuttgart -> Heilbronn, zwischen 2.6 km hinter AS Ludwigsburg-Nord und 2.5 km vor AS Pleidelsheim  Stockender Verkehr Reisezeitverlust: 1 Minuten Durchschnittsgeschwindigkeit: 33 km/h",48.9331670761838,9.1859473203621
"A81","undefined--vi-avl.2025-05-21_04-21-30-000.f.de0","48.933167076183835,9.185947320362098,48.933167076183835,9.185947320362098","48.933167076183835,9.185947320362098","WARNING","A81 | Pleidelsheim - Pleidelsheim"," Stuttgart -> Heilbronn",NA,"QUEUING_TRAFFIC","19",2025-05-21,"Beginn: 21.05.25 um 04:21 Uhr  Angespannte Verkehrslage, seit 21.05.2025, 04:21 A81: Stuttgart -> Heilbronn, 3.8 km vor AS Pleidelsheim, aus Richtung Ludwigsburg-Nord  Stockender Verkehr Durchschnittsgeschwindigkeit: 19 km/h",48.9331670761838,9.1859473203621
"A81","undefined--vi-avl.2025-05-21_04-16-30-000.f.de0","49.59456257390472,9.673068287609803,49.581069501244066,9.649714323144721","49.59456257390472,9.673068287609803","WARNING","A81 | Tauberbischofsheim - Ahorn"," Würzburg -> Heilbronn",1,"SLOW_TRAFFIC","66.9000015258789",2025-05-21,"Beginn: 21.05.25 um 04:19 Uhr  Angespannte Verkehrslage, seit 21.05.2025, 04:19 A81: Würzburg -> Heilbronn, zwischen 1.8 km hinter AS Tauberbischofsheim und 6.8 km vor AS Ahorn  Langsamer Verkehr Reisezeitverlust: 1 Minuten Durchschnittsgeschwindigkeit: 66 km/h",49.5945625739047,9.6730682876098
"A96","undefined--vi-zus.2025-05-05_23-21-00-000.f_001.de0","48.0253857914182,10.47548627447376,48.032507613258616,10.445182045778411","48.0253857914182,10.47548627447376","WARNING","A96 | Mindelheim - Stetten"," München -> Lindau",NA,NA,NA,2025-05-05,"Beginn: 05.05.25 um 23:21 Uhr  Zusammengesetzte Verkehrsinformation, seit 05.05.2025, 23:21 A96: München -> Lindau, zwischen 2.7 km hinter AS Mindelheim und 0.3 km vor AS Stetten  A96, Lindau - München, in beiden Richtungen, zwischen Anschlussstelle Stetten und Anschlussstelle Mindelheim, Brückenarbeiten, von 05.05.2025 bis 30.10.2025",48.0253857914182,10.4754862744738
"A96","undefined--vi-avl.2025-05-21_04-07-30-000.f_001.de0","48.02970680094772,10.668610600001585,48.026838611863106,10.683271039735942","48.02970680094772,10.668610600001585","WARNING","A96 | Wertachtal - Buchloe-West"," Lindau -> München",0,"SLOW_TRAFFIC","66.0999984741211",2025-05-21,"Beginn: 21.05.25 um 04:07 Uhr  Angespannte Verkehrslage, seit 21.05.2025, 04:07 A96: Lindau -> München, zwischen 1.0 km hinter Wertachtal und 2.0 km vor AS Buchloe-West  Langsamer Verkehr Reisezeitverlust: 0 Minuten Durchschnittsgeschwindigkeit: 66 km/h",48.0297068009477,10.6686106000016
"A113","undefined--vi-zus.2025-05-06_00-21-00-000.f_003.de0","52.43025717661688,13.505075428607936,52.42875800093087,13.509218300121121","52.43025717661688,13.505075428607936","WARNING","A113 | Stubenrauchstraße - Adlershof"," Neukölln -> Schönefeld",NA,NA,NA,2025-05-06,"Beginn: 06.05.25 um 00:21 Uhr  Zusammengesetzte Verkehrsinformation, seit 06.05.2025, 00:21 A113: Neukölln -> Schönefeld, zwischen 0.6 km hinter AS Stubenrauchstraße und 0.3 km vor AS Adlershof  A113 Autobahnzubringer Dresden, Neukölln Richtung Schönefeld
zwischen Stubenrauchstraße und Tunnel Rudower Höhe
linker Fahrstreifen gesperrt, Bauarbeiten, bis voraussichtlich 20.06.2025",52.4302571766169,13.5050754286079
"A115","undefined--vi-zus.2024-10-09_07-09-40-000.f_531.de0","52.40027056808641,13.185163736426698,52.44227384698058,13.202709435405149","52.40027056808641,13.185163736426698","WARNING","A115 | Am Stern - Hüttenweg"," Dreieck Nuthetal -> Dreieck Funkturm",NA,NA,NA,2024-10-09,"Beginn: 09.10.24 um 07:09 Uhr  Zusammengesetzte Verkehrsinformation, seit 09.10.2024, 07:09 A115: Dreieck Nuthetal -> Dreieck Funkturm, zwischen 2.9 km hinter Am Stern und 3.8 km vor AS Hüttenweg  A115 Autobahnzubringer Magdeburg, Dreieck Nuthetal Richtung Dreieck Funkturm, zwischen Anschlussstelle Kleinmachnow und Anschlussstelle Spanische Allee, Baustelle, bis 31.10.2026 17:00 Uhr",52.4002705680864,13.1851637364267
"A571","undefined--vi-avl.2025-05-21_04-12-30-000.f_001.de0","50.542571897533826,7.196894652304226,50.52974360093869,7.188450999997959","50.542571897533826,7.196894652304226","WARNING","A571 | Ehlingen - Sinzig"," Ehlingen -> Sinzig",0,"SLOW_TRAFFIC","53.70000076293945",2025-05-21,"Beginn: 21.05.25 um 04:12 Uhr  Angespannte Verkehrslage, seit 21.05.2025, 04:12 A571: Ehlingen -> Sinzig, zwischen 0.1 km hinter AS Ehlingen und 0.3 km vor AD Sinzig  Langsamer Verkehr Reisezeitverlust: 0 Minuten Durchschnittsgeschwindigkeit: 53 km/h",50.5425718975338,7.19689465230423
