"road","identifier","extent","point","display_type","title","subtitle","delay_minutes","abnormalTrafficType","averageSpeed","startTimestamp","description","latitude","longitude"
"A1","undefined--vi-avl.2025-05-22_19-28-08-000.f_002.de0","53.02280037076761,8.798020674597229,53.031998737770834,8.865862565211978","53.02280037076761,8.798020674597229","WARNING","A1 | Stuhr - Bremen-Hemelingen"," Osnabrück -> Bremen",19,"STATIONARY_TRAFFIC","13.100000381469727",2025-05-22,"Beginn: 22.05.25 um 19:28 Uhr  Angespannte Verkehrslage, seit 22.05.2025, 19:28 A1: Osnabrück -> Bremen, zwischen 6.7 km hinter AD Stuhr und 1.6 km vor AS Bremen-Hemelingen  Im Stillstand Reisezeitverlust: 19 Minuten Durchschnittsgeschwindigkeit: 13 km/h",53.0228003707676,8.79802067459723
"A1","undefined--vi-avl.2025-05-22_19-38-31-000.f_005.de0","53.022815356040404,8.79816767503832,53.022815356040404,8.79816767503832","53.022815356040404,8.79816767503832","WARNING","A1 | Bremen/Brinkum - Bremen/Brinkum"," Osnabrück -> Bremen",NA,"STATIONARY_TRAFFIC","13",2025-05-22,"Beginn: 22.05.25 um 22:06 Uhr  Angespannte Verkehrslage, seit 22.05.2025, 22:06 A1: Osnabrück -> Bremen, 0.3 km vor AS Bremen/Brinkum, aus Richtung Stuhr  Im Stillstand Durchschnittsgeschwindigkeit: 13 km/h",53.0228153560404,8.79816767503832
"A1","undefined--vi-hind.2025-05-22_22-03-00-000.f_001.de0","53.50929678257153,10.057088901590378,53.50929678257153,10.057088901590378","53.50929678257153,10.057088901590378","WARNING","A1 | Hamburg-Norderelbe - Hamburg-Südost"," Hamburg -> Lübeck",NA,NA,NA,2025-05-22,"Beginn: 22.05.25 um 22:03 Uhr  Fahrzeug-Hindernis, seit 22.05.2025, 22:03 A1: Hamburg -> Lübeck, zwischen 1.2 km hinter AK Hamburg-Norderelbe und 1.2 km vor AD Hamburg-Südost",53.5092967825715,10.0570889015904
"A1","undefined--vi-hind.2025-05-22_22-03-00-000.f.de0","53.509302500919404,10.063278300000514,53.5094444127468,10.056993241326454","53.509302500919404,10.063278300000514","WARNING","A1 | Hamburg-Südost - Hamburg-Norderelbe"," Lübeck -> Hamburg",NA,NA,NA,2025-05-22,"Beginn: 22.05.25 um 22:03 Uhr  Fahrzeug-Hindernis, seit 22.05.2025, 22:03 A1: Lübeck -> Hamburg, zwischen 1.2 km hinter AD Hamburg-Südost und 1.4 km vor AK Hamburg-Norderelbe",53.5093025009194,10.0632783000005
"A2","undefined--vi-avl.2025-05-22_19-42-30-000.f_005.de0","51.5386298801034,6.843310174342619,51.5389614603893,6.871131056553312","51.5386298801034,6.843310174342619","WARNING","A2 | Oberhausen - Schwarze Heide"," Oberhausen -> Dortmund",7,"STATIONARY_TRAFFIC","12.699999809265137",2025-05-22,"Beginn: 22.05.25 um 19:42 Uhr  Angespannte Verkehrslage, seit 22.05.2025, 19:42 A2: Oberhausen -> Dortmund, zwischen 0.6 km hinter AK Oberhausen und 1.0 km vor Schwarze Heide  Im Stillstand Reisezeitverlust: 7 Minuten Durchschnittsgeschwindigkeit: 12 km/h",51.5386298801034,6.84331017434262
"A2","undefined--vi-avl.2025-05-22_19-42-30-000.f_006.de0","51.5386298801034,6.843310174342619,51.5386298801034,6.843310174342619","51.5386298801034,6.843310174342619","WARNING","A2 | Oberhausen-Königshardt - Oberhausen-Königshardt"," Oberhausen -> Dortmund",NA,"STATIONARY_TRAFFIC","5",2025-05-22,"Beginn: 22.05.25 um 22:06 Uhr  Angespannte Verkehrslage, seit 22.05.2025, 22:06 A2: Oberhausen -> Dortmund, 1.8 km vor AS Oberhausen-Königshardt, aus Richtung Oberhausen  Im Stillstand Durchschnittsgeschwindigkeit: 5 km/h",51.5386298801034,6.84331017434262
"A2","undefined--vi-avl.2025-05-22_20-56-30-000.f.de0","52.31296959744651,10.563544141835283,52.309839344497064,10.608182438424713","52.31296959744651,10.563544141835283","WARNING","A2 | Braunschweig-Flughafen - Braunschweig-Ost"," Braunschweig -> Magdeburg",4,"STATIONARY_TRAFFIC","33.599998474121094",2025-05-22,"Beginn: 22.05.25 um 20:56 Uhr  Angespannte Verkehrslage, seit 22.05.2025, 20:56 A2: Braunschweig -> Magdeburg, zwischen 0.3 km hinter AS Braunschweig-Flughafen und 1.4 km vor AS Braunschweig-Ost  Im Stillstand Reisezeitverlust: 4 Minuten Durchschnittsgeschwindigkeit: 33 km/h",52.3129695974465,10.5635441418353
"A2","undefined--vi-avl.2025-05-22_22-00-30-000.f.de0","52.21663141256684,11.079280084566012,52.21663141256684,11.079280084566012","52.21663141256684,11.079280084566012","WARNING","A2 | Marienborn/Helmstedt - Marienborn/Helmstedt"," Magdeburg -> Braunschweig",NA,"STATIONARY_TRAFFIC","20",2025-05-22,"Beginn: 22.05.25 um 22:06 Uhr  Angespannte Verkehrslage, seit 22.05.2025, 22:06 A2: Magdeburg -> Braunschweig, 0.2 km vor AS Marienborn/Helmstedt, aus Richtung Marienborn  Im Stillstand Durchschnittsgeschwindigkeit: 20 km/h",52.2166314125668,11.079280084566
"A2","undefined--vi-avl.2025-05-22_22-00-00-000.f.de0","52.21663141256684,11.079280084566012,52.22379928465744,11.046201997215162","52.21663141256684,11.079280084566012","WARNING","A2 | Marienborn - Waldkater"," Magdeburg -> Braunschweig",4,"STATIONARY_TRAFFIC","24.600000381469727",2025-05-22,"Beginn: 22.05.25 um 22:00 Uhr  Angespannte Verkehrslage, seit 22.05.2025, 22:00 A2: Magdeburg -> Braunschweig, zwischen 0.2 km hinter Marienborn und 0.1 km vor Waldkater  Im Stillstand Reisezeitverlust: 4 Minuten Durchschnittsgeschwindigkeit: 24 km/h",52.2166314125668,11.079280084566
"A2","undefined--vi-avl.2025-05-22_22-00-30-000.f_002.de0","52.20053439058491,11.233370643625753,52.20053439058491,11.233370643625753","52.20053439058491,11.233370643625753","WARNING","A2 | Alleringersleben - Alleringersleben"," Magdeburg -> Braunschweig",NA,"STATIONARY_TRAFFIC","20",2025-05-22,"Beginn: 22.05.25 um 22:06 Uhr  Angespannte Verkehrslage, seit 22.05.2025, 22:06 A2: Magdeburg -> Braunschweig, 6.9 km vor AS Alleringersleben, aus Richtung Lorkberg  Im Stillstand Durchschnittsgeschwindigkeit: 20 km/h",52.2005343905849,11.2333706436258
"A2","undefined--vi-avl.2025-05-22_19-00-23-000.f_002.de0","52.20053439058491,11.233370643625753,52.20228938075994,11.197226642778928","52.20053439058491,11.233370643625753","WARNING","A2 | Lorkberg - Alleringersleben"," Magdeburg -> Braunschweig",5,"STATIONARY_TRAFFIC","20.100000381469727",2025-05-22,"Beginn: 22.05.25 um 19:00 Uhr  Angespannte Verkehrslage, seit 22.05.2025, 19:00 A2: Magdeburg -> Braunschweig, zwischen 0.9 km hinter Lorkberg und 4.4 km vor AS Alleringersleben  Im Stillstand Reisezeitverlust: 5 Minuten Durchschnittsgeschwindigkeit: 20 km/h",52.2005343905849,11.2333706436258
"A2","undefined--vi-hind.2025-05-22_21-52-30-000.f_001.de0","52.23343463759924,11.898996042036769,52.23316420092891,11.896144400014528","52.23343463759924,11.898996042036769","WARNING","A2 | Ihlegrund - Burg-Ost"," Berliner Ring -> Magdeburg",NA,NA,NA,2025-05-22,"Beginn: 22.05.25 um 21:52 Uhr  Fahrzeug-Hindernis, seit 22.05.2025, 21:52 A2: Berliner Ring -> Magdeburg, zwischen 4.7 km hinter Ihlegrund und 0.3 km vor AS Burg-Ost Gefahr durch ein defektes Fahrzeug auf der Fahrbahn",52.2334346375992,11.8989960420368
"A3","undefined--vi-avl.2025-05-22_21-02-30-000.f_001.de0","48.562617604313054,13.3860306036162,48.5720536322638,13.372408102312967","48.562617604313054,13.3860306036162","WARNING","A3 | Hammerbach - Donautal"," Passau -> Nürnberg",0,"SLOW_TRAFFIC","59.900001525878906",2025-05-22,"Beginn: 22.05.25 um 21:02 Uhr  Angespannte Verkehrslage, seit 22.05.2025, 21:02 A3: Passau -> Nürnberg, zwischen 0.4 km hinter Hammerbach und 2.1 km vor Donautal  Langsamer Verkehr Reisezeitverlust: 0 Minuten Durchschnittsgeschwindigkeit: 59 km/h",48.5626176043131,13.3860306036162
"A3","undefined--vi-avl.2025-05-22_22-03-30-000.f.de0","48.61184124273176,13.362096011792596,48.62422114514312,13.338988036115635","48.61184124273176,13.362096011792596","WARNING","A3 | Passau-Nord - Jägerhölzl"," Passau -> Nürnberg",1,"SLOW_TRAFFIC","60.70000076293945",2025-05-22,"Beginn: 22.05.25 um 22:03 Uhr  Angespannte Verkehrslage, seit 22.05.2025, 22:03 A3: Passau -> Nürnberg, zwischen 0.9 km hinter AS Passau-Nord und 3.5 km vor Jägerhölzl  Langsamer Verkehr Reisezeitverlust: 1 Minuten Durchschnittsgeschwindigkeit: 60 km/h",48.6118412427318,13.3620960117926
"A3","undefined--vi-avl.2025-05-22_20-45-00-000.f_001.de0","48.761706277938146,13.059781314762354,48.77183151112359,13.038934640158246","48.761706277938146,13.059781314762354","WARNING","A3 | Manzing - Seebach"," Passau -> Nürnberg",0,"SLOW_TRAFFIC","61.20000076293945",2025-05-22,"Beginn: 22.05.25 um 20:45 Uhr  Angespannte Verkehrslage, seit 22.05.2025, 20:45 A3: Passau -> Nürnberg, zwischen 0.7 km hinter Manzing und 2.8 km vor Seebach  Langsamer Verkehr Reisezeitverlust: 0 Minuten Durchschnittsgeschwindigkeit: 61 km/h",48.7617062779381,13.0597813147624
"A3","undefined--vi-avl.2025-05-22_21-48-30-000.f.de0","49.78035734951061,10.232342389394793,49.783873014967504,10.200065640286978","49.78035734951061,10.232342389394793","WARNING","A3 | Haidt - Hunnenhügel"," Nürnberg -> Würzburg",3,"QUEUING_TRAFFIC","31.700000762939453",2025-05-22,"Beginn: 22.05.25 um 21:48 Uhr  Angespannte Verkehrslage, seit 22.05.2025, 21:48 A3: Nürnberg -> Würzburg, zwischen 0.9 km hinter Haidt und 1.3 km vor Hunnenhügel  Stockender Verkehr Reisezeitverlust: 3 Minuten Durchschnittsgeschwindigkeit: 31 km/h",49.7803573495106,10.2323423893948
"A3","undefined--vi-avl.2025-05-22_22-04-30-000.f_003.de0","49.780359360640624,10.232286920731351,49.780359360640624,10.232286920731351","49.780359360640624,10.232286920731351","WARNING","A3 | Kitzingen/Schwarzach - Kitzingen/Schwarzach"," Nürnberg -> Würzburg",NA,"QUEUING_TRAFFIC","19",2025-05-22,"Beginn: 22.05.25 um 22:06 Uhr  Angespannte Verkehrslage, seit 22.05.2025, 22:06 A3: Nürnberg -> Würzburg, 1.7 km vor AS Kitzingen/Schwarzach, aus Richtung Haidt  Stockender Verkehr Durchschnittsgeschwindigkeit: 19 km/h",49.7803593606406,10.2322869207314
"A3","undefined--vi-avl.2025-05-22_21-41-30-000.f_001.de0","49.74879474216371,9.845103594651107,49.74879474216371,9.845103594651107","49.74879474216371,9.845103594651107","WARNING","A3 | Würzburg-Heidingsfeld - Würzburg-Heidingsfeld"," Frankfurt -> Würzburg",NA,"STATIONARY_TRAFFIC","21",2025-05-22,"Beginn: 22.05.25 um 22:06 Uhr  Angespannte Verkehrslage, seit 22.05.2025, 22:06 A3: Frankfurt -> Würzburg, 6.3 km vor AS Würzburg-Heidingsfeld, aus Richtung Würzburg/Kist  Im Stillstand Durchschnittsgeschwindigkeit: 21 km/h",49.7487947421637,9.84510359465111
"A3","undefined--vi-zus.2025-05-22_21-06-30-000.f.de0","49.74877743162368,9.84526800521305,49.7491864064456,9.88872952485159","49.74877743162368,9.84526800521305","WARNING","A3 | Würzburg/Kist - Würzburg-Heidingsfeld"," Frankfurt -> Würzburg",7,"STATIONARY_TRAFFIC","20.799999237060547",2025-05-22,"Beginn: 22.05.25 um 21:06 Uhr  Zusammengesetzte Verkehrsinformation, seit 22.05.2025, 21:06 A3: Frankfurt -> Würzburg, zwischen AS Würzburg/Kist und 3.0 km vor AS Würzburg-Heidingsfeld  Im Stillstand Reisezeitverlust: 7 Minuten Durchschnittsgeschwindigkeit: 20 km/h",49.7487774316237,9.84526800521305
"A3","undefined--vi-hind.2025-05-22_21-37-00-000.f_001.de0","49.991534025519144,9.082757533950018,49.991139900941164,9.17131260000005","49.991534025519144,9.082757533950018","WARNING","A3 | Aschaffenburg - Einhausung West"," Frankfurt -> Würzburg",NA,NA,NA,2025-05-22,"Beginn: 22.05.25 um 21:37 Uhr  Fahrzeug-Hindernis, seit 22.05.2025, 21:37 A3: Frankfurt -> Würzburg, zwischen 0.6 km hinter AS Aschaffenburg und 1.4 km vor Einhausung West Gefahr durch ein defektes Fahrzeug auf der Fahrbahn",49.9915340255191,9.08275753395002
"A3","undefined--vi-hind.2025-05-22_20-22-30-000.f_012.de0","50.028516101261786,8.467805754156764,50.05078182217907,8.392346174137321","50.028516101261786,8.467805754156764","WARNING","A3 | Raunheim - Wiesbadener Kreuz"," Frankfurt -> Köln",NA,NA,NA,2025-05-22,"Beginn: 22.05.25 um 20:22 Uhr  Fahrzeug-Hindernis, seit 22.05.2025, 20:22 A3: Frankfurt -> Köln, zwischen 0.6 km hinter AS Raunheim und 0.6 km vor AK Wiesbadener Kreuz",50.0285161012618,8.46780575415676
"A3","undefined--vi-hind.2025-05-22_21-12-00-000.f_002.de0","50.14359053618275,8.327748230040363,50.05958560094088,8.384466699999832","50.14359053618275,8.327748230040363","WARNING","A3 | Theißtal - Wiesbadener Kreuz"," Köln -> Frankfurt",NA,NA,NA,2025-05-22,"Beginn: 22.05.25 um 21:12 Uhr  Fahrzeug-Hindernis, seit 22.05.2025, 21:12 A3: Köln -> Frankfurt, zwischen 3.6 km hinter Theißtal und 0.5 km vor AK Wiesbadener Kreuz",50.1435905361827,8.32774823004036
"A4","undefined--vi-avl.2025-05-22_22-05-00-000.f_001.de0","50.89834777115376,6.909420141071549,50.891618938001756,6.924295559226965","50.89834777115376,6.909420141071549","WARNING","A4 | Köln-Klettenberg - Köln-Eifeltor"," Heerlen/Aachen -> Köln",0,"SLOW_TRAFFIC","60.20000076293945",2025-05-22,"Beginn: 22.05.25 um 22:05 Uhr  Angespannte Verkehrslage, seit 22.05.2025, 22:05 A4: Heerlen/Aachen -> Köln, zwischen AS Köln-Klettenberg und 0.1 km vor AS Köln-Eifeltor  Langsamer Verkehr Reisezeitverlust: 0 Minuten Durchschnittsgeschwindigkeit: 60 km/h",50.8983477711538,6.90942014107155
"A4","undefined--vi-hind.2025-05-22_20-56-30-000.f_001.de0","50.89708170509444,10.967265451285684,50.905583600936744,11.008554600003075","50.89708170509444,10.967265451285684","WARNING","A4 | Kreuz Erfurt - Willrodaer Forst"," Erfurt -> Chemnitz",NA,NA,NA,2025-05-22,"Beginn: 22.05.25 um 20:56 Uhr  Fahrzeug-Hindernis, seit 22.05.2025, 20:56 A4: Erfurt -> Chemnitz, zwischen 0.9 km hinter AK Kreuz Erfurt und 4.6 km vor Willrodaer Forst Gefahr durch ein defektes Fahrzeug auf der Fahrbahn",50.8970817050944,10.9672654512857
"A4","undefined--vi-hind.2025-05-22_20-06-00-000.f_004.de0","50.88446160093708,12.15258750002558,50.87178961556164,12.221168510373618","50.88446160093708,12.15258750002558","WARNING","A4 | Gera-Leumnitz - Ronneburg"," Erfurt -> Chemnitz",NA,NA,NA,2025-05-22,"Beginn: 22.05.25 um 20:06 Uhr  Fahrzeug-Hindernis, seit 22.05.2025, 20:06 A4: Erfurt -> Chemnitz, zwischen 0.2 km hinter AS Gera-Leumnitz und 0.5 km vor AS Ronneburg Gefahr durch ein defektes Fahrzeug auf der Fahrbahn",50.8844616009371,12.1525875000256
"A5","undefined--vi-hind.2025-05-22_22-03-00-000.f_002.de0","48.96779912603572,8.426862628624372,48.96148190094514,8.41002129999987","48.96779912603572,8.426862628624372","WARNING","A5 | Karlsruhe - Ettlingen"," Heidelberg -> Basel",NA,NA,NA,2025-05-22,"Beginn: 22.05.25 um 22:03 Uhr  Fahrzeug-Hindernis, seit 22.05.2025, 22:03 A5: Heidelberg -> Basel, zwischen 1.1 km hinter AD Karlsruhe und 0.3 km vor AS Ettlingen Gefahr durch ein defektes Fahrzeug auf der Fahrbahn",48.9677991260357,8.42686262862437
"A5","undefined--vi-avl.2025-05-22_20-05-30-000.f_007.de0","50.64664231146143,8.999075900589563,50.6754481440735,9.027689095711098","50.64664231146143,8.999075900589563","WARNING","A5 | Homberg (Ohm) - Krachgarten"," Frankfurt -> Kassel",12,"STATIONARY_TRAFFIC","16.399999618530273",2025-05-22,"Beginn: 22.05.25 um 20:05 Uhr  Angespannte Verkehrslage, seit 22.05.2025, 20:05 A5: Frankfurt -> Kassel, zwischen 0.6 km hinter AS Homberg (Ohm) und 8.1 km vor Krachgarten  Im Stillstand Reisezeitverlust: 12 Minuten Durchschnittsgeschwindigkeit: 16 km/h",50.6466423114614,8.99907590058956
"A5","undefined--vi-avl.2025-05-22_20-05-30-000.f_005.de0","50.64664231146143,8.999075900589563,50.64664231146143,8.999075900589563","50.64664231146143,8.999075900589563","WARNING","A5 | Krachgarten - Krachgarten"," Frankfurt -> Kassel",NA,"STATIONARY_TRAFFIC","16",2025-05-22,"Beginn: 22.05.25 um 22:06 Uhr  Angespannte Verkehrslage, seit 22.05.2025, 22:06 A5: Frankfurt -> Kassel, 12.0 km vor Krachgarten, aus Richtung Homberg (Ohm)  Im Stillstand Durchschnittsgeschwindigkeit: 16 km/h",50.6466423114614,8.99907590058956
"A6","undefined--vi-zus.2025-05-22_21-31-30-000.f.de0","49.19952124534613,9.09118887887943,49.19041612670076,9.114693854615814","49.19952124534613,9.09118887887943","WARNING","A6 | Bad Rappenau - Heilbronn/Untereisesheim"," Mannheim -> Heilbronn",2,"STATIONARY_TRAFFIC","34.099998474121094",2025-05-22,"Beginn: 22.05.25 um 21:31 Uhr  Zusammengesetzte Verkehrsinformation, seit 22.05.2025, 21:31 A6: Mannheim -> Heilbronn, zwischen 1.7 km hinter AS Bad Rappenau und 6.5 km vor AS Heilbronn/Untereisesheim  Im Stillstand Reisezeitverlust: 2 Minuten Durchschnittsgeschwindigkeit: 34 km/h",49.1995212453461,9.09118887887943
"A6","undefined--vi-hind.2025-05-22_21-55-30-000.f_001.de0","49.20125960094429,9.68633460000017,49.18565100094434,9.735251300000186","49.20125960094429,9.68633460000017","WARNING","A6 | Hohenlohe - Schwäbisch Hall"," Heilbronn -> Nürnberg",NA,NA,NA,2025-05-22,"Beginn: 22.05.25 um 21:55 Uhr  Fahrzeug-Hindernis, seit 22.05.2025, 21:55 A6: Heilbronn -> Nürnberg, zwischen 3.5 km hinter Hohenlohe und 0.3 km vor AS Schwäbisch Hall Gefahr durch ein defektes Fahrzeug auf der Fahrbahn",49.2012596009443,9.68633460000017
"A6","undefined--vi-avl.2025-05-22_21-24-00-000.f_001.de0","49.17708934790772,9.96400731907023,49.17834636507958,10.031078925777432","49.17708934790772,9.96400731907023","WARNING","A6 | Kirchberg - Crailsheim"," Heilbronn -> Nürnberg",2,"SLOW_TRAFFIC","62.79999923706055",2025-05-22,"Beginn: 22.05.25 um 21:24 Uhr  Angespannte Verkehrslage, seit 22.05.2025, 21:24 A6: Heilbronn -> Nürnberg, zwischen 0.2 km hinter AS Kirchberg und 3.1 km vor AS Crailsheim  Langsamer Verkehr Reisezeitverlust: 2 Minuten Durchschnittsgeschwindigkeit: 62 km/h",49.1770893479077,9.96400731907023
"A7","undefined--vi-zus.2025-05-22_22-04-00-000.f.de0","47.572965577642115,10.660922982282756,47.57469505334786,10.661536794342041","47.572965577642115,10.660922982282756","WARNING","A7 | Grenztunnel Füssen - Reinertshofertunnel"," Füssen/Reutte -> Ulm",0,"STATIONARY_TRAFFIC","13.199999809265137",2025-05-22,"Beginn: 22.05.25 um 22:04 Uhr  Zusammengesetzte Verkehrsinformation, seit 22.05.2025, 22:04 A7: Füssen/Reutte -> Ulm, zwischen 1.6 km hinter Grenztunnel Füssen und 3.0 km vor Reinertshofertunnel  Im Stillstand Reisezeitverlust: 0 Minuten Durchschnittsgeschwindigkeit: 13 km/h",47.5729655776421,10.6609229822828
"A7","undefined--vi-avl.2025-05-22_21-28-00-000.f.de0","47.629506050197506,10.601875554865249,47.62854032886443,10.586606678743902","47.629506050197506,10.601875554865249","WARNING","A7 | Reinertshofertunnel - Nesselwang"," Füssen/Reutte -> Ulm",0,"SLOW_TRAFFIC","65.0999984741211",2025-05-22,"Beginn: 22.05.25 um 21:28 Uhr  Angespannte Verkehrslage, seit 22.05.2025, 21:28 A7: Füssen/Reutte -> Ulm, zwischen 7.2 km hinter Reinertshofertunnel und 4.8 km vor AS Nesselwang  Langsamer Verkehr Reisezeitverlust: 0 Minuten Durchschnittsgeschwindigkeit: 65 km/h",47.6295060501975,10.6018755548652
"A7","undefined--vi-avl.2025-05-22_20-50-00-000.f.de0","47.62646919745856,10.642707459366537,47.618745258683916,10.661400924990415","47.62646919745856,10.642707459366537","WARNING","A7 | Nesselwang - Reinertshofertunnel"," Ulm -> Füssen/Reutte",0,"SLOW_TRAFFIC","62.900001525878906",2025-05-22,"Beginn: 22.05.25 um 20:50 Uhr  Angespannte Verkehrslage, seit 22.05.2025, 20:50 A7: Ulm -> Füssen/Reutte, zwischen 9.1 km hinter AS Nesselwang und 2.1 km vor Reinertshofertunnel  Langsamer Verkehr Reisezeitverlust: 0 Minuten Durchschnittsgeschwindigkeit: 62 km/h",47.6264691974586,10.6427074593665
"A7","undefined--vi-hind.2025-05-22_22-02-30-000.f.de0","53.35058564804535,10.038116655903693,53.35157217921119,10.038010259530633","53.35058564804535,10.038116655903693","WARNING","A7 | Seevetal - Horster Dreieck"," Hannover -> Hamburg",NA,NA,NA,2025-05-22,"Beginn: 22.05.25 um 22:02 Uhr  Fahrzeug-Hindernis, seit 22.05.2025, 22:02 A7: Hannover -> Hamburg, zwischen 0.3 km hinter Seevetal und 3.6 km vor AD Horster Dreieck Gefahr durch ein defektes Fahrzeug auf der Fahrbahn",53.3505856480454,10.0381166559037
"A7","undefined--vi-zus.2025-03-31_00-40-00-000.f_018.de0","53.579141433849884,9.913430072127355,53.55636870091902,9.897540700000414","53.579141433849884,9.913430072127355","WARNING","A7 | Hamburg-Volkspark - Elbtunnel (Nordportal)"," Flensburg -> Hamburg",NA,NA,NA,2025-03-31,"Beginn: 31.03.25 um 00:40 Uhr  Zusammengesetzte Verkehrsinformation, seit 31.03.2025, 00:40 A7: Flensburg -> Hamburg, zwischen 0.4 km hinter AS Hamburg-Volkspark und 0.9 km vor Elbtunnel (Nordportal)  A7 Flensburg Richtung Hamburg Ausfahrt Hamburg-Othmarschen Fahrbahnverengung, maximale Fahrbahnbreite von 4,50 m, Bauarbeiten, bis 29.09.2025",53.5791414338499,9.91343007212735
"A7","undefined--vi-avl.2025-05-22_20-21-30-000.f_006.de0","54.804956120681226,9.328584387866814,54.804956120681226,9.328584387866814","54.804956120681226,9.328584387866814","WARNING","A7 | Ellund - Ellund"," Flensburg -> Hamburg",NA,"QUEUING_TRAFFIC","15",2025-05-22,"Beginn: 22.05.25 um 22:06 Uhr  Angespannte Verkehrslage, seit 22.05.2025, 22:06 A7: Flensburg -> Hamburg, 0.1 km vor Ellund, aus Richtung Ellund  Stockender Verkehr Durchschnittsgeschwindigkeit: 15 km/h",54.8049561206812,9.32858438786681
"A7","undefined--vi-avl.2025-05-22_20-15-00-000.f_001.de0","54.8049820054157,9.328571338481932,54.79935473438442,9.331428547658858","54.8049820054157,9.328571338481932","WARNING","A7 | Ellund - Flensburg/Harrislee"," Flensburg -> Hamburg",1,"QUEUING_TRAFFIC","25.5",2025-05-22,"Beginn: 22.05.25 um 20:15 Uhr  Angespannte Verkehrslage, seit 22.05.2025, 20:15 A7: Flensburg -> Hamburg, zwischen 0.1 km hinter Ellund und 3.1 km vor AS Flensburg/Harrislee  Stockender Verkehr Reisezeitverlust: 1 Minuten Durchschnittsgeschwindigkeit: 25 km/h",54.8049820054157,9.32857133848193
"A8","undefined--vi-zus.2025-03-26_17-59-56-000.f_013.de0","49.32575278791285,7.172731755291576,49.327350714671546,7.213275819282444","49.32575278791285,7.172731755291576","WARNING","A8 | Neunkirchen/Spiesen - Kohlhof"," Saarlouis -> Neunkirchen",NA,NA,NA,2025-03-26,"Beginn: 26.03.25 um 17:59 Uhr  Zusammengesetzte Verkehrsinformation, seit 26.03.2025, 17:59 A8: Saarlouis -> Neunkirchen, zwischen 1.5 km hinter AS Neunkirchen/Spiesen und 1.0 km vor Kohlhof  A8 Saarlouis - Neunkirchen zwischen Neunkirchen-Spiesen und Neunkirchen-Oberstadt in beiden Richtungen Bauarbeiten, bis voraussichtlich 01.06.2025",49.3257527879128,7.17273175529158
"A8","undefined--vi-zus.2025-05-14_09-26-56-000.f.de0","49.32628400979037,7.229641516813452,49.329166750017514,7.1882642393148934","49.32628400979037,7.229641516813452","WARNING","A8 | Neunkirchen-Wellesweiler - Neunkirchen/Spiesen"," Neunkirchen -> Saarlouis",NA,NA,NA,2025-05-14,"Beginn: 14.05.25 um 09:26 Uhr  Zusammengesetzte Verkehrsinformation, seit 14.05.2025, 09:26 A8: Neunkirchen -> Saarlouis, zwischen 0.4 km hinter AS Neunkirchen-Wellesweiler und 2.7 km vor AS Neunkirchen/Spiesen  A8 Saarlouis - Neunkirchen zwischen Neunkirchen-Spiesen und Neunkirchen-Oberstadt in beiden Richtungen Bauarbeiten, bis voraussichtlich 01.06.2025",49.3262840097904,7.22964151681345
"A8","undefined--vi-avl.2025-05-22_19-56-00-000.f.de0","48.91544600094525,8.763377799999953,48.86548907861083,8.792132653707522","48.91544600094525,8.763377799999953","WARNING","A8 | Pforzheim-Nord - Heimsheim"," Karlsruhe -> Stuttgart",21,"STATIONARY_TRAFFIC","14.199999809265137",2025-05-22,"Beginn: 22.05.25 um 19:56 Uhr  Angespannte Verkehrslage, seit 22.05.2025, 19:56 A8: Karlsruhe -> Stuttgart, zwischen 4.0 km hinter AS Pforzheim-Nord und 7.4 km vor AS Heimsheim  Im Stillstand Reisezeitverlust: 21 Minuten Durchschnittsgeschwindigkeit: 14 km/h",48.9154460009453,8.76337779999995
"A8","undefined--vi-avl.2025-05-22_21-39-30-000.f_005.de0","48.91544600094525,8.763377799999953,48.91544600094525,8.763377799999953","48.91544600094525,8.763377799999953","WARNING","A8 | Pforzheim-Ost - Pforzheim-Ost"," Karlsruhe -> Stuttgart",NA,"STATIONARY_TRAFFIC","14",2025-05-22,"Beginn: 22.05.25 um 22:04 Uhr  Angespannte Verkehrslage, seit 22.05.2025, 22:04 A8: Karlsruhe -> Stuttgart, 0.3 km vor AS Pforzheim-Ost, aus Richtung Pforzheim-Nord  Im Stillstand Durchschnittsgeschwindigkeit: 14 km/h",48.9154460009453,8.76337779999995
"A9","undefined--vi-avl.2025-05-22_22-05-00-000.f.de0","48.39845281354107,11.591677059731655,48.41818213942232,11.589699524989134","48.39845281354107,11.591677059731655","WARNING","A9 | Aster Moos - Allershausen"," München -> Nürnberg",1,"SLOW_TRAFFIC","67.0999984741211",2025-05-22,"Beginn: 22.05.25 um 22:05 Uhr  Angespannte Verkehrslage, seit 22.05.2025, 22:05 A9: München -> Nürnberg, zwischen 1.5 km hinter Aster Moos und 1.2 km vor AS Allershausen  Langsamer Verkehr Reisezeitverlust: 1 Minuten Durchschnittsgeschwindigkeit: 67 km/h",48.3984528135411,11.5916770597317
"A9","undefined--vi-zus.2025-05-22_19-46-00-000.f.de0","48.73327903785611,11.47051011753407,48.74841455321889,11.459133011615268","48.73327903785611,11.47051011753407","WARNING","A9 | Neuburg a.d.Donau - Ingolstadt-Süd"," München -> Nürnberg",3,"STATIONARY_TRAFFIC","28.700000762939453",2025-05-22,"Beginn: 22.05.25 um 19:46 Uhr  Zusammengesetzte Verkehrsinformation, seit 22.05.2025, 19:46 A9: München -> Nürnberg, zwischen 2.6 km hinter AS Neuburg a.d.Donau und 0.3 km vor AS Ingolstadt-Süd  Im Stillstand Reisezeitverlust: 3 Minuten Durchschnittsgeschwindigkeit: 28 km/h",48.7332790378561,11.4705101175341
"A9","undefined--vi-avl.2025-05-22_22-06-30-000.f_003.de0","48.73327903785611,11.47051011753407,48.73327903785611,11.47051011753407","48.73327903785611,11.47051011753407","WARNING","A9 | Ingolstadt-Süd - Ingolstadt-Süd"," München -> Nürnberg",NA,"STATIONARY_TRAFFIC","14",2025-05-22,"Beginn: 22.05.25 um 22:06 Uhr  Angespannte Verkehrslage, seit 22.05.2025, 22:06 A9: München -> Nürnberg, 2.1 km vor AS Ingolstadt-Süd, aus Richtung Neuburg a.d.Donau  Im Stillstand Durchschnittsgeschwindigkeit: 14 km/h",48.7332790378561,11.4705101175341
"A9","undefined--vi-hind.2025-05-22_21-42-30-000.f_001.de0","50.44453630093916,11.802598700014977,50.408858000939354,11.775512700014332","50.44453630093916,11.802598700014977","WARNING","A9 | Schleiz - Rudolphstein"," Halle/Leipzig -> Nürnberg",NA,NA,NA,2025-05-22,"Beginn: 22.05.25 um 21:42 Uhr  Fahrzeug-Hindernis, seit 22.05.2025, 21:42 A9: Halle/Leipzig -> Nürnberg, zwischen 12.5 km hinter AS Schleiz und AS Rudolphstein Gefahr durch ein defektes Fahrzeug auf der Fahrbahn",50.4445363009392,11.802598700015
"A9","undefined--vi-hind.2025-05-22_21-59-00-000.f.de0","50.70366494944065,11.847041274946347,50.695598336938914,11.84003849513404","50.70366494944065,11.847041274946347","WARNING","A9 | Triptis - Dittersdorf"," Halle/Leipzig -> Nürnberg",NA,NA,NA,2025-05-22,"Beginn: 22.05.25 um 21:59 Uhr  Fahrzeug-Hindernis, seit 22.05.2025, 21:59 A9: Halle/Leipzig -> Nürnberg, zwischen 5.3 km hinter AS Triptis und 4.8 km vor AS Dittersdorf Gefahr durch ein defektes Fahrzeug auf der Fahrbahn",50.7036649494407,11.8470412749463
"A9","undefined--vi-avl.2025-05-22_22-03-00-000.f_001.de0","50.90991867416974,11.841701778869018,50.90098420038902,11.843105602594079","50.90991867416974,11.841701778869018","WARNING","A9 | Bad Klosterlausnitz - Hermsdorfer Kreuz"," Halle/Leipzig -> Nürnberg",0,"SLOW_TRAFFIC","64.80000305175781",2025-05-22,"Beginn: 22.05.25 um 22:03 Uhr  Angespannte Verkehrslage, seit 22.05.2025, 22:03 A9: Halle/Leipzig -> Nürnberg, zwischen 0.1 km hinter AS Bad Klosterlausnitz und 2.3 km vor AK Hermsdorfer Kreuz  Langsamer Verkehr Reisezeitverlust: 0 Minuten Durchschnittsgeschwindigkeit: 64 km/h",50.9099186741697,11.841701778869
"A9","undefined--vi-zus.2025-05-22_19-09-08-000.f_003.de0","50.930306654975865,11.83775547994346,50.95333130934749,11.838098198156477","50.930306654975865,11.83775547994346","WARNING","A9 | Bad Klosterlausnitz - Kuhberg"," Nürnberg -> Halle/Leipzig",1,"SLOW_TRAFFIC","61.29999923706055",2025-05-22,"Beginn: 22.05.25 um 19:09 Uhr  Zusammengesetzte Verkehrsinformation, seit 22.05.2025, 19:09 A9: Nürnberg -> Halle/Leipzig, zwischen 2.2 km hinter AS Bad Klosterlausnitz und 1.7 km vor Kuhberg  Langsamer Verkehr Reisezeitverlust: 1 Minuten Durchschnittsgeschwindigkeit: 61 km/h",50.9303066549759,11.8377554799435
"A10","undefined--vi-hind.2025-05-22_21-31-30-000.f_002.de0","52.332785652155245,13.751638380751398,52.33139222881008,13.75115891770988","52.332785652155245,13.751638380751398","WARNING","A10 | Freienbrink - Spreeau"," Dreieck Barnim -> Dreieck Spreeau",NA,NA,NA,2025-05-22,"Beginn: 22.05.25 um 21:31 Uhr  Fahrzeug-Hindernis, seit 22.05.2025, 21:31 A10: Dreieck Barnim -> Dreieck Spreeau, zwischen 6.8 km hinter AS Freienbrink und 0.8 km vor AD Spreeau Gefahr durch ein defektes Fahrzeug auf der Fahrbahn",52.3327856521552,13.7516383807514
"A12","WarnungA10Lkw3","47.61802931631098,12.202336027754352,47.61802931631098,12.202336027754352","47.61802931631098,12.202336027754352","WARNING","E45/E60 | LKW Blockabfertigung | A12-Inntal Autobahn","Richtung Italien",NA,NA,NA,2025-01-11,"Zeitraum: Beginn: 07.01.2025 Ende: 09.12.2025  Hinweis für LKW-Reisende nach Österreich: LKW-Blockabfertigungen an ausgewählten Tagen für Lkw am Grenzübergang Kufstein/Kiefersfelden. Maximaler Durchlass von 300 LKWs pro Stunde  Die genauen Ausführungszeiten und weitere Informationen auf tirol.gv.at/verkehr/verkehrs-und-seilbahnrecht/lkw-dosierung.",47.618029316311,12.2023360277544
"A12","WarnungA10Lkw2","47.6164490154047,12.202382557672273,47.6164490154047,12.202382557672273","47.6164490154047,12.202382557672273","WARNING","E43/E45/E60 | A13-Brenner Autobahn","Richtung Italien",NA,NA,NA,2025-01-11,"Zeitraum: Beginn: 11.01.2025 Ende: 27.09.2025  Hinweis für LKW-Reisende nach Österreich: LKW-Fahrverbot auf der A12-Inntal Autobahn, A13-Brenner Autobahn und A14-Rheintal/Walgau Autobahn, wenn das Ziel der Fahrt der Anschlussstelle Nößlach bis Anschlussstelle Brenner Nord der Richtungsfahrbahn Staatsgrenze der A 13 Brenner Autobahn erreicht werden soll. An ausgewählten Samstagen 7-15 Uhr sowie weiteren Tagen im Zeitraum 11.01. - 27.09.2025 Weitere Informationen auf http://asfinag.at/a13",47.6164490154047,12.2023825576723
"A13","undefined--vi-hind.2025-05-22_21-29-30-000.f_003.de0","51.59023529728024,13.944334324387912,51.66299080093899,13.913646200212956","51.59023529728024,13.944334324387912","WARNING","A13 | Großräschen - Bronkow"," Dresden -> Schönefelder Kreuz",NA,NA,NA,2025-05-22,"Beginn: 22.05.25 um 21:29 Uhr  Hindernis, seit 22.05.2025, 21:29 A13: Dresden -> Schönefelder Kreuz, zwischen 0.3 km hinter AS Großräschen und 0.3 km vor AS Bronkow  Gefahr durch Gegenstände auf der Fahrbahn",51.5902352972802,13.9443343243879
"A20","undefined--vi-hind.2025-05-22_22-02-30-000.f_001.de0","53.83082543661582,13.326373368580885,53.83182218988649,13.32659911391724","53.83082543661582,13.326373368580885","WARNING","A20 | Anklam - Demminer Land"," Stettin -> Rostock",NA,NA,NA,2025-05-22,"Beginn: 22.05.25 um 22:02 Uhr  Fahrzeug-Hindernis, seit 22.05.2025, 22:02 A20: Stettin -> Rostock, zwischen 4.1 km hinter AS Anklam und 3.0 km vor Demminer Land Gefahr durch ein defektes Fahrzeug auf der Fahrbahn",53.8308254366158,13.3263733685809
"A20","undefined--vi-hind.2025-05-22_21-07-30-000.f_002.de0","53.79339882247449,13.32309670379733,53.9101602009187,13.353286100077305","53.79339882247449,13.32309670379733","WARNING","A20 | Altentreptow - Jarmen"," Stettin -> Rostock",NA,NA,NA,2025-05-22,"Beginn: 22.05.25 um 21:07 Uhr  Hindernis, seit 22.05.2025, 21:07 A20: Stettin -> Rostock, zwischen 9.3 km hinter AS Altentreptow und 0.3 km vor AS Jarmen  Gefahr durch eine ungesicherte Unfallstelle",53.7933988224745,13.3230967037973
"A23","undefined--vi-hind.2025-05-22_21-17-30-000.f_002.de0","53.874367900916404,9.55720340000026,53.89486107173413,9.516968160762557","53.874367900916404,9.55720340000026","WARNING","A23 | Lägerdorf - Itzehoe-Süd"," Hamburg -> Heide",NA,NA,NA,2025-05-22,"Beginn: 22.05.25 um 21:17 Uhr  Hindernis, seit 22.05.2025, 21:17 A23: Hamburg -> Heide, zwischen 0.3 km hinter AS Lägerdorf und 0.3 km vor AS Itzehoe-Süd  Gefahr durch Gegenstände auf der Fahrbahn",53.8743679009164,9.55720340000026
"A23","undefined--vi-unf.2025-05-22_21-10-30-000.f_001.de0","53.89625574280652,9.513680184612628,53.87142150091644,9.560344100000243","53.89625574280652,9.513680184612628","WARNING","A23 | Stör - Hohenfelde"," Heide -> Hamburg",NA,NA,NA,2025-05-22,"Beginn: 22.05.25 um 21:10 Uhr  Unfall, seit 22.05.2025, 21:10 A23: Heide -> Hamburg, zwischen 4.3 km hinter Stör und 4.0 km vor AS Hohenfelde",53.8962557428065,9.51368018461263
"A23","undefined--vi-unf.2025-05-22_21-28-00-000.f_001.de0","53.89625574280652,9.513680184612628,53.87142150091644,9.560344100000243","53.89625574280652,9.513680184612628","WARNING","A23 | Stör - Hohenfelde"," Heide -> Hamburg",NA,NA,NA,2025-05-22,"Beginn: 22.05.25 um 21:28 Uhr  Unfall, seit 22.05.2025, 21:28 A23: Heide -> Hamburg, zwischen 4.3 km hinter Stör und 4.0 km vor AS Hohenfelde",53.8962557428065,9.51368018461263
"A23","undefined--vi-unf.2025-05-22_20-29-00-000.f_003.de0","54.027668324897114,9.447596103603962,53.96056367403544,9.491281388041903","54.027668324897114,9.447596103603962","WARNING","A23 | Schenefeld - Itzehoe-Nord"," Heide -> Hamburg",NA,NA,NA,2025-05-22,"Beginn: 22.05.25 um 20:29 Uhr  Unfall, seit 22.05.2025, 20:29 A23: Heide -> Hamburg, zwischen 0.4 km hinter AS Schenefeld und 0.4 km vor AS Itzehoe-Nord",54.0276683248971,9.44759610360396
"A28","undefined--vi-hind.2025-05-22_20-47-32-000.f_003.de0","53.18746398486491,8.104785572647241,53.158011165681295,8.164113359957128","53.18746398486491,8.104785572647241","WARNING","A28 | Neuenkruge - Oldenburg-Wechloy"," Leer -> Oldenburg",NA,NA,NA,2025-05-22,"Beginn: 22.05.25 um 20:47 Uhr  Hindernis, seit 22.05.2025, 20:47 A28: Leer -> Oldenburg, zwischen 0.2 km hinter AS Neuenkruge und 0.4 km vor AS Oldenburg-Wechloy  Gefahr durch Gegenstände auf der Fahrbahn",53.1874639848649,8.10478557264724
"A31","undefined--vi-avl.2025-05-22_17-49-56-000.f_016.de0","52.11533598065041,7.086335600887026,52.135186734791155,7.089543852877889","52.11533598065041,7.086335600887026","WARNING","A31 | Averbeck - Gronau/Ochtrup"," Oberhausen -> Gronau",1,"SLOW_TRAFFIC","61.099998474121094",2025-05-22,"Beginn: 22.05.25 um 17:49 Uhr  Angespannte Verkehrslage, seit 22.05.2025, 17:49 A31: Oberhausen -> Gronau, zwischen 1.2 km hinter Averbeck und 6.6 km vor AS Gronau/Ochtrup  Langsamer Verkehr Reisezeitverlust: 1 Minuten Durchschnittsgeschwindigkeit: 61 km/h",52.1153359806504,7.08633560088703
"A31","undefined--vi-unf.2025-05-22_21-08-30-000.f_001.de0","52.986537716335604,7.2506105989016145,52.87785819686398,7.228637265192921","52.986537716335604,7.2506105989016145","WARNING","A31 | Rhede (Ems) - Lathen"," Leer -> Meppen",NA,NA,NA,2025-05-22,"Beginn: 22.05.25 um 21:08 Uhr  Unfall, seit 22.05.2025, 21:08 A31: Leer -> Meppen, zwischen 8.9 km hinter AS Rhede (Ems) und 0.1 km vor AS Lathen",52.9865377163356,7.25061059890161
"A37","undefined--vi-zus.2025-05-20_10-04-05-000.f_002.de0","52.442156462690335,9.933442989087833,52.436581812162494,9.913211841333315","52.442156462690335,9.933442989087833","WARNING","A37 | Beinhorn - Hannover-Kirchhorst"," Celle -> Hannover",NA,NA,NA,2025-05-20,"Beginn: 20.05.25 um 10:04 Uhr  Zusammengesetzte Verkehrsinformation, seit 20.05.2025, 10:04 B3: Celle -> Hannover, zwischen 0.4 km hinter AS Beinhorn und 2.1 km vor AK Hannover-Kirchhorst  A37 Messe - Burgdorf
zwischen Kreuz Hannover-Buchholz und Beinhorn
in beiden Richtungen geänderte Verkehrsführung im Baustellenbereich, Bauarbeiten, bis 30.10.2026 ca. 18:00 Uhr",52.4421564626903,9.93344298908783
"A37","undefined--vi-zus.2025-05-20_10-04-05-000.f_003.de0","52.42566547847685,9.880479425875153,52.44102213295518,9.93161290421946","52.42566547847685,9.880479425875153","WARNING","Baustelle"," km 22.62 --> km 26.54",NA,NA,NA,2025-05-20,"Beginn: 20.05.25 um 10:04 Uhr  Zusammengesetzte Verkehrsinformation, seit 20.05.2025, 10:04 A37: km 22.62 --> km 26.54  A37 Messe - Burgdorf
zwischen Kreuz Hannover-Buchholz und Beinhorn
in beiden Richtungen geänderte Verkehrsführung im Baustellenbereich, Bauarbeiten, bis 30.10.2026 ca. 18:00 Uhr",52.4256654784769,9.88047942587515
"A43","undefined--vi-avl.2025-05-22_21-33-30-000.f_001.de0","51.90512006256172,7.4243869836667935,51.90673711915578,7.410424223519217","51.90512006256172,7.4243869836667935","WARNING","A43 | Senden - Nottuln"," Münster -> Recklinghausen",0,"SLOW_TRAFFIC","58.5",2025-05-22,"Beginn: 22.05.25 um 21:33 Uhr  Angespannte Verkehrslage, seit 22.05.2025, 21:33 A43: Münster -> Recklinghausen, zwischen 4.7 km hinter AS Senden und 0.3 km vor AS Nottuln  Langsamer Verkehr Reisezeitverlust: 0 Minuten Durchschnittsgeschwindigkeit: 58 km/h",51.9051200625617,7.42438698366679
"A44","undefined--vi-avl.2025-05-22_22-05-30-000.f.de0","51.28204682926077,6.693639782740612,51.287455089239714,6.675726601666627","51.28204682926077,6.693639782740612","WARNING","A44 | Flughafenbrücke - Strümp"," Düsseldorf -> Mönchengladbach",0,"SLOW_TRAFFIC","63.29999923706055",2025-05-22,"Beginn: 22.05.25 um 22:05 Uhr  Angespannte Verkehrslage, seit 22.05.2025, 22:05 A44: Düsseldorf -> Mönchengladbach, zwischen 0.9 km hinter Flughafenbrücke und 1.0 km vor Strümp  Langsamer Verkehr Reisezeitverlust: 0 Minuten Durchschnittsgeschwindigkeit: 63 km/h",51.2820468292608,6.69363978274061
"A44","undefined--vi-avl.2025-05-22_19-41-33-000.f.de0","51.53360413169078,7.836967152550121,51.5330901009332,7.857236499999488","51.53360413169078,7.836967152550121","WARNING","A44 | Buchenhain - Am Haarstrang"," Dortmund -> Kassel",1,"QUEUING_TRAFFIC","34.900001525878906",2025-05-22,"Beginn: 22.05.25 um 19:41 Uhr  Angespannte Verkehrslage, seit 22.05.2025, 19:41 A44: Dortmund -> Kassel, zwischen 3.2 km hinter Buchenhain und 0.2 km vor Am Haarstrang  Stockender Verkehr Reisezeitverlust: 1 Minuten Durchschnittsgeschwindigkeit: 34 km/h",51.5336041316908,7.83696715255012
"A44","undefined--vi-avl.2025-05-22_18-38-43-000.f_001.de0","51.57783257232176,8.238666197803479,51.573830305004996,8.218808528612874","51.57783257232176,8.238666197803479","WARNING","A44 | Völlinghauser Flur - Lohner Klei"," Kassel -> Dortmund",0,"SLOW_TRAFFIC","62.20000076293945",2025-05-22,"Beginn: 22.05.25 um 18:38 Uhr  Angespannte Verkehrslage, seit 22.05.2025, 18:38 A44: Kassel -> Dortmund, zwischen 2.8 km hinter Völlinghauser Flur und 1.1 km vor Lohner Klei  Langsamer Verkehr Reisezeitverlust: 0 Minuten Durchschnittsgeschwindigkeit: 62 km/h",51.5778325723218,8.23866619780348
"A44","undefined--vi-avl.2025-05-22_18-23-04-000.f_006.de0","51.520918766614564,8.927584327204661,51.53524847671271,8.88919965741539","51.520918766614564,8.927584327204661","WARNING","A44 | Marsberg - Blankenrode"," Kassel -> Dortmund",1,"SLOW_TRAFFIC","57.099998474121094",2025-05-22,"Beginn: 22.05.25 um 18:23 Uhr  Angespannte Verkehrslage, seit 22.05.2025, 18:23 A44: Kassel -> Dortmund, zwischen 2.4 km hinter AS Marsberg und 1.3 km vor Blankenrode  Langsamer Verkehr Reisezeitverlust: 1 Minuten Durchschnittsgeschwindigkeit: 57 km/h",51.5209187666146,8.92758432720466
"A44","undefined--vi-avl.2025-05-22_19-44-30-000.f_002.de0","51.27392364838236,9.413375342128631,51.2671418933284,9.434757611714724","51.27392364838236,9.413375342128631","WARNING","A44 | Kassel-Bad Wilhelmshöhe - Kassel-West"," Dortmund -> Kassel",2,"QUEUING_TRAFFIC","34.29999923706055",2025-05-22,"Beginn: 22.05.25 um 19:44 Uhr  Angespannte Verkehrslage, seit 22.05.2025, 19:44 A44: Dortmund -> Kassel, zwischen 1.2 km hinter AS Kassel-Bad Wilhelmshöhe und 1.2 km vor AK Kassel-West  Stockender Verkehr Reisezeitverlust: 2 Minuten Durchschnittsgeschwindigkeit: 34 km/h",51.2739236483824,9.41337534212863
"A45","undefined--vi-avl.2025-05-22_21-59-00-000.f_004.de0","50.56259947524339,8.554459455980307,50.57060653659181,8.5469600437298","50.56259947524339,8.554459455980307","WARNING","A45 | Wetzlar-Süd - Wetzlar-Ost"," Gießen -> Hagen",0,"SLOW_TRAFFIC","61.099998474121094",2025-05-22,"Beginn: 22.05.25 um 21:59 Uhr  Angespannte Verkehrslage, seit 22.05.2025, 21:59 A45: Gießen -> Hagen, zwischen 1.0 km hinter AS Wetzlar-Süd und AS Wetzlar-Ost  Langsamer Verkehr Reisezeitverlust: 0 Minuten Durchschnittsgeschwindigkeit: 61 km/h",50.5625994752434,8.55445945598031
"A46","undefined--vi-avl.2025-05-22_22-06-30-000.f_004.de0","51.19082608564948,6.778596583994388,51.19082608564948,6.778596583994388","51.19082608564948,6.778596583994388","WARNING","A46 | Fleher Brücke - Fleher Brücke"," Düsseldorf -> Heinsberg",NA,"STATIONARY_TRAFFIC","4",2025-05-22,"Beginn: 22.05.25 um 22:06 Uhr  Angespannte Verkehrslage, seit 22.05.2025, 22:06 A46: Düsseldorf -> Heinsberg, 0.7 km vor Fleher Brücke, aus Richtung Düsseldorf-Bilk  Im Stillstand Durchschnittsgeschwindigkeit: 4 km/h",51.1908260856495,6.77859658399439
"A46","undefined--vi-avl.2025-05-22_22-06-30-000.f_001.de0","51.19084845177631,6.7786413903620515,51.18785985875231,6.7755596404557945","51.19084845177631,6.7786413903620515","WARNING","A46 | Düsseldorf-Bilk - Fleher Brücke"," Wuppertal -> Heinsberg",0,"STATIONARY_TRAFFIC","21.399999618530273",2025-05-22,"Beginn: 22.05.25 um 22:06 Uhr  Angespannte Verkehrslage, seit 22.05.2025, 22:06 A46: Wuppertal -> Heinsberg, zwischen 0.3 km hinter AS Düsseldorf-Bilk und 0.3 km vor Fleher Brücke  Im Stillstand Reisezeitverlust: 0 Minuten Durchschnittsgeschwindigkeit: 21 km/h",51.1908484517763,6.77864139036205
"A46","undefined--vi-hind.2025-05-22_21-16-00-000.f_003.de0","51.368911650833184,7.549928750011195,51.36918685992754,7.547832452452992","51.368911650833184,7.549928750011195","WARNING","A46 | Hagen-Elsey - Hagen"," Hemer -> Hagen",NA,NA,NA,2025-05-22,"Beginn: 22.05.25 um 21:16 Uhr  Fahrzeug-Hindernis, seit 22.05.2025, 21:16 A46: Hemer -> Hagen, zwischen 2.2 km hinter AS Hagen-Elsey und 2.2 km vor AK Hagen Gefahr durch ein defektes Fahrzeug auf der Fahrbahn",51.3689116508332,7.54992875001119
"A52","undefined--vi-hind.2025-05-22_21-21-30-000.f_001.de0","51.263944597491815,6.795287945128769,51.263944597491815,6.795287945128769","51.263944597491815,6.795287945128769","WARNING","Baustelle"," km 54.00 --> km 54.02",NA,NA,NA,2025-05-22,"Beginn: 22.05.25 um 21:21 Uhr  Fahrzeug-Hindernis, seit 22.05.2025, 21:21 A52: km 54.00 --> km 54.02 Gefahr durch ein defektes Fahrzeug auf der Fahrbahn",51.2639445974918,6.79528794512877
"A52","undefined--vi-hind.2025-05-22_21-38-30-000.f.de0","51.26381040265638,6.795133701239346,51.26320405736447,6.795296354139615","51.26381040265638,6.795133701239346","WARNING","Baustelle"," km 53.99 --> km 53.92",NA,NA,NA,2025-05-22,"Beginn: 22.05.25 um 21:38 Uhr  Fahrzeug-Hindernis, seit 22.05.2025, 21:38 A52: km 53.99 --> km 53.92 Gefahr durch ein defektes Fahrzeug auf der Fahrbahn",51.2638104026564,6.79513370123935
"A59","undefined--vi-hind.2025-05-22_21-49-00-000.f_001.de0","50.855908200937,7.097133999997544,50.84405462710801,7.09651567890494","50.855908200937,7.097133999997544","WARNING","A59 | Köln-Wahn - Spich"," Köln -> Bonn",NA,NA,NA,2025-05-22,"Beginn: 22.05.25 um 21:49 Uhr  Hindernis, seit 22.05.2025, 21:49 A59: Köln -> Bonn, zwischen 0.3 km hinter AS Köln-Wahn und 3.4 km vor AS Spich  Gefahr durch Gegenstände auf der Fahrbahn",50.855908200937,7.09713399999754
"A60","undefined--vi-zus.2025-04-08_08-51-21-000.f_013.de0","49.98125533976677,8.345695317688524,49.97565770865279,8.441396718063045","49.98125533976677,8.345695317688524","WARNING","A60 | Mainspitz-Dreieck - Rüsselsheimer Dreieck"," Mainz -> Rüsselsheim",NA,NA,NA,2025-04-08,"Beginn: 08.04.25 um 08:51 Uhr  Zusammengesetzte Verkehrsinformation, seit 08.04.2025, 08:51 A60: Mainz -> Rüsselsheim, zwischen 0.5 km hinter AD Mainspitz-Dreieck und 2.2 km vor AD Rüsselsheimer Dreieck  Sperrung der A60 bei Königstädten – Grundhafte Fahrbahnerneuerung zwischen dem Rüsselsheimer Dreieck und dem Mainspitz Dreieck. Die Niederlassung West der Autobahn GmbH erneuert zwischen dem Rüsselsheimer Dreieck (30) und dem Mainspitz Dreieck (26) die Fahrbahn. Von Donnerstagmorgen (24. April) bis Mitte Juli wird die Anschlussstelle (AS) Königstädten (29) in Fahrtrichtung (FR) Mainz sowie in FR Rüsselsheimer Dreieck gesperrt. Umleitungsmöglichkeiten sind ausgeschildert: • Ausfahrt FR Mainz: Umleitung via AS Rüsselsheim-Mitte • Einfahrt FR Mainz: innerstädtische Umleitung zur AS Rüsselsheim-Mitte (Adam-Opel-Straße / Kurt-Schumacher-Ring), von Nauheim kommend via L3482 zur AS Bischofsheim • Einfahrt FR Darmstadt: innerstädtische Umleitung zur AS Rüsselsheim-Mitte (Adam-Opel-Straße / Kurt-Schumacher-Ring) Die Autobahn GmbH bittet alle Verkehrsteilnehmer um Verständnis für die unvermeidlichen Verkehrsbehinderungen, die durch die Arbeiten entstehen.",49.9812553397668,8.34569531768852
"A60","undefined--vi-zus.2025-05-03_10-55-00-000.f_003.de0","49.977457399447445,8.454646346787307,49.981587265039146,8.34517285786785","49.977457399447445,8.454646346787307","WARNING","A60 | Rüsselsheimer Dreieck - Mainspitz-Dreieck"," Rüsselsheim -> Mainz",NA,NA,NA,2025-05-03,"Beginn: 03.05.25 um 10:55 Uhr  Zusammengesetzte Verkehrsinformation, seit 03.05.2025, 10:55 A60: Rüsselsheim -> Mainz, zwischen 0.6 km hinter AD Rüsselsheimer Dreieck und 0.5 km vor AD Mainspitz-Dreieck  Sperrung der A60 bei Königstädten – Grundhafte Fahrbahnerneuerung zwischen dem Rüsselsheimer Dreieck und dem Mainspitz Dreieck. Die Niederlassung West der Autobahn GmbH erneuert zwischen dem Rüsselsheimer Dreieck (30) und dem Mainspitz Dreieck (26) die Fahrbahn. Von Donnerstagmorgen (24. April) bis Mitte Juli wird die Anschlussstelle (AS) Königstädten (29) in Fahrtrichtung (FR) Mainz sowie in FR Rüsselsheimer Dreieck gesperrt. Umleitungsmöglichkeiten sind ausgeschildert: • Ausfahrt FR Mainz: Umleitung via AS Rüsselsheim-Mitte • Einfahrt FR Mainz: innerstädtische Umleitung zur AS Rüsselsheim-Mitte (Adam-Opel-Straße / Kurt-Schumacher-Ring), von Nauheim kommend via L3482 zur AS Bischofsheim • Einfahrt FR Darmstadt: innerstädtische Umleitung zur AS Rüsselsheim-Mitte (Adam-Opel-Straße / Kurt-Schumacher-Ring) Die Autobahn GmbH bittet alle Verkehrsteilnehmer um Verständnis für die unvermeidlichen Verkehrsbehinderungen, die durch die Arbeiten entstehen.",49.9774573994474,8.45464634678731
"A65","undefined--vi-avl.2025-05-22_22-06-30-000.f.de0","49.21462001091958,8.142109481843391,49.21462001091958,8.142109481843391","49.21462001091958,8.142109481843391","WARNING","A65 | Landau-Zentrum - Landau-Zentrum"," Landau -> Karlsruhe",NA,"QUEUING_TRAFFIC","27",2025-05-22,"Beginn: 22.05.25 um 22:06 Uhr  Angespannte Verkehrslage, seit 22.05.2025, 22:06 A65: Landau -> Karlsruhe, 2.4 km vor AS Landau-Zentrum, aus Richtung Landau-Nord  Stockender Verkehr Durchschnittsgeschwindigkeit: 27 km/h",49.2146200109196,8.14210948184339
"A65","undefined--vi-avl.2025-05-22_20-49-00-000.f_002.de0","49.21462001091958,8.142109481843391,49.20786807030006,8.147633047093155","49.21462001091958,8.142109481843391","WARNING","A65 | Landau-Nord - Landau-Zentrum"," Ludwigshafen -> Karlsruhe",1,"QUEUING_TRAFFIC","33.5",2025-05-22,"Beginn: 22.05.25 um 20:49 Uhr  Angespannte Verkehrslage, seit 22.05.2025, 20:49 A65: Ludwigshafen -> Karlsruhe, zwischen 0.3 km hinter AS Landau-Nord und 1.5 km vor AS Landau-Zentrum  Stockender Verkehr Reisezeitverlust: 1 Minuten Durchschnittsgeschwindigkeit: 33 km/h",49.2146200109196,8.14210948184339
"A65","undefined--vi-avl.2025-05-22_21-16-30-000.f.de0","49.2253667323836,8.147273929712469,49.21462854380047,8.142105138168976","49.2253667323836,8.147273929712469","WARNING","A65 | Landau-Dammheim - Landau-Zentrum"," Ludwigshafen -> Karlsruhe",0,"SLOW_TRAFFIC","52.099998474121094",2025-05-22,"Beginn: 22.05.25 um 22:00 Uhr  Angespannte Verkehrslage, seit 22.05.2025, 22:00 A65: Ludwigshafen -> Karlsruhe, zwischen AS Landau-Dammheim und 2.4 km vor AS Landau-Zentrum  Langsamer Verkehr Reisezeitverlust: 0 Minuten Durchschnittsgeschwindigkeit: 52 km/h",49.2253667323836,8.14727392971247
"A66","undefined--vi-hind.2025-05-22_21-18-30-000.f_002.de0","50.052727860852634,8.262855092529888,50.05019686589029,8.286968183603179","50.052727860852634,8.262855092529888","WARNING","A66 | Wiesbaden-Mainzer Straße - Wiesbaden-Erbenheim"," Wiesbaden -> Frankfurt",NA,NA,NA,2025-05-22,"Beginn: 22.05.25 um 21:18 Uhr  Hindernis, seit 22.05.2025, 21:18 A66: Wiesbaden -> Frankfurt, zwischen 0.5 km hinter AS Wiesbaden-Mainzer Straße und 0.4 km vor AS Wiesbaden-Erbenheim  Gefahr durch Gegenstände auf der Fahrbahn",50.0527278608526,8.26285509252989
"A66","undefined--vi-hind.2025-05-22_21-52-30-000.f_002.de0","50.13023180094057,8.57710679999989,50.13282665932168,8.582852049025613","50.13023180094057,8.57710679999989","WARNING","A66 | Eschborner Dreieck - Nordwestkreuz Frankfurt am Main"," Wiesbaden -> Frankfurt",NA,NA,NA,2025-05-22,"Beginn: 22.05.25 um 21:52 Uhr  Hindernis, seit 22.05.2025, 21:52 A66: Wiesbaden -> Frankfurt, zwischen 0.2 km hinter AD Eschborner Dreieck und 0.6 km vor AK Nordwestkreuz Frankfurt am Main  Gefahr durch Gegenstände auf der Fahrbahn",50.1302318009406,8.57710679999989
"A72","undefined--vi-hind.2025-05-22_19-54-00-000.f_005.de0","50.38980873690478,11.980092059583718,50.43547630093932,12.09220010002442","50.38980873690478,11.980092059583718","WARNING","A72 | Landesgrenze - Vogtland Süd"," Hof -> Plauen",NA,NA,NA,2025-05-22,"Beginn: 22.05.25 um 19:54 Uhr  Fahrzeug-Hindernis, seit 22.05.2025, 19:54 A72: Hof -> Plauen, zwischen Landesgrenze und 2.9 km vor Vogtland Süd Gefahr durch ein defektes Fahrzeug auf der Fahrbahn",50.3898087369048,11.9800920595837
"A92","undefined--vi-zus.2025-05-22_20-41-00-000.f.de0","48.4260060082791,11.936014995399526,48.439697984872616,11.955208965857357","48.4260060082791,11.936014995399526","WARNING","A92 | Erding - Moosburg-Süd"," München -> Deggendorf",8,"STATIONARY_TRAFFIC","13.300000190734863",2025-05-22,"Beginn: 22.05.25 um 20:41 Uhr  Zusammengesetzte Verkehrsinformation, seit 22.05.2025, 20:41 A92: München -> Deggendorf, zwischen 6.7 km hinter AS Erding und 1.1 km vor AS Moosburg-Süd  Im Stillstand Reisezeitverlust: 8 Minuten Durchschnittsgeschwindigkeit: 13 km/h",48.4260060082791,11.9360149953995
"A92","undefined--vi-avl.2025-05-22_21-26-30-000.f_002.de0","48.42592127365814,11.935875130486,48.42592127365814,11.935875130486","48.42592127365814,11.935875130486","WARNING","A92 | Moosburger Au - Moosburger Au"," München -> Deggendorf",NA,"STATIONARY_TRAFFIC","11",2025-05-22,"Beginn: 22.05.25 um 22:06 Uhr  Angespannte Verkehrslage, seit 22.05.2025, 22:06 A92: München -> Deggendorf, 1.8 km vor Moosburger Au, aus Richtung Erding  Im Stillstand Durchschnittsgeschwindigkeit: 11 km/h",48.4259212736581,11.935875130486
"A93","undefined--vi-zus.2025-05-22_21-51-30-000.f.de0","48.71578952807559,11.813574370248235,48.71246784505694,11.79835504962069","48.71578952807559,11.813574370248235","WARNING","A93 | Deutschmeister - Aiglsbach"," Regensburg -> Holledau",0,"SLOW_TRAFFIC","58.900001525878906",2025-05-22,"Beginn: 22.05.25 um 21:54 Uhr  Zusammengesetzte Verkehrsinformation, seit 22.05.2025, 21:54 A93: Regensburg -> Holledau, zwischen 4.1 km hinter Deutschmeister und 5.4 km vor AS Aiglsbach  Langsamer Verkehr Reisezeitverlust: 0 Minuten Durchschnittsgeschwindigkeit: 58 km/h",48.7157895280756,11.8135743702482
"A96","undefined--vi-zus.2025-05-22_20-34-00-000.f_001.de0","47.929391157805846,10.090870160009406,47.919960111522094,10.076132033561661","47.929391157805846,10.090870160009406","WARNING","A96 | Aitrach - Aichstetten"," München -> Lindau",0,"SLOW_TRAFFIC","61.599998474121094",2025-05-22,"Beginn: 22.05.25 um 20:34 Uhr  Zusammengesetzte Verkehrsinformation, seit 22.05.2025, 20:34 A96: München -> Lindau, zwischen 0.7 km hinter AS Aitrach und 5.0 km vor AS Aichstetten  Langsamer Verkehr Reisezeitverlust: 0 Minuten Durchschnittsgeschwindigkeit: 61 km/h",47.9293911578058,10.0908701600094
"A96","undefined--vi-unf.2025-05-22_21-59-00-000.f_001.de0","47.998546100947806,10.19943900000047,47.99855980094779,10.16243110000043","47.998546100947806,10.19943900000047","WARNING","A96 | Memmingen-Ost - Memmingen-Nord"," München -> Lindau",NA,NA,NA,2025-05-22,"Beginn: 22.05.25 um 21:59 Uhr  Unfall, seit 22.05.2025, 21:59 A96: München -> Lindau, zwischen 0.2 km hinter AS Memmingen-Ost und 0.5 km vor AS Memmingen-Nord",47.9985461009478,10.1994390000005
"A96","undefined--vi-avl.2025-05-22_22-06-30-000.f_002.de0","48.03085828953658,10.459904336428531,48.03085828953658,10.459904336428531","48.03085828953658,10.459904336428531","WARNING","A96 | Stetten - Stetten"," München -> Lindau",NA,"STATIONARY_TRAFFIC","11",2025-05-22,"Beginn: 22.05.25 um 22:06 Uhr  Angespannte Verkehrslage, seit 22.05.2025, 22:06 A96: München -> Lindau, 1.4 km vor AS Stetten, aus Richtung Mindelheim  Im Stillstand Durchschnittsgeschwindigkeit: 11 km/h",48.0308582895366,10.4599043364285
"A96","undefined--vi-zus.2025-05-22_22-06-30-000.f.de0","48.03085828953658,10.459904336428531,48.03219676754848,10.451178173935425","48.03085828953658,10.459904336428531","WARNING","A96 | Mindelheim - Stetten"," München -> Lindau",2,"STATIONARY_TRAFFIC","14.699999809265137",2025-05-22,"Beginn: 22.05.25 um 22:06 Uhr  Zusammengesetzte Verkehrsinformation, seit 22.05.2025, 22:06 A96: München -> Lindau, zwischen 4.0 km hinter AS Mindelheim und 0.8 km vor AS Stetten  Im Stillstand Reisezeitverlust: 2 Minuten Durchschnittsgeschwindigkeit: 14 km/h",48.0308582895366,10.4599043364285
"A96","undefined--vi-avl.2025-05-22_22-03-00-000.f.de0","48.04154611730867,10.589538570417739,48.04083946807843,10.606254299222643","48.04154611730867,10.589538570417739","WARNING","A96 | Mindelheim - Bad Wörishofen"," Lindau -> München",0,"SLOW_TRAFFIC","63.400001525878906",2025-05-22,"Beginn: 22.05.25 um 22:03 Uhr  Angespannte Verkehrslage, seit 22.05.2025, 22:03 A96: Lindau -> München, zwischen 6.2 km hinter AS Mindelheim und 1.0 km vor AS Bad Wörishofen  Langsamer Verkehr Reisezeitverlust: 0 Minuten Durchschnittsgeschwindigkeit: 63 km/h",48.0415461173087,10.5895385704177
"A115","undefined--vi-zus.2024-10-09_07-09-40-000.f_531.de0","52.40027056808641,13.185163736426698,52.44227384698058,13.202709435405149","52.40027056808641,13.185163736426698","WARNING","A115 | Am Stern - Hüttenweg"," Dreieck Nuthetal -> Dreieck Funkturm",NA,NA,NA,2024-10-09,"Beginn: 09.10.24 um 07:09 Uhr  Zusammengesetzte Verkehrsinformation, seit 09.10.2024, 07:09 A115: Dreieck Nuthetal -> Dreieck Funkturm, zwischen 2.9 km hinter Am Stern und 3.8 km vor AS Hüttenweg  A115 Autobahnzubringer Magdeburg, Dreieck Nuthetal Richtung Dreieck Funkturm, zwischen Anschlussstelle Kleinmachnow und Anschlussstelle Spanische Allee, Baustelle, bis 31.10.2026 17:00 Uhr",52.4002705680864,13.1851637364267
"A671","undefined--vi-hind.2025-05-22_21-51-00-000.f_001.de0","50.041516949056316,8.25699214842171,50.03195660094097,8.289996999999799","50.041516949056316,8.25699214842171","WARNING","A671 | Wiesbaden/MZ-Amöneburg - Mainz-Kastel"," Wiesbaden -> Mainz",NA,NA,NA,2025-05-22,"Beginn: 22.05.25 um 21:51 Uhr  Fahrzeug-Hindernis, seit 22.05.2025, 21:51 A671: Wiesbaden -> Mainz, zwischen 0.4 km hinter AS Wiesbaden/MZ-Amöneburg und 0.3 km vor AS Mainz-Kastel Gefahr durch ein defektes Fahrzeug auf der Fahrbahn",50.0415169490563,8.25699214842171
"A861","undefined--vi-avl.2025-05-22_22-06-30-000.f_005.de0","47.55670710571513,7.757448244766712,47.55670710571513,7.757448244766712","47.55670710571513,7.757448244766712","WARNING","A861 | Rheinfelden-Süd - Rheinfelden-Süd"," Dreieck Hochrhein -> Grenzübergang Rheinfelden",NA,"STATIONARY_TRAFFIC","2",2025-05-22,"Beginn: 22.05.25 um 22:06 Uhr  Angespannte Verkehrslage, seit 22.05.2025, 22:06 A861: Dreieck Hochrhein -> Grenzübergang Rheinfelden, 0.7 km vor AS Rheinfelden-Süd, aus Richtung Rheinfelden-Mitte  Im Stillstand Durchschnittsgeschwindigkeit: 2 km/h",47.5567071057151,7.75744824476671
"A861","undefined--vi-avl.2025-05-22_22-00-30-000.f_006.de0","47.550483528234636,7.7578361770396524,47.551597323064016,7.757662628980717","47.550483528234636,7.7578361770396524","WARNING","A861 | Rheinfelden-Süd - Rheinfelden-Mitte"," Grenzübergang Rheinfelden -> Dreieck Hochrhein",0,"SLOW_TRAFFIC","10.399999618530273",2025-05-22,"Beginn: 22.05.25 um 22:00 Uhr  Angespannte Verkehrslage, seit 22.05.2025, 22:00 A861: Grenzübergang Rheinfelden -> Dreieck Hochrhein, zwischen AS Rheinfelden-Süd und 2.0 km vor AS Rheinfelden-Mitte  Langsamer Verkehr Reisezeitverlust: 0 Minuten Durchschnittsgeschwindigkeit: 10 km/h",47.5504835282346,7.75783617703965
"A861","undefined--vi-avl.2025-05-22_22-06-30-000.f_006.de0","47.55661741259808,7.757437840857898,47.55189498568768,7.757455163557677","47.55661741259808,7.757437840857898","WARNING","A861 | Rheinfelden-Mitte - Rheinfelden-Süd"," Dreieck Hochrhein -> Grenzübergang Rheinfelden",6,"STATIONARY_TRAFFIC","4.699999809265137",2025-05-22,"Beginn: 22.05.25 um 22:06 Uhr  Angespannte Verkehrslage, seit 22.05.2025, 22:06 A861: Dreieck Hochrhein -> Grenzübergang Rheinfelden, zwischen 1.4 km hinter AS Rheinfelden-Mitte und 0.2 km vor AS Rheinfelden-Süd  Im Stillstand Reisezeitverlust: 6 Minuten Durchschnittsgeschwindigkeit: 4 km/h",47.5566174125981,7.7574378408579
