"road","identifier","extent","point","display_type","title","subtitle","delay_minutes","abnormalTrafficType","averageSpeed","startTimestamp","description","latitude","longitude"
"A1","undefined--vi-avl.2025-05-22_19-28-08-000.f_002.de0","53.02316900092317,8.802053099999915,53.03191160595456,8.865654305998177","53.02316900092317,8.802053099999915","WARNING","A1 | Stuhr - Bremen-Hemelingen"," Osnabrück -> Bremen",24,"STATIONARY_TRAFFIC","10.100000381469727",2025-05-22,"Beginn: 22.05.25 um 19:28 Uhr  Angespannte Verkehrslage, seit 22.05.2025, 19:28 A1: Osnabrück -> Bremen, zwischen 7.0 km hinter AD Stuhr und 1.6 km vor AS Bremen-Hemelingen  Im Stillstand Reisezeitverlust: 24 Minuten Durchschnittsgeschwindigkeit: 10 km/h",53.0231690009232,8.80205309999991
"A1","undefined--vi-avl.2025-05-22_19-38-31-000.f_005.de0","53.02316900092317,8.802053099999915,53.02316900092317,8.802053099999915","53.02316900092317,8.802053099999915","WARNING","A1 | Bremen/Brinkum - Bremen/Brinkum"," Osnabrück -> Bremen",NA,"STATIONARY_TRAFFIC","10",2025-05-22,"Beginn: 22.05.25 um 22:21 Uhr  Angespannte Verkehrslage, seit 22.05.2025, 22:21 A1: Osnabrück -> Bremen, in Höhe AS Bremen/Brinkum, aus Richtung Stuhr  Im Stillstand Durchschnittsgeschwindigkeit: 10 km/h",53.0231690009232,8.80205309999991
"A1","undefined--vi-avl.2025-05-22_22-17-00-000.f.de0","53.03849689866556,8.886736403950238,53.031460453437994,8.864211532227444","53.03849689866556,8.886736403950238","WARNING","A1 | Bremen-Hemelingen - Bremen-Arsten"," Bremen -> Osnabrück",0,"SLOW_TRAFFIC","58.29999923706055",2025-05-22,"Beginn: 22.05.25 um 22:17 Uhr  Angespannte Verkehrslage, seit 22.05.2025, 22:17 A1: Bremen -> Osnabrück, zwischen AS Bremen-Hemelingen und 0.4 km vor AS Bremen-Arsten  Langsamer Verkehr Reisezeitverlust: 0 Minuten Durchschnittsgeschwindigkeit: 58 km/h",53.0384968986656,8.88673640395024
"A1","undefined--vi-hind.2025-05-22_22-22-00-000.f.de0","53.357672454122515,9.706710479111894,53.337494311957215,9.634050050529218","53.357672454122515,9.706710479111894","WARNING","A1 | Hollenstedt - Kalmoor"," Hamburg -> Bremen",NA,NA,NA,2025-05-22,"Beginn: 22.05.25 um 22:22 Uhr  Hindernis, seit 22.05.2025, 22:22 A1: Hamburg -> Bremen, zwischen 0.3 km hinter AS Hollenstedt und 3.8 km vor Kalmoor  Gefahr durch Gegenstände auf der Fahrbahn",53.3576724541225,9.70671047911189
"A1","undefined--vi-zus.2025-05-22_22-15-30-000.f.de0","53.50075830091946,10.039058300000507,53.5090014245214,10.067012471833108","53.50075830091946,10.039058300000507","WARNING","A1 | Hamburg-Stillhorn - Hamburg-Südost"," Bremen -> Lübeck",3,"QUEUING_TRAFFIC","29.100000381469727",2025-05-22,"Beginn: 22.05.25 um 22:15 Uhr  Zusammengesetzte Verkehrsinformation, seit 22.05.2025, 22:15 A1: Bremen -> Lübeck, zwischen 2.1 km hinter Hamburg-Stillhorn und 0.9 km vor AD Hamburg-Südost  Stockender Verkehr Reisezeitverlust: 3 Minuten Durchschnittsgeschwindigkeit: 29 km/h",53.5007583009195,10.0390583000005
"A1","undefined--vi-hind.2025-05-22_22-03-00-000.f_001.de0","53.50929678257153,10.057088901590378,53.50929678257153,10.057088901590378","53.50929678257153,10.057088901590378","WARNING","A1 | Hamburg-Norderelbe - Hamburg-Südost"," Hamburg -> Lübeck",NA,NA,NA,2025-05-22,"Beginn: 22.05.25 um 22:03 Uhr  Fahrzeug-Hindernis, seit 22.05.2025, 22:03 A1: Hamburg -> Lübeck, zwischen 1.2 km hinter AK Hamburg-Norderelbe und 1.2 km vor AD Hamburg-Südost",53.5092967825715,10.0570889015904
"A1","undefined--vi-zus.2025-05-22_22-13-30-000.f.de0","53.50752421121324,10.077318181292165,53.50951165939763,10.054215464170532","53.50752421121324,10.077318181292165","WARNING","A1 | Hamburg-Südost - Hamburg-Norderelbe"," Lübeck -> Hamburg",0,"SLOW_TRAFFIC","50.400001525878906",2025-05-22,"Beginn: 22.05.25 um 22:13 Uhr  Zusammengesetzte Verkehrsinformation, seit 22.05.2025, 22:13 A1: Lübeck -> Hamburg, zwischen 0.2 km hinter AD Hamburg-Südost und 1.2 km vor AK Hamburg-Norderelbe  Langsamer Verkehr Reisezeitverlust: 0 Minuten Durchschnittsgeschwindigkeit: 50 km/h",53.5075242112132,10.0773181812922
"A1","undefined--vi-hind.2025-05-22_22-03-00-000.f.de0","53.509302500919404,10.063278300000514,53.5094444127468,10.056993241326454","53.509302500919404,10.063278300000514","WARNING","A1 | Hamburg-Südost - Hamburg-Norderelbe"," Lübeck -> Hamburg",NA,NA,NA,2025-05-22,"Beginn: 22.05.25 um 22:03 Uhr  Fahrzeug-Hindernis, seit 22.05.2025, 22:03 A1: Lübeck -> Hamburg, zwischen 1.2 km hinter AD Hamburg-Südost und 1.4 km vor AK Hamburg-Norderelbe",53.5093025009194,10.0632783000005
"A2","undefined--vi-avl.2025-05-22_19-42-30-000.f_005.de0","51.5386298801034,6.843310174342619,51.538983261858974,6.873333325128906","51.5386298801034,6.843310174342619","WARNING","A2 | Oberhausen - Schwarze Heide"," Oberhausen -> Dortmund",7,"STATIONARY_TRAFFIC","15",2025-05-22,"Beginn: 22.05.25 um 19:42 Uhr  Angespannte Verkehrslage, seit 22.05.2025, 19:42 A2: Oberhausen -> Dortmund, zwischen 0.6 km hinter AK Oberhausen und 0.8 km vor Schwarze Heide  Im Stillstand Reisezeitverlust: 7 Minuten Durchschnittsgeschwindigkeit: 15 km/h",51.5386298801034,6.84331017434262
"A2","undefined--vi-avl.2025-05-22_22-20-00-000.f.de0","51.53795766913412,6.837682683624185,51.5386298801034,6.843310174342619","51.53795766913412,6.837682683624185","WARNING","A2 | Oberhausen - Oberhausen-Königshardt"," Oberhausen -> Dortmund",4,"STATIONARY_TRAFFIC","5.400000095367432",2025-05-22,"Beginn: 22.05.25 um 22:20 Uhr  Angespannte Verkehrslage, seit 22.05.2025, 22:20 A2: Oberhausen -> Dortmund, zwischen 0.2 km hinter AK Oberhausen und 1.8 km vor AS Oberhausen-Königshardt  Im Stillstand Reisezeitverlust: 4 Minuten Durchschnittsgeschwindigkeit: 5 km/h",51.5379576691341,6.83768268362418
"A2","undefined--vi-avl.2025-05-22_19-42-30-000.f_006.de0","51.5386298801034,6.843310174342619,51.5386298801034,6.843310174342619","51.5386298801034,6.843310174342619","WARNING","A2 | Oberhausen-Königshardt - Oberhausen-Königshardt"," Oberhausen -> Dortmund",NA,"STATIONARY_TRAFFIC","2",2025-05-22,"Beginn: 22.05.25 um 22:20 Uhr  Angespannte Verkehrslage, seit 22.05.2025, 22:20 A2: Oberhausen -> Dortmund, 1.8 km vor AS Oberhausen-Königshardt, aus Richtung Oberhausen  Im Stillstand Durchschnittsgeschwindigkeit: 2 km/h",51.5386298801034,6.84331017434262
"A2","undefined--vi-avl.2025-05-22_22-20-30-000.f_001.de0","51.53795766913412,6.837682683624185,51.53795766913412,6.837682683624185","51.53795766913412,6.837682683624185","WARNING","A2 | Oberhausen-Königshardt - Oberhausen-Königshardt"," Oberhausen -> Dortmund",NA,"STATIONARY_TRAFFIC","3",2025-05-22,"Beginn: 22.05.25 um 22:21 Uhr  Angespannte Verkehrslage, seit 22.05.2025, 22:21 A2: Oberhausen -> Dortmund, 2.2 km vor AS Oberhausen-Königshardt, aus Richtung Oberhausen  Im Stillstand Durchschnittsgeschwindigkeit: 3 km/h",51.5379576691341,6.83768268362418
"A2","undefined--vi-avl.2025-05-22_20-56-30-000.f.de0","52.31297933551693,10.562985672506317,52.31009767118124,10.604216606600932","52.31297933551693,10.562985672506317","WARNING","A2 | Braunschweig-Flughafen - Braunschweig-Ost"," Braunschweig -> Magdeburg",2,"QUEUING_TRAFFIC","41.099998474121094",2025-05-22,"Beginn: 22.05.25 um 20:56 Uhr  Angespannte Verkehrslage, seit 22.05.2025, 20:56 A2: Braunschweig -> Magdeburg, zwischen 0.2 km hinter AS Braunschweig-Flughafen und 1.7 km vor AS Braunschweig-Ost  Stockender Verkehr Reisezeitverlust: 2 Minuten Durchschnittsgeschwindigkeit: 41 km/h",52.3129793355169,10.5629856725063
"A2","undefined--vi-avl.2025-05-22_22-00-30-000.f.de0","52.211357905068134,11.103158103043587,52.211357905068134,11.103158103043587","52.211357905068134,11.103158103043587","WARNING","A2 | Marienborn - Marienborn"," Magdeburg -> Braunschweig",NA,"QUEUING_TRAFFIC","27",2025-05-22,"Beginn: 22.05.25 um 22:21 Uhr  Angespannte Verkehrslage, seit 22.05.2025, 22:21 A2: Magdeburg -> Braunschweig, 1.6 km vor Marienborn, aus Richtung Alleringersleben  Stockender Verkehr Durchschnittsgeschwindigkeit: 27 km/h",52.2113579050681,11.1031581030436
"A2","undefined--vi-avl.2025-05-22_22-00-00-000.f.de0","52.21125391898288,11.103547199232628,52.22289908689306,11.048540488554142","52.21125391898288,11.103547199232628","WARNING","A2 | Alleringersleben - Waldkater"," Magdeburg -> Braunschweig",6,"QUEUING_TRAFFIC","26.799999237060547",2025-05-22,"Beginn: 22.05.25 um 22:00 Uhr  Angespannte Verkehrslage, seit 22.05.2025, 22:00 A2: Magdeburg -> Braunschweig, zwischen 2.1 km hinter AS Alleringersleben und 0.3 km vor Waldkater  Stockender Verkehr Reisezeitverlust: 6 Minuten Durchschnittsgeschwindigkeit: 26 km/h",52.2112539189829,11.1035471992326
"A2","undefined--vi-hind.2025-05-22_21-52-30-000.f_003.de0","52.23343463759924,11.898996042036769,52.23316420092891,11.896144400014528","52.23343463759924,11.898996042036769","WARNING","A2 | Ihlegrund - Burg-Ost"," Berliner Ring -> Magdeburg",NA,NA,NA,2025-05-22,"Beginn: 22.05.25 um 21:52 Uhr  Fahrzeug-Hindernis, seit 22.05.2025, 21:52 A2: Berliner Ring -> Magdeburg, zwischen 4.7 km hinter Ihlegrund und 0.3 km vor AS Burg-Ost Gefahr durch ein defektes Fahrzeug auf der Fahrbahn",52.2334346375992,11.8989960420368
"A3","undefined--vi-avl.2025-05-22_21-02-30-000.f_001.de0","48.560835372136914,13.387905094936775,48.57263299762938,13.371373298595225","48.560835372136914,13.387905094936775","WARNING","A3 | Hammerbach - Donautal"," Passau -> Nürnberg",1,"SLOW_TRAFFIC","50",2025-05-22,"Beginn: 22.05.25 um 21:02 Uhr  Angespannte Verkehrslage, seit 22.05.2025, 21:02 A3: Passau -> Nürnberg, zwischen 0.1 km hinter Hammerbach und 2.0 km vor Donautal  Langsamer Verkehr Reisezeitverlust: 1 Minuten Durchschnittsgeschwindigkeit: 50 km/h",48.5608353721369,13.3879050949368
"A3","undefined--vi-avl.2025-05-22_22-19-30-000.f.de0","48.63504754281318,13.303889400018976,48.62818197865158,13.324929627419559","48.63504754281318,13.303889400018976","WARNING","A3 | Jägerhölzl - Buch"," Nürnberg -> Passau",1,"SLOW_TRAFFIC","48.599998474121094",2025-05-22,"Beginn: 22.05.25 um 22:19 Uhr  Angespannte Verkehrslage, seit 22.05.2025, 22:19 A3: Nürnberg -> Passau, zwischen 0.6 km hinter Jägerhölzl und 1.8 km vor Buch  Langsamer Verkehr Reisezeitverlust: 1 Minuten Durchschnittsgeschwindigkeit: 48 km/h",48.6350475428132,13.303889400019
"A3","undefined--vi-hind.2025-05-22_22-13-00-000.f.de0","48.68542462075228,13.213744609794388,48.68602973211253,13.212246609199884","48.68542462075228,13.213744609794388","WARNING","A3 | Schaufelholz - Garham/Vilshofen"," Passau -> Nürnberg",NA,NA,NA,2025-05-22,"Beginn: 22.05.25 um 22:13 Uhr  Hindernis, seit 22.05.2025, 22:13 A3: Passau -> Nürnberg, zwischen 1.8 km hinter Schaufelholz und 0.6 km vor AS Garham/Vilshofen  Gefahr durch Gegenstände auf der Fahrbahn",48.6854246207523,13.2137446097944
"A3","undefined--vi-avl.2025-05-22_20-45-00-000.f_001.de0","48.761706277938146,13.059781314762354,48.77133842616099,13.040005366788163","48.761706277938146,13.059781314762354","WARNING","A3 | Manzing - Seebach"," Passau -> Nürnberg",0,"SLOW_TRAFFIC","72.5999984741211",2025-05-22,"Beginn: 22.05.25 um 20:45 Uhr  Angespannte Verkehrslage, seit 22.05.2025, 20:45 A3: Passau -> Nürnberg, zwischen 0.7 km hinter Manzing und 2.9 km vor Seebach  Langsamer Verkehr Reisezeitverlust: 0 Minuten Durchschnittsgeschwindigkeit: 72 km/h",48.7617062779381,13.0597813147624
"A3","undefined--vi-avl.2025-05-22_21-41-30-000.f_001.de0","49.7489840308776,9.842860364004387,49.7489840308776,9.842860364004387","49.7489840308776,9.842860364004387","WARNING","A3 | Würzburg/Kist - Würzburg/Kist"," Frankfurt -> Würzburg",NA,"STATIONARY_TRAFFIC","23",2025-05-22,"Beginn: 22.05.25 um 22:21 Uhr  Angespannte Verkehrslage, seit 22.05.2025, 22:21 A3: Frankfurt -> Würzburg, 0.2 km vor AS Würzburg/Kist, aus Richtung Würzburg-West  Im Stillstand Durchschnittsgeschwindigkeit: 23 km/h",49.7489840308776,9.84286036400439
"A3","undefined--vi-zus.2025-05-22_21-06-30-000.f.de0","49.74897798314597,9.842943123183018,49.7491864064456,9.88872952485159","49.74897798314597,9.842943123183018","WARNING","A3 | Würzburg-West - Würzburg-Heidingsfeld"," Frankfurt -> Würzburg",7,"STATIONARY_TRAFFIC","22.799999237060547",2025-05-22,"Beginn: 22.05.25 um 21:06 Uhr  Zusammengesetzte Verkehrsinformation, seit 22.05.2025, 21:06 A3: Frankfurt -> Würzburg, zwischen 1.8 km hinter AD Würzburg-West und 3.0 km vor AS Würzburg-Heidingsfeld  Im Stillstand Reisezeitverlust: 7 Minuten Durchschnittsgeschwindigkeit: 22 km/h",49.748977983146,9.84294312318302
"A3","undefined--vi-hind.2025-05-22_21-37-00-000.f_002.de0","49.991534025519144,9.082757533950018,49.991139900941164,9.17131260000005","49.991534025519144,9.082757533950018","WARNING","A3 | Aschaffenburg - Einhausung West"," Frankfurt -> Würzburg",NA,NA,NA,2025-05-22,"Beginn: 22.05.25 um 21:37 Uhr  Fahrzeug-Hindernis, seit 22.05.2025, 21:37 A3: Frankfurt -> Würzburg, zwischen 0.6 km hinter AS Aschaffenburg und 1.4 km vor Einhausung West Gefahr durch ein defektes Fahrzeug auf der Fahrbahn",49.9915340255191,9.08275753395002
"A3","undefined--vi-hind.2025-05-22_20-22-30-000.f_013.de0","50.028516101261786,8.467805754156764,50.05078182217907,8.392346174137321","50.028516101261786,8.467805754156764","WARNING","A3 | Raunheim - Wiesbadener Kreuz"," Frankfurt -> Köln",NA,NA,NA,2025-05-22,"Beginn: 22.05.25 um 20:22 Uhr  Fahrzeug-Hindernis, seit 22.05.2025, 20:22 A3: Frankfurt -> Köln, zwischen 0.6 km hinter AS Raunheim und 0.6 km vor AK Wiesbadener Kreuz",50.0285161012618,8.46780575415676
"A3","undefined--vi-avl.2025-05-22_22-19-30-000.f_002.de0","51.89839901701434,6.165717280673193,51.89839901701434,6.165717280673193","51.89839901701434,6.165717280673193","WARNING","A3 | Knauheide - Knauheide"," Arnheim -> Oberhausen",NA,"QUEUING_TRAFFIC","20",2025-05-22,"Beginn: 22.05.25 um 22:20 Uhr  Angespannte Verkehrslage, seit 22.05.2025, 22:20 A3: Arnheim -> Oberhausen, 0.1 km vor Knauheide, aus Richtung Elten  Stockender Verkehr Durchschnittsgeschwindigkeit: 20 km/h",51.8983990170143,6.16571728067319
"A3","undefined--vi-avl.2025-05-22_22-19-30-000.f_007.de0","51.89839901701434,6.165717280673193,51.89532710093108,6.168877099986451","51.89839901701434,6.165717280673193","WARNING","A3 | Elten - Elten"," Arnheim -> Oberhausen",0,"QUEUING_TRAFFIC","33",2025-05-22,"Beginn: 22.05.25 um 22:19 Uhr  Angespannte Verkehrslage, seit 22.05.2025, 22:19 A3: Arnheim -> Oberhausen, zwischen 0.4 km hinter Elten und 1.4 km vor AS Elten  Stockender Verkehr Reisezeitverlust: 0 Minuten Durchschnittsgeschwindigkeit: 33 km/h",51.8983990170143,6.16571728067319
"A4","undefined--vi-avl.2025-05-22_22-23-30-000.f_004.de0","50.89926412806183,6.907406735887428,50.89341741652361,6.9202939282344405","50.89926412806183,6.907406735887428","WARNING","A4 | Köln-West - Köln-Eifeltor"," Heerlen/Aachen -> Köln",0,"SLOW_TRAFFIC","52.099998474121094",2025-05-22,"Beginn: 22.05.25 um 22:23 Uhr  Angespannte Verkehrslage, seit 22.05.2025, 22:23 A4: Heerlen/Aachen -> Köln, zwischen 5.3 km hinter AK Köln-West und 0.4 km vor AS Köln-Eifeltor  Langsamer Verkehr Reisezeitverlust: 0 Minuten Durchschnittsgeschwindigkeit: 52 km/h",50.8992641280618,6.90740673588743
"A4","undefined--vi-avl.2025-05-22_22-21-30-000.f_004.de0","50.86788851660809,9.786194449786517,50.86011458053072,9.77188994014853","50.86788851660809,9.786194449786517","WARNING","A4 | Friedewald - Bad Hersfeld"," Erfurt -> Bad Hersfeld",0,"SLOW_TRAFFIC","42.5",2025-05-22,"Beginn: 22.05.25 um 22:21 Uhr  Angespannte Verkehrslage, seit 22.05.2025, 22:21 A4: Erfurt -> Bad Hersfeld, zwischen 6.1 km hinter AS Friedewald und 3.7 km vor AS Bad Hersfeld  Langsamer Verkehr Reisezeitverlust: 0 Minuten Durchschnittsgeschwindigkeit: 42 km/h",50.8678885166081,9.78619444978652
"A4","undefined--vi-hind.2025-05-22_20-56-30-000.f_001.de0","50.89708170509444,10.967265451285684,50.905583600936744,11.008554600003075","50.89708170509444,10.967265451285684","WARNING","A4 | Kreuz Erfurt - Willrodaer Forst"," Erfurt -> Chemnitz",NA,NA,NA,2025-05-22,"Beginn: 22.05.25 um 20:56 Uhr  Fahrzeug-Hindernis, seit 22.05.2025, 20:56 A4: Erfurt -> Chemnitz, zwischen 0.9 km hinter AK Kreuz Erfurt und 4.6 km vor Willrodaer Forst Gefahr durch ein defektes Fahrzeug auf der Fahrbahn",50.8970817050944,10.9672654512857
"A4","undefined--vi-hind.2025-05-22_20-06-00-000.f_005.de0","50.88446160093708,12.15258750002558,50.87178961556164,12.221168510373618","50.88446160093708,12.15258750002558","WARNING","A4 | Gera-Leumnitz - Ronneburg"," Erfurt -> Chemnitz",NA,NA,NA,2025-05-22,"Beginn: 22.05.25 um 20:06 Uhr  Fahrzeug-Hindernis, seit 22.05.2025, 20:06 A4: Erfurt -> Chemnitz, zwischen 0.2 km hinter AS Gera-Leumnitz und 0.5 km vor AS Ronneburg Gefahr durch ein defektes Fahrzeug auf der Fahrbahn",50.8844616009371,12.1525875000256
"A4","undefined--vi-avl.2025-05-22_22-21-30-000.f_002.de0","51.061020785876174,13.513773142847826,51.06012329526552,13.49636589134552","51.061020785876174,13.513773142847826","WARNING","A4 | Wilsdruff - Nossen"," Dresden -> Chemnitz",0,"SLOW_TRAFFIC","56.400001525878906",2025-05-22,"Beginn: 22.05.25 um 22:21 Uhr  Angespannte Verkehrslage, seit 22.05.2025, 22:21 A4: Dresden -> Chemnitz, zwischen 0.9 km hinter AS Wilsdruff und 9.4 km vor AD Nossen  Langsamer Verkehr Reisezeitverlust: 0 Minuten Durchschnittsgeschwindigkeit: 56 km/h",51.0610207858762,13.5137731428478
"A5","undefined--vi-hind.2025-05-22_22-03-00-000.f_003.de0","48.96779912603572,8.426862628624372,48.96148190094514,8.41002129999987","48.96779912603572,8.426862628624372","WARNING","A5 | Karlsruhe - Ettlingen"," Heidelberg -> Basel",NA,NA,NA,2025-05-22,"Beginn: 22.05.25 um 22:03 Uhr  Fahrzeug-Hindernis, seit 22.05.2025, 22:03 A5: Heidelberg -> Basel, zwischen 1.1 km hinter AD Karlsruhe und 0.3 km vor AS Ettlingen Gefahr durch ein defektes Fahrzeug auf der Fahrbahn",48.9677991260357,8.42686262862437
"A5","undefined--vi-avl.2025-05-22_20-05-30-000.f_007.de0","50.6480101701003,9.001322157420951,50.6754481440735,9.027689095711098","50.6480101701003,9.001322157420951","WARNING","A5 | Homberg (Ohm) - Krachgarten"," Frankfurt -> Kassel",11,"STATIONARY_TRAFFIC","16.100000381469727",2025-05-22,"Beginn: 22.05.25 um 20:05 Uhr  Angespannte Verkehrslage, seit 22.05.2025, 20:05 A5: Frankfurt -> Kassel, zwischen 0.9 km hinter AS Homberg (Ohm) und 8.1 km vor Krachgarten  Im Stillstand Reisezeitverlust: 11 Minuten Durchschnittsgeschwindigkeit: 16 km/h",50.6480101701003,9.00132215742095
"A5","undefined--vi-avl.2025-05-22_20-05-30-000.f_005.de0","50.6480101701003,9.001322157420951,50.6480101701003,9.001322157420951","50.6480101701003,9.001322157420951","WARNING","A5 | Krachgarten - Krachgarten"," Frankfurt -> Kassel",NA,"STATIONARY_TRAFFIC","12",2025-05-22,"Beginn: 22.05.25 um 22:21 Uhr  Angespannte Verkehrslage, seit 22.05.2025, 22:21 A5: Frankfurt -> Kassel, 11.8 km vor Krachgarten, aus Richtung Homberg (Ohm)  Im Stillstand Durchschnittsgeschwindigkeit: 12 km/h",50.6480101701003,9.00132215742095
"A6","undefined--vi-zus.2025-05-22_21-31-30-000.f.de0","49.20188635965276,9.086687089476822,49.19084746349316,9.113747397295729","49.20188635965276,9.086687089476822","WARNING","A6 | Bad Rappenau - Heilbronn/Untereisesheim"," Mannheim -> Heilbronn",3,"STATIONARY_TRAFFIC","32.5",2025-05-22,"Beginn: 22.05.25 um 21:31 Uhr  Zusammengesetzte Verkehrsinformation, seit 22.05.2025, 21:31 A6: Mannheim -> Heilbronn, zwischen 1.3 km hinter AS Bad Rappenau und 6.6 km vor AS Heilbronn/Untereisesheim  Im Stillstand Reisezeitverlust: 3 Minuten Durchschnittsgeschwindigkeit: 32 km/h",49.2018863596528,9.08668708947682
"A6","undefined--vi-avl.2025-05-22_22-23-30-000.f_003.de0","49.198396918166154,9.09377221322503,49.198396918166154,9.09377221322503","49.198396918166154,9.09377221322503","WARNING","A6 | Heilbronn/Untereisesheim - Heilbronn/Untereisesheim"," Mannheim -> Heilbronn",NA,"STATIONARY_TRAFFIC","13",2025-05-22,"Beginn: 22.05.25 um 22:23 Uhr  Angespannte Verkehrslage, seit 22.05.2025, 22:23 A6: Mannheim -> Heilbronn, 8.3 km vor AS Heilbronn/Untereisesheim, aus Richtung Bad Rappenau  Im Stillstand Durchschnittsgeschwindigkeit: 13 km/h",49.1983969181662,9.09377221322503
"A6","undefined--vi-hind.2025-05-22_21-55-30-000.f_001.de0","49.20125960094429,9.68633460000017,49.18565100094434,9.735251300000186","49.20125960094429,9.68633460000017","WARNING","A6 | Hohenlohe - Schwäbisch Hall"," Heilbronn -> Nürnberg",NA,NA,NA,2025-05-22,"Beginn: 22.05.25 um 21:55 Uhr  Fahrzeug-Hindernis, seit 22.05.2025, 21:55 A6: Heilbronn -> Nürnberg, zwischen 3.5 km hinter Hohenlohe und 0.3 km vor AS Schwäbisch Hall Gefahr durch ein defektes Fahrzeug auf der Fahrbahn",49.2012596009443,9.68633460000017
"A6","undefined--vi-avl.2025-05-22_21-24-00-000.f_001.de0","49.177312283564525,9.961421913186609,49.17932790487041,10.033212928275724","49.177312283564525,9.961421913186609","WARNING","A6 | Kirchberg - Crailsheim"," Heilbronn -> Nürnberg",5,"QUEUING_TRAFFIC","39.29999923706055",2025-05-22,"Beginn: 22.05.25 um 21:24 Uhr  Angespannte Verkehrslage, seit 22.05.2025, 21:24 A6: Heilbronn -> Nürnberg, zwischen AS Kirchberg und 3.0 km vor AS Crailsheim  Stockender Verkehr Reisezeitverlust: 5 Minuten Durchschnittsgeschwindigkeit: 39 km/h",49.1773122835645,9.96142191318661
"A7","undefined--vi-zus.2025-05-22_22-04-00-000.f.de0","47.57144969209724,10.660382444103417,47.57538933115995,10.661761037364318","47.57144969209724,10.660382444103417","WARNING","A7 | Grenztunnel Füssen - Reinertshofertunnel"," Füssen/Reutte -> Ulm",1,"QUEUING_TRAFFIC","18.799999237060547",2025-05-22,"Beginn: 22.05.25 um 22:04 Uhr  Zusammengesetzte Verkehrsinformation, seit 22.05.2025, 22:04 A7: Füssen/Reutte -> Ulm, zwischen 1.4 km hinter Grenztunnel Füssen und 2.9 km vor Reinertshofertunnel  Stockender Verkehr Reisezeitverlust: 1 Minuten Durchschnittsgeschwindigkeit: 18 km/h",47.5714496920972,10.6603824441034
"A7","undefined--vi-avl.2025-05-22_22-12-30-000.f_005.de0","47.57281715255463,10.660730130503572,47.57281715255463,10.660730130503572","47.57281715255463,10.660730130503572","WARNING","A7 | Grenztunnel Füssen - Grenztunnel Füssen"," Ulm -> Füssen/Reutte",NA,"SLOW_TRAFFIC","25",2025-05-22,"Beginn: 22.05.25 um 22:20 Uhr  Angespannte Verkehrslage, seit 22.05.2025, 22:20 A7: Ulm -> Füssen/Reutte, 1.5 km vor Grenztunnel Füssen, aus Richtung Füssen  Langsamer Verkehr Durchschnittsgeschwindigkeit: 25 km/h",47.5728171525546,10.6607301305036
"A7","undefined--vi-avl.2025-05-22_22-11-00-000.f_001.de0","47.57281715255463,10.660730130503572,47.56588319129067,10.658512500275656","47.57281715255463,10.660730130503572","WARNING","A7 | Füssen - Grenztunnel Füssen"," Ulm -> Füssen/Reutte",0,"SLOW_TRAFFIC","30.5",2025-05-22,"Beginn: 22.05.25 um 22:11 Uhr  Angespannte Verkehrslage, seit 22.05.2025, 22:11 A7: Ulm -> Füssen/Reutte, zwischen 0.1 km hinter AS Füssen und 0.7 km vor Grenztunnel Füssen  Langsamer Verkehr Reisezeitverlust: 0 Minuten Durchschnittsgeschwindigkeit: 30 km/h",47.5728171525546,10.6607301305036
"A7","undefined--vi-avl.2025-05-22_22-19-30-000.f_008.de0","47.57145842080008,10.660385661305725,47.57145842080008,10.660385661305725","47.57145842080008,10.660385661305725","WARNING","A7 | Füssen - Füssen"," Füssen/Reutte -> Ulm",NA,"QUEUING_TRAFFIC","6",2025-05-22,"Beginn: 22.05.25 um 22:21 Uhr  Angespannte Verkehrslage, seit 22.05.2025, 22:21 A7: Füssen/Reutte -> Ulm, 0.3 km vor AS Füssen, aus Richtung Grenztunnel Füssen  Stockender Verkehr Durchschnittsgeschwindigkeit: 6 km/h",47.5714584208001,10.6603856613057
"A7","undefined--vi-avl.2025-05-22_20-50-00-000.f.de0","47.62617275363063,10.640423470492248,47.61239211798311,10.65847583436195","47.62617275363063,10.640423470492248","WARNING","A7 | Nesselwang - Reinertshofertunnel"," Ulm -> Füssen/Reutte",1,"SLOW_TRAFFIC","63.29999923706055",2025-05-22,"Beginn: 22.05.25 um 20:50 Uhr  Angespannte Verkehrslage, seit 22.05.2025, 20:50 A7: Ulm -> Füssen/Reutte, zwischen 8.9 km hinter AS Nesselwang und 1.4 km vor Reinertshofertunnel  Langsamer Verkehr Reisezeitverlust: 1 Minuten Durchschnittsgeschwindigkeit: 63 km/h",47.6261727536306,10.6404234704922
"A7","undefined--vi-hind.2025-05-22_22-02-30-000.f.de0","53.35058564804535,10.038116655903693,53.35157217921119,10.038010259530633","53.35058564804535,10.038116655903693","WARNING","A7 | Seevetal - Horster Dreieck"," Hannover -> Hamburg",NA,NA,NA,2025-05-22,"Beginn: 22.05.25 um 22:02 Uhr  Fahrzeug-Hindernis, seit 22.05.2025, 22:02 A7: Hannover -> Hamburg, zwischen 0.3 km hinter Seevetal und 3.6 km vor AD Horster Dreieck Gefahr durch ein defektes Fahrzeug auf der Fahrbahn",53.3505856480454,10.0381166559037
"A7","undefined--vi-zus.2025-03-31_00-40-00-000.f_018.de0","53.579141433849884,9.913430072127355,53.55636870091902,9.897540700000414","53.579141433849884,9.913430072127355","WARNING","A7 | Hamburg-Volkspark - Elbtunnel (Nordportal)"," Flensburg -> Hamburg",NA,NA,NA,2025-03-31,"Beginn: 31.03.25 um 00:40 Uhr  Zusammengesetzte Verkehrsinformation, seit 31.03.2025, 00:40 A7: Flensburg -> Hamburg, zwischen 0.4 km hinter AS Hamburg-Volkspark und 0.9 km vor Elbtunnel (Nordportal)  A7 Flensburg Richtung Hamburg Ausfahrt Hamburg-Othmarschen Fahrbahnverengung, maximale Fahrbahnbreite von 4,50 m, Bauarbeiten, bis 29.09.2025",53.5791414338499,9.91343007212735
"A7","undefined--vi-avl.2025-05-22_20-21-30-000.f_006.de0","54.804956120681226,9.328584387866814,54.804956120681226,9.328584387866814","54.804956120681226,9.328584387866814","WARNING","A7 | Ellund - Ellund"," Flensburg -> Hamburg",NA,"STATIONARY_TRAFFIC","12",2025-05-22,"Beginn: 22.05.25 um 22:21 Uhr  Angespannte Verkehrslage, seit 22.05.2025, 22:21 A7: Flensburg -> Hamburg, 0.1 km vor Ellund, aus Richtung Ellund  Im Stillstand Durchschnittsgeschwindigkeit: 12 km/h",54.8049561206812,9.32858438786681
"A7","undefined--vi-avl.2025-05-22_20-15-00-000.f_001.de0","54.8049820054157,9.328571338481932,54.80066594276168,9.33076576341325","54.8049820054157,9.328571338481932","WARNING","A7 | Ellund - Flensburg/Harrislee"," Flensburg -> Hamburg",1,"STATIONARY_TRAFFIC","21.399999618530273",2025-05-22,"Beginn: 22.05.25 um 20:15 Uhr  Angespannte Verkehrslage, seit 22.05.2025, 20:15 A7: Flensburg -> Hamburg, zwischen 0.1 km hinter Ellund und 3.3 km vor AS Flensburg/Harrislee  Im Stillstand Reisezeitverlust: 1 Minuten Durchschnittsgeschwindigkeit: 21 km/h",54.8049820054157,9.32857133848193
"A8","undefined--vi-zus.2025-03-26_17-59-56-000.f_013.de0","49.32575278791285,7.172731755291576,49.327350714671546,7.213275819282444","49.32575278791285,7.172731755291576","WARNING","A8 | Neunkirchen/Spiesen - Kohlhof"," Saarlouis -> Neunkirchen",NA,NA,NA,2025-03-26,"Beginn: 26.03.25 um 17:59 Uhr  Zusammengesetzte Verkehrsinformation, seit 26.03.2025, 17:59 A8: Saarlouis -> Neunkirchen, zwischen 1.5 km hinter AS Neunkirchen/Spiesen und 1.0 km vor Kohlhof  A8 Saarlouis - Neunkirchen zwischen Neunkirchen-Spiesen und Neunkirchen-Oberstadt in beiden Richtungen Bauarbeiten, bis voraussichtlich 01.06.2025",49.3257527879128,7.17273175529158
"A8","undefined--vi-zus.2025-05-14_09-26-56-000.f.de0","49.32628400979037,7.229641516813452,49.329166750017514,7.1882642393148934","49.32628400979037,7.229641516813452","WARNING","A8 | Neunkirchen-Wellesweiler - Neunkirchen/Spiesen"," Neunkirchen -> Saarlouis",NA,NA,NA,2025-05-14,"Beginn: 14.05.25 um 09:26 Uhr  Zusammengesetzte Verkehrsinformation, seit 14.05.2025, 09:26 A8: Neunkirchen -> Saarlouis, zwischen 0.4 km hinter AS Neunkirchen-Wellesweiler und 2.7 km vor AS Neunkirchen/Spiesen  A8 Saarlouis - Neunkirchen zwischen Neunkirchen-Spiesen und Neunkirchen-Oberstadt in beiden Richtungen Bauarbeiten, bis voraussichtlich 01.06.2025",49.3262840097904,7.22964151681345
"A8","undefined--vi-avl.2025-05-22_19-56-00-000.f.de0","48.91803811289488,8.76027550146389,48.8638837987594,8.79289482405336","48.91803811289488,8.76027550146389","WARNING","A8 | Pforzheim-Nord - Heimsheim"," Karlsruhe -> Stuttgart",23,"STATIONARY_TRAFFIC","14.199999809265137",2025-05-22,"Beginn: 22.05.25 um 19:56 Uhr  Angespannte Verkehrslage, seit 22.05.2025, 19:56 A8: Karlsruhe -> Stuttgart, zwischen 3.6 km hinter AS Pforzheim-Nord und 7.3 km vor AS Heimsheim  Im Stillstand Reisezeitverlust: 23 Minuten Durchschnittsgeschwindigkeit: 14 km/h",48.9180381128949,8.76027550146389
"A8","undefined--vi-avl.2025-05-22_22-17-30-000.f_002.de0","48.91803811289488,8.76027550146389,48.91803811289488,8.76027550146389","48.91803811289488,8.76027550146389","WARNING","A8 | Pforzheim-Ost - Pforzheim-Ost"," Karlsruhe -> Stuttgart",NA,"STATIONARY_TRAFFIC","14",2025-05-22,"Beginn: 22.05.25 um 22:21 Uhr  Angespannte Verkehrslage, seit 22.05.2025, 22:21 A8: Karlsruhe -> Stuttgart, 0.6 km vor AS Pforzheim-Ost, aus Richtung Pforzheim-Nord  Im Stillstand Durchschnittsgeschwindigkeit: 14 km/h",48.9180381128949,8.76027550146389
"A9","undefined--vi-avl.2025-05-22_22-05-00-000.f.de0","48.40286560688723,11.59005297749408,48.426306083157925,11.589594234203448","48.40286560688723,11.59005297749408","WARNING","A9 | Aster Moos - Allershausen"," München -> Nürnberg",0,"SLOW_TRAFFIC","75.5",2025-05-22,"Beginn: 22.05.25 um 22:05 Uhr  Angespannte Verkehrslage, seit 22.05.2025, 22:05 A9: München -> Nürnberg, zwischen 2.0 km hinter Aster Moos und 0.3 km vor AS Allershausen  Langsamer Verkehr Reisezeitverlust: 0 Minuten Durchschnittsgeschwindigkeit: 75 km/h",48.4028656068872,11.5900529774941
"A9","undefined--vi-zus.2025-05-22_19-46-00-000.f.de0","48.736107805751615,11.46836292280505,48.750090504975454,11.45829990841449","48.736107805751615,11.46836292280505","WARNING","A9 | Neuburg a.d.Donau - Ingolstadt-Süd"," München -> Nürnberg",1,"SLOW_TRAFFIC","49.70000076293945",2025-05-22,"Beginn: 22.05.25 um 19:46 Uhr  Zusammengesetzte Verkehrsinformation, seit 22.05.2025, 19:46 A9: München -> Nürnberg, zwischen 2.9 km hinter AS Neuburg a.d.Donau und 0.1 km vor AS Ingolstadt-Süd  Langsamer Verkehr Reisezeitverlust: 1 Minuten Durchschnittsgeschwindigkeit: 49 km/h",48.7361078057516,11.468362922805
"A9","undefined--vi-avl.2025-05-22_22-23-30-000.f.de0","49.37316432117865,11.200834419181593,49.37316432117865,11.200834419181593","49.37316432117865,11.200834419181593","WARNING","A9 | Nürnberg/Feucht - Nürnberg/Feucht"," Nürnberg -> München",NA,"QUEUING_TRAFFIC","25",2025-05-22,"Beginn: 22.05.25 um 22:23 Uhr  Angespannte Verkehrslage, seit 22.05.2025, 22:23 A9: Nürnberg -> München, 1.8 km vor Nürnberg/Feucht, aus Richtung Nürnberg-Ost  Stockender Verkehr Durchschnittsgeschwindigkeit: 25 km/h",49.3731643211786,11.2008344191816
"A9","undefined--vi-avl.2025-05-22_22-18-00-000.f_001.de0","49.37320912830344,11.200828726433823,49.35005294134016,11.20358224792578","49.37320912830344,11.200828726433823","WARNING","A9 | Nürnberg-Ost - Nürnberg/Feucht"," Halle/Leipzig -> München",3,"QUEUING_TRAFFIC","32.20000076293945",2025-05-22,"Beginn: 22.05.25 um 22:18 Uhr  Angespannte Verkehrslage, seit 22.05.2025, 22:18 A9: Halle/Leipzig -> München, zwischen 2.5 km hinter AK Nürnberg-Ost und 0.1 km vor AD Nürnberg/Feucht  Stockender Verkehr Reisezeitverlust: 3 Minuten Durchschnittsgeschwindigkeit: 32 km/h",49.3732091283034,11.2008287264338
"A9","undefined--vi-hind.2025-05-22_21-42-30-000.f_002.de0","50.44453630093916,11.802598700014977,50.408858000939354,11.775512700014332","50.44453630093916,11.802598700014977","WARNING","A9 | Schleiz - Rudolphstein"," Halle/Leipzig -> Nürnberg",NA,NA,NA,2025-05-22,"Beginn: 22.05.25 um 21:42 Uhr  Fahrzeug-Hindernis, seit 22.05.2025, 21:42 A9: Halle/Leipzig -> Nürnberg, zwischen 12.5 km hinter AS Schleiz und AS Rudolphstein Gefahr durch ein defektes Fahrzeug auf der Fahrbahn",50.4445363009392,11.802598700015
"A9","undefined--vi-zus.2025-05-22_19-09-08-000.f_003.de0","50.93135888419371,11.837451700388248,50.95333130934749,11.838098198156477","50.93135888419371,11.837451700388248","WARNING","A9 | Bad Klosterlausnitz - Kuhberg"," Nürnberg -> Halle/Leipzig",1,"SLOW_TRAFFIC","56.099998474121094",2025-05-22,"Beginn: 22.05.25 um 19:09 Uhr  Zusammengesetzte Verkehrsinformation, seit 22.05.2025, 19:09 A9: Nürnberg -> Halle/Leipzig, zwischen 2.3 km hinter AS Bad Klosterlausnitz und 1.7 km vor Kuhberg  Langsamer Verkehr Reisezeitverlust: 1 Minuten Durchschnittsgeschwindigkeit: 56 km/h",50.9313588841937,11.8374517003882
"A12","WarnungA10Lkw3","47.61802931631098,12.202336027754352,47.61802931631098,12.202336027754352","47.61802931631098,12.202336027754352","WARNING","E45/E60 | LKW Blockabfertigung | A12-Inntal Autobahn","Richtung Italien",NA,NA,NA,2025-01-11,"Zeitraum: Beginn: 07.01.2025 Ende: 09.12.2025  Hinweis für LKW-Reisende nach Österreich: LKW-Blockabfertigungen an ausgewählten Tagen für Lkw am Grenzübergang Kufstein/Kiefersfelden. Maximaler Durchlass von 300 LKWs pro Stunde  Die genauen Ausführungszeiten und weitere Informationen auf tirol.gv.at/verkehr/verkehrs-und-seilbahnrecht/lkw-dosierung.",47.618029316311,12.2023360277544
"A12","WarnungA10Lkw2","47.6164490154047,12.202382557672273,47.6164490154047,12.202382557672273","47.6164490154047,12.202382557672273","WARNING","E43/E45/E60 | A13-Brenner Autobahn","Richtung Italien",NA,NA,NA,2025-01-11,"Zeitraum: Beginn: 11.01.2025 Ende: 27.09.2025  Hinweis für LKW-Reisende nach Österreich: LKW-Fahrverbot auf der A12-Inntal Autobahn, A13-Brenner Autobahn und A14-Rheintal/Walgau Autobahn, wenn das Ziel der Fahrt der Anschlussstelle Nößlach bis Anschlussstelle Brenner Nord der Richtungsfahrbahn Staatsgrenze der A 13 Brenner Autobahn erreicht werden soll. An ausgewählten Samstagen 7-15 Uhr sowie weiteren Tagen im Zeitraum 11.01. - 27.09.2025 Weitere Informationen auf http://asfinag.at/a13",47.6164490154047,12.2023825576723
"A15","undefined--vi-avl.2025-05-22_22-20-30-000.f_003.de0","51.708102064575144,14.40715242245038,51.70779461894658,14.435246468267069","51.708102064575144,14.40715242245038","WARNING","A15 | Cottbus-Süd - Roggosen"," Cottbus -> Breslau",0,"SLOW_TRAFFIC","66.69999694824219",2025-05-22,"Beginn: 22.05.25 um 22:20 Uhr  Angespannte Verkehrslage, seit 22.05.2025, 22:20 A15: Cottbus -> Breslau, zwischen 4.2 km hinter AS Cottbus-Süd und 2.1 km vor AS Roggosen  Langsamer Verkehr Reisezeitverlust: 0 Minuten Durchschnittsgeschwindigkeit: 66 km/h",51.7081020645751,14.4071524224504
"A17","undefined--vi-avl.2025-05-22_22-21-30-000.f_007.de0","50.82026170094333,13.887384300240237,50.82026170094333,13.887384300240237","50.82026170094333,13.887384300240237","WARNING","A17 | Am Heidenholz - Am Heidenholz"," Prag -> Dresden",NA,"STATIONARY_TRAFFIC","27",2025-05-22,"Beginn: 22.05.25 um 22:21 Uhr  Angespannte Verkehrslage, seit 22.05.2025, 22:21 A17: Prag -> Dresden, 0.2 km vor Am Heidenholz, aus Richtung Breitenau-Schönwald  Im Stillstand Durchschnittsgeschwindigkeit: 27 km/h",50.8202617009433,13.8873843002402
"A17","undefined--vi-zus.2025-05-22_22-19-00-000.f.de0","50.82026170094333,13.887384300240237,50.8244130009433,13.887895800240193","50.82026170094333,13.887384300240237","WARNING","A17 | Breitenau-Schönwald - Bad Gottleuba"," Prag -> Dresden",0,"STATIONARY_TRAFFIC","32.20000076293945",2025-05-22,"Beginn: 22.05.25 um 22:19 Uhr  Zusammengesetzte Verkehrsinformation, seit 22.05.2025, 22:19 A17: Prag -> Dresden, zwischen 4.5 km hinter Breitenau-Schönwald und 0.8 km vor AS Bad Gottleuba  Im Stillstand Reisezeitverlust: 0 Minuten Durchschnittsgeschwindigkeit: 32 km/h",50.8202617009433,13.8873843002402
"A19","undefined--vi-avl.2025-05-22_22-21-30-000.f_001.de0","54.0044172746599,12.202861587259378,54.01466502796357,12.202392377203847","54.0044172746599,12.202861587259378","WARNING","A19 | Zarnow - Rostock"," Dreieck Wittstock/Dosse -> Rostock",0,"SLOW_TRAFFIC","62.900001525878906",2025-05-22,"Beginn: 22.05.25 um 22:21 Uhr  Angespannte Verkehrslage, seit 22.05.2025, 22:21 A19: Dreieck Wittstock/Dosse -> Rostock, zwischen 4.0 km hinter Zarnow und 1.5 km vor AK Rostock  Langsamer Verkehr Reisezeitverlust: 0 Minuten Durchschnittsgeschwindigkeit: 62 km/h",54.0044172746599,12.2028615872594
"A20","undefined--vi-hind.2025-05-22_21-07-30-000.f_003.de0","53.79339882247449,13.32309670379733,53.9101602009187,13.353286100077305","53.79339882247449,13.32309670379733","WARNING","A20 | Altentreptow - Jarmen"," Stettin -> Rostock",NA,NA,NA,2025-05-22,"Beginn: 22.05.25 um 21:07 Uhr  Hindernis, seit 22.05.2025, 21:07 A20: Stettin -> Rostock, zwischen 9.3 km hinter AS Altentreptow und 0.3 km vor AS Jarmen  Gefahr durch eine ungesicherte Unfallstelle",53.7933988224745,13.3230967037973
"A23","undefined--vi-avl.2025-05-22_22-14-30-000.f.de0","53.87939466777414,9.550592638205888,53.87939466777414,9.550592638205888","53.87939466777414,9.550592638205888","WARNING","A23 | Lägerdorf - Lägerdorf"," Heide -> Hamburg",NA,"STATIONARY_TRAFFIC","7",2025-05-22,"Beginn: 22.05.25 um 22:14 Uhr  Angespannte Verkehrslage, seit 22.05.2025, 22:14 A23: Heide -> Hamburg, 1.0 km vor AS Lägerdorf, aus Richtung Itzehoe-Süd  Im Stillstand Durchschnittsgeschwindigkeit: 7 km/h",53.8793946677741,9.55059263820589
"A23","undefined--vi-hind.2025-05-22_21-17-30-000.f_002.de0","53.874367900916404,9.55720340000026,53.89486107173413,9.516968160762557","53.874367900916404,9.55720340000026","WARNING","A23 | Lägerdorf - Itzehoe-Süd"," Hamburg -> Heide",NA,NA,NA,2025-05-22,"Beginn: 22.05.25 um 21:17 Uhr  Hindernis, seit 22.05.2025, 21:17 A23: Hamburg -> Heide, zwischen 0.3 km hinter AS Lägerdorf und 0.3 km vor AS Itzehoe-Süd  Gefahr durch Gegenstände auf der Fahrbahn",53.8743679009164,9.55720340000026
"A23","undefined--vi-zus.2025-05-22_22-13-30-000.f_001.de0","53.87939466777414,9.550592638205888,53.872934052820845,9.55860230784196","53.87939466777414,9.550592638205888","WARNING","A23 | Itzehoe-Süd - Lägerdorf"," Heide -> Hamburg",2,"STATIONARY_TRAFFIC","20.100000381469727",2025-05-22,"Beginn: 22.05.25 um 22:13 Uhr  Zusammengesetzte Verkehrsinformation, seit 22.05.2025, 22:13 A23: Heide -> Hamburg, zwischen 3.1 km hinter AS Itzehoe-Süd und 0.1 km vor AS Lägerdorf  Im Stillstand Reisezeitverlust: 2 Minuten Durchschnittsgeschwindigkeit: 20 km/h",53.8793946677741,9.55059263820589
"A23","undefined--vi-unf.2025-05-22_21-10-30-000.f_001.de0","53.89625574280652,9.513680184612628,53.87142150091644,9.560344100000243","53.89625574280652,9.513680184612628","WARNING","A23 | Stör - Hohenfelde"," Heide -> Hamburg",NA,NA,NA,2025-05-22,"Beginn: 22.05.25 um 21:10 Uhr  Unfall, seit 22.05.2025, 21:10 A23: Heide -> Hamburg, zwischen 4.3 km hinter Stör und 4.0 km vor AS Hohenfelde",53.8962557428065,9.51368018461263
"A23","undefined--vi-unf.2025-05-22_21-28-00-000.f_001.de0","53.89625574280652,9.513680184612628,53.87142150091644,9.560344100000243","53.89625574280652,9.513680184612628","WARNING","A23 | Stör - Hohenfelde"," Heide -> Hamburg",NA,NA,NA,2025-05-22,"Beginn: 22.05.25 um 21:28 Uhr  Unfall, seit 22.05.2025, 21:28 A23: Heide -> Hamburg, zwischen 4.3 km hinter Stör und 4.0 km vor AS Hohenfelde",53.8962557428065,9.51368018461263
"A23","undefined--vi-unf.2025-05-22_20-29-00-000.f_003.de0","54.027668324897114,9.447596103603962,53.96056367403544,9.491281388041903","54.027668324897114,9.447596103603962","WARNING","A23 | Schenefeld - Itzehoe-Nord"," Heide -> Hamburg",NA,NA,NA,2025-05-22,"Beginn: 22.05.25 um 20:29 Uhr  Unfall, seit 22.05.2025, 20:29 A23: Heide -> Hamburg, zwischen 0.4 km hinter AS Schenefeld und 0.4 km vor AS Itzehoe-Nord",54.0276683248971,9.44759610360396
"A23","undefined--vi-unf.2025-05-22_20-09-30-000.f_003.de0","54.027668324897114,9.447596103603962,53.96056367403544,9.491281388041903","54.027668324897114,9.447596103603962","WARNING","A23 | Schenefeld - Itzehoe-Nord"," Heide -> Hamburg",NA,NA,NA,2025-05-22,"Beginn: 22.05.25 um 20:09 Uhr  Unfall, seit 22.05.2025, 20:09 A23: Heide -> Hamburg, zwischen 0.4 km hinter AS Schenefeld und 0.4 km vor AS Itzehoe-Nord",54.0276683248971,9.44759610360396
"A27","undefined--vi-avl.2025-05-22_22-23-30-000.f_001.de0","53.84085850091669,8.733783899999885,53.84085850091669,8.733783899999885","53.84085850091669,8.733783899999885","WARNING","A27 | Altenwalde - Altenwalde"," Cuxhaven -> Bremerhaven",NA,"SLOW_TRAFFIC","23",2025-05-22,"Beginn: 22.05.25 um 22:23 Uhr  Angespannte Verkehrslage, seit 22.05.2025, 22:23 A27: Cuxhaven -> Bremerhaven, 3.0 km vor AS Altenwalde, aus Richtung Cuxhaven  Langsamer Verkehr Durchschnittsgeschwindigkeit: 23 km/h",53.8408585009167,8.73378389999989
"A27","undefined--vi-avl.2025-05-22_22-23-30-000.f_002.de0","53.83535826428435,8.72828986447005,53.83535826428435,8.72828986447005","53.83535826428435,8.72828986447005","WARNING","A27 | Altenwalde - Altenwalde"," Cuxhaven -> Bremerhaven",NA,"STATIONARY_TRAFFIC","5",2025-05-22,"Beginn: 22.05.25 um 22:23 Uhr  Angespannte Verkehrslage, seit 22.05.2025, 22:23 A27: Cuxhaven -> Bremerhaven, 2.2 km vor AS Altenwalde, aus Richtung Cuxhaven  Im Stillstand Durchschnittsgeschwindigkeit: 5 km/h",53.8353582642844,8.72828986447005
"A27","undefined--vi-avl.2025-05-22_22-23-00-000.f.de0","53.83535826428435,8.72828986447005,53.83535826428435,8.72828986447005","53.83535826428435,8.72828986447005","WARNING","A27 | Cuxhaven - Altenwalde"," Cuxhaven -> Bremerhaven",1,"STATIONARY_TRAFFIC","5.400000095367432",2025-05-22,"Beginn: 22.05.25 um 22:23 Uhr  Angespannte Verkehrslage, seit 22.05.2025, 22:23 A27: Cuxhaven -> Bremerhaven, zwischen 0.7 km hinter Cuxhaven und 2.1 km vor AS Altenwalde  Im Stillstand Reisezeitverlust: 1 Minuten Durchschnittsgeschwindigkeit: 5 km/h",53.8353582642844,8.72828986447005
"A27","undefined--vi-avl.2025-05-22_22-10-30-000.f.de0","53.83883256658721,8.732501968435157,53.83883256658721,8.732501968435157","53.83883256658721,8.732501968435157","WARNING","A27 | Cuxhaven - Cuxhaven"," Bremerhaven -> Cuxhaven",NA,"STATIONARY_TRAFFIC","2",2025-05-22,"Beginn: 22.05.25 um 22:21 Uhr  Angespannte Verkehrslage, seit 22.05.2025, 22:21 A27: Bremerhaven -> Cuxhaven, 0.2 km vor Cuxhaven, aus Richtung Altenwalde  Im Stillstand Durchschnittsgeschwindigkeit: 2 km/h",53.8388325665872,8.73250196843516
"A28","undefined--vi-hind.2025-05-22_20-47-32-000.f_003.de0","53.18746398486491,8.104785572647241,53.158011165681295,8.164113359957128","53.18746398486491,8.104785572647241","WARNING","A28 | Neuenkruge - Oldenburg-Wechloy"," Leer -> Oldenburg",NA,NA,NA,2025-05-22,"Beginn: 22.05.25 um 20:47 Uhr  Hindernis, seit 22.05.2025, 20:47 A28: Leer -> Oldenburg, zwischen 0.2 km hinter AS Neuenkruge und 0.4 km vor AS Oldenburg-Wechloy  Gefahr durch Gegenstände auf der Fahrbahn",53.1874639848649,8.10478557264724
"A31","undefined--vi-avl.2025-05-22_17-49-56-000.f_016.de0","52.1169689276444,7.086497118105593,52.135186734791155,7.089543852877889","52.1169689276444,7.086497118105593","WARNING","A31 | Averbeck - Gronau/Ochtrup"," Oberhausen -> Gronau",1,"SLOW_TRAFFIC","65.0999984741211",2025-05-22,"Beginn: 22.05.25 um 17:49 Uhr  Angespannte Verkehrslage, seit 22.05.2025, 17:49 A31: Oberhausen -> Gronau, zwischen 1.4 km hinter Averbeck und 6.6 km vor AS Gronau/Ochtrup  Langsamer Verkehr Reisezeitverlust: 1 Minuten Durchschnittsgeschwindigkeit: 65 km/h",52.1169689276444,7.08649711810559
"A31","undefined--vi-unf.2025-05-22_21-08-30-000.f_001.de0","52.986537716335604,7.2506105989016145,52.87785819686398,7.228637265192921","52.986537716335604,7.2506105989016145","WARNING","A31 | Rhede (Ems) - Lathen"," Leer -> Meppen",NA,NA,NA,2025-05-22,"Beginn: 22.05.25 um 21:08 Uhr  Unfall, seit 22.05.2025, 21:08 A31: Leer -> Meppen, zwischen 8.9 km hinter AS Rhede (Ems) und 0.1 km vor AS Lathen",52.9865377163356,7.25061059890161
"A37","undefined--vi-zus.2025-05-20_10-04-05-000.f_002.de0","52.442156462690335,9.933442989087833,52.436581812162494,9.913211841333315","52.442156462690335,9.933442989087833","WARNING","A37 | Beinhorn - Hannover-Kirchhorst"," Celle -> Hannover",NA,NA,NA,2025-05-20,"Beginn: 20.05.25 um 10:04 Uhr  Zusammengesetzte Verkehrsinformation, seit 20.05.2025, 10:04 B3: Celle -> Hannover, zwischen 0.4 km hinter AS Beinhorn und 2.1 km vor AK Hannover-Kirchhorst  A37 Messe - Burgdorf
zwischen Kreuz Hannover-Buchholz und Beinhorn
in beiden Richtungen geänderte Verkehrsführung im Baustellenbereich, Bauarbeiten, bis 30.10.2026 ca. 18:00 Uhr",52.4421564626903,9.93344298908783
"A37","undefined--vi-zus.2025-05-20_10-04-05-000.f_003.de0","52.42566547847685,9.880479425875153,52.44102213295518,9.93161290421946","52.42566547847685,9.880479425875153","WARNING","Baustelle"," km 22.62 --> km 26.54",NA,NA,NA,2025-05-20,"Beginn: 20.05.25 um 10:04 Uhr  Zusammengesetzte Verkehrsinformation, seit 20.05.2025, 10:04 A37: km 22.62 --> km 26.54  A37 Messe - Burgdorf
zwischen Kreuz Hannover-Buchholz und Beinhorn
in beiden Richtungen geänderte Verkehrsführung im Baustellenbereich, Bauarbeiten, bis 30.10.2026 ca. 18:00 Uhr",52.4256654784769,9.88047942587515
"A40","undefined--vi-avl.2025-05-23_10-40-00-000.f_022.de0","51.49586584711128,7.188980215086521,51.49600382564044,7.189722511193523","51.49586584711128,7.188980215086521","WARNING","A40 | Bochum-West - Bochum-Freudenbergstraße"," Essen -> Dortmund",0,"STATIONARY_TRAFFIC","35",2025-05-23,"Beginn: 23.05.25 um 10:40 Uhr  Angespannte Verkehrslage, seit 23.05.2025, 10:40 A40: Essen -> Dortmund, zwischen 1.8 km hinter AD Bochum-West und 0.9 km vor AS Bochum-Freudenbergstraße  Im Stillstand Reisezeitverlust: 0 Minuten Durchschnittsgeschwindigkeit: 35 km/h",51.4958658471113,7.18898021508652
"A40","undefined--vi-avl.2025-05-22_22-22-00-000.f.de0","51.49829516599127,7.215090218495339,51.49428566054392,7.235119940278447","51.49829516599127,7.215090218495339","WARNING","A40 | Bochum-Zentrum - Bochum-Grumme"," Essen -> Dortmund",1,"SLOW_TRAFFIC","45.900001525878906",2025-05-22,"Beginn: 22.05.25 um 22:22 Uhr  Angespannte Verkehrslage, seit 22.05.2025, 22:22 A40: Essen -> Dortmund, zwischen 0.2 km hinter AS Bochum-Zentrum und 0.4 km vor Bochum-Grumme  Langsamer Verkehr Reisezeitverlust: 1 Minuten Durchschnittsgeschwindigkeit: 45 km/h",51.4982951659913,7.21509021849534
"A43","undefined--vi-avl.2025-05-22_22-14-30-000.f_001.de0","51.90489801622044,7.425880751347007,51.90673711915578,7.410424223519217","51.90489801622044,7.425880751347007","WARNING","A43 | Senden - Nottuln"," Münster -> Recklinghausen",0,"SLOW_TRAFFIC","61.79999923706055",2025-05-22,"Beginn: 22.05.25 um 22:14 Uhr  Angespannte Verkehrslage, seit 22.05.2025, 22:14 A43: Münster -> Recklinghausen, zwischen 4.6 km hinter AS Senden und 0.3 km vor AS Nottuln  Langsamer Verkehr Reisezeitverlust: 0 Minuten Durchschnittsgeschwindigkeit: 61 km/h",51.9048980162204,7.42588075134701
"A44","undefined--vi-avl.2025-05-22_19-41-33-000.f.de0","51.5336687190414,7.841246844823421,51.5330901009332,7.857236499999488","51.5336687190414,7.841246844823421","WARNING","A44 | Buchenhain - Am Haarstrang"," Dortmund -> Kassel",0,"SLOW_TRAFFIC","55.70000076293945",2025-05-22,"Beginn: 22.05.25 um 19:41 Uhr  Angespannte Verkehrslage, seit 22.05.2025, 19:41 A44: Dortmund -> Kassel, zwischen 3.5 km hinter Buchenhain und 0.2 km vor Am Haarstrang  Langsamer Verkehr Reisezeitverlust: 0 Minuten Durchschnittsgeschwindigkeit: 55 km/h",51.5336687190414,7.84124684482342
"A44","undefined--vi-avl.2025-05-22_18-38-43-000.f_001.de0","51.57740352717801,8.23592309020764,51.573830305004996,8.218808528612874","51.57740352717801,8.23592309020764","WARNING","A44 | Völlinghauser Flur - Lohner Klei"," Kassel -> Dortmund",0,"SLOW_TRAFFIC","52",2025-05-22,"Beginn: 22.05.25 um 18:38 Uhr  Angespannte Verkehrslage, seit 22.05.2025, 18:38 A44: Kassel -> Dortmund, zwischen 3.0 km hinter Völlinghauser Flur und 1.1 km vor Lohner Klei  Langsamer Verkehr Reisezeitverlust: 0 Minuten Durchschnittsgeschwindigkeit: 52 km/h",51.577403527178,8.23592309020764
"A44","undefined--vi-avl.2025-05-22_18-23-04-000.f_006.de0","51.52046053405707,8.929249016056115,51.53524847671271,8.88919965741539","51.52046053405707,8.929249016056115","WARNING","A44 | Marsberg - Blankenrode"," Kassel -> Dortmund",1,"SLOW_TRAFFIC","59.70000076293945",2025-05-22,"Beginn: 22.05.25 um 18:23 Uhr  Angespannte Verkehrslage, seit 22.05.2025, 18:23 A44: Kassel -> Dortmund, zwischen 2.3 km hinter AS Marsberg und 1.3 km vor Blankenrode  Langsamer Verkehr Reisezeitverlust: 1 Minuten Durchschnittsgeschwindigkeit: 59 km/h",51.5204605340571,8.92924901605612
"A44","undefined--vi-avl.2025-05-22_19-44-30-000.f_002.de0","51.270518016473204,9.41891727287143,51.267217476185074,9.433876564638524","51.270518016473204,9.41891727287143","WARNING","A44 | Baunsberg - Kassel-West"," Dortmund -> Kassel",0,"SLOW_TRAFFIC","56",2025-05-22,"Beginn: 22.05.25 um 19:44 Uhr  Angespannte Verkehrslage, seit 22.05.2025, 19:44 A44: Dortmund -> Kassel, zwischen 0.1 km hinter Baunsberg und 1.3 km vor AK Kassel-West  Langsamer Verkehr Reisezeitverlust: 0 Minuten Durchschnittsgeschwindigkeit: 56 km/h",51.2705180164732,9.41891727287143
"A45","undefined--vi-avl.2025-05-22_21-59-00-000.f_004.de0","50.56080574636397,8.559407254807128,50.57060653659181,8.5469600437298","50.56080574636397,8.559407254807128","WARNING","A45 | Wetzlar-Süd - Wetzlar-Ost"," Gießen -> Hagen",0,"SLOW_TRAFFIC","62.400001525878906",2025-05-22,"Beginn: 22.05.25 um 21:59 Uhr  Angespannte Verkehrslage, seit 22.05.2025, 21:59 A45: Gießen -> Hagen, zwischen 0.6 km hinter AS Wetzlar-Süd und AS Wetzlar-Ost  Langsamer Verkehr Reisezeitverlust: 0 Minuten Durchschnittsgeschwindigkeit: 62 km/h",50.560805746364,8.55940725480713
"A46","undefined--vi-hind.2025-05-22_21-16-00-000.f_004.de0","51.368911650833184,7.549928750011195,51.36918685992754,7.547832452452992","51.368911650833184,7.549928750011195","WARNING","A46 | Hagen-Elsey - Hagen"," Hemer -> Hagen",NA,NA,NA,2025-05-22,"Beginn: 22.05.25 um 21:16 Uhr  Fahrzeug-Hindernis, seit 22.05.2025, 21:16 A46: Hemer -> Hagen, zwischen 2.2 km hinter AS Hagen-Elsey und 2.2 km vor AK Hagen Gefahr durch ein defektes Fahrzeug auf der Fahrbahn",51.3689116508332,7.54992875001119
"A59","undefined--vi-avl.2025-05-22_22-13-30-000.f.de0","51.466596181056644,6.76780379942059,51.47489050236077,6.766696001209629","51.466596181056644,6.76780379942059","WARNING","A59 | Duisburg-Ruhrort - Duisburg-Nord"," Duisburg -> Dinslaken",0,"SLOW_TRAFFIC","49.5",2025-05-22,"Beginn: 22.05.25 um 22:13 Uhr  Angespannte Verkehrslage, seit 22.05.2025, 22:13 A59: Duisburg -> Dinslaken, zwischen 0.5 km hinter AS Duisburg-Ruhrort und 1.0 km vor AK Duisburg-Nord  Langsamer Verkehr Reisezeitverlust: 0 Minuten Durchschnittsgeschwindigkeit: 49 km/h",51.4665961810566,6.76780379942059
"A60","undefined--vi-zus.2025-04-08_08-51-21-000.f_013.de0","49.98125533976677,8.345695317688524,49.97565770865279,8.441396718063045","49.98125533976677,8.345695317688524","WARNING","A60 | Mainspitz-Dreieck - Rüsselsheimer Dreieck"," Mainz -> Rüsselsheim",NA,NA,NA,2025-04-08,"Beginn: 08.04.25 um 08:51 Uhr  Zusammengesetzte Verkehrsinformation, seit 08.04.2025, 08:51 A60: Mainz -> Rüsselsheim, zwischen 0.5 km hinter AD Mainspitz-Dreieck und 2.2 km vor AD Rüsselsheimer Dreieck  Sperrung der A60 bei Königstädten – Grundhafte Fahrbahnerneuerung zwischen dem Rüsselsheimer Dreieck und dem Mainspitz Dreieck. Die Niederlassung West der Autobahn GmbH erneuert zwischen dem Rüsselsheimer Dreieck (30) und dem Mainspitz Dreieck (26) die Fahrbahn. Von Donnerstagmorgen (24. April) bis Mitte Juli wird die Anschlussstelle (AS) Königstädten (29) in Fahrtrichtung (FR) Mainz sowie in FR Rüsselsheimer Dreieck gesperrt. Umleitungsmöglichkeiten sind ausgeschildert: • Ausfahrt FR Mainz: Umleitung via AS Rüsselsheim-Mitte • Einfahrt FR Mainz: innerstädtische Umleitung zur AS Rüsselsheim-Mitte (Adam-Opel-Straße / Kurt-Schumacher-Ring), von Nauheim kommend via L3482 zur AS Bischofsheim • Einfahrt FR Darmstadt: innerstädtische Umleitung zur AS Rüsselsheim-Mitte (Adam-Opel-Straße / Kurt-Schumacher-Ring) Die Autobahn GmbH bittet alle Verkehrsteilnehmer um Verständnis für die unvermeidlichen Verkehrsbehinderungen, die durch die Arbeiten entstehen.",49.9812553397668,8.34569531768852
"A60","undefined--vi-zus.2025-05-03_10-55-00-000.f_003.de0","49.977457399447445,8.454646346787307,49.981587265039146,8.34517285786785","49.977457399447445,8.454646346787307","WARNING","A60 | Rüsselsheimer Dreieck - Mainspitz-Dreieck"," Rüsselsheim -> Mainz",NA,NA,NA,2025-05-03,"Beginn: 03.05.25 um 10:55 Uhr  Zusammengesetzte Verkehrsinformation, seit 03.05.2025, 10:55 A60: Rüsselsheim -> Mainz, zwischen 0.6 km hinter AD Rüsselsheimer Dreieck und 0.5 km vor AD Mainspitz-Dreieck  Sperrung der A60 bei Königstädten – Grundhafte Fahrbahnerneuerung zwischen dem Rüsselsheimer Dreieck und dem Mainspitz Dreieck. Die Niederlassung West der Autobahn GmbH erneuert zwischen dem Rüsselsheimer Dreieck (30) und dem Mainspitz Dreieck (26) die Fahrbahn. Von Donnerstagmorgen (24. April) bis Mitte Juli wird die Anschlussstelle (AS) Königstädten (29) in Fahrtrichtung (FR) Mainz sowie in FR Rüsselsheimer Dreieck gesperrt. Umleitungsmöglichkeiten sind ausgeschildert: • Ausfahrt FR Mainz: Umleitung via AS Rüsselsheim-Mitte • Einfahrt FR Mainz: innerstädtische Umleitung zur AS Rüsselsheim-Mitte (Adam-Opel-Straße / Kurt-Schumacher-Ring), von Nauheim kommend via L3482 zur AS Bischofsheim • Einfahrt FR Darmstadt: innerstädtische Umleitung zur AS Rüsselsheim-Mitte (Adam-Opel-Straße / Kurt-Schumacher-Ring) Die Autobahn GmbH bittet alle Verkehrsteilnehmer um Verständnis für die unvermeidlichen Verkehrsbehinderungen, die durch die Arbeiten entstehen.",49.9774573994474,8.45464634678731
"A64","undefined--vi-avl.2025-05-22_22-18-00-000.f.de0","49.786085127680785,6.6422896048579965,49.79020932058812,6.646868211249463","49.786085127680785,6.6422896048579965","WARNING","A64 | Trier - Anschluss B52-Trier"," Luxemburg -> Trier",0,"SLOW_TRAFFIC","27.5",2025-05-22,"Beginn: 22.05.25 um 22:18 Uhr  Angespannte Verkehrslage, seit 22.05.2025, 22:18 A64: Luxemburg -> Trier, zwischen 3.3 km hinter AS Trier und 1.0 km vor Anschluss B52-Trier  Langsamer Verkehr Reisezeitverlust: 0 Minuten Durchschnittsgeschwindigkeit: 27 km/h",49.7860851276808,6.642289604858
"A65","undefined--vi-avl.2025-05-22_22-19-30-000.f_003.de0","49.21462001091958,8.142109481843391,49.21462001091958,8.142109481843391","49.21462001091958,8.142109481843391","WARNING","A65 | Landau-Zentrum - Landau-Zentrum"," Landau -> Karlsruhe",NA,"QUEUING_TRAFFIC","27",2025-05-22,"Beginn: 22.05.25 um 22:21 Uhr  Angespannte Verkehrslage, seit 22.05.2025, 22:21 A65: Landau -> Karlsruhe, 2.4 km vor AS Landau-Zentrum, aus Richtung Landau-Nord  Stockender Verkehr Durchschnittsgeschwindigkeit: 27 km/h",49.2146200109196,8.14210948184339
"A65","undefined--vi-avl.2025-05-22_20-49-00-000.f_002.de0","49.21462001091958,8.142109481843391,49.20700713877407,8.147841108202993","49.21462001091958,8.142109481843391","WARNING","A65 | Landau-Nord - Landau-Zentrum"," Ludwigshafen -> Karlsruhe",0,"QUEUING_TRAFFIC","38.79999923706055",2025-05-22,"Beginn: 22.05.25 um 20:49 Uhr  Angespannte Verkehrslage, seit 22.05.2025, 20:49 A65: Ludwigshafen -> Karlsruhe, zwischen 0.3 km hinter AS Landau-Nord und 1.4 km vor AS Landau-Zentrum  Stockender Verkehr Reisezeitverlust: 0 Minuten Durchschnittsgeschwindigkeit: 38 km/h",49.2146200109196,8.14210948184339
"A65","undefined--vi-avl.2025-05-22_21-16-30-000.f.de0","49.2253667323836,8.147273929712469,49.21462854380047,8.142105138168976","49.2253667323836,8.147273929712469","WARNING","A65 | Landau-Dammheim - Landau-Zentrum"," Ludwigshafen -> Karlsruhe",0,"SLOW_TRAFFIC","55.29999923706055",2025-05-22,"Beginn: 22.05.25 um 22:00 Uhr  Angespannte Verkehrslage, seit 22.05.2025, 22:00 A65: Ludwigshafen -> Karlsruhe, zwischen AS Landau-Dammheim und 2.4 km vor AS Landau-Zentrum  Langsamer Verkehr Reisezeitverlust: 0 Minuten Durchschnittsgeschwindigkeit: 55 km/h",49.2253667323836,8.14727392971247
"A72","undefined--vi-hind.2025-05-22_19-54-00-000.f_005.de0","50.38980873690478,11.980092059583718,50.43547630093932,12.09220010002442","50.38980873690478,11.980092059583718","WARNING","A72 | Landesgrenze - Vogtland Süd"," Hof -> Plauen",NA,NA,NA,2025-05-22,"Beginn: 22.05.25 um 19:54 Uhr  Fahrzeug-Hindernis, seit 22.05.2025, 19:54 A72: Hof -> Plauen, zwischen Landesgrenze und 2.9 km vor Vogtland Süd Gefahr durch ein defektes Fahrzeug auf der Fahrbahn",50.3898087369048,11.9800920595837
"A92","undefined--vi-zus.2025-05-22_20-41-00-000.f.de0","48.42489839148225,11.934186797796631,48.439697984872616,11.955208965857357","48.42489839148225,11.934186797796631","WARNING","A92 | Erding - Moosburg-Süd"," München -> Deggendorf",31,"STATIONARY_TRAFFIC","4.199999809265137",2025-05-22,"Beginn: 22.05.25 um 20:41 Uhr  Zusammengesetzte Verkehrsinformation, seit 22.05.2025, 20:41 A92: München -> Deggendorf, zwischen 6.5 km hinter AS Erding und 1.1 km vor AS Moosburg-Süd  Im Stillstand Reisezeitverlust: 31 Minuten Durchschnittsgeschwindigkeit: 4 km/h",48.4248983914823,11.9341867977966
"A92","undefined--vi-avl.2025-05-22_21-26-30-000.f_002.de0","48.424777338595405,11.933986999587702,48.424777338595405,11.933986999587702","48.424777338595405,11.933986999587702","WARNING","A92 | Moosburger Au - Moosburger Au"," München -> Deggendorf",NA,"STATIONARY_TRAFFIC","3",2025-05-22,"Beginn: 22.05.25 um 22:21 Uhr  Angespannte Verkehrslage, seit 22.05.2025, 22:21 A92: München -> Deggendorf, 2.0 km vor Moosburger Au, aus Richtung Erding  Im Stillstand Durchschnittsgeschwindigkeit: 3 km/h",48.4247773385954,11.9339869995877
"A93","undefined--vi-zus.2025-05-22_21-51-30-000.f.de0","48.71578952807559,11.813574370248235,48.71246784505694,11.79835504962069","48.71578952807559,11.813574370248235","WARNING","A93 | Deutschmeister - Aiglsbach"," Regensburg -> Holledau",0,"SLOW_TRAFFIC","61.599998474121094",2025-05-22,"Beginn: 22.05.25 um 21:54 Uhr  Zusammengesetzte Verkehrsinformation, seit 22.05.2025, 21:54 A93: Regensburg -> Holledau, zwischen 4.1 km hinter Deutschmeister und 5.4 km vor AS Aiglsbach  Langsamer Verkehr Reisezeitverlust: 0 Minuten Durchschnittsgeschwindigkeit: 61 km/h",48.7157895280756,11.8135743702482
"A96","undefined--vi-zus.2025-05-22_20-34-00-000.f_001.de0","47.92698652653791,10.087142626261553,47.920762548891595,10.077379369794462","47.92698652653791,10.087142626261553","WARNING","A96 | Aitrach - Aichstetten"," München -> Lindau",0,"SLOW_TRAFFIC","61.400001525878906",2025-05-22,"Beginn: 22.05.25 um 20:34 Uhr  Zusammengesetzte Verkehrsinformation, seit 22.05.2025, 20:34 A96: München -> Lindau, zwischen 1.0 km hinter AS Aitrach und 5.1 km vor AS Aichstetten  Langsamer Verkehr Reisezeitverlust: 0 Minuten Durchschnittsgeschwindigkeit: 61 km/h",47.9269865265379,10.0871426262616
"A96","undefined--vi-unf.2025-05-22_21-59-00-000.f_001.de0","47.998546100947806,10.19943900000047,47.99855980094779,10.16243110000043","47.998546100947806,10.19943900000047","WARNING","A96 | Memmingen-Ost - Memmingen-Nord"," München -> Lindau",NA,NA,NA,2025-05-22,"Beginn: 22.05.25 um 21:59 Uhr  Unfall, seit 22.05.2025, 21:59 A96: München -> Lindau, zwischen 0.2 km hinter AS Memmingen-Ost und 0.5 km vor AS Memmingen-Nord",47.9985461009478,10.1994390000005
"A98","undefined--vi-avl.2025-05-22_22-21-30-000.f_006.de0","47.587060000948654,7.750206399999471,47.587060000948654,7.750206399999471","47.587060000948654,7.750206399999471","WARNING","A98 | Lörrach-Ost - Lörrach-Ost"," Schaffhausen -> Weil am Rhein",NA,"STATIONARY_TRAFFIC","15",2025-05-22,"Beginn: 22.05.25 um 22:21 Uhr  Angespannte Verkehrslage, seit 22.05.2025, 22:21 A98: Schaffhausen -> Weil am Rhein, 4.9 km vor AS Lörrach-Ost, aus Richtung Hochrhein  Im Stillstand Durchschnittsgeschwindigkeit: 15 km/h",47.5870600009487,7.75020639999947
"A98","undefined--vi-avl.2025-05-22_22-21-30-000.f.de0","47.587060000948654,7.750206399999471,47.5876261147636,7.746316149480254","47.587060000948654,7.750206399999471","WARNING","A98 | Hochrhein - Lörrach-Ost"," Schaffhausen -> Weil am Rhein",0,"STATIONARY_TRAFFIC","15.800000190734863",2025-05-22,"Beginn: 22.05.25 um 22:21 Uhr  Angespannte Verkehrslage, seit 22.05.2025, 22:21 A98: Schaffhausen -> Weil am Rhein, zwischen 0.2 km hinter AD Hochrhein und 4.6 km vor AS Lörrach-Ost  Im Stillstand Reisezeitverlust: 0 Minuten Durchschnittsgeschwindigkeit: 15 km/h",47.5870600009487,7.75020639999947
"A99","undefined--vi-avl.2025-05-22_22-20-30-000.f_005.de0","48.18487156276186,11.719473563807709,48.1918105928886,11.700026978747273","48.18487156276186,11.719473563807709","WARNING","A99 | Aschheim - Aschheim/Ismaning"," München-Süd -> München-Nord",0,"SLOW_TRAFFIC","74.5",2025-05-22,"Beginn: 22.05.25 um 22:20 Uhr  Angespannte Verkehrslage, seit 22.05.2025, 22:20 A99: München-Süd -> München-Nord, zwischen 0.8 km hinter Aschheim und 0.5 km vor AS Aschheim/Ismaning  Langsamer Verkehr Reisezeitverlust: 0 Minuten Durchschnittsgeschwindigkeit: 74 km/h",48.1848715627619,11.7194735638077
"A99","undefined--vi-zus.2025-05-22_22-20-30-000.f.de0","48.17909700622143,11.728332887195084,48.18674329359805,11.715627818235388","48.17909700622143,11.728332887195084","WARNING","A99 | Kirchheim bei München - Aschheim/Ismaning"," München-Süd -> München-Nord",0,"SLOW_TRAFFIC","69.69999694824219",2025-05-22,"Beginn: 22.05.25 um 22:20 Uhr  Zusammengesetzte Verkehrsinformation, seit 22.05.2025, 22:20 A99: München-Süd -> München-Nord, zwischen 1.4 km hinter AS Kirchheim bei München und 1.8 km vor AS Aschheim/Ismaning  Langsamer Verkehr Reisezeitverlust: 0 Minuten Durchschnittsgeschwindigkeit: 69 km/h",48.1790970062214,11.7283328871951
"A115","undefined--vi-zus.2024-10-09_07-09-40-000.f_531.de0","52.40027056808641,13.185163736426698,52.44227384698058,13.202709435405149","52.40027056808641,13.185163736426698","WARNING","A115 | Am Stern - Hüttenweg"," Dreieck Nuthetal -> Dreieck Funkturm",NA,NA,NA,2024-10-09,"Beginn: 09.10.24 um 07:09 Uhr  Zusammengesetzte Verkehrsinformation, seit 09.10.2024, 07:09 A115: Dreieck Nuthetal -> Dreieck Funkturm, zwischen 2.9 km hinter Am Stern und 3.8 km vor AS Hüttenweg  A115 Autobahnzubringer Magdeburg, Dreieck Nuthetal Richtung Dreieck Funkturm, zwischen Anschlussstelle Kleinmachnow und Anschlussstelle Spanische Allee, Baustelle, bis 31.10.2026 17:00 Uhr",52.4002705680864,13.1851637364267
"A671","undefined--vi-hind.2025-05-22_21-51-00-000.f_001.de0","50.041516949056316,8.25699214842171,50.03195660094097,8.289996999999799","50.041516949056316,8.25699214842171","WARNING","A671 | Wiesbaden/MZ-Amöneburg - Mainz-Kastel"," Wiesbaden -> Mainz",NA,NA,NA,2025-05-22,"Beginn: 22.05.25 um 21:51 Uhr  Fahrzeug-Hindernis, seit 22.05.2025, 21:51 A671: Wiesbaden -> Mainz, zwischen 0.4 km hinter AS Wiesbaden/MZ-Amöneburg und 0.3 km vor AS Mainz-Kastel Gefahr durch ein defektes Fahrzeug auf der Fahrbahn",50.0415169490563,8.25699214842171
"A861","undefined--vi-avl.2025-05-22_22-16-00-000.f.de0","47.54978170094872,7.757996199999488,47.55086700423307,7.757772677675449","47.54978170094872,7.757996199999488","WARNING","A861 | Rheinfelden - Rheinfelden-Mitte"," Grenzübergang Rheinfelden -> Dreieck Hochrhein",0,"SLOW_TRAFFIC","9.699999809265137",2025-05-22,"Beginn: 22.05.25 um 22:16 Uhr  Angespannte Verkehrslage, seit 22.05.2025, 22:16 A861: Grenzübergang Rheinfelden -> Dreieck Hochrhein, zwischen 0.2 km hinter Rheinfelden und 2.0 km vor AS Rheinfelden-Mitte  Langsamer Verkehr Reisezeitverlust: 0 Minuten Durchschnittsgeschwindigkeit: 9 km/h",47.5497817009487,7.75799619999949
"A861","undefined--vi-avl.2025-05-22_22-10-30-000.f_002.de0","47.55670710571513,7.757448244766712,47.55670710571513,7.757448244766712","47.55670710571513,7.757448244766712","WARNING","A861 | Rheinfelden-Süd - Rheinfelden-Süd"," Dreieck Hochrhein -> Grenzübergang Rheinfelden",NA,"STATIONARY_TRAFFIC","10",2025-05-22,"Beginn: 22.05.25 um 22:19 Uhr  Angespannte Verkehrslage, seit 22.05.2025, 22:19 A861: Dreieck Hochrhein -> Grenzübergang Rheinfelden, 0.7 km vor AS Rheinfelden-Süd, aus Richtung Rheinfelden-Mitte  Im Stillstand Durchschnittsgeschwindigkeit: 10 km/h",47.5567071057151,7.75744824476671
"A861","undefined--vi-avl.2025-05-22_22-06-30-000.f_007.de0","47.55670710571513,7.757448244766712,47.55518988331812,7.757305273817271","47.55670710571513,7.757448244766712","WARNING","A861 | Rheinfelden-Mitte - Rheinfelden-Süd"," Dreieck Hochrhein -> Grenzübergang Rheinfelden",0,"STATIONARY_TRAFFIC","10.199999809265137",2025-05-22,"Beginn: 22.05.25 um 22:06 Uhr  Angespannte Verkehrslage, seit 22.05.2025, 22:06 A861: Dreieck Hochrhein -> Grenzübergang Rheinfelden, zwischen 1.4 km hinter AS Rheinfelden-Mitte und 0.6 km vor AS Rheinfelden-Süd  Im Stillstand Reisezeitverlust: 0 Minuten Durchschnittsgeschwindigkeit: 10 km/h",47.5567071057151,7.75744824476671
