"road","identifier","extent","point","display_type","title","subtitle","delay_minutes","abnormalTrafficType","averageSpeed","startTimestamp","description","latitude","longitude"
"A1","undefined--vi-hind.2025-05-22_21-20-00-000.f.de0","51.03776011918409,6.984483211831905,51.03795330424903,6.982679579505945","51.03776011918409,6.984483211831905","WARNING","A1 | Leverkusen - Leverkusen-West"," Dortmund -> Köln",NA,NA,NA,2025-05-22,"Beginn: 22.05.25 um 21:20 Uhr  Fahrzeug-Hindernis, seit 22.05.2025, 21:20 A1: Dortmund -> Köln, zwischen 1.7 km hinter AK Leverkusen und 1.4 km vor AK Leverkusen-West Gefahr durch ein defektes Fahrzeug auf der Fahrbahn",51.0377601191841,6.9844832118319
"A1","undefined--vi-avl.2025-05-22_21-45-30-000.f.de0","51.22877400808183,7.232320825744872,51.22877400808183,7.232320825744872","51.22877400808183,7.232320825744872","WARNING","A1 | Wuppertal-Ronsdorf - Wuppertal-Ronsdorf"," Dortmund -> Köln",NA,"QUEUING_TRAFFIC","19",2025-05-22,"Beginn: 22.05.25 um 21:47 Uhr  Angespannte Verkehrslage, seit 22.05.2025, 21:47 A1: Dortmund -> Köln, 0.2 km vor AS Wuppertal-Ronsdorf, aus Richtung Ehrenberg  Stockender Verkehr Durchschnittsgeschwindigkeit: 19 km/h",51.2287740080818,7.23232082574487
"A1","undefined--vi-avl.2025-05-22_19-32-35-000.f.de0","51.22870560316483,7.232413744168774,51.221815844122084,7.2441231445586896","51.22870560316483,7.232413744168774","WARNING","A1 | Ehrenberg - Remscheid-Lennep"," Dortmund -> Köln",1,"QUEUING_TRAFFIC","32.29999923706055",2025-05-22,"Beginn: 22.05.25 um 19:32 Uhr  Angespannte Verkehrslage, seit 22.05.2025, 19:32 A1: Dortmund -> Köln, zwischen 4.7 km hinter Ehrenberg und 2.4 km vor AS Remscheid-Lennep  Stockender Verkehr Reisezeitverlust: 1 Minuten Durchschnittsgeschwindigkeit: 32 km/h",51.2287056031648,7.23241374416877
"A1","undefined--vi-avl.2025-05-22_19-28-08-000.f_002.de0","53.02280037076761,8.798020674597229,53.031998737770834,8.865862565211978","53.02280037076761,8.798020674597229","WARNING","A1 | Stuhr - Bremen-Hemelingen"," Osnabrück -> Bremen",36,"STATIONARY_TRAFFIC","7.300000190734863",2025-05-22,"Beginn: 22.05.25 um 19:28 Uhr  Angespannte Verkehrslage, seit 22.05.2025, 19:28 A1: Osnabrück -> Bremen, zwischen 6.7 km hinter AD Stuhr und 1.6 km vor AS Bremen-Hemelingen  Im Stillstand Reisezeitverlust: 36 Minuten Durchschnittsgeschwindigkeit: 7 km/h",53.0228003707676,8.79802067459723
"A1","undefined--vi-avl.2025-05-22_19-38-31-000.f_005.de0","53.022815356040404,8.79816767503832,53.022815356040404,8.79816767503832","53.022815356040404,8.79816767503832","WARNING","A1 | Bremen/Brinkum - Bremen/Brinkum"," Osnabrück -> Bremen",NA,"STATIONARY_TRAFFIC","7",2025-05-22,"Beginn: 22.05.25 um 21:47 Uhr  Angespannte Verkehrslage, seit 22.05.2025, 21:47 A1: Osnabrück -> Bremen, 0.3 km vor AS Bremen/Brinkum, aus Richtung Stuhr  Im Stillstand Durchschnittsgeschwindigkeit: 7 km/h",53.0228153560404,8.79816767503832
"A2","undefined--vi-avl.2025-05-22_21-46-30-000.f.de0","51.53823832143602,6.839218045993095,51.5386298801034,6.843310174342619","51.53823832143602,6.839218045993095","WARNING","A2 | Oberhausen - Oberhausen-Königshardt"," Oberhausen -> Dortmund",0,"STATIONARY_TRAFFIC","15.800000190734863",2025-05-22,"Beginn: 22.05.25 um 21:46 Uhr  Angespannte Verkehrslage, seit 22.05.2025, 21:46 A2: Oberhausen -> Dortmund, zwischen 0.4 km hinter AK Oberhausen und 1.8 km vor AS Oberhausen-Königshardt  Im Stillstand Reisezeitverlust: 0 Minuten Durchschnittsgeschwindigkeit: 15 km/h",51.538238321436,6.8392180459931
"A2","undefined--vi-avl.2025-05-22_19-42-30-000.f_005.de0","51.5386298801034,6.843310174342619,51.5389614603893,6.871131056553312","51.5386298801034,6.843310174342619","WARNING","A2 | Oberhausen - Schwarze Heide"," Oberhausen -> Dortmund",9,"STATIONARY_TRAFFIC","10.5",2025-05-22,"Beginn: 22.05.25 um 19:42 Uhr  Angespannte Verkehrslage, seit 22.05.2025, 19:42 A2: Oberhausen -> Dortmund, zwischen 0.6 km hinter AK Oberhausen und 1.0 km vor Schwarze Heide  Im Stillstand Reisezeitverlust: 9 Minuten Durchschnittsgeschwindigkeit: 10 km/h",51.5386298801034,6.84331017434262
"A2","undefined--vi-avl.2025-05-22_21-47-30-000.f_001.de0","51.53823832143602,6.839218045993095,51.53823832143602,6.839218045993095","51.53823832143602,6.839218045993095","WARNING","A2 | Oberhausen-Königshardt - Oberhausen-Königshardt"," Oberhausen -> Dortmund",NA,"STATIONARY_TRAFFIC","11",2025-05-22,"Beginn: 22.05.25 um 21:47 Uhr  Angespannte Verkehrslage, seit 22.05.2025, 21:47 A2: Oberhausen -> Dortmund, 2.1 km vor AS Oberhausen-Königshardt, aus Richtung Oberhausen  Im Stillstand Durchschnittsgeschwindigkeit: 11 km/h",51.538238321436,6.8392180459931
"A2","undefined--vi-avl.2025-05-22_19-42-30-000.f_006.de0","51.5386298801034,6.843310174342619,51.5386298801034,6.843310174342619","51.5386298801034,6.843310174342619","WARNING","A2 | Oberhausen-Königshardt - Oberhausen-Königshardt"," Oberhausen -> Dortmund",NA,"STATIONARY_TRAFFIC","4",2025-05-22,"Beginn: 22.05.25 um 21:47 Uhr  Angespannte Verkehrslage, seit 22.05.2025, 21:47 A2: Oberhausen -> Dortmund, 1.8 km vor AS Oberhausen-Königshardt, aus Richtung Oberhausen  Im Stillstand Durchschnittsgeschwindigkeit: 4 km/h",51.5386298801034,6.84331017434262
"A2","undefined--vi-avl.2025-05-22_20-56-30-000.f.de0","52.31301174665249,10.560566203919395,52.30983680027868,10.608240954763504","52.31301174665249,10.560566203919395","WARNING","A2 | Braunschweig-Flughafen - Braunschweig-Ost"," Braunschweig -> Magdeburg",3,"QUEUING_TRAFFIC","36.79999923706055",2025-05-22,"Beginn: 22.05.25 um 20:56 Uhr  Angespannte Verkehrslage, seit 22.05.2025, 20:56 A2: Braunschweig -> Magdeburg, zwischen 0.1 km hinter AS Braunschweig-Flughafen und 1.4 km vor AS Braunschweig-Ost  Stockender Verkehr Reisezeitverlust: 3 Minuten Durchschnittsgeschwindigkeit: 36 km/h",52.3130117466525,10.5605662039194
"A2","undefined--vi-avl.2025-05-22_21-04-30-000.f_002.de0","52.20099194740766,11.224229378528316,52.20099194740766,11.224229378528316","52.20099194740766,11.224229378528316","WARNING","A2 | Alleringersleben - Alleringersleben"," Magdeburg -> Braunschweig",NA,"STATIONARY_TRAFFIC","6",2025-05-22,"Beginn: 22.05.25 um 21:47 Uhr  Angespannte Verkehrslage, seit 22.05.2025, 21:47 A2: Magdeburg -> Braunschweig, 6.3 km vor AS Alleringersleben, aus Richtung Lorkberg  Im Stillstand Durchschnittsgeschwindigkeit: 6 km/h",52.2009919474077,11.2242293785283
"A2","undefined--vi-avl.2025-05-22_19-00-23-000.f.de0","52.20099705910702,11.22412732104418,52.216905800928906,11.074505200003268","52.20099705910702,11.22412732104418","WARNING","A2 | Lorkberg - Lappwald Nord"," Magdeburg -> Braunschweig",104,"STATIONARY_TRAFFIC","5.699999809265137",2025-05-22,"Beginn: 22.05.25 um 19:00 Uhr  Angespannte Verkehrslage, seit 22.05.2025, 19:00 A2: Magdeburg -> Braunschweig, zwischen 1.5 km hinter Lorkberg und 1.1 km vor Lappwald Nord  Im Stillstand Reisezeitverlust: 104 Minuten Durchschnittsgeschwindigkeit: 5 km/h",52.200997059107,11.2241273210442
"A3","undefined--vi-avl.2025-05-22_21-02-30-000.f_001.de0","48.56114462127951,13.387603546141785,48.574092658754985,13.368927745517254","48.56114462127951,13.387603546141785","WARNING","A3 | Hammerbach - Donautal"," Passau -> Nürnberg",1,"SLOW_TRAFFIC","54.70000076293945",2025-05-22,"Beginn: 22.05.25 um 21:02 Uhr  Angespannte Verkehrslage, seit 22.05.2025, 21:02 A3: Passau -> Nürnberg, zwischen 0.2 km hinter Hammerbach und 1.7 km vor Donautal  Langsamer Verkehr Reisezeitverlust: 1 Minuten Durchschnittsgeschwindigkeit: 54 km/h",48.5611446212795,13.3876035461418
"A3","undefined--vi-avl.2025-05-22_20-45-00-000.f_001.de0","48.761706277938146,13.059781314762354,48.77133842616099,13.040005366788163","48.761706277938146,13.059781314762354","WARNING","A3 | Manzing - Seebach"," Passau -> Nürnberg",0,"SLOW_TRAFFIC","62.900001525878906",2025-05-22,"Beginn: 22.05.25 um 20:45 Uhr  Angespannte Verkehrslage, seit 22.05.2025, 20:45 A3: Passau -> Nürnberg, zwischen 0.7 km hinter Manzing und 2.9 km vor Seebach  Langsamer Verkehr Reisezeitverlust: 0 Minuten Durchschnittsgeschwindigkeit: 62 km/h",48.7617062779381,13.0597813147624
"A3","undefined--vi-avl.2025-05-22_21-41-30-000.f_001.de0","49.748454800942206,9.848022100000255,49.748454800942206,9.848022100000255","49.748454800942206,9.848022100000255","WARNING","A3 | Würzburg-Heidingsfeld - Würzburg-Heidingsfeld"," Frankfurt -> Würzburg",NA,"STATIONARY_TRAFFIC","23",2025-05-22,"Beginn: 22.05.25 um 21:47 Uhr  Angespannte Verkehrslage, seit 22.05.2025, 21:47 A3: Frankfurt -> Würzburg, 6.1 km vor AS Würzburg-Heidingsfeld, aus Richtung Würzburg/Kist  Im Stillstand Durchschnittsgeschwindigkeit: 23 km/h",49.7484548009422,9.84802210000026
"A3","undefined--vi-zus.2025-05-22_21-06-30-000.f.de0","49.748454800942206,9.848022100000255,49.74922777947581,9.888836899706023","49.748454800942206,9.848022100000255","WARNING","A3 | Würzburg/Kist - Würzburg-Heidingsfeld"," Frankfurt -> Würzburg",6,"STATIONARY_TRAFFIC","23",2025-05-22,"Beginn: 22.05.25 um 21:06 Uhr  Zusammengesetzte Verkehrsinformation, seit 22.05.2025, 21:06 A3: Frankfurt -> Würzburg, zwischen 0.2 km hinter AS Würzburg/Kist und 3.0 km vor AS Würzburg-Heidingsfeld  Im Stillstand Reisezeitverlust: 6 Minuten Durchschnittsgeschwindigkeit: 23 km/h",49.7484548009422,9.84802210000026
"A3","undefined--vi-zus.2025-05-22_14-29-15-000.f.de0","49.85137075876083,9.500446223513148,49.858295192001734,9.48675144942022","49.85137075876083,9.500446223513148","WARNING","A3 | Bärenroth - Spessart"," Würzburg -> Frankfurt",2,"STATIONARY_TRAFFIC","23.899999618530273",2025-05-22,"Beginn: 22.05.25 um 14:29 Uhr  Zusammengesetzte Verkehrsinformation, seit 22.05.2025, 14:29 A3: Würzburg -> Frankfurt, zwischen 2.1 km hinter Bärenroth und 8.2 km vor Spessart  Im Stillstand Reisezeitverlust: 2 Minuten Durchschnittsgeschwindigkeit: 23 km/h",49.8513707587608,9.50044622351315
"A3","undefined--vi-unf.2025-05-22_14-00-56-000.f_015.de0","49.85583984580656,9.492668085099794,49.8636175724626,9.479334604289775","49.85583984580656,9.492668085099794","WARNING","A3 | Bärenroth - Spessart"," Würzburg -> Frankfurt",NA,NA,NA,2025-05-22,"Beginn: 22.05.25 um 14:00 Uhr  Unfall, seit 22.05.2025, 14:00 A3: Würzburg -> Frankfurt, zwischen 2.9 km hinter Bärenroth und 7.4 km vor Spessart",49.8558398458066,9.49266808509979
"A3","undefined--vi-avl.2025-05-22_14-39-25-000.f_009.de0","49.85137075876083,9.500446223513148,49.85137075876083,9.500446223513148","49.85137075876083,9.500446223513148","WARNING","A3 | Spessart - Spessart"," Würzburg -> Frankfurt",NA,"STATIONARY_TRAFFIC","11",2025-05-22,"Beginn: 22.05.25 um 21:47 Uhr  Angespannte Verkehrslage, seit 22.05.2025, 21:47 A3: Würzburg -> Frankfurt, 9.4 km vor Spessart, aus Richtung Bärenroth  Im Stillstand Durchschnittsgeschwindigkeit: 11 km/h",49.8513707587608,9.50044622351315
"A3","undefined--vi-hind.2025-05-22_21-37-00-000.f_001.de0","49.991534025519144,9.082757533950018,49.991139900941164,9.17131260000005","49.991534025519144,9.082757533950018","WARNING","A3 | Aschaffenburg - Einhausung West"," Frankfurt -> Würzburg",NA,NA,NA,2025-05-22,"Beginn: 22.05.25 um 21:37 Uhr  Fahrzeug-Hindernis, seit 22.05.2025, 21:37 A3: Frankfurt -> Würzburg, zwischen 0.6 km hinter AS Aschaffenburg und 1.4 km vor Einhausung West Gefahr durch ein defektes Fahrzeug auf der Fahrbahn",49.9915340255191,9.08275753395002
"A3","undefined--vi-hind.2025-05-22_20-22-30-000.f_012.de0","50.028516101261786,8.467805754156764,50.05078182217907,8.392346174137321","50.028516101261786,8.467805754156764","WARNING","A3 | Raunheim - Wiesbadener Kreuz"," Frankfurt -> Köln",NA,NA,NA,2025-05-22,"Beginn: 22.05.25 um 20:22 Uhr  Fahrzeug-Hindernis, seit 22.05.2025, 20:22 A3: Frankfurt -> Köln, zwischen 0.6 km hinter AS Raunheim und 0.6 km vor AK Wiesbadener Kreuz",50.0285161012618,8.46780575415676
"A3","undefined--vi-hind.2025-05-22_21-12-00-000.f_002.de0","50.14359053618275,8.327748230040363,50.05958560094088,8.384466699999832","50.14359053618275,8.327748230040363","WARNING","A3 | Theißtal - Wiesbadener Kreuz"," Köln -> Frankfurt",NA,NA,NA,2025-05-22,"Beginn: 22.05.25 um 21:12 Uhr  Fahrzeug-Hindernis, seit 22.05.2025, 21:12 A3: Köln -> Frankfurt, zwischen 3.6 km hinter Theißtal und 0.5 km vor AK Wiesbadener Kreuz",50.1435905361827,8.32774823004036
"A3","undefined--vi-avl.2025-05-22_21-43-30-000.f_001.de0","51.89839901701434,6.165717280673193,51.89839901701434,6.165717280673193","51.89839901701434,6.165717280673193","WARNING","A3 | Knauheide - Knauheide"," Arnheim -> Oberhausen",NA,"QUEUING_TRAFFIC","16",2025-05-22,"Beginn: 22.05.25 um 21:47 Uhr  Angespannte Verkehrslage, seit 22.05.2025, 21:47 A3: Arnheim -> Oberhausen, 0.1 km vor Knauheide, aus Richtung Elten  Stockender Verkehr Durchschnittsgeschwindigkeit: 16 km/h",51.8983990170143,6.16571728067319
"A3","undefined--vi-avl.2025-05-22_21-43-00-000.f_001.de0","51.89839901701434,6.165717280673193,51.89532710093108,6.168877099986451","51.89839901701434,6.165717280673193","WARNING","A3 | Elten - Elten"," Arnheim -> Oberhausen",0,"QUEUING_TRAFFIC","30.899999618530273",2025-05-22,"Beginn: 22.05.25 um 21:43 Uhr  Angespannte Verkehrslage, seit 22.05.2025, 21:43 A3: Arnheim -> Oberhausen, zwischen 0.4 km hinter Elten und 1.4 km vor AS Elten  Stockender Verkehr Reisezeitverlust: 0 Minuten Durchschnittsgeschwindigkeit: 30 km/h",51.8983990170143,6.16571728067319
"A4","undefined--vi-avl.2025-05-22_21-45-00-000.f_001.de0","50.84633613286422,9.667892525281887,50.84724688723345,9.64930253423952","50.84633613286422,9.667892525281887","WARNING","A4 | Bad Hersfeld - Kirchheimer Dreieck"," Erfurt -> Bad Hersfeld",0,"SLOW_TRAFFIC","62.5",2025-05-22,"Beginn: 22.05.25 um 21:45 Uhr  Angespannte Verkehrslage, seit 22.05.2025, 21:45 A4: Erfurt -> Bad Hersfeld, zwischen 4.0 km hinter AS Bad Hersfeld und 4.9 km vor AD Kirchheimer Dreieck  Langsamer Verkehr Reisezeitverlust: 0 Minuten Durchschnittsgeschwindigkeit: 62 km/h",50.8463361328642,9.66789252528189
"A4","undefined--vi-hind.2025-05-22_20-56-30-000.f.de0","50.89708170509444,10.967265451285684,50.905583600936744,11.008554600003075","50.89708170509444,10.967265451285684","WARNING","A4 | Kreuz Erfurt - Willrodaer Forst"," Erfurt -> Chemnitz",NA,NA,NA,2025-05-22,"Beginn: 22.05.25 um 20:56 Uhr  Fahrzeug-Hindernis, seit 22.05.2025, 20:56 A4: Erfurt -> Chemnitz, zwischen 0.9 km hinter AK Kreuz Erfurt und 4.6 km vor Willrodaer Forst Gefahr durch ein defektes Fahrzeug auf der Fahrbahn",50.8970817050944,10.9672654512857
"A4","undefined--vi-hind.2025-05-22_20-06-00-000.f_004.de0","50.88446160093708,12.15258750002558,50.87178961556164,12.221168510373618","50.88446160093708,12.15258750002558","WARNING","A4 | Gera-Leumnitz - Ronneburg"," Erfurt -> Chemnitz",NA,NA,NA,2025-05-22,"Beginn: 22.05.25 um 20:06 Uhr  Fahrzeug-Hindernis, seit 22.05.2025, 20:06 A4: Erfurt -> Chemnitz, zwischen 0.2 km hinter AS Gera-Leumnitz und 0.5 km vor AS Ronneburg Gefahr durch ein defektes Fahrzeug auf der Fahrbahn",50.8844616009371,12.1525875000256
"A5","undefined--vi-avl.2025-05-22_20-05-30-000.f_007.de0","50.64913378522061,9.003201090391228,50.6754481440735,9.027689095711098","50.64913378522061,9.003201090391228","WARNING","A5 | Homberg (Ohm) - Krachgarten"," Frankfurt -> Kassel",14,"STATIONARY_TRAFFIC","13",2025-05-22,"Beginn: 22.05.25 um 20:05 Uhr  Angespannte Verkehrslage, seit 22.05.2025, 20:05 A5: Frankfurt -> Kassel, zwischen 1.0 km hinter AS Homberg (Ohm) und 8.1 km vor Krachgarten  Im Stillstand Reisezeitverlust: 14 Minuten Durchschnittsgeschwindigkeit: 13 km/h",50.6491337852206,9.00320109039123
"A5","undefined--vi-avl.2025-05-22_20-05-30-000.f_005.de0","50.64913378522061,9.003201090391228,50.64913378522061,9.003201090391228","50.64913378522061,9.003201090391228","WARNING","A5 | Krachgarten - Krachgarten"," Frankfurt -> Kassel",NA,"STATIONARY_TRAFFIC","10",2025-05-22,"Beginn: 22.05.25 um 21:47 Uhr  Angespannte Verkehrslage, seit 22.05.2025, 21:47 A5: Frankfurt -> Kassel, 11.6 km vor Krachgarten, aus Richtung Homberg (Ohm)  Im Stillstand Durchschnittsgeschwindigkeit: 10 km/h",50.6491337852206,9.00320109039123
"A6","undefined--vi-zus.2025-05-22_21-31-30-000.f.de0","49.20188635965276,9.086687089476822,49.18667338317564,9.125092740178182","49.20188635965276,9.086687089476822","WARNING","A6 | Bad Rappenau - Heilbronn/Untereisesheim"," Mannheim -> Heilbronn",3,"QUEUING_TRAFFIC","38.099998474121094",2025-05-22,"Beginn: 22.05.25 um 21:31 Uhr  Zusammengesetzte Verkehrsinformation, seit 22.05.2025, 21:31 A6: Mannheim -> Heilbronn, zwischen 1.3 km hinter AS Bad Rappenau und 5.7 km vor AS Heilbronn/Untereisesheim  Stockender Verkehr Reisezeitverlust: 3 Minuten Durchschnittsgeschwindigkeit: 38 km/h",49.2018863596528,9.08668708947682
"A6","undefined--vi-avl.2025-05-22_21-24-00-000.f_001.de0","49.17384698027159,9.993668200562256,49.179224583090054,10.032988296426657","49.17384698027159,9.993668200562256","WARNING","A6 | Kirchberg - Crailsheim"," Heilbronn -> Nürnberg",1,"SLOW_TRAFFIC","65.69999694824219",2025-05-22,"Beginn: 22.05.25 um 21:24 Uhr  Angespannte Verkehrslage, seit 22.05.2025, 21:24 A6: Heilbronn -> Nürnberg, zwischen 2.4 km hinter AS Kirchberg und 3.0 km vor AS Crailsheim  Langsamer Verkehr Reisezeitverlust: 1 Minuten Durchschnittsgeschwindigkeit: 65 km/h",49.1738469802716,9.99366820056226
"A7","undefined--vi-zus.2025-05-22_21-01-30-000.f.de0","47.572965577642115,10.660922982282756,47.57990819169926,10.66229038001951","47.572965577642115,10.660922982282756","WARNING","A7 | Grenztunnel Füssen - Reinertshofertunnel"," Füssen/Reutte -> Ulm",0,"SLOW_TRAFFIC","41.599998474121094",2025-05-22,"Beginn: 22.05.25 um 21:01 Uhr  Zusammengesetzte Verkehrsinformation, seit 22.05.2025, 21:01 A7: Füssen/Reutte -> Ulm, zwischen 1.6 km hinter Grenztunnel Füssen und 2.4 km vor Reinertshofertunnel  Langsamer Verkehr Reisezeitverlust: 0 Minuten Durchschnittsgeschwindigkeit: 41 km/h",47.5729655776421,10.6609229822828
"A7","undefined--vi-avl.2025-05-22_21-28-00-000.f.de0","47.628415534869234,10.607041027652894,47.62854032886443,10.586606678743902","47.628415534869234,10.607041027652894","WARNING","A7 | Reinertshofertunnel - Nesselwang"," Füssen/Reutte -> Ulm",0,"SLOW_TRAFFIC","58.29999923706055",2025-05-22,"Beginn: 22.05.25 um 21:28 Uhr  Angespannte Verkehrslage, seit 22.05.2025, 21:28 A7: Füssen/Reutte -> Ulm, zwischen 6.8 km hinter Reinertshofertunnel und 4.8 km vor AS Nesselwang  Langsamer Verkehr Reisezeitverlust: 0 Minuten Durchschnittsgeschwindigkeit: 58 km/h",47.6284155348692,10.6070410276529
"A7","undefined--vi-avl.2025-05-22_21-38-30-000.f.de0","47.57442926734102,10.661300435069094,47.56763537383297,10.659025875024396","47.57442926734102,10.661300435069094","WARNING","A7 | Reinertshofertunnel - Grenztunnel Füssen"," Ulm -> Füssen/Reutte",0,"SLOW_TRAFFIC","30.899999618530273",2025-05-22,"Beginn: 22.05.25 um 21:38 Uhr  Angespannte Verkehrslage, seit 22.05.2025, 21:38 A7: Ulm -> Füssen/Reutte, zwischen 3.0 km hinter Reinertshofertunnel und 0.9 km vor Grenztunnel Füssen  Langsamer Verkehr Reisezeitverlust: 0 Minuten Durchschnittsgeschwindigkeit: 30 km/h",47.574429267341,10.6613004350691
"A7","undefined--vi-avl.2025-05-22_20-50-00-000.f.de0","47.62617275363063,10.640423470492248,47.62436641105082,10.65771870138101","47.62617275363063,10.640423470492248","WARNING","A7 | Nesselwang - Reinertshofertunnel"," Ulm -> Füssen/Reutte",0,"SLOW_TRAFFIC","61.70000076293945",2025-05-22,"Beginn: 22.05.25 um 20:50 Uhr  Angespannte Verkehrslage, seit 22.05.2025, 20:50 A7: Ulm -> Füssen/Reutte, zwischen 8.9 km hinter AS Nesselwang und 2.8 km vor Reinertshofertunnel  Langsamer Verkehr Reisezeitverlust: 0 Minuten Durchschnittsgeschwindigkeit: 61 km/h",47.6261727536306,10.6404234704922
"A7","undefined--vi-zus.2025-03-31_00-40-00-000.f_018.de0","53.579141433849884,9.913430072127355,53.55636870091902,9.897540700000414","53.579141433849884,9.913430072127355","WARNING","A7 | Hamburg-Volkspark - Elbtunnel (Nordportal)"," Flensburg -> Hamburg",NA,NA,NA,2025-03-31,"Beginn: 31.03.25 um 00:40 Uhr  Zusammengesetzte Verkehrsinformation, seit 31.03.2025, 00:40 A7: Flensburg -> Hamburg, zwischen 0.4 km hinter AS Hamburg-Volkspark und 0.9 km vor Elbtunnel (Nordportal)  A7 Flensburg Richtung Hamburg Ausfahrt Hamburg-Othmarschen Fahrbahnverengung, maximale Fahrbahnbreite von 4,50 m, Bauarbeiten, bis 29.09.2025",53.5791414338499,9.91343007212735
"A7","undefined--vi-avl.2025-05-22_20-21-30-000.f_006.de0","54.804956120681226,9.328584387866814,54.804956120681226,9.328584387866814","54.804956120681226,9.328584387866814","WARNING","A7 | Ellund - Ellund"," Flensburg -> Hamburg",NA,"STATIONARY_TRAFFIC","4",2025-05-22,"Beginn: 22.05.25 um 21:45 Uhr  Angespannte Verkehrslage, seit 22.05.2025, 21:45 A7: Flensburg -> Hamburg, 0.1 km vor Ellund, aus Richtung Ellund  Im Stillstand Durchschnittsgeschwindigkeit: 4 km/h",54.8049561206812,9.32858438786681
"A7","undefined--vi-avl.2025-05-22_20-15-00-000.f_001.de0","54.8049820054157,9.328571338481932,54.79556145228615,9.333360710621687","54.8049820054157,9.328571338481932","WARNING","A7 | Ellund - Flensburg/Harrislee"," Flensburg -> Hamburg",3,"STATIONARY_TRAFFIC","15.100000381469727",2025-05-22,"Beginn: 22.05.25 um 20:15 Uhr  Angespannte Verkehrslage, seit 22.05.2025, 20:15 A7: Flensburg -> Hamburg, zwischen 0.1 km hinter Ellund und 2.7 km vor AS Flensburg/Harrislee  Im Stillstand Reisezeitverlust: 3 Minuten Durchschnittsgeschwindigkeit: 15 km/h",54.8049820054157,9.32857133848193
"A8","undefined--vi-zus.2025-03-26_17-59-56-000.f_013.de0","49.32575278791285,7.172731755291576,49.327350714671546,7.213275819282444","49.32575278791285,7.172731755291576","WARNING","A8 | Neunkirchen/Spiesen - Kohlhof"," Saarlouis -> Neunkirchen",NA,NA,NA,2025-03-26,"Beginn: 26.03.25 um 17:59 Uhr  Zusammengesetzte Verkehrsinformation, seit 26.03.2025, 17:59 A8: Saarlouis -> Neunkirchen, zwischen 1.5 km hinter AS Neunkirchen/Spiesen und 1.0 km vor Kohlhof  A8 Saarlouis - Neunkirchen zwischen Neunkirchen-Spiesen und Neunkirchen-Oberstadt in beiden Richtungen Bauarbeiten, bis voraussichtlich 01.06.2025",49.3257527879128,7.17273175529158
"A8","undefined--vi-zus.2025-05-14_09-26-56-000.f.de0","49.32628400979037,7.229641516813452,49.329166750017514,7.1882642393148934","49.32628400979037,7.229641516813452","WARNING","A8 | Neunkirchen-Wellesweiler - Neunkirchen/Spiesen"," Neunkirchen -> Saarlouis",NA,NA,NA,2025-05-14,"Beginn: 14.05.25 um 09:26 Uhr  Zusammengesetzte Verkehrsinformation, seit 14.05.2025, 09:26 A8: Neunkirchen -> Saarlouis, zwischen 0.4 km hinter AS Neunkirchen-Wellesweiler und 2.7 km vor AS Neunkirchen/Spiesen  A8 Saarlouis - Neunkirchen zwischen Neunkirchen-Spiesen und Neunkirchen-Oberstadt in beiden Richtungen Bauarbeiten, bis voraussichtlich 01.06.2025",49.3262840097904,7.22964151681345
"A8","undefined--vi-avl.2025-05-22_19-56-00-000.f.de0","48.91544600094525,8.763377799999953,48.863815203430974,8.792927817509499","48.91544600094525,8.763377799999953","WARNING","A8 | Pforzheim-Nord - Heimsheim"," Karlsruhe -> Stuttgart",25,"STATIONARY_TRAFFIC","12.699999809265137",2025-05-22,"Beginn: 22.05.25 um 19:56 Uhr  Angespannte Verkehrslage, seit 22.05.2025, 19:56 A8: Karlsruhe -> Stuttgart, zwischen 4.0 km hinter AS Pforzheim-Nord und 7.2 km vor AS Heimsheim  Im Stillstand Reisezeitverlust: 25 Minuten Durchschnittsgeschwindigkeit: 12 km/h",48.9154460009453,8.76337779999995
"A8","undefined--vi-avl.2025-05-22_21-39-30-000.f_005.de0","48.91544600094525,8.763377799999953,48.91544600094525,8.763377799999953","48.91544600094525,8.763377799999953","WARNING","A8 | Pforzheim-Ost - Pforzheim-Ost"," Karlsruhe -> Stuttgart",NA,"STATIONARY_TRAFFIC","13",2025-05-22,"Beginn: 22.05.25 um 21:47 Uhr  Angespannte Verkehrslage, seit 22.05.2025, 21:47 A8: Karlsruhe -> Stuttgart, 0.3 km vor AS Pforzheim-Ost, aus Richtung Pforzheim-Nord  Im Stillstand Durchschnittsgeschwindigkeit: 13 km/h",48.9154460009453,8.76337779999995
"A9","undefined--vi-hind.2025-05-22_20-09-30-000.f_010.de0","48.579693200946316,11.590547400012028,48.506893700946534,11.587370600012015","48.579693200946316,11.590547400012028","WARNING","A9 | Rohrbach (Ost) - Pfaffenhofen a.d.Ilm"," Nürnberg -> München",NA,NA,NA,2025-05-22,"Beginn: 22.05.25 um 20:09 Uhr  Fahrzeug-Hindernis, seit 22.05.2025, 20:09 A9: Nürnberg -> München, zwischen 4.9 km hinter Rohrbach (Ost) und 0.3 km vor AS Pfaffenhofen a.d.Ilm Gefahr durch ein defektes Fahrzeug auf der Fahrbahn",48.5796932009463,11.590547400012
"A9","undefined--vi-zus.2025-05-22_19-46-00-000.f.de0","48.73044219621163,11.472663174629345,48.74841455321889,11.459133011615268","48.73044219621163,11.472663174629345","WARNING","A9 | Neuburg a.d.Donau - Ingolstadt-Süd"," München -> Nürnberg",5,"STATIONARY_TRAFFIC","20.200000762939453",2025-05-22,"Beginn: 22.05.25 um 19:46 Uhr  Zusammengesetzte Verkehrsinformation, seit 22.05.2025, 19:46 A9: München -> Nürnberg, zwischen 2.2 km hinter AS Neuburg a.d.Donau und 0.3 km vor AS Ingolstadt-Süd  Im Stillstand Reisezeitverlust: 5 Minuten Durchschnittsgeschwindigkeit: 20 km/h",48.7304421962116,11.4726631746293
"A9","undefined--vi-avl.2025-05-22_20-01-00-000.f_002.de0","48.73044219621163,11.472663174629345,48.73044219621163,11.472663174629345","48.73044219621163,11.472663174629345","WARNING","A9 | Ingolstadt-Süd - Ingolstadt-Süd"," München -> Nürnberg",NA,"STATIONARY_TRAFFIC","10",2025-05-22,"Beginn: 22.05.25 um 21:47 Uhr  Angespannte Verkehrslage, seit 22.05.2025, 21:47 A9: München -> Nürnberg, 2.5 km vor AS Ingolstadt-Süd, aus Richtung Neuburg a.d.Donau  Im Stillstand Durchschnittsgeschwindigkeit: 10 km/h",48.7304421962116,11.4726631746293
"A9","undefined--vi-hind.2025-05-22_21-42-30-000.f_001.de0","50.44453630093916,11.802598700014977,50.408858000939354,11.775512700014332","50.44453630093916,11.802598700014977","WARNING","A9 | Schleiz - Rudolphstein"," Halle/Leipzig -> Nürnberg",NA,NA,NA,2025-05-22,"Beginn: 22.05.25 um 21:42 Uhr  Fahrzeug-Hindernis, seit 22.05.2025, 21:42 A9: Halle/Leipzig -> Nürnberg, zwischen 12.5 km hinter AS Schleiz und AS Rudolphstein Gefahr durch ein defektes Fahrzeug auf der Fahrbahn",50.4445363009392,11.802598700015
"A9","undefined--vi-avl.2025-05-22_19-09-08-000.f_012.de0","50.92609774837444,11.83897062328222,50.95187213152183,11.837059480990261","50.92609774837444,11.83897062328222","WARNING","A9 | Bad Klosterlausnitz - Kuhberg"," Nürnberg -> Halle/Leipzig",3,"QUEUING_TRAFFIC","39.900001525878906",2025-05-22,"Beginn: 22.05.25 um 19:09 Uhr  Angespannte Verkehrslage, seit 22.05.2025, 19:09 A9: Nürnberg -> Halle/Leipzig, zwischen 1.7 km hinter AS Bad Klosterlausnitz und 1.9 km vor Kuhberg  Stockender Verkehr Reisezeitverlust: 3 Minuten Durchschnittsgeschwindigkeit: 39 km/h",50.9260977483744,11.8389706232822
"A9","undefined--vi-avl.2025-05-22_21-47-30-000.f.de0","50.92609774837444,11.83897062328222,50.92609774837444,11.83897062328222","50.92609774837444,11.83897062328222","WARNING","A9 | Kuhberg - Kuhberg"," Nürnberg -> Halle/Leipzig",NA,"QUEUING_TRAFFIC","20",2025-05-22,"Beginn: 22.05.25 um 21:47 Uhr  Angespannte Verkehrslage, seit 22.05.2025, 21:47 A9: Nürnberg -> Halle/Leipzig, 4.8 km vor Kuhberg, aus Richtung Bad Klosterlausnitz  Stockender Verkehr Durchschnittsgeschwindigkeit: 20 km/h",50.9260977483744,11.8389706232822
"A10","undefined--vi-hind.2025-05-22_21-31-30-000.f_001.de0","52.332785652155245,13.751638380751398,52.33139222881008,13.75115891770988","52.332785652155245,13.751638380751398","WARNING","A10 | Freienbrink - Spreeau"," Dreieck Barnim -> Dreieck Spreeau",NA,NA,NA,2025-05-22,"Beginn: 22.05.25 um 21:31 Uhr  Fahrzeug-Hindernis, seit 22.05.2025, 21:31 A10: Dreieck Barnim -> Dreieck Spreeau, zwischen 6.8 km hinter AS Freienbrink und 0.8 km vor AD Spreeau Gefahr durch ein defektes Fahrzeug auf der Fahrbahn",52.3327856521552,13.7516383807514
"A12","WarnungA10Lkw3","47.61802931631098,12.202336027754352,47.61802931631098,12.202336027754352","47.61802931631098,12.202336027754352","WARNING","E45/E60 | LKW Blockabfertigung | A12-Inntal Autobahn","Richtung Italien",NA,NA,NA,2025-01-11,"Zeitraum: Beginn: 07.01.2025 Ende: 09.12.2025  Hinweis für LKW-Reisende nach Österreich: LKW-Blockabfertigungen an ausgewählten Tagen für Lkw am Grenzübergang Kufstein/Kiefersfelden. Maximaler Durchlass von 300 LKWs pro Stunde  Die genauen Ausführungszeiten und weitere Informationen auf tirol.gv.at/verkehr/verkehrs-und-seilbahnrecht/lkw-dosierung.",47.618029316311,12.2023360277544
"A12","WarnungA10Lkw2","47.6164490154047,12.202382557672273,47.6164490154047,12.202382557672273","47.6164490154047,12.202382557672273","WARNING","E43/E45/E60 | A13-Brenner Autobahn","Richtung Italien",NA,NA,NA,2025-01-11,"Zeitraum: Beginn: 11.01.2025 Ende: 27.09.2025  Hinweis für LKW-Reisende nach Österreich: LKW-Fahrverbot auf der A12-Inntal Autobahn, A13-Brenner Autobahn und A14-Rheintal/Walgau Autobahn, wenn das Ziel der Fahrt der Anschlussstelle Nößlach bis Anschlussstelle Brenner Nord der Richtungsfahrbahn Staatsgrenze der A 13 Brenner Autobahn erreicht werden soll. An ausgewählten Samstagen 7-15 Uhr sowie weiteren Tagen im Zeitraum 11.01. - 27.09.2025 Weitere Informationen auf http://asfinag.at/a13",47.6164490154047,12.2023825576723
"A13","undefined--vi-hind.2025-05-22_21-29-30-000.f_002.de0","51.59023529728024,13.944334324387912,51.66299080093899,13.913646200212956","51.59023529728024,13.944334324387912","WARNING","A13 | Großräschen - Bronkow"," Dresden -> Schönefelder Kreuz",NA,NA,NA,2025-05-22,"Beginn: 22.05.25 um 21:29 Uhr  Hindernis, seit 22.05.2025, 21:29 A13: Dresden -> Schönefelder Kreuz, zwischen 0.3 km hinter AS Großräschen und 0.3 km vor AS Bronkow  Gefahr durch Gegenstände auf der Fahrbahn",51.5902352972802,13.9443343243879
"A14","undefined--vi-hind.2025-05-22_21-47-00-000.f.de0","51.68620909419761,11.758607362394313,51.68564785429046,11.761094541994646","51.68620909419761,11.758607362394313","WARNING","A14 | Saaleaue - Könnern"," Magdeburg -> Halle",NA,NA,NA,2025-05-22,"Beginn: 22.05.25 um 21:47 Uhr  Fahrzeug-Hindernis, seit 22.05.2025, 21:47 A14: Magdeburg -> Halle, zwischen 4.0 km hinter Saaleaue und 0.5 km vor AS Könnern Gefahr durch ein defektes Fahrzeug auf der Fahrbahn",51.6862090941976,11.7586073623943
"A17","undefined--vi-avl.2025-05-22_21-45-30-000.f_001.de0","50.82026170094333,13.887384300240237,50.82026170094333,13.887384300240237","50.82026170094333,13.887384300240237","WARNING","A17 | Am Heidenholz - Am Heidenholz"," Prag -> Dresden",NA,"QUEUING_TRAFFIC","27",2025-05-22,"Beginn: 22.05.25 um 21:45 Uhr  Angespannte Verkehrslage, seit 22.05.2025, 21:45 A17: Prag -> Dresden, 0.2 km vor Am Heidenholz, aus Richtung Breitenau-Schönwald  Stockender Verkehr Durchschnittsgeschwindigkeit: 27 km/h",50.8202617009433,13.8873843002402
"A17","undefined--vi-zus.2025-05-22_21-44-00-000.f.de0","50.82026170094333,13.887384300240237,50.825784654914514,13.887788152709305","50.82026170094333,13.887384300240237","WARNING","A17 | Breitenau-Schönwald - Bad Gottleuba"," Prag -> Dresden",0,"QUEUING_TRAFFIC","35.20000076293945",2025-05-22,"Beginn: 22.05.25 um 21:44 Uhr  Zusammengesetzte Verkehrsinformation, seit 22.05.2025, 21:44 A17: Prag -> Dresden, zwischen 4.5 km hinter Breitenau-Schönwald und 0.6 km vor AS Bad Gottleuba  Stockender Verkehr Reisezeitverlust: 0 Minuten Durchschnittsgeschwindigkeit: 35 km/h",50.8202617009433,13.8873843002402
"A20","undefined--vi-hind.2025-05-22_21-07-30-000.f_002.de0","53.79339882247449,13.32309670379733,53.9101602009187,13.353286100077305","53.79339882247449,13.32309670379733","WARNING","A20 | Altentreptow - Jarmen"," Stettin -> Rostock",NA,NA,NA,2025-05-22,"Beginn: 22.05.25 um 21:07 Uhr  Hindernis, seit 22.05.2025, 21:07 A20: Stettin -> Rostock, zwischen 9.3 km hinter AS Altentreptow und 0.3 km vor AS Jarmen  Gefahr durch eine ungesicherte Unfallstelle",53.7933988224745,13.3230967037973
"A23","undefined--vi-hind.2025-05-22_21-17-30-000.f_001.de0","53.874367900916404,9.55720340000026,53.89486107173413,9.516968160762557","53.874367900916404,9.55720340000026","WARNING","A23 | Lägerdorf - Itzehoe-Süd"," Hamburg -> Heide",NA,NA,NA,2025-05-22,"Beginn: 22.05.25 um 21:17 Uhr  Hindernis, seit 22.05.2025, 21:17 A23: Hamburg -> Heide, zwischen 0.3 km hinter AS Lägerdorf und 0.3 km vor AS Itzehoe-Süd  Gefahr durch Gegenstände auf der Fahrbahn",53.8743679009164,9.55720340000026
"A23","undefined--vi-unf.2025-05-22_21-28-00-000.f.de0","53.89625574280652,9.513680184612628,53.87142150091644,9.560344100000243","53.89625574280652,9.513680184612628","WARNING","A23 | Stör - Hohenfelde"," Heide -> Hamburg",NA,NA,NA,2025-05-22,"Beginn: 22.05.25 um 21:28 Uhr  Unfall, seit 22.05.2025, 21:28 A23: Heide -> Hamburg, zwischen 4.3 km hinter Stör und 4.0 km vor AS Hohenfelde",53.8962557428065,9.51368018461263
"A23","undefined--vi-unf.2025-05-22_21-10-30-000.f.de0","53.89625574280652,9.513680184612628,53.87142150091644,9.560344100000243","53.89625574280652,9.513680184612628","WARNING","A23 | Stör - Hohenfelde"," Heide -> Hamburg",NA,NA,NA,2025-05-22,"Beginn: 22.05.25 um 21:10 Uhr  Unfall, seit 22.05.2025, 21:10 A23: Heide -> Hamburg, zwischen 4.3 km hinter Stör und 4.0 km vor AS Hohenfelde",53.8962557428065,9.51368018461263
"A23","undefined--vi-unf.2025-05-22_20-09-30-000.f_002.de0","54.027668324897114,9.447596103603962,53.96056367403544,9.491281388041903","54.027668324897114,9.447596103603962","WARNING","A23 | Schenefeld - Itzehoe-Nord"," Heide -> Hamburg",NA,NA,NA,2025-05-22,"Beginn: 22.05.25 um 20:09 Uhr  Unfall, seit 22.05.2025, 20:09 A23: Heide -> Hamburg, zwischen 0.4 km hinter AS Schenefeld und 0.4 km vor AS Itzehoe-Nord",54.0276683248971,9.44759610360396
"A23","undefined--vi-unf.2025-05-22_20-29-00-000.f_002.de0","54.027668324897114,9.447596103603962,53.96056367403544,9.491281388041903","54.027668324897114,9.447596103603962","WARNING","A23 | Schenefeld - Itzehoe-Nord"," Heide -> Hamburg",NA,NA,NA,2025-05-22,"Beginn: 22.05.25 um 20:29 Uhr  Unfall, seit 22.05.2025, 20:29 A23: Heide -> Hamburg, zwischen 0.4 km hinter AS Schenefeld und 0.4 km vor AS Itzehoe-Nord",54.0276683248971,9.44759610360396
"A28","undefined--vi-hind.2025-05-22_20-47-32-000.f_002.de0","53.18746398486491,8.104785572647241,53.158011165681295,8.164113359957128","53.18746398486491,8.104785572647241","WARNING","A28 | Neuenkruge - Oldenburg-Wechloy"," Leer -> Oldenburg",NA,NA,NA,2025-05-22,"Beginn: 22.05.25 um 20:47 Uhr  Hindernis, seit 22.05.2025, 20:47 A28: Leer -> Oldenburg, zwischen 0.2 km hinter AS Neuenkruge und 0.4 km vor AS Oldenburg-Wechloy  Gefahr durch Gegenstände auf der Fahrbahn",53.1874639848649,8.10478557264724
"A31","undefined--vi-hind.2025-05-22_20-24-00-000.f_003.de0","51.587862755889255,6.939353809542816,51.587862755889255,6.939353809542816","51.587862755889255,6.939353809542816","WARNING","A31 | Bottrop-Kirchhellen - Gladbeck"," Gronau -> Oberhausen",NA,NA,NA,2025-05-22,"Beginn: 22.05.25 um 20:24 Uhr  Fahrzeug-Hindernis, seit 22.05.2025, 20:24 A31: Gronau -> Oberhausen, zwischen 2.2 km hinter AS Bottrop-Kirchhellen und 0.2 km vor AS Gladbeck Gefahr durch ein defektes Fahrzeug auf der Fahrbahn",51.5878627558893,6.93935380954282
"A31","undefined--vi-avl.2025-05-22_17-49-56-000.f_016.de0","52.11533598065041,7.086335600887026,52.135186734791155,7.089543852877889","52.11533598065041,7.086335600887026","WARNING","A31 | Averbeck - Gronau/Ochtrup"," Oberhausen -> Gronau",1,"SLOW_TRAFFIC","66.69999694824219",2025-05-22,"Beginn: 22.05.25 um 17:49 Uhr  Angespannte Verkehrslage, seit 22.05.2025, 17:49 A31: Oberhausen -> Gronau, zwischen 1.2 km hinter Averbeck und 6.6 km vor AS Gronau/Ochtrup  Langsamer Verkehr Reisezeitverlust: 1 Minuten Durchschnittsgeschwindigkeit: 66 km/h",52.1153359806504,7.08633560088703
"A31","undefined--vi-unf.2025-05-22_21-08-30-000.f.de0","52.986537716335604,7.2506105989016145,52.87785819686398,7.228637265192921","52.986537716335604,7.2506105989016145","WARNING","A31 | Rhede (Ems) - Lathen"," Leer -> Meppen",NA,NA,NA,2025-05-22,"Beginn: 22.05.25 um 21:08 Uhr  Unfall, seit 22.05.2025, 21:08 A31: Leer -> Meppen, zwischen 8.9 km hinter AS Rhede (Ems) und 0.1 km vor AS Lathen",52.9865377163356,7.25061059890161
"A33","undefined--vi-hind.2025-05-22_21-05-30-000.f_003.de0","52.12348377661244,8.177957606802421,52.125233597766595,8.17706610727801","52.12348377661244,8.177957606802421","WARNING","A33 | Dissen/Bad Rothenfelde - Hilter am Teutoburger Wald"," Bielefeld -> Osnabrück",NA,NA,NA,2025-05-22,"Beginn: 22.05.25 um 21:05 Uhr  Fahrzeug-Hindernis, seit 22.05.2025, 21:05 A33: Bielefeld -> Osnabrück, zwischen 0.6 km hinter AS Dissen/Bad Rothenfelde und 2.4 km vor AS Hilter am Teutoburger Wald Gefahr durch ein defektes Fahrzeug auf der Fahrbahn",52.1234837766124,8.17795760680242
"A37","undefined--vi-zus.2025-05-20_10-04-05-000.f_002.de0","52.442156462690335,9.933442989087833,52.436581812162494,9.913211841333315","52.442156462690335,9.933442989087833","WARNING","A37 | Beinhorn - Hannover-Kirchhorst"," Celle -> Hannover",NA,NA,NA,2025-05-20,"Beginn: 20.05.25 um 10:04 Uhr  Zusammengesetzte Verkehrsinformation, seit 20.05.2025, 10:04 B3: Celle -> Hannover, zwischen 0.4 km hinter AS Beinhorn und 2.1 km vor AK Hannover-Kirchhorst  A37 Messe - Burgdorf
zwischen Kreuz Hannover-Buchholz und Beinhorn
in beiden Richtungen geänderte Verkehrsführung im Baustellenbereich, Bauarbeiten, bis 30.10.2026 ca. 18:00 Uhr",52.4421564626903,9.93344298908783
"A37","undefined--vi-zus.2025-05-20_10-04-05-000.f_003.de0","52.42566547847685,9.880479425875153,52.44102213295518,9.93161290421946","52.42566547847685,9.880479425875153","WARNING","Baustelle"," km 22.62 --> km 26.54",NA,NA,NA,2025-05-20,"Beginn: 20.05.25 um 10:04 Uhr  Zusammengesetzte Verkehrsinformation, seit 20.05.2025, 10:04 A37: km 22.62 --> km 26.54  A37 Messe - Burgdorf
zwischen Kreuz Hannover-Buchholz und Beinhorn
in beiden Richtungen geänderte Verkehrsführung im Baustellenbereich, Bauarbeiten, bis 30.10.2026 ca. 18:00 Uhr",52.4256654784769,9.88047942587515
"A40","undefined--vi-avl.2025-05-23_10-40-00-000.f_021.de0","51.49586584711128,7.188980215086521,51.49600382564044,7.189722511193523","51.49586584711128,7.188980215086521","WARNING","A40 | Bochum-West - Bochum-Freudenbergstraße"," Essen -> Dortmund",0,"STATIONARY_TRAFFIC","35",2025-05-23,"Beginn: 23.05.25 um 10:40 Uhr  Angespannte Verkehrslage, seit 23.05.2025, 10:40 A40: Essen -> Dortmund, zwischen 1.8 km hinter AD Bochum-West und 0.9 km vor AS Bochum-Freudenbergstraße  Im Stillstand Reisezeitverlust: 0 Minuten Durchschnittsgeschwindigkeit: 35 km/h",51.4958658471113,7.18898021508652
"A43","undefined--vi-avl.2025-05-22_21-33-30-000.f_001.de0","51.9053836315508,7.422605995199219,51.90673711915578,7.410424223519217","51.9053836315508,7.422605995199219","WARNING","A43 | Senden - Nottuln"," Münster -> Recklinghausen",0,"SLOW_TRAFFIC","58.099998474121094",2025-05-22,"Beginn: 22.05.25 um 21:33 Uhr  Angespannte Verkehrslage, seit 22.05.2025, 21:33 A43: Münster -> Recklinghausen, zwischen 4.8 km hinter AS Senden und 0.3 km vor AS Nottuln  Langsamer Verkehr Reisezeitverlust: 0 Minuten Durchschnittsgeschwindigkeit: 58 km/h",51.9053836315508,7.42260599519922
"A44","undefined--vi-avl.2025-05-22_21-47-00-000.f.de0","51.28086193341671,6.69713178813369,51.286706815200645,6.678922602929941","51.28086193341671,6.69713178813369","WARNING","A44 | Flughafenbrücke - Strümp"," Düsseldorf -> Mönchengladbach",0,"SLOW_TRAFFIC","54.900001525878906",2025-05-22,"Beginn: 22.05.25 um 21:47 Uhr  Angespannte Verkehrslage, seit 22.05.2025, 21:47 A44: Düsseldorf -> Mönchengladbach, zwischen 0.6 km hinter Flughafenbrücke und 1.2 km vor Strümp  Langsamer Verkehr Reisezeitverlust: 0 Minuten Durchschnittsgeschwindigkeit: 54 km/h",51.2808619334167,6.69713178813369
"A44","undefined--vi-avl.2025-05-22_19-41-33-000.f.de0","51.53331597610454,7.831699073229939,51.5330901009332,7.857236499999488","51.53331597610454,7.831699073229939","WARNING","A44 | Buchenhain - Am Haarstrang"," Dortmund -> Kassel",2,"STATIONARY_TRAFFIC","30.799999237060547",2025-05-22,"Beginn: 22.05.25 um 19:41 Uhr  Angespannte Verkehrslage, seit 22.05.2025, 19:41 A44: Dortmund -> Kassel, zwischen 2.9 km hinter Buchenhain und 0.2 km vor Am Haarstrang  Im Stillstand Reisezeitverlust: 2 Minuten Durchschnittsgeschwindigkeit: 30 km/h",51.5333159761045,7.83169907322994
"A44","undefined--vi-avl.2025-05-22_18-38-43-000.f_001.de0","51.57740352717801,8.23592309020764,51.573830305004996,8.218808528612874","51.57740352717801,8.23592309020764","WARNING","A44 | Völlinghauser Flur - Lohner Klei"," Kassel -> Dortmund",0,"SLOW_TRAFFIC","60.79999923706055",2025-05-22,"Beginn: 22.05.25 um 18:38 Uhr  Angespannte Verkehrslage, seit 22.05.2025, 18:38 A44: Kassel -> Dortmund, zwischen 3.0 km hinter Völlinghauser Flur und 1.1 km vor Lohner Klei  Langsamer Verkehr Reisezeitverlust: 0 Minuten Durchschnittsgeschwindigkeit: 60 km/h",51.577403527178,8.23592309020764
"A44","undefined--vi-avl.2025-05-22_18-33-56-000.f_001.de0","51.519630351664105,8.93183735450384,51.519630351664105,8.93183735450384","51.519630351664105,8.93183735450384","WARNING","A44 | Blankenrode - Blankenrode"," Kassel -> Dortmund",NA,"STATIONARY_TRAFFIC","13",2025-05-22,"Beginn: 22.05.25 um 21:47 Uhr  Angespannte Verkehrslage, seit 22.05.2025, 21:47 A44: Kassel -> Dortmund, 4.7 km vor Blankenrode, aus Richtung Marsberg  Im Stillstand Durchschnittsgeschwindigkeit: 13 km/h",51.5196303516641,8.93183735450384
"A44","undefined--vi-avl.2025-05-22_18-23-04-000.f_006.de0","51.519630351664105,8.93183735450384,51.53481754372822,8.890880696065599","51.519630351664105,8.93183735450384","WARNING","A44 | Marsberg - Blankenrode"," Kassel -> Dortmund",5,"STATIONARY_TRAFFIC","28.5",2025-05-22,"Beginn: 22.05.25 um 18:23 Uhr  Angespannte Verkehrslage, seit 22.05.2025, 18:23 A44: Kassel -> Dortmund, zwischen 2.1 km hinter AS Marsberg und 1.4 km vor Blankenrode  Im Stillstand Reisezeitverlust: 5 Minuten Durchschnittsgeschwindigkeit: 28 km/h",51.5196303516641,8.93183735450384
"A44","undefined--vi-hind.2025-05-22_21-29-30-000.f_001.de0","51.28910714748196,9.361170447117926,51.287916970862334,9.363395180767466","51.28910714748196,9.361170447117926","WARNING","A44 | Roterain - Hirzstein"," Dortmund -> Kassel",NA,NA,NA,2025-05-22,"Beginn: 22.05.25 um 21:29 Uhr  Fahrzeug-Hindernis, seit 22.05.2025, 21:29 A44: Dortmund -> Kassel, zwischen 5.3 km hinter Roterain und 0.5 km vor Hirzstein Gefahr durch ein defektes Fahrzeug auf der Fahrbahn",51.289107147482,9.36117044711793
"A44","undefined--vi-avl.2025-05-22_19-44-30-000.f_002.de0","51.27492316623914,9.411647054939634,51.267207869722135,9.433990205678016","51.27492316623914,9.411647054939634","WARNING","A44 | Kassel-Bad Wilhelmshöhe - Kassel-West"," Dortmund -> Kassel",2,"QUEUING_TRAFFIC","31.600000381469727",2025-05-22,"Beginn: 22.05.25 um 19:44 Uhr  Angespannte Verkehrslage, seit 22.05.2025, 19:44 A44: Dortmund -> Kassel, zwischen 1.0 km hinter AS Kassel-Bad Wilhelmshöhe und 1.3 km vor AK Kassel-West  Stockender Verkehr Reisezeitverlust: 2 Minuten Durchschnittsgeschwindigkeit: 31 km/h",51.2749231662391,9.41164705493963
"A45","undefined--vi-avl.2025-05-22_21-45-00-000.f.de0","50.56158261885087,8.557343148696232,50.56896153520826,8.547685342854388","50.56158261885087,8.557343148696232","WARNING","A45 | Wetzlar-Süd - Wetzlar-Ost"," Gießen -> Hagen",0,"SLOW_TRAFFIC","56.20000076293945",2025-05-22,"Beginn: 22.05.25 um 21:45 Uhr  Angespannte Verkehrslage, seit 22.05.2025, 21:45 A45: Gießen -> Hagen, zwischen 0.8 km hinter AS Wetzlar-Süd und 0.2 km vor AS Wetzlar-Ost  Langsamer Verkehr Reisezeitverlust: 0 Minuten Durchschnittsgeschwindigkeit: 56 km/h",50.5615826188509,8.55734314869623
"A46","undefined--vi-hind.2025-05-22_21-16-00-000.f_003.de0","51.368911650833184,7.549928750011195,51.36918685992754,7.547832452452992","51.368911650833184,7.549928750011195","WARNING","A46 | Hagen-Elsey - Hagen"," Hemer -> Hagen",NA,NA,NA,2025-05-22,"Beginn: 22.05.25 um 21:16 Uhr  Fahrzeug-Hindernis, seit 22.05.2025, 21:16 A46: Hemer -> Hagen, zwischen 2.2 km hinter AS Hagen-Elsey und 2.2 km vor AK Hagen Gefahr durch ein defektes Fahrzeug auf der Fahrbahn",51.3689116508332,7.54992875001119
"A52","undefined--vi-hind.2025-05-22_21-38-30-000.f.de0","51.26381040265638,6.795133701239346,51.26320405736447,6.795296354139615","51.26381040265638,6.795133701239346","WARNING","Baustelle"," km 53.99 --> km 53.92",NA,NA,NA,2025-05-22,"Beginn: 22.05.25 um 21:38 Uhr  Fahrzeug-Hindernis, seit 22.05.2025, 21:38 A52: km 53.99 --> km 53.92 Gefahr durch ein defektes Fahrzeug auf der Fahrbahn",51.2638104026564,6.79513370123935
"A52","undefined--vi-hind.2025-05-22_21-21-30-000.f.de0","51.263944597491815,6.795287945128769,51.263944597491815,6.795287945128769","51.263944597491815,6.795287945128769","WARNING","Baustelle"," km 54.00 --> km 54.02",NA,NA,NA,2025-05-22,"Beginn: 22.05.25 um 21:21 Uhr  Fahrzeug-Hindernis, seit 22.05.2025, 21:21 A52: km 54.00 --> km 54.02 Gefahr durch ein defektes Fahrzeug auf der Fahrbahn",51.2639445974918,6.79528794512877
"A60","undefined--vi-zus.2025-04-08_08-51-21-000.f_013.de0","49.98125533976677,8.345695317688524,49.97565770865279,8.441396718063045","49.98125533976677,8.345695317688524","WARNING","A60 | Mainspitz-Dreieck - Rüsselsheimer Dreieck"," Mainz -> Rüsselsheim",NA,NA,NA,2025-04-08,"Beginn: 08.04.25 um 08:51 Uhr  Zusammengesetzte Verkehrsinformation, seit 08.04.2025, 08:51 A60: Mainz -> Rüsselsheim, zwischen 0.5 km hinter AD Mainspitz-Dreieck und 2.2 km vor AD Rüsselsheimer Dreieck  Sperrung der A60 bei Königstädten – Grundhafte Fahrbahnerneuerung zwischen dem Rüsselsheimer Dreieck und dem Mainspitz Dreieck. Die Niederlassung West der Autobahn GmbH erneuert zwischen dem Rüsselsheimer Dreieck (30) und dem Mainspitz Dreieck (26) die Fahrbahn. Von Donnerstagmorgen (24. April) bis Mitte Juli wird die Anschlussstelle (AS) Königstädten (29) in Fahrtrichtung (FR) Mainz sowie in FR Rüsselsheimer Dreieck gesperrt. Umleitungsmöglichkeiten sind ausgeschildert: • Ausfahrt FR Mainz: Umleitung via AS Rüsselsheim-Mitte • Einfahrt FR Mainz: innerstädtische Umleitung zur AS Rüsselsheim-Mitte (Adam-Opel-Straße / Kurt-Schumacher-Ring), von Nauheim kommend via L3482 zur AS Bischofsheim • Einfahrt FR Darmstadt: innerstädtische Umleitung zur AS Rüsselsheim-Mitte (Adam-Opel-Straße / Kurt-Schumacher-Ring) Die Autobahn GmbH bittet alle Verkehrsteilnehmer um Verständnis für die unvermeidlichen Verkehrsbehinderungen, die durch die Arbeiten entstehen.",49.9812553397668,8.34569531768852
"A60","undefined--vi-zus.2025-05-03_10-55-00-000.f_003.de0","49.977457399447445,8.454646346787307,49.981587265039146,8.34517285786785","49.977457399447445,8.454646346787307","WARNING","A60 | Rüsselsheimer Dreieck - Mainspitz-Dreieck"," Rüsselsheim -> Mainz",NA,NA,NA,2025-05-03,"Beginn: 03.05.25 um 10:55 Uhr  Zusammengesetzte Verkehrsinformation, seit 03.05.2025, 10:55 A60: Rüsselsheim -> Mainz, zwischen 0.6 km hinter AD Rüsselsheimer Dreieck und 0.5 km vor AD Mainspitz-Dreieck  Sperrung der A60 bei Königstädten – Grundhafte Fahrbahnerneuerung zwischen dem Rüsselsheimer Dreieck und dem Mainspitz Dreieck. Die Niederlassung West der Autobahn GmbH erneuert zwischen dem Rüsselsheimer Dreieck (30) und dem Mainspitz Dreieck (26) die Fahrbahn. Von Donnerstagmorgen (24. April) bis Mitte Juli wird die Anschlussstelle (AS) Königstädten (29) in Fahrtrichtung (FR) Mainz sowie in FR Rüsselsheimer Dreieck gesperrt. Umleitungsmöglichkeiten sind ausgeschildert: • Ausfahrt FR Mainz: Umleitung via AS Rüsselsheim-Mitte • Einfahrt FR Mainz: innerstädtische Umleitung zur AS Rüsselsheim-Mitte (Adam-Opel-Straße / Kurt-Schumacher-Ring), von Nauheim kommend via L3482 zur AS Bischofsheim • Einfahrt FR Darmstadt: innerstädtische Umleitung zur AS Rüsselsheim-Mitte (Adam-Opel-Straße / Kurt-Schumacher-Ring) Die Autobahn GmbH bittet alle Verkehrsteilnehmer um Verständnis für die unvermeidlichen Verkehrsbehinderungen, die durch die Arbeiten entstehen.",49.9774573994474,8.45464634678731
"A65","undefined--vi-avl.2025-05-22_20-49-00-000.f_002.de0","49.21462001091958,8.142109481843391,49.20786807030006,8.147633047093155","49.21462001091958,8.142109481843391","WARNING","A65 | Landau-Nord - Landau-Zentrum"," Ludwigshafen -> Karlsruhe",0,"SLOW_TRAFFIC","43.79999923706055",2025-05-22,"Beginn: 22.05.25 um 20:49 Uhr  Angespannte Verkehrslage, seit 22.05.2025, 20:49 A65: Ludwigshafen -> Karlsruhe, zwischen 0.3 km hinter AS Landau-Nord und 1.5 km vor AS Landau-Zentrum  Langsamer Verkehr Reisezeitverlust: 0 Minuten Durchschnittsgeschwindigkeit: 43 km/h",49.2146200109196,8.14210948184339
"A65","undefined--vi-avl.2025-05-22_21-16-30-000.f.de0","49.219728048356785,8.142407663798972,49.21461147803849,8.142113825516292","49.219728048356785,8.142407663798972","WARNING","A65 | Landau-Dammheim - Landau-Zentrum"," Ludwigshafen -> Karlsruhe",0,"QUEUING_TRAFFIC","38.099998474121094",2025-05-22,"Beginn: 22.05.25 um 21:16 Uhr  Angespannte Verkehrslage, seit 22.05.2025, 21:16 A65: Ludwigshafen -> Karlsruhe, zwischen 0.7 km hinter AS Landau-Dammheim und 2.4 km vor AS Landau-Zentrum  Stockender Verkehr Reisezeitverlust: 0 Minuten Durchschnittsgeschwindigkeit: 38 km/h",49.2197280483568,8.14240766379897
"A66","undefined--vi-hind.2025-05-22_21-18-30-000.f_001.de0","50.052727860852634,8.262855092529888,50.05019686589029,8.286968183603179","50.052727860852634,8.262855092529888","WARNING","A66 | Wiesbaden-Mainzer Straße - Wiesbaden-Erbenheim"," Wiesbaden -> Frankfurt",NA,NA,NA,2025-05-22,"Beginn: 22.05.25 um 21:18 Uhr  Hindernis, seit 22.05.2025, 21:18 A66: Wiesbaden -> Frankfurt, zwischen 0.5 km hinter AS Wiesbaden-Mainzer Straße und 0.4 km vor AS Wiesbaden-Erbenheim  Gefahr durch Gegenstände auf der Fahrbahn",50.0527278608526,8.26285509252989
"A72","undefined--vi-hind.2025-05-22_19-54-00-000.f_004.de0","50.38980873690478,11.980092059583718,50.43547630093932,12.09220010002442","50.38980873690478,11.980092059583718","WARNING","A72 | Landesgrenze - Vogtland Süd"," Hof -> Plauen",NA,NA,NA,2025-05-22,"Beginn: 22.05.25 um 19:54 Uhr  Fahrzeug-Hindernis, seit 22.05.2025, 19:54 A72: Hof -> Plauen, zwischen Landesgrenze und 2.9 km vor Vogtland Süd Gefahr durch ein defektes Fahrzeug auf der Fahrbahn",50.3898087369048,11.9800920595837
"A92","undefined--vi-zus.2025-05-22_20-41-00-000.f.de0","48.42711359421116,11.937843272319714,48.439697984872616,11.955208965857357","48.42711359421116,11.937843272319714","WARNING","A92 | Erding - Moosburg-Süd"," München -> Deggendorf",11,"STATIONARY_TRAFFIC","9.199999809265137",2025-05-22,"Beginn: 22.05.25 um 20:41 Uhr  Zusammengesetzte Verkehrsinformation, seit 22.05.2025, 20:41 A92: München -> Deggendorf, zwischen 6.9 km hinter AS Erding und 1.1 km vor AS Moosburg-Süd  Im Stillstand Reisezeitverlust: 11 Minuten Durchschnittsgeschwindigkeit: 9 km/h",48.4271135942112,11.9378432723197
"A92","undefined--vi-avl.2025-05-22_21-26-30-000.f_002.de0","48.427065175799186,11.937763345987626,48.427065175799186,11.937763345987626","48.427065175799186,11.937763345987626","WARNING","A92 | Moosburger Au - Moosburger Au"," München -> Deggendorf",NA,"STATIONARY_TRAFFIC","4",2025-05-22,"Beginn: 22.05.25 um 21:47 Uhr  Angespannte Verkehrslage, seit 22.05.2025, 21:47 A92: München -> Deggendorf, 1.6 km vor Moosburger Au, aus Richtung Erding  Im Stillstand Durchschnittsgeschwindigkeit: 4 km/h",48.4270651757992,11.9377633459876
"A96","undefined--vi-zus.2025-05-22_20-34-00-000.f_001.de0","47.92698652653791,10.087142626261553,47.919960111522094,10.076132033561661","47.92698652653791,10.087142626261553","WARNING","A96 | Aitrach - Aichstetten"," München -> Lindau",0,"SLOW_TRAFFIC","66.19999694824219",2025-05-22,"Beginn: 22.05.25 um 20:34 Uhr  Zusammengesetzte Verkehrsinformation, seit 22.05.2025, 20:34 A96: München -> Lindau, zwischen 1.0 km hinter AS Aitrach und 5.0 km vor AS Aichstetten  Langsamer Verkehr Reisezeitverlust: 0 Minuten Durchschnittsgeschwindigkeit: 66 km/h",47.9269865265379,10.0871426262616
"A96","undefined--vi-unf.2025-05-22_21-17-30-000.f_001.de0","48.12990161792838,11.424713398224775,48.12717635668864,11.446491571740385","48.12990161792838,11.424713398224775","WARNING","A96 | München Freiham-Süd - Gräfelfing"," Lindau -> München",NA,NA,NA,2025-05-22,"Beginn: 22.05.25 um 21:17 Uhr  Unfall, seit 22.05.2025, 21:17 A96: Lindau -> München, zwischen 0.7 km hinter AS München Freiham-Süd und 0.1 km vor AS Gräfelfing",48.1299016179284,11.4247133982248
"A111","undefined--vi-avl.2025-05-22_19-31-30-000.f_008.de0","52.54814930042448,13.300780086496395,52.553029607907426,13.304918541325323","52.54814930042448,13.300780086496395","WARNING","A111 | Saatwinkler Damm - Flughafen Tegel"," Charlottenburg -> Dreieck Oranienburg",3,"STATIONARY_TRAFFIC","10",2025-05-22,"Beginn: 22.05.25 um 19:31 Uhr  Angespannte Verkehrslage, seit 22.05.2025, 19:31 A111: Charlottenburg -> Dreieck Oranienburg, zwischen AS Saatwinkler Damm und 1.0 km vor Flughafen Tegel  Im Stillstand Reisezeitverlust: 3 Minuten Durchschnittsgeschwindigkeit: 10 km/h",52.5481493004245,13.3007800864964
"A111","undefined--vi-avl.2025-05-22_19-31-30-000.f_001.de0","52.54815727183136,13.300786871941211,52.54815727183136,13.300786871941211","52.54815727183136,13.300786871941211","WARNING","A111 | Am Festplatz - Am Festplatz"," Charlottenburg -> Dreieck Oranienburg",NA,"STATIONARY_TRAFFIC","5",2025-05-22,"Beginn: 22.05.25 um 21:47 Uhr  Angespannte Verkehrslage, seit 22.05.2025, 21:47 A111: Charlottenburg -> Dreieck Oranienburg, 0.6 km vor AS Am Festplatz, aus Richtung Saatwinkler Damm  Im Stillstand Durchschnittsgeschwindigkeit: 5 km/h",52.5481572718314,13.3007868719412
"A111","undefined--vi-avl.2025-05-22_21-09-30-000.f.de0","52.61682924020877,13.25024430200584,52.61682924020877,13.25024430200584","52.61682924020877,13.25024430200584","WARNING","A111 | Schulzendorfer Straße - Schulzendorfer Straße"," Dreieck Oranienburg -> Charlottenburg",NA,"STATIONARY_TRAFFIC","5",2025-05-22,"Beginn: 22.05.25 um 21:43 Uhr  Angespannte Verkehrslage, seit 22.05.2025, 21:43 A111: Dreieck Oranienburg -> Charlottenburg, 0.3 km vor AS Schulzendorfer Straße, aus Richtung Stolper Heide  Im Stillstand Durchschnittsgeschwindigkeit: 5 km/h",52.6168292402088,13.2502443020058
"A111","undefined--vi-avl.2025-05-22_21-09-30-000.f_001.de0","52.61681713924981,13.250222493552037,52.61501132045364,13.247775281913526","52.61681713924981,13.250222493552037","WARNING","A111 | Stolper Heide - Schulzendorfer Straße"," Dreieck Oranienburg -> Charlottenburg",2,"STATIONARY_TRAFFIC","6.599999904632568",2025-05-22,"Beginn: 22.05.25 um 21:09 Uhr  Angespannte Verkehrslage, seit 22.05.2025, 21:09 A111: Dreieck Oranienburg -> Charlottenburg, zwischen 3.1 km hinter Stolper Heide und 0.1 km vor AS Schulzendorfer Straße  Im Stillstand Reisezeitverlust: 2 Minuten Durchschnittsgeschwindigkeit: 6 km/h",52.6168171392498,13.250222493552
"A113","undefined--vi-avl.2025-05-22_21-15-00-000.f.de0","52.45057654923875,13.463963248692009,52.44429430093059,13.476128600116523","52.45057654923875,13.463963248692009","WARNING","A113 | Späthstraße - Johannisthaler Chaussee"," Neukölln -> Schönefeld",3,"STATIONARY_TRAFFIC","16.200000762939453",2025-05-22,"Beginn: 22.05.25 um 21:15 Uhr  Angespannte Verkehrslage, seit 22.05.2025, 21:15 A113: Neukölln -> Schönefeld, zwischen 0.4 km hinter AS Späthstraße und 0.2 km vor AS Johannisthaler Chaussee  Im Stillstand Reisezeitverlust: 3 Minuten Durchschnittsgeschwindigkeit: 16 km/h",52.4505765492387,13.463963248692
"A113","undefined--vi-avl.2025-05-22_21-16-30-000.f_001.de0","52.45057654923875,13.463963248692009,52.45057654923875,13.463963248692009","52.45057654923875,13.463963248692009","WARNING","A113 | Johannisthaler Chaussee - Johannisthaler Chaussee"," Neukölln -> Schönefeld",NA,"STATIONARY_TRAFFIC","16",2025-05-22,"Beginn: 22.05.25 um 21:47 Uhr  Angespannte Verkehrslage, seit 22.05.2025, 21:47 A113: Neukölln -> Schönefeld, 1.3 km vor AS Johannisthaler Chaussee, aus Richtung Späthstraße  Im Stillstand Durchschnittsgeschwindigkeit: 16 km/h",52.4505765492387,13.463963248692
"A115","undefined--vi-zus.2024-10-09_07-09-40-000.f_531.de0","52.40027056808641,13.185163736426698,52.44227384698058,13.202709435405149","52.40027056808641,13.185163736426698","WARNING","A115 | Am Stern - Hüttenweg"," Dreieck Nuthetal -> Dreieck Funkturm",NA,NA,NA,2024-10-09,"Beginn: 09.10.24 um 07:09 Uhr  Zusammengesetzte Verkehrsinformation, seit 09.10.2024, 07:09 A115: Dreieck Nuthetal -> Dreieck Funkturm, zwischen 2.9 km hinter Am Stern und 3.8 km vor AS Hüttenweg  A115 Autobahnzubringer Magdeburg, Dreieck Nuthetal Richtung Dreieck Funkturm, zwischen Anschlussstelle Kleinmachnow und Anschlussstelle Spanische Allee, Baustelle, bis 31.10.2026 17:00 Uhr",52.4002705680864,13.1851637364267
