"road","identifier","extent","point","display_type","title","subtitle","delay_minutes","abnormalTrafficType","averageSpeed","startTimestamp","description","latitude","longitude"
"A1","undefined--vi-avl.2025-05-20_18-42-10-000.f_001.de0","51.235716295095955,7.230391927255166,51.235716295095955,7.230391927255166","51.235716295095955,7.230391927255166","WARNING","A1 | Wuppertal-Ronsdorf - Wuppertal-Ronsdorf"," Dortmund -> Köln",NA,"STATIONARY_TRAFFIC","8",2025-05-20,"Beginn: 20.05.25 um 20:07 Uhr  Angespannte Verkehrslage, seit 20.05.2025, 20:07 A1: Dortmund -> Köln, 1.0 km vor AS Wuppertal-Ronsdorf, aus Richtung Ehrenberg  Im Stillstand Durchschnittsgeschwindigkeit: 8 km/h",51.235716295096,7.23039192725517
"A1","undefined--vi-avl.2025-05-20_18-37-14-000.f_003.de0","51.235602867822855,7.230347035390538,51.22267102918807,7.242692576711864","51.235602867822855,7.230347035390538","WARNING","A1 | Ehrenberg - Remscheid-Lennep"," Dortmund -> Köln",6,"STATIONARY_TRAFFIC","13.800000190734863",2025-05-20,"Beginn: 20.05.25 um 18:37 Uhr  Angespannte Verkehrslage, seit 20.05.2025, 18:37 A1: Dortmund -> Köln, zwischen 3.9 km hinter Ehrenberg und 2.5 km vor AS Remscheid-Lennep  Im Stillstand Reisezeitverlust: 6 Minuten Durchschnittsgeschwindigkeit: 13 km/h",51.2356028678229,7.23034703539054
"A1","undefined--vi-hind.2025-05-20_20-00-30-000.f_001.de0","52.49528745622466,8.076498557803484,52.39817886089971,8.036502870757507","52.49528745622466,8.076498557803484","WARNING","A1 | Dammer Berge - Bramsche"," Bremen -> Osnabrück",NA,NA,NA,2025-05-20,"Beginn: 20.05.25 um 20:00 Uhr  Fahrzeug-Hindernis, seit 20.05.2025, 20:00 A1: Bremen -> Osnabrück, zwischen 5.7 km hinter Dammer Berge und 0.4 km vor AS Bramsche Gefahr durch ein defektes Fahrzeug auf der Fahrbahn",52.4952874562247,8.07649855780348
"A1","undefined--vi-hind.2025-05-20_19-17-00-000.f_001.de0","53.20031260092184,9.295084500000122,53.110726233777484,9.201271968668555","53.20031260092184,9.295084500000122","WARNING","A1 | Bockel - Stuckenborstel"," Hamburg -> Bremen",NA,NA,NA,2025-05-20,"Beginn: 20.05.25 um 19:17 Uhr  Fahrzeug-Hindernis, seit 20.05.2025, 19:17 A1: Hamburg -> Bremen, zwischen 0.2 km hinter Bockel und 0.2 km vor AS Stuckenborstel",53.2003126009218,9.29508450000012
"A1","undefined--vi-hind.2025-05-20_19-20-30-000.f_003.de0","53.87919300091635,10.66061360000142,53.8827857422508,10.664596574039464","53.87919300091635,10.66061360000142","WARNING","A1 | Lübeck-Moisling - Bad Schwartau"," Hamburg -> Fehmarn",NA,NA,NA,2025-05-20,"Beginn: 20.05.25 um 19:20 Uhr  Fahrzeug-Hindernis, seit 20.05.2025, 19:20 A1: Hamburg -> Fehmarn, zwischen 3.0 km hinter AS Lübeck-Moisling und 3.1 km vor AS Bad Schwartau Gefahr durch ein defektes Fahrzeug auf der Fahrbahn",53.8791930009164,10.6606136000014
"A1","undefined--vi-hind.2025-05-20_19-51-34-000.f_001.de0","53.946668800856095,10.747243075307592,53.9342341663471,10.73403383299949","53.946668800856095,10.747243075307592","WARNING","A1 | Ratekau - Sereetzerfeld"," Fehmarn -> Lübeck",NA,NA,NA,2025-05-20,"Beginn: 20.05.25 um 19:51 Uhr  Hindernis, seit 20.05.2025, 19:51 A1: Fehmarn -> Lübeck, zwischen 0.3 km hinter AS Ratekau und 0.3 km vor Sereetzerfeld",53.9466688008561,10.7472430753076
"A1","undefined--vi-avl.2025-05-20_19-36-30-000.f_001.de0","53.963264610541735,10.738693668260975,53.963264610541735,10.738693668260975","53.963264610541735,10.738693668260975","WARNING","A1 | Ratekau - Ratekau"," Fehmarn -> Lübeck",NA,"STATIONARY_TRAFFIC","10",2025-05-20,"Beginn: 20.05.25 um 20:07 Uhr  Angespannte Verkehrslage, seit 20.05.2025, 20:07 A1: Fehmarn -> Lübeck, 1.7 km vor AS Ratekau, aus Richtung Pansdorf  Im Stillstand Durchschnittsgeschwindigkeit: 10 km/h",53.9632646105417,10.738693668261
"A1","undefined--vi-zus.2025-05-20_19-34-30-000.f.de0","53.96328824925022,10.738671685472905,53.93586502879431,10.73644573798175","53.96328824925022,10.738671685472905","WARNING","A1 | Pansdorf - Sereetzerfeld"," Fehmarn -> Lübeck",18,"STATIONARY_TRAFFIC","9.600000381469727",2025-05-20,"Beginn: 20.05.25 um 19:34 Uhr  Zusammengesetzte Verkehrsinformation, seit 20.05.2025, 19:34 A1: Fehmarn -> Lübeck, zwischen 4.8 km hinter AS Pansdorf und 0.6 km vor Sereetzerfeld  Im Stillstand Reisezeitverlust: 18 Minuten Durchschnittsgeschwindigkeit: 9 km/h",53.9632882492502,10.7386716854729
"A2","undefined--vi-avl.2025-05-20_19-41-30-000.f.de0","51.5386298801034,6.843310174342619,51.53887574555629,6.864115930365085","51.5386298801034,6.843310174342619","WARNING","A2 | Oberhausen - Oberhausen-Königshardt"," Oberhausen -> Dortmund",7,"STATIONARY_TRAFFIC","10.899999618530273",2025-05-20,"Beginn: 20.05.25 um 19:41 Uhr  Angespannte Verkehrslage, seit 20.05.2025, 19:41 A2: Oberhausen -> Dortmund, zwischen 0.6 km hinter AK Oberhausen und 0.4 km vor AS Oberhausen-Königshardt  Im Stillstand Reisezeitverlust: 7 Minuten Durchschnittsgeschwindigkeit: 10 km/h",51.5386298801034,6.84331017434262
"A2","undefined--vi-avl.2025-05-20_19-42-30-000.f_003.de0","51.5386298801034,6.843310174342619,51.5386298801034,6.843310174342619","51.5386298801034,6.843310174342619","WARNING","A2 | Oberhausen-Königshardt - Oberhausen-Königshardt"," Oberhausen -> Dortmund",NA,"STATIONARY_TRAFFIC","4",2025-05-20,"Beginn: 20.05.25 um 20:07 Uhr  Angespannte Verkehrslage, seit 20.05.2025, 20:07 A2: Oberhausen -> Dortmund, 1.8 km vor AS Oberhausen-Königshardt, aus Richtung Oberhausen  Im Stillstand Durchschnittsgeschwindigkeit: 4 km/h",51.5386298801034,6.84331017434262
"A2","undefined--vi-avl.2025-05-20_19-51-00-000.f.de0","51.714233464354784,7.978935360181811,51.714233464354784,7.978935360181811","51.714233464354784,7.978935360181811","WARNING","A2 | Hamm-Uentrop - Hamm-Uentrop"," Hannover -> Dortmund",NA,"STATIONARY_TRAFFIC","11",2025-05-20,"Beginn: 20.05.25 um 20:07 Uhr  Angespannte Verkehrslage, seit 20.05.2025, 20:07 A2: Hannover -> Dortmund, 2.3 km vor AS Hamm-Uentrop, aus Richtung Stettin  Im Stillstand Durchschnittsgeschwindigkeit: 11 km/h",51.7142334643548,7.97893536018181
"A2","undefined--vi-avl.2025-05-20_19-31-00-000.f_003.de0","51.71421549843916,7.978934147683382,51.69043184009976,7.96407273423837","51.71421549843916,7.978934147683382","WARNING","A2 | Stettin - Im Großen Klei"," Hannover -> Dortmund",7,"STATIONARY_TRAFFIC","19.899999618530273",2025-05-20,"Beginn: 20.05.25 um 19:31 Uhr  Angespannte Verkehrslage, seit 20.05.2025, 19:31 A2: Hannover -> Dortmund, zwischen 1.1 km hinter Stettin und 3.0 km vor Im Großen Klei  Im Stillstand Reisezeitverlust: 7 Minuten Durchschnittsgeschwindigkeit: 19 km/h",51.7142154984392,7.97893414768338
"A2","undefined--vi-avl.2025-05-20_19-47-30-000.f_002.de0","52.21726248472665,9.190274592282082,52.21726248472665,9.190274592282082","52.21726248472665,9.190274592282082","WARNING","A2 | Bernser Kirchweg - Bernser Kirchweg"," Hannover -> Dortmund",NA,"STATIONARY_TRAFFIC","14",2025-05-20,"Beginn: 20.05.25 um 20:07 Uhr  Angespannte Verkehrslage, seit 20.05.2025, 20:07 A2: Hannover -> Dortmund, 1.6 km vor Bernser Kirchweg, aus Richtung Auetal Nord  Im Stillstand Durchschnittsgeschwindigkeit: 14 km/h",52.2172624847267,9.19027459228208
"A2","undefined--vi-avl.2025-05-20_10-45-52-000.f_002.de0","52.21729069254886,9.190382310763692,52.22056690008746,9.132269629085807","52.21729069254886,9.190382310763692","WARNING","A2 | Auetal Nord - Bad Eilsen-Ost"," Hannover -> Dortmund",15,"STATIONARY_TRAFFIC","14.199999809265137",2025-05-20,"Beginn: 20.05.25 um 10:45 Uhr  Angespannte Verkehrslage, seit 20.05.2025, 10:45 A2: Hannover -> Dortmund, zwischen 2.6 km hinter Auetal Nord und 0.5 km vor AS Bad Eilsen-Ost  Im Stillstand Reisezeitverlust: 15 Minuten Durchschnittsgeschwindigkeit: 14 km/h",52.2172906925489,9.19038231076369
"A2","undefined--vi-hind.2025-05-20_20-03-00-000.f.de0","52.364427911947104,10.100241386944369,52.3642113706616,10.102504778157858","52.364427911947104,10.100241386944369","WARNING","A2 | Lehrte-Ost - Hämelerwald"," Hannover -> Braunschweig",NA,NA,NA,2025-05-20,"Beginn: 20.05.25 um 20:03 Uhr  Fahrzeug-Hindernis, seit 20.05.2025, 20:03 A2: Hannover -> Braunschweig, zwischen 6.1 km hinter AS Lehrte-Ost und 1.2 km vor AS Hämelerwald Gefahr durch ein defektes Fahrzeug auf der Fahrbahn",52.3644279119471,10.1002413869444
"A2","undefined--vi-zus.2025-05-20_20-05-30-000.f.de0","52.27078037528035,12.383803227739259,52.27078037528035,12.383803227739259","52.27078037528035,12.383803227739259","WARNING","A2 | Wollin - Buckautal-Süd"," Berliner Ring -> Magdeburg",NA,NA,NA,2025-05-20,"Beginn: 20.05.25 um 20:05 Uhr  Zusammengesetzte Verkehrsinformation, seit 20.05.2025, 20:05 A2: Berliner Ring -> Magdeburg, zwischen 6.0 km hinter AS Wollin und 5.1 km vor Buckautal-Süd  Gefahr durch Gegenstände auf der Fahrbahn",52.2707803752804,12.3838032277393
"A2","undefined--vi-avl.2025-05-20_19-54-30-000.f_004.de0","51.534522200933196,6.827170999995847,51.534522200933196,6.827170999995847","51.534522200933196,6.827170999995847","WARNING","Baustelle","",NA,"STATIONARY_TRAFFIC","7",2025-05-20,"Beginn: 20.05.25 um 20:07 Uhr  Angespannte Verkehrslage, seit 20.05.2025, 20:07 A2 O  Im Stillstand Durchschnittsgeschwindigkeit: 7 km/h",51.5345222009332,6.82717099999585
"A2","undefined--vi-avl.2025-05-20_19-53-30-000.f.de0","51.534522200933196,6.827170999995847,51.5386298801034,6.843310174342619","51.534522200933196,6.827170999995847","WARNING","Baustelle"," km 473.65 --> km 472.42",9,"STATIONARY_TRAFFIC","7.699999809265137",2025-05-20,"Beginn: 20.05.25 um 19:53 Uhr  Angespannte Verkehrslage, seit 20.05.2025, 19:53 A2: km 473.65 --> km 472.42  Im Stillstand Reisezeitverlust: 9 Minuten Durchschnittsgeschwindigkeit: 7 km/h",51.5345222009332,6.82717099999585
"A3","undefined--vi-avl.2025-05-20_18-52-32-000.f_007.de0","48.77814183421468,13.02748717565696,48.78923850094671,13.00827200011237","48.77814183421468,13.02748717565696","WARNING","A3 | Hengersberg - Isarblick"," Passau -> Nürnberg",0,"SLOW_TRAFFIC","65.80000305175781",2025-05-20,"Beginn: 20.05.25 um 18:52 Uhr  Angespannte Verkehrslage, seit 20.05.2025, 18:52 A3: Passau -> Nürnberg, zwischen 1.3 km hinter AS Hengersberg und 2.7 km vor Isarblick  Langsamer Verkehr Reisezeitverlust: 0 Minuten Durchschnittsgeschwindigkeit: 65 km/h",48.7781418342147,13.027487175657
"A3","undefined--vi-hind.2025-05-20_19-41-30-000.f_004.de0","49.991220325124296,9.170464830482423,49.99112974552324,9.165439925741556","49.991220325124296,9.170464830482423","WARNING","A3 | Aschaffenburg-Ost - Strietwald-Nord"," Würzburg -> Frankfurt",NA,NA,NA,2025-05-20,"Beginn: 20.05.25 um 19:41 Uhr  Fahrzeug-Hindernis, seit 20.05.2025, 19:41 A3: Würzburg -> Frankfurt, zwischen AS Aschaffenburg-Ost und 3.2 km vor Strietwald-Nord Gefahr durch ein defektes Fahrzeug auf der Fahrbahn",49.9912203251243,9.17046483048242
"A3","undefined--vi-hind.2025-05-20_19-51-34-000.f_002.de0","50.047445636157526,8.54648614525933,50.05317640409056,8.596461903569121","50.047445636157526,8.54648614525933","WARNING","A3 | Kelsterbach - Frankfurter Kreuz"," Köln -> Frankfurt",NA,NA,NA,2025-05-20,"Beginn: 20.05.25 um 19:51 Uhr  Fahrzeug-Hindernis, seit 20.05.2025, 19:51 A3: Köln -> Frankfurt, zwischen 0.2 km hinter AS Kelsterbach und 0.6 km vor AK Frankfurter Kreuz Gefahr durch ein defektes Fahrzeug auf der Fahrbahn",50.0474456361575,8.54648614525933
"A3","undefined--vi-avl.2025-05-20_09-05-12-000.f_002.de0","51.4327742009338,6.808403599995645,51.44471633191113,6.799513356365973","51.4327742009338,6.808403599995645","WARNING","A3 | Duisburg-Wedau - Kaiserberg"," Köln -> Oberhausen",5,"STATIONARY_TRAFFIC","13.600000381469727",2025-05-20,"Beginn: 20.05.25 um 09:05 Uhr  Angespannte Verkehrslage, seit 20.05.2025, 09:05 A3: Köln -> Oberhausen, zwischen 2.9 km hinter AS Duisburg-Wedau und 0.2 km vor AK Kaiserberg  Im Stillstand Reisezeitverlust: 5 Minuten Durchschnittsgeschwindigkeit: 13 km/h",51.4327742009338,6.80840359999565
"A3","undefined--vi-avl.2025-05-20_11-50-23-000.f.de0","51.4326787814806,6.8083700362506505,51.4326787814806,6.8083700362506505","51.4326787814806,6.8083700362506505","WARNING","A3 | Kaiserberg - Kaiserberg"," Köln -> Oberhausen",NA,"STATIONARY_TRAFFIC","8",2025-05-20,"Beginn: 20.05.25 um 20:07 Uhr  Angespannte Verkehrslage, seit 20.05.2025, 20:07 A3: Köln -> Oberhausen, 1.7 km vor AK Kaiserberg, aus Richtung Duisburg-Wedau  Im Stillstand Durchschnittsgeschwindigkeit: 8 km/h",51.4326787814806,6.80837003625065
"A4","undefined--vi-zus.2025-05-20_20-05-00-000.f.de0","50.88752839517368,6.93453116223861,50.8944794610657,6.918420191363288","50.88752839517368,6.93453116223861","WARNING","A4 | Köln-Süd - Köln-Klettenberg"," Köln -> Heerlen/Aachen",0,"SLOW_TRAFFIC","58",2025-05-20,"Beginn: 20.05.25 um 20:05 Uhr  Zusammengesetzte Verkehrsinformation, seit 20.05.2025, 20:05 A4: Köln -> Heerlen/Aachen, zwischen 2.5 km hinter AK Köln-Süd und 0.8 km vor AS Köln-Klettenberg  Langsamer Verkehr Reisezeitverlust: 0 Minuten Durchschnittsgeschwindigkeit: 58 km/h",50.8875283951737,6.93453116223861
"A4","undefined--vi-avl.2025-05-20_19-44-00-000.f.de0","51.061841520279984,13.56486274366386,51.06079434978369,13.502313795869796","51.061841520279984,13.56486274366386","WARNING","A4 | Dresdner Tor - Nossen"," Dresden -> Chemnitz",2,"SLOW_TRAFFIC","60.70000076293945",2025-05-20,"Beginn: 20.05.25 um 20:04 Uhr  Angespannte Verkehrslage, seit 20.05.2025, 20:04 A4: Dresden -> Chemnitz, zwischen 0.5 km hinter Dresdner Tor und 9.8 km vor AD Nossen  Langsamer Verkehr Reisezeitverlust: 2 Minuten Durchschnittsgeschwindigkeit: 60 km/h",51.06184152028,13.5648627436639
"A4","undefined--vi-avl.2025-05-20_16-57-30-000.f_005.de0","51.1809790996829,15.0083336540561,51.18227108262756,15.004883280518438","51.1809790996829,15.0083336540561","WARNING","A4 | Ludwigsdorf - An der Neiße"," Görlitz -> Dresden",0,"SLOW_TRAFFIC","9.199999809265137",2025-05-20,"Beginn: 20.05.25 um 16:57 Uhr  Angespannte Verkehrslage, seit 20.05.2025, 16:57 A4: Görlitz -> Dresden, zwischen Ludwigsdorf und 1.3 km vor An der Neiße  Langsamer Verkehr Reisezeitverlust: 0 Minuten Durchschnittsgeschwindigkeit: 9 km/h",51.1809790996829,15.0083336540561
"A6","undefined--vi-avl.2025-05-20_20-05-30-000.f_001.de0","49.63298267604683,12.455482163891759,49.63298267604683,12.455482163891759","49.63298267604683,12.455482163891759","WARNING","A6 | Ulrichsberg - Ulrichsberg"," Pilsen -> Nürnberg",NA,"STATIONARY_TRAFFIC","28",2025-05-20,"Beginn: 20.05.25 um 20:05 Uhr  Angespannte Verkehrslage, seit 20.05.2025, 20:05 A6: Pilsen -> Nürnberg, 0.3 km vor Ulrichsberg, aus Richtung Waidhaus  Im Stillstand Durchschnittsgeschwindigkeit: 28 km/h",49.6329826760468,12.4554821638918
"A6","undefined--vi-zus.2025-05-20_20-03-30-000.f.de0","49.63298267604683,12.455482163891759,49.63087810094304,12.45022460004655","49.63298267604683,12.455482163891759","WARNING","A6 | Waidhaus - Pleystein"," Pilsen -> Nürnberg",0,"STATIONARY_TRAFFIC","27.299999237060547",2025-05-20,"Beginn: 20.05.25 um 20:03 Uhr  Zusammengesetzte Verkehrsinformation, seit 20.05.2025, 20:03 A6: Pilsen -> Nürnberg, zwischen 2.6 km hinter AS Waidhaus und 2.9 km vor AS Pleystein  Im Stillstand Reisezeitverlust: 0 Minuten Durchschnittsgeschwindigkeit: 27 km/h",49.6329826760468,12.4554821638918
"A7","undefined--vi-zus.2025-05-20_19-29-30-000.f.de0","47.57034785142288,10.659989425667524,47.57538933115995,10.661761037364318","47.57034785142288,10.659989425667524","WARNING","A7 | Grenztunnel Füssen - Reinertshofertunnel"," Füssen/Reutte -> Ulm",1,"QUEUING_TRAFFIC","19.899999618530273",2025-05-20,"Beginn: 20.05.25 um 19:29 Uhr  Zusammengesetzte Verkehrsinformation, seit 20.05.2025, 19:29 A7: Füssen/Reutte -> Ulm, zwischen 1.3 km hinter Grenztunnel Füssen und 2.9 km vor Reinertshofertunnel  Stockender Verkehr Reisezeitverlust: 1 Minuten Durchschnittsgeschwindigkeit: 19 km/h",47.5703478514229,10.6599894256675
"A7","undefined--vi-zus.2025-05-13_04-57-00-000.f_003.de0","47.595412441892016,10.656244234565428,47.62654678358412,10.642572056942274","47.595412441892016,10.656244234565428","WARNING","A7 | Füssen - Nesselwang"," Füssen/Reutte -> Ulm",NA,NA,NA,2025-05-13,"Beginn: 13.05.25 um 04:57 Uhr  Zusammengesetzte Verkehrsinformation, seit 13.05.2025, 04:57 A7: Füssen/Reutte -> Ulm, zwischen 2.5 km hinter AS Füssen und 9.1 km vor AS Nesselwang  A7 Füssen/Reutte Richtung Ulm zwischen Reinertshoftunnel und Nesselwang Verkehr wird über die Gegenfahrbahn geleitet, Baustelle, von 16.05.2025 05:00 Uhr bis 18.07.2025 15:00 Uhr",47.595412441892,10.6562442345654
"A7","undefined--vi-avl.2025-05-20_19-30-30-000.f.de0","47.57033909408479,10.659986383173456,47.57033909408479,10.659986383173456","47.57033909408479,10.659986383173456","WARNING","A7 | Füssen - Füssen"," Füssen/Reutte -> Ulm",NA,"QUEUING_TRAFFIC","5",2025-05-20,"Beginn: 20.05.25 um 20:07 Uhr  Angespannte Verkehrslage, seit 20.05.2025, 20:07 A7: Füssen/Reutte -> Ulm, 0.4 km vor AS Füssen, aus Richtung Grenztunnel Füssen  Stockender Verkehr Durchschnittsgeschwindigkeit: 5 km/h",47.5703390940848,10.6599863831735
"A7","undefined--vi-avl.2025-05-20_20-02-30-000.f.de0","47.629506050197506,10.601875554865249,47.62845644560246,10.584288309423684","47.629506050197506,10.601875554865249","WARNING","A7 | Reinertshofertunnel - Nesselwang"," Füssen/Reutte -> Ulm",0,"SLOW_TRAFFIC","61.099998474121094",2025-05-20,"Beginn: 20.05.25 um 20:02 Uhr  Angespannte Verkehrslage, seit 20.05.2025, 20:02 A7: Füssen/Reutte -> Ulm, zwischen 7.2 km hinter Reinertshofertunnel und 4.6 km vor AS Nesselwang  Langsamer Verkehr Reisezeitverlust: 0 Minuten Durchschnittsgeschwindigkeit: 61 km/h",47.6295060501975,10.6018755548652
"A7","undefined--vi-avl.2025-05-20_20-03-00-000.f_001.de0","53.57254854811599,9.90395086219261,53.57254854811599,9.90395086219261","53.57254854811599,9.90395086219261","WARNING","A7 | Hamburg-Bahrenfeld - Hamburg-Bahrenfeld"," Flensburg -> Hamburg",NA,"STATIONARY_TRAFFIC","14",2025-05-20,"Beginn: 20.05.25 um 20:07 Uhr  Angespannte Verkehrslage, seit 20.05.2025, 20:07 A7: Flensburg -> Hamburg, 0.9 km vor AS Hamburg-Bahrenfeld, aus Richtung Hamburg-Volkspark  Im Stillstand Durchschnittsgeschwindigkeit: 14 km/h",53.572548548116,9.90395086219261
"A7","undefined--vi-zus.2025-03-31_00-40-00-000.f_018.de0","53.579141433849884,9.913430072127355,53.55636870091902,9.897540700000414","53.579141433849884,9.913430072127355","WARNING","A7 | Hamburg-Volkspark - Elbtunnel (Nordportal)"," Flensburg -> Hamburg",NA,NA,NA,2025-03-31,"Beginn: 31.03.25 um 00:40 Uhr  Zusammengesetzte Verkehrsinformation, seit 31.03.2025, 00:40 A7: Flensburg -> Hamburg, zwischen 0.4 km hinter AS Hamburg-Volkspark und 0.9 km vor Elbtunnel (Nordportal)  A7 Flensburg Richtung Hamburg Ausfahrt Hamburg-Othmarschen Fahrbahnverengung, maximale Fahrbahnbreite von 4,50 m, Bauarbeiten, bis 29.09.2025",53.5791414338499,9.91343007212735
"A7","undefined--vi-zus.2025-05-20_19-59-00-000.f.de0","53.57254854811599,9.90395086219261,53.55636870091902,9.897540700000414","53.57254854811599,9.90395086219261","WARNING","A7 | Hamburg-Volkspark - Elbtunnel (Nordportal)"," Flensburg -> Hamburg",4,"STATIONARY_TRAFFIC","18.200000762939453",2025-05-20,"Beginn: 20.05.25 um 19:59 Uhr  Zusammengesetzte Verkehrsinformation, seit 20.05.2025, 19:59 A7: Flensburg -> Hamburg, zwischen 1.4 km hinter AS Hamburg-Volkspark und 0.9 km vor Elbtunnel (Nordportal)  Im Stillstand Reisezeitverlust: 4 Minuten Durchschnittsgeschwindigkeit: 18 km/h",53.572548548116,9.90395086219261
"A8","undefined--vi-zus.2025-03-26_17-59-56-000.f_013.de0","49.32575278791285,7.172731755291576,49.327350714671546,7.213275819282444","49.32575278791285,7.172731755291576","WARNING","A8 | Neunkirchen/Spiesen - Kohlhof"," Saarlouis -> Neunkirchen",NA,NA,NA,2025-03-26,"Beginn: 26.03.25 um 17:59 Uhr  Zusammengesetzte Verkehrsinformation, seit 26.03.2025, 17:59 A8: Saarlouis -> Neunkirchen, zwischen 1.5 km hinter AS Neunkirchen/Spiesen und 1.0 km vor Kohlhof  A8 Saarlouis - Neunkirchen zwischen Neunkirchen-Spiesen und Neunkirchen-Oberstadt in beiden Richtungen Bauarbeiten, bis voraussichtlich 01.06.2025",49.3257527879128,7.17273175529158
"A8","undefined--vi-zus.2025-05-14_09-26-56-000.f.de0","49.32628400979037,7.229641516813452,49.329166750017514,7.1882642393148934","49.32628400979037,7.229641516813452","WARNING","A8 | Neunkirchen-Wellesweiler - Neunkirchen/Spiesen"," Neunkirchen -> Saarlouis",NA,NA,NA,2025-05-14,"Beginn: 14.05.25 um 09:26 Uhr  Zusammengesetzte Verkehrsinformation, seit 14.05.2025, 09:26 A8: Neunkirchen -> Saarlouis, zwischen 0.4 km hinter AS Neunkirchen-Wellesweiler und 2.7 km vor AS Neunkirchen/Spiesen  A8 Saarlouis - Neunkirchen zwischen Neunkirchen-Spiesen und Neunkirchen-Oberstadt in beiden Richtungen Bauarbeiten, bis voraussichtlich 01.06.2025",49.3262840097904,7.22964151681345
"A8","undefined--vi-avl.2025-05-20_20-01-30-000.f_002.de0","48.88040302578755,8.78813711599847,48.86548907861083,8.792132653707522","48.88040302578755,8.78813711599847","WARNING","A8 | Pforzheim - Heimsheim"," Karlsruhe -> Stuttgart",2,"QUEUING_TRAFFIC","36.400001525878906",2025-05-20,"Beginn: 20.05.25 um 20:01 Uhr  Angespannte Verkehrslage, seit 20.05.2025, 20:01 A8: Karlsruhe -> Stuttgart, zwischen 3.3 km hinter Pforzheim und 7.4 km vor AS Heimsheim  Stockender Verkehr Reisezeitverlust: 2 Minuten Durchschnittsgeschwindigkeit: 36 km/h",48.8804030257876,8.78813711599847
"A8","undefined--vi-avl.2025-05-20_20-07-30-000.f_001.de0","48.88034016604929,8.788142774814077,48.88034016604929,8.788142774814077","48.88034016604929,8.788142774814077","WARNING","A8 | Pforzheim-Süd - Pforzheim-Süd"," Karlsruhe -> Stuttgart",NA,"QUEUING_TRAFFIC","26",2025-05-20,"Beginn: 20.05.25 um 20:07 Uhr  Angespannte Verkehrslage, seit 20.05.2025, 20:07 A8: Karlsruhe -> Stuttgart, 0.2 km vor AS Pforzheim-Süd, aus Richtung Pforzheim  Stockender Verkehr Durchschnittsgeschwindigkeit: 26 km/h",48.8803401660493,8.78814277481408
"A8","undefined--vi-hind.2025-05-20_19-23-00-000.f_004.de0","48.673594510318374,9.349857897667047,48.69091770094597,9.310111400000077","48.673594510318374,9.349857897667047","WARNING","A8 | Wendlingen - Denkendorf"," München -> Stuttgart",NA,NA,NA,2025-05-20,"Beginn: 20.05.25 um 19:23 Uhr  Fahrzeug-Hindernis, seit 20.05.2025, 19:23 A8: München -> Stuttgart, zwischen 0.5 km hinter AS Wendlingen und 0.6 km vor Denkendorf Gefahr durch ein defektes Fahrzeug auf der Fahrbahn",48.6735945103184,9.34985789766705
"A8","undefined--vi-zus.2025-05-20_20-02-00-000.f.de0","48.63875000034254,9.435177361035521,48.63391078229055,9.445005959816635","48.63875000034254,9.435177361035521","WARNING","A8 | Kirchheim (Teck)-West - Kirchheim (Teck)-Ost"," Stuttgart -> München",2,"STATIONARY_TRAFFIC","22.600000381469727",2025-05-20,"Beginn: 20.05.25 um 20:02 Uhr  Zusammengesetzte Verkehrsinformation, seit 20.05.2025, 20:02 A8: Stuttgart -> München, zwischen 0.4 km hinter AS Kirchheim (Teck)-West und 0.9 km vor AS Kirchheim (Teck)-Ost  Im Stillstand Reisezeitverlust: 2 Minuten Durchschnittsgeschwindigkeit: 22 km/h",48.6387500003425,9.43517736103552
"A8","undefined--vi-hind.2025-05-20_19-57-00-000.f_001.de0","48.63950851702085,9.433781203886406,48.630946682927465,9.45667586419767","48.63950851702085,9.433781203886406","WARNING","A8 | Kirchheim (Teck)-West - Vor dem Aichelberg"," Stuttgart -> München",NA,NA,NA,2025-05-20,"Beginn: 20.05.25 um 19:57 Uhr  Fahrzeug-Hindernis, seit 20.05.2025, 19:57 A8: Stuttgart -> München, zwischen 0.3 km hinter AS Kirchheim (Teck)-West und 6.0 km vor Vor dem Aichelberg Gefahr durch ein defektes Fahrzeug auf der Fahrbahn",48.6395085170209,9.43378120388641
"A8","undefined--vi-unf.2025-05-20_20-04-30-000.f.de0","48.63714487551987,9.438160782942719,48.63169922239987,9.452497459982188","48.63714487551987,9.438160782942719","WARNING","A8 | Kirchheim (Teck)-West - Kirchheim (Teck)-Ost"," Stuttgart -> München",NA,NA,NA,2025-05-20,"Beginn: 20.05.25 um 20:04 Uhr  Unfall, seit 20.05.2025, 20:04 A8: Stuttgart -> München, zwischen 0.7 km hinter AS Kirchheim (Teck)-West und 0.2 km vor AS Kirchheim (Teck)-Ost",48.6371448755199,9.43816078294272
"A8","undefined--vi-avl.2025-05-20_20-04-30-000.f_003.de0","48.63875000034254,9.435177361035521,48.63875000034254,9.435177361035521","48.63875000034254,9.435177361035521","WARNING","A8 | Kirchheim (Teck)-Ost - Kirchheim (Teck)-Ost"," Stuttgart -> München",NA,"STATIONARY_TRAFFIC","16",2025-05-20,"Beginn: 20.05.25 um 20:07 Uhr  Angespannte Verkehrslage, seit 20.05.2025, 20:07 A8: Stuttgart -> München, 1.8 km vor AS Kirchheim (Teck)-Ost, aus Richtung Kirchheim (Teck)-West  Im Stillstand Durchschnittsgeschwindigkeit: 16 km/h",48.6387500003425,9.43517736103552
"A8","undefined--vi-hind.2025-05-20_19-41-30-000.f_003.de0","47.80410020511302,12.160248048896774,47.80749825134876,12.122941199115566","47.80410020511302,12.160248048896774","WARNING","A8 | Rohrdorf - Rosenheim"," Salzburg -> München",NA,NA,NA,2025-05-20,"Beginn: 20.05.25 um 19:41 Uhr  Hindernis, seit 20.05.2025, 19:41 A8: Salzburg -> München, zwischen 0.2 km hinter AS Rohrdorf und 0.2 km vor AS Rosenheim  Gefahr durch Gegenstände auf der Fahrbahn",47.804100205113,12.1602480488968
"A9","undefined--vi-zus.2025-05-20_19-47-05-000.f_001.de0","48.72335906676466,11.478041291053497,48.736107805751615,11.46836292280505","48.72335906676466,11.478041291053497","WARNING","A9 | Neuburg a.d.Donau - Ingolstadt-Süd"," München -> Nürnberg",1,"QUEUING_TRAFFIC","43.099998474121094",2025-05-20,"Beginn: 20.05.25 um 19:47 Uhr  Zusammengesetzte Verkehrsinformation, seit 20.05.2025, 19:47 A9: München -> Nürnberg, zwischen 1.3 km hinter AS Neuburg a.d.Donau und 1.8 km vor AS Ingolstadt-Süd  Stockender Verkehr Reisezeitverlust: 1 Minuten Durchschnittsgeschwindigkeit: 43 km/h",48.7233590667647,11.4780412910535
"A9","undefined--vi-hind.2025-05-20_18-37-14-000.f_002.de0","50.547970587548676,11.795799632265243,50.65721970093812,11.814038900014959","50.547970587548676,11.795799632265243","WARNING","A9 | Bad Lobenstein - Triptis"," Nürnberg -> Halle/Leipzig",NA,NA,NA,2025-05-20,"Beginn: 20.05.25 um 18:37 Uhr  Fahrzeug-Hindernis, seit 20.05.2025, 18:37 A9: Nürnberg -> Halle/Leipzig, zwischen 12.4 km hinter AS Bad Lobenstein und 11.0 km vor AS Triptis",50.5479705875487,11.7957996322652
"A9","undefined--vi-avl.2025-05-20_19-32-05-000.f_004.de0","50.923639395925534,11.83967843813363,50.93997703975021,11.835181273395047","50.923639395925534,11.83967843813363","WARNING","A9 | Bad Klosterlausnitz - Kuhberg"," Nürnberg -> Halle/Leipzig",0,"SLOW_TRAFFIC","71.9000015258789",2025-05-20,"Beginn: 20.05.25 um 19:32 Uhr  Angespannte Verkehrslage, seit 20.05.2025, 19:32 A9: Nürnberg -> Halle/Leipzig, zwischen 1.4 km hinter AS Bad Klosterlausnitz und 3.2 km vor Kuhberg  Langsamer Verkehr Reisezeitverlust: 0 Minuten Durchschnittsgeschwindigkeit: 71 km/h",50.9236393959255,11.8396784381336
"A9","undefined--vi-zus.2025-05-20_18-20-03-000.f_004.de0","51.168591795337775,11.996773134807771,51.11339725159672,11.955761832032232","51.168591795337775,11.996773134807771","WARNING","A9 | Weißenfels - Osterfeld"," Halle/Leipzig -> Nürnberg",NA,NA,NA,2025-05-20,"Beginn: 20.05.25 um 18:20 Uhr  Zusammengesetzte Verkehrsinformation, seit 20.05.2025, 18:20 A9: Halle/Leipzig -> Nürnberg, zwischen 1.0 km hinter AS Weißenfels und 0.8 km vor Osterfeld  Gefahr durch eine ungesicherte Unfallstelle  A9 Halle/Leipzig Richtung Nürnberg zwischen Weißenfels und Raststätte Osterfeld West Gefahr durch ungesicherte Unfallstelle auf dem Standstreifen, Polizei ist benachrichtigt, fahren Sie bitte besonders vorsichtig",51.1685917953378,11.9967731348078
"A9","undefined--vi-avl.2025-05-20_20-07-30-000.f_002.de0","52.27492920579053,12.91100403486725,52.27492920579053,12.91100403486725","52.27492920579053,12.91100403486725","WARNING","A9 | Beelitz-Heilstätten - Beelitz-Heilstätten"," Berlin -> Halle/Leipzig",NA,"STATIONARY_TRAFFIC","5",2025-05-20,"Beginn: 20.05.25 um 20:07 Uhr  Angespannte Verkehrslage, seit 20.05.2025, 20:07 A9: Berlin -> Halle/Leipzig, 0.7 km vor AS Beelitz-Heilstätten, aus Richtung Potsdam  Im Stillstand Durchschnittsgeschwindigkeit: 5 km/h",52.2749292057905,12.9110040348673
"A9","undefined--vi-zus.2025-05-20_20-07-30-000.f.de0","52.27492920579053,12.91100403486725,52.27143080777412,12.909805041110104","52.27492920579053,12.91100403486725","WARNING","A9 | Potsdam - Beelitz-Heilstätten"," Berlin -> Halle/Leipzig",2,"STATIONARY_TRAFFIC","10.399999618530273",2025-05-20,"Beginn: 20.05.25 um 20:07 Uhr  Zusammengesetzte Verkehrsinformation, seit 20.05.2025, 20:07 A9: Berlin -> Halle/Leipzig, zwischen 1.7 km hinter AD Potsdam und 0.3 km vor AS Beelitz-Heilstätten  Im Stillstand Reisezeitverlust: 2 Minuten Durchschnittsgeschwindigkeit: 10 km/h",52.2749292057905,12.9110040348673
"A10","undefined--vi-hind.2025-05-20_19-12-00-000.f_001.de0","52.306322306876794,13.441127903387828,52.30654030093073,13.312906600099536","52.306322306876794,13.441127903387828","WARNING","A10 | Rangsdorf - Ludwigsfelde-Ost"," Schönefelder Kreuz -> Dreieck Potsdam",NA,NA,NA,2025-05-20,"Beginn: 20.05.25 um 19:12 Uhr  Hindernis, seit 20.05.2025, 19:12 A10: Schönefelder Kreuz -> Dreieck Potsdam, zwischen 0.6 km hinter AS Rangsdorf und 1.7 km vor AS Ludwigsfelde-Ost  Gefahr durch Gegenstände auf der Fahrbahn",52.3063223068768,13.4411279033878
"A11","undefined--vi-hind.2025-05-20_19-53-30-000.f_001.de0","52.69104151482589,13.558330931566951,52.72440540543001,13.541297317032111","52.69104151482589,13.558330931566951","WARNING","A11 | Bernau-Süd - Wandlitz"," Berliner Ring -> Kreuz Uckermark",NA,NA,NA,2025-05-20,"Beginn: 20.05.25 um 19:53 Uhr  Fahrzeug-Hindernis, seit 20.05.2025, 19:53 A11: Berliner Ring -> Kreuz Uckermark, zwischen 4.7 km hinter AS Bernau-Süd und 0.4 km vor AS Wandlitz Gefahr durch ein defektes Fahrzeug auf der Fahrbahn",52.6910415148259,13.558330931567
"A12","undefined--vi-avl.2025-05-20_20-07-30-000.f_004.de0","52.314956503849324,14.571151091422255,52.31465040151104,14.563713134786033","52.314956503849324,14.571151091422255","WARNING","A12 | Frankfurt(Oder) - Frankfurt(Oder)-Mitte"," Frankfurt(Oder) -> Berliner Ring",0,"SLOW_TRAFFIC","14.699999809265137",2025-05-20,"Beginn: 20.05.25 um 20:07 Uhr  Angespannte Verkehrslage, seit 20.05.2025, 20:07 A12: Frankfurt(Oder) -> Berliner Ring, zwischen 0.5 km hinter Frankfurt(Oder) und 3.1 km vor AS Frankfurt(Oder)-Mitte  Langsamer Verkehr Reisezeitverlust: 0 Minuten Durchschnittsgeschwindigkeit: 14 km/h",52.3149565038493,14.5711510914223
"A12","WarnungA10Lkw3","47.61802931631098,12.202336027754352,47.61802931631098,12.202336027754352","47.61802931631098,12.202336027754352","WARNING","E45/E60 | LKW Blockabfertigung | A12-Inntal Autobahn","Richtung Italien",NA,NA,NA,2025-01-11,"Zeitraum: Beginn: 07.01.2025 Ende: 09.12.2025  Hinweis für LKW-Reisende nach Österreich: LKW-Blockabfertigungen an ausgewählten Tagen für Lkw am Grenzübergang Kufstein/Kiefersfelden. Maximaler Durchlass von 300 LKWs pro Stunde  Die genauen Ausführungszeiten und weitere Informationen auf tirol.gv.at/verkehr/verkehrs-und-seilbahnrecht/lkw-dosierung.",47.618029316311,12.2023360277544
"A12","WarnungA10Lkw2","47.6164490154047,12.202382557672273,47.6164490154047,12.202382557672273","47.6164490154047,12.202382557672273","WARNING","E43/E45/E60 | A13-Brenner Autobahn","Richtung Italien",NA,NA,NA,2025-01-11,"Zeitraum: Beginn: 11.01.2025 Ende: 27.09.2025  Hinweis für LKW-Reisende nach Österreich: LKW-Fahrverbot auf der A12-Inntal Autobahn, A13-Brenner Autobahn und A14-Rheintal/Walgau Autobahn, wenn das Ziel der Fahrt der Anschlussstelle Nößlach bis Anschlussstelle Brenner Nord der Richtungsfahrbahn Staatsgrenze der A 13 Brenner Autobahn erreicht werden soll. An ausgewählten Samstagen 7-15 Uhr sowie weiteren Tagen im Zeitraum 11.01. - 27.09.2025 Weitere Informationen auf http://asfinag.at/a13",47.6164490154047,12.2023825576723
"A17","undefined--vi-avl.2025-05-20_19-54-00-000.f.de0","51.00568988537059,13.73876398885839,51.00866020573557,13.726919501400655","51.00568988537059,13.73876398885839","WARNING","A17 | Am Nöthnitzgrund - Coschütz"," Prag -> Dresden",1,"QUEUING_TRAFFIC","30.399999618530273",2025-05-20,"Beginn: 20.05.25 um 19:54 Uhr  Angespannte Verkehrslage, seit 20.05.2025, 19:54 A17: Prag -> Dresden, zwischen 0.6 km hinter Am Nöthnitzgrund und 3.1 km vor Coschütz  Stockender Verkehr Reisezeitverlust: 1 Minuten Durchschnittsgeschwindigkeit: 30 km/h",51.0056898853706,13.7387639888584
"A17","undefined--vi-zus.2025-05-20_19-41-30-000.f.de0","50.82026170094333,13.887384300240237,50.82974774172343,13.886744588533135","50.82026170094333,13.887384300240237","WARNING","A17 | Breitenau-Schönwald - Bad Gottleuba"," Prag -> Dresden",1,"QUEUING_TRAFFIC","37.20000076293945",2025-05-20,"Beginn: 20.05.25 um 19:41 Uhr  Zusammengesetzte Verkehrsinformation, seit 20.05.2025, 19:41 A17: Prag -> Dresden, zwischen 4.5 km hinter Breitenau-Schönwald und 0.2 km vor AS Bad Gottleuba  Stockender Verkehr Reisezeitverlust: 1 Minuten Durchschnittsgeschwindigkeit: 37 km/h",50.8202617009433,13.8873843002402
"A23","undefined--vi-hind.2025-05-20_20-02-30-000.f_001.de0","53.93545970432739,9.48345740803729,53.95832670091572,9.490903300000225","53.93545970432739,9.48345740803729","WARNING","A23 | Itzehoe-Mitte - Kaaksburg"," Hamburg -> Heide",NA,NA,NA,2025-05-20,"Beginn: 20.05.25 um 20:02 Uhr  Hindernis, seit 20.05.2025, 20:02 A23: Hamburg -> Heide, zwischen 0.2 km hinter AS Itzehoe-Mitte und 5.6 km vor Kaaksburg  Gefahr durch Gegenstände auf der Fahrbahn",53.9354597043274,9.48345740803729
"A31","undefined--vi-avl.2025-05-20_18-23-45-000.f_003.de0","52.12139566927093,7.087093961543608,52.135213635922234,7.08954690446089","52.12139566927093,7.087093961543608","WARNING","A31 | Heek - Gronau/Ochtrup"," Oberhausen -> Gronau",0,"SLOW_TRAFFIC","66.5",2025-05-20,"Beginn: 20.05.25 um 18:23 Uhr  Angespannte Verkehrslage, seit 20.05.2025, 18:23 A31: Oberhausen -> Gronau, zwischen 0.3 km hinter AS Heek und 6.6 km vor AS Gronau/Ochtrup  Langsamer Verkehr Reisezeitverlust: 0 Minuten Durchschnittsgeschwindigkeit: 66 km/h",52.1213956692709,7.08709396154361
"A37","undefined--vi-zus.2025-05-20_10-04-05-000.f_002.de0","52.442156462690335,9.933442989087833,52.436581812162494,9.913211841333315","52.442156462690335,9.933442989087833","WARNING","A37 | Beinhorn - Hannover-Kirchhorst"," Celle -> Hannover",NA,NA,NA,2025-05-20,"Beginn: 20.05.25 um 10:04 Uhr  Zusammengesetzte Verkehrsinformation, seit 20.05.2025, 10:04 B3: Celle -> Hannover, zwischen 0.4 km hinter AS Beinhorn und 2.1 km vor AK Hannover-Kirchhorst  A37 Messe - Burgdorf
zwischen Kreuz Hannover-Buchholz und Beinhorn
in beiden Richtungen geänderte Verkehrsführung im Baustellenbereich, Bauarbeiten, bis 30.10.2026 ca. 18:00 Uhr",52.4421564626903,9.93344298908783
"A37","undefined--vi-zus.2025-05-20_10-04-05-000.f_003.de0","52.42566547847685,9.880479425875153,52.44102213295518,9.93161290421946","52.42566547847685,9.880479425875153","WARNING","Baustelle"," km 22.62 --> km 26.54",NA,NA,NA,2025-05-20,"Beginn: 20.05.25 um 10:04 Uhr  Zusammengesetzte Verkehrsinformation, seit 20.05.2025, 10:04 A37: km 22.62 --> km 26.54  A37 Messe - Burgdorf
zwischen Kreuz Hannover-Buchholz und Beinhorn
in beiden Richtungen geänderte Verkehrsführung im Baustellenbereich, Bauarbeiten, bis 30.10.2026 ca. 18:00 Uhr",52.4256654784769,9.88047942587515
"A38","undefined--vi-zus.2025-05-20_19-56-00-000.f_001.de0","51.39794113067183,10.343531958607317,51.398806700934,10.132347000000484","51.39794113067183,10.343531958607317","WARNING","A38 | Eichsfeld - Heilbad Heiligenstadt"," Halle -> Göttingen",NA,NA,NA,2025-05-20,"Beginn: 20.05.25 um 19:56 Uhr  Zusammengesetzte Verkehrsinformation, seit 20.05.2025, 19:56 A38: Halle -> Göttingen, zwischen 5.2 km hinter Eichsfeld und 0.3 km vor AS Heilbad Heiligenstadt  Gefahr durch Gegenstände auf der Fahrbahn  Gefahr durch ein defektes Fahrzeugs auf der Fahrbahn  A38 Halle Richtung Göttingen zwischen Leinefelde-Worbis und Heilbad Heiligenstadt Gefahr durch Reifenteile auf dem rechten Fahrstreifen, defekter PKW auf dem Standstreifen",51.3979411306718,10.3435319586073
"A43","undefined--vi-avl.2025-05-20_20-01-30-000.f.de0","51.9116640852979,7.531670273049041,51.914321504435776,7.547969365094297","51.9116640852979,7.531670273049041","WARNING","A43 | Senden - Münster-Süd"," Recklinghausen -> Münster",0,"SLOW_TRAFFIC","66.30000305175781",2025-05-20,"Beginn: 20.05.25 um 20:01 Uhr  Angespannte Verkehrslage, seit 20.05.2025, 20:01 A43: Recklinghausen -> Münster, zwischen 3.0 km hinter AS Senden und 0.9 km vor AK Münster-Süd  Langsamer Verkehr Reisezeitverlust: 0 Minuten Durchschnittsgeschwindigkeit: 66 km/h",51.9116640852979,7.53167027304904
"A44","undefined--vi-avl.2025-05-20_19-34-00-000.f_001.de0","51.528791152822485,7.809820121357761,51.53323805512703,7.854588665975875","51.528791152822485,7.809820121357761","WARNING","A44 | Buchenhain - Am Haarstrang"," Dortmund -> Kassel",3,"QUEUING_TRAFFIC","35.79999923706055",2025-05-20,"Beginn: 20.05.25 um 19:34 Uhr  Angespannte Verkehrslage, seit 20.05.2025, 19:34 A44: Dortmund -> Kassel, zwischen 1.3 km hinter Buchenhain und 0.4 km vor Am Haarstrang  Stockender Verkehr Reisezeitverlust: 3 Minuten Durchschnittsgeschwindigkeit: 35 km/h",51.5287911528225,7.80982012135776
"A44","undefined--vi-hind.2025-05-20_19-11-30-000.f_004.de0","51.58395142711757,8.32070442215169,51.58389529142407,8.31890263799249","51.58395142711757,8.32070442215169","WARNING","A44 | Berge - Erwitte/Anröchte"," Kassel -> Dortmund",NA,NA,NA,2025-05-20,"Beginn: 20.05.25 um 19:11 Uhr  Hindernis, seit 20.05.2025, 19:11 A44: Kassel -> Dortmund, zwischen 2.1 km hinter Berge und 0.4 km vor AS Erwitte/Anröchte  Gefahr durch Gegenstände auf der Fahrbahn",51.5839514271176,8.32070442215169
"A44","undefined--vi-avl.2025-05-20_20-03-00-000.f.de0","51.525907707057236,8.910916350221255,51.525907707057236,8.910916350221255","51.525907707057236,8.910916350221255","WARNING","A44 | Blankenrode - Blankenrode"," Kassel -> Dortmund",NA,"STATIONARY_TRAFFIC","11",2025-05-20,"Beginn: 20.05.25 um 20:07 Uhr  Angespannte Verkehrslage, seit 20.05.2025, 20:07 A44: Kassel -> Dortmund, 3.1 km vor Blankenrode, aus Richtung Marsberg  Im Stillstand Durchschnittsgeschwindigkeit: 11 km/h",51.5259077070572,8.91091635022125
"A44","undefined--vi-avl.2025-05-20_18-20-03-000.f_002.de0","51.525907707057236,8.910916350221255,51.53403825146565,8.893497429348404","51.525907707057236,8.910916350221255","WARNING","A44 | Marsberg - Blankenrode"," Kassel -> Dortmund",3,"STATIONARY_TRAFFIC","20.299999237060547",2025-05-20,"Beginn: 20.05.25 um 18:20 Uhr  Angespannte Verkehrslage, seit 20.05.2025, 18:20 A44: Kassel -> Dortmund, zwischen 3.7 km hinter AS Marsberg und 1.6 km vor Blankenrode  Im Stillstand Reisezeitverlust: 3 Minuten Durchschnittsgeschwindigkeit: 20 km/h",51.5259077070572,8.91091635022125
"A45","undefined--vi-hind.2025-05-20_20-00-00-000.f_002.de0","50.29276010093981,8.964932799999993,50.29276010093981,8.964932799999993","50.29276010093981,8.964932799999993","WARNING","A45 | Florstadt - Altenstadt"," Gießen -> Aschaffenburg",NA,NA,NA,2025-05-20,"Beginn: 20.05.25 um 20:00 Uhr  Fahrzeug-Hindernis, seit 20.05.2025, 20:00 A45: Gießen -> Aschaffenburg, zwischen 5.3 km hinter AS Florstadt und 0.2 km vor AS Altenstadt Gefahr durch ein defektes Fahrzeug auf der Fahrbahn",50.2927601009398,8.96493279999999
"A46","undefined--vi-avl.2025-05-20_20-03-00-000.f_005.de0","51.301225717739,7.220866177151077,51.2904152977453,7.2054327309056925","51.301225717739,7.220866177151077","WARNING","A46 | Holtkamp - Wuppertal-Barmen"," Wuppertal -> Düsseldorf",0,"SLOW_TRAFFIC","61.20000076293945",2025-05-20,"Beginn: 20.05.25 um 20:03 Uhr  Angespannte Verkehrslage, seit 20.05.2025, 20:03 A46: Wuppertal -> Düsseldorf, zwischen 1.1 km hinter Holtkamp und 1.9 km vor AS Wuppertal-Barmen  Langsamer Verkehr Reisezeitverlust: 0 Minuten Durchschnittsgeschwindigkeit: 61 km/h",51.301225717739,7.22086617715108
"A57","undefined--vi-hind.2025-05-20_18-26-52-000.f_002.de0","51.484398713063435,6.578948627368028,51.48562463049465,6.578161707347739","51.484398713063435,6.578948627368028","WARNING","A57 | Dong - Kamp-Lintfort"," Krefeld -> Nimwegen",NA,NA,NA,2025-05-20,"Beginn: 20.05.25 um 18:26 Uhr  Fahrzeug-Hindernis, seit 20.05.2025, 18:26 A57: Krefeld -> Nimwegen, zwischen 1.4 km hinter Dong und 0.4 km vor AK Kamp-Lintfort Gefahr durch ein defektes Fahrzeug auf der Fahrbahn",51.4843987130634,6.57894862736803
"A59","undefined--vi-avl.2025-05-20_19-46-30-000.f.de0","51.446654681301375,6.778773036805993,51.47401984746342,6.766041812904242","51.446654681301375,6.778773036805993","WARNING","A59 | Duisburg - Duisburg-Nord"," Duisburg -> Dinslaken",7,"STATIONARY_TRAFFIC","20",2025-05-20,"Beginn: 20.05.25 um 19:46 Uhr  Angespannte Verkehrslage, seit 20.05.2025, 19:46 A59: Duisburg -> Dinslaken, zwischen AK Duisburg und 1.1 km vor AK Duisburg-Nord  Im Stillstand Reisezeitverlust: 7 Minuten Durchschnittsgeschwindigkeit: 20 km/h",51.4466546813014,6.77877303680599
"A59","undefined--vi-avl.2025-05-20_19-49-30-000.f_001.de0","51.446690602771774,6.778775584050378,51.446690602771774,6.778775584050378","51.446690602771774,6.778775584050378","WARNING","A59 | Berliner Brücke - Berliner Brücke"," Duisburg -> Dinslaken",NA,"STATIONARY_TRAFFIC","15",2025-05-20,"Beginn: 20.05.25 um 20:07 Uhr  Angespannte Verkehrslage, seit 20.05.2025, 20:07 A59: Duisburg -> Dinslaken, 0.9 km vor Berliner Brücke, aus Richtung Duisburg  Im Stillstand Durchschnittsgeschwindigkeit: 15 km/h",51.4466906027718,6.77877558405038
"A60","undefined--vi-zus.2025-04-08_08-51-21-000.f_013.de0","49.98125533976677,8.345695317688524,49.97565770865279,8.441396718063045","49.98125533976677,8.345695317688524","WARNING","A60 | Mainspitz-Dreieck - Rüsselsheimer Dreieck"," Mainz -> Rüsselsheim",NA,NA,NA,2025-04-08,"Beginn: 08.04.25 um 08:51 Uhr  Zusammengesetzte Verkehrsinformation, seit 08.04.2025, 08:51 A60: Mainz -> Rüsselsheim, zwischen 0.5 km hinter AD Mainspitz-Dreieck und 2.2 km vor AD Rüsselsheimer Dreieck  Sperrung der A60 bei Königstädten – Grundhafte Fahrbahnerneuerung zwischen dem Rüsselsheimer Dreieck und dem Mainspitz Dreieck. Die Niederlassung West der Autobahn GmbH erneuert zwischen dem Rüsselsheimer Dreieck (30) und dem Mainspitz Dreieck (26) die Fahrbahn. Von Donnerstagmorgen (24. April) bis Mitte Juli wird die Anschlussstelle (AS) Königstädten (29) in Fahrtrichtung (FR) Mainz sowie in FR Rüsselsheimer Dreieck gesperrt. Umleitungsmöglichkeiten sind ausgeschildert: • Ausfahrt FR Mainz: Umleitung via AS Rüsselsheim-Mitte • Einfahrt FR Mainz: innerstädtische Umleitung zur AS Rüsselsheim-Mitte (Adam-Opel-Straße / Kurt-Schumacher-Ring), von Nauheim kommend via L3482 zur AS Bischofsheim • Einfahrt FR Darmstadt: innerstädtische Umleitung zur AS Rüsselsheim-Mitte (Adam-Opel-Straße / Kurt-Schumacher-Ring) Die Autobahn GmbH bittet alle Verkehrsteilnehmer um Verständnis für die unvermeidlichen Verkehrsbehinderungen, die durch die Arbeiten entstehen.",49.9812553397668,8.34569531768852
"A60","undefined--vi-avl.2025-05-20_19-56-00-000.f_001.de0","49.97464588822549,8.406703371285282,49.975697839264136,8.359147784429917","49.97464588822549,8.406703371285282","WARNING","A60 | Rüsselsheim-Mitte - Mainspitz-Dreieck"," Rüsselsheim -> Mainz",1,"SLOW_TRAFFIC","66.5",2025-05-20,"Beginn: 20.05.25 um 19:56 Uhr  Angespannte Verkehrslage, seit 20.05.2025, 19:56 A60: Rüsselsheim -> Mainz, zwischen 0.5 km hinter AS Rüsselsheim-Mitte und 1.7 km vor AD Mainspitz-Dreieck  Langsamer Verkehr Reisezeitverlust: 1 Minuten Durchschnittsgeschwindigkeit: 66 km/h",49.9746458882255,8.40670337128528
"A60","undefined--vi-avl.2025-05-20_20-05-00-000.f.de0","49.97462895492404,8.426121534736744,49.97509990094124,8.436480299999854","49.97462895492404,8.426121534736744","WARNING","A60 | Rüsselsheim-Mitte - Rüsselsheim-Königstädten"," Mainz -> Rüsselsheim",1,"STATIONARY_TRAFFIC","26.399999618530273",2025-05-20,"Beginn: 20.05.25 um 20:05 Uhr  Angespannte Verkehrslage, seit 20.05.2025, 20:05 A60: Mainz -> Rüsselsheim, zwischen 0.9 km hinter AS Rüsselsheim-Mitte und 0.2 km vor AS Rüsselsheim-Königstädten  Im Stillstand Reisezeitverlust: 1 Minuten Durchschnittsgeschwindigkeit: 26 km/h",49.974628954924,8.42612153473674
"A60","undefined--vi-avl.2025-05-20_20-07-30-000.f_003.de0","49.97745990831603,8.454743895627844,49.97745990831603,8.454743895627844","49.97745990831603,8.454743895627844","WARNING","A60 | Rüsselsheim-Königstädten - Rüsselsheim-Königstädten"," Rüsselsheim -> Mainz",NA,"STATIONARY_TRAFFIC","2",2025-05-20,"Beginn: 20.05.25 um 20:07 Uhr  Angespannte Verkehrslage, seit 20.05.2025, 20:07 A60: Rüsselsheim -> Mainz, 1.2 km vor AS Rüsselsheim-Königstädten, aus Richtung Rüsselsheimer Dreieck  Im Stillstand Durchschnittsgeschwindigkeit: 2 km/h",49.977459908316,8.45474389562784
"A60","undefined--vi-avl.2025-05-20_20-05-30-000.f_003.de0","49.97462895492404,8.426121534736744,49.97462895492404,8.426121534736744","49.97462895492404,8.426121534736744","WARNING","A60 | Rüsselsheim-Königstädten - Rüsselsheim-Königstädten"," Mainz -> Rüsselsheim",NA,"STATIONARY_TRAFFIC","12",2025-05-20,"Beginn: 20.05.25 um 20:07 Uhr  Angespannte Verkehrslage, seit 20.05.2025, 20:07 A60: Mainz -> Rüsselsheim, 0.9 km vor AS Rüsselsheim-Königstädten, aus Richtung Rüsselsheim-Mitte  Im Stillstand Durchschnittsgeschwindigkeit: 12 km/h",49.974628954924,8.42612153473674
"A60","undefined--vi-zus.2025-05-03_10-55-00-000.f_003.de0","49.977457399447445,8.454646346787307,49.981587265039146,8.34517285786785","49.977457399447445,8.454646346787307","WARNING","A60 | Rüsselsheimer Dreieck - Mainspitz-Dreieck"," Rüsselsheim -> Mainz",NA,NA,NA,2025-05-03,"Beginn: 03.05.25 um 10:55 Uhr  Zusammengesetzte Verkehrsinformation, seit 03.05.2025, 10:55 A60: Rüsselsheim -> Mainz, zwischen 0.6 km hinter AD Rüsselsheimer Dreieck und 0.5 km vor AD Mainspitz-Dreieck  Sperrung der A60 bei Königstädten – Grundhafte Fahrbahnerneuerung zwischen dem Rüsselsheimer Dreieck und dem Mainspitz Dreieck. Die Niederlassung West der Autobahn GmbH erneuert zwischen dem Rüsselsheimer Dreieck (30) und dem Mainspitz Dreieck (26) die Fahrbahn. Von Donnerstagmorgen (24. April) bis Mitte Juli wird die Anschlussstelle (AS) Königstädten (29) in Fahrtrichtung (FR) Mainz sowie in FR Rüsselsheimer Dreieck gesperrt. Umleitungsmöglichkeiten sind ausgeschildert: • Ausfahrt FR Mainz: Umleitung via AS Rüsselsheim-Mitte • Einfahrt FR Mainz: innerstädtische Umleitung zur AS Rüsselsheim-Mitte (Adam-Opel-Straße / Kurt-Schumacher-Ring), von Nauheim kommend via L3482 zur AS Bischofsheim • Einfahrt FR Darmstadt: innerstädtische Umleitung zur AS Rüsselsheim-Mitte (Adam-Opel-Straße / Kurt-Schumacher-Ring) Die Autobahn GmbH bittet alle Verkehrsteilnehmer um Verständnis für die unvermeidlichen Verkehrsbehinderungen, die durch die Arbeiten entstehen.",49.9774573994474,8.45464634678731
"A60","undefined--vi-avl.2025-05-20_19-56-00-000.f_002.de0","49.97745990831603,8.454743895627844,49.97492430094126,8.41426279999984","49.97745990831603,8.454743895627844","WARNING","A60 | Rüsselsheimer Dreieck - Rüsselsheim-Mitte"," Rüsselsheim -> Mainz",17,"STATIONARY_TRAFFIC","9.600000381469727",2025-05-20,"Beginn: 20.05.25 um 19:56 Uhr  Angespannte Verkehrslage, seit 20.05.2025, 19:56 A60: Rüsselsheim -> Mainz, zwischen 0.6 km hinter AD Rüsselsheimer Dreieck und 0.1 km vor AS Rüsselsheim-Mitte  Im Stillstand Reisezeitverlust: 17 Minuten Durchschnittsgeschwindigkeit: 9 km/h",49.977459908316,8.45474389562784
"A61","undefined--vi-avl.2025-05-20_19-56-30-000.f_002.de0","50.008787232058864,7.68056184721548,49.998694920992136,7.684308954267147","50.008787232058864,7.68056184721548","WARNING","A61 | Struth - Rheinböllen"," Koblenz -> Ludwigshafen",0,"SLOW_TRAFFIC","68.19999694824219",2025-05-20,"Beginn: 20.05.25 um 19:56 Uhr  Angespannte Verkehrslage, seit 20.05.2025, 19:56 A61: Koblenz -> Ludwigshafen, zwischen 4.2 km hinter Struth und 0.1 km vor AS Rheinböllen  Langsamer Verkehr Reisezeitverlust: 0 Minuten Durchschnittsgeschwindigkeit: 68 km/h",50.0087872320589,7.68056184721548
"A67","undefined--vi-zus.2025-05-20_19-47-05-000.f.de0","49.78786623564312,8.561327936886533,49.81576274799156,8.580562846988682","49.78786623564312,8.561327936886533","WARNING","A67 | Gernsheim - Darmstädter Kreuz"," Mannheim -> Darmstadt",4,"QUEUING_TRAFFIC","34.599998474121094",2025-05-20,"Beginn: 20.05.25 um 19:47 Uhr  Zusammengesetzte Verkehrsinformation, seit 20.05.2025, 19:47 A67: Mannheim -> Darmstadt, zwischen 5.2 km hinter AS Gernsheim und 4.9 km vor AK Darmstädter Kreuz  Stockender Verkehr Reisezeitverlust: 4 Minuten Durchschnittsgeschwindigkeit: 34 km/h",49.7878662356431,8.56132793688653
"A67","undefined--vi-avl.2025-05-20_20-03-00-000.f_004.de0","49.78770898804978,8.56119300236394,49.78770898804978,8.56119300236394","49.78770898804978,8.56119300236394","WARNING","A67 | Pfungstadt - Pfungstadt"," Mannheim -> Darmstadt",NA,"QUEUING_TRAFFIC","16",2025-05-20,"Beginn: 20.05.25 um 20:07 Uhr  Angespannte Verkehrslage, seit 20.05.2025, 20:07 A67: Mannheim -> Darmstadt, 1.8 km vor AS Pfungstadt, aus Richtung Gernsheim  Stockender Verkehr Durchschnittsgeschwindigkeit: 16 km/h",49.7877089880498,8.56119300236394
"A67","undefined--vi-avl.2025-05-20_19-56-00-000.f.de0","49.99868259567479,8.475536671739285,50.00947095647988,8.491748527071154","49.99868259567479,8.475536671739285","WARNING","A67 | Rüsselsheim-Ost - Mönchhof-Dreieck"," Darmstadt -> Mönchhof-Dreieck",2,"QUEUING_TRAFFIC","33.79999923706055",2025-05-20,"Beginn: 20.05.25 um 19:56 Uhr  Angespannte Verkehrslage, seit 20.05.2025, 19:56 A67: Darmstadt -> Mönchhof-Dreieck, zwischen 1.1 km hinter AS Rüsselsheim-Ost und 2.1 km vor AD Mönchhof-Dreieck  Stockender Verkehr Reisezeitverlust: 2 Minuten Durchschnittsgeschwindigkeit: 33 km/h",49.9986825956748,8.47553667173928
"A67","undefined--vi-avl.2025-05-20_20-07-30-000.f.de0","49.99878824438345,8.475666825911466,49.99878824438345,8.475666825911466","49.99878824438345,8.475666825911466","WARNING","A67 | Neuhöfer Tann - Neuhöfer Tann"," Darmstadt -> Mönchhof-Dreieck",NA,"QUEUING_TRAFFIC","25",2025-05-20,"Beginn: 20.05.25 um 20:07 Uhr  Angespannte Verkehrslage, seit 20.05.2025, 20:07 A67: Darmstadt -> Mönchhof-Dreieck, 0.7 km vor Neuhöfer Tann, aus Richtung Rüsselsheim-Ost  Stockender Verkehr Durchschnittsgeschwindigkeit: 25 km/h",49.9987882443834,8.47566682591147
"A70","undefined--vi-hind.2025-05-20_18-52-32-000.f_003.de0","50.00486758957512,10.146126335757762,50.00561272606467,10.14827578712263","50.00486758957512,10.146126335757762","WARNING","A70 | Werneck - Werntal"," Schweinfurt/Werneck -> Bamberg",NA,NA,NA,2025-05-20,"Beginn: 20.05.25 um 18:52 Uhr  Fahrzeug-Hindernis, seit 20.05.2025, 18:52 A70: Schweinfurt/Werneck -> Bamberg, zwischen 2.0 km hinter AS Werneck und 1.9 km vor AD Werntal Gefahr durch ein defektes Fahrzeug auf der Fahrbahn",50.0048675895751,10.1461263357578
"A70","undefined--vi-avl.2025-05-20_19-58-09-000.f.de0","50.03179100094103,11.469934900008429,50.0390993609068,11.49069147875662","50.03179100094103,11.469934900008429","WARNING","A70 | Thurnau-Ost - Bayreuth/Kulmbach"," Bamberg -> Bayreuth",0,"SLOW_TRAFFIC","71.4000015258789",2025-05-20,"Beginn: 20.05.25 um 19:58 Uhr  Angespannte Verkehrslage, seit 20.05.2025, 19:58 A70: Bamberg -> Bayreuth, zwischen 4.5 km hinter AS Thurnau-Ost und 16.3 km vor AD Bayreuth/Kulmbach  Langsamer Verkehr Reisezeitverlust: 0 Minuten Durchschnittsgeschwindigkeit: 71 km/h",50.031791000941,11.4699349000084
"A71","undefined--vi-unf.2025-05-20_18-15-33-000.f_004.de0","51.157337400935376,11.168633500004223,51.20336750093513,11.182515000004331","51.157337400935376,11.168633500004223","WARNING","A71 | Sömmerda-Ost - Kölleda"," Erfurt -> Sangerhausen",NA,NA,NA,2025-05-20,"Beginn: 20.05.25 um 18:15 Uhr  Unfall, seit 20.05.2025, 18:15 A71: Erfurt -> Sangerhausen, zwischen 0.2 km hinter AS Sömmerda-Ost und 1.8 km vor AS Kölleda",51.1573374009354,11.1686335000042
"A92","undefined--vi-hind.2025-05-20_19-49-30-000.f_002.de0","48.44841790094674,11.964352500024047,48.39674220094685,11.856611000019992","48.44841790094674,11.964352500024047","WARNING","A92 | Moosburg-Nord - Freising-Ost"," Deggendorf -> München",NA,NA,NA,2025-05-20,"Beginn: 20.05.25 um 19:49 Uhr  Hindernis, seit 20.05.2025, 19:49 A92: Deggendorf -> München, zwischen 4.2 km hinter AS Moosburg-Nord und 5.9 km vor AS Freising-Ost  Gefahr durch Gegenstände auf der Fahrbahn",48.4484179009467,11.964352500024
"A93","undefined--vi-avl.2025-05-20_20-02-00-000.f.de0","49.00733870094509,12.06076240002686,49.01584733111664,12.065639298088053","49.00733870094509,12.06076240002686","WARNING","A93 | Regensburg-Kumpfmühl - Regensburg Prüfening"," Holledau -> Regensburg",0,"SLOW_TRAFFIC","44.400001525878906",2025-05-20,"Beginn: 20.05.25 um 20:02 Uhr  Angespannte Verkehrslage, seit 20.05.2025, 20:02 A93: Holledau -> Regensburg, zwischen 0.7 km hinter AS Regensburg-Kumpfmühl und 0.4 km vor Regensburg Prüfening  Langsamer Verkehr Reisezeitverlust: 0 Minuten Durchschnittsgeschwindigkeit: 44 km/h",49.0073387009451,12.0607624000269
"A96","undefined--vi-zus.2025-05-05_23-21-00-000.f.de0","48.029334951696036,10.464231760023,48.032507613258616,10.445182045778411","48.029334951696036,10.464231760023","WARNING","A96 | Mindelheim - Stetten"," München -> Lindau",NA,NA,NA,2025-05-05,"Beginn: 05.05.25 um 23:21 Uhr  Zusammengesetzte Verkehrsinformation, seit 05.05.2025, 23:21 A96: München -> Lindau, zwischen 3.6 km hinter AS Mindelheim und 0.3 km vor AS Stetten  A96, Lindau - München, in beiden Richtungen, zwischen Anschlussstelle Stetten und Anschlussstelle Mindelheim, Brückenarbeiten, von 05.05.2025 bis 30.10.2025",48.029334951696,10.464231760023
"A96","undefined--vi-avl.2025-05-20_19-48-30-000.f.de0","48.03033073975059,10.666089774525478,48.02680776850765,10.683411200384159","48.03033073975059,10.666089774525478","WARNING","A96 | Wertachtal - Buchloe-West"," Lindau -> München",0,"SLOW_TRAFFIC","63.400001525878906",2025-05-20,"Beginn: 20.05.25 um 19:48 Uhr  Angespannte Verkehrslage, seit 20.05.2025, 19:48 A96: Lindau -> München, zwischen 0.8 km hinter Wertachtal und 2.0 km vor AS Buchloe-West  Langsamer Verkehr Reisezeitverlust: 0 Minuten Durchschnittsgeschwindigkeit: 63 km/h",48.0303307397506,10.6660897745255
"A113","undefined--vi-zus.2025-05-06_00-21-00-000.f_003.de0","52.43025717661688,13.505075428607936,52.42875800093087,13.509218300121121","52.43025717661688,13.505075428607936","WARNING","A113 | Stubenrauchstraße - Adlershof"," Neukölln -> Schönefeld",NA,NA,NA,2025-05-06,"Beginn: 06.05.25 um 00:21 Uhr  Zusammengesetzte Verkehrsinformation, seit 06.05.2025, 00:21 A113: Neukölln -> Schönefeld, zwischen 0.6 km hinter AS Stubenrauchstraße und 0.3 km vor AS Adlershof  A113 Autobahnzubringer Dresden, Neukölln Richtung Schönefeld
zwischen Stubenrauchstraße und Tunnel Rudower Höhe
linker Fahrstreifen gesperrt, Bauarbeiten, bis voraussichtlich 20.06.2025",52.4302571766169,13.5050754286079
"A115","undefined--vi-zus.2024-10-09_07-09-40-000.f_531.de0","52.40027056808641,13.185163736426698,52.44227384698058,13.202709435405149","52.40027056808641,13.185163736426698","WARNING","A115 | Am Stern - Hüttenweg"," Dreieck Nuthetal -> Dreieck Funkturm",NA,NA,NA,2024-10-09,"Beginn: 09.10.24 um 07:09 Uhr  Zusammengesetzte Verkehrsinformation, seit 09.10.2024, 07:09 A115: Dreieck Nuthetal -> Dreieck Funkturm, zwischen 2.9 km hinter Am Stern und 3.8 km vor AS Hüttenweg  A115 Autobahnzubringer Magdeburg, Dreieck Nuthetal Richtung Dreieck Funkturm, zwischen Anschlussstelle Kleinmachnow und Anschlussstelle Spanische Allee, Baustelle, bis 31.10.2026 17:00 Uhr",52.4002705680864,13.1851637364267
