"road","identifier","extent","point","display_type","title","subtitle","delay_minutes","abnormalTrafficType","averageSpeed","startTimestamp","description","latitude","longitude"
"A1","undefined--vi-avl.2025-05-21_23-30-00-000.f_001.de0","49.530628412993934,6.995232880179468,49.54781599363394,6.9797595801279115","49.530628412993934,6.995232880179468","WARNING","A1 | Nonnweiler-Primstal - Kastel"," Saarbrücken -> Trier",1,"SLOW_TRAFFIC","59.400001525878906",2025-05-21,"Beginn: 21.05.25 um 23:30 Uhr  Angespannte Verkehrslage, seit 21.05.2025, 23:30 A1: Saarbrücken -> Trier, zwischen 1.6 km hinter AS Nonnweiler-Primstal und 2.2 km vor Kastel  Langsamer Verkehr Reisezeitverlust: 1 Minuten Durchschnittsgeschwindigkeit: 59 km/h",49.5306284129939,6.99523288017947
"A1","undefined--vi-zus.2025-05-21_23-32-30-000.f.de0","49.7978855972374,6.771662035187738,49.78480427648394,6.7832820073148","49.7978855972374,6.771662035187738","WARNING","A1 | Moseltal - Rioler Wald"," Köln/Koblenz -> Saarbrücken",0,"SLOW_TRAFFIC","51.400001525878906",2025-05-21,"Beginn: 21.05.25 um 23:32 Uhr  Zusammengesetzte Verkehrsinformation, seit 21.05.2025, 23:32 A1: Köln/Koblenz -> Saarbrücken, zwischen 1.8 km hinter AD Moseltal und 2.4 km vor Rioler Wald  Langsamer Verkehr Reisezeitverlust: 0 Minuten Durchschnittsgeschwindigkeit: 51 km/h",49.7978855972374,6.77166203518774
"A1","undefined--vi-hind.2025-05-21_22-03-30-000.f_008.de0","53.50929678257153,10.057088901590378,53.50929678257153,10.057088901590378","53.50929678257153,10.057088901590378","WARNING","A1 | Hamburg-Norderelbe - Hamburg-Südost"," Hamburg -> Lübeck",NA,NA,NA,2025-05-21,"Beginn: 21.05.25 um 22:03 Uhr  Fahrzeug-Hindernis, seit 21.05.2025, 22:03 A1: Hamburg -> Lübeck, zwischen 1.2 km hinter AK Hamburg-Norderelbe und 1.2 km vor AD Hamburg-Südost",53.5092967825715,10.0570889015904
"A1","undefined--vi-hind.2025-05-21_22-03-30-000.f_007.de0","53.509302500919404,10.063278300000514,53.5094444127468,10.056993241326454","53.509302500919404,10.063278300000514","WARNING","A1 | Hamburg-Südost - Hamburg-Norderelbe"," Lübeck -> Hamburg",NA,NA,NA,2025-05-21,"Beginn: 21.05.25 um 22:03 Uhr  Fahrzeug-Hindernis, seit 21.05.2025, 22:03 A1: Lübeck -> Hamburg, zwischen 1.2 km hinter AD Hamburg-Südost und 1.4 km vor AK Hamburg-Norderelbe",53.5093025009194,10.0632783000005
"A3","undefined--vi-avl.2025-05-21_22-11-00-000.f.de0","48.5346735186311,13.400091000082465,48.55398100478808,13.393607257066062","48.5346735186311,13.400091000082465","WARNING","A3 | Rottal-Ost - Hammerbach"," Linz -> Nürnberg",0,"SLOW_TRAFFIC","67.4000015258789",2025-05-21,"Beginn: 21.05.25 um 22:11 Uhr  Angespannte Verkehrslage, seit 21.05.2025, 22:11 A3: Linz -> Nürnberg, zwischen 8.8 km hinter Rottal-Ost und 0.7 km vor Hammerbach  Langsamer Verkehr Reisezeitverlust: 0 Minuten Durchschnittsgeschwindigkeit: 67 km/h",48.5346735186311,13.4000910000825
"A3","undefined--vi-avl.2025-05-21_18-41-36-000.f.de0","48.761706277938146,13.059781314762354,48.77133842616099,13.040005366788163","48.761706277938146,13.059781314762354","WARNING","A3 | Manzing - Seebach"," Passau -> Nürnberg",0,"SLOW_TRAFFIC","61.20000076293945",2025-05-21,"Beginn: 21.05.25 um 18:41 Uhr  Angespannte Verkehrslage, seit 21.05.2025, 18:41 A3: Passau -> Nürnberg, zwischen 0.7 km hinter Manzing und 2.9 km vor Seebach  Langsamer Verkehr Reisezeitverlust: 0 Minuten Durchschnittsgeschwindigkeit: 61 km/h",48.7617062779381,13.0597813147624
"A3","undefined--vi-zus.2025-05-21_22-42-00-000.f_002.de0","49.70026007072847,10.854796737169993,49.63167873313041,10.917132682099218","49.70026007072847,10.854796737169993","WARNING","A3 | Steinknuck - Erlangen-West"," Würzburg -> Nürnberg",NA,NA,NA,2025-05-21,"Beginn: 21.05.25 um 22:42 Uhr  Zusammengesetzte Verkehrsinformation, seit 21.05.2025, 22:42 A3: Würzburg -> Nürnberg, zwischen 1.7 km hinter Steinknuck und 0.4 km vor AS Erlangen-West  Gefahr durch Gegenstände auf der Fahrbahn  A3 Würzburg Richtung Nürnberg zwischen Höchstadt-Ost und Erlangen-West Unfall mit 1 LKW, Gefahr durch Gegenstände (Reifenteile) auf der Fahrbahn, Standstreifen blockiert",49.7002600707285,10.85479673717
"A3","undefined--vi-hind.2025-05-21_23-32-30-000.f.de0","49.77545094397543,10.348369092576304,49.78096680094207,10.219794400000527","49.77545094397543,10.348369092576304","WARNING","A3 | Friedrichsberg - Kitzingen/Schwarzach"," Nürnberg -> Würzburg",NA,NA,NA,2025-05-21,"Beginn: 21.05.25 um 23:32 Uhr  Fahrzeug-Hindernis, seit 21.05.2025, 23:32 A3: Nürnberg -> Würzburg, zwischen 3.2 km hinter Friedrichsberg und 0.8 km vor AS Kitzingen/Schwarzach",49.7754509439754,10.3483690925763
"A3","undefined--vi-avl.2025-05-21_22-21-30-000.f_001.de0","51.89839901701434,6.165717280673193,51.89839901701434,6.165717280673193","51.89839901701434,6.165717280673193","WARNING","A3 | Knauheide - Knauheide"," Arnheim -> Oberhausen",NA,"QUEUING_TRAFFIC","12",2025-05-21,"Beginn: 21.05.25 um 23:26 Uhr  Angespannte Verkehrslage, seit 21.05.2025, 23:26 A3: Arnheim -> Oberhausen, 0.1 km vor Knauheide, aus Richtung Elten  Stockender Verkehr Durchschnittsgeschwindigkeit: 12 km/h",51.8983990170143,6.16571728067319
"A3","undefined--vi-avl.2025-05-21_22-20-30-000.f_002.de0","51.89839901701434,6.165717280673193,51.89532710093108,6.168877099986451","51.89839901701434,6.165717280673193","WARNING","A3 | Elten - Elten"," Arnheim -> Oberhausen",0,"QUEUING_TRAFFIC","31.299999237060547",2025-05-21,"Beginn: 21.05.25 um 22:20 Uhr  Angespannte Verkehrslage, seit 21.05.2025, 22:20 A3: Arnheim -> Oberhausen, zwischen 0.4 km hinter Elten und 1.4 km vor AS Elten  Stockender Verkehr Reisezeitverlust: 0 Minuten Durchschnittsgeschwindigkeit: 31 km/h",51.8983990170143,6.16571728067319
"A4","undefined--vi-zus.2025-05-21_23-29-30-000.f_001.de0","50.95062238860143,10.485983556322125,51.000044288211726,10.40904033791013","50.95062238860143,10.485983556322125","WARNING","A4 | Sättelstädt - Eisenach-Ost"," Erfurt -> Bad Hersfeld",NA,NA,NA,2025-05-21,"Beginn: 21.05.25 um 23:29 Uhr  Zusammengesetzte Verkehrsinformation, seit 21.05.2025, 23:29 A4: Erfurt -> Bad Hersfeld, zwischen 0.5 km hinter AS Sättelstädt und 0.1 km vor AS Eisenach-Ost  Gefahr durch Gegenstände auf der Fahrbahn  A4 Erfurt Richtung Kirchheimer Dreieck zwischen Sättelstädt und Eisenach-Ost Gefahr durch Reifenteile auf allen Fahrstreifen, Gefahr durch defekten LKW auf dem Standstreifen, fahren Sie bitte besonders vorsichtig",50.9506223886014,10.4859835563221
"A4","undefined--vi-avl.2025-05-21_23-29-30-000.f.de0","50.90642623267458,12.033443272691805,50.90421788658342,12.009568078823111","50.90642623267458,12.033443272691805","WARNING","A4 | Gera-Langenberg - Rüdersdorf"," Chemnitz -> Erfurt",0,"SLOW_TRAFFIC","66.69999694824219",2025-05-21,"Beginn: 21.05.25 um 23:29 Uhr  Angespannte Verkehrslage, seit 21.05.2025, 23:29 A4: Chemnitz -> Erfurt, zwischen 2.3 km hinter AS Gera-Langenberg und 2.3 km vor AS Rüdersdorf  Langsamer Verkehr Reisezeitverlust: 0 Minuten Durchschnittsgeschwindigkeit: 66 km/h",50.9064262326746,12.0334432726918
"A5","undefined--vi-zus.2025-05-21_22-45-00-000.f.de0","49.19225721498383,8.587408693150486,49.21863016656223,8.603790029350524","49.19225721498383,8.587408693150486","WARNING","A5 | Bruchsal - Kronau"," Karlsruhe -> Heidelberg",15,"STATIONARY_TRAFFIC","11.100000381469727",2025-05-21,"Beginn: 21.05.25 um 22:45 Uhr  Zusammengesetzte Verkehrsinformation, seit 21.05.2025, 22:45 A5: Karlsruhe -> Heidelberg, zwischen 4.1 km hinter Bruchsal und 0.9 km vor AS Kronau  Im Stillstand Reisezeitverlust: 15 Minuten Durchschnittsgeschwindigkeit: 11 km/h",49.1922572149838,8.58740869315049
"A5","undefined--vi-unf.2025-05-21_22-33-30-000.f_002.de0","49.21462491449426,8.602214028870957,49.22916490494805,8.603075464380161","49.21462491449426,8.602214028870957","WARNING","A5 | Bruchsal - Mönchberg"," Karlsruhe -> Heidelberg",NA,NA,NA,2025-05-21,"Beginn: 21.05.25 um 22:33 Uhr  Unfall, seit 21.05.2025, 22:33 A5: Karlsruhe -> Heidelberg, zwischen 6.8 km hinter Bruchsal und 3.2 km vor Mönchberg",49.2146249144943,8.60221402887096
"A5","undefined--vi-avl.2025-05-21_22-51-30-000.f_005.de0","49.192109589913954,8.587307221210384,49.192109589913954,8.587307221210384","49.192109589913954,8.587307221210384","WARNING","A5 | Kronau - Kronau"," Karlsruhe -> Heidelberg",NA,"STATIONARY_TRAFFIC","8",2025-05-21,"Beginn: 21.05.25 um 23:32 Uhr  Angespannte Verkehrslage, seit 21.05.2025, 23:32 A5: Karlsruhe -> Heidelberg, 4.1 km vor AS Kronau, aus Richtung Bruchsal  Im Stillstand Durchschnittsgeschwindigkeit: 8 km/h",49.192109589914,8.58730722121038
"A5","undefined--vi-hind.2025-05-21_22-56-00-000.f_001.de0","50.29213637752113,8.671907867893678,50.28856390093982,8.670678399999915","50.29213637752113,8.671907867893678","WARNING","A5 | Wetterau - Friedberg"," Kassel -> Frankfurt",NA,NA,NA,2025-05-21,"Beginn: 21.05.25 um 22:56 Uhr  Fahrzeug-Hindernis, seit 21.05.2025, 22:56 A5: Kassel -> Frankfurt, zwischen 7.6 km hinter Wetterau und 0.2 km vor AS Friedberg Gefahr durch ein defektes Fahrzeug auf der Fahrbahn",50.2921363775211,8.67190786789368
"A7","undefined--vi-zus.2025-05-21_23-08-00-000.f.de0","47.572965577642115,10.660922982282756,47.577037246669576,10.66215100562998","47.572965577642115,10.660922982282756","WARNING","A7 | Grenztunnel Füssen - Reinertshofertunnel"," Füssen/Reutte -> Ulm",1,"STATIONARY_TRAFFIC","18.600000381469727",2025-05-21,"Beginn: 21.05.25 um 23:08 Uhr  Zusammengesetzte Verkehrsinformation, seit 21.05.2025, 23:08 A7: Füssen/Reutte -> Ulm, zwischen 1.6 km hinter Grenztunnel Füssen und 2.7 km vor Reinertshofertunnel  Im Stillstand Reisezeitverlust: 1 Minuten Durchschnittsgeschwindigkeit: 18 km/h",47.5729655776421,10.6609229822828
"A7","undefined--vi-zus.2025-05-13_04-57-00-000.f_006.de0","47.595412441892016,10.656244234565428,47.62855194383104,10.58197876986764","47.595412441892016,10.656244234565428","WARNING","A7 | Füssen - Nesselwang"," Füssen/Reutte -> Ulm",NA,NA,NA,2025-05-13,"Beginn: 13.05.25 um 04:57 Uhr  Zusammengesetzte Verkehrsinformation, seit 13.05.2025, 04:57 A7: Füssen/Reutte -> Ulm, zwischen 2.5 km hinter AS Füssen und 4.4 km vor AS Nesselwang  A7 Füssen/Reutte Richtung Ulm zwischen Reinertshoftunnel und Nesselwang Verkehr wird über die Gegenfahrbahn geleitet, Baustelle, von 16.05.2025 05:00 Uhr bis 18.07.2025 15:00 Uhr",47.595412441892,10.6562442345654
"A7","undefined--vi-avl.2025-05-21_23-08-30-000.f_002.de0","47.60061160153981,10.656680682508183,47.61589559786651,10.661151299808909","47.60061160153981,10.656680682508183","WARNING","A7 | Füssen - Nesselwang"," Füssen/Reutte -> Ulm",0,"SLOW_TRAFFIC","56",2025-05-21,"Beginn: 21.05.25 um 23:08 Uhr  Angespannte Verkehrslage, seit 21.05.2025, 23:08 A7: Füssen/Reutte -> Ulm, zwischen 3.1 km hinter AS Füssen und 11.3 km vor AS Nesselwang  Langsamer Verkehr Reisezeitverlust: 0 Minuten Durchschnittsgeschwindigkeit: 56 km/h",47.6006116015398,10.6566806825082
"A7","undefined--vi-avl.2025-05-21_23-22-30-000.f_002.de0","47.628461307132596,10.60642136293546,47.62710702619725,10.648011684511506","47.628461307132596,10.60642136293546","WARNING","A7 | Nesselwang - Reinertshofertunnel"," Ulm -> Füssen/Reutte",2,"SLOW_TRAFFIC","50.5",2025-05-21,"Beginn: 21.05.25 um 23:22 Uhr  Angespannte Verkehrslage, seit 21.05.2025, 23:22 A7: Ulm -> Füssen/Reutte, zwischen 6.3 km hinter AS Nesselwang und 3.6 km vor Reinertshofertunnel  Langsamer Verkehr Reisezeitverlust: 2 Minuten Durchschnittsgeschwindigkeit: 50 km/h",47.6284613071326,10.6064213629355
"A7","undefined--vi-zus.2025-05-21_23-30-30-000.f.de0","48.37347698264016,10.084576921744233,48.38425101900889,10.085843450624031","48.37347698264016,10.084576921744233","WARNING","A7 | Buchwald - Hahnenberg"," Füssen/Reutte -> Ulm",0,"SLOW_TRAFFIC","61.70000076293945",2025-05-21,"Beginn: 21.05.25 um 23:30 Uhr  Zusammengesetzte Verkehrsinformation, seit 21.05.2025, 23:30 A7: Füssen/Reutte -> Ulm, zwischen 1.4 km hinter Buchwald und 0.4 km vor Hahnenberg  Langsamer Verkehr Reisezeitverlust: 0 Minuten Durchschnittsgeschwindigkeit: 61 km/h",48.3734769826402,10.0845769217442
"A7","undefined--vi-avl.2025-05-21_23-22-30-000.f_001.de0","53.47630410744168,9.916017950267474,53.49313907306352,9.913762918943538","53.47630410744168,9.916017950267474","WARNING","A7 | Hamburg-Heimfeld - Hamburg-Waltershof"," Hannover -> Hamburg",18,"STATIONARY_TRAFFIC","5.599999904632568",2025-05-21,"Beginn: 21.05.25 um 23:22 Uhr  Angespannte Verkehrslage, seit 21.05.2025, 23:22 A7: Hannover -> Hamburg, zwischen 1.2 km hinter AS Hamburg-Heimfeld und 2.6 km vor AS Hamburg-Waltershof  Im Stillstand Reisezeitverlust: 18 Minuten Durchschnittsgeschwindigkeit: 5 km/h",53.4763041074417,9.91601795026747
"A7","undefined--vi-avl.2025-05-21_23-23-30-000.f_002.de0","53.47635573787275,9.915991835337536,53.47635573787275,9.915991835337536","53.47635573787275,9.915991835337536","WARNING","A7 | Hamburg-Hausbruch - Hamburg-Hausbruch"," Hannover -> Hamburg",NA,"STATIONARY_TRAFFIC","4",2025-05-21,"Beginn: 21.05.25 um 23:32 Uhr  Angespannte Verkehrslage, seit 21.05.2025, 23:32 A7: Hannover -> Hamburg, 0.6 km vor AS Hamburg-Hausbruch, aus Richtung Hamburg-Heimfeld  Im Stillstand Durchschnittsgeschwindigkeit: 4 km/h",53.4763557378728,9.91599183533754
"A7","undefined--vi-zus.2025-03-31_00-40-00-000.f_018.de0","53.579141433849884,9.913430072127355,53.55636870091902,9.897540700000414","53.579141433849884,9.913430072127355","WARNING","A7 | Hamburg-Volkspark - Elbtunnel (Nordportal)"," Flensburg -> Hamburg",NA,NA,NA,2025-03-31,"Beginn: 31.03.25 um 00:40 Uhr  Zusammengesetzte Verkehrsinformation, seit 31.03.2025, 00:40 A7: Flensburg -> Hamburg, zwischen 0.4 km hinter AS Hamburg-Volkspark und 0.9 km vor Elbtunnel (Nordportal)  A7 Flensburg Richtung Hamburg Ausfahrt Hamburg-Othmarschen Fahrbahnverengung, maximale Fahrbahnbreite von 4,50 m, Bauarbeiten, bis 29.09.2025",53.5791414338499,9.91343007212735
"A8","undefined--vi-zus.2025-03-26_17-59-56-000.f_013.de0","49.32575278791285,7.172731755291576,49.327350714671546,7.213275819282444","49.32575278791285,7.172731755291576","WARNING","A8 | Neunkirchen/Spiesen - Kohlhof"," Saarlouis -> Neunkirchen",NA,NA,NA,2025-03-26,"Beginn: 26.03.25 um 17:59 Uhr  Zusammengesetzte Verkehrsinformation, seit 26.03.2025, 17:59 A8: Saarlouis -> Neunkirchen, zwischen 1.5 km hinter AS Neunkirchen/Spiesen und 1.0 km vor Kohlhof  A8 Saarlouis - Neunkirchen zwischen Neunkirchen-Spiesen und Neunkirchen-Oberstadt in beiden Richtungen Bauarbeiten, bis voraussichtlich 01.06.2025",49.3257527879128,7.17273175529158
"A8","undefined--vi-zus.2025-05-14_09-26-56-000.f.de0","49.32628400979037,7.229641516813452,49.329166750017514,7.1882642393148934","49.32628400979037,7.229641516813452","WARNING","A8 | Neunkirchen-Wellesweiler - Neunkirchen/Spiesen"," Neunkirchen -> Saarlouis",NA,NA,NA,2025-05-14,"Beginn: 14.05.25 um 09:26 Uhr  Zusammengesetzte Verkehrsinformation, seit 14.05.2025, 09:26 A8: Neunkirchen -> Saarlouis, zwischen 0.4 km hinter AS Neunkirchen-Wellesweiler und 2.7 km vor AS Neunkirchen/Spiesen  A8 Saarlouis - Neunkirchen zwischen Neunkirchen-Spiesen und Neunkirchen-Oberstadt in beiden Richtungen Bauarbeiten, bis voraussichtlich 01.06.2025",49.3262840097904,7.22964151681345
"A8","undefined--vi-avl.2025-05-21_20-01-00-000.f.de0","48.88349004258713,8.787804485529271,48.86548047692167,8.792136645405796","48.88349004258713,8.787804485529271","WARNING","A8 | Pforzheim - Heimsheim"," Karlsruhe -> Stuttgart",2,"QUEUING_TRAFFIC","39.099998474121094",2025-05-21,"Beginn: 21.05.25 um 20:01 Uhr  Angespannte Verkehrslage, seit 21.05.2025, 20:01 A8: Karlsruhe -> Stuttgart, zwischen 2.9 km hinter Pforzheim und 7.4 km vor AS Heimsheim  Stockender Verkehr Reisezeitverlust: 2 Minuten Durchschnittsgeschwindigkeit: 39 km/h",48.8834900425871,8.78780448552927
"A8","undefined--vi-avl.2025-05-21_22-15-00-000.f_002.de0","48.71223999262882,9.098811905621776,48.70873578700109,9.147024345438103","48.71223999262882,9.098811905621776","WARNING","A8 | Stuttgart - Stuttgart-Degerloch"," Karlsruhe -> München",9,"STATIONARY_TRAFFIC","18.399999618530273",2025-05-21,"Beginn: 21.05.25 um 22:15 Uhr  Angespannte Verkehrslage, seit 21.05.2025, 22:15 A8: Karlsruhe -> München, zwischen 2.8 km hinter AK Stuttgart und 1.5 km vor AS Stuttgart-Degerloch  Im Stillstand Reisezeitverlust: 9 Minuten Durchschnittsgeschwindigkeit: 18 km/h",48.7122399926288,9.09881190562178
"A8","undefined--vi-avl.2025-05-21_22-26-30-000.f_006.de0","48.712236861337324,9.098824649353556,48.712236861337324,9.098824649353556","48.712236861337324,9.098824649353556","WARNING","A8 | Stuttgart-Möhringen - Stuttgart-Möhringen"," Karlsruhe -> Stuttgart",NA,"STATIONARY_TRAFFIC","18",2025-05-21,"Beginn: 21.05.25 um 23:32 Uhr  Angespannte Verkehrslage, seit 21.05.2025, 23:32 A8: Karlsruhe -> Stuttgart, 3.1 km vor AS Stuttgart-Möhringen, aus Richtung Stuttgart  Im Stillstand Durchschnittsgeschwindigkeit: 18 km/h",48.7122368613373,9.09882464935356
"A8","undefined--vi-avl.2025-05-21_23-14-30-000.f_005.de0","47.85117637063015,11.864150648731682,47.86499229252131,11.808427568620536","47.85117637063015,11.864150648731682","WARNING","A8 | Seehamer See (West) - Weyarn"," Salzburg -> München",2,"SLOW_TRAFFIC","60.20000076293945",2025-05-21,"Beginn: 21.05.25 um 23:14 Uhr  Angespannte Verkehrslage, seit 21.05.2025, 23:14 A8: Salzburg -> München, zwischen 0.3 km hinter Seehamer See (West) und 1.0 km vor AS Weyarn  Langsamer Verkehr Reisezeitverlust: 2 Minuten Durchschnittsgeschwindigkeit: 60 km/h",47.8511763706301,11.8641506487317
"A9","undefined--vi-avl.2025-05-21_23-23-00-000.f_001.de0","48.39395445144319,11.595000580952417,48.40892961123815,11.58982789105383","48.39395445144319,11.595000580952417","WARNING","A9 | Aster Moos - Allershausen"," München -> Nürnberg",0,"SLOW_TRAFFIC","78.0999984741211",2025-05-21,"Beginn: 21.05.25 um 23:23 Uhr  Angespannte Verkehrslage, seit 21.05.2025, 23:23 A9: München -> Nürnberg, zwischen 0.9 km hinter Aster Moos und 2.2 km vor AS Allershausen  Langsamer Verkehr Reisezeitverlust: 0 Minuten Durchschnittsgeschwindigkeit: 78 km/h",48.3939544514432,11.5950005809524
"A9","undefined--vi-zus.2025-05-21_23-14-00-000.f.de0","48.73327903785611,11.47051011753407,48.73327903785611,11.47051011753407","48.73327903785611,11.47051011753407","WARNING","A9 | Neuburg a.d.Donau - Ingolstadt-Süd"," München -> Nürnberg",0,"SLOW_TRAFFIC","69.69999694824219",2025-05-21,"Beginn: 21.05.25 um 23:14 Uhr  Zusammengesetzte Verkehrsinformation, seit 21.05.2025, 23:14 A9: München -> Nürnberg, zwischen 2.6 km hinter AS Neuburg a.d.Donau und 0.8 km vor AS Ingolstadt-Süd  Langsamer Verkehr Reisezeitverlust: 0 Minuten Durchschnittsgeschwindigkeit: 69 km/h",48.7332790378561,11.4705101175341
"A9","undefined--vi-avl.2025-05-21_23-29-00-000.f.de0","50.00417259682099,11.610229480964728,50.01764567302244,11.604679039239452","50.00417259682099,11.610229480964728","WARNING","A9 | Bayreuth-Nord - Bayreuth/Kulmbach"," Nürnberg -> Halle/Leipzig",0,"SLOW_TRAFFIC","70.19999694824219",2025-05-21,"Beginn: 21.05.25 um 23:29 Uhr  Angespannte Verkehrslage, seit 21.05.2025, 23:29 A9: Nürnberg -> Halle/Leipzig, zwischen 5.0 km hinter AS Bayreuth-Nord und 0.8 km vor AD Bayreuth/Kulmbach  Langsamer Verkehr Reisezeitverlust: 0 Minuten Durchschnittsgeschwindigkeit: 70 km/h",50.004172596821,11.6102294809647
"A9","undefined--vi-zus.2025-05-21_23-32-00-000.f.de0","50.93135888419371,11.837451700388248,50.95333130934749,11.838098198156477","50.93135888419371,11.837451700388248","WARNING","A9 | Bad Klosterlausnitz - Kuhberg"," Nürnberg -> Halle/Leipzig",1,"SLOW_TRAFFIC","64.19999694824219",2025-05-21,"Beginn: 21.05.25 um 23:32 Uhr  Zusammengesetzte Verkehrsinformation, seit 21.05.2025, 23:32 A9: Nürnberg -> Halle/Leipzig, zwischen 2.3 km hinter AS Bad Klosterlausnitz und 1.7 km vor Kuhberg  Langsamer Verkehr Reisezeitverlust: 1 Minuten Durchschnittsgeschwindigkeit: 64 km/h",50.9313588841937,11.8374517003882
"A9","undefined--vi-zus.2025-05-21_23-31-30-000.f.de0","52.27761891698878,12.911927412924848,52.270904800929685,12.909623200061853","52.27761891698878,12.911927412924848","WARNING","A9 | Potsdam - Beelitz-Heilstätten"," Berlin -> Halle/Leipzig",0,"QUEUING_TRAFFIC","36.400001525878906",2025-05-21,"Beginn: 21.05.25 um 23:31 Uhr  Zusammengesetzte Verkehrsinformation, seit 21.05.2025, 23:31 A9: Berlin -> Halle/Leipzig, zwischen 1.4 km hinter AD Potsdam und 0.2 km vor AS Beelitz-Heilstätten  Stockender Verkehr Reisezeitverlust: 0 Minuten Durchschnittsgeschwindigkeit: 36 km/h",52.2776189169888,12.9119274129248
"A10","undefined--vi-hind.2025-05-21_22-56-30-000.f_002.de0","52.318882132614426,13.547942308115614,52.308602500931414,13.454359900116563","52.318882132614426,13.547942308115614","WARNING","A10 | Schönefelder Kreuz - Rangsdorf"," Dreieck Spreeau -> Dreieck Potsdam",NA,NA,NA,2025-05-21,"Beginn: 21.05.25 um 22:56 Uhr  Fahrzeug-Hindernis, seit 21.05.2025, 22:56 A10: Dreieck Spreeau -> Dreieck Potsdam, zwischen 0.5 km hinter AK Schönefelder Kreuz und 0.3 km vor AS Rangsdorf Gefahr durch ein defektes Fahrzeug auf der Fahrbahn",52.3188821326144,13.5479423081156
"A10","undefined--vi-avl.2025-05-22_11-50-00-000.f_022.de0","52.412149100523266,12.901041845080828,52.412149100523266,12.901041845080828","52.412149100523266,12.901041845080828","WARNING","A10 | Groß Kreutz - Phöben"," Dreieck Werder -> Dreieck Havelland",0,"STATIONARY_TRAFFIC","25",2025-05-22,"Beginn: 22.05.25 um 11:50 Uhr  Angespannte Verkehrslage, seit 22.05.2025, 11:50 A10: Dreieck Werder -> Dreieck Havelland, zwischen 5.0 km hinter AS Groß Kreutz und 0.1 km vor AS Phöben  Im Stillstand Reisezeitverlust: 0 Minuten Durchschnittsgeschwindigkeit: 25 km/h",52.4121491005233,12.9010418450808
"A12","undefined--vi-hind.2025-05-21_21-24-00-000.f_004.de0","52.3281300531508,14.271886351876308,52.335460681356096,14.108944791468305","52.3281300531508,14.271886351876308","WARNING","A12 | Müllrose - Fürstenwalde-West"," Frankfurt(Oder) -> Berliner Ring",NA,NA,NA,2025-05-21,"Beginn: 21.05.25 um 21:24 Uhr  Hindernis, seit 21.05.2025, 21:24 A12: Frankfurt(Oder) -> Berliner Ring, zwischen 5.5 km hinter AS Müllrose und 2.3 km vor AS Fürstenwalde-West  Gefahr durch eine ungesicherte Unfallstelle",52.3281300531508,14.2718863518763
"A12","WarnungA10Lkw3","47.61802931631098,12.202336027754352,47.61802931631098,12.202336027754352","47.61802931631098,12.202336027754352","WARNING","E45/E60 | LKW Blockabfertigung | A12-Inntal Autobahn","Richtung Italien",NA,NA,NA,2025-01-11,"Zeitraum: Beginn: 07.01.2025 Ende: 09.12.2025  Hinweis für LKW-Reisende nach Österreich: LKW-Blockabfertigungen an ausgewählten Tagen für Lkw am Grenzübergang Kufstein/Kiefersfelden. Maximaler Durchlass von 300 LKWs pro Stunde  Die genauen Ausführungszeiten und weitere Informationen auf tirol.gv.at/verkehr/verkehrs-und-seilbahnrecht/lkw-dosierung.",47.618029316311,12.2023360277544
"A12","WarnungA10Lkw2","47.6164490154047,12.202382557672273,47.6164490154047,12.202382557672273","47.6164490154047,12.202382557672273","WARNING","E43/E45/E60 | A13-Brenner Autobahn","Richtung Italien",NA,NA,NA,2025-01-11,"Zeitraum: Beginn: 11.01.2025 Ende: 27.09.2025  Hinweis für LKW-Reisende nach Österreich: LKW-Fahrverbot auf der A12-Inntal Autobahn, A13-Brenner Autobahn und A14-Rheintal/Walgau Autobahn, wenn das Ziel der Fahrt der Anschlussstelle Nößlach bis Anschlussstelle Brenner Nord der Richtungsfahrbahn Staatsgrenze der A 13 Brenner Autobahn erreicht werden soll. An ausgewählten Samstagen 7-15 Uhr sowie weiteren Tagen im Zeitraum 11.01. - 27.09.2025 Weitere Informationen auf http://asfinag.at/a13",47.6164490154047,12.2023825576723
"A14","undefined--vi-avl.2025-05-21_23-23-00-000.f_002.de0","53.68976154134291,11.507914703818447,53.674571528976855,11.511192144489035","53.68976154134291,11.507914703818447","WARNING","A14 | Pröbbower See - Schwerin-Ost"," Wismar -> Schwerin",0,"SLOW_TRAFFIC","66.80000305175781",2025-05-21,"Beginn: 21.05.25 um 23:23 Uhr  Angespannte Verkehrslage, seit 21.05.2025, 23:23 A14: Wismar -> Schwerin, zwischen 13.8 km hinter Pröbbower See und 9.3 km vor AS Schwerin-Ost  Langsamer Verkehr Reisezeitverlust: 0 Minuten Durchschnittsgeschwindigkeit: 66 km/h",53.6897615413429,11.5079147038184
"A14","undefined--vi-avl.2025-05-21_23-28-30-000.f.de0","53.60026572951376,11.509234827121793,53.586256437439566,11.504657499841827","53.60026572951376,11.509234827121793","WARNING","A14 | Schwerin-Nord - Plater Berg"," Wismar -> Schwerin",1,"SLOW_TRAFFIC","51.400001525878906",2025-05-21,"Beginn: 21.05.25 um 23:28 Uhr  Angespannte Verkehrslage, seit 21.05.2025, 23:28 A14: Wismar -> Schwerin, zwischen 10.1 km hinter AS Schwerin-Nord und 5.9 km vor Plater Berg  Langsamer Verkehr Reisezeitverlust: 1 Minuten Durchschnittsgeschwindigkeit: 51 km/h",53.6002657295138,11.5092348271218
"A15","undefined--vi-avl.2025-05-21_23-32-30-000.f.de0","51.70890709988504,14.404734117831369,51.70653917595794,14.424028260050616","51.70890709988504,14.404734117831369","WARNING","A15 | Cottbus-Süd - Roggosen"," Cottbus -> Breslau",0,"SLOW_TRAFFIC","66.4000015258789",2025-05-21,"Beginn: 21.05.25 um 23:32 Uhr  Angespannte Verkehrslage, seit 21.05.2025, 23:32 A15: Cottbus -> Breslau, zwischen 4.0 km hinter AS Cottbus-Süd und 2.9 km vor AS Roggosen  Langsamer Verkehr Reisezeitverlust: 0 Minuten Durchschnittsgeschwindigkeit: 66 km/h",51.708907099885,14.4047341178314
"A17","undefined--vi-avl.2025-05-21_23-28-30-000.f_002.de0","51.00296364885491,13.743844778005776,51.008285700940974,13.728316900196363","51.00296364885491,13.743844778005776","WARNING","A17 | Am Nöthnitzgrund - Coschütz"," Prag -> Dresden",0,"SLOW_TRAFFIC","64.4000015258789",2025-05-21,"Beginn: 21.05.25 um 23:28 Uhr  Angespannte Verkehrslage, seit 21.05.2025, 23:28 A17: Prag -> Dresden, zwischen 0.1 km hinter Am Nöthnitzgrund und 3.3 km vor Coschütz  Langsamer Verkehr Reisezeitverlust: 0 Minuten Durchschnittsgeschwindigkeit: 64 km/h",51.0029636488549,13.7438447780058
"A17","undefined--vi-avl.2025-05-21_23-30-00-000.f_002.de0","50.84007970427867,13.882160424603375,50.81649391831918,13.885639055283072","50.84007970427867,13.882160424603375","WARNING","A17 | Bahretal - Breitenau-Schönwald"," Dresden -> Prag",1,"SLOW_TRAFFIC","53.79999923706055",2025-05-21,"Beginn: 21.05.25 um 23:30 Uhr  Angespannte Verkehrslage, seit 21.05.2025, 23:30 A17: Dresden -> Prag, zwischen 7.0 km hinter AS Bahretal und 4.1 km vor Breitenau-Schönwald  Langsamer Verkehr Reisezeitverlust: 1 Minuten Durchschnittsgeschwindigkeit: 53 km/h",50.8400797042787,13.8821604246034
"A27","undefined--vi-avl.2025-05-21_23-31-00-000.f_001.de0","53.3533902928719,8.592615004610957,53.362319667533164,8.582440418408854","53.3533902928719,8.592615004610957","WARNING","A27 | Harmonie - Hagen"," Bremen -> Bremerhaven",0,"SLOW_TRAFFIC","58.099998474121094",2025-05-21,"Beginn: 21.05.25 um 23:31 Uhr  Angespannte Verkehrslage, seit 21.05.2025, 23:31 A27: Bremen -> Bremerhaven, zwischen 1.6 km hinter Harmonie und 1.0 km vor AS Hagen  Langsamer Verkehr Reisezeitverlust: 0 Minuten Durchschnittsgeschwindigkeit: 58 km/h",53.3533902928719,8.59261500461096
"A27","undefined--vi-unf.2025-05-21_21-23-00-000.f_001.de0","53.74372501586228,8.666815702183378,53.67775810091804,8.657617199999857","53.74372501586228,8.666815702183378","WARNING","A27 | Nordholz - Debstedt"," Cuxhaven -> Bremerhaven",NA,NA,NA,2025-05-21,"Beginn: 21.05.25 um 21:23 Uhr  Unfall, seit 21.05.2025, 21:23 A27: Cuxhaven -> Bremerhaven, zwischen 0.3 km hinter AS Nordholz und 6.3 km vor AS Debstedt",53.7437250158623,8.66681570218338
"A31","undefined--vi-avl.2025-05-21_17-28-46-000.f_015.de0","52.1060363017292,7.0859987096764145,52.135186734791155,7.089543852877889","52.1060363017292,7.0859987096764145","WARNING","A31 | Averbeck - Gronau/Ochtrup"," Oberhausen -> Gronau",2,"SLOW_TRAFFIC","56",2025-05-21,"Beginn: 21.05.25 um 17:28 Uhr  Angespannte Verkehrslage, seit 21.05.2025, 17:28 A31: Oberhausen -> Gronau, zwischen 0.2 km hinter Averbeck und 6.6 km vor AS Gronau/Ochtrup  Langsamer Verkehr Reisezeitverlust: 2 Minuten Durchschnittsgeschwindigkeit: 56 km/h",52.1060363017292,7.08599870967641
"A37","undefined--vi-zus.2025-05-20_10-04-05-000.f_002.de0","52.442156462690335,9.933442989087833,52.436581812162494,9.913211841333315","52.442156462690335,9.933442989087833","WARNING","A37 | Beinhorn - Hannover-Kirchhorst"," Celle -> Hannover",NA,NA,NA,2025-05-20,"Beginn: 20.05.25 um 10:04 Uhr  Zusammengesetzte Verkehrsinformation, seit 20.05.2025, 10:04 B3: Celle -> Hannover, zwischen 0.4 km hinter AS Beinhorn und 2.1 km vor AK Hannover-Kirchhorst  A37 Messe - Burgdorf
zwischen Kreuz Hannover-Buchholz und Beinhorn
in beiden Richtungen geänderte Verkehrsführung im Baustellenbereich, Bauarbeiten, bis 30.10.2026 ca. 18:00 Uhr",52.4421564626903,9.93344298908783
"A37","undefined--vi-zus.2025-05-20_10-04-05-000.f_003.de0","52.42566547847685,9.880479425875153,52.44102213295518,9.93161290421946","52.42566547847685,9.880479425875153","WARNING","Baustelle"," km 22.62 --> km 26.54",NA,NA,NA,2025-05-20,"Beginn: 20.05.25 um 10:04 Uhr  Zusammengesetzte Verkehrsinformation, seit 20.05.2025, 10:04 A37: km 22.62 --> km 26.54  A37 Messe - Burgdorf
zwischen Kreuz Hannover-Buchholz und Beinhorn
in beiden Richtungen geänderte Verkehrsführung im Baustellenbereich, Bauarbeiten, bis 30.10.2026 ca. 18:00 Uhr",52.4256654784769,9.88047942587515
"A40","undefined--vi-avl.2025-05-21_23-30-30-000.f_002.de0","51.49806143199191,7.211933656528018,51.497491620903915,7.226706666040196","51.49806143199191,7.211933656528018","WARNING","A40 | Bochum-Freudenbergstraße - Bochum-Ruhrstadion"," Essen -> Dortmund",0,"SLOW_TRAFFIC","61.599998474121094",2025-05-21,"Beginn: 21.05.25 um 23:30 Uhr  Angespannte Verkehrslage, seit 21.05.2025, 23:30 A40: Essen -> Dortmund, zwischen 0.7 km hinter AS Bochum-Freudenbergstraße und 0.5 km vor AS Bochum-Ruhrstadion  Langsamer Verkehr Reisezeitverlust: 0 Minuten Durchschnittsgeschwindigkeit: 61 km/h",51.4980614319919,7.21193365652802
"A43","undefined--vi-avl.2025-05-21_21-21-01-000.f.de0","51.904597385869145,7.428273484902489,51.90673711915578,7.410424223519217","51.904597385869145,7.428273484902489","WARNING","A43 | Senden - Nottuln"," Münster -> Recklinghausen",0,"SLOW_TRAFFIC","64",2025-05-21,"Beginn: 21.05.25 um 21:21 Uhr  Angespannte Verkehrslage, seit 21.05.2025, 21:21 A43: Münster -> Recklinghausen, zwischen 4.4 km hinter AS Senden und 0.3 km vor AS Nottuln  Langsamer Verkehr Reisezeitverlust: 0 Minuten Durchschnittsgeschwindigkeit: 64 km/h",51.9045973858691,7.42827348490249
"A44","undefined--vi-avl.2025-05-21_19-29-30-000.f.de0","51.53306052436008,7.828962232170708,51.5330901009332,7.857236499999488","51.53306052436008,7.828962232170708","WARNING","A44 | Buchenhain - Am Haarstrang"," Dortmund -> Kassel",0,"SLOW_TRAFFIC","66.5",2025-05-21,"Beginn: 21.05.25 um 19:29 Uhr  Angespannte Verkehrslage, seit 21.05.2025, 19:29 A44: Dortmund -> Kassel, zwischen 2.7 km hinter Buchenhain und 0.2 km vor Am Haarstrang  Langsamer Verkehr Reisezeitverlust: 0 Minuten Durchschnittsgeschwindigkeit: 66 km/h",51.5330605243601,7.82896223217071
"A44","undefined--vi-avl.2025-05-21_23-31-00-000.f.de0","51.55029709057042,8.142345297180546,51.54675892611952,8.127851965993568","51.55029709057042,8.142345297180546","WARNING","A44 | Soest-Ost - Soest"," Kassel -> Dortmund",0,"SLOW_TRAFFIC","59.599998474121094",2025-05-21,"Beginn: 21.05.25 um 23:31 Uhr  Angespannte Verkehrslage, seit 21.05.2025, 23:31 A44: Kassel -> Dortmund, zwischen 1.3 km hinter AS Soest-Ost und 1.9 km vor AS Soest  Langsamer Verkehr Reisezeitverlust: 0 Minuten Durchschnittsgeschwindigkeit: 59 km/h",51.5502970905704,8.14234529718055
"A44","undefined--vi-avl.2025-05-21_18-31-24-000.f.de0","51.52196639216877,8.923568485597675,51.53524847671271,8.88919965741539","51.52196639216877,8.923568485597675","WARNING","A44 | Marsberg - Blankenrode"," Kassel -> Dortmund",1,"SLOW_TRAFFIC","62.400001525878906",2025-05-21,"Beginn: 21.05.25 um 18:31 Uhr  Angespannte Verkehrslage, seit 21.05.2025, 18:31 A44: Kassel -> Dortmund, zwischen 2.7 km hinter AS Marsberg und 1.3 km vor Blankenrode  Langsamer Verkehr Reisezeitverlust: 1 Minuten Durchschnittsgeschwindigkeit: 62 km/h",51.5219663921688,8.92356848559768
"A45","undefined--vi-avl.2025-05-21_23-24-30-000.f_004.de0","50.522571795069155,8.644566051041481,50.516706372909645,8.665939235894912","50.522571795069155,8.644566051041481","WARNING","A45 | Gießener Südkreuz - Hardtwald"," Gießen -> Aschaffenburg",0,"SLOW_TRAFFIC","67.30000305175781",2025-05-21,"Beginn: 21.05.25 um 23:24 Uhr  Angespannte Verkehrslage, seit 21.05.2025, 23:24 A45: Gießen -> Aschaffenburg, zwischen 0.3 km hinter AK Gießener Südkreuz und 1.3 km vor Hardtwald  Langsamer Verkehr Reisezeitverlust: 0 Minuten Durchschnittsgeschwindigkeit: 67 km/h",50.5225717950692,8.64456605104148
"A45","undefined--vi-avl.2025-05-21_21-17-00-000.f.de0","50.56080574636397,8.559407254807128,50.56896153520826,8.547685342854388","50.56080574636397,8.559407254807128","WARNING","A45 | Wetzlar-Süd - Wetzlar-Ost"," Gießen -> Hagen",0,"SLOW_TRAFFIC","65.5999984741211",2025-05-21,"Beginn: 21.05.25 um 21:17 Uhr  Angespannte Verkehrslage, seit 21.05.2025, 21:17 A45: Gießen -> Hagen, zwischen 0.6 km hinter AS Wetzlar-Süd und 0.2 km vor AS Wetzlar-Ost  Langsamer Verkehr Reisezeitverlust: 0 Minuten Durchschnittsgeschwindigkeit: 65 km/h",50.560805746364,8.55940725480713
"A52","undefined--vi-avl.2025-05-21_23-32-30-000.f_001.de0","51.20264631177476,6.199883332757685,51.20860076876366,6.224204612575341","51.20264631177476,6.199883332757685","WARNING","A52 | Elmpt - Schwalmtal"," Roermond -> Mönchengladbach",1,"SLOW_TRAFFIC","52.400001525878906",2025-05-21,"Beginn: 21.05.25 um 23:32 Uhr  Angespannte Verkehrslage, seit 21.05.2025, 23:32 A52: Roermond -> Mönchengladbach, zwischen 4.8 km hinter AS Elmpt und 2.6 km vor AS Schwalmtal  Langsamer Verkehr Reisezeitverlust: 1 Minuten Durchschnittsgeschwindigkeit: 52 km/h",51.2026463117748,6.19988333275769
"A59","undefined--vi-hind.2025-05-21_22-51-00-000.f_001.de0","50.795033336935816,7.145856469002478,50.795033336935816,7.145856469002478","50.795033336935816,7.145856469002478","WARNING","A59 | Sankt Augustin-West - Troisdorf"," Bonn -> Köln",NA,NA,NA,2025-05-21,"Beginn: 21.05.25 um 22:51 Uhr  Fahrzeug-Hindernis, seit 21.05.2025, 22:51 A59: Bonn -> Köln, zwischen 0.5 km hinter AD Sankt Augustin-West und 1.5 km vor AS Troisdorf Gefahr durch ein defektes Fahrzeug auf der Fahrbahn",50.7950333369358,7.14585646900248
"A60","undefined--vi-zus.2025-04-08_08-51-21-000.f_013.de0","49.98125533976677,8.345695317688524,49.97565770865279,8.441396718063045","49.98125533976677,8.345695317688524","WARNING","A60 | Mainspitz-Dreieck - Rüsselsheimer Dreieck"," Mainz -> Rüsselsheim",NA,NA,NA,2025-04-08,"Beginn: 08.04.25 um 08:51 Uhr  Zusammengesetzte Verkehrsinformation, seit 08.04.2025, 08:51 A60: Mainz -> Rüsselsheim, zwischen 0.5 km hinter AD Mainspitz-Dreieck und 2.2 km vor AD Rüsselsheimer Dreieck  Sperrung der A60 bei Königstädten – Grundhafte Fahrbahnerneuerung zwischen dem Rüsselsheimer Dreieck und dem Mainspitz Dreieck. Die Niederlassung West der Autobahn GmbH erneuert zwischen dem Rüsselsheimer Dreieck (30) und dem Mainspitz Dreieck (26) die Fahrbahn. Von Donnerstagmorgen (24. April) bis Mitte Juli wird die Anschlussstelle (AS) Königstädten (29) in Fahrtrichtung (FR) Mainz sowie in FR Rüsselsheimer Dreieck gesperrt. Umleitungsmöglichkeiten sind ausgeschildert: • Ausfahrt FR Mainz: Umleitung via AS Rüsselsheim-Mitte • Einfahrt FR Mainz: innerstädtische Umleitung zur AS Rüsselsheim-Mitte (Adam-Opel-Straße / Kurt-Schumacher-Ring), von Nauheim kommend via L3482 zur AS Bischofsheim • Einfahrt FR Darmstadt: innerstädtische Umleitung zur AS Rüsselsheim-Mitte (Adam-Opel-Straße / Kurt-Schumacher-Ring) Die Autobahn GmbH bittet alle Verkehrsteilnehmer um Verständnis für die unvermeidlichen Verkehrsbehinderungen, die durch die Arbeiten entstehen.",49.9812553397668,8.34569531768852
"A60","undefined--vi-zus.2025-05-03_10-55-00-000.f_003.de0","49.977457399447445,8.454646346787307,49.981587265039146,8.34517285786785","49.977457399447445,8.454646346787307","WARNING","A60 | Rüsselsheimer Dreieck - Mainspitz-Dreieck"," Rüsselsheim -> Mainz",NA,NA,NA,2025-05-03,"Beginn: 03.05.25 um 10:55 Uhr  Zusammengesetzte Verkehrsinformation, seit 03.05.2025, 10:55 A60: Rüsselsheim -> Mainz, zwischen 0.6 km hinter AD Rüsselsheimer Dreieck und 0.5 km vor AD Mainspitz-Dreieck  Sperrung der A60 bei Königstädten – Grundhafte Fahrbahnerneuerung zwischen dem Rüsselsheimer Dreieck und dem Mainspitz Dreieck. Die Niederlassung West der Autobahn GmbH erneuert zwischen dem Rüsselsheimer Dreieck (30) und dem Mainspitz Dreieck (26) die Fahrbahn. Von Donnerstagmorgen (24. April) bis Mitte Juli wird die Anschlussstelle (AS) Königstädten (29) in Fahrtrichtung (FR) Mainz sowie in FR Rüsselsheimer Dreieck gesperrt. Umleitungsmöglichkeiten sind ausgeschildert: • Ausfahrt FR Mainz: Umleitung via AS Rüsselsheim-Mitte • Einfahrt FR Mainz: innerstädtische Umleitung zur AS Rüsselsheim-Mitte (Adam-Opel-Straße / Kurt-Schumacher-Ring), von Nauheim kommend via L3482 zur AS Bischofsheim • Einfahrt FR Darmstadt: innerstädtische Umleitung zur AS Rüsselsheim-Mitte (Adam-Opel-Straße / Kurt-Schumacher-Ring) Die Autobahn GmbH bittet alle Verkehrsteilnehmer um Verständnis für die unvermeidlichen Verkehrsbehinderungen, die durch die Arbeiten entstehen.",49.9774573994474,8.45464634678731
"A64","undefined--vi-avl.2025-05-21_23-05-30-000.f_002.de0","49.7873813913311,6.643771769239781,49.78865391417719,6.64526824229259","49.7873813913311,6.643771769239781","WARNING","A64 | Trier - Anschluss B52-Trier"," Luxemburg -> Trier",0,"QUEUING_TRAFFIC","12.5",2025-05-21,"Beginn: 21.05.25 um 23:05 Uhr  Angespannte Verkehrslage, seit 21.05.2025, 23:05 A64: Luxemburg -> Trier, zwischen 3.5 km hinter AS Trier und 1.2 km vor Anschluss B52-Trier  Stockender Verkehr Reisezeitverlust: 0 Minuten Durchschnittsgeschwindigkeit: 12 km/h",49.7873813913311,6.64377176923978
"A73","undefined--vi-hind.2025-05-21_22-19-00-000.f_003.de0","50.16153696216618,11.011977170241385,50.220542900940146,11.049359800003502","50.16153696216618,11.011977170241385","WARNING","A73 | Lichtenfels-Nord - Ebersdorf b.Coburg"," Bamberg -> Suhl",NA,NA,NA,2025-05-21,"Beginn: 21.05.25 um 22:19 Uhr  Hindernis, seit 21.05.2025, 22:19 A73: Bamberg -> Suhl, zwischen 2.2 km hinter AS Lichtenfels-Nord und 0.2 km vor AS Ebersdorf b.Coburg  Gefahr durch eine ungesicherte Unfallstelle",50.1615369621662,11.0119771702414
"A81","undefined--vi-hind.2025-05-21_23-01-00-000.f_002.de0","48.88398261250544,9.145145667862534,48.91621580094525,9.155167700000039","48.88398261250544,9.145145667862534","WARNING","A81 | Stuttgart-Zuffenhausen - Ludwigsburg-Nord"," Stuttgart -> Heilbronn",NA,NA,NA,2025-05-21,"Beginn: 21.05.25 um 23:01 Uhr  Fahrzeug-Hindernis, seit 21.05.2025, 23:01 A81: Stuttgart -> Heilbronn, zwischen 4.1 km hinter AS Stuttgart-Zuffenhausen und 0.5 km vor AS Ludwigsburg-Nord Gefahr durch ein defektes Fahrzeug auf der Fahrbahn",48.8839826125054,9.14514566786253
"A96","undefined--vi-zus.2025-05-21_22-27-30-000.f.de0","47.911723866318994,10.067797945345928,47.925547576362504,10.085106019061406","47.911723866318994,10.067797945345928","WARNING","A96 | Aichstetten - Aitrach"," Lindau -> München",0,"SLOW_TRAFFIC","70.19999694824219",2025-05-21,"Beginn: 21.05.25 um 22:27 Uhr  Zusammengesetzte Verkehrsinformation, seit 21.05.2025, 22:27 A96: Lindau -> München, zwischen 3.8 km hinter AS Aichstetten und 1.3 km vor AS Aitrach  Langsamer Verkehr Reisezeitverlust: 0 Minuten Durchschnittsgeschwindigkeit: 70 km/h",47.911723866319,10.0677979453459
"A96","undefined--vi-avl.2025-05-21_19-49-00-000.f.de0","48.03980694055125,10.781114129547605,48.046484584009086,10.83313147573403","48.03980694055125,10.781114129547605","WARNING","A96 | Buchloe-Ost - Landsberg am Lech-West"," Lindau -> München",1,"SLOW_TRAFFIC","66.9000015258789",2025-05-21,"Beginn: 21.05.25 um 19:49 Uhr  Angespannte Verkehrslage, seit 21.05.2025, 19:49 A96: Lindau -> München, zwischen 2.6 km hinter AS Buchloe-Ost und 0.4 km vor AS Landsberg am Lech-West  Langsamer Verkehr Reisezeitverlust: 1 Minuten Durchschnittsgeschwindigkeit: 66 km/h",48.0398069405513,10.7811141295476
"A113","undefined--vi-zus.2025-05-21_21-37-00-000.f_004.de0","52.39082470093125,13.525206000124077,52.37839145405112,13.542606817581781","52.39082470093125,13.525206000124077","WARNING","A113 | Schönefeld-Süd - Flughafen BBI"," Neukölln -> Schönefeld",NA,NA,NA,2025-05-21,"Beginn: 21.05.25 um 21:37 Uhr  Zusammengesetzte Verkehrsinformation, seit 21.05.2025, 21:37 A113: Neukölln -> Schönefeld, zwischen 0.3 km hinter AS Schönefeld-Süd und 0.6 km vor AS Flughafen BBI  Gefahr durch ein defektes Fahrzeugs auf der Fahrbahn  A113 Autobahnzubringer Dresden, Neukölln Richtung Schönefeld zwischen Schönefeld-Süd und Dreieck Flughafen Berlin Brandenburg Gefahr durch liegengebliebenes Fahrzeug auf dem Standstreifen, fahren Sie bitte besonders vorsichtig, Polizei ist benachrichtigt",52.3908247009312,13.5252060001241
"A115","undefined--vi-zus.2024-10-09_07-09-40-000.f_531.de0","52.40027056808641,13.185163736426698,52.44227384698058,13.202709435405149","52.40027056808641,13.185163736426698","WARNING","A115 | Am Stern - Hüttenweg"," Dreieck Nuthetal -> Dreieck Funkturm",NA,NA,NA,2024-10-09,"Beginn: 09.10.24 um 07:09 Uhr  Zusammengesetzte Verkehrsinformation, seit 09.10.2024, 07:09 A115: Dreieck Nuthetal -> Dreieck Funkturm, zwischen 2.9 km hinter Am Stern und 3.8 km vor AS Hüttenweg  A115 Autobahnzubringer Magdeburg, Dreieck Nuthetal Richtung Dreieck Funkturm, zwischen Anschlussstelle Kleinmachnow und Anschlussstelle Spanische Allee, Baustelle, bis 31.10.2026 17:00 Uhr",52.4002705680864,13.1851637364267
"A143","undefined--vi-zus.2025-05-21_23-01-00-000.f_001.de0","51.426090519569115,11.864188829637131,51.44971890093379,11.863302600015","51.426090519569115,11.864188829637131","WARNING","A143 | Halle-Süd - Teutschenthal"," Halle-Süd -> Halle Nord",NA,NA,NA,2025-05-21,"Beginn: 21.05.25 um 23:01 Uhr  Zusammengesetzte Verkehrsinformation, seit 21.05.2025, 23:01 A143: Halle-Süd -> Halle Nord, zwischen 2.5 km hinter AD Halle-Süd und 0.2 km vor AS Teutschenthal  Gefahr durch Gegenstände auf der Fahrbahn  A143 Westumfahrung Halle, Halle-Süd Richtung Halle Nord zwischen Holleben und Teutschenthal Gefahr durch 1 totes Tier (Reh) auf dem linken Fahrstreifen, 1 defekter PKW auf dem Standstreifen, fahren Sie bitte besonders vorsichtig",51.4260905195691,11.8641888296371
