"road","identifier","extent","point","display_type","title","subtitle","delay_minutes","abnormalTrafficType","averageSpeed","startTimestamp","description","latitude","longitude"
"A1","undefined--vi-avl.2025-05-22_06-20-30-000.f.de0","50.24396298849878,6.832363678764739,50.25482586900099,6.826114381364584","50.24396298849878,6.832363678764739","WARNING","A1 | Daun - Kelberg / B410"," Trier -> Köln/Koblenz",0,"SLOW_TRAFFIC","61.400001525878906",2025-05-22,"Beginn: 22.05.25 um 06:20 Uhr  Angespannte Verkehrslage, seit 22.05.2025, 06:20 A1: Trier -> Köln/Koblenz, zwischen 5.3 km hinter AS Daun und 1.5 km vor AS Kelberg / B410  Langsamer Verkehr Reisezeitverlust: 0 Minuten Durchschnittsgeschwindigkeit: 61 km/h",50.2439629884988,6.83236367876474
"A1","undefined--vi-zus.2025-05-22_06-13-30-000.f.de0","53.50726700091942,10.080775200000533,53.509388179049104,10.0594813727202","53.50726700091942,10.080775200000533","WARNING","A1 | Hamburg-Moorfleet - Norderelbbrücke"," Lübeck -> Hamburg",0,"SLOW_TRAFFIC","48.099998474121094",2025-05-22,"Beginn: 22.05.25 um 06:13 Uhr  Zusammengesetzte Verkehrsinformation, seit 22.05.2025, 06:13 A1: Lübeck -> Hamburg, zwischen 0.7 km hinter AS Hamburg-Moorfleet und Norderelbbrücke  Langsamer Verkehr Reisezeitverlust: 0 Minuten Durchschnittsgeschwindigkeit: 48 km/h",53.5072670009194,10.0807752000005
"A2","undefined--vi-avl.2025-05-22_06-22-30-000.f_010.de0","51.55415870250909,6.9229539059182965,51.55415870250909,6.9229539059182965","51.55415870250909,6.9229539059182965","WARNING","A2 | Bottrop - Bottrop"," Dortmund -> Oberhausen",NA,"SLOW_TRAFFIC","26",2025-05-22,"Beginn: 22.05.25 um 06:22 Uhr  Angespannte Verkehrslage, seit 22.05.2025, 06:22 A2: Dortmund -> Oberhausen, 0.6 km vor AS Bottrop, aus Richtung Bottrop  Langsamer Verkehr Durchschnittsgeschwindigkeit: 26 km/h",51.5541587025091,6.9229539059183
"A2","undefined--vi-avl.2025-05-22_06-12-00-000.f.de0","51.553815208264815,6.922091006819426,51.540354027252675,6.883888610070291","51.553815208264815,6.922091006819426","WARNING","A2 | Bottrop - Oberhausen-Königshardt"," Dortmund -> Oberhausen",1,"SLOW_TRAFFIC","54.29999923706055",2025-05-22,"Beginn: 22.05.25 um 06:12 Uhr  Angespannte Verkehrslage, seit 22.05.2025, 06:12 A2: Dortmund -> Oberhausen, zwischen 0.3 km hinter AD Bottrop und 1.0 km vor AS Oberhausen-Königshardt  Langsamer Verkehr Reisezeitverlust: 1 Minuten Durchschnittsgeschwindigkeit: 54 km/h",51.5538152082648,6.92209100681943
"A2","undefined--vi-avl.2025-05-22_05-40-30-000.f_001.de0","52.104688438460684,8.724232845184344,52.09340980092969,8.701981799999896","52.104688438460684,8.724232845184344","WARNING","A2 | Herford-Ost - Herford/Bad Salzuflen"," Hannover -> Dortmund",2,"STATIONARY_TRAFFIC","32",2025-05-22,"Beginn: 22.05.25 um 05:40 Uhr  Angespannte Verkehrslage, seit 22.05.2025, 05:40 A2: Hannover -> Dortmund, zwischen 3.3 km hinter AS Herford-Ost und 0.6 km vor AS Herford/Bad Salzuflen  Im Stillstand Reisezeitverlust: 2 Minuten Durchschnittsgeschwindigkeit: 32 km/h",52.1046884384607,8.72423284518434
"A2","undefined--vi-avl.2025-05-22_06-20-00-000.f_001.de0","52.220090647576136,9.117095288237008,52.221227767228974,9.098572599732012","52.220090647576136,9.117095288237008","WARNING","A2 | Bad Eilsen-Ost - Papenbrink"," Hannover -> Dortmund",0,"SLOW_TRAFFIC","64.4000015258789",2025-05-22,"Beginn: 22.05.25 um 06:20 Uhr  Angespannte Verkehrslage, seit 22.05.2025, 06:20 A2: Hannover -> Dortmund, zwischen 0.6 km hinter AS Bad Eilsen-Ost und 3.1 km vor Papenbrink  Langsamer Verkehr Reisezeitverlust: 0 Minuten Durchschnittsgeschwindigkeit: 64 km/h",52.2200906475761,9.11709528823701
"A2","undefined--vi-hind.2025-05-22_04-23-00-000.f_004.de0","52.28064700092849,10.927018100002423,52.26293870514993,10.984963268351793","52.28064700092849,10.927018100002423","WARNING","A2 | Rennau - Helmstedt-West"," Braunschweig -> Magdeburg",NA,NA,NA,2025-05-22,"Beginn: 22.05.25 um 04:23 Uhr  Fahrzeug-Hindernis, seit 22.05.2025, 04:23 A2: Braunschweig -> Magdeburg, zwischen 0.3 km hinter AS Rennau und 0.1 km vor AS Helmstedt-West",52.2806470009285,10.9270181000024
"A3","undefined--vi-hind.2025-05-22_06-18-00-000.f.de0","50.41290060093923,7.943247299999611,50.40200360093928,8.063392399999678","50.41290060093923,7.943247299999611","WARNING","A3 | Nentershausen - Limburg-Nord"," Köln -> Frankfurt",NA,NA,NA,2025-05-22,"Beginn: 22.05.25 um 06:18 Uhr  Hindernis, seit 22.05.2025, 06:18 A3: Köln -> Frankfurt, zwischen 1.8 km hinter Nentershausen und 0.6 km vor AS Limburg-Nord  Gefahr durch Gegenstände auf der Fahrbahn",50.4129006009392,7.94324729999961
"A3","undefined--vi-avl.2025-05-22_05-41-00-000.f.de0","51.50691592254901,6.8226587108610985,51.531650142399414,6.822516232314266","51.50691592254901,6.8226587108610985","WARNING","A3 | Oberhausen-West - Oberhausen"," Köln -> Arnheim",1,"SLOW_TRAFFIC","62",2025-05-22,"Beginn: 22.05.25 um 05:41 Uhr  Angespannte Verkehrslage, seit 22.05.2025, 05:41 A3: Köln -> Arnheim, zwischen 2.3 km hinter AK Oberhausen-West und 1.0 km vor AK Oberhausen  Langsamer Verkehr Reisezeitverlust: 1 Minuten Durchschnittsgeschwindigkeit: 62 km/h",51.506915922549,6.8226587108611
"A3","undefined--vi-avl.2025-05-22_05-52-30-000.f_002.de0","51.484713132804636,6.813455939967153,51.44406982888824,6.799849146278704","51.484713132804636,6.813455939967153","WARNING","A3 | Oberhausen-West - Duisburg-Wedau"," Oberhausen -> Köln",3,"SLOW_TRAFFIC","41.20000076293945",2025-05-22,"Beginn: 22.05.25 um 05:52 Uhr  Angespannte Verkehrslage, seit 22.05.2025, 05:52 A3: Oberhausen -> Köln, zwischen 0.3 km hinter AK Oberhausen-West und 4.3 km vor AS Duisburg-Wedau  Langsamer Verkehr Reisezeitverlust: 3 Minuten Durchschnittsgeschwindigkeit: 41 km/h",51.4847131328046,6.81345593996715
"A3","undefined--vi-avl.2025-05-22_05-52-30-000.f_003.de0","51.48367515628945,6.813186640303516,51.460358191700664,6.809508803992477","51.48367515628945,6.813186640303516","WARNING","A3 | Oberhausen-West - Kaiserberg"," Oberhausen -> Köln",3,"QUEUING_TRAFFIC","31.5",2025-05-22,"Beginn: 22.05.25 um 05:52 Uhr  Angespannte Verkehrslage, seit 22.05.2025, 05:52 A3: Oberhausen -> Köln, zwischen 0.4 km hinter AK Oberhausen-West und 1.9 km vor AK Kaiserberg  Stockender Verkehr Reisezeitverlust: 3 Minuten Durchschnittsgeschwindigkeit: 31 km/h",51.4836751562895,6.81318664030352
"A3","undefined--vi-avl.2025-05-22_06-02-30-000.f_006.de0","51.53962384804002,6.830240357770416,51.52870044397632,6.818761946585545","51.53962384804002,6.830240357770416","WARNING","A3 | Dinslaken-Süd - Oberhausen-Holten"," Arnheim -> Oberhausen",1,"SLOW_TRAFFIC","43.79999923706055",2025-05-22,"Beginn: 22.05.25 um 06:02 Uhr  Angespannte Verkehrslage, seit 22.05.2025, 06:02 A3: Arnheim -> Oberhausen, zwischen 2.7 km hinter AS Dinslaken-Süd und 1.9 km vor AS Oberhausen-Holten  Langsamer Verkehr Reisezeitverlust: 1 Minuten Durchschnittsgeschwindigkeit: 43 km/h",51.53962384804,6.83024035777042
"A4","undefined--vi-avl.2025-05-22_06-01-00-000.f.de0","50.90110625359418,6.903428677458631,50.89316000527723,6.920859172864368","50.90110625359418,6.903428677458631","WARNING","A4 | Köln-West - Köln-Eifeltor"," Heerlen/Aachen -> Köln",1,"SLOW_TRAFFIC","50.400001525878906",2025-05-22,"Beginn: 22.05.25 um 06:01 Uhr  Angespannte Verkehrslage, seit 22.05.2025, 06:01 A4: Heerlen/Aachen -> Köln, zwischen 4.9 km hinter AK Köln-West und 0.4 km vor AS Köln-Eifeltor  Langsamer Verkehr Reisezeitverlust: 1 Minuten Durchschnittsgeschwindigkeit: 50 km/h",50.9011062535942,6.90342867745863
"A4","undefined--vi-hind.2025-05-22_06-16-30-000.f.de0","50.89929262856593,6.90781188443754,50.89929262856593,6.90781188443754","50.89929262856593,6.90781188443754","WARNING","A4 | Köln-Klettenberg - Köln-West"," Köln -> Heerlen/Aachen",NA,NA,NA,2025-05-22,"Beginn: 22.05.25 um 06:16 Uhr  Fahrzeug-Hindernis, seit 22.05.2025, 06:16 A4: Köln -> Heerlen/Aachen, zwischen 0.1 km hinter AS Köln-Klettenberg und 5.2 km vor AK Köln-West Gefahr durch ein defektes Fahrzeug auf der Fahrbahn",50.8992926285659,6.90781188443754
"A4","undefined--vi-avl.2025-05-22_06-14-30-000.f_002.de0","50.971530600936376,7.5472129999990845,50.971530600936376,7.5472129999990845","50.971530600936376,7.5472129999990845","WARNING","A4 | Gummersbach - Gummersbach"," Olpe -> Köln",NA,"QUEUING_TRAFFIC","19",2025-05-22,"Beginn: 22.05.25 um 06:20 Uhr  Angespannte Verkehrslage, seit 22.05.2025, 06:20 A4: Olpe -> Köln, 1.5 km vor AS Gummersbach, aus Richtung Morkepütz  Stockender Verkehr Durchschnittsgeschwindigkeit: 19 km/h",50.9715306009364,7.54721299999908
"A4","undefined--vi-avl.2025-05-22_06-11-00-000.f.de0","50.971530600936376,7.5472129999990845,50.97562808958502,7.508834351318977","50.971530600936376,7.5472129999990845","WARNING","A4 | Morkepütz - Hömeler Feld"," Olpe -> Köln",4,"QUEUING_TRAFFIC","24.5",2025-05-22,"Beginn: 22.05.25 um 06:11 Uhr  Angespannte Verkehrslage, seit 22.05.2025, 06:11 A4: Olpe -> Köln, zwischen 0.3 km hinter Morkepütz und 0.4 km vor Hömeler Feld  Stockender Verkehr Reisezeitverlust: 4 Minuten Durchschnittsgeschwindigkeit: 24 km/h",50.9715306009364,7.54721299999908
"A4","undefined--vi-avl.2025-05-22_06-20-00-000.f_002.de0","50.846026475089275,9.662875023070372,50.8481066250505,9.646922285536707","50.846026475089275,9.662875023070372","WARNING","A4 | Bad Hersfeld - Kirchheimer Dreieck"," Erfurt -> Bad Hersfeld",0,"SLOW_TRAFFIC","67.9000015258789",2025-05-22,"Beginn: 22.05.25 um 06:20 Uhr  Angespannte Verkehrslage, seit 22.05.2025, 06:20 A4: Erfurt -> Bad Hersfeld, zwischen 4.3 km hinter AS Bad Hersfeld und 4.7 km vor AD Kirchheimer Dreieck  Langsamer Verkehr Reisezeitverlust: 0 Minuten Durchschnittsgeschwindigkeit: 67 km/h",50.8460264750893,9.66287502307037
"A4","undefined--vi-hind.2025-05-22_06-04-00-000.f.de0","50.88717835093986,12.149218941171352,50.886153067215204,12.150490563131356","50.88717835093986,12.149218941171352","WARNING","A4 | Gera - Gera-Leumnitz"," Erfurt -> Chemnitz",NA,NA,NA,2025-05-22,"Beginn: 22.05.25 um 06:04 Uhr  Fahrzeug-Hindernis, seit 22.05.2025, 06:04 A4: Erfurt -> Chemnitz, zwischen 2.4 km hinter AS Gera und AS Gera-Leumnitz Gefahr durch ein defektes Fahrzeug auf der Fahrbahn",50.8871783509399,12.1492189411714
"A4","undefined--vi-zus.2025-05-22_06-20-00-000.f_001.de0","51.20887550167716,14.791645856726415,51.21316145915193,14.80214353434252","51.20887550167716,14.791645856726415","WARNING","A4 | Nieder Seifersdorf - Königshainer Berge"," Dresden -> Görlitz",0,"SLOW_TRAFFIC","46.599998474121094",2025-05-22,"Beginn: 22.05.25 um 06:20 Uhr  Zusammengesetzte Verkehrsinformation, seit 22.05.2025, 06:20 A4: Dresden -> Görlitz, zwischen 2.4 km hinter AS Nieder Seifersdorf und 2.2 km vor Königshainer Berge  Langsamer Verkehr Reisezeitverlust: 0 Minuten Durchschnittsgeschwindigkeit: 46 km/h",51.2088755016772,14.7916458567264
"A5","undefined--vi-avl.2025-05-22_06-18-00-000.f_001.de0","47.59026443812232,7.603147752970882,47.59026443812232,7.603147752970882","47.59026443812232,7.603147752970882","WARNING","Baustelle","",NA,"STATIONARY_TRAFFIC","8",2025-05-22,"Beginn: 22.05.25 um 06:20 Uhr  Angespannte Verkehrslage, seit 22.05.2025, 06:20 A5 S  Im Stillstand Durchschnittsgeschwindigkeit: 8 km/h",47.5902644381223,7.60314775297088
"A5","undefined--vi-avl.2025-05-22_06-17-30-000.f_002.de0","47.59026443812232,7.603147752970882,47.58637552591579,7.6021304287910825","47.59026443812232,7.603147752970882","WARNING","Baustelle"," km 813.59 --> km 814.03",1,"STATIONARY_TRAFFIC","13.300000190734863",2025-05-22,"Beginn: 22.05.25 um 06:17 Uhr  Angespannte Verkehrslage, seit 22.05.2025, 06:17 A5: km 813.59 --> km 814.03  Im Stillstand Reisezeitverlust: 1 Minuten Durchschnittsgeschwindigkeit: 13 km/h",47.5902644381223,7.60314775297088
"A6","undefined--vi-avl.2025-05-22_06-18-00-000.f_002.de0","49.207899036942486,6.96520537646557,49.207899036942486,6.96520537646557","49.207899036942486,6.96520537646557","WARNING","A6 | Saarbrücken Autobahn - Saarbrücken Autobahn"," Kaiserslautern -> Metz/Saarbrücken",NA,"STATIONARY_TRAFFIC","7",2025-05-22,"Beginn: 22.05.25 um 06:18 Uhr  Angespannte Verkehrslage, seit 22.05.2025, 06:18 A6: Kaiserslautern -> Metz/Saarbrücken, 0.1 km vor Saarbrücken Autobahn, aus Richtung Goldene Bremm  Im Stillstand Durchschnittsgeschwindigkeit: 7 km/h",49.2078990369425,6.96520537646557
"A6","undefined--vi-avl.2025-05-22_06-17-30-000.f_005.de0","49.27228102941908,8.653358597191813,49.27700353304662,8.63162250059614","49.27228102941908,8.653358597191813","WARNING","A6 | Wiesloch/Rauenberg - Walldorf"," Heilbronn -> Mannheim",0,"SLOW_TRAFFIC","64.80000305175781",2025-05-22,"Beginn: 22.05.25 um 06:17 Uhr  Angespannte Verkehrslage, seit 22.05.2025, 06:17 A6: Heilbronn -> Mannheim, zwischen 3.0 km hinter AS Wiesloch/Rauenberg und 0.9 km vor AK Walldorf  Langsamer Verkehr Reisezeitverlust: 0 Minuten Durchschnittsgeschwindigkeit: 64 km/h",49.2722810294191,8.65335859719181
"A6","undefined--vi-hind.2025-05-22_05-52-04-000.f.de0","49.183282014568306,9.219929125209942,49.18284803659975,9.221866804826574","49.183282014568306,9.219929125209942","WARNING","A6 | Heilbronn/Untereisesheim - Heilbronn/Neckarsulm"," Mannheim -> Nürnberg",NA,NA,NA,2025-05-22,"Beginn: 22.05.25 um 05:52 Uhr  Fahrzeug-Hindernis, seit 22.05.2025, 05:52 A6: Mannheim -> Nürnberg, zwischen 1.3 km hinter AS Heilbronn/Untereisesheim und 0.6 km vor AS Heilbronn/Neckarsulm Gefahr durch ein defektes Fahrzeug auf der Fahrbahn",49.1832820145683,9.21992912520994
"A6","undefined--vi-hind.2025-05-22_01-42-00-000.f_008.de0","49.27980349802968,10.720159959784306,49.27980349802968,10.720159959784306","49.27980349802968,10.720159959784306","WARNING","A6 | Lerchenbuck - Lichtenau"," Nürnberg -> Heilbronn",NA,NA,NA,2025-05-22,"Beginn: 22.05.25 um 01:42 Uhr  Fahrzeug-Hindernis, seit 22.05.2025, 01:42 A6: Nürnberg -> Heilbronn, zwischen 4.2 km hinter Lerchenbuck und AS Lichtenau Gefahr durch ein defektes Fahrzeug auf der Fahrbahn",49.2798034980297,10.7201599597843
"A6","undefined--vi-zus.2025-05-22_06-05-00-000.f_001.de0","49.61768470094303,12.355300800040373,49.618564487451756,12.415705679281348","49.61768470094303,12.355300800040373","WARNING","A6 | Vohenstrauß-Ost - Ulrichsberg"," Nürnberg -> Pilsen",NA,NA,NA,2025-05-22,"Beginn: 22.05.25 um 06:05 Uhr  Zusammengesetzte Verkehrsinformation, seit 22.05.2025, 06:05 A6: Nürnberg -> Pilsen, zwischen 0.3 km hinter AS Vohenstrauß-Ost und 3.1 km vor Ulrichsberg  Gefahr durch Personen auf der Fahrbahn  Gefahr durch ein defektes Fahrzeugs auf der Fahrbahn  A6 Nürnberg Richtung Pilsen zwischen Vohenstrauß Ost und Pleystein defekter PKW, Standstreifen blockiert, Gefahr durch Personen auf der Fahrbahn",49.617684700943,12.3553008000404
"A6","undefined--vi-avl.2025-05-22_06-17-30-000.f_001.de0","49.207899036942486,6.96520537646557,49.206587929392256,6.963037307974669","49.207899036942486,6.96520537646557","WARNING","Baustelle"," km 686.61 --> km 686.83",1,"STATIONARY_TRAFFIC","10.300000190734863",2025-05-22,"Beginn: 22.05.25 um 06:17 Uhr  Angespannte Verkehrslage, seit 22.05.2025, 06:17 A6: km 686.61 --> km 686.83  Im Stillstand Reisezeitverlust: 1 Minuten Durchschnittsgeschwindigkeit: 10 km/h",49.2078990369425,6.96520537646557
"A7","undefined--vi-zus.2025-05-13_04-57-00-000.f_007.de0","47.595412441892016,10.656244234565428,47.626144871649025,10.654585437937621","47.595412441892016,10.656244234565428","WARNING","A7 | Füssen - Nesselwang"," Füssen/Reutte -> Ulm",NA,NA,NA,2025-05-13,"Beginn: 13.05.25 um 04:57 Uhr  Zusammengesetzte Verkehrsinformation, seit 13.05.2025, 04:57 A7: Füssen/Reutte -> Ulm, zwischen 2.5 km hinter AS Füssen und 10.0 km vor AS Nesselwang  A7 Füssen/Reutte Richtung Ulm zwischen Reinertshoftunnel und Nesselwang Verkehr wird über die Gegenfahrbahn geleitet, Baustelle, von 16.05.2025 05:00 Uhr bis 18.07.2025 15:00 Uhr",47.595412441892,10.6562442345654
"A7","undefined--vi-avl.2025-05-22_06-18-30-000.f.de0","47.62964937839484,10.600346426479463,47.62854032886443,10.586606678743902","47.62964937839484,10.600346426479463","WARNING","A7 | Reinertshofertunnel - Nesselwang"," Füssen/Reutte -> Ulm",0,"SLOW_TRAFFIC","60.29999923706055",2025-05-22,"Beginn: 22.05.25 um 06:18 Uhr  Angespannte Verkehrslage, seit 22.05.2025, 06:18 A7: Füssen/Reutte -> Ulm, zwischen 7.3 km hinter Reinertshofertunnel und 4.8 km vor AS Nesselwang  Langsamer Verkehr Reisezeitverlust: 0 Minuten Durchschnittsgeschwindigkeit: 60 km/h",47.6296493783948,10.6003464264795
"A7","undefined--vi-zus.2025-03-31_00-40-00-000.f_018.de0","53.579141433849884,9.913430072127355,53.55636870091902,9.897540700000414","53.579141433849884,9.913430072127355","WARNING","A7 | Hamburg-Volkspark - Elbtunnel (Nordportal)"," Flensburg -> Hamburg",NA,NA,NA,2025-03-31,"Beginn: 31.03.25 um 00:40 Uhr  Zusammengesetzte Verkehrsinformation, seit 31.03.2025, 00:40 A7: Flensburg -> Hamburg, zwischen 0.4 km hinter AS Hamburg-Volkspark und 0.9 km vor Elbtunnel (Nordportal)  A7 Flensburg Richtung Hamburg Ausfahrt Hamburg-Othmarschen Fahrbahnverengung, maximale Fahrbahnbreite von 4,50 m, Bauarbeiten, bis 29.09.2025",53.5791414338499,9.91343007212735
"A8","undefined--vi-avl.2025-05-22_06-22-30-000.f_005.de0","49.4518798250225,6.54192484766686,49.4518798250225,6.54192484766686","49.4518798250225,6.54192484766686","WARNING","A8 | Merzig-Wellingen - Merzig-Wellingen"," Saarlouis -> Luxemburg",NA,"QUEUING_TRAFFIC","19",2025-05-22,"Beginn: 22.05.25 um 06:22 Uhr  Angespannte Verkehrslage, seit 22.05.2025, 06:22 A8: Saarlouis -> Luxemburg, 1.7 km vor AS Merzig-Wellingen, aus Richtung Weiler  Stockender Verkehr Durchschnittsgeschwindigkeit: 19 km/h",49.4518798250225,6.54192484766686
"A8","undefined--vi-zus.2025-05-22_06-13-00-000.f.de0","49.4522719198146,6.54418892839878,49.452164414997426,6.518835999928115","49.4522719198146,6.54418892839878","WARNING","A8 | Weiler - Pellinger Berg"," Saarlouis -> Luxemburg",2,"QUEUING_TRAFFIC","31.899999618530273",2025-05-22,"Beginn: 22.05.25 um 06:13 Uhr  Zusammengesetzte Verkehrsinformation, seit 22.05.2025, 06:13 A8: Saarlouis -> Luxemburg, zwischen 1.7 km hinter Weiler und 0.5 km vor Pellinger Berg  Stockender Verkehr Reisezeitverlust: 2 Minuten Durchschnittsgeschwindigkeit: 31 km/h",49.4522719198146,6.54418892839878
"A8","undefined--vi-zus.2025-03-26_17-59-56-000.f_013.de0","49.32575278791285,7.172731755291576,49.327350714671546,7.213275819282444","49.32575278791285,7.172731755291576","WARNING","A8 | Neunkirchen/Spiesen - Kohlhof"," Saarlouis -> Neunkirchen",NA,NA,NA,2025-03-26,"Beginn: 26.03.25 um 17:59 Uhr  Zusammengesetzte Verkehrsinformation, seit 26.03.2025, 17:59 A8: Saarlouis -> Neunkirchen, zwischen 1.5 km hinter AS Neunkirchen/Spiesen und 1.0 km vor Kohlhof  A8 Saarlouis - Neunkirchen zwischen Neunkirchen-Spiesen und Neunkirchen-Oberstadt in beiden Richtungen Bauarbeiten, bis voraussichtlich 01.06.2025",49.3257527879128,7.17273175529158
"A8","undefined--vi-zus.2025-05-14_09-26-56-000.f.de0","49.32628400979037,7.229641516813452,49.329166750017514,7.1882642393148934","49.32628400979037,7.229641516813452","WARNING","A8 | Neunkirchen-Wellesweiler - Neunkirchen/Spiesen"," Neunkirchen -> Saarlouis",NA,NA,NA,2025-05-14,"Beginn: 14.05.25 um 09:26 Uhr  Zusammengesetzte Verkehrsinformation, seit 14.05.2025, 09:26 A8: Neunkirchen -> Saarlouis, zwischen 0.4 km hinter AS Neunkirchen-Wellesweiler und 2.7 km vor AS Neunkirchen/Spiesen  A8 Saarlouis - Neunkirchen zwischen Neunkirchen-Spiesen und Neunkirchen-Oberstadt in beiden Richtungen Bauarbeiten, bis voraussichtlich 01.06.2025",49.3262840097904,7.22964151681345
"A8","undefined--vi-zus.2025-05-22_05-49-00-000.f.de0","48.91247057602539,8.704796800148218,48.910716444661674,8.768996569391785","48.91247057602539,8.704796800148218","WARNING","A8 | Am Waisenrain - Pforzheim"," Karlsruhe -> Stuttgart",2,"SLOW_TRAFFIC","50.29999923706055",2025-05-22,"Beginn: 22.05.25 um 05:49 Uhr  Zusammengesetzte Verkehrsinformation, seit 22.05.2025, 05:49 A8: Karlsruhe -> Stuttgart, zwischen 1.1 km hinter Am Waisenrain und 0.5 km vor Pforzheim  Langsamer Verkehr Reisezeitverlust: 2 Minuten Durchschnittsgeschwindigkeit: 50 km/h",48.9124705760254,8.70479680014822
"A8","undefined--vi-avl.2025-05-22_05-57-00-000.f_003.de0","48.70255139875655,9.177864235962089,48.70255139875655,9.177864235962089","48.70255139875655,9.177864235962089","WARNING","A8 | Stuttgart-Degerloch - Stuttgart-Degerloch"," München -> Stuttgart",NA,"STATIONARY_TRAFFIC","6",2025-05-22,"Beginn: 22.05.25 um 06:20 Uhr  Angespannte Verkehrslage, seit 22.05.2025, 06:20 A8: München -> Stuttgart, 0.9 km vor AS Stuttgart-Degerloch, aus Richtung Stuttgart-Flughafen/Messe  Im Stillstand Durchschnittsgeschwindigkeit: 6 km/h",48.7025513987565,9.17786423596209
"A8","undefined--vi-avl.2025-05-22_05-53-00-000.f_002.de0","48.702472956913994,9.178030119852753,48.714022410046866,9.092290202490798","48.702472956913994,9.178030119852753","WARNING","A8 | Stuttgart-Flughafen/Messe - Stuttgart"," München -> Karlsruhe",58,"STATIONARY_TRAFFIC","6.400000095367432",2025-05-22,"Beginn: 22.05.25 um 05:53 Uhr  Angespannte Verkehrslage, seit 22.05.2025, 05:53 A8: München -> Karlsruhe, zwischen 0.8 km hinter AS Stuttgart-Flughafen/Messe und 2.3 km vor AK Stuttgart  Im Stillstand Reisezeitverlust: 58 Minuten Durchschnittsgeschwindigkeit: 6 km/h",48.702472956914,9.17803011985275
"A8","undefined--vi-avl.2025-05-22_06-19-30-000.f_003.de0","47.80549456465939,12.143074370345158,47.80394240094832,12.160497100035558","47.80549456465939,12.143074370345158","WARNING","A8 | Winkelbach - Rohrdorf"," München -> Salzburg",1,"QUEUING_TRAFFIC","34.70000076293945",2025-05-22,"Beginn: 22.05.25 um 06:19 Uhr  Angespannte Verkehrslage, seit 22.05.2025, 06:19 A8: München -> Salzburg, zwischen 0.4 km hinter Winkelbach und 0.2 km vor AS Rohrdorf  Stockender Verkehr Reisezeitverlust: 1 Minuten Durchschnittsgeschwindigkeit: 34 km/h",47.8054945646594,12.1430743703452
"A8","undefined--vi-avl.2025-05-22_06-20-30-000.f_006.de0","47.80549456465939,12.143074370345158,47.80549456465939,12.143074370345158","47.80549456465939,12.143074370345158","WARNING","A8 | Rohrdorf - Rohrdorf"," München -> Salzburg",NA,"QUEUING_TRAFFIC","22",2025-05-22,"Beginn: 22.05.25 um 06:20 Uhr  Angespannte Verkehrslage, seit 22.05.2025, 06:20 A8: München -> Salzburg, 1.5 km vor AS Rohrdorf, aus Richtung Winkelbach  Stockender Verkehr Durchschnittsgeschwindigkeit: 22 km/h",47.8054945646594,12.1430743703452
"A8","undefined--vi-zus.2025-04-24_15-51-24-000.f_004.de0","47.80413423145671,12.281019464099568,47.80190612486237,12.309767384276238","47.80413423145671,12.281019464099568","WARNING","A8 | Frasdorf - Bernau am Chiemsee"," München -> Salzburg",NA,NA,NA,2025-04-24,"Beginn: 24.04.25 um 15:51 Uhr  Zusammengesetzte Verkehrsinformation, seit 24.04.2025, 15:51 A8: München -> Salzburg, zwischen 0.1 km hinter Frasdorf und 4.3 km vor AS Bernau am Chiemsee  A8 München Richtung Salzburg zwischen Frasdorf und Bernau rechter Fahrstreifen gesperrt, Fahrbahn auf einen Fahrstreifen verengt, Brückenarbeiten, bis 24.05.2025 20:00 Uhr",47.8041342314567,12.2810194640996
"A9","undefined--vi-avl.2025-05-22_06-22-30-000.f_008.de0","48.18351143183933,11.601877487629253,48.18351143183933,11.601877487629253","48.18351143183933,11.601877487629253","WARNING","A9 | München-Schwabing - München-Schwabing"," Nürnberg -> München",NA,"SLOW_TRAFFIC","20",2025-05-22,"Beginn: 22.05.25 um 06:22 Uhr  Angespannte Verkehrslage, seit 22.05.2025, 06:22 A9: Nürnberg -> München, 1.1 km vor AS München-Schwabing, aus Richtung München-Frankfurter Ring  Langsamer Verkehr Durchschnittsgeschwindigkeit: 20 km/h",48.1835114318393,11.6018774876293
"A9","undefined--vi-avl.2025-05-22_06-22-30-000.f_009.de0","48.18351143183933,11.601877487629253,48.17887758630092,11.595675351506383","48.18351143183933,11.601877487629253","WARNING","A9 | München-Frankfurter Ring - München-Schwabing"," Nürnberg -> München",0,"SLOW_TRAFFIC","33.5",2025-05-22,"Beginn: 22.05.25 um 06:22 Uhr  Angespannte Verkehrslage, seit 22.05.2025, 06:22 A9: Nürnberg -> München, zwischen 0.8 km hinter AS München-Frankfurter Ring und 0.4 km vor AS München-Schwabing  Langsamer Verkehr Reisezeitverlust: 0 Minuten Durchschnittsgeschwindigkeit: 33 km/h",48.1835114318393,11.6018774876293
"A9","undefined--vi-hind.2025-05-22_06-02-30-000.f_001.de0","48.64479430094613,11.517033200010363,48.70719690094593,11.486518800009707","48.64479430094613,11.517033200010363","WARNING","A9 | Rohrbach (West) - Manching"," München -> Nürnberg",NA,NA,NA,2025-05-22,"Beginn: 22.05.25 um 06:02 Uhr  Hindernis, seit 22.05.2025, 06:02 A9: München -> Nürnberg, zwischen 4.0 km hinter Rohrbach (West) und 0.3 km vor AS Manching  Gefahr durch Gegenstände auf der Fahrbahn",48.6447943009461,11.5170332000104
"A9","undefined--vi-hind.2025-05-22_06-10-00-000.f.de0","48.773621891376195,11.461107704143563,48.77523742035478,11.461087679610877","48.773621891376195,11.461107704143563","WARNING","A9 | Ingolstadt-Ost - Lenting"," München -> Nürnberg",NA,NA,NA,2025-05-22,"Beginn: 22.05.25 um 06:10 Uhr  Hindernis, seit 22.05.2025, 06:10 A9: München -> Nürnberg, zwischen 0.4 km hinter AS Ingolstadt-Ost und 4.6 km vor AS Lenting  Gefahr durch Gegenstände auf der Fahrbahn",48.7736218913762,11.4611077041436
"A9","undefined--vi-avl.2025-05-22_06-20-30-000.f_005.de0","52.27382142401692,12.91062580715724,52.27382142401692,12.91062580715724","52.27382142401692,12.91062580715724","WARNING","A9 | Beelitz-Heilstätten - Beelitz-Heilstätten"," Berlin -> Halle/Leipzig",NA,"STATIONARY_TRAFFIC","6",2025-05-22,"Beginn: 22.05.25 um 06:20 Uhr  Angespannte Verkehrslage, seit 22.05.2025, 06:20 A9: Berlin -> Halle/Leipzig, 0.5 km vor AS Beelitz-Heilstätten, aus Richtung Potsdam  Im Stillstand Durchschnittsgeschwindigkeit: 6 km/h",52.2738214240169,12.9106258071572
"A9","undefined--vi-zus.2025-05-22_06-20-00-000.f.de0","52.27382142401692,12.91062580715724,52.27143080777412,12.909805041110104","52.27382142401692,12.91062580715724","WARNING","A9 | Potsdam - Beelitz-Heilstätten"," Berlin -> Halle/Leipzig",0,"STATIONARY_TRAFFIC","20",2025-05-22,"Beginn: 22.05.25 um 06:20 Uhr  Zusammengesetzte Verkehrsinformation, seit 22.05.2025, 06:20 A9: Berlin -> Halle/Leipzig, zwischen 1.9 km hinter AD Potsdam und 0.3 km vor AS Beelitz-Heilstätten  Im Stillstand Reisezeitverlust: 0 Minuten Durchschnittsgeschwindigkeit: 20 km/h",52.2738214240169,12.9106258071572
"A10","undefined--vi-zus.2025-05-22_06-07-30-000.f.de0","52.352790398320906,12.815275602124762,52.378716556655405,12.817070342090128","52.352790398320906,12.815275602124762","WARNING","A10 | Werder - Groß Kreutz"," Dreieck Potsdam -> Dreieck Havelland",1,"SLOW_TRAFFIC","58.29999923706055",2025-05-22,"Beginn: 22.05.25 um 06:07 Uhr  Zusammengesetzte Verkehrsinformation, seit 22.05.2025, 06:07 A10: Dreieck Potsdam -> Dreieck Havelland, zwischen 1.7 km hinter AD Werder und 2.1 km vor AS Groß Kreutz  Langsamer Verkehr Reisezeitverlust: 1 Minuten Durchschnittsgeschwindigkeit: 58 km/h",52.3527903983209,12.8152756021248
"A10","undefined--vi-avl.2025-05-22_11-50-00-000.f_035.de0","52.412149100523266,12.901041845080828,52.412149100523266,12.901041845080828","52.412149100523266,12.901041845080828","WARNING","A10 | Groß Kreutz - Phöben"," Dreieck Werder -> Dreieck Havelland",0,"STATIONARY_TRAFFIC","25",2025-05-22,"Beginn: 22.05.25 um 11:50 Uhr  Angespannte Verkehrslage, seit 22.05.2025, 11:50 A10: Dreieck Werder -> Dreieck Havelland, zwischen 5.0 km hinter AS Groß Kreutz und 0.1 km vor AS Phöben  Im Stillstand Reisezeitverlust: 0 Minuten Durchschnittsgeschwindigkeit: 25 km/h",52.4121491005233,12.9010418450808
"A10","undefined--vi-hind.2025-05-22_05-55-00-000.f_001.de0","52.475752878531814,12.955350709528462,52.538475600927995,12.96533290006355","52.475752878531814,12.955350709528462","WARNING","A10 | Potsdam-Nord - Berlin-Spandau"," Dreieck Werder -> Dreieck Havelland",NA,NA,NA,2025-05-22,"Beginn: 22.05.25 um 05:55 Uhr  Hindernis, seit 22.05.2025, 05:55 A10: Dreieck Werder -> Dreieck Havelland, zwischen 0.3 km hinter AS Potsdam-Nord und 1.9 km vor AS Berlin-Spandau  Gefahr durch Gegenstände auf der Fahrbahn",52.4757528785318,12.9553507095285
"A12","undefined--vi-avl.2025-05-22_06-19-03-000.f.de0","52.31462994543625,14.565396833588858,52.314680708111105,14.561546427138259","52.31462994543625,14.565396833588858","WARNING","A12 | Frankfurt(Oder) - Frankfurt(Oder)-Mitte"," Frankfurt(Oder) -> Berliner Ring",0,"SLOW_TRAFFIC","12",2025-05-22,"Beginn: 22.05.25 um 06:19 Uhr  Angespannte Verkehrslage, seit 22.05.2025, 06:19 A12: Frankfurt(Oder) -> Berliner Ring, zwischen 0.8 km hinter Frankfurt(Oder) und 2.9 km vor AS Frankfurt(Oder)-Mitte  Langsamer Verkehr Reisezeitverlust: 0 Minuten Durchschnittsgeschwindigkeit: 12 km/h",52.3146299454363,14.5653968335889
"A12","WarnungA10Lkw3","47.61802931631098,12.202336027754352,47.61802931631098,12.202336027754352","47.61802931631098,12.202336027754352","WARNING","E45/E60 | LKW Blockabfertigung | A12-Inntal Autobahn","Richtung Italien",NA,NA,NA,2025-01-11,"Zeitraum: Beginn: 07.01.2025 Ende: 09.12.2025  Hinweis für LKW-Reisende nach Österreich: LKW-Blockabfertigungen an ausgewählten Tagen für Lkw am Grenzübergang Kufstein/Kiefersfelden. Maximaler Durchlass von 300 LKWs pro Stunde  Die genauen Ausführungszeiten und weitere Informationen auf tirol.gv.at/verkehr/verkehrs-und-seilbahnrecht/lkw-dosierung.",47.618029316311,12.2023360277544
"A12","WarnungA10Lkw2","47.6164490154047,12.202382557672273,47.6164490154047,12.202382557672273","47.6164490154047,12.202382557672273","WARNING","E43/E45/E60 | A13-Brenner Autobahn","Richtung Italien",NA,NA,NA,2025-01-11,"Zeitraum: Beginn: 11.01.2025 Ende: 27.09.2025  Hinweis für LKW-Reisende nach Österreich: LKW-Fahrverbot auf der A12-Inntal Autobahn, A13-Brenner Autobahn und A14-Rheintal/Walgau Autobahn, wenn das Ziel der Fahrt der Anschlussstelle Nößlach bis Anschlussstelle Brenner Nord der Richtungsfahrbahn Staatsgrenze der A 13 Brenner Autobahn erreicht werden soll. An ausgewählten Samstagen 7-15 Uhr sowie weiteren Tagen im Zeitraum 11.01. - 27.09.2025 Weitere Informationen auf http://asfinag.at/a13",47.6164490154047,12.2023825576723
"A14","undefined--vi-hind.2025-05-22_05-36-30-000.f_002.de0","51.89613890093105,11.69006080001065,51.940323229331035,11.69395907666622","51.89613890093105,11.69006080001065","WARNING","A14 | Staßfurt - Dreihöhenberg"," Halle -> Magdeburg",NA,NA,NA,2025-05-22,"Beginn: 22.05.25 um 05:36 Uhr  Hindernis, seit 22.05.2025, 05:36 A14: Halle -> Magdeburg, zwischen 5.3 km hinter AS Staßfurt und 0.2 km vor Dreihöhenberg  Gefahr durch Gegenstände auf der Fahrbahn",51.896138900931,11.6900608000107
"A17","undefined--vi-avl.2025-05-22_06-22-30-000.f.de0","50.81707703655896,13.886142259621101,50.81707703655896,13.886142259621101","50.81707703655896,13.886142259621101","WARNING","A17 | Am Heidenholz - Am Heidenholz"," Prag -> Dresden",NA,"SLOW_TRAFFIC","17",2025-05-22,"Beginn: 22.05.25 um 06:22 Uhr  Angespannte Verkehrslage, seit 22.05.2025, 06:22 A17: Prag -> Dresden, 0.6 km vor Am Heidenholz, aus Richtung Breitenau-Schönwald  Langsamer Verkehr Durchschnittsgeschwindigkeit: 17 km/h",50.817077036559,13.8861422596211
"A17","undefined--vi-zus.2025-05-22_04-59-00-000.f.de0","50.81703424586921,13.886120798474188,50.82565078152641,13.887804615088058","50.81703424586921,13.886120798474188","WARNING","A17 | Breitenau-Schönwald - Bad Gottleuba"," Prag -> Dresden",0,"SLOW_TRAFFIC","35.29999923706055",2025-05-22,"Beginn: 22.05.25 um 04:59 Uhr  Zusammengesetzte Verkehrsinformation, seit 22.05.2025, 04:59 A17: Prag -> Dresden, zwischen 4.2 km hinter Breitenau-Schönwald und 0.6 km vor AS Bad Gottleuba  Langsamer Verkehr Reisezeitverlust: 0 Minuten Durchschnittsgeschwindigkeit: 35 km/h",50.8170342458692,13.8861207984742
"A19","undefined--vi-hind.2025-05-22_06-21-30-000.f.de0","53.614991996890936,12.375052053886389,53.4950958009199,12.38242960002574","53.614991996890936,12.375052053886389","WARNING","A19 | Linstow - Waren"," Rostock -> Dreieck Wittstock/Dosse",NA,NA,NA,2025-05-22,"Beginn: 22.05.25 um 06:21 Uhr  Hindernis, seit 22.05.2025, 06:21 A19: Rostock -> Dreieck Wittstock/Dosse, zwischen 0.2 km hinter AS Linstow und 4.3 km vor AS Waren  Gefahr durch Gegenstände auf der Fahrbahn",53.6149919968909,12.3750520538864
"A21","undefined--vi-avl.2025-05-22_06-10-30-000.f_005.de0","53.83714233158086,10.30982096719067,53.85499931396672,10.305701108883595","53.83714233158086,10.30982096719067","WARNING","A21 | Bad Oldesloe-Nord - Leezen"," Bargteheide -> Kiel",0,"SLOW_TRAFFIC","64.4000015258789",2025-05-22,"Beginn: 22.05.25 um 06:10 Uhr  Angespannte Verkehrslage, seit 22.05.2025, 06:10 A21: Bargteheide -> Kiel, zwischen 3.0 km hinter AS Bad Oldesloe-Nord und 0.3 km vor AS Leezen  Langsamer Verkehr Reisezeitverlust: 0 Minuten Durchschnittsgeschwindigkeit: 64 km/h",53.8371423315809,10.3098209671907
"A21","undefined--vi-avl.2025-05-22_06-22-30-000.f_004.de0","53.84031693450762,10.309616648209857,53.84751414873309,10.30697000947378","53.84031693450762,10.309616648209857","WARNING","A21 | Bad Oldesloe-Nord - Leezen"," Bargteheide -> Kiel",0,"SLOW_TRAFFIC","60",2025-05-22,"Beginn: 22.05.25 um 06:22 Uhr  Angespannte Verkehrslage, seit 22.05.2025, 06:22 A21: Bargteheide -> Kiel, zwischen 3.4 km hinter AS Bad Oldesloe-Nord und 1.1 km vor AS Leezen  Langsamer Verkehr Reisezeitverlust: 0 Minuten Durchschnittsgeschwindigkeit: 60 km/h",53.8403169345076,10.3096166482099
"A23","undefined--vi-avl.2025-05-22_05-18-30-000.f_005.de0","53.70747943504904,9.769322739142877,53.70747943504904,9.769322739142877","53.70747943504904,9.769322739142877","WARNING","A23 | Forst Rantzau Nord - Forst Rantzau Nord"," Heide -> Hamburg",NA,"STATIONARY_TRAFFIC","18",2025-05-22,"Beginn: 22.05.25 um 06:20 Uhr  Angespannte Verkehrslage, seit 22.05.2025, 06:20 A23: Heide -> Hamburg, 0.1 km vor Forst Rantzau Nord, aus Richtung Tornesch  Im Stillstand Durchschnittsgeschwindigkeit: 18 km/h",53.707479435049,9.76932273914288
"A23","undefined--vi-avl.2025-05-22_05-15-00-000.f.de0","53.707456413175414,9.769346399619181,53.66329125738243,9.816920535426878","53.707456413175414,9.769346399619181","WARNING","A23 | Tornesch - Pinneberg-Mitte"," Heide -> Hamburg",17,"STATIONARY_TRAFFIC","17.5",2025-05-22,"Beginn: 22.05.25 um 05:15 Uhr  Angespannte Verkehrslage, seit 22.05.2025, 05:15 A23: Heide -> Hamburg, zwischen 1.4 km hinter AS Tornesch und 1.0 km vor AS Pinneberg-Mitte  Im Stillstand Reisezeitverlust: 17 Minuten Durchschnittsgeschwindigkeit: 17 km/h",53.7074564131754,9.76934639961918
"A37","undefined--vi-zus.2025-05-20_10-04-05-000.f_002.de0","52.442156462690335,9.933442989087833,52.436581812162494,9.913211841333315","52.442156462690335,9.933442989087833","WARNING","A37 | Beinhorn - Hannover-Kirchhorst"," Celle -> Hannover",NA,NA,NA,2025-05-20,"Beginn: 20.05.25 um 10:04 Uhr  Zusammengesetzte Verkehrsinformation, seit 20.05.2025, 10:04 B3: Celle -> Hannover, zwischen 0.4 km hinter AS Beinhorn und 2.1 km vor AK Hannover-Kirchhorst  A37 Messe - Burgdorf
zwischen Kreuz Hannover-Buchholz und Beinhorn
in beiden Richtungen geänderte Verkehrsführung im Baustellenbereich, Bauarbeiten, bis 30.10.2026 ca. 18:00 Uhr",52.4421564626903,9.93344298908783
"A37","undefined--vi-zus.2025-05-20_10-04-05-000.f_003.de0","52.42566547847685,9.880479425875153,52.44102213295518,9.93161290421946","52.42566547847685,9.880479425875153","WARNING","Baustelle"," km 22.62 --> km 26.54",NA,NA,NA,2025-05-20,"Beginn: 20.05.25 um 10:04 Uhr  Zusammengesetzte Verkehrsinformation, seit 20.05.2025, 10:04 A37: km 22.62 --> km 26.54  A37 Messe - Burgdorf
zwischen Kreuz Hannover-Buchholz und Beinhorn
in beiden Richtungen geänderte Verkehrsführung im Baustellenbereich, Bauarbeiten, bis 30.10.2026 ca. 18:00 Uhr",52.4256654784769,9.88047942587515
"A40","undefined--vi-avl.2025-05-22_06-18-00-000.f_003.de0","51.441853536350976,6.966013244635743,51.44637658025948,6.997192894984042","51.441853536350976,6.966013244635743","WARNING","A40 | Mülheim-Heimaterde - Ruhrschnellwegtunnel"," Duisburg -> Essen",1,"SLOW_TRAFFIC","39.099998474121094",2025-05-22,"Beginn: 22.05.25 um 06:18 Uhr  Angespannte Verkehrslage, seit 22.05.2025, 06:18 A40: Duisburg -> Essen, zwischen 1.3 km hinter AS Mülheim-Heimaterde und 0.3 km vor Ruhrschnellwegtunnel  Langsamer Verkehr Reisezeitverlust: 1 Minuten Durchschnittsgeschwindigkeit: 39 km/h",51.441853536351,6.96601324463574
"A40","undefined--vi-avl.2025-05-22_06-15-30-000.f.de0","51.47190151606747,7.115089167525236,51.46427258014906,7.066819170618419","51.47190151606747,7.115089167525236","WARNING","A40 | Bochum-Wattenscheid-West - Essen-Frillendorf"," Dortmund -> Duisburg",2,"SLOW_TRAFFIC","45.70000076293945",2025-05-22,"Beginn: 22.05.25 um 06:15 Uhr  Angespannte Verkehrslage, seit 22.05.2025, 06:15 A40: Dortmund -> Duisburg, zwischen 1.0 km hinter AS Bochum-Wattenscheid-West und 0.2 km vor AS Essen-Frillendorf  Langsamer Verkehr Reisezeitverlust: 2 Minuten Durchschnittsgeschwindigkeit: 45 km/h",51.4719015160675,7.11508916752524
"A40","undefined--vi-zus.2025-05-22_06-19-03-000.f.de0","51.49850380093342,7.217392599998143,51.497120238099484,7.201997310616766","51.49850380093342,7.217392599998143","WARNING","A40 | Bochum-Ruhrstadion - Bochum-Freudenbergstraße"," Dortmund -> Essen",0,"SLOW_TRAFFIC","58",2025-05-22,"Beginn: 22.05.25 um 06:19 Uhr  Zusammengesetzte Verkehrsinformation, seit 22.05.2025, 06:19 A40: Dortmund -> Essen, zwischen 1.2 km hinter AS Bochum-Ruhrstadion und AS Bochum-Freudenbergstraße  Langsamer Verkehr Reisezeitverlust: 0 Minuten Durchschnittsgeschwindigkeit: 58 km/h",51.4985038009334,7.21739259999814
"A44","undefined--vi-avl.2025-05-22_06-22-00-000.f.de0","51.59409238362908,8.608458587456386,51.597183574481946,8.57579940252212","51.59409238362908,8.608458587456386","WARNING","A44 | Wewelsburg - Steinhausen"," Kassel -> Dortmund",0,"SLOW_TRAFFIC","62.400001525878906",2025-05-22,"Beginn: 22.05.25 um 06:22 Uhr  Angespannte Verkehrslage, seit 22.05.2025, 06:22 A44: Kassel -> Dortmund, zwischen 2.7 km hinter Wewelsburg und 3.2 km vor Steinhausen  Langsamer Verkehr Reisezeitverlust: 0 Minuten Durchschnittsgeschwindigkeit: 62 km/h",51.5940923836291,8.60845858745639
"A44","undefined--vi-avl.2025-05-22_04-01-30-000.f_004.de0","51.490916017015124,9.0118234537432,51.53138000211589,8.900147016553184","51.490916017015124,9.0118234537432","WARNING","A44 | Diemelstadt - Blankenrode"," Kassel -> Dortmund",8,"QUEUING_TRAFFIC","44.29999923706055",2025-05-22,"Beginn: 22.05.25 um 04:01 Uhr  Angespannte Verkehrslage, seit 22.05.2025, 04:01 A44: Kassel -> Dortmund, zwischen 0.1 km hinter AS Diemelstadt und 2.2 km vor Blankenrode  Stockender Verkehr Reisezeitverlust: 8 Minuten Durchschnittsgeschwindigkeit: 44 km/h",51.4909160170151,9.0118234537432
"A45","undefined--vi-avl.2025-05-22_06-06-30-000.f.de0","51.268098873766306,7.601522512371728,51.268098873766306,7.601522512371728","51.268098873766306,7.601522512371728","WARNING","A45 | Sterbecker Siepen - Sterbecker Siepen"," Hagen -> Gießen",NA,"STATIONARY_TRAFFIC","4",2025-05-22,"Beginn: 22.05.25 um 06:20 Uhr  Angespannte Verkehrslage, seit 22.05.2025, 06:20 A45: Hagen -> Gießen, 0.1 km vor Sterbecker Siepen, aus Richtung Rehweg  Im Stillstand Durchschnittsgeschwindigkeit: 4 km/h",51.2680988737663,7.60152251237173
"A45","undefined--vi-avl.2025-05-22_06-06-30-000.f_004.de0","51.268285165910804,7.601473506748067,51.263860400934774,7.60281269999918","51.268285165910804,7.601473506748067","WARNING","A45 | Rehweg - Lüdenscheid-Nord"," Hagen -> Gießen",3,"STATIONARY_TRAFFIC","8.199999809265137",2025-05-22,"Beginn: 22.05.25 um 06:06 Uhr  Angespannte Verkehrslage, seit 22.05.2025, 06:06 A45: Hagen -> Gießen, zwischen Rehweg und 0.8 km vor AS Lüdenscheid-Nord  Im Stillstand Reisezeitverlust: 3 Minuten Durchschnittsgeschwindigkeit: 8 km/h",51.2682851659108,7.60147350674807
"A46","undefined--vi-avl.2025-05-22_06-20-30-000.f_003.de0","51.093908960006786,6.4859253782200765,51.09629226809304,6.495731638683917","51.093908960006786,6.4859253782200765","WARNING","A46 | Holz - Jüchen"," Heinsberg -> Düsseldorf",0,"SLOW_TRAFFIC","46.900001525878906",2025-05-22,"Beginn: 22.05.25 um 06:20 Uhr  Angespannte Verkehrslage, seit 22.05.2025, 06:20 A46: Heinsberg -> Düsseldorf, zwischen 0.6 km hinter AK Holz und 2.9 km vor AS Jüchen  Langsamer Verkehr Reisezeitverlust: 0 Minuten Durchschnittsgeschwindigkeit: 46 km/h",51.0939089600068,6.48592537822008
"A46","undefined--vi-avl.2025-05-22_06-17-30-000.f.de0","51.13850410093551,6.615241299993494,51.14882374381801,6.62824474915604","51.13850410093551,6.615241299993494","WARNING","A46 | Vierwinden - Neuss-Holzheim"," Heinsberg -> Düsseldorf",0,"SLOW_TRAFFIC","53.70000076293945",2025-05-22,"Beginn: 22.05.25 um 06:17 Uhr  Angespannte Verkehrslage, seit 22.05.2025, 06:17 A46: Heinsberg -> Düsseldorf, zwischen 1.4 km hinter Vierwinden und 2.3 km vor AS Neuss-Holzheim  Langsamer Verkehr Reisezeitverlust: 0 Minuten Durchschnittsgeschwindigkeit: 53 km/h",51.1385041009355,6.61524129999349
"A46","undefined--vi-avl.2025-05-22_06-19-30-000.f.de0","51.160657567667954,6.643258451287194,51.172306176930036,6.658890753207507","51.160657567667954,6.643258451287194","WARNING","A46 | Kapellen - Neuss-West"," Heinsberg -> Düsseldorf",0,"SLOW_TRAFFIC","63.900001525878906",2025-05-22,"Beginn: 22.05.25 um 06:19 Uhr  Angespannte Verkehrslage, seit 22.05.2025, 06:19 A46: Heinsberg -> Düsseldorf, zwischen 3.0 km hinter AS Kapellen und 1.1 km vor AK Neuss-West  Langsamer Verkehr Reisezeitverlust: 0 Minuten Durchschnittsgeschwindigkeit: 63 km/h",51.160657567668,6.64325845128719
"A52","undefined--vi-avl.2025-05-22_06-17-00-000.f_001.de0","51.21021217618649,6.374450062424409,51.2146380945251,6.393877934938278","51.21021217618649,6.374450062424409","WARNING","A52 | Mönchengladbach-Hardt - Wolfskull"," Roermond -> Düsseldorf",1,"SLOW_TRAFFIC","42.5",2025-05-22,"Beginn: 22.05.25 um 06:17 Uhr  Angespannte Verkehrslage, seit 22.05.2025, 06:17 A52: Roermond -> Düsseldorf, zwischen 2.0 km hinter AS Mönchengladbach-Hardt und 0.8 km vor Wolfskull  Langsamer Verkehr Reisezeitverlust: 1 Minuten Durchschnittsgeschwindigkeit: 42 km/h",51.2102121761865,6.37445006242441
"A57","undefined--vi-avl.2025-05-22_06-17-30-000.f_003.de0","51.33574446526613,6.625642872114154,51.31527733247665,6.632049872483555","51.33574446526613,6.625642872114154","WARNING","A57 | Krefeld-Zentrum - Geismühle"," Krefeld -> Köln",0,"SLOW_TRAFFIC","52",2025-05-22,"Beginn: 22.05.25 um 06:17 Uhr  Angespannte Verkehrslage, seit 22.05.2025, 06:17 A57: Krefeld -> Köln, zwischen 0.9 km hinter AS Krefeld-Zentrum und 0.3 km vor Geismühle  Langsamer Verkehr Reisezeitverlust: 0 Minuten Durchschnittsgeschwindigkeit: 52 km/h",51.3357444652661,6.62564287211415
"A60","undefined--vi-zus.2025-04-08_08-51-21-000.f_013.de0","49.98125533976677,8.345695317688524,49.97565770865279,8.441396718063045","49.98125533976677,8.345695317688524","WARNING","A60 | Mainspitz-Dreieck - Rüsselsheimer Dreieck"," Mainz -> Rüsselsheim",NA,NA,NA,2025-04-08,"Beginn: 08.04.25 um 08:51 Uhr  Zusammengesetzte Verkehrsinformation, seit 08.04.2025, 08:51 A60: Mainz -> Rüsselsheim, zwischen 0.5 km hinter AD Mainspitz-Dreieck und 2.2 km vor AD Rüsselsheimer Dreieck  Sperrung der A60 bei Königstädten – Grundhafte Fahrbahnerneuerung zwischen dem Rüsselsheimer Dreieck und dem Mainspitz Dreieck. Die Niederlassung West der Autobahn GmbH erneuert zwischen dem Rüsselsheimer Dreieck (30) und dem Mainspitz Dreieck (26) die Fahrbahn. Von Donnerstagmorgen (24. April) bis Mitte Juli wird die Anschlussstelle (AS) Königstädten (29) in Fahrtrichtung (FR) Mainz sowie in FR Rüsselsheimer Dreieck gesperrt. Umleitungsmöglichkeiten sind ausgeschildert: • Ausfahrt FR Mainz: Umleitung via AS Rüsselsheim-Mitte • Einfahrt FR Mainz: innerstädtische Umleitung zur AS Rüsselsheim-Mitte (Adam-Opel-Straße / Kurt-Schumacher-Ring), von Nauheim kommend via L3482 zur AS Bischofsheim • Einfahrt FR Darmstadt: innerstädtische Umleitung zur AS Rüsselsheim-Mitte (Adam-Opel-Straße / Kurt-Schumacher-Ring) Die Autobahn GmbH bittet alle Verkehrsteilnehmer um Verständnis für die unvermeidlichen Verkehrsbehinderungen, die durch die Arbeiten entstehen.",49.9812553397668,8.34569531768852
"A60","undefined--vi-avl.2025-05-22_06-20-30-000.f_007.de0","49.975994516586525,8.444405574895022,49.976259100941235,8.453442999999853","49.975994516586525,8.444405574895022","WARNING","A60 | Rüsselsheim-Königstädten - Rüsselsheimer Dreieck"," Mainz -> Rüsselsheim",0,"QUEUING_TRAFFIC","30.600000381469727",2025-05-22,"Beginn: 22.05.25 um 06:20 Uhr  Angespannte Verkehrslage, seit 22.05.2025, 06:20 A60: Mainz -> Rüsselsheim, zwischen 0.4 km hinter AS Rüsselsheim-Königstädten und 1.3 km vor AD Rüsselsheimer Dreieck  Stockender Verkehr Reisezeitverlust: 0 Minuten Durchschnittsgeschwindigkeit: 30 km/h",49.9759945165865,8.44440557489502
"A60","undefined--vi-zus.2025-05-03_10-55-00-000.f_003.de0","49.977457399447445,8.454646346787307,49.981587265039146,8.34517285786785","49.977457399447445,8.454646346787307","WARNING","A60 | Rüsselsheimer Dreieck - Mainspitz-Dreieck"," Rüsselsheim -> Mainz",NA,NA,NA,2025-05-03,"Beginn: 03.05.25 um 10:55 Uhr  Zusammengesetzte Verkehrsinformation, seit 03.05.2025, 10:55 A60: Rüsselsheim -> Mainz, zwischen 0.6 km hinter AD Rüsselsheimer Dreieck und 0.5 km vor AD Mainspitz-Dreieck  Sperrung der A60 bei Königstädten – Grundhafte Fahrbahnerneuerung zwischen dem Rüsselsheimer Dreieck und dem Mainspitz Dreieck. Die Niederlassung West der Autobahn GmbH erneuert zwischen dem Rüsselsheimer Dreieck (30) und dem Mainspitz Dreieck (26) die Fahrbahn. Von Donnerstagmorgen (24. April) bis Mitte Juli wird die Anschlussstelle (AS) Königstädten (29) in Fahrtrichtung (FR) Mainz sowie in FR Rüsselsheimer Dreieck gesperrt. Umleitungsmöglichkeiten sind ausgeschildert: • Ausfahrt FR Mainz: Umleitung via AS Rüsselsheim-Mitte • Einfahrt FR Mainz: innerstädtische Umleitung zur AS Rüsselsheim-Mitte (Adam-Opel-Straße / Kurt-Schumacher-Ring), von Nauheim kommend via L3482 zur AS Bischofsheim • Einfahrt FR Darmstadt: innerstädtische Umleitung zur AS Rüsselsheim-Mitte (Adam-Opel-Straße / Kurt-Schumacher-Ring) Die Autobahn GmbH bittet alle Verkehrsteilnehmer um Verständnis für die unvermeidlichen Verkehrsbehinderungen, die durch die Arbeiten entstehen.",49.9774573994474,8.45464634678731
"A60","undefined--vi-avl.2025-05-22_06-22-30-000.f_001.de0","49.975994516586525,8.444405574895022,49.975994516586525,8.444405574895022","49.975994516586525,8.444405574895022","WARNING","A60 | Rüsselsheimer Dreieck - Rüsselsheimer Dreieck"," Mainz -> Rüsselsheim",NA,"QUEUING_TRAFFIC","21",2025-05-22,"Beginn: 22.05.25 um 06:22 Uhr  Angespannte Verkehrslage, seit 22.05.2025, 06:22 A60: Mainz -> Rüsselsheim, 2.0 km vor AD Rüsselsheimer Dreieck, aus Richtung Rüsselsheim-Königstädten  Stockender Verkehr Durchschnittsgeschwindigkeit: 21 km/h",49.9759945165865,8.44440557489502
"A61","undefined--vi-avl.2025-05-22_06-13-00-000.f.de0","51.11941023614337,6.428641114230395,51.13247170525055,6.424027422731335","51.11941023614337,6.428641114230395","WARNING","A61 | Mönchengladbach-Güdderath - Mönchengladbach-Wickrath"," Koblenz -> Mönchengladbach",2,"STATIONARY_TRAFFIC","29.100000381469727",2025-05-22,"Beginn: 22.05.25 um 06:13 Uhr  Angespannte Verkehrslage, seit 22.05.2025, 06:13 A61: Koblenz -> Mönchengladbach, zwischen 0.1 km hinter AS Mönchengladbach-Güdderath und 0.9 km vor AS Mönchengladbach-Wickrath  Im Stillstand Reisezeitverlust: 2 Minuten Durchschnittsgeschwindigkeit: 29 km/h",51.1194102361434,6.42864111423039
"A61","undefined--vi-avl.2025-05-22_06-16-30-000.f_002.de0","51.11941023614337,6.428641114230395,51.11941023614337,6.428641114230395","51.11941023614337,6.428641114230395","WARNING","A61 | Mönchengladbach-Wickrath - Mönchengladbach-Wickrath"," Koblenz -> Mönchengladbach",NA,"STATIONARY_TRAFFIC","15",2025-05-22,"Beginn: 22.05.25 um 06:20 Uhr  Angespannte Verkehrslage, seit 22.05.2025, 06:20 A61: Koblenz -> Mönchengladbach, 2.4 km vor AS Mönchengladbach-Wickrath, aus Richtung Mönchengladbach-Güdderath  Im Stillstand Durchschnittsgeschwindigkeit: 15 km/h",51.1194102361434,6.42864111423039
"A63","undefined--vi-avl.2025-05-22_06-03-00-000.f.de0","49.94996192210414,8.222830349722459,49.96207300094132,8.236405799999783","49.94996192210414,8.222830349722459","WARNING","A63 | Klein-Winternheim - Mainz-Süd"," Kaiserslautern -> Mainz",2,"QUEUING_TRAFFIC","32.599998474121094",2025-05-22,"Beginn: 22.05.25 um 06:03 Uhr  Angespannte Verkehrslage, seit 22.05.2025, 06:03 A63: Kaiserslautern -> Mainz, zwischen 0.2 km hinter AS Klein-Winternheim und 0.3 km vor AK Mainz-Süd  Stockender Verkehr Reisezeitverlust: 2 Minuten Durchschnittsgeschwindigkeit: 32 km/h",49.9499619221041,8.22283034972246
"A63","undefined--vi-avl.2025-05-22_06-08-00-000.f_002.de0","49.94992313333919,8.222772224125066,49.94992313333919,8.222772224125066","49.94992313333919,8.222772224125066","WARNING","A63 | Mainz-Süd - Mainz-Süd"," Kaiserslautern -> Mainz",NA,"QUEUING_TRAFFIC","28",2025-05-22,"Beginn: 22.05.25 um 06:20 Uhr  Angespannte Verkehrslage, seit 22.05.2025, 06:20 A63: Kaiserslautern -> Mainz, 2.0 km vor AK Mainz-Süd, aus Richtung Klein-Winternheim  Stockender Verkehr Durchschnittsgeschwindigkeit: 28 km/h",49.9499231333392,8.22277222412507
"A64","undefined--vi-avl.2025-05-22_06-19-30-000.f_001.de0","49.735830397533654,6.529633378964453,49.745325092474225,6.557513547886324","49.735830397533654,6.529633378964453","WARNING","A64 | Sauertalbrücke - Markusberg"," Luxemburg -> Trier",0,"SLOW_TRAFFIC","71.5",2025-05-22,"Beginn: 22.05.25 um 06:19 Uhr  Angespannte Verkehrslage, seit 22.05.2025, 06:19 A64: Luxemburg -> Trier, zwischen 2.0 km hinter Sauertalbrücke und 1.9 km vor Markusberg  Langsamer Verkehr Reisezeitverlust: 0 Minuten Durchschnittsgeschwindigkeit: 71 km/h",49.7358303975337,6.52963337896445
"A64","undefined--vi-avl.2025-05-22_06-18-00-000.f_006.de0","49.79288038074947,6.649235474129901,49.79288038074947,6.649235474129901","49.79288038074947,6.649235474129901","WARNING","A64 | Trier - Trier"," Trier -> Luxemburg",NA,"SLOW_TRAFFIC","22",2025-05-22,"Beginn: 22.05.25 um 06:20 Uhr  Angespannte Verkehrslage, seit 22.05.2025, 06:20 A64: Trier -> Luxemburg, 4.2 km vor AS Trier, aus Richtung Anschluss B52-Trier  Langsamer Verkehr Durchschnittsgeschwindigkeit: 22 km/h",49.7928803807495,6.6492354741299
"A64","undefined--vi-avl.2025-05-22_06-17-30-000.f_004.de0","49.79288038074947,6.649235474129901,49.78726285734942,6.643645861000867","49.79288038074947,6.649235474129901","WARNING","A64 | Anschluss B52-Trier - Trier"," Trier -> Luxemburg",0,"SLOW_TRAFFIC","33.099998474121094",2025-05-22,"Beginn: 22.05.25 um 06:17 Uhr  Angespannte Verkehrslage, seit 22.05.2025, 06:17 A64: Trier -> Luxemburg, zwischen 0.7 km hinter Anschluss B52-Trier und 3.5 km vor AS Trier  Langsamer Verkehr Reisezeitverlust: 0 Minuten Durchschnittsgeschwindigkeit: 33 km/h",49.7928803807495,6.6492354741299
"A73","undefined--vi-avl.2025-05-22_05-22-30-000.f_005.de0","49.536102279189656,10.992596445471797,49.536102279189656,10.992596445471797","49.536102279189656,10.992596445471797","WARNING","A73 | Fuchswald - Fuchswald"," Bamberg -> Nürnberg",NA,"STATIONARY_TRAFFIC","15",2025-05-22,"Beginn: 22.05.25 um 06:20 Uhr  Angespannte Verkehrslage, seit 22.05.2025, 06:20 A73: Bamberg -> Nürnberg, 0.1 km vor Fuchswald, aus Richtung Erlangen-Eltersdorf  Im Stillstand Durchschnittsgeschwindigkeit: 15 km/h",49.5361022791897,10.9925964454718
"A73","undefined--vi-zus.2025-05-22_05-22-30-000.f_001.de0","49.536102279189656,10.992596445471797,49.514220247220535,10.992412671130316","49.536102279189656,10.992596445471797","WARNING","A73 | Erlangen-Eltersdorf - Fürth-Ronhof"," Bamberg -> Nürnberg",8,"STATIONARY_TRAFFIC","14.899999618530273",2025-05-22,"Beginn: 22.05.25 um 05:22 Uhr  Zusammengesetzte Verkehrsinformation, seit 22.05.2025, 05:22 A73: Bamberg -> Nürnberg, zwischen 0.5 km hinter AS Erlangen-Eltersdorf und 2.2 km vor AS Fürth-Ronhof  Im Stillstand Reisezeitverlust: 8 Minuten Durchschnittsgeschwindigkeit: 14 km/h",49.5361022791897,10.9925964454718
"A73","undefined--vi-avl.2025-05-22_06-16-00-000.f.de0","50.16462154779171,11.008700935982358,50.18299214055141,11.026248904097862","50.16462154779171,11.008700935982358","WARNING","A73 | Untersiemau - Ebersdorf b.Coburg"," Bamberg -> Suhl",1,"SLOW_TRAFFIC","58.599998474121094",2025-05-22,"Beginn: 22.05.25 um 06:16 Uhr  Angespannte Verkehrslage, seit 22.05.2025, 06:16 A73: Bamberg -> Suhl, zwischen 0.3 km hinter AS Untersiemau und 4.8 km vor AS Ebersdorf b.Coburg  Langsamer Verkehr Reisezeitverlust: 1 Minuten Durchschnittsgeschwindigkeit: 58 km/h",50.1646215477917,11.0087009359824
"A81","undefined--vi-avl.2025-05-22_06-19-30-000.f_002.de0","48.701135578932146,9.02674123347697,48.70806363551996,9.052228337885516","48.701135578932146,9.02674123347697","WARNING","A81 | Böblingen/Sindelfingen - Stuttgart"," Singen -> Stuttgart",0,"SLOW_TRAFFIC","55",2025-05-22,"Beginn: 22.05.25 um 06:19 Uhr  Angespannte Verkehrslage, seit 22.05.2025, 06:19 A81: Singen -> Stuttgart, zwischen 2.0 km hinter AS Böblingen/Sindelfingen und 3.1 km vor AK Stuttgart  Langsamer Verkehr Reisezeitverlust: 0 Minuten Durchschnittsgeschwindigkeit: 55 km/h",48.7011355789321,9.02674123347697
"A93","undefined--vi-avl.2025-05-22_06-21-30-000.f_001.de0","47.6071959801088,12.19713904604907,47.61034903604113,12.20044619449645","47.6071959801088,12.19713904604907","WARNING","A93 | Kiefersfelden - Inntal"," Kiefersfelden -> Rosenheim",0,"SLOW_TRAFFIC","19.5",2025-05-22,"Beginn: 22.05.25 um 06:21 Uhr  Angespannte Verkehrslage, seit 22.05.2025, 06:21 A93: Kiefersfelden -> Rosenheim, zwischen 0.4 km hinter Kiefersfelden und 0.2 km vor Inntal  Langsamer Verkehr Reisezeitverlust: 0 Minuten Durchschnittsgeschwindigkeit: 19 km/h",47.6071959801088,12.1971390460491
"A100","undefined--vi-avl.2025-05-22_06-15-30-000.f_001.de0","52.53182754752931,13.285744203665589,52.520929900929154,13.281998300092638","52.53182754752931,13.285744203665589","WARNING","A100 | Siemensdamm - Spandauer Damm"," Wedding -> Wilmersdorf",0,"SLOW_TRAFFIC","53.099998474121094",2025-05-22,"Beginn: 22.05.25 um 06:15 Uhr  Angespannte Verkehrslage, seit 22.05.2025, 06:15 A100: Wedding -> Wilmersdorf, zwischen 0.2 km hinter AS Siemensdamm und 0.3 km vor AS Spandauer Damm  Langsamer Verkehr Reisezeitverlust: 0 Minuten Durchschnittsgeschwindigkeit: 53 km/h",52.5318275475293,13.2857442036656
"A100","undefined--vi-avl.2025-05-22_06-22-30-000.f_003.de0","52.53295578813106,13.288165375524652,52.53295578813106,13.288165375524652","52.53295578813106,13.288165375524652","WARNING","A100 | Siemensdamm - Siemensdamm"," Wedding -> Wilmersdorf",NA,"SLOW_TRAFFIC","29",2025-05-22,"Beginn: 22.05.25 um 06:22 Uhr  Angespannte Verkehrslage, seit 22.05.2025, 06:22 A100: Wedding -> Wilmersdorf, in Höhe AS Siemensdamm, aus Richtung Charlottenburg  Langsamer Verkehr Durchschnittsgeschwindigkeit: 29 km/h",52.5329557881311,13.2881653755247
"A100","undefined--vi-avl.2025-05-22_06-20-30-000.f_004.de0","52.49127911708091,13.29546818263175,52.49127911708091,13.29546818263175","52.49127911708091,13.29546818263175","WARNING","A100 | Kurfürstendamm(Schwarzbacher Straße) - Kurfürstendamm(Schwarzbacher Straße)"," Wilmersdorf -> Wedding",NA,"SLOW_TRAFFIC","17",2025-05-22,"Beginn: 22.05.25 um 06:20 Uhr  Angespannte Verkehrslage, seit 22.05.2025, 06:20 A100: Wilmersdorf -> Wedding, 0.5 km vor AS Kurfürstendamm(Schwarzbacher Straße), aus Richtung Hohenzollerndamm  Langsamer Verkehr Durchschnittsgeschwindigkeit: 17 km/h",52.4912791170809,13.2954681826317
"A100","undefined--vi-avl.2025-05-22_05-33-30-000.f_002.de0","52.49127911708091,13.29546818263175,52.50335467975652,13.282017436448047","52.49127911708091,13.29546818263175","WARNING","A100 | Hohenzollerndamm - Kaiserdamm-Süd"," Wilmersdorf -> Wedding",2,"SLOW_TRAFFIC","30.799999237060547",2025-05-22,"Beginn: 22.05.25 um 05:35 Uhr  Angespannte Verkehrslage, seit 22.05.2025, 05:35 A100: Wilmersdorf -> Wedding, zwischen 0.5 km hinter AS Hohenzollerndamm und 0.8 km vor AS Kaiserdamm-Süd  Langsamer Verkehr Reisezeitverlust: 2 Minuten Durchschnittsgeschwindigkeit: 30 km/h",52.4912791170809,13.2954681826317
"A113","undefined--vi-zus.2025-05-22_04-29-30-000.f.de0","52.43548310093075,13.494446300119055,52.427430081232416,13.518107437510764","52.43548310093075,13.494446300119055","WARNING","A113 | Johannisthaler Chaussee - Rudower Höhe"," Neukölln -> Schönefeld",NA,NA,NA,2025-05-22,"Beginn: 22.05.25 um 04:29 Uhr  Zusammengesetzte Verkehrsinformation, seit 22.05.2025, 04:29 A113: Neukölln -> Schönefeld, zwischen 1.3 km hinter AS Johannisthaler Chaussee und 0.9 km vor Rudower Höhe  A113 Autobahnzubringer Dresden, Neukölln Richtung Schönefeld
zwischen Stubenrauchstraße und Tunnel Rudower Höhe
linker Fahrstreifen gesperrt, Bauarbeiten, bis voraussichtlich 20.06.2025",52.4354831009308,13.4944463001191
"A115","undefined--vi-zus.2024-10-09_07-09-40-000.f_531.de0","52.40027056808641,13.185163736426698,52.44227384698058,13.202709435405149","52.40027056808641,13.185163736426698","WARNING","A115 | Am Stern - Hüttenweg"," Dreieck Nuthetal -> Dreieck Funkturm",NA,NA,NA,2024-10-09,"Beginn: 09.10.24 um 07:09 Uhr  Zusammengesetzte Verkehrsinformation, seit 09.10.2024, 07:09 A115: Dreieck Nuthetal -> Dreieck Funkturm, zwischen 2.9 km hinter Am Stern und 3.8 km vor AS Hüttenweg  A115 Autobahnzubringer Magdeburg, Dreieck Nuthetal Richtung Dreieck Funkturm, zwischen Anschlussstelle Kleinmachnow und Anschlussstelle Spanische Allee, Baustelle, bis 31.10.2026 17:00 Uhr",52.4002705680864,13.1851637364267
"A115","undefined--vi-avl.2025-05-22_06-05-00-000.f.de0","52.39925764850916,13.184031871911735,52.4089589670027,13.194993785042493","52.39925764850916,13.184031871911735","WARNING","A115 | Am Stern - Dreilinden"," Dreieck Nuthetal -> Dreieck Funkturm",1,"QUEUING_TRAFFIC","28.299999237060547",2025-05-22,"Beginn: 22.05.25 um 06:05 Uhr  Angespannte Verkehrslage, seit 22.05.2025, 06:05 A115: Dreieck Nuthetal -> Dreieck Funkturm, zwischen 2.8 km hinter Am Stern und 0.8 km vor Dreilinden  Stockender Verkehr Reisezeitverlust: 1 Minuten Durchschnittsgeschwindigkeit: 28 km/h",52.3992576485092,13.1840318719117
"A115","undefined--vi-avl.2025-05-22_06-10-30-000.f_001.de0","52.3994893566551,13.184284245866367,52.3994893566551,13.184284245866367","52.3994893566551,13.184284245866367","WARNING","A115 | Kleinmachnow - Kleinmachnow"," Dreieck Nuthetal -> Dreieck Funkturm",NA,"QUEUING_TRAFFIC","16",2025-05-22,"Beginn: 22.05.25 um 06:20 Uhr  Angespannte Verkehrslage, seit 22.05.2025, 06:20 A115: Dreieck Nuthetal -> Dreieck Funkturm, 0.4 km vor AS Kleinmachnow, aus Richtung Am Stern  Stockender Verkehr Durchschnittsgeschwindigkeit: 16 km/h",52.3994893566551,13.1842842458664
"A255","undefined--vi-avl.2025-05-22_06-20-30-000.f_002.de0","53.525543897362304,10.02238736312761,53.525543897362304,10.02238736312761","53.525543897362304,10.02238736312761","WARNING","A255 | Hamburg-Veddel - Hamburg-Veddel"," Hamburg-Süd -> Neue Elbbrücken",NA,"SLOW_TRAFFIC","21",2025-05-22,"Beginn: 22.05.25 um 06:20 Uhr  Angespannte Verkehrslage, seit 22.05.2025, 06:20 A255: Hamburg-Süd -> Neue Elbbrücken, 0.3 km vor AS Hamburg-Veddel, aus Richtung Hamburg-Norderelbe  Langsamer Verkehr Durchschnittsgeschwindigkeit: 21 km/h",53.5255438973623,10.0223873631276
"A255","undefined--vi-avl.2025-05-22_06-22-30-000.f_002.de0","53.52473146671988,10.02261565898853,53.52473146671988,10.02261565898853","53.52473146671988,10.02261565898853","WARNING","A255 | Hamburg-Veddel - Hamburg-Veddel"," Hamburg-Süd -> Neue Elbbrücken",NA,"SLOW_TRAFFIC","16",2025-05-22,"Beginn: 22.05.25 um 06:22 Uhr  Angespannte Verkehrslage, seit 22.05.2025, 06:22 A255: Hamburg-Süd -> Neue Elbbrücken, 0.4 km vor AS Hamburg-Veddel, aus Richtung Hamburg-Norderelbe  Langsamer Verkehr Durchschnittsgeschwindigkeit: 16 km/h",53.5247314667199,10.0226156589885
"A261","undefined--vi-avl.2025-05-22_06-12-00-000.f_001.de0","53.37574735506742,9.85987502013279,53.377974653862594,9.864132667427373","53.37574735506742,9.85987502013279","WARNING","A261 | Buchholzer Dreieck - Rosengarten-Ost"," Buchholzer Dreieck -> Hamburg-Südwest",0,"QUEUING_TRAFFIC","36.79999923706055",2025-05-22,"Beginn: 22.05.25 um 06:12 Uhr  Angespannte Verkehrslage, seit 22.05.2025, 06:12 A261: Buchholzer Dreieck -> Hamburg-Südwest, zwischen 0.5 km hinter AD Buchholzer Dreieck und 1.1 km vor Rosengarten-Ost  Stockender Verkehr Reisezeitverlust: 0 Minuten Durchschnittsgeschwindigkeit: 36 km/h",53.3757473550674,9.85987502013279
"A261","undefined--vi-avl.2025-05-22_06-14-30-000.f.de0","53.37574735506742,9.85987502013279,53.37574735506742,9.85987502013279","53.37574735506742,9.85987502013279","WARNING","A261 | Rosengarten-Ost - Rosengarten-Ost"," Buchholzer Dreieck -> Hamburg-Südwest",NA,"QUEUING_TRAFFIC","29",2025-05-22,"Beginn: 22.05.25 um 06:20 Uhr  Angespannte Verkehrslage, seit 22.05.2025, 06:20 A261: Buchholzer Dreieck -> Hamburg-Südwest, 1.4 km vor Rosengarten-Ost, aus Richtung Buchholzer Dreieck  Stockender Verkehr Durchschnittsgeschwindigkeit: 29 km/h",53.3757473550674,9.85987502013279
"A555","undefined--vi-avl.2025-05-22_06-22-30-000.f_006.de0","50.74498355595534,7.075662566611362,50.74498355595534,7.075662566611362","50.74498355595534,7.075662566611362","WARNING","A555 | Bonn-Zentrum - Bonn-Zentrum"," Köln -> Bonn",NA,"QUEUING_TRAFFIC","8",2025-05-22,"Beginn: 22.05.25 um 06:22 Uhr  Angespannte Verkehrslage, seit 22.05.2025, 06:22 A555: Köln -> Bonn, 0.2 km vor Bonn-Zentrum, aus Richtung Bonn-Nord  Stockender Verkehr Durchschnittsgeschwindigkeit: 8 km/h",50.7449835559553,7.07566256661136
"A559","undefined--vi-hind.2025-05-22_06-10-30-000.f_001.de0","50.90744646805388,7.0601051072653105,50.9134756009367,7.03122229999717","50.90744646805388,7.0601051072653105","WARNING","A559 | Köln-Porz - Köln-Gremberg"," Köln-Porz -> Köln-Gremberg",NA,NA,NA,2025-05-22,"Beginn: 22.05.25 um 06:10 Uhr  Fahrzeug-Hindernis, seit 22.05.2025, 06:10 A559: Köln-Porz -> Köln-Gremberg, zwischen 0.8 km hinter AD Köln-Porz und 0.5 km vor AK Köln-Gremberg Gefahr durch ein defektes Fahrzeug auf der Fahrbahn",50.9074464680539,7.06010510726531
"A620","undefined--vi-zus.2025-05-22_06-12-30-000.f.de0","49.25187556176926,6.833286480843782,49.24171213484885,6.841363528965341","49.25187556176926,6.833286480843782","WARNING","A620 | Völklingen-Wehrden - Völklingen-Geislautern"," Saarlouis -> Saarbrücken",1,"SLOW_TRAFFIC","35.20000076293945",2025-05-22,"Beginn: 22.05.25 um 06:12 Uhr  Zusammengesetzte Verkehrsinformation, seit 22.05.2025, 06:12 A620: Saarlouis -> Saarbrücken, zwischen 0.1 km hinter AS Völklingen-Wehrden und 0.5 km vor AS Völklingen-Geislautern  Langsamer Verkehr Reisezeitverlust: 1 Minuten Durchschnittsgeschwindigkeit: 35 km/h",49.2518755617693,6.83328648084378
"A620","undefined--vi-avl.2025-05-22_06-12-30-000.f_006.de0","49.251929510003364,6.833285190327168,49.251929510003364,6.833285190327168","49.251929510003364,6.833285190327168","WARNING","A620 | Völklingen-Geislautern - Völklingen-Geislautern"," Saarlouis -> Saarbrücken",NA,"SLOW_TRAFFIC","20",2025-05-22,"Beginn: 22.05.25 um 06:20 Uhr  Angespannte Verkehrslage, seit 22.05.2025, 06:20 A620: Saarlouis -> Saarbrücken, 1.9 km vor AS Völklingen-Geislautern, aus Richtung Völklingen-Wehrden  Langsamer Verkehr Durchschnittsgeschwindigkeit: 20 km/h",49.2519295100034,6.83328519032717
"A861","undefined--vi-avl.2025-05-22_05-43-30-000.f_003.de0","47.55518988331812,7.757305273817271,47.55518988331812,7.757305273817271","47.55518988331812,7.757305273817271","WARNING","A861 | Rheinfelden-Süd - Rheinfelden-Süd"," Dreieck Hochrhein -> Grenzübergang Rheinfelden",NA,"STATIONARY_TRAFFIC","5",2025-05-22,"Beginn: 22.05.25 um 06:20 Uhr  Angespannte Verkehrslage, seit 22.05.2025, 06:20 A861: Dreieck Hochrhein -> Grenzübergang Rheinfelden, 0.6 km vor AS Rheinfelden-Süd, aus Richtung Rheinfelden-Mitte  Im Stillstand Durchschnittsgeschwindigkeit: 5 km/h",47.5551898833181,7.75730527381727
"A861","undefined--vi-avl.2025-05-22_05-34-00-000.f.de0","47.55511799133816,7.757300157225339,47.548363300948715,7.758275399999488","47.55511799133816,7.757300157225339","WARNING","Baustelle"," km 0.75 --> km -0.00",5,"STATIONARY_TRAFFIC","7.400000095367432",2025-05-22,"Beginn: 22.05.25 um 05:36 Uhr  Angespannte Verkehrslage, seit 22.05.2025, 05:36 A861: km 0.75 --> km -0.00  Im Stillstand Reisezeitverlust: 5 Minuten Durchschnittsgeschwindigkeit: 7 km/h",47.5551179913382,7.75730015722534
"A99a","undefined--vi-avl.2025-05-22_06-21-30-000.f.de0","48.2112162009473,11.385869400008223,48.20630213274445,11.397049246404086","48.2112162009473,11.385869400008223","WARNING","Baustelle"," km 99.80 --> km 100.83",0,"SLOW_TRAFFIC","49.099998474121094",2025-05-22,"Beginn: 22.05.25 um 06:21 Uhr  Angespannte Verkehrslage, seit 22.05.2025, 06:21 A99: km 99.80 --> km 100.83  Langsamer Verkehr Reisezeitverlust: 0 Minuten Durchschnittsgeschwindigkeit: 49 km/h",48.2112162009473,11.3858694000082
