"road","identifier","extent","point","display_type","title","subtitle","delay_minutes","abnormalTrafficType","averageSpeed","startTimestamp","description","latitude","longitude"
"A1","undefined--vi-zus.2025-05-19_19-00-30-000.f.de0","50.77119060076105,6.822210637995976,50.778206123286466,6.813843634686109","50.77119060076105,6.822210637995976","WARNING","A1 | Weilerswist-West - Erftstadt"," Euskirchen -> Köln",2,"STATIONARY_TRAFFIC","19.100000381469727",2025-05-19,"Beginn: 19.05.25 um 19:00 Uhr  Zusammengesetzte Verkehrsinformation, seit 19.05.2025, 19:00 A1: Euskirchen -> Köln, zwischen 2.3 km hinter AS Weilerswist-West und 3.1 km vor AS Erftstadt  Gefahr durch eine ungesicherte Unfallstelle  Im Stillstand Reisezeitverlust: 2 Minuten Durchschnittsgeschwindigkeit: 19 km/h",50.7711906007611,6.82221063799598
"A1","undefined--vi-avl.2025-05-19_19-08-30-000.f_001.de0","50.77097753425356,6.822264293139035,50.77097753425356,6.822264293139035","50.77097753425356,6.822264293139035","WARNING","A1 | Bliesheim - Bliesheim"," Euskirchen -> Köln",NA,"STATIONARY_TRAFFIC","11",2025-05-19,"Beginn: 19.05.25 um 19:22 Uhr  Angespannte Verkehrslage, seit 19.05.2025, 19:22 A1: Euskirchen -> Köln, 0.1 km vor AK Bliesheim, aus Richtung Weilerswist-West  Im Stillstand Durchschnittsgeschwindigkeit: 11 km/h",50.7709775342536,6.82226429313904
"A1","undefined--vi-hind.2025-05-19_19-09-00-000.f.de0","51.38625408373312,7.438717886623495,51.388638526962296,7.439837922679577","51.38625408373312,7.438717886623495","WARNING","A1 | Hagen-West - Vorhalle"," Köln -> Dortmund",NA,NA,NA,2025-05-19,"Beginn: 19.05.25 um 19:09 Uhr  Hindernis, seit 19.05.2025, 19:09 A1: Köln -> Dortmund, zwischen AS Hagen-West und Vorhalle  Gefahr durch eine ungesicherte Unfallstelle",51.3862540837331,7.4387178866235
"A1","undefined--vi-hind.2025-05-19_18-46-30-000.f_010.de0","50.776213223978836,6.815825922535557,50.78395131792298,6.8095991837054175","50.776213223978836,6.815825922535557","WARNING","A1 | Bliesheim - Erftstadt"," Koblenz -> Mönchengladbach",NA,NA,NA,2025-05-19,"Beginn: 19.05.25 um 18:46 Uhr  Hindernis, seit 19.05.2025, 18:46 A61: Koblenz -> Mönchengladbach, zwischen 0.7 km hinter AK Bliesheim und 2.4 km vor AS Erftstadt  Gefahr durch eine ungesicherte Unfallstelle",50.7762132239788,6.81582592253556
"A1","undefined--vi-zus.2025-05-19_17-51-43-000.f_007.de0","52.39551064130419,8.037766277704574,52.34620660446475,8.02591068504359","52.39551064130419,8.037766277704574","WARNING","A1 | Bramsche - Osnabrück-Nord"," Bremen -> Osnabrück",NA,NA,NA,2025-05-19,"Beginn: 19.05.25 um 17:51 Uhr  Zusammengesetzte Verkehrsinformation, seit 19.05.2025, 17:51 A1: Bremen -> Osnabrück, zwischen 2.8 km hinter Bramsche und 0.6 km vor AS Osnabrück-Nord  A1 Bremen Richtung Osnabrück
zwischen Bramsche und Osnabrück-Nord
Gefahr durch defekten LKW auf dem Standstreifen, Polizei ist vor Ort",52.3955106413042,8.03776627770457
"A1","undefined--vi-hind.2025-05-19_18-02-54-000.f_003.de0","53.03696107801081,8.87866126857271,53.03186316790085,8.865163672744965","53.03696107801081,8.87866126857271","WARNING","A1 | Bremen-Hemelingen - Bremen-Arsten"," Bremen -> Osnabrück",NA,NA,NA,2025-05-19,"Beginn: 19.05.25 um 18:02 Uhr  Fahrzeug-Hindernis, seit 19.05.2025, 18:02 A1: Bremen -> Osnabrück, zwischen 0.6 km hinter AS Bremen-Hemelingen und 0.5 km vor AS Bremen-Arsten Gefahr durch ein defektes Fahrzeug auf der Fahrbahn",53.0369610780108,8.87866126857271
"A1","undefined--vi-zus.2025-05-19_11-40-25-000.f_019.de0","53.02745071811959,8.944811196835248,53.031460453437994,8.864211532227444","53.02745071811959,8.944811196835248","WARNING","A1 | Uphusen/Bremen-Mahndorf - Bremen-Arsten"," Hamburg -> Osnabrück",3,"SLOW_TRAFFIC","53.5",2025-05-19,"Beginn: 19.05.25 um 11:40 Uhr  Zusammengesetzte Verkehrsinformation, seit 19.05.2025, 11:40 A1: Hamburg -> Osnabrück, zwischen 1.3 km hinter AS Uphusen/Bremen-Mahndorf und 0.4 km vor AS Bremen-Arsten  Langsamer Verkehr Reisezeitverlust: 3 Minuten Durchschnittsgeschwindigkeit: 53 km/h",53.0274507181196,8.94481119683525
"A1","undefined--vi-avl.2025-05-19_11-40-25-000.f_010.de0","53.886207771998954,10.666973091228087,53.902213762805886,10.682958919328334","53.886207771998954,10.666973091228087","WARNING","A1 | Lübeck-Zentrum - Bad Schwartau"," Lübeck -> Fehmarn",1,"SLOW_TRAFFIC","50.70000076293945",2025-05-19,"Beginn: 19.05.25 um 11:40 Uhr  Angespannte Verkehrslage, seit 19.05.2025, 11:40 A1: Lübeck -> Fehmarn, zwischen 0.6 km hinter AS Lübeck-Zentrum und 0.6 km vor AS Bad Schwartau  Langsamer Verkehr Reisezeitverlust: 1 Minuten Durchschnittsgeschwindigkeit: 50 km/h",53.886207771999,10.6669730912281
"A2","undefined--vi-hind.2025-05-19_18-22-32-000.f_005.de0","51.85135446132515,8.316609550100424,51.85765250093121,8.331170299999766","51.85135446132515,8.316609550100424","WARNING","A2 | Herzebrock-Clarholz - Gütersloh"," Dortmund -> Hannover",NA,NA,NA,2025-05-19,"Beginn: 19.05.25 um 18:22 Uhr  Hindernis, seit 19.05.2025, 18:22 A2: Dortmund -> Hannover, zwischen 7.1 km hinter AS Herzebrock-Clarholz und 2.8 km vor Gütersloh  Gefahr durch eine ungesicherte Unfallstelle",51.8513544613252,8.31660955010042
"A2","undefined--vi-hind.2025-05-19_19-00-00-000.f_001.de0","52.23223784058388,9.243723844994786,52.23186189485302,9.241281800439054","52.23223784058388,9.243723844994786","WARNING","A2 | Rehren - Auetal Süd"," Hannover -> Dortmund",NA,NA,NA,2025-05-19,"Beginn: 19.05.25 um 19:00 Uhr  Fahrzeug-Hindernis, seit 19.05.2025, 19:00 A2: Hannover -> Dortmund, zwischen 0.1 km hinter AS Rehren und 1.3 km vor Auetal Süd Gefahr durch ein defektes Fahrzeug auf der Fahrbahn",52.2322378405839,9.24372384499479
"A2","undefined--vi-hind.2025-05-19_17-34-22-000.f_007.de0","52.3654099842937,10.091827750491026,52.3654099842937,10.091827750491026","52.3654099842937,10.091827750491026","WARNING","A2 | Hämelerwald - Lehrte-Ost"," Braunschweig -> Hannover",NA,NA,NA,2025-05-19,"Beginn: 19.05.25 um 17:34 Uhr  Hindernis, seit 19.05.2025, 17:34 A2: Braunschweig -> Hannover, zwischen 2.0 km hinter AS Hämelerwald und 5.4 km vor AS Lehrte-Ost  Gefahr durch Gegenstände auf der Fahrbahn",52.3654099842937,10.091827750491
"A3","undefined--vi-avl.2025-05-19_18-23-51-000.f.de0","48.53549095121257,13.400067954734764,48.544832884359586,13.398241390042775","48.53549095121257,13.400067954734764","WARNING","A3 | Rottal-Ost - Hammerbach"," Linz -> Nürnberg",0,"SLOW_TRAFFIC","64.69999694824219",2025-05-19,"Beginn: 19.05.25 um 18:23 Uhr  Angespannte Verkehrslage, seit 19.05.2025, 18:23 A3: Linz -> Nürnberg, zwischen 8.9 km hinter Rottal-Ost und 1.8 km vor Hammerbach  Langsamer Verkehr Reisezeitverlust: 0 Minuten Durchschnittsgeschwindigkeit: 64 km/h",48.5354909512126,13.4000679547348
"A3","undefined--vi-hind.2025-05-19_19-10-04-000.f_001.de0","48.60830450094819,13.367332500181792,48.66163950094772,13.267881200159557","48.60830450094819,13.367332500181792","WARNING","A3 | Passau-Nord - Aicha vorm Wald"," Passau -> Nürnberg",NA,NA,NA,2025-05-19,"Beginn: 19.05.25 um 19:10 Uhr  Fahrzeug-Hindernis, seit 19.05.2025, 19:10 A3: Passau -> Nürnberg, zwischen 0.4 km hinter AS Passau-Nord und 0.7 km vor AS Aicha vorm Wald Gefahr durch ein defektes Fahrzeug auf der Fahrbahn",48.6083045009482,13.3673325001818
"A3","undefined--vi-avl.2025-05-19_19-05-05-000.f.de0","48.776983418638395,13.029309992218012,48.787044434568436,13.01318670527899","48.776983418638395,13.029309992218012","WARNING","A3 | Hengersberg - Seebach"," Passau -> Nürnberg",1,"SLOW_TRAFFIC","47.599998474121094",2025-05-19,"Beginn: 19.05.25 um 19:05 Uhr  Angespannte Verkehrslage, seit 19.05.2025, 19:05 A3: Passau -> Nürnberg, zwischen 1.1 km hinter AS Hengersberg und 0.2 km vor Seebach  Langsamer Verkehr Reisezeitverlust: 1 Minuten Durchschnittsgeschwindigkeit: 47 km/h",48.7769834186384,13.029309992218
"A3","undefined--vi-hind.2025-05-19_17-57-57-000.f_004.de0","49.56017520094296,10.98214190000313,49.565889653655304,10.945113179978012","49.56017520094296,10.98214190000313","WARNING","A3 | Fürth/Erlangen - Erlangen-Frauenaurach"," Nürnberg -> Würzburg",NA,NA,NA,2025-05-19,"Beginn: 19.05.25 um 17:57 Uhr  Fahrzeug-Hindernis, seit 19.05.2025, 17:57 A3: Nürnberg -> Würzburg, zwischen 0.7 km hinter AK Fürth/Erlangen und 0.1 km vor AS Erlangen-Frauenaurach Gefahr durch ein defektes Fahrzeug auf der Fahrbahn",49.560175200943,10.9821419000031
"A3","undefined--vi-hind.2025-05-19_18-54-06-000.f_003.de0","49.74850700094221,9.824114900000247,49.74927928788507,9.835175368572209","49.74850700094221,9.824114900000247","WARNING","A3 | Würzburg-West - Würzburg/Kist"," Frankfurt -> Würzburg",NA,NA,NA,2025-05-19,"Beginn: 19.05.25 um 18:54 Uhr  Hindernis, seit 19.05.2025, 18:54 A3: Frankfurt -> Würzburg, zwischen 0.4 km hinter AD Würzburg-West und 0.7 km vor AS Würzburg/Kist  Gefahr durch Gegenstände auf der Fahrbahn",49.7485070009422,9.82411490000025
"A3","undefined--vi-hind.2025-05-19_19-02-05-000.f_001.de0","49.98605295565739,9.258094048010308,49.93618220094141,9.347012000000095","49.98605295565739,9.258094048010308","WARNING","A3 | Bessenbach/Waldaschaff - Rohrbrunn"," Frankfurt -> Würzburg",NA,NA,NA,2025-05-19,"Beginn: 19.05.25 um 19:02 Uhr  Fahrzeug-Hindernis, seit 19.05.2025, 19:02 A3: Frankfurt -> Würzburg, zwischen 0.2 km hinter AS Bessenbach/Waldaschaff und 5.5 km vor AS Rohrbrunn Gefahr durch ein defektes Fahrzeug auf der Fahrbahn",49.9860529556574,9.25809404801031
"A3","undefined--vi-unf.2025-05-19_14-53-38-000.f_006.de0","51.484704292038444,6.813453334278177,51.47765520881588,6.814112019102328","51.484704292038444,6.813453334278177","WARNING","A3 | Oberhausen-West - Oberhausen-Lirich"," Oberhausen -> Köln",NA,NA,NA,2025-05-19,"Beginn: 19.05.25 um 14:53 Uhr  Unfall, seit 19.05.2025, 14:53 A3: Oberhausen -> Köln, zwischen 0.3 km hinter AK Oberhausen-West und 0.2 km vor AS Oberhausen-Lirich",51.4847042920384,6.81345333427818
"A3","undefined--vi-unf.2025-05-19_14-53-38-000.f_005.de0","51.49162670093345,6.816839799995747,51.47591440093357,6.814881199995714","51.49162670093345,6.816839799995747","WARNING","A3 | Oberhausen-Holten - Oberhausen-Lirich"," Arnheim -> Köln",NA,NA,NA,2025-05-19,"Beginn: 19.05.25 um 14:53 Uhr  Unfall, seit 19.05.2025, 14:53 A3: Arnheim -> Köln, zwischen 2.5 km hinter AS Oberhausen-Holten und AS Oberhausen-Lirich",51.4916267009335,6.81683979999575
"A3","undefined--vi-avl.2025-05-19_19-17-30-000.f.de0","51.503724941062416,6.822646701434867,51.49162670093345,6.816839799995747","51.503724941062416,6.822646701434867","WARNING","A3 | Oberhausen-Holten - Oberhausen-West"," Arnheim -> Köln",1,"SLOW_TRAFFIC","43",2025-05-19,"Beginn: 19.05.25 um 19:19 Uhr  Angespannte Verkehrslage, seit 19.05.2025, 19:19 A3: Arnheim -> Köln, zwischen 1.1 km hinter AS Oberhausen-Holten und 0.5 km vor AK Oberhausen-West  Langsamer Verkehr Reisezeitverlust: 1 Minuten Durchschnittsgeschwindigkeit: 43 km/h",51.5037249410624,6.82264670143487
"A4","undefined--vi-avl.2025-05-19_19-15-30-000.f.de0","50.89874118063319,6.9085534601752485,50.89316000527723,6.920859172864368","50.89874118063319,6.9085534601752485","WARNING","A4 | Köln-West - Köln-Eifeltor"," Heerlen/Aachen -> Köln",0,"SLOW_TRAFFIC","57.79999923706055",2025-05-19,"Beginn: 19.05.25 um 19:15 Uhr  Angespannte Verkehrslage, seit 19.05.2025, 19:15 A4: Heerlen/Aachen -> Köln, zwischen 5.4 km hinter AK Köln-West und 0.4 km vor AS Köln-Eifeltor  Langsamer Verkehr Reisezeitverlust: 0 Minuten Durchschnittsgeschwindigkeit: 57 km/h",50.8987411806332,6.90855346017525
"A4","undefined--vi-hind.2025-05-19_19-19-06-000.f.de0","50.95065173820504,7.147408787904079,50.950355981786586,7.14528324063846","50.95065173820504,7.147408787904079","WARNING","A4 | Bergisch Gladbach-Bensberg - Bergisch Gladbach-Frankenforst"," Olpe -> Köln",NA,NA,NA,2025-05-19,"Beginn: 19.05.25 um 19:19 Uhr  Hindernis, seit 19.05.2025, 19:19 A4: Olpe -> Köln, zwischen 2.2 km hinter AS Bergisch Gladbach-Bensberg und 1.2 km vor AS Bergisch Gladbach-Frankenforst  Gefahr durch Gegenstände auf der Fahrbahn",50.950651738205,7.14740878790408
"A4","undefined--vi-hind.2025-05-19_18-46-30-000.f_007.de0","51.00593444555399,10.190056054042438,51.00529100093622,10.265013700000614","51.00593444555399,10.190056054042438","WARNING","A4 | Werratal - Eisenach-West"," Bad Hersfeld -> Erfurt",NA,NA,NA,2025-05-19,"Beginn: 19.05.25 um 18:46 Uhr  Hindernis, seit 19.05.2025, 18:46 A4: Bad Hersfeld -> Erfurt, zwischen 0.6 km hinter Werratal und 0.2 km vor AS Eisenach-West  Gefahr durch Gegenstände auf der Fahrbahn",51.005934445554,10.1900560540424
"A4","undefined--vi-zus.2025-05-19_11-40-25-000.f_015.de0","51.18099831276574,15.008285421001823,51.18766930692515,14.986853719872379","51.18099831276574,15.008285421001823","WARNING","A4 | Ludwigsdorf - Görlitz"," Görlitz -> Dresden",4,"SLOW_TRAFFIC","14.699999809265137",2025-05-19,"Beginn: 19.05.25 um 11:40 Uhr  Zusammengesetzte Verkehrsinformation, seit 19.05.2025, 11:40 A4: Görlitz -> Dresden, zwischen Ludwigsdorf und 2.0 km vor AS Görlitz  Langsamer Verkehr Reisezeitverlust: 4 Minuten Durchschnittsgeschwindigkeit: 14 km/h",51.1809983127657,15.0082854210018
"A5","undefined--vi-zus.2025-05-19_18-39-18-000.f_001.de0","47.768512454524135,7.537681907261337,47.784423921524144,7.536589853661793","47.768512454524135,7.537681907261337","WARNING","A5 | Galgenloch - Blauenblick"," Basel -> Karlsruhe",4,"STATIONARY_TRAFFIC","18.299999237060547",2025-05-19,"Beginn: 19.05.25 um 18:39 Uhr  Zusammengesetzte Verkehrsinformation, seit 19.05.2025, 18:39 A5: Basel -> Karlsruhe, zwischen 2.7 km hinter Galgenloch und 0.5 km vor Blauenblick  Im Stillstand Reisezeitverlust: 4 Minuten Durchschnittsgeschwindigkeit: 18 km/h",47.7685124545241,7.53768190726134
"A5","undefined--vi-unf.2025-05-19_18-46-30-000.f.de0","47.784415033764276,7.53658778740455,47.814678300948195,7.553525299999106","47.784415033764276,7.53658778740455","WARNING","A5 | Neuenburg - Neuenburg"," Basel -> Karlsruhe",NA,NA,NA,2025-05-19,"Beginn: 19.05.25 um 18:46 Uhr  Unfall, seit 19.05.2025, 18:46 A5: Basel -> Karlsruhe, zwischen 0.9 km hinter AD Neuenburg und 1.9 km vor Neuenburg",47.7844150337643,7.53658778740455
"A5","undefined--vi-unf.2025-05-19_19-12-00-000.f.de0","47.784415033764276,7.53658778740455,47.814678300948195,7.553525299999106","47.784415033764276,7.53658778740455","WARNING","A5 | Neuenburg - Neuenburg"," Basel -> Karlsruhe",NA,NA,NA,2025-05-19,"Beginn: 19.05.25 um 19:12 Uhr  Unfall, seit 19.05.2025, 19:12 A5: Basel -> Karlsruhe, zwischen 0.9 km hinter AD Neuenburg und 1.9 km vor Neuenburg",47.7844150337643,7.53658778740455
"A5","undefined--vi-avl.2025-05-19_18-50-05-000.f_002.de0","47.76861702213785,7.537642110923779,47.76861702213785,7.537642110923779","47.76861702213785,7.537642110923779","WARNING","A5 | Neuenburg - Neuenburg"," Basel -> Karlsruhe",NA,"STATIONARY_TRAFFIC","18",2025-05-19,"Beginn: 19.05.25 um 19:22 Uhr  Angespannte Verkehrslage, seit 19.05.2025, 19:22 A5: Basel -> Karlsruhe, 0.9 km vor AD Neuenburg, aus Richtung Galgenloch  Im Stillstand Durchschnittsgeschwindigkeit: 18 km/h",47.7686170221379,7.53764211092378
"A5","undefined--vi-hind.2025-05-19_19-03-00-000.f_001.de0","50.15302637421426,8.600753501026363,50.13809250094052,8.592524999999887","50.15302637421426,8.600753501026363","WARNING","A5 | Taunusblick - Nordwestkreuz Frankfurt am Main"," Kassel -> Frankfurt",NA,NA,NA,2025-05-19,"Beginn: 19.05.25 um 19:03 Uhr  Hindernis, seit 19.05.2025, 19:03 A5: Kassel -> Frankfurt, zwischen 0.2 km hinter Taunusblick und 0.4 km vor AK Nordwestkreuz Frankfurt am Main  Gefahr durch eine ungesicherte Unfallstelle  Gefahr durch Gegenstände auf der Fahrbahn",50.1530263742143,8.60075350102636
"A6","undefined--vi-avl.2025-05-19_19-22-30-000.f_003.de0","49.207899036942486,6.96520537646557,49.207899036942486,6.96520537646557","49.207899036942486,6.96520537646557","WARNING","A6 | Saarbrücken Autobahn - Saarbrücken Autobahn"," Kaiserslautern -> Metz/Saarbrücken",NA,"QUEUING_TRAFFIC","9",2025-05-19,"Beginn: 19.05.25 um 19:22 Uhr  Angespannte Verkehrslage, seit 19.05.2025, 19:22 A6: Kaiserslautern -> Metz/Saarbrücken, 0.1 km vor Saarbrücken Autobahn, aus Richtung Goldene Bremm  Stockender Verkehr Durchschnittsgeschwindigkeit: 9 km/h",49.2078990369425,6.96520537646557
"A6","undefined--vi-hind.2025-05-19_17-43-55-000.f_003.de0","49.345806791791304,7.308638386878589,49.34884603745126,7.314585476243521","49.345806791791304,7.308638386878589","WARNING","A6 | Homburg - Waldmohr"," Metz/Saarbrücken -> Kaiserslautern",NA,NA,NA,2025-05-19,"Beginn: 19.05.25 um 17:43 Uhr  Hindernis, seit 19.05.2025, 17:43 A6: Metz/Saarbrücken -> Kaiserslautern, zwischen 0.7 km hinter AS Homburg und 4.5 km vor AS Waldmohr  Gefahr durch Gegenstände auf der Fahrbahn",49.3458067917913,7.30863838687859
"A6","undefined--vi-hind.2025-05-19_19-15-30-000.f.de0","49.34341893663582,7.30366528974762,49.312629978084004,7.257547187666177","49.34341893663582,7.30366528974762","WARNING","A6 | Homburg Saar - Neunkirchen"," Kaiserslautern -> Metz/Saarbrücken",NA,NA,NA,2025-05-19,"Beginn: 19.05.25 um 19:15 Uhr  Fahrzeug-Hindernis, seit 19.05.2025, 19:15 A6: Kaiserslautern -> Metz/Saarbrücken, zwischen 0.6 km hinter Homburg Saar und 0.4 km vor AK Neunkirchen Gefahr durch ein defektes Fahrzeug auf der Fahrbahn",49.3434189366358,7.30366528974762
"A6","undefined--vi-avl.2025-05-19_19-18-00-000.f.de0","49.44390369963293,8.540829904672838,49.41571727130535,8.547804692478394","49.44390369963293,8.540829904672838","WARNING","A6 | Mannheim - Mannheim/Schwetzingen"," Mannheim -> Heilbronn",1,"SLOW_TRAFFIC","67.0999984741211",2025-05-19,"Beginn: 19.05.25 um 19:18 Uhr  Angespannte Verkehrslage, seit 19.05.2025, 19:18 A6: Mannheim -> Heilbronn, zwischen 2.0 km hinter AK Mannheim und 0.9 km vor AS Mannheim/Schwetzingen  Langsamer Verkehr Reisezeitverlust: 1 Minuten Durchschnittsgeschwindigkeit: 67 km/h",49.4439036996329,8.54082990467284
"A6","undefined--vi-avl.2025-05-19_18-29-18-000.f_003.de0","49.29516681311866,10.740949962093342,49.280372493013,10.720898470162213","49.29516681311866,10.740949962093342","WARNING","A6 | Lerchenbuck - Lichtenau"," Nürnberg -> Heilbronn",1,"SLOW_TRAFFIC","46",2025-05-19,"Beginn: 19.05.25 um 18:29 Uhr  Angespannte Verkehrslage, seit 19.05.2025, 18:29 A6: Nürnberg -> Heilbronn, zwischen 1.9 km hinter Lerchenbuck und 0.1 km vor AS Lichtenau  Langsamer Verkehr Reisezeitverlust: 1 Minuten Durchschnittsgeschwindigkeit: 46 km/h",49.2951668131187,10.7409499620933
"A6","undefined--vi-avl.2025-05-19_19-12-30-000.f_002.de0","49.633229499352296,12.460910875505093,49.633229499352296,12.460910875505093","49.633229499352296,12.460910875505093","WARNING","A6 | Ulrichsberg - Ulrichsberg"," Pilsen -> Nürnberg",NA,"SLOW_TRAFFIC","15",2025-05-19,"Beginn: 19.05.25 um 19:22 Uhr  Angespannte Verkehrslage, seit 19.05.2025, 19:22 A6: Pilsen -> Nürnberg, 0.7 km vor Ulrichsberg, aus Richtung Waidhaus  Langsamer Verkehr Durchschnittsgeschwindigkeit: 15 km/h",49.6332294993523,12.4609108755051
"A6","undefined--vi-zus.2025-05-19_18-41-52-000.f.de0","49.63322194111654,12.460993082292749,49.62925492575436,12.44665918838879","49.63322194111654,12.460993082292749","WARNING","A6 | Waidhaus - Pleystein"," Pilsen -> Nürnberg",1,"SLOW_TRAFFIC","32.599998474121094",2025-05-19,"Beginn: 19.05.25 um 18:41 Uhr  Zusammengesetzte Verkehrsinformation, seit 19.05.2025, 18:41 A6: Pilsen -> Nürnberg, zwischen 2.2 km hinter AS Waidhaus und 2.6 km vor AS Pleystein  Langsamer Verkehr Reisezeitverlust: 1 Minuten Durchschnittsgeschwindigkeit: 32 km/h",49.6332219411165,12.4609930822927
"A7","undefined--vi-zus.2025-05-13_04-57-00-000.f_001.de0","47.595412441892016,10.656244234565428,47.62877454174978,10.588898377713324","47.595412441892016,10.656244234565428","WARNING","A7 | Füssen - Nesselwang"," Füssen/Reutte -> Ulm",NA,NA,NA,2025-05-13,"Beginn: 13.05.25 um 04:57 Uhr  Zusammengesetzte Verkehrsinformation, seit 13.05.2025, 04:57 A7: Füssen/Reutte -> Ulm, zwischen 2.5 km hinter AS Füssen und 5.0 km vor AS Nesselwang  A7 Füssen/Reutte Richtung Ulm zwischen Reinertshoftunnel und Nesselwang Verkehr wird über die Gegenfahrbahn geleitet, Baustelle, von 16.05.2025 05:00 Uhr bis 18.07.2025 15:00 Uhr",47.595412441892,10.6562442345654
"A7","undefined--vi-hind.2025-05-19_18-51-01-000.f_006.de0","47.97179400135469,10.16870537883155,47.97179400135469,10.16870537883155","47.97179400135469,10.16870537883155","WARNING","A7 | Memmingen-Süd - Buxachtal"," Füssen/Reutte -> Ulm",NA,NA,NA,2025-05-19,"Beginn: 19.05.25 um 18:51 Uhr  Hindernis, seit 19.05.2025, 18:51 A7: Füssen/Reutte -> Ulm, zwischen 1.4 km hinter AS Memmingen-Süd und 1.8 km vor Buxachtal  Gefahr durch Gegenstände auf der Fahrbahn",47.9717940013547,10.1687053788316
"A7","undefined--vi-hind.2025-05-19_19-01-00-000.f_001.de0","48.32811720094698,10.088742200000365,48.40974729212118,10.09384999270086","48.32811720094698,10.088742200000365","WARNING","A7 | Hittistetten - Nersingen"," Füssen/Reutte -> Ulm",NA,NA,NA,2025-05-19,"Beginn: 19.05.25 um 19:01 Uhr  Hindernis, seit 19.05.2025, 19:01 A7: Füssen/Reutte -> Ulm, zwischen 0.3 km hinter AD Hittistetten und 0.5 km vor AS Nersingen  Gefahr durch Gegenstände auf der Fahrbahn",48.328117200947,10.0887422000004
"A7","undefined--vi-zus.2025-05-19_18-55-30-000.f_001.de0","48.57084740094633,10.153324000000438,48.49645570094654,10.085913000000366","48.57084740094633,10.153324000000438","WARNING","A7 | Niederstotzingen - Langenau"," Würzburg -> Ulm",NA,NA,NA,2025-05-19,"Beginn: 19.05.25 um 18:55 Uhr  Zusammengesetzte Verkehrsinformation, seit 19.05.2025, 18:55 A7: Würzburg -> Ulm, zwischen 0.3 km hinter AS Niederstotzingen und 0.4 km vor AS Langenau  Gefahr durch Personen auf der Fahrbahn  Gefahr durch ein defektes Fahrzeugs auf der Fahrbahn  A7 Würzburg Richtung Ulm zwischen Niederstotzingen und Langenau Gefahr durch 1 Person auf dem Standstreifen, Gefahr durch 1 defekten PKW auf dem Standstreifen",48.5708474009463,10.1533240000004
"A7","undefined--vi-hind.2025-05-19_18-37-50-000.f_003.de0","51.62995586638154,9.919160032779399,51.700829805128095,9.938183272438987","51.62995586638154,9.919160032779399","WARNING","A7 | Nörten-Hardenberg - Schlochau"," Kassel -> Hannover",NA,NA,NA,2025-05-19,"Beginn: 19.05.25 um 18:37 Uhr  Fahrzeug-Hindernis, seit 19.05.2025, 18:37 A7: Kassel -> Hannover, zwischen 0.1 km hinter AS Nörten-Hardenberg und 1.8 km vor Schlochau",51.6299558663815,9.9191600327794
"A7","undefined--vi-hind.2025-05-19_19-19-06-000.f_001.de0","52.310736900928276,9.869868600000336,52.30663513705987,9.873597855874868","52.310736900928276,9.869868600000336","WARNING","A7 | Hannover-Wülferode - Hannover-Süd"," Hannover -> Kassel",NA,NA,NA,2025-05-19,"Beginn: 19.05.25 um 19:19 Uhr  Hindernis, seit 19.05.2025, 19:19 A7: Hannover -> Kassel, zwischen 2.9 km hinter Hannover-Wülferode und 0.3 km vor AD Hannover-Süd  Gefahr durch Gegenstände auf der Fahrbahn",52.3107369009283,9.86986860000034
"A7","undefined--vi-hind.2025-05-19_18-29-58-000.f_002.de0","53.162409928648216,10.065236708117132,53.103843939685255,9.978994726117739","53.162409928648216,10.065236708117132","WARNING","A7 | Egestorf - Bispingen"," Hamburg -> Hannover",NA,NA,NA,2025-05-19,"Beginn: 19.05.25 um 18:29 Uhr  Hindernis, seit 19.05.2025, 18:29 A7: Hamburg -> Hannover, zwischen 3.7 km hinter AS Egestorf und 0.4 km vor AS Bispingen  Gefahr durch eine ungesicherte Unfallstelle",53.1624099286482,10.0652367081171
"A7","undefined--vi-zus.2025-05-19_16-15-17-000.f_001.de0","53.43419187215186,9.930864200624173,53.444815936922325,9.91891986829519","53.43419187215186,9.930864200624173","WARNING","A7 | Hamburg-Marmstorf - Hamburg-Heimfeld"," Hannover -> Hamburg",5,"STATIONARY_TRAFFIC","14.699999809265137",2025-05-19,"Beginn: 19.05.25 um 16:15 Uhr  Zusammengesetzte Verkehrsinformation, seit 19.05.2025, 16:15 A7: Hannover -> Hamburg, zwischen 0.4 km hinter AS Hamburg-Marmstorf und 2.6 km vor AS Hamburg-Heimfeld  Im Stillstand Reisezeitverlust: 5 Minuten Durchschnittsgeschwindigkeit: 14 km/h",53.4341918721519,9.93086420062417
"A7","undefined--vi-unf.2025-05-19_16-18-37-000.f_004.de0","53.439623700919974,9.921622800000415,53.45149967471492,9.921305182147368","53.439623700919974,9.921622800000415","WARNING","A7 | Hamburg-Südwest - Hamburg-Heimfeld"," Hannover -> Hamburg",NA,NA,NA,2025-05-19,"Beginn: 19.05.25 um 16:18 Uhr  Unfall, seit 19.05.2025, 16:18 A7: Hannover -> Hamburg, zwischen 0.5 km hinter AD Hamburg-Südwest und 1.9 km vor AS Hamburg-Heimfeld",53.43962370092,9.92162280000042
"A7","undefined--vi-avl.2025-05-19_16-16-52-000.f_001.de0","53.43423338428942,9.930765880334214,53.43423338428942,9.930765880334214","53.43423338428942,9.930765880334214","WARNING","A7 | Hamburg-Südwest - Hamburg-Südwest"," Hannover -> Hamburg",NA,"STATIONARY_TRAFFIC","8",2025-05-19,"Beginn: 19.05.25 um 19:22 Uhr  Angespannte Verkehrslage, seit 19.05.2025, 19:22 A7: Hannover -> Hamburg, 0.3 km vor AD Hamburg-Südwest, aus Richtung Hamburg-Marmstorf  Im Stillstand Durchschnittsgeschwindigkeit: 8 km/h",53.4342333842894,9.93076588033421
"A7","undefined--vi-zus.2025-03-31_00-40-00-000.f_018.de0","53.579141433849884,9.913430072127355,53.55636870091902,9.897540700000414","53.579141433849884,9.913430072127355","WARNING","A7 | Hamburg-Volkspark - Elbtunnel (Nordportal)"," Flensburg -> Hamburg",NA,NA,NA,2025-03-31,"Beginn: 31.03.25 um 00:40 Uhr  Zusammengesetzte Verkehrsinformation, seit 31.03.2025, 00:40 A7: Flensburg -> Hamburg, zwischen 0.4 km hinter AS Hamburg-Volkspark und 0.9 km vor Elbtunnel (Nordportal)  A7 Flensburg Richtung Hamburg Ausfahrt Hamburg-Othmarschen Fahrbahnverengung, maximale Fahrbahnbreite von 4,50 m, Bauarbeiten, bis 29.09.2025",53.5791414338499,9.91343007212735
"A7","undefined--vi-avl.2025-05-19_17-17-30-000.f_002.de0","53.49813746848757,9.91347643347027,53.49813746848757,9.91347643347027","53.49813746848757,9.91347643347027","WARNING","Baustelle","",NA,"STATIONARY_TRAFFIC","18",2025-05-19,"Beginn: 19.05.25 um 19:22 Uhr  Angespannte Verkehrslage, seit 19.05.2025, 19:22 A7 N 1  Im Stillstand Durchschnittsgeschwindigkeit: 18 km/h",53.4981374684876,9.91347643347027
"A8","undefined--vi-hind.2025-05-19_19-16-30-000.f_001.de0","49.32820740094384,7.073441099997204,49.33887430348724,7.055436678511394","49.32820740094384,7.073441099997204","WARNING","A8 | Friedrichsthal - Merchweiler"," Neunkirchen -> Saarlouis",NA,NA,NA,2025-05-19,"Beginn: 19.05.25 um 19:16 Uhr  Hindernis, seit 19.05.2025, 19:16 A8: Neunkirchen -> Saarlouis, zwischen 1.0 km hinter AD Friedrichsthal und 0.4 km vor AS Merchweiler  Gefahr durch Gegenstände auf der Fahrbahn",49.3282074009438,7.0734410999972
"A8","undefined--vi-zus.2025-03-26_17-59-56-000.f_013.de0","49.32575278791285,7.172731755291576,49.327350714671546,7.213275819282444","49.32575278791285,7.172731755291576","WARNING","A8 | Neunkirchen/Spiesen - Kohlhof"," Saarlouis -> Neunkirchen",NA,NA,NA,2025-03-26,"Beginn: 26.03.25 um 17:59 Uhr  Zusammengesetzte Verkehrsinformation, seit 26.03.2025, 17:59 A8: Saarlouis -> Neunkirchen, zwischen 1.5 km hinter AS Neunkirchen/Spiesen und 1.0 km vor Kohlhof  A8 Saarlouis - Neunkirchen zwischen Neunkirchen-Spiesen und Neunkirchen-Oberstadt in beiden Richtungen Bauarbeiten, bis voraussichtlich 01.06.2025",49.3257527879128,7.17273175529158
"A8","undefined--vi-zus.2025-05-14_09-26-56-000.f.de0","49.32628400979037,7.229641516813452,49.329166750017514,7.1882642393148934","49.32628400979037,7.229641516813452","WARNING","A8 | Neunkirchen-Wellesweiler - Neunkirchen/Spiesen"," Neunkirchen -> Saarlouis",NA,NA,NA,2025-05-14,"Beginn: 14.05.25 um 09:26 Uhr  Zusammengesetzte Verkehrsinformation, seit 14.05.2025, 09:26 A8: Neunkirchen -> Saarlouis, zwischen 0.4 km hinter AS Neunkirchen-Wellesweiler und 2.7 km vor AS Neunkirchen/Spiesen  A8 Saarlouis - Neunkirchen zwischen Neunkirchen-Spiesen und Neunkirchen-Oberstadt in beiden Richtungen Bauarbeiten, bis voraussichtlich 01.06.2025",49.3262840097904,7.22964151681345
"A8","undefined--vi-hind.2025-05-19_18-52-00-000.f_001.de0","48.945984744190596,8.49413814018367,48.90896560485254,8.64799096413288","48.945984744190596,8.49413814018367","WARNING","A8 | Birkenwäldle - Pforzheim-West"," Karlsruhe -> Stuttgart",NA,NA,NA,2025-05-19,"Beginn: 19.05.25 um 18:52 Uhr  Hindernis, seit 19.05.2025, 18:52 A8: Karlsruhe -> Stuttgart, zwischen 1.5 km hinter Birkenwäldle und 0.4 km vor AS Pforzheim-West  Gefahr durch eine ungesicherte Unfallstelle",48.9459847441906,8.49413814018367
"A8","undefined--vi-hind.2025-05-19_19-15-30-000.f_002.de0","48.168057702673245,11.45283255404779,48.17776790094738,11.437926300009172","48.168057702673245,11.45283255404779","WARNING","A8 | München-Obermenzing - München-West"," München -> Stuttgart",NA,NA,NA,2025-05-19,"Beginn: 19.05.25 um 19:15 Uhr  Hindernis, seit 19.05.2025, 19:15 A8: München -> Stuttgart, zwischen 0.1 km hinter AS München-Obermenzing und 0.6 km vor AK München-West  Gefahr durch Gegenstände auf der Fahrbahn",48.1680577026732,11.4528325540478
"A9","undefined--vi-avl.2025-05-19_19-09-36-000.f.de0","48.719620618665886,11.48041079210458,48.73201733104972,11.471467738878296","48.719620618665886,11.48041079210458","WARNING","A9 | Neuburg a.d.Donau - Ingolstadt-Süd"," München -> Nürnberg",0,"SLOW_TRAFFIC","65.4000015258789",2025-05-19,"Beginn: 19.05.25 um 19:09 Uhr  Angespannte Verkehrslage, seit 19.05.2025, 19:09 A9: München -> Nürnberg, zwischen 0.9 km hinter AS Neuburg a.d.Donau und 2.3 km vor AS Ingolstadt-Süd  Langsamer Verkehr Reisezeitverlust: 0 Minuten Durchschnittsgeschwindigkeit: 65 km/h",48.7196206186659,11.4804107921046
"A9","undefined--vi-hind.2025-05-19_18-51-01-000.f_007.de0","48.93062161551086,11.462001036618267,48.93048200094525,11.462162100009074","48.93062161551086,11.462001036618267","WARNING","A9 | Denkendorf - Köschinger Forst"," Nürnberg -> München",NA,NA,NA,2025-05-19,"Beginn: 19.05.25 um 18:51 Uhr  Fahrzeug-Hindernis, seit 19.05.2025, 18:51 A9: Nürnberg -> München, zwischen AS Denkendorf und 10.5 km vor Köschinger Forst Gefahr durch ein defektes Fahrzeug auf der Fahrbahn",48.9306216155109,11.4620010366183
"A9","undefined--vi-hind.2025-05-19_18-57-36-000.f.de0","49.76995500106335,11.506633727813433,49.77059665255053,11.50690447815955","49.76995500106335,11.506633727813433","WARNING","A9 | Fränkische Schweiz - Trockau"," Nürnberg -> Halle/Leipzig",NA,NA,NA,2025-05-19,"Beginn: 19.05.25 um 18:57 Uhr  Fahrzeug-Hindernis, seit 19.05.2025, 18:57 A9: Nürnberg -> Halle/Leipzig, zwischen 2.5 km hinter Fränkische Schweiz und 7.1 km vor AS Trockau Gefahr durch ein defektes Fahrzeug auf der Fahrbahn",49.7699550010634,11.5066337278134
"A9","undefined--vi-hind.2025-05-19_18-44-30-000.f_003.de0","50.65572180093813,11.812118700014912,50.548063200938664,11.795332800014636","50.65572180093813,11.812118700014912","WARNING","A9 | Dittersdorf - Bad Lobenstein"," Halle/Leipzig -> Nürnberg",NA,NA,NA,2025-05-19,"Beginn: 19.05.25 um 18:44 Uhr  Fahrzeug-Hindernis, seit 19.05.2025, 18:44 A9: Halle/Leipzig -> Nürnberg, zwischen 0.1 km hinter AS Dittersdorf und 12.4 km vor AS Bad Lobenstein",50.6557218009381,11.8121187000149
"A9","undefined--vi-avl.2025-05-19_19-22-30-000.f_004.de0","52.27382142401692,12.91062580715724,52.27382142401692,12.91062580715724","52.27382142401692,12.91062580715724","WARNING","A9 | Beelitz-Heilstätten - Beelitz-Heilstätten"," Berlin -> Halle/Leipzig",NA,"STATIONARY_TRAFFIC","18",2025-05-19,"Beginn: 19.05.25 um 19:22 Uhr  Angespannte Verkehrslage, seit 19.05.2025, 19:22 A9: Berlin -> Halle/Leipzig, 0.5 km vor AS Beelitz-Heilstätten, aus Richtung Potsdam  Im Stillstand Durchschnittsgeschwindigkeit: 18 km/h",52.2738214240169,12.9106258071572
"A9","undefined--vi-zus.2025-05-19_19-22-00-000.f.de0","52.27382142401692,12.91062580715724,52.270904800929685,12.909623200061853","52.27382142401692,12.91062580715724","WARNING","A9 | Potsdam - Beelitz-Heilstätten"," Berlin -> Halle/Leipzig",0,"STATIONARY_TRAFFIC","20.600000381469727",2025-05-19,"Beginn: 19.05.25 um 19:22 Uhr  Zusammengesetzte Verkehrsinformation, seit 19.05.2025, 19:22 A9: Berlin -> Halle/Leipzig, zwischen 1.9 km hinter AD Potsdam und 0.2 km vor AS Beelitz-Heilstätten  Im Stillstand Reisezeitverlust: 0 Minuten Durchschnittsgeschwindigkeit: 20 km/h",52.2738214240169,12.9106258071572
"A10","undefined--vi-hind.2025-05-19_18-39-18-000.f_002.de0","52.306584272073486,13.445031470408871,52.30698970081683,13.44727987670705","52.306584272073486,13.445031470408871","WARNING","A10 | Jühnsdorfer Heide - Rangsdorf"," Dreieck Potsdam -> Schönefelder Kreuz",NA,NA,NA,2025-05-19,"Beginn: 19.05.25 um 18:39 Uhr  Fahrzeug-Hindernis, seit 19.05.2025, 18:39 A10: Dreieck Potsdam -> Schönefelder Kreuz, zwischen 5.2 km hinter Jühnsdorfer Heide und 0.2 km vor AS Rangsdorf Gefahr durch ein defektes Fahrzeug auf der Fahrbahn",52.3065842720735,13.4450314704089
"A10","undefined--vi-hind.2025-05-19_18-12-18-000.f_003.de0","52.699985893035006,13.273714636100474,52.6812291146113,13.368897703262869","52.699985893035006,13.273714636100474","WARNING","A10 | Kreuz Oranienburg - Mühlenbeck"," Dreieck Havelland -> Dreieck Barnim",NA,NA,NA,2025-05-19,"Beginn: 19.05.25 um 18:12 Uhr  Hindernis, seit 19.05.2025, 18:12 A10: Dreieck Havelland -> Dreieck Barnim, zwischen 5.4 km hinter AD Kreuz Oranienburg und 0.4 km vor AS Mühlenbeck  Gefahr durch Gegenstände auf der Fahrbahn",52.699985893035,13.2737146361005
"A12","undefined--vi-avl.2025-05-19_16-20-22-000.f_002.de0","52.3155760805876,14.577600847563337,52.31448070047937,14.547348150449816","52.3155760805876,14.577600847563337","WARNING","A12 | Frankfurt(Oder) - Frankfurt(Oder)-Mitte"," Frankfurt(Oder) -> Berliner Ring",9,"QUEUING_TRAFFIC","8.600000381469727",2025-05-19,"Beginn: 19.05.25 um 16:20 Uhr  Angespannte Verkehrslage, seit 19.05.2025, 16:20 A12: Frankfurt(Oder) -> Berliner Ring, zwischen Frankfurt(Oder) und 2.0 km vor AS Frankfurt(Oder)-Mitte  Stockender Verkehr Reisezeitverlust: 9 Minuten Durchschnittsgeschwindigkeit: 8 km/h",52.3155760805876,14.5776008475633
"A12","WarnungA10Lkw3","47.61802931631098,12.202336027754352,47.61802931631098,12.202336027754352","47.61802931631098,12.202336027754352","WARNING","E45/E60 | LKW Blockabfertigung | A12-Inntal Autobahn","Richtung Italien",NA,NA,NA,2025-01-11,"Zeitraum: Beginn: 07.01.2025 Ende: 09.12.2025  Hinweis für LKW-Reisende nach Österreich: LKW-Blockabfertigungen an ausgewählten Tagen für Lkw am Grenzübergang Kufstein/Kiefersfelden. Maximaler Durchlass von 300 LKWs pro Stunde  Die genauen Ausführungszeiten und weitere Informationen auf tirol.gv.at/verkehr/verkehrs-und-seilbahnrecht/lkw-dosierung.",47.618029316311,12.2023360277544
"A12","WarnungA10Lkw2","47.6164490154047,12.202382557672273,47.6164490154047,12.202382557672273","47.6164490154047,12.202382557672273","WARNING","E43/E45/E60 | A13-Brenner Autobahn","Richtung Italien",NA,NA,NA,2025-01-11,"Zeitraum: Beginn: 11.01.2025 Ende: 27.09.2025  Hinweis für LKW-Reisende nach Österreich: LKW-Fahrverbot auf der A12-Inntal Autobahn, A13-Brenner Autobahn und A14-Rheintal/Walgau Autobahn, wenn das Ziel der Fahrt der Anschlussstelle Nößlach bis Anschlussstelle Brenner Nord der Richtungsfahrbahn Staatsgrenze der A 13 Brenner Autobahn erreicht werden soll. An ausgewählten Samstagen 7-15 Uhr sowie weiteren Tagen im Zeitraum 11.01. - 27.09.2025 Weitere Informationen auf http://asfinag.at/a13",47.6164490154047,12.2023825576723
"A13","undefined--vi-zus.2025-05-19_18-12-18-000.f_002.de0","52.01340861086641,13.700453092284432,52.01003687301572,13.707660504942796","52.01340861086641,13.700453092284432","WARNING","A13 | Staakow - Am Bugkgraben"," Schönefelder Kreuz -> Dresden",NA,NA,NA,2025-05-19,"Beginn: 19.05.25 um 18:12 Uhr  Zusammengesetzte Verkehrsinformation, seit 19.05.2025, 18:12 A13: Schönefelder Kreuz -> Dresden, zwischen 0.4 km hinter AS Staakow und 2.1 km vor Am Bugkgraben  Gefahr durch Personen auf der Fahrbahn  A13 Richtung Dresden zwischen Einfahrt Staakow und Rastplatz Bugkgraben Gefahr durch defekten PKW auf dem Beschleunigungsstreifen, Gefahr durch Personen auf der Fahrbahn, fahren Sie bitte besonders vorsichtig",52.0134086108664,13.7004530922844
"A14","undefined--vi-hind.2025-05-19_17-22-02-000.f_005.de0","53.15945940092222,11.728050100009963,53.15945940092222,11.728050100009963","53.15945940092222,11.728050100009963","WARNING","A14 | Karstädt - Groß Warnow"," Wittenberge -> Schwerin",NA,NA,NA,2025-05-19,"Beginn: 19.05.25 um 17:22 Uhr  Hindernis, seit 19.05.2025, 17:22 A14: Wittenberge -> Schwerin, zwischen 0.4 km hinter AS Karstädt und 10.4 km vor AS Groß Warnow  Gefahr durch Gegenstände auf der Fahrbahn",53.1594594009222,11.72805010001
"A14","undefined--vi-hind.2025-05-19_17-17-30-000.f_004.de0","53.15961128935529,11.72789029312949,53.223319900921695,11.615065400008177","53.15961128935529,11.72789029312949","WARNING","A14 | Karstädt - Meynbach"," Wittenberge -> Schwerin",NA,NA,NA,2025-05-19,"Beginn: 19.05.25 um 17:17 Uhr  Hindernis, seit 19.05.2025, 17:17 A14: Wittenberge -> Schwerin, zwischen 0.4 km hinter AS Karstädt und 1.8 km vor Meynbach  Gefahr durch Gegenstände auf der Fahrbahn",53.1596112893553,11.7278902931295
"A14","undefined--vi-hind.2025-05-19_18-58-30-000.f_003.de0","51.395197560693504,12.429285991215899,51.36946550360824,12.468784339385058","51.395197560693504,12.429285991215899","WARNING","A14 | Leipzig-Messegelände - Leipzig-Ost"," Halle -> Leipzig",NA,NA,NA,2025-05-19,"Beginn: 19.05.25 um 18:58 Uhr  Hindernis, seit 19.05.2025, 18:58 A14: Halle -> Leipzig, zwischen 0.6 km hinter AS Leipzig-Messegelände und 2.3 km vor AS Leipzig-Ost  Gefahr durch Gegenstände auf der Fahrbahn",51.3951975606935,12.4292859912159
"A15","undefined--vi-avl.2025-05-19_19-05-05-000.f_001.de0","51.709839224447116,14.40245316553777,51.70779461894658,14.435246468267069","51.709839224447116,14.40245316553777","WARNING","A15 | Cottbus-Süd - Roggosen"," Cottbus -> Breslau",0,"SLOW_TRAFFIC","73.30000305175781",2025-05-19,"Beginn: 19.05.25 um 19:05 Uhr  Angespannte Verkehrslage, seit 19.05.2025, 19:05 A15: Cottbus -> Breslau, zwischen 3.8 km hinter AS Cottbus-Süd und 2.1 km vor AS Roggosen  Langsamer Verkehr Reisezeitverlust: 0 Minuten Durchschnittsgeschwindigkeit: 73 km/h",51.7098392244471,14.4024531655378
"A17","undefined--vi-avl.2025-05-19_19-20-00-000.f.de0","50.82345785849138,13.887700327156873,50.8165871649808,13.885690495200219","50.82345785849138,13.887700327156873","WARNING","A17 | Bad Gottleuba - Breitenau-Schönwald"," Dresden -> Prag",0,"SLOW_TRAFFIC","56",2025-05-19,"Beginn: 19.05.25 um 19:20 Uhr  Angespannte Verkehrslage, seit 19.05.2025, 19:20 A17: Dresden -> Prag, zwischen 0.9 km hinter AS Bad Gottleuba und 4.1 km vor Breitenau-Schönwald  Langsamer Verkehr Reisezeitverlust: 0 Minuten Durchschnittsgeschwindigkeit: 56 km/h",50.8234578584914,13.8877003271569
"A17","undefined--vi-avl.2025-05-19_18-59-30-000.f_001.de0","50.82026170094333,13.887384300240237,50.82026170094333,13.887384300240237","50.82026170094333,13.887384300240237","WARNING","A17 | Am Heidenholz - Am Heidenholz"," Prag -> Dresden",NA,"STATIONARY_TRAFFIC","27",2025-05-19,"Beginn: 19.05.25 um 19:22 Uhr  Angespannte Verkehrslage, seit 19.05.2025, 19:22 A17: Prag -> Dresden, 0.2 km vor Am Heidenholz, aus Richtung Breitenau-Schönwald  Im Stillstand Durchschnittsgeschwindigkeit: 27 km/h",50.8202617009433,13.8873843002402
"A17","undefined--vi-zus.2025-05-19_18-36-41-000.f.de0","50.82026170094333,13.887384300240237,50.8244130009433,13.887895800240193","50.82026170094333,13.887384300240237","WARNING","A17 | Breitenau-Schönwald - Bad Gottleuba"," Prag -> Dresden",0,"STATIONARY_TRAFFIC","33.599998474121094",2025-05-19,"Beginn: 19.05.25 um 18:36 Uhr  Zusammengesetzte Verkehrsinformation, seit 19.05.2025, 18:36 A17: Prag -> Dresden, zwischen 4.5 km hinter Breitenau-Schönwald und 0.8 km vor AS Bad Gottleuba  Im Stillstand Reisezeitverlust: 0 Minuten Durchschnittsgeschwindigkeit: 33 km/h",50.8202617009433,13.8873843002402
"A20","undefined--vi-hind.2025-05-19_18-43-24-000.f_003.de0","53.92345010091601,10.452815500001005,53.920843926705516,10.3437506126089","53.92345010091601,10.452815500001005","WARNING","A20 | Geschendorf - Anschluss B206"," Lübeck -> Bad Segeberg",NA,NA,NA,2025-05-19,"Beginn: 19.05.25 um 18:43 Uhr  Hindernis, seit 19.05.2025, 18:43 A20: Lübeck -> Bad Segeberg, zwischen 0.4 km hinter AS Geschendorf und Anschluss B206  Gefahr durch eine ungesicherte Unfallstelle",53.923450100916,10.452815500001
"A21","undefined--vi-avl.2025-05-19_19-18-00-000.f_001.de0","53.838821440434465,10.309820707057323,53.8553407657106,10.305689711680882","53.838821440434465,10.309820707057323","WARNING","A21 | Bad Oldesloe-Nord - Leezen"," Bargteheide -> Kiel",0,"SLOW_TRAFFIC","69.0999984741211",2025-05-19,"Beginn: 19.05.25 um 19:18 Uhr  Angespannte Verkehrslage, seit 19.05.2025, 19:18 A21: Bargteheide -> Kiel, zwischen 3.2 km hinter AS Bad Oldesloe-Nord und 0.3 km vor AS Leezen  Langsamer Verkehr Reisezeitverlust: 0 Minuten Durchschnittsgeschwindigkeit: 69 km/h",53.8388214404345,10.3098207070573
"A24","undefined--vi-hind.2025-05-19_17-32-52-000.f_005.de0","53.23329437634919,12.20325949026917,53.15186100043655,12.402480973286117","53.23329437634919,12.20325949026917","WARNING","A24 | Dorngrund Süd - Pritzwalk"," Schwerin -> Pritzwalk",NA,NA,NA,2025-05-19,"Beginn: 19.05.25 um 17:32 Uhr  Fahrzeug-Hindernis, seit 19.05.2025, 17:32 A24: Schwerin -> Pritzwalk, zwischen 5.2 km hinter Dorngrund Süd und 0.5 km vor AS Pritzwalk Gefahr durch ein defektes Fahrzeug auf der Fahrbahn",53.2332943763492,12.2032594902692
"A24","undefined--vi-hind.2025-05-19_18-34-43-000.f_002.de0","52.80376638256009,12.794290102297522,52.71726750092675,12.97838520006275","52.80376638256009,12.794290102297522","WARNING","A24 | Neuruppin-Süd - Havelland"," Pritzwalk -> Berliner Ring",NA,NA,NA,2025-05-19,"Beginn: 19.05.25 um 18:34 Uhr  Hindernis, seit 19.05.2025, 18:34 A24: Pritzwalk -> Berliner Ring, zwischen 5.4 km hinter AS Neuruppin-Süd und 2.8 km vor AD Havelland  Gefahr durch Gegenstände auf der Fahrbahn",52.8037663825601,12.7942901022975
"A27","undefined--vi-hind.2025-05-19_19-06-30-000.f.de0","53.44318907315603,8.58372626890824,53.37357218856471,8.575404668694967","53.44318907315603,8.58372626890824","WARNING","A27 | Bremerhaven-Süd - Hagen"," Bremerhaven -> Bremen",NA,NA,NA,2025-05-19,"Beginn: 19.05.25 um 19:06 Uhr  Hindernis, seit 19.05.2025, 19:06 A27: Bremerhaven -> Bremen, zwischen 2.7 km hinter AS Bremerhaven-Süd und 0.4 km vor AS Hagen  Gefahr durch Gegenstände auf der Fahrbahn",53.443189073156,8.58372626890824
"A29","undefined--vi-hind.2025-05-19_19-04-30-000.f_001.de0","53.54435369842856,8.044257454427077,53.52945670091924,8.01082419999953","53.54435369842856,8.044257454427077","WARNING","A29 | Fedderwarden - Wilhelmshavener Kreuz"," Wilhelmshaven -> Oldenburg",NA,NA,NA,2025-05-19,"Beginn: 19.05.25 um 19:04 Uhr  Hindernis, seit 19.05.2025, 19:04 A29: Wilhelmshaven -> Oldenburg, zwischen 0.4 km hinter AS Fedderwarden und 0.5 km vor AS Wilhelmshavener Kreuz  Gefahr durch Gegenstände auf der Fahrbahn",53.5443536984286,8.04425745442708
"A30","undefined--vi-unf.2025-05-19_17-02-12-000.f_004.de0","52.336690600191574,7.126534050406697,52.33588834762863,7.105170128998621","52.336690600191574,7.126534050406697","WARNING","A30 | Nordhorn/Bad Bentheim - Gildehaus"," Rheine -> Amsterdam",NA,NA,NA,2025-05-19,"Beginn: 19.05.25 um 17:02 Uhr  Unfall, seit 19.05.2025, 17:02 A30: Rheine -> Amsterdam, zwischen 1.6 km hinter AS Nordhorn/Bad Bentheim und 3.0 km vor AS Gildehaus",52.3366906001916,7.1265340504067
"A30","undefined--vi-zus.2025-05-19_19-05-34-000.f.de0","52.34077121572693,7.166135384987854,52.33645570776434,7.115579669085036","52.34077121572693,7.166135384987854","WARNING","A30 | Schüttorf-Nord - Waldseite"," Rheine -> Amsterdam",2,"SLOW_TRAFFIC","49.70000076293945",2025-05-19,"Beginn: 19.05.25 um 19:05 Uhr  Zusammengesetzte Verkehrsinformation, seit 19.05.2025, 19:05 A30: Rheine -> Amsterdam, zwischen 5.6 km hinter AS Schüttorf-Nord und 0.7 km vor Waldseite  Langsamer Verkehr Reisezeitverlust: 2 Minuten Durchschnittsgeschwindigkeit: 49 km/h",52.3407712157269,7.16613538498785
"A31","undefined--vi-avl.2025-05-19_18-10-06-000.f_001.de0","52.113710750084174,7.086213486360125,52.135186734791155,7.089543852877889","52.113710750084174,7.086213486360125","WARNING","A31 | Averbeck - Gronau/Ochtrup"," Oberhausen -> Gronau",1,"SLOW_TRAFFIC","64.5",2025-05-19,"Beginn: 19.05.25 um 18:10 Uhr  Angespannte Verkehrslage, seit 19.05.2025, 18:10 A31: Oberhausen -> Gronau, zwischen 1.1 km hinter Averbeck und 6.6 km vor AS Gronau/Ochtrup  Langsamer Verkehr Reisezeitverlust: 1 Minuten Durchschnittsgeschwindigkeit: 64 km/h",52.1137107500842,7.08621348636013
"A38","undefined--vi-hind.2025-05-19_19-05-34-000.f.de0","51.47424382687639,11.061315950434588,51.46467322799094,11.131190081526292","51.47424382687639,11.061315950434588","WARNING","A38 | Goldene Aue - Helmetal"," Göttingen -> Halle",NA,NA,NA,2025-05-19,"Beginn: 19.05.25 um 19:05 Uhr  Fahrzeug-Hindernis, seit 19.05.2025, 19:05 A38: Göttingen -> Halle, zwischen 1.5 km hinter Goldene Aue und 6.9 km vor Helmetal",51.4742438268764,11.0613159504346
"A38","undefined--vi-zus.2025-05-19_18-35-43-000.f_006.de0","51.47424382687639,11.061315950434588,51.46467322799094,11.131190081526292","51.47424382687639,11.061315950434588","WARNING","A38 | Goldene Aue - Helmetal"," Göttingen -> Halle",NA,NA,NA,2025-05-19,"Beginn: 19.05.25 um 18:35 Uhr  Zusammengesetzte Verkehrsinformation, seit 19.05.2025, 18:35 A38: Göttingen -> Halle, zwischen 1.5 km hinter Goldene Aue und 6.9 km vor Helmetal  Gefahr durch eine ungesicherte Unfallstelle  A38 Göttingen Richtung Halle
zwischen Rastplatz Goldene Aue-Süd und Rastplatz Helmetal-Süd
Gefahr durch ungesicherte Unfallstelle auf allen Fahrstreifen, fahren Sie bitte besonders vorsichtig, Polizei und Rettungswagen sind vor Ort, Richtungsfahrbahn gesperrt
Ableitung über Abfahrt Berga",51.4742438268764,11.0613159504346
"A39","undefined--vi-hind.2025-05-19_19-00-00-000.f.de0","52.13561716410975,10.303218611898052,52.135705054441964,10.300914970238349","52.13561716410975,10.303218611898052","WARNING","A39 | Salzgitter-Lebenstedt-Süd - Salzgitter-Lichtenberg"," Braunschweig -> Salzgitter",NA,NA,NA,2025-05-19,"Beginn: 19.05.25 um 19:00 Uhr  Fahrzeug-Hindernis, seit 19.05.2025, 19:00 A39: Braunschweig -> Salzgitter, zwischen 2.2 km hinter AS Salzgitter-Lebenstedt-Süd und 0.6 km vor AS Salzgitter-Lichtenberg Gefahr durch ein defektes Fahrzeug auf der Fahrbahn",52.1356171641098,10.3032186118981
"A43","undefined--vi-avl.2025-05-19_18-36-12-000.f_002.de0","51.88625642257692,7.361906727924877,51.902360769330265,7.389025264915474","51.88625642257692,7.361906727924877","WARNING","A43 | Karthaus - Nottuln"," Recklinghausen -> Münster",2,"SLOW_TRAFFIC","48",2025-05-19,"Beginn: 19.05.25 um 18:36 Uhr  Angespannte Verkehrslage, seit 19.05.2025, 18:36 A43: Recklinghausen -> Münster, zwischen 1.2 km hinter Karthaus und 1.3 km vor AS Nottuln  Langsamer Verkehr Reisezeitverlust: 2 Minuten Durchschnittsgeschwindigkeit: 48 km/h",51.8862564225769,7.36190672792488
"A44","undefined--vi-avl.2025-05-19_19-12-30-000.f_003.de0","51.52740713127217,8.907729934754547,51.52740713127217,8.907729934754547","51.52740713127217,8.907729934754547","WARNING","A44 | Blankenrode - Blankenrode"," Kassel -> Dortmund",NA,"QUEUING_TRAFFIC","27",2025-05-19,"Beginn: 19.05.25 um 19:22 Uhr  Angespannte Verkehrslage, seit 19.05.2025, 19:22 A44: Kassel -> Dortmund, 2.9 km vor Blankenrode, aus Richtung Marsberg  Stockender Verkehr Durchschnittsgeschwindigkeit: 27 km/h",51.5274071312722,8.90772993475455
"A44","undefined--vi-avl.2025-05-19_18-43-50-000.f_001.de0","51.52740713127217,8.907729934754547,51.5362541631677,8.883997822056491","51.52740713127217,8.907729934754547","WARNING","A44 | Marsberg - Blankenrode"," Kassel -> Dortmund",2,"QUEUING_TRAFFIC","40.29999923706055",2025-05-19,"Beginn: 19.05.25 um 18:54 Uhr  Angespannte Verkehrslage, seit 19.05.2025, 18:54 A44: Kassel -> Dortmund, zwischen 4.0 km hinter AS Marsberg und 0.9 km vor Blankenrode  Stockender Verkehr Reisezeitverlust: 2 Minuten Durchschnittsgeschwindigkeit: 40 km/h",51.5274071312722,8.90772993475455
"A45","undefined--vi-hind.2025-05-19_18-55-01-000.f_001.de0","50.55439360093855,8.564314099999878,50.55439360093855,8.564314099999878","50.55439360093855,8.564314099999878","WARNING","A45 | Wetzlar-Süd - Gießen-Lützellinden"," Hagen -> Aschaffenburg",NA,NA,NA,2025-05-19,"Beginn: 19.05.25 um 18:55 Uhr  Fahrzeug-Hindernis, seit 19.05.2025, 18:55 A45: Hagen -> Aschaffenburg, zwischen 0.2 km hinter AS Wetzlar-Süd und 3.9 km vor AS Gießen-Lützellinden Gefahr durch ein defektes Fahrzeug auf der Fahrbahn",50.5543936009386,8.56431409999988
"A45","undefined--vi-avl.2025-05-19_19-22-30-000.f.de0","50.820162000937195,8.078355399999685,50.826406911039584,8.067084145831952","50.820162000937195,8.078355399999685","WARNING","A45 | Wilnsdorf - Rälsbach"," Gießen -> Hagen",1,"QUEUING_TRAFFIC","34.400001525878906",2025-05-19,"Beginn: 19.05.25 um 19:22 Uhr  Angespannte Verkehrslage, seit 19.05.2025, 19:22 A45: Gießen -> Hagen, zwischen 1.0 km hinter AS Wilnsdorf und 0.8 km vor Rälsbach  Stockender Verkehr Reisezeitverlust: 1 Minuten Durchschnittsgeschwindigkeit: 34 km/h",50.8201620009372,8.07835539999969
"A45","undefined--vi-avl.2025-05-19_19-22-30-000.f_005.de0","50.820162000937195,8.078355399999685,50.820162000937195,8.078355399999685","50.820162000937195,8.078355399999685","WARNING","A45 | Wolfsbach - Wolfsbach"," Gießen -> Hagen",NA,"QUEUING_TRAFFIC","17",2025-05-19,"Beginn: 19.05.25 um 19:22 Uhr  Angespannte Verkehrslage, seit 19.05.2025, 19:22 A45: Gießen -> Hagen, 0.1 km vor Wolfsbach, aus Richtung Wilnsdorf  Stockender Verkehr Durchschnittsgeschwindigkeit: 17 km/h",50.8201620009372,8.07835539999969
"A45","undefined--vi-avl.2025-05-19_14-38-43-000.f_004.de0","51.26681257006276,7.601860873327218,51.26681257006276,7.601860873327218","51.26681257006276,7.601860873327218","WARNING","A45 | Lüdenscheid-Nord - Lüdenscheid-Nord"," Hagen -> Gießen",NA,"STATIONARY_TRAFFIC","6",2025-05-19,"Beginn: 19.05.25 um 19:22 Uhr  Angespannte Verkehrslage, seit 19.05.2025, 19:22 A45: Hagen -> Gießen, 1.2 km vor AS Lüdenscheid-Nord, aus Richtung Sterbecker Siepen  Im Stillstand Durchschnittsgeschwindigkeit: 6 km/h",51.2668125700628,7.60186087332722
"A45","undefined--vi-avl.2025-05-19_14-38-43-000.f_022.de0","51.26681257006276,7.601860873327218,51.263860400934774,7.60281269999918","51.26681257006276,7.601860873327218","WARNING","A45 | Sterbecker Siepen - Lüdenscheid-Nord"," Hagen -> Gießen",2,"STATIONARY_TRAFFIC","9.199999809265137",2025-05-19,"Beginn: 19.05.25 um 14:38 Uhr  Angespannte Verkehrslage, seit 19.05.2025, 14:38 A45: Hagen -> Gießen, zwischen 0.1 km hinter Sterbecker Siepen und 0.8 km vor AS Lüdenscheid-Nord  Im Stillstand Reisezeitverlust: 2 Minuten Durchschnittsgeschwindigkeit: 9 km/h",51.2668125700628,7.60186087332722
"A46","undefined--vi-avl.2025-05-19_19-12-00-000.f.de0","51.1973189789575,6.955154825912399,51.199536499064386,6.979075109958784","51.1973189789575,6.955154825912399","WARNING","A46 | Hilden - Höfgen"," Düsseldorf -> Wuppertal",3,"STATIONARY_TRAFFIC","23.299999237060547",2025-05-19,"Beginn: 19.05.25 um 19:12 Uhr  Angespannte Verkehrslage, seit 19.05.2025, 19:12 A46: Düsseldorf -> Wuppertal, zwischen 0.8 km hinter AS Hilden und 2.7 km vor Höfgen  Im Stillstand Reisezeitverlust: 3 Minuten Durchschnittsgeschwindigkeit: 23 km/h",51.1973189789575,6.9551548259124
"A46","undefined--vi-avl.2025-05-19_19-13-30-000.f_001.de0","51.19732344084129,6.95519715956542,51.19732344084129,6.95519715956542","51.19732344084129,6.95519715956542","WARNING","A46 | Haan-West - Haan-West"," Düsseldorf -> Wuppertal",NA,"STATIONARY_TRAFFIC","19",2025-05-19,"Beginn: 19.05.25 um 19:22 Uhr  Angespannte Verkehrslage, seit 19.05.2025, 19:22 A46: Düsseldorf -> Wuppertal, 1.4 km vor AS Haan-West, aus Richtung Hilden  Im Stillstand Durchschnittsgeschwindigkeit: 19 km/h",51.1973234408413,6.95519715956542
"A59","undefined--vi-avl.2025-05-19_19-21-30-000.f.de0","51.15719647675961,6.890949427673116,51.17223235306115,6.8851033414076666","51.15719647675961,6.890949427673116","WARNING","A59 | Düsseldorf-Garath - Düsseldorf-Benrath"," Köln -> Düsseldorf",0,"SLOW_TRAFFIC","67.5",2025-05-19,"Beginn: 19.05.25 um 19:21 Uhr  Angespannte Verkehrslage, seit 19.05.2025, 19:21 A59: Köln -> Düsseldorf, zwischen 0.5 km hinter AS Düsseldorf-Garath und 0.5 km vor AS Düsseldorf-Benrath  Langsamer Verkehr Reisezeitverlust: 0 Minuten Durchschnittsgeschwindigkeit: 67 km/h",51.1571964767596,6.89094942767312
"A60","undefined--vi-zus.2025-04-08_08-51-21-000.f_013.de0","49.98125533976677,8.345695317688524,49.97565770865279,8.441396718063045","49.98125533976677,8.345695317688524","WARNING","A60 | Mainspitz-Dreieck - Rüsselsheimer Dreieck"," Mainz -> Rüsselsheim",NA,NA,NA,2025-04-08,"Beginn: 08.04.25 um 08:51 Uhr  Zusammengesetzte Verkehrsinformation, seit 08.04.2025, 08:51 A60: Mainz -> Rüsselsheim, zwischen 0.5 km hinter AD Mainspitz-Dreieck und 2.2 km vor AD Rüsselsheimer Dreieck  Sperrung der A60 bei Königstädten – Grundhafte Fahrbahnerneuerung zwischen dem Rüsselsheimer Dreieck und dem Mainspitz Dreieck. Die Niederlassung West der Autobahn GmbH erneuert zwischen dem Rüsselsheimer Dreieck (30) und dem Mainspitz Dreieck (26) die Fahrbahn. Von Donnerstagmorgen (24. April) bis Mitte Juli wird die Anschlussstelle (AS) Königstädten (29) in Fahrtrichtung (FR) Mainz sowie in FR Rüsselsheimer Dreieck gesperrt. Umleitungsmöglichkeiten sind ausgeschildert: • Ausfahrt FR Mainz: Umleitung via AS Rüsselsheim-Mitte • Einfahrt FR Mainz: innerstädtische Umleitung zur AS Rüsselsheim-Mitte (Adam-Opel-Straße / Kurt-Schumacher-Ring), von Nauheim kommend via L3482 zur AS Bischofsheim • Einfahrt FR Darmstadt: innerstädtische Umleitung zur AS Rüsselsheim-Mitte (Adam-Opel-Straße / Kurt-Schumacher-Ring) Die Autobahn GmbH bittet alle Verkehrsteilnehmer um Verständnis für die unvermeidlichen Verkehrsbehinderungen, die durch die Arbeiten entstehen.",49.9812553397668,8.34569531768852
"A60","undefined--vi-zus.2025-05-03_10-55-00-000.f_003.de0","49.977457399447445,8.454646346787307,49.981587265039146,8.34517285786785","49.977457399447445,8.454646346787307","WARNING","A60 | Rüsselsheimer Dreieck - Mainspitz-Dreieck"," Rüsselsheim -> Mainz",NA,NA,NA,2025-05-03,"Beginn: 03.05.25 um 10:55 Uhr  Zusammengesetzte Verkehrsinformation, seit 03.05.2025, 10:55 A60: Rüsselsheim -> Mainz, zwischen 0.6 km hinter AD Rüsselsheimer Dreieck und 0.5 km vor AD Mainspitz-Dreieck  Sperrung der A60 bei Königstädten – Grundhafte Fahrbahnerneuerung zwischen dem Rüsselsheimer Dreieck und dem Mainspitz Dreieck. Die Niederlassung West der Autobahn GmbH erneuert zwischen dem Rüsselsheimer Dreieck (30) und dem Mainspitz Dreieck (26) die Fahrbahn. Von Donnerstagmorgen (24. April) bis Mitte Juli wird die Anschlussstelle (AS) Königstädten (29) in Fahrtrichtung (FR) Mainz sowie in FR Rüsselsheimer Dreieck gesperrt. Umleitungsmöglichkeiten sind ausgeschildert: • Ausfahrt FR Mainz: Umleitung via AS Rüsselsheim-Mitte • Einfahrt FR Mainz: innerstädtische Umleitung zur AS Rüsselsheim-Mitte (Adam-Opel-Straße / Kurt-Schumacher-Ring), von Nauheim kommend via L3482 zur AS Bischofsheim • Einfahrt FR Darmstadt: innerstädtische Umleitung zur AS Rüsselsheim-Mitte (Adam-Opel-Straße / Kurt-Schumacher-Ring) Die Autobahn GmbH bittet alle Verkehrsteilnehmer um Verständnis für die unvermeidlichen Verkehrsbehinderungen, die durch die Arbeiten entstehen.",49.9774573994474,8.45464634678731
"A61","undefined--vi-hind.2025-05-19_18-10-40-000.f_003.de0","50.714875900937756,6.898608699996218,50.744148554507504,6.866387432481455","50.714875900937756,6.898608699996218","WARNING","A61 | Miel - Weilerswist"," Koblenz -> Mönchengladbach",NA,NA,NA,2025-05-19,"Beginn: 19.05.25 um 18:10 Uhr  Hindernis, seit 19.05.2025, 18:10 A61: Koblenz -> Mönchengladbach, zwischen 4.9 km hinter AS Miel und 0.5 km vor AS Weilerswist  Gefahr durch Gegenstände auf der Fahrbahn",50.7148759009378,6.89860869999622
"A61","undefined--vi-zus.2025-05-19_19-03-30-000.f.de0","50.76939926091151,6.826582716456146,50.77620581525869,6.815833954404848","50.76939926091151,6.826582716456146","WARNING","A61 | Weilerswist - Erftstadt"," Koblenz -> Mönchengladbach",1,"QUEUING_TRAFFIC","27.299999237060547",2025-05-19,"Beginn: 19.05.25 um 19:03 Uhr  Zusammengesetzte Verkehrsinformation, seit 19.05.2025, 19:03 A61: Koblenz -> Mönchengladbach, zwischen 3.6 km hinter AS Weilerswist und 3.4 km vor AS Erftstadt  Gefahr durch eine ungesicherte Unfallstelle  Stockender Verkehr Reisezeitverlust: 1 Minuten Durchschnittsgeschwindigkeit: 27 km/h",50.7693992609115,6.82658271645615
"A61","undefined--vi-hind.2025-05-19_18-46-30-000.f_012.de0","50.77326233791408,6.8195591950639844,50.77620581525869,6.815833954404848","50.77326233791408,6.8195591950639844","WARNING","A61 | Bliesheim - Erftstadt"," Koblenz -> Mönchengladbach",NA,NA,NA,2025-05-19,"Beginn: 19.05.25 um 18:46 Uhr  Hindernis, seit 19.05.2025, 18:46 A61: Koblenz -> Mönchengladbach, zwischen 0.3 km hinter AK Bliesheim und 3.4 km vor AS Erftstadt  Gefahr durch eine ungesicherte Unfallstelle",50.7732623379141,6.81955919506398
"A61","undefined--vi-avl.2025-05-19_19-04-00-000.f_001.de0","50.76938902897919,6.826606031771401,50.76938902897919,6.826606031771401","50.76938902897919,6.826606031771401","WARNING","A61 | Bliesheim - Bliesheim"," Koblenz -> Mönchengladbach",NA,"QUEUING_TRAFFIC","26",2025-05-19,"Beginn: 19.05.25 um 19:22 Uhr  Angespannte Verkehrslage, seit 19.05.2025, 19:22 A61: Koblenz -> Mönchengladbach, 0.4 km vor AK Bliesheim, aus Richtung Weilerswist  Stockender Verkehr Durchschnittsgeschwindigkeit: 26 km/h",50.7693890289792,6.8266060317714
"A61","undefined--vi-avl.2025-05-19_11-40-25-000.f_008.de0","51.13979740093553,6.423000399990644,51.130117905626356,6.423318745089309","51.13979740093553,6.423000399990644","WARNING","A61 | Mönchengladbach-Wickrath - Mönchengladbach-Güdderath"," Mönchengladbach -> Koblenz",0,"SLOW_TRAFFIC","63.900001525878906",2025-05-19,"Beginn: 19.05.25 um 11:40 Uhr  Angespannte Verkehrslage, seit 19.05.2025, 11:40 A61: Mönchengladbach -> Koblenz, zwischen AS Mönchengladbach-Wickrath und 1.4 km vor AS Mönchengladbach-Güdderath  Langsamer Verkehr Reisezeitverlust: 0 Minuten Durchschnittsgeschwindigkeit: 63 km/h",51.1397974009355,6.42300039999064
"A63","undefined--vi-avl.2025-05-19_18-20-21-000.f_012.de0","49.94753047382953,8.217786232954248,49.94753047382953,8.217786232954248","49.94753047382953,8.217786232954248","WARNING","A63 | Nieder-Olm-Nord - Nieder-Olm-Nord"," Mainz -> Kaiserslautern",NA,"STATIONARY_TRAFFIC","18",2025-05-19,"Beginn: 19.05.25 um 19:22 Uhr  Angespannte Verkehrslage, seit 19.05.2025, 19:22 A63: Mainz -> Kaiserslautern, 4.4 km vor AS Nieder-Olm-Nord, aus Richtung Klein-Winternheim  Im Stillstand Durchschnittsgeschwindigkeit: 18 km/h",49.9475304738295,8.21778623295425
"A63","undefined--vi-zus.2025-05-19_18-15-12-000.f_001.de0","49.94755342912885,8.21784615782013,49.92622018200346,8.197852214800063","49.94755342912885,8.21784615782013","WARNING","A63 | Klein-Winternheim - Nieder-Olm-Nord"," Mainz -> Kaiserslautern",8,"STATIONARY_TRAFFIC","18.399999618530273",2025-05-19,"Beginn: 19.05.25 um 18:15 Uhr  Zusammengesetzte Verkehrsinformation, seit 19.05.2025, 18:15 A63: Mainz -> Kaiserslautern, zwischen 0.2 km hinter AS Klein-Winternheim und 1.4 km vor AS Nieder-Olm-Nord  Im Stillstand Reisezeitverlust: 8 Minuten Durchschnittsgeschwindigkeit: 18 km/h",49.9475534291289,8.21784615782013
"A63","undefined--vi-unf.2025-05-19_18-22-32-000.f_001.de0","49.932798306196354,8.201544061632575,49.92020914078996,8.195023272541302","49.932798306196354,8.201544061632575","WARNING","A63 | Klein-Winternheim - Nieder-Olm-Nord"," Mainz -> Kaiserslautern",NA,NA,NA,2025-05-19,"Beginn: 19.05.25 um 18:22 Uhr  Unfall, seit 19.05.2025, 18:22 A63: Mainz -> Kaiserslautern, zwischen 2.4 km hinter AS Klein-Winternheim und 0.7 km vor AS Nieder-Olm-Nord",49.9327983061964,8.20154406163257
"A64","undefined--vi-avl.2025-05-19_19-15-30-000.f_001.de0","49.73892831462095,6.54305297079475,49.76223100875662,6.58049840695958","49.73892831462095,6.54305297079475","WARNING","A64 | Sauertalbrücke - Sauertal"," Luxemburg -> Trier",1,"SLOW_TRAFFIC","73.9000015258789",2025-05-19,"Beginn: 19.05.25 um 19:15 Uhr  Angespannte Verkehrslage, seit 19.05.2025, 19:15 A64: Luxemburg -> Trier, zwischen 3.0 km hinter Sauertalbrücke und 0.1 km vor Sauertal  Langsamer Verkehr Reisezeitverlust: 1 Minuten Durchschnittsgeschwindigkeit: 73 km/h",49.7389283146209,6.54305297079475
"A71","undefined--vi-hind.2025-05-19_18-47-31-000.f_001.de0","51.01927100093615,10.970183800002825,50.95801993819124,10.937818683419751","51.01927100093615,10.970183800002825","WARNING","A71 | Erfurt-Gispersleben - Erfurt-Bindersleben"," Sangerhausen -> Erfurt",NA,NA,NA,2025-05-19,"Beginn: 19.05.25 um 18:47 Uhr  Fahrzeug-Hindernis, seit 19.05.2025, 18:47 A71: Sangerhausen -> Erfurt, zwischen 0.6 km hinter AS Erfurt-Gispersleben und 0.3 km vor AS Erfurt-Bindersleben Gefahr durch ein defektes Fahrzeug auf der Fahrbahn",51.0192710009362,10.9701838000028
"A72","undefined--vi-avl.2025-05-19_19-22-30-000.f_002.de0","50.8443004147029,12.845266275896877,50.83801857290791,12.845701662990157","50.8443004147029,12.845266275896877","WARNING","A72 | Chemnitz - Chemnitz-Rottluff"," Chemnitz -> Zwickau",0,"SLOW_TRAFFIC","47.29999923706055",2025-05-19,"Beginn: 19.05.25 um 19:22 Uhr  Angespannte Verkehrslage, seit 19.05.2025, 19:22 A72: Chemnitz -> Zwickau, zwischen 0.8 km hinter AK Chemnitz und 1.2 km vor AS Chemnitz-Rottluff  Langsamer Verkehr Reisezeitverlust: 0 Minuten Durchschnittsgeschwindigkeit: 47 km/h",50.8443004147029,12.8452662758969
"A81","undefined--vi-hind.2025-05-19_18-41-52-000.f_002.de0","49.28173920094402,9.356345000000083,49.40835742850644,9.473229453523949","49.28173920094402,9.356345000000083","WARNING","A81 | Neuenstadt (Kocher) - Holzspitze"," Heilbronn -> Würzburg",NA,NA,NA,2025-05-19,"Beginn: 19.05.25 um 18:41 Uhr  Hindernis, seit 19.05.2025, 18:41 A81: Heilbronn -> Würzburg, zwischen 5.1 km hinter AS Neuenstadt (Kocher) und 6.9 km vor Holzspitze  Gefahr durch Gegenstände auf der Fahrbahn",49.281739200944,9.35634500000008
"A93","undefined--vi-hind.2025-05-19_18-01-32-000.f_005.de0","50.18281344428663,12.121603114014386,50.18101562488324,12.122123974984158","50.18281344428663,12.121603114014386","WARNING","A93 | Schönwald - Selb-Nord"," Hof -> Weiden",NA,NA,NA,2025-05-19,"Beginn: 19.05.25 um 18:01 Uhr  Fahrzeug-Hindernis, seit 19.05.2025, 18:01 A93: Hof -> Weiden, zwischen 5.5 km hinter AS Schönwald und 0.1 km vor AS Selb-Nord",50.1828134442866,12.1216031140144
"A93","undefined--vi-hind.2025-05-19_19-12-00-000.f_001.de0","50.349738754632554,11.975609977249722,50.31154700093986,12.022836600022092","50.349738754632554,11.975609977249722","WARNING","A93 | Hof-Ost - Regnitzlosau"," Hof -> Weiden",NA,NA,NA,2025-05-19,"Beginn: 19.05.25 um 19:12 Uhr  Fahrzeug-Hindernis, seit 19.05.2025, 19:12 A93: Hof -> Weiden, zwischen 0.3 km hinter AS Hof-Ost und 0.1 km vor AS Regnitzlosau",50.3497387546326,11.9756099772497
"A113","undefined--vi-avl.2025-05-19_11-40-25-000.f_013.de0","52.43440973910354,13.496691396822904,52.42186361456694,13.521843081282048","52.43440973910354,13.496691396822904","WARNING","A113 | Johannisthaler Chaussee - Rudower Höhe"," Neukölln -> Schönefeld",6,"STATIONARY_TRAFFIC","18.5",2025-05-19,"Beginn: 19.05.25 um 11:40 Uhr  Angespannte Verkehrslage, seit 19.05.2025, 11:40 A113: Neukölln -> Schönefeld, zwischen 1.5 km hinter AS Johannisthaler Chaussee und 0.2 km vor Rudower Höhe  Im Stillstand Reisezeitverlust: 6 Minuten Durchschnittsgeschwindigkeit: 18 km/h",52.4344097391035,13.4966913968229
"A113","undefined--vi-zus.2025-05-06_00-21-00-000.f_002.de0","52.431770300930815,13.501964500120101,52.420514923982736,13.521858832895003","52.431770300930815,13.501964500120101","WARNING","A113 | Stubenrauchstraße - Rudower Höhe"," Neukölln -> Schönefeld",NA,NA,NA,2025-05-06,"Beginn: 06.05.25 um 00:21 Uhr  Zusammengesetzte Verkehrsinformation, seit 06.05.2025, 00:21 A113: Neukölln -> Schönefeld, zwischen 0.3 km hinter AS Stubenrauchstraße und Rudower Höhe  A113 Autobahnzubringer Dresden, Neukölln Richtung Schönefeld
zwischen Stubenrauchstraße und Tunnel Rudower Höhe
linker Fahrstreifen gesperrt, Bauarbeiten, bis voraussichtlich 20.06.2025",52.4317703009308,13.5019645001201
"A113","undefined--vi-avl.2025-05-19_14-19-55-000.f_013.de0","52.43442633778985,13.496656679672585,52.43442633778985,13.496656679672585","52.43442633778985,13.496656679672585","WARNING","A113 | Stubenrauchstraße - Stubenrauchstraße"," Neukölln -> Schönefeld",NA,"STATIONARY_TRAFFIC","19",2025-05-19,"Beginn: 19.05.25 um 19:22 Uhr  Angespannte Verkehrslage, seit 19.05.2025, 19:22 A113: Neukölln -> Schönefeld, 0.1 km vor AS Stubenrauchstraße, aus Richtung Johannisthaler Chaussee  Im Stillstand Durchschnittsgeschwindigkeit: 19 km/h",52.4344263377899,13.4966566796726
"A115","undefined--vi-zus.2024-10-09_07-09-40-000.f_531.de0","52.40027056808641,13.185163736426698,52.44227384698058,13.202709435405149","52.40027056808641,13.185163736426698","WARNING","A115 | Am Stern - Hüttenweg"," Dreieck Nuthetal -> Dreieck Funkturm",NA,NA,NA,2024-10-09,"Beginn: 09.10.24 um 07:09 Uhr  Zusammengesetzte Verkehrsinformation, seit 09.10.2024, 07:09 A115: Dreieck Nuthetal -> Dreieck Funkturm, zwischen 2.9 km hinter Am Stern und 3.8 km vor AS Hüttenweg  A115 Autobahnzubringer Magdeburg, Dreieck Nuthetal Richtung Dreieck Funkturm, zwischen Anschlussstelle Kleinmachnow und Anschlussstelle Spanische Allee, Baustelle, bis 31.10.2026 17:00 Uhr",52.4002705680864,13.1851637364267
"A261","undefined--vi-avl.2025-05-19_16-17-51-000.f_004.de0","53.43667226049896,9.926283857010324,53.43667226049896,9.926283857010324","53.43667226049896,9.926283857010324","WARNING","Baustelle","",NA,"QUEUING_TRAFFIC","11",2025-05-19,"Beginn: 19.05.25 um 19:22 Uhr  Angespannte Verkehrslage, seit 19.05.2025, 19:22 A261 N  Stockender Verkehr Durchschnittsgeschwindigkeit: 11 km/h",53.436672260499,9.92628385701032
"A261","undefined--vi-avl.2025-05-19_16-17-51-000.f_025.de0","53.43667226049896,9.926283857010324,53.439623700919974,9.921622800000415","53.43667226049896,9.926283857010324","WARNING","Baustelle"," km 0.65 --> km 0.19",0,"QUEUING_TRAFFIC","26.200000762939453",2025-05-19,"Beginn: 19.05.25 um 16:17 Uhr  Angespannte Verkehrslage, seit 19.05.2025, 16:17 A261: km 0.65 --> km 0.19  Stockender Verkehr Reisezeitverlust: 0 Minuten Durchschnittsgeschwindigkeit: 26 km/h",53.436672260499,9.92628385701032
