"road","identifier","extent","point","display_type","title","subtitle","delay_minutes","abnormalTrafficType","averageSpeed","startTimestamp","description","latitude","longitude"
"A1","undefined--vi-hind.2025-05-20_21-25-30-000.f_001.de0","50.57185510093848,6.685111299994068,50.57436335037364,6.686487364977469","50.57185510093848,6.685111299994068","WARNING","A1 | Nettersheim - Mechernich"," Blankenheim -> Euskirchen",NA,NA,NA,2025-05-20,"Beginn: 20.05.25 um 21:25 Uhr  Hindernis, seit 20.05.2025, 21:25 A1: Blankenheim -> Euskirchen, zwischen 5.2 km hinter AS Nettersheim und 0.1 km vor AS Mechernich  Gefahr durch Gegenstände auf der Fahrbahn",50.5718551009385,6.68511129999407
"A1","undefined--vi-avl.2025-05-20_21-03-00-000.f_004.de0","51.27737405118618,7.259853000297704,51.299549642933044,7.262388130798414","51.27737405118618,7.259853000297704","WARNING","A1 | Kucksiepen - Wuppertal-Nord"," Köln -> Dortmund",8,"STATIONARY_TRAFFIC","14.699999809265137",2025-05-20,"Beginn: 20.05.25 um 21:03 Uhr  Angespannte Verkehrslage, seit 20.05.2025, 21:03 A1: Köln -> Dortmund, zwischen 1.5 km hinter Kucksiepen und 1.8 km vor AK Wuppertal-Nord  Im Stillstand Reisezeitverlust: 8 Minuten Durchschnittsgeschwindigkeit: 14 km/h",51.2773740511862,7.2598530002977
"A1","undefined--vi-avl.2025-05-20_21-09-30-000.f_003.de0","51.27743681144535,7.2598604319998525,51.27743681144535,7.2598604319998525","51.27743681144535,7.2598604319998525","WARNING","A1 | Wuppertal-Langerfeld - Wuppertal-Langerfeld"," Köln -> Dortmund",NA,"STATIONARY_TRAFFIC","15",2025-05-20,"Beginn: 20.05.25 um 21:47 Uhr  Angespannte Verkehrslage, seit 20.05.2025, 21:47 A1: Köln -> Dortmund, 0.7 km vor AS Wuppertal-Langerfeld, aus Richtung Kucksiepen  Im Stillstand Durchschnittsgeschwindigkeit: 15 km/h",51.2774368114453,7.25986043199985
"A1","undefined--vi-avl.2025-05-20_20-14-00-000.f_002.de0","53.021446380871396,8.78787913126121,53.02369352510232,8.817487960156697","53.021446380871396,8.78787913126121","WARNING","A1 | Stuhr - Krummhörens Kuhlen"," Osnabrück -> Bremen",3,"STATIONARY_TRAFFIC","25.399999618530273",2025-05-20,"Beginn: 20.05.25 um 20:14 Uhr  Angespannte Verkehrslage, seit 20.05.2025, 20:14 A1: Osnabrück -> Bremen, zwischen 6.0 km hinter AD Stuhr und 0.5 km vor Krummhörens Kuhlen  Im Stillstand Reisezeitverlust: 3 Minuten Durchschnittsgeschwindigkeit: 25 km/h",53.0214463808714,8.78787913126121
"A1","undefined--vi-avl.2025-05-20_21-34-30-000.f_003.de0","53.021469025459616,8.788023405524424,53.021469025459616,8.788023405524424","53.021469025459616,8.788023405524424","WARNING","A1 | Bremen/Brinkum - Bremen/Brinkum"," Osnabrück -> Bremen",NA,"STATIONARY_TRAFFIC","25",2025-05-20,"Beginn: 20.05.25 um 21:47 Uhr  Angespannte Verkehrslage, seit 20.05.2025, 21:47 A1: Osnabrück -> Bremen, 1.0 km vor AS Bremen/Brinkum, aus Richtung Stuhr  Im Stillstand Durchschnittsgeschwindigkeit: 25 km/h",53.0214690254596,8.78802340552442
"A1","undefined--vi-hind.2025-05-20_19-17-00-000.f_004.de0","53.20031260092184,9.295084500000122,53.110726233777484,9.201271968668555","53.20031260092184,9.295084500000122","WARNING","A1 | Bockel - Stuckenborstel"," Hamburg -> Bremen",NA,NA,NA,2025-05-20,"Beginn: 20.05.25 um 19:17 Uhr  Fahrzeug-Hindernis, seit 20.05.2025, 19:17 A1: Hamburg -> Bremen, zwischen 0.2 km hinter Bockel und 0.2 km vor AS Stuckenborstel",53.2003126009218,9.29508450000012
"A1","undefined--vi-hind.2025-05-20_19-20-30-000.f_006.de0","53.87919300091635,10.66061360000142,53.8827857422508,10.664596574039464","53.87919300091635,10.66061360000142","WARNING","A1 | Lübeck-Moisling - Bad Schwartau"," Hamburg -> Fehmarn",NA,NA,NA,2025-05-20,"Beginn: 20.05.25 um 19:20 Uhr  Fahrzeug-Hindernis, seit 20.05.2025, 19:20 A1: Hamburg -> Fehmarn, zwischen 3.0 km hinter AS Lübeck-Moisling und 3.1 km vor AS Bad Schwartau Gefahr durch ein defektes Fahrzeug auf der Fahrbahn",53.8791930009164,10.6606136000014
"A2","undefined--vi-avl.2025-05-20_19-41-30-000.f.de0","51.5386298801034,6.843310174342619,51.5389081497909,6.866825447097448","51.5386298801034,6.843310174342619","WARNING","A2 | Oberhausen - Oberhausen-Königshardt"," Oberhausen -> Dortmund",5,"STATIONARY_TRAFFIC","14.5",2025-05-20,"Beginn: 20.05.25 um 19:41 Uhr  Angespannte Verkehrslage, seit 20.05.2025, 19:41 A2: Oberhausen -> Dortmund, zwischen 0.6 km hinter AK Oberhausen und 0.2 km vor AS Oberhausen-Königshardt  Im Stillstand Reisezeitverlust: 5 Minuten Durchschnittsgeschwindigkeit: 14 km/h",51.5386298801034,6.84331017434262
"A2","undefined--vi-avl.2025-05-20_19-42-30-000.f_003.de0","51.5386298801034,6.843310174342619,51.5386298801034,6.843310174342619","51.5386298801034,6.843310174342619","WARNING","A2 | Oberhausen-Königshardt - Oberhausen-Königshardt"," Oberhausen -> Dortmund",NA,"STATIONARY_TRAFFIC","4",2025-05-20,"Beginn: 20.05.25 um 21:47 Uhr  Angespannte Verkehrslage, seit 20.05.2025, 21:47 A2: Oberhausen -> Dortmund, 1.8 km vor AS Oberhausen-Königshardt, aus Richtung Oberhausen  Im Stillstand Durchschnittsgeschwindigkeit: 4 km/h",51.5386298801034,6.84331017434262
"A2","undefined--vi-avl.2025-05-20_19-31-00-000.f_003.de0","51.705248975120746,7.977997337537357,51.6891252793013,7.962543369921006","51.705248975120746,7.977997337537357","WARNING","A2 | Stettin - Im Großen Klei"," Hannover -> Dortmund",1,"QUEUING_TRAFFIC","43.599998474121094",2025-05-20,"Beginn: 20.05.25 um 19:31 Uhr  Angespannte Verkehrslage, seit 20.05.2025, 19:31 A2: Hannover -> Dortmund, zwischen 2.1 km hinter Stettin und 2.8 km vor Im Großen Klei  Stockender Verkehr Reisezeitverlust: 1 Minuten Durchschnittsgeschwindigkeit: 43 km/h",51.7052489751207,7.97799733753736
"A2","undefined--vi-avl.2025-05-20_10-45-52-000.f_002.de0","52.2196660715803,9.146762461874273,52.22057781717007,9.132168712605122","52.2196660715803,9.146762461874273","WARNING","A2 | Bernser Kirchweg - Bad Eilsen-Ost"," Hannover -> Dortmund",0,"SLOW_TRAFFIC","57.20000076293945",2025-05-20,"Beginn: 20.05.25 um 10:45 Uhr  Angespannte Verkehrslage, seit 20.05.2025, 10:45 A2: Hannover -> Dortmund, zwischen 1.4 km hinter Bernser Kirchweg und 0.5 km vor AS Bad Eilsen-Ost  Langsamer Verkehr Reisezeitverlust: 0 Minuten Durchschnittsgeschwindigkeit: 57 km/h",52.2196660715803,9.14676246187427
"A2","undefined--vi-avl.2025-05-20_21-14-30-000.f_005.de0","52.17396316416138,11.486014537423838,52.1682165331635,11.49993356820704","52.17396316416138,11.486014537423838","WARNING","A2 | Börde - Magdeburg"," Braunschweig -> Magdeburg",0,"SLOW_TRAFFIC","67.5999984741211",2025-05-20,"Beginn: 20.05.25 um 21:14 Uhr  Angespannte Verkehrslage, seit 20.05.2025, 21:14 A2: Braunschweig -> Magdeburg, zwischen 2.6 km hinter Börde und 3.2 km vor AK Magdeburg  Langsamer Verkehr Reisezeitverlust: 0 Minuten Durchschnittsgeschwindigkeit: 67 km/h",52.1739631641614,11.4860145374238
"A2","undefined--vi-hind.2025-05-20_21-19-34-000.f.de0","52.2386268813741,12.104055976474532,52.23888270556875,12.106062266408172","52.2386268813741,12.104055976474532","WARNING","A2 | Theessen - Wüstenforst"," Magdeburg -> Berliner Ring",NA,NA,NA,2025-05-20,"Beginn: 20.05.25 um 21:19 Uhr  Hindernis, seit 20.05.2025, 21:19 A2: Magdeburg -> Berliner Ring, zwischen 2.7 km hinter AS Theessen und 2.5 km vor Wüstenforst  Gefahr durch Gegenstände auf der Fahrbahn",52.2386268813741,12.1040559764745
"A3","undefined--vi-avl.2025-05-20_21-19-34-000.f.de0","48.54044684257283,13.399441236025037,48.54920371171338,13.396412361948911","48.54044684257283,13.399441236025037","WARNING","A3 | Passau-Süd - Hammerbach"," Linz -> Nürnberg",0,"SLOW_TRAFFIC","58.29999923706055",2025-05-20,"Beginn: 20.05.25 um 21:19 Uhr  Angespannte Verkehrslage, seit 20.05.2025, 21:19 A3: Linz -> Nürnberg, zwischen 0.5 km hinter AS Passau-Süd und 1.3 km vor Hammerbach  Langsamer Verkehr Reisezeitverlust: 0 Minuten Durchschnittsgeschwindigkeit: 58 km/h",48.5404468425728,13.399441236025
"A3","undefined--vi-avl.2025-05-20_18-52-32-000.f_007.de0","48.77814183421468,13.02748717565696,48.78923850094671,13.00827200011237","48.77814183421468,13.02748717565696","WARNING","A3 | Hengersberg - Isarblick"," Passau -> Nürnberg",0,"SLOW_TRAFFIC","60",2025-05-20,"Beginn: 20.05.25 um 18:52 Uhr  Angespannte Verkehrslage, seit 20.05.2025, 18:52 A3: Passau -> Nürnberg, zwischen 1.3 km hinter AS Hengersberg und 2.7 km vor Isarblick  Langsamer Verkehr Reisezeitverlust: 0 Minuten Durchschnittsgeschwindigkeit: 60 km/h",48.7781418342147,13.027487175657
"A3","undefined--vi-hind.2025-05-20_21-23-30-000.f_001.de0","49.380533400943676,11.343884400006912,49.361355500943716,11.425877200008168","49.380533400943676,11.343884400006912","WARNING","A3 | Altdorf/Burgthann - Eichenäcker"," Nürnberg -> Passau",NA,NA,NA,2025-05-20,"Beginn: 20.05.25 um 21:23 Uhr  Hindernis, seit 20.05.2025, 21:23 A3: Nürnberg -> Passau, zwischen 0.3 km hinter AS Altdorf/Burgthann und 1.0 km vor Eichenäcker  Gefahr durch Gegenstände auf der Fahrbahn",49.3805334009437,11.3438844000069
"A3","undefined--vi-avl.2025-05-20_20-46-30-000.f_001.de0","51.15424332278871,6.965235841306118,51.15424332278871,6.965235841306118","51.15424332278871,6.965235841306118","WARNING","A3 | Solingen - Solingen"," Oberhausen -> Köln",NA,"STATIONARY_TRAFFIC","7",2025-05-20,"Beginn: 20.05.25 um 21:47 Uhr  Angespannte Verkehrslage, seit 20.05.2025, 21:47 A3: Oberhausen -> Köln, 3.8 km vor AS Solingen, aus Richtung Ohligser Heide  Im Stillstand Durchschnittsgeschwindigkeit: 7 km/h",51.1542433227887,6.96523584130612
"A3","undefined--vi-avl.2025-05-20_20-38-00-000.f_001.de0","51.15424332278871,6.965235841306118,51.123898200935564,6.978046999996868","51.15424332278871,6.965235841306118","WARNING","A3 | Ohligser Heide - Solingen"," Oberhausen -> Köln",15,"STATIONARY_TRAFFIC","12.300000190734863",2025-05-20,"Beginn: 20.05.25 um 20:38 Uhr  Angespannte Verkehrslage, seit 20.05.2025, 20:38 A3: Oberhausen -> Köln, zwischen 0.5 km hinter Ohligser Heide und 0.3 km vor AS Solingen  Im Stillstand Reisezeitverlust: 15 Minuten Durchschnittsgeschwindigkeit: 12 km/h",51.1542433227887,6.96523584130612
"A3","undefined--vi-hind.2025-05-20_21-29-00-000.f_002.de0","51.25840240093482,6.914443099996465,51.256898387323204,6.914100868926983","51.25840240093482,6.914443099996465","WARNING","A3 | Mettmann - Stindertal / Stinderhof"," Oberhausen -> Köln",NA,NA,NA,2025-05-20,"Beginn: 20.05.25 um 21:29 Uhr  Hindernis, seit 20.05.2025, 21:29 A3: Oberhausen -> Köln, zwischen 0.1 km hinter AS Mettmann und 2.2 km vor Stindertal / Stinderhof  Gefahr durch Gegenstände auf der Fahrbahn",51.2584024009348,6.91444309999646
"A4","undefined--vi-zus.2025-04-04_23-56-30-000.f_002.de0","50.901289624204914,6.90302426816572,50.890081311826236,6.92771065579615","50.901289624204914,6.90302426816572","WARNING","A4 | Köln-West - Köln-Süd"," Heerlen/Aachen -> Köln",NA,NA,NA,2025-04-04,"Beginn: 04.04.25 um 23:56 Uhr  Zusammengesetzte Verkehrsinformation, seit 04.04.2025, 23:56 A4: Heerlen/Aachen -> Köln, zwischen 4.9 km hinter AK Köln-West und 3.0 km vor AK Köln-Süd  A4 Kölner Ring, Heerlen/Aachen Richtung Köln, zwischen Anschlussstelle Köln-Klettenberg und Anschlussstelle Köln-Eifeltor, Brückenarbeiten, vorübergehende Beschränkung des zulässigen Gesamtgewichts auf 40.0 t, von 05.04.2025 05:00 bis 31.03.2027 05:00 Uhr",50.9012896242049,6.90302426816572
"A4","undefined--vi-zus.2025-05-20_21-46-30-000.f.de0","50.88828072972216,6.932411857352662,50.89252196527827,6.922707220942317","50.88828072972216,6.932411857352662","WARNING","A4 | Köln-Süd - Köln-Klettenberg"," Köln -> Heerlen/Aachen",0,"SLOW_TRAFFIC","56.20000076293945",2025-05-20,"Beginn: 20.05.25 um 21:46 Uhr  Zusammengesetzte Verkehrsinformation, seit 20.05.2025, 21:46 A4: Köln -> Heerlen/Aachen, zwischen 2.6 km hinter AK Köln-Süd und 1.1 km vor AS Köln-Klettenberg  Langsamer Verkehr Reisezeitverlust: 0 Minuten Durchschnittsgeschwindigkeit: 56 km/h",50.8882807297222,6.93241185735266
"A4","undefined--vi-avl.2025-05-20_21-32-30-000.f.de0","51.18430040096618,14.998414400641499,51.18430040096618,14.998414400641499","51.18430040096618,14.998414400641499","WARNING","A4 | An der Neiße - An der Neiße"," Görlitz -> Dresden",NA,"QUEUING_TRAFFIC","21",2025-05-20,"Beginn: 20.05.25 um 21:43 Uhr  Angespannte Verkehrslage, seit 20.05.2025, 21:43 A4: Görlitz -> Dresden, 0.7 km vor An der Neiße, aus Richtung Ludwigsdorf  Stockender Verkehr Durchschnittsgeschwindigkeit: 21 km/h",51.1843004009662,14.9984144006415
"A4","undefined--vi-zus.2025-05-20_21-32-00-000.f.de0","51.18430040096618,14.998414400641499,51.186736500965786,14.989494200636342","51.18430040096618,14.998414400641499","WARNING","A4 | Ludwigsdorf - An der Neiße"," Görlitz -> Dresden",1,"QUEUING_TRAFFIC","25.700000762939453",2025-05-20,"Beginn: 20.05.25 um 21:32 Uhr  Zusammengesetzte Verkehrsinformation, seit 20.05.2025, 21:32 A4: Görlitz -> Dresden, zwischen 0.8 km hinter Ludwigsdorf und 0.1 km vor An der Neiße  Stockender Verkehr Reisezeitverlust: 1 Minuten Durchschnittsgeschwindigkeit: 25 km/h",51.1843004009662,14.9984144006415
"A5","undefined--vi-hind.2025-05-20_21-40-00-000.f_001.de0","49.15932121507519,8.567463711003734,49.16493920795517,8.570807777988792","49.15932121507519,8.567463711003734","WARNING","A5 | Bruchsal - Kronau"," Karlsruhe -> Heidelberg",NA,NA,NA,2025-05-20,"Beginn: 20.05.25 um 21:40 Uhr  Hindernis, seit 20.05.2025, 21:40 A5: Karlsruhe -> Heidelberg, zwischen 0.1 km hinter Bruchsal und 7.4 km vor AS Kronau  Gefahr durch Gegenstände auf der Fahrbahn",49.1593212150752,8.56746371100373
"A5","undefined--vi-hind.2025-05-20_21-17-30-000.f_001.de0","49.649660049927185,8.609662206576218,49.64328362473356,8.609272680993861","49.649660049927185,8.609662206576218","WARNING","A5 | Kälberpfad - Fuchsbuckel"," Darmstadt -> Heidelberg",NA,NA,NA,2025-05-20,"Beginn: 20.05.25 um 21:17 Uhr  Fahrzeug-Hindernis, seit 20.05.2025, 21:17 A5: Darmstadt -> Heidelberg, zwischen 1.5 km hinter Kälberpfad und 2.6 km vor Fuchsbuckel Gefahr durch ein defektes Fahrzeug auf der Fahrbahn",49.6496600499272,8.60966220657622
"A6","undefined--vi-hind.2025-05-20_20-09-00-000.f_005.de0","49.21152990094426,9.072320200000012,49.18684520480663,9.195242698743506","49.21152990094426,9.072320200000012","WARNING","A6 | Bauernwald - Heilbronn/Untereisesheim"," Mannheim -> Heilbronn",NA,NA,NA,2025-05-20,"Beginn: 20.05.25 um 20:09 Uhr  Fahrzeug-Hindernis, seit 20.05.2025, 20:09 A6: Mannheim -> Heilbronn, zwischen 7.4 km hinter Bauernwald und 0.5 km vor AS Heilbronn/Untereisesheim",49.2115299009443,9.07232020000001
"A6","undefined--vi-avl.2025-05-20_20-58-00-000.f.de0","49.30131264099162,10.753872883505705,49.29288885744529,10.73713644114999","49.30131264099162,10.753872883505705","WARNING","A6 | Lerchenbuck - Lichtenau"," Nürnberg -> Heilbronn",0,"SLOW_TRAFFIC","72.80000305175781",2025-05-20,"Beginn: 20.05.25 um 20:58 Uhr  Angespannte Verkehrslage, seit 20.05.2025, 20:58 A6: Nürnberg -> Heilbronn, zwischen 0.7 km hinter Lerchenbuck und 1.9 km vor AS Lichtenau  Langsamer Verkehr Reisezeitverlust: 0 Minuten Durchschnittsgeschwindigkeit: 72 km/h",49.3013126409916,10.7538728835057
"A6","undefined--vi-avl.2025-05-20_21-47-30-000.f.de0","49.63298267604683,12.455482163891759,49.63298267604683,12.455482163891759","49.63298267604683,12.455482163891759","WARNING","A6 | Ulrichsberg - Ulrichsberg"," Pilsen -> Nürnberg",NA,"QUEUING_TRAFFIC","19",2025-05-20,"Beginn: 20.05.25 um 21:47 Uhr  Angespannte Verkehrslage, seit 20.05.2025, 21:47 A6: Pilsen -> Nürnberg, 0.3 km vor Ulrichsberg, aus Richtung Waidhaus  Stockender Verkehr Durchschnittsgeschwindigkeit: 19 km/h",49.6329826760468,12.4554821638918
"A6","undefined--vi-zus.2025-05-20_21-46-00-000.f.de0","49.63298267604683,12.455482163891759,49.629822456439456,12.448038252468278","49.63298267604683,12.455482163891759","WARNING","A6 | Waidhaus - Pleystein"," Pilsen -> Nürnberg",0,"QUEUING_TRAFFIC","32.70000076293945",2025-05-20,"Beginn: 20.05.25 um 21:46 Uhr  Zusammengesetzte Verkehrsinformation, seit 20.05.2025, 21:46 A6: Pilsen -> Nürnberg, zwischen 2.6 km hinter AS Waidhaus und 2.7 km vor AS Pleystein  Stockender Verkehr Reisezeitverlust: 0 Minuten Durchschnittsgeschwindigkeit: 32 km/h",49.6329826760468,12.4554821638918
"A7","undefined--vi-zus.2025-05-20_21-13-30-000.f.de0","47.57034785142288,10.659989425667524,47.57833760243747,10.662295646746456","47.57034785142288,10.659989425667524","WARNING","A7 | Grenztunnel Füssen - Reinertshofertunnel"," Füssen/Reutte -> Ulm",0,"SLOW_TRAFFIC","36.29999923706055",2025-05-20,"Beginn: 20.05.25 um 21:13 Uhr  Zusammengesetzte Verkehrsinformation, seit 20.05.2025, 21:13 A7: Füssen/Reutte -> Ulm, zwischen 1.3 km hinter Grenztunnel Füssen und 2.6 km vor Reinertshofertunnel  Langsamer Verkehr Reisezeitverlust: 0 Minuten Durchschnittsgeschwindigkeit: 36 km/h",47.5703478514229,10.6599894256675
"A7","undefined--vi-zus.2025-05-13_04-57-00-000.f_003.de0","47.595412441892016,10.656244234565428,47.62654678358412,10.642572056942274","47.595412441892016,10.656244234565428","WARNING","A7 | Füssen - Nesselwang"," Füssen/Reutte -> Ulm",NA,NA,NA,2025-05-13,"Beginn: 13.05.25 um 04:57 Uhr  Zusammengesetzte Verkehrsinformation, seit 13.05.2025, 04:57 A7: Füssen/Reutte -> Ulm, zwischen 2.5 km hinter AS Füssen und 9.1 km vor AS Nesselwang  A7 Füssen/Reutte Richtung Ulm zwischen Reinertshoftunnel und Nesselwang Verkehr wird über die Gegenfahrbahn geleitet, Baustelle, von 16.05.2025 05:00 Uhr bis 18.07.2025 15:00 Uhr",47.595412441892,10.6562442345654
"A7","undefined--vi-avl.2025-05-20_21-47-00-000.f.de0","47.595412441892016,10.656244234565428,47.59800901907971,10.656650520870137","47.595412441892016,10.656244234565428","WARNING","A7 | Füssen - Reinertshofertunnel"," Füssen/Reutte -> Ulm",0,"QUEUING_TRAFFIC","28.100000381469727",2025-05-20,"Beginn: 20.05.25 um 21:47 Uhr  Angespannte Verkehrslage, seit 20.05.2025, 21:47 A7: Füssen/Reutte -> Ulm, zwischen 2.5 km hinter AS Füssen und 0.3 km vor Reinertshofertunnel  Stockender Verkehr Reisezeitverlust: 0 Minuten Durchschnittsgeschwindigkeit: 28 km/h",47.595412441892,10.6562442345654
"A7","undefined--vi-avl.2025-05-20_21-47-30-000.f_001.de0","47.595412441892016,10.656244234565428,47.595412441892016,10.656244234565428","47.595412441892016,10.656244234565428","WARNING","A7 | Reinertshofertunnel - Reinertshofertunnel"," Füssen/Reutte -> Ulm",NA,"QUEUING_TRAFFIC","24",2025-05-20,"Beginn: 20.05.25 um 21:47 Uhr  Angespannte Verkehrslage, seit 20.05.2025, 21:47 A7: Füssen/Reutte -> Ulm, 0.6 km vor Reinertshofertunnel, aus Richtung Füssen  Stockender Verkehr Durchschnittsgeschwindigkeit: 24 km/h",47.595412441892,10.6562442345654
"A7","undefined--vi-avl.2025-05-20_21-44-00-000.f.de0","47.628357850418176,10.585161548945958,47.62637620077515,10.63196171145551","47.628357850418176,10.585161548945958","WARNING","A7 | Nesselwang - Reinertshofertunnel"," Ulm -> Füssen/Reutte",2,"SLOW_TRAFFIC","59.29999923706055",2025-05-20,"Beginn: 20.05.25 um 21:44 Uhr  Angespannte Verkehrslage, seit 20.05.2025, 21:44 A7: Ulm -> Füssen/Reutte, zwischen 4.7 km hinter AS Nesselwang und 4.8 km vor Reinertshofertunnel  Langsamer Verkehr Reisezeitverlust: 2 Minuten Durchschnittsgeschwindigkeit: 59 km/h",47.6283578504182,10.585161548946
"A7","undefined--vi-zus.2025-03-31_00-40-00-000.f_018.de0","53.579141433849884,9.913430072127355,53.55636870091902,9.897540700000414","53.579141433849884,9.913430072127355","WARNING","A7 | Hamburg-Volkspark - Elbtunnel (Nordportal)"," Flensburg -> Hamburg",NA,NA,NA,2025-03-31,"Beginn: 31.03.25 um 00:40 Uhr  Zusammengesetzte Verkehrsinformation, seit 31.03.2025, 00:40 A7: Flensburg -> Hamburg, zwischen 0.4 km hinter AS Hamburg-Volkspark und 0.9 km vor Elbtunnel (Nordportal)  A7 Flensburg Richtung Hamburg Ausfahrt Hamburg-Othmarschen Fahrbahnverengung, maximale Fahrbahnbreite von 4,50 m, Bauarbeiten, bis 29.09.2025",53.5791414338499,9.91343007212735
"A8","undefined--vi-zus.2025-03-26_17-59-56-000.f_013.de0","49.32575278791285,7.172731755291576,49.327350714671546,7.213275819282444","49.32575278791285,7.172731755291576","WARNING","A8 | Neunkirchen/Spiesen - Kohlhof"," Saarlouis -> Neunkirchen",NA,NA,NA,2025-03-26,"Beginn: 26.03.25 um 17:59 Uhr  Zusammengesetzte Verkehrsinformation, seit 26.03.2025, 17:59 A8: Saarlouis -> Neunkirchen, zwischen 1.5 km hinter AS Neunkirchen/Spiesen und 1.0 km vor Kohlhof  A8 Saarlouis - Neunkirchen zwischen Neunkirchen-Spiesen und Neunkirchen-Oberstadt in beiden Richtungen Bauarbeiten, bis voraussichtlich 01.06.2025",49.3257527879128,7.17273175529158
"A8","undefined--vi-zus.2025-05-14_09-26-56-000.f.de0","49.32628400979037,7.229641516813452,49.329166750017514,7.1882642393148934","49.32628400979037,7.229641516813452","WARNING","A8 | Neunkirchen-Wellesweiler - Neunkirchen/Spiesen"," Neunkirchen -> Saarlouis",NA,NA,NA,2025-05-14,"Beginn: 14.05.25 um 09:26 Uhr  Zusammengesetzte Verkehrsinformation, seit 14.05.2025, 09:26 A8: Neunkirchen -> Saarlouis, zwischen 0.4 km hinter AS Neunkirchen-Wellesweiler und 2.7 km vor AS Neunkirchen/Spiesen  A8 Saarlouis - Neunkirchen zwischen Neunkirchen-Spiesen und Neunkirchen-Oberstadt in beiden Richtungen Bauarbeiten, bis voraussichtlich 01.06.2025",49.3262840097904,7.22964151681345
"A8","undefined--vi-avl.2025-05-20_20-01-30-000.f_002.de0","48.88616909765385,8.78744587909474,48.863952394077465,8.792861830506775","48.88616909765385,8.78744587909474","WARNING","A8 | Pforzheim - Heimsheim"," Karlsruhe -> Stuttgart",7,"STATIONARY_TRAFFIC","17.799999237060547",2025-05-20,"Beginn: 20.05.25 um 20:01 Uhr  Angespannte Verkehrslage, seit 20.05.2025, 20:01 A8: Karlsruhe -> Stuttgart, zwischen 2.6 km hinter Pforzheim und 7.3 km vor AS Heimsheim  Im Stillstand Reisezeitverlust: 7 Minuten Durchschnittsgeschwindigkeit: 17 km/h",48.8861690976538,8.78744587909474
"A8","undefined--vi-avl.2025-05-20_20-12-30-000.f_001.de0","48.88620487547718,8.78744005956914,48.88620487547718,8.78744005956914","48.88620487547718,8.78744005956914","WARNING","A8 | Pforzheim-Süd - Pforzheim-Süd"," Karlsruhe -> Stuttgart",NA,"STATIONARY_TRAFFIC","18",2025-05-20,"Beginn: 20.05.25 um 21:47 Uhr  Angespannte Verkehrslage, seit 20.05.2025, 21:47 A8: Karlsruhe -> Stuttgart, 0.8 km vor AS Pforzheim-Süd, aus Richtung Pforzheim  Im Stillstand Durchschnittsgeschwindigkeit: 18 km/h",48.8862048754772,8.78744005956914
"A8","undefined--vi-avl.2025-05-20_21-27-30-000.f_002.de0","48.25753600694372,11.30146003555406,48.25753600694372,11.30146003555406","48.25753600694372,11.30146003555406","WARNING","A8 | Fuchsberg - Fuchsberg"," München -> Stuttgart",NA,"QUEUING_TRAFFIC","17",2025-05-20,"Beginn: 20.05.25 um 21:47 Uhr  Angespannte Verkehrslage, seit 20.05.2025, 21:47 A8: München -> Stuttgart, 0.1 km vor Fuchsberg, aus Richtung Dachau/Fürstenfeldbruck  Stockender Verkehr Durchschnittsgeschwindigkeit: 17 km/h",48.2575360069437,11.3014600355541
"A8","undefined--vi-avl.2025-05-20_21-03-00-000.f_001.de0","48.25764157891024,11.301313608663026,48.26603626677083,11.292327581921024","48.25764157891024,11.301313608663026","WARNING","A8 | Dachau/Fürstenfeldbruck - Sulzemoos"," München -> Stuttgart",1,"QUEUING_TRAFFIC","36",2025-05-20,"Beginn: 20.05.25 um 21:03 Uhr  Angespannte Verkehrslage, seit 20.05.2025, 21:03 A8: München -> Stuttgart, zwischen 4.4 km hinter AS Dachau/Fürstenfeldbruck und 2.3 km vor AS Sulzemoos  Stockender Verkehr Reisezeitverlust: 1 Minuten Durchschnittsgeschwindigkeit: 36 km/h",48.2576415789102,11.301313608663
"A9","undefined--vi-zus.2025-05-20_19-47-05-000.f_002.de0","48.719620618665886,11.48041079210458,48.74067232976954,11.464897632234495","48.719620618665886,11.48041079210458","WARNING","A9 | Neuburg a.d.Donau - Ingolstadt-Süd"," München -> Nürnberg",4,"STATIONARY_TRAFFIC","25.700000762939453",2025-05-20,"Beginn: 20.05.25 um 19:47 Uhr  Zusammengesetzte Verkehrsinformation, seit 20.05.2025, 19:47 A9: München -> Nürnberg, zwischen 0.9 km hinter AS Neuburg a.d.Donau und 1.2 km vor AS Ingolstadt-Süd  Im Stillstand Reisezeitverlust: 4 Minuten Durchschnittsgeschwindigkeit: 25 km/h",48.7196206186659,11.4804107921046
"A9","undefined--vi-avl.2025-05-20_21-12-30-000.f_001.de0","48.719620618665886,11.48041079210458,48.719620618665886,11.48041079210458","48.719620618665886,11.48041079210458","WARNING","A9 | Ingolstadt-Süd - Ingolstadt-Süd"," München -> Nürnberg",NA,"STATIONARY_TRAFFIC","21",2025-05-20,"Beginn: 20.05.25 um 21:47 Uhr  Angespannte Verkehrslage, seit 20.05.2025, 21:47 A9: München -> Nürnberg, 3.8 km vor AS Ingolstadt-Süd, aus Richtung Neuburg a.d.Donau  Im Stillstand Durchschnittsgeschwindigkeit: 21 km/h",48.7196206186659,11.4804107921046
"A9","undefined--vi-avl.2025-05-20_19-32-05-000.f_004.de0","50.92276383973578,11.839929625674793,50.93997703975021,11.835181273395047","50.92276383973578,11.839929625674793","WARNING","A9 | Bad Klosterlausnitz - Kuhberg"," Nürnberg -> Halle/Leipzig",0,"SLOW_TRAFFIC","67.30000305175781",2025-05-20,"Beginn: 20.05.25 um 19:32 Uhr  Angespannte Verkehrslage, seit 20.05.2025, 19:32 A9: Nürnberg -> Halle/Leipzig, zwischen 1.3 km hinter AS Bad Klosterlausnitz und 3.2 km vor Kuhberg  Langsamer Verkehr Reisezeitverlust: 0 Minuten Durchschnittsgeschwindigkeit: 67 km/h",50.9227638397358,11.8399296256748
"A10","undefined--vi-zus.2025-05-20_21-32-00-000.f_001.de0","52.53397365071839,12.96652949560716,52.538475600927995,12.96533290006355","52.53397365071839,12.96652949560716","WARNING","A10 | Potsdam-Nord - Berlin-Spandau"," Dreieck Werder -> Dreieck Havelland",NA,NA,NA,2025-05-20,"Beginn: 20.05.25 um 21:32 Uhr  Zusammengesetzte Verkehrsinformation, seit 20.05.2025, 21:32 A10: Dreieck Werder -> Dreieck Havelland, zwischen 7.0 km hinter AS Potsdam-Nord und 1.9 km vor AS Berlin-Spandau  A10, B5 Dreieck Werder Richtung Charlottenburg
zwischen Rastplatz Priort und Berliner Chaussee
Gefahr durch 1 liegengebliebenes Fahrzeug auf dem rechten Fahrstreifen im Kurvenbereich, Polizei ist benachrichtigt, bitte vorsichtig fahren",52.5339736507184,12.9665294956072
"A12","WarnungA10Lkw3","47.61802931631098,12.202336027754352,47.61802931631098,12.202336027754352","47.61802931631098,12.202336027754352","WARNING","E45/E60 | LKW Blockabfertigung | A12-Inntal Autobahn","Richtung Italien",NA,NA,NA,2025-01-11,"Zeitraum: Beginn: 07.01.2025 Ende: 09.12.2025  Hinweis für LKW-Reisende nach Österreich: LKW-Blockabfertigungen an ausgewählten Tagen für Lkw am Grenzübergang Kufstein/Kiefersfelden. Maximaler Durchlass von 300 LKWs pro Stunde  Die genauen Ausführungszeiten und weitere Informationen auf tirol.gv.at/verkehr/verkehrs-und-seilbahnrecht/lkw-dosierung.",47.618029316311,12.2023360277544
"A12","WarnungA10Lkw2","47.6164490154047,12.202382557672273,47.6164490154047,12.202382557672273","47.6164490154047,12.202382557672273","WARNING","E43/E45/E60 | A13-Brenner Autobahn","Richtung Italien",NA,NA,NA,2025-01-11,"Zeitraum: Beginn: 11.01.2025 Ende: 27.09.2025  Hinweis für LKW-Reisende nach Österreich: LKW-Fahrverbot auf der A12-Inntal Autobahn, A13-Brenner Autobahn und A14-Rheintal/Walgau Autobahn, wenn das Ziel der Fahrt der Anschlussstelle Nößlach bis Anschlussstelle Brenner Nord der Richtungsfahrbahn Staatsgrenze der A 13 Brenner Autobahn erreicht werden soll. An ausgewählten Samstagen 7-15 Uhr sowie weiteren Tagen im Zeitraum 11.01. - 27.09.2025 Weitere Informationen auf http://asfinag.at/a13",47.6164490154047,12.2023825576723
"A15","undefined--vi-avl.2025-05-20_21-19-00-000.f.de0","51.71508152917834,14.389467829187577,51.708048454237684,14.437492311535769","51.71508152917834,14.389467829187577","WARNING","A15 | Cottbus-Süd - Roggosen"," Cottbus -> Breslau",1,"SLOW_TRAFFIC","66.69999694824219",2025-05-20,"Beginn: 20.05.25 um 21:19 Uhr  Angespannte Verkehrslage, seit 20.05.2025, 21:19 A15: Cottbus -> Breslau, zwischen 2.8 km hinter AS Cottbus-Süd und 2.0 km vor AS Roggosen  Langsamer Verkehr Reisezeitverlust: 1 Minuten Durchschnittsgeschwindigkeit: 66 km/h",51.7150815291783,14.3894678291876
"A17","undefined--vi-avl.2025-05-20_21-44-30-000.f_003.de0","50.82026170094333,13.887384300240237,50.82026170094333,13.887384300240237","50.82026170094333,13.887384300240237","WARNING","A17 | Am Heidenholz - Am Heidenholz"," Prag -> Dresden",NA,"STATIONARY_TRAFFIC","16",2025-05-20,"Beginn: 20.05.25 um 21:47 Uhr  Angespannte Verkehrslage, seit 20.05.2025, 21:47 A17: Prag -> Dresden, 0.2 km vor Am Heidenholz, aus Richtung Breitenau-Schönwald  Im Stillstand Durchschnittsgeschwindigkeit: 16 km/h",50.8202617009433,13.8873843002402
"A17","undefined--vi-zus.2025-05-20_21-44-00-000.f.de0","50.82026170094333,13.887384300240237,50.82325084271175,13.887881339476435","50.82026170094333,13.887384300240237","WARNING","A17 | Breitenau-Schönwald - Bad Gottleuba"," Prag -> Dresden",0,"STATIONARY_TRAFFIC","19.200000762939453",2025-05-20,"Beginn: 20.05.25 um 21:44 Uhr  Zusammengesetzte Verkehrsinformation, seit 20.05.2025, 21:44 A17: Prag -> Dresden, zwischen 4.5 km hinter Breitenau-Schönwald und 0.9 km vor AS Bad Gottleuba  Im Stillstand Reisezeitverlust: 0 Minuten Durchschnittsgeschwindigkeit: 19 km/h",50.8202617009433,13.8873843002402
"A23","undefined--vi-hind.2025-05-20_21-34-30-000.f_001.de0","53.63010896943219,9.866722122378127,53.62884019227627,9.870305499918887","53.63010896943219,9.866722122378127","WARNING","A23 | Halstenbek/Rellingen - Halstenbek-Krupunder"," Heide -> Hamburg",NA,NA,NA,2025-05-20,"Beginn: 20.05.25 um 21:34 Uhr  Hindernis, seit 20.05.2025, 21:34 A23: Heide -> Hamburg, zwischen 2.2 km hinter AS Halstenbek/Rellingen und AS Halstenbek-Krupunder  Gefahr durch Gegenstände auf der Fahrbahn",53.6301089694322,9.86672212237813
"A29","undefined--vi-hind.2025-05-20_21-31-00-000.f_001.de0","53.444427108405705,8.028252520906902,53.39613605622874,8.104077528722346","53.444427108405705,8.028252520906902","WARNING","A29 | Zetel - Vareler Wald"," Wilhelmshaven -> Oldenburg",NA,NA,NA,2025-05-20,"Beginn: 20.05.25 um 21:31 Uhr  Hindernis, seit 20.05.2025, 21:31 A29: Wilhelmshaven -> Oldenburg, zwischen 0.3 km hinter AS Zetel und 1.1 km vor Vareler Wald  Gefahr durch Gegenstände auf der Fahrbahn",53.4444271084057,8.0282525209069
"A31","undefined--vi-avl.2025-05-20_20-57-30-000.f_001.de0","52.12561404816387,7.08791961107552,52.135204668878565,7.089545887266201","52.12561404816387,7.08791961107552","WARNING","A31 | Heek - Gronau/Ochtrup"," Oberhausen -> Gronau",0,"SLOW_TRAFFIC","72.0999984741211",2025-05-20,"Beginn: 20.05.25 um 20:57 Uhr  Angespannte Verkehrslage, seit 20.05.2025, 20:57 A31: Oberhausen -> Gronau, zwischen 0.8 km hinter AS Heek und 6.6 km vor AS Gronau/Ochtrup  Langsamer Verkehr Reisezeitverlust: 0 Minuten Durchschnittsgeschwindigkeit: 72 km/h",52.1256140481639,7.08791961107552
"A31","undefined--vi-avl.2025-05-20_21-47-30-000.f_002.de0","53.26554915099631,7.467187209202903,53.26554915099631,7.467187209202903","53.26554915099631,7.467187209202903","WARNING","A31 | Leer-Nord - Leer-Nord"," Emden -> Leer",NA,"STATIONARY_TRAFFIC","23",2025-05-20,"Beginn: 20.05.25 um 21:47 Uhr  Angespannte Verkehrslage, seit 20.05.2025, 21:47 A31: Emden -> Leer, 0.5 km vor AS Leer-Nord, aus Richtung Leer  Im Stillstand Durchschnittsgeschwindigkeit: 23 km/h",53.2655491509963,7.4671872092029
"A31","undefined--vi-avl.2025-05-20_21-43-00-000.f_002.de0","53.265621893656736,7.467573355510005,53.263097400921346,7.456341799998855","53.265621893656736,7.467573355510005","WARNING","A31 | Leer - Leer-West"," Emden -> Meppen",1,"STATIONARY_TRAFFIC","23.100000381469727",2025-05-20,"Beginn: 20.05.25 um 21:43 Uhr  Angespannte Verkehrslage, seit 20.05.2025, 21:43 A31: Emden -> Meppen, zwischen 1.9 km hinter AD Leer und 4.4 km vor AS Leer-West  Im Stillstand Reisezeitverlust: 1 Minuten Durchschnittsgeschwindigkeit: 23 km/h",53.2656218936567,7.46757335551001
"A33","undefined--vi-hind.2025-05-20_21-12-30-000.f_001.de0","51.90055378564546,8.632864848855293,51.90165212378836,8.631044480013754","51.90055378564546,8.632864848855293","WARNING","A33 | Stukenbrock-Senne - Schloß Holte-Stukenbrock"," Brilon -> Bielefeld",NA,NA,NA,2025-05-20,"Beginn: 20.05.25 um 21:12 Uhr  Fahrzeug-Hindernis, seit 20.05.2025, 21:12 A33: Brilon -> Bielefeld, zwischen 5.4 km hinter AS Stukenbrock-Senne und 2.3 km vor AS Schloß Holte-Stukenbrock Gefahr durch ein defektes Fahrzeug auf der Fahrbahn",51.9005537856455,8.63286484885529
"A37","undefined--vi-hind.2025-05-20_21-46-30-000.f.de0","52.44410829181364,9.936381514244578,52.42971800092744,9.89251910000036","52.44410829181364,9.936381514244578","WARNING","A37 | Beinhorn - Hannover-Kirchhorst"," Celle -> Hannover",NA,NA,NA,2025-05-20,"Beginn: 20.05.25 um 21:46 Uhr  Fahrzeug-Hindernis, seit 20.05.2025, 21:46 B3: Celle -> Hannover, zwischen 0.1 km hinter AS Beinhorn und 0.5 km vor AK Hannover-Kirchhorst Gefahr durch ein defektes Fahrzeug auf der Fahrbahn",52.4441082918136,9.93638151424458
"A37","undefined--vi-zus.2025-05-20_10-04-05-000.f_002.de0","52.442156462690335,9.933442989087833,52.436581812162494,9.913211841333315","52.442156462690335,9.933442989087833","WARNING","A37 | Beinhorn - Hannover-Kirchhorst"," Celle -> Hannover",NA,NA,NA,2025-05-20,"Beginn: 20.05.25 um 10:04 Uhr  Zusammengesetzte Verkehrsinformation, seit 20.05.2025, 10:04 B3: Celle -> Hannover, zwischen 0.4 km hinter AS Beinhorn und 2.1 km vor AK Hannover-Kirchhorst  A37 Messe - Burgdorf
zwischen Kreuz Hannover-Buchholz und Beinhorn
in beiden Richtungen geänderte Verkehrsführung im Baustellenbereich, Bauarbeiten, bis 30.10.2026 ca. 18:00 Uhr",52.4421564626903,9.93344298908783
"A37","undefined--vi-zus.2025-05-20_10-04-05-000.f_003.de0","52.42566547847685,9.880479425875153,52.44102213295518,9.93161290421946","52.42566547847685,9.880479425875153","WARNING","Baustelle"," km 22.62 --> km 26.54",NA,NA,NA,2025-05-20,"Beginn: 20.05.25 um 10:04 Uhr  Zusammengesetzte Verkehrsinformation, seit 20.05.2025, 10:04 A37: km 22.62 --> km 26.54  A37 Messe - Burgdorf
zwischen Kreuz Hannover-Buchholz und Beinhorn
in beiden Richtungen geänderte Verkehrsführung im Baustellenbereich, Bauarbeiten, bis 30.10.2026 ca. 18:00 Uhr",52.4256654784769,9.88047942587515
"A40","undefined--vi-hind.2025-05-20_21-40-30-000.f.de0","51.45607323855281,6.868970018346313,51.45665390349369,6.871247322091753","51.45607323855281,6.868970018346313","WARNING","A40 | Mülheim-Styrum - Mülheim an der Ruhr-Dümpten"," Duisburg -> Essen",NA,NA,NA,2025-05-20,"Beginn: 20.05.25 um 21:40 Uhr  Fahrzeug-Hindernis, seit 20.05.2025, 21:40 A40: Duisburg -> Essen, zwischen 0.7 km hinter AS Mülheim-Styrum und 1.4 km vor AS Mülheim an der Ruhr-Dümpten Gefahr durch ein defektes Fahrzeug auf der Fahrbahn",51.4560732385528,6.86897001834631
"A40","undefined--vi-avl.2025-05-20_21-24-30-000.f_005.de0","51.48125388116181,7.177154993079621,51.49543738673167,7.187593068708332","51.48125388116181,7.177154993079621","WARNING","A40 | Ruhrschnellweg - Bochum-Hamme"," Essen -> Dortmund",4,"STATIONARY_TRAFFIC","19.5",2025-05-20,"Beginn: 20.05.25 um 21:24 Uhr  Angespannte Verkehrslage, seit 20.05.2025, 21:24 A40: Essen -> Dortmund, zwischen 1.8 km hinter Ruhrschnellweg und 0.1 km vor AS Bochum-Hamme  Im Stillstand Reisezeitverlust: 4 Minuten Durchschnittsgeschwindigkeit: 19 km/h",51.4812538811618,7.17715499307962
"A40","undefined--vi-avl.2025-05-20_21-37-30-000.f_001.de0","51.48118207888734,7.176972257691271,51.48118207888734,7.176972257691271","51.48118207888734,7.176972257691271","WARNING","A40 | Bochum-West - Bochum-West"," Essen -> Dortmund",NA,"STATIONARY_TRAFFIC","19",2025-05-20,"Beginn: 20.05.25 um 21:47 Uhr  Angespannte Verkehrslage, seit 20.05.2025, 21:47 A40: Essen -> Dortmund, 0.2 km vor AD Bochum-West, aus Richtung Ruhrschnellweg  Im Stillstand Durchschnittsgeschwindigkeit: 19 km/h",51.4811820788873,7.17697225769127
"A42","undefined--vi-hind.2025-05-20_21-45-30-000.f_001.de0","51.541083423262094,7.148375164057422,51.54227960093316,7.168792399997953","51.541083423262094,7.148375164057422","WARNING","A42 | Gelsenkirchen-Bismarck - Herne"," Kamp-Lintfort -> Dortmund",NA,NA,NA,2025-05-20,"Beginn: 20.05.25 um 21:45 Uhr  Fahrzeug-Hindernis, seit 20.05.2025, 21:45 A42: Kamp-Lintfort -> Dortmund, zwischen 1.6 km hinter AS Gelsenkirchen-Bismarck und 2.2 km vor AK Herne Gefahr durch ein defektes Fahrzeug auf der Fahrbahn",51.5410834232621,7.14837516405742
"A43","undefined--vi-avl.2025-05-20_21-33-00-000.f.de0","51.91106164980156,7.529179587100131,51.914444288862676,7.549056183772506","51.91106164980156,7.529179587100131","WARNING","A43 | Senden - Münster-Süd"," Recklinghausen -> Münster",0,"SLOW_TRAFFIC","65.30000305175781",2025-05-20,"Beginn: 20.05.25 um 21:33 Uhr  Angespannte Verkehrslage, seit 20.05.2025, 21:33 A43: Recklinghausen -> Münster, zwischen 2.8 km hinter AS Senden und 0.8 km vor AK Münster-Süd  Langsamer Verkehr Reisezeitverlust: 0 Minuten Durchschnittsgeschwindigkeit: 65 km/h",51.9110616498016,7.52917958710013
"A44","undefined--vi-avl.2025-05-20_19-34-00-000.f_001.de0","51.53272339434072,7.8262479134296585,51.53323805512703,7.854588665975875","51.53272339434072,7.8262479134296585","WARNING","A44 | Buchenhain - Am Haarstrang"," Dortmund -> Kassel",1,"SLOW_TRAFFIC","54.79999923706055",2025-05-20,"Beginn: 20.05.25 um 19:34 Uhr  Angespannte Verkehrslage, seit 20.05.2025, 19:34 A44: Dortmund -> Kassel, zwischen 2.5 km hinter Buchenhain und 0.4 km vor Am Haarstrang  Langsamer Verkehr Reisezeitverlust: 1 Minuten Durchschnittsgeschwindigkeit: 54 km/h",51.5327233943407,7.82624791342966
"A44","undefined--vi-avl.2025-05-20_20-44-30-000.f_003.de0","51.53128707319186,8.900341605525147,51.538735987696114,8.84621064787934","51.53128707319186,8.900341605525147","WARNING","A44 | Marsberg - Lichtenau (Westf.)"," Kassel -> Dortmund",1,"SLOW_TRAFFIC","65.4000015258789",2025-05-20,"Beginn: 20.05.25 um 20:44 Uhr  Angespannte Verkehrslage, seit 20.05.2025, 20:44 A44: Kassel -> Dortmund, zwischen 4.6 km hinter AS Marsberg und 0.5 km vor AS Lichtenau (Westf.)  Langsamer Verkehr Reisezeitverlust: 1 Minuten Durchschnittsgeschwindigkeit: 65 km/h",51.5312870731919,8.90034160552515
"A44","undefined--vi-avl.2025-05-20_21-45-30-000.f.de0","51.276667894195676,9.407761954751017,51.270478800934754,9.418995600000125","51.276667894195676,9.407761954751017","WARNING","A44 | Kassel-Bad Wilhelmshöhe - Kassel-West"," Dortmund -> Kassel",0,"SLOW_TRAFFIC","54.79999923706055",2025-05-20,"Beginn: 20.05.25 um 21:45 Uhr  Angespannte Verkehrslage, seit 20.05.2025, 21:45 A44: Dortmund -> Kassel, zwischen 0.7 km hinter AS Kassel-Bad Wilhelmshöhe und 2.4 km vor AK Kassel-West  Langsamer Verkehr Reisezeitverlust: 0 Minuten Durchschnittsgeschwindigkeit: 54 km/h",51.2766678941957,9.40776195475102
"A45","undefined--vi-avl.2025-05-20_21-38-00-000.f.de0","50.52521830872364,8.630565919290458,50.52127307432427,8.650168833264068","50.52521830872364,8.630565919290458","WARNING","A45 | Pfaffenpfad - Hardtwald"," Gießen -> Aschaffenburg",0,"SLOW_TRAFFIC","70.4000015258789",2025-05-20,"Beginn: 20.05.25 um 21:38 Uhr  Angespannte Verkehrslage, seit 20.05.2025, 21:38 A45: Gießen -> Aschaffenburg, zwischen 0.9 km hinter Pfaffenpfad und 2.5 km vor Hardtwald  Langsamer Verkehr Reisezeitverlust: 0 Minuten Durchschnittsgeschwindigkeit: 70 km/h",50.5252183087236,8.63056591929046
"A46","undefined--vi-avl.2025-05-20_20-40-00-000.f.de0","51.188766223955774,6.776343717567507,51.19029943352791,6.827034915169552","51.188766223955774,6.776343717567507","WARNING","A46 | Fleher Brücke - Düsseldorf-Holthausen"," Heinsberg -> Wuppertal",1,"SLOW_TRAFFIC","52.099998474121094",2025-05-20,"Beginn: 20.05.25 um 20:40 Uhr  Angespannte Verkehrslage, seit 20.05.2025, 20:40 A46: Heinsberg -> Wuppertal, zwischen 0.4 km hinter Fleher Brücke und 1.2 km vor AS Düsseldorf-Holthausen  Langsamer Verkehr Reisezeitverlust: 1 Minuten Durchschnittsgeschwindigkeit: 52 km/h",51.1887662239558,6.77634371756751
"A52","undefined--vi-hind.2025-05-20_21-22-00-000.f_001.de0","51.23141380093499,6.646048099993915,51.23547090093497,6.697695699994498","51.23141380093499,6.646048099993915","WARNING","A52 | Kaarst - Büderich"," Mönchengladbach -> Düsseldorf",NA,NA,NA,2025-05-20,"Beginn: 20.05.25 um 21:22 Uhr  Fahrzeug-Hindernis, seit 20.05.2025, 21:22 A52: Mönchengladbach -> Düsseldorf, zwischen 0.6 km hinter AK Kaarst und 0.4 km vor AS Büderich Gefahr durch ein defektes Fahrzeug auf der Fahrbahn",51.231413800935,6.64604809999391
"A60","undefined--vi-zus.2025-04-08_08-51-21-000.f_013.de0","49.98125533976677,8.345695317688524,49.97565770865279,8.441396718063045","49.98125533976677,8.345695317688524","WARNING","A60 | Mainspitz-Dreieck - Rüsselsheimer Dreieck"," Mainz -> Rüsselsheim",NA,NA,NA,2025-04-08,"Beginn: 08.04.25 um 08:51 Uhr  Zusammengesetzte Verkehrsinformation, seit 08.04.2025, 08:51 A60: Mainz -> Rüsselsheim, zwischen 0.5 km hinter AD Mainspitz-Dreieck und 2.2 km vor AD Rüsselsheimer Dreieck  Sperrung der A60 bei Königstädten – Grundhafte Fahrbahnerneuerung zwischen dem Rüsselsheimer Dreieck und dem Mainspitz Dreieck. Die Niederlassung West der Autobahn GmbH erneuert zwischen dem Rüsselsheimer Dreieck (30) und dem Mainspitz Dreieck (26) die Fahrbahn. Von Donnerstagmorgen (24. April) bis Mitte Juli wird die Anschlussstelle (AS) Königstädten (29) in Fahrtrichtung (FR) Mainz sowie in FR Rüsselsheimer Dreieck gesperrt. Umleitungsmöglichkeiten sind ausgeschildert: • Ausfahrt FR Mainz: Umleitung via AS Rüsselsheim-Mitte • Einfahrt FR Mainz: innerstädtische Umleitung zur AS Rüsselsheim-Mitte (Adam-Opel-Straße / Kurt-Schumacher-Ring), von Nauheim kommend via L3482 zur AS Bischofsheim • Einfahrt FR Darmstadt: innerstädtische Umleitung zur AS Rüsselsheim-Mitte (Adam-Opel-Straße / Kurt-Schumacher-Ring) Die Autobahn GmbH bittet alle Verkehrsteilnehmer um Verständnis für die unvermeidlichen Verkehrsbehinderungen, die durch die Arbeiten entstehen.",49.9812553397668,8.34569531768852
"A60","undefined--vi-zus.2025-05-03_10-55-00-000.f_003.de0","49.977457399447445,8.454646346787307,49.981587265039146,8.34517285786785","49.977457399447445,8.454646346787307","WARNING","A60 | Rüsselsheimer Dreieck - Mainspitz-Dreieck"," Rüsselsheim -> Mainz",NA,NA,NA,2025-05-03,"Beginn: 03.05.25 um 10:55 Uhr  Zusammengesetzte Verkehrsinformation, seit 03.05.2025, 10:55 A60: Rüsselsheim -> Mainz, zwischen 0.6 km hinter AD Rüsselsheimer Dreieck und 0.5 km vor AD Mainspitz-Dreieck  Sperrung der A60 bei Königstädten – Grundhafte Fahrbahnerneuerung zwischen dem Rüsselsheimer Dreieck und dem Mainspitz Dreieck. Die Niederlassung West der Autobahn GmbH erneuert zwischen dem Rüsselsheimer Dreieck (30) und dem Mainspitz Dreieck (26) die Fahrbahn. Von Donnerstagmorgen (24. April) bis Mitte Juli wird die Anschlussstelle (AS) Königstädten (29) in Fahrtrichtung (FR) Mainz sowie in FR Rüsselsheimer Dreieck gesperrt. Umleitungsmöglichkeiten sind ausgeschildert: • Ausfahrt FR Mainz: Umleitung via AS Rüsselsheim-Mitte • Einfahrt FR Mainz: innerstädtische Umleitung zur AS Rüsselsheim-Mitte (Adam-Opel-Straße / Kurt-Schumacher-Ring), von Nauheim kommend via L3482 zur AS Bischofsheim • Einfahrt FR Darmstadt: innerstädtische Umleitung zur AS Rüsselsheim-Mitte (Adam-Opel-Straße / Kurt-Schumacher-Ring) Die Autobahn GmbH bittet alle Verkehrsteilnehmer um Verständnis für die unvermeidlichen Verkehrsbehinderungen, die durch die Arbeiten entstehen.",49.9774573994474,8.45464634678731
"A61","undefined--vi-hind.2025-05-20_21-45-30-000.f.de0","50.948612100936536,6.603688999993235,50.94788292924965,6.60659683661369","50.948612100936536,6.603688999993235","WARNING","A61 | Bedburg - Bergheim-Süd"," Mönchengladbach -> Koblenz",NA,NA,NA,2025-05-20,"Beginn: 20.05.25 um 21:45 Uhr  Hindernis, seit 20.05.2025, 21:45 A61: Mönchengladbach -> Koblenz, zwischen 6.6 km hinter AS Bedburg und 3.2 km vor AS Bergheim-Süd  Gefahr durch Gegenstände auf der Fahrbahn",50.9486121009365,6.60368899999323
"A65","undefined--vi-avl.2025-05-20_21-43-00-000.f_003.de0","49.23685786486484,8.148849545352217,49.26822110094405,8.152674899999765","49.23685786486484,8.148849545352217","WARNING","A65 | Landau-Dammheim - Pfälzer Weinstraße-Ost"," Landau -> Ludwigshafen",1,"SLOW_TRAFFIC","63.5",2025-05-20,"Beginn: 20.05.25 um 21:43 Uhr  Angespannte Verkehrslage, seit 20.05.2025, 21:43 A65: Landau -> Ludwigshafen, zwischen 1.3 km hinter AS Landau-Dammheim und Pfälzer Weinstraße-Ost  Langsamer Verkehr Reisezeitverlust: 1 Minuten Durchschnittsgeschwindigkeit: 63 km/h",49.2368578648648,8.14884954535222
"A67","undefined--vi-zus.2025-05-20_21-44-30-000.f.de0","49.791503776499056,8.564256455178551,49.807334036123265,8.574901794218938","49.791503776499056,8.564256455178551","WARNING","A67 | Gernsheim - Pfungstadt"," Mannheim -> Darmstadt",0,"SLOW_TRAFFIC","63.099998474121094",2025-05-20,"Beginn: 20.05.25 um 21:44 Uhr  Zusammengesetzte Verkehrsinformation, seit 20.05.2025, 21:44 A67: Mannheim -> Darmstadt, zwischen 5.6 km hinter AS Gernsheim und 0.6 km vor Pfungstadt  Langsamer Verkehr Reisezeitverlust: 0 Minuten Durchschnittsgeschwindigkeit: 63 km/h",49.7915037764991,8.56425645517855
"A81","undefined--vi-avl.2025-05-20_21-07-30-000.f_004.de0","48.57271903659857,8.89977941067474,48.579708943130875,8.89939093258855","48.57271903659857,8.89977941067474","WARNING","A81 | Geyern - Herrenberg"," Singen -> Stuttgart",5,"STATIONARY_TRAFFIC","8.600000381469727",2025-05-20,"Beginn: 20.05.25 um 21:07 Uhr  Angespannte Verkehrslage, seit 20.05.2025, 21:07 A81: Singen -> Stuttgart, zwischen 5.5 km hinter Geyern und 0.2 km vor AS Herrenberg  Im Stillstand Reisezeitverlust: 5 Minuten Durchschnittsgeschwindigkeit: 8 km/h",48.5727190365986,8.89977941067474
"A81","undefined--vi-avl.2025-05-20_21-12-30-000.f.de0","48.57271903659857,8.89977941067474,48.57271903659857,8.89977941067474","48.57271903659857,8.89977941067474","WARNING","A81 | Herrenberg - Herrenberg"," Singen -> Stuttgart",NA,"STATIONARY_TRAFFIC","6",2025-05-20,"Beginn: 20.05.25 um 21:47 Uhr  Angespannte Verkehrslage, seit 20.05.2025, 21:47 A81: Singen -> Stuttgart, 0.9 km vor AS Herrenberg, aus Richtung Geyern  Im Stillstand Durchschnittsgeschwindigkeit: 6 km/h",48.5727190365986,8.89977941067474
"A81","undefined--vi-hind.2025-05-20_21-26-30-000.f.de0","48.92694879088338,9.167463672289424,48.92755536282257,9.169322821201263","48.92694879088338,9.167463672289424","WARNING","A81 | Ludwigsburg-Nord - Pleidelsheim"," Stuttgart -> Heilbronn",NA,NA,NA,2025-05-20,"Beginn: 20.05.25 um 21:26 Uhr  Fahrzeug-Hindernis, seit 20.05.2025, 21:26 A81: Stuttgart -> Heilbronn, zwischen 1.1 km hinter AS Ludwigsburg-Nord und 5.1 km vor AS Pleidelsheim Gefahr durch ein defektes Fahrzeug auf der Fahrbahn",48.9269487908834,9.16746367228942
"A81","undefined--vi-avl.2025-05-20_21-24-30-000.f_002.de0","48.94736411084217,9.199996760278632,48.961399175268284,9.219894391468898","48.94736411084217,9.199996760278632","WARNING","A81 | Ludwigsburg-Nord - Kälbling"," Stuttgart -> Heilbronn",4,"STATIONARY_TRAFFIC","23.600000381469727",2025-05-20,"Beginn: 20.05.25 um 21:24 Uhr  Angespannte Verkehrslage, seit 20.05.2025, 21:24 A81: Stuttgart -> Heilbronn, zwischen 4.5 km hinter AS Ludwigsburg-Nord und 3.5 km vor Kälbling  Im Stillstand Reisezeitverlust: 4 Minuten Durchschnittsgeschwindigkeit: 23 km/h",48.9473641108422,9.19999676027863
"A81","undefined--vi-avl.2025-05-20_21-39-30-000.f_002.de0","48.947262297253104,9.199884219208931,48.947262297253104,9.199884219208931","48.947262297253104,9.199884219208931","WARNING","A81 | Pleidelsheim - Pleidelsheim"," Stuttgart -> Heilbronn",NA,"STATIONARY_TRAFFIC","24",2025-05-20,"Beginn: 20.05.25 um 21:47 Uhr  Angespannte Verkehrslage, seit 20.05.2025, 21:47 A81: Stuttgart -> Heilbronn, 1.9 km vor AS Pleidelsheim, aus Richtung Ludwigsburg-Nord  Im Stillstand Durchschnittsgeschwindigkeit: 24 km/h",48.9472622972531,9.19988421920893
"A96","undefined--vi-zus.2025-05-05_23-21-00-000.f.de0","48.029334951696036,10.464231760023,48.032507613258616,10.445182045778411","48.029334951696036,10.464231760023","WARNING","A96 | Mindelheim - Stetten"," München -> Lindau",NA,NA,NA,2025-05-05,"Beginn: 05.05.25 um 23:21 Uhr  Zusammengesetzte Verkehrsinformation, seit 05.05.2025, 23:21 A96: München -> Lindau, zwischen 3.6 km hinter AS Mindelheim und 0.3 km vor AS Stetten  A96, Lindau - München, in beiden Richtungen, zwischen Anschlussstelle Stetten und Anschlussstelle Mindelheim, Brückenarbeiten, von 05.05.2025 bis 30.10.2025",48.029334951696,10.464231760023
"A96","undefined--vi-avl.2025-05-20_21-08-00-000.f.de0","48.040911569043075,10.627902950859403,48.04095488707309,10.608412611887456","48.040911569043075,10.627902950859403","WARNING","A96 | Wertachtal - Mindelheim"," München -> Lindau",0,"SLOW_TRAFFIC","60.79999923706055",2025-05-20,"Beginn: 20.05.25 um 21:08 Uhr  Angespannte Verkehrslage, seit 20.05.2025, 21:08 A96: München -> Lindau, zwischen 2.3 km hinter Wertachtal und 7.6 km vor AS Mindelheim  Langsamer Verkehr Reisezeitverlust: 0 Minuten Durchschnittsgeschwindigkeit: 60 km/h",48.0409115690431,10.6279029508594
"A96","undefined--vi-avl.2025-05-20_21-27-30-000.f_003.de0","48.03138689897246,10.662387974068002,48.02680776850765,10.683411200384159","48.03138689897246,10.662387974068002","WARNING","A96 | Wertachtal - Buchloe-West"," Lindau -> München",0,"SLOW_TRAFFIC","61.70000076293945",2025-05-20,"Beginn: 20.05.25 um 21:27 Uhr  Angespannte Verkehrslage, seit 20.05.2025, 21:27 A96: Lindau -> München, zwischen 0.5 km hinter Wertachtal und 2.0 km vor AS Buchloe-West  Langsamer Verkehr Reisezeitverlust: 0 Minuten Durchschnittsgeschwindigkeit: 61 km/h",48.0313868989725,10.662387974068
"A111","undefined--vi-avl.2025-05-20_21-11-30-000.f_004.de0","52.61883535501221,13.251010798500142,52.61883535501221,13.251010798500142","52.61883535501221,13.251010798500142","WARNING","A111 | Schulzendorfer Straße - Schulzendorfer Straße"," Dreieck Oranienburg -> Charlottenburg",NA,"STATIONARY_TRAFFIC","5",2025-05-20,"Beginn: 20.05.25 um 21:47 Uhr  Angespannte Verkehrslage, seit 20.05.2025, 21:47 A111: Dreieck Oranienburg -> Charlottenburg, 0.6 km vor AS Schulzendorfer Straße, aus Richtung Stolper Heide  Im Stillstand Durchschnittsgeschwindigkeit: 5 km/h",52.6188353550122,13.2510107985001
"A111","undefined--vi-avl.2025-05-20_21-10-00-000.f.de0","52.61883535501221,13.251010798500142,52.61227589723048,13.250112355231709","52.61883535501221,13.251010798500142","WARNING","A111 | Stolper Heide - Beyschlagtunnel"," Dreieck Oranienburg -> Charlottenburg",6,"STATIONARY_TRAFFIC","7.400000095367432",2025-05-20,"Beginn: 20.05.25 um 21:10 Uhr  Angespannte Verkehrslage, seit 20.05.2025, 21:10 A111: Dreieck Oranienburg -> Charlottenburg, zwischen 2.8 km hinter Stolper Heide und 0.2 km vor Beyschlagtunnel  Im Stillstand Reisezeitverlust: 6 Minuten Durchschnittsgeschwindigkeit: 7 km/h",52.6188353550122,13.2510107985001
"A113","undefined--vi-zus.2025-05-06_00-21-00-000.f_003.de0","52.43025717661688,13.505075428607936,52.42875800093087,13.509218300121121","52.43025717661688,13.505075428607936","WARNING","A113 | Stubenrauchstraße - Adlershof"," Neukölln -> Schönefeld",NA,NA,NA,2025-05-06,"Beginn: 06.05.25 um 00:21 Uhr  Zusammengesetzte Verkehrsinformation, seit 06.05.2025, 00:21 A113: Neukölln -> Schönefeld, zwischen 0.6 km hinter AS Stubenrauchstraße und 0.3 km vor AS Adlershof  A113 Autobahnzubringer Dresden, Neukölln Richtung Schönefeld
zwischen Stubenrauchstraße und Tunnel Rudower Höhe
linker Fahrstreifen gesperrt, Bauarbeiten, bis voraussichtlich 20.06.2025",52.4302571766169,13.5050754286079
"A115","undefined--vi-zus.2024-10-09_07-09-40-000.f_531.de0","52.40027056808641,13.185163736426698,52.44227384698058,13.202709435405149","52.40027056808641,13.185163736426698","WARNING","A115 | Am Stern - Hüttenweg"," Dreieck Nuthetal -> Dreieck Funkturm",NA,NA,NA,2024-10-09,"Beginn: 09.10.24 um 07:09 Uhr  Zusammengesetzte Verkehrsinformation, seit 09.10.2024, 07:09 A115: Dreieck Nuthetal -> Dreieck Funkturm, zwischen 2.9 km hinter Am Stern und 3.8 km vor AS Hüttenweg  A115 Autobahnzubringer Magdeburg, Dreieck Nuthetal Richtung Dreieck Funkturm, zwischen Anschlussstelle Kleinmachnow und Anschlussstelle Spanische Allee, Baustelle, bis 31.10.2026 17:00 Uhr",52.4002705680864,13.1851637364267
