"road","identifier","extent","point","display_type","title","subtitle","delay_minutes","abnormalTrafficType","averageSpeed","startTimestamp","description","latitude","longitude"
"A1","undefined--vi-avl.2025-05-23_00-47-30-000.f.de0","49.998049847461196,6.928428243887411,50.01362655411845,6.9368296664365845","49.998049847461196,6.928428243887411","WARNING","A1 | Flussbach - Lüxem"," Trier -> Köln/Koblenz",0,"SLOW_TRAFFIC","66.69999694824219",2025-05-23,"Beginn: 23.05.25 um 00:47 Uhr  Angespannte Verkehrslage, seit 23.05.2025, 00:47 A1: Trier -> Köln/Koblenz, zwischen 0.6 km hinter Flussbach und 2.8 km vor Lüxem  Langsamer Verkehr Reisezeitverlust: 0 Minuten Durchschnittsgeschwindigkeit: 66 km/h",49.9980498474612,6.92842824388741
"A1","undefined--vi-avl.2025-05-22_19-28-08-000.f_002.de0","53.023667884260014,8.83384419665292,53.03232730092311,8.866647899999942","53.023667884260014,8.83384419665292","WARNING","A1 | Krummhörens Kuhlen - Bremen-Hemelingen"," Osnabrück -> Bremen",1,"SLOW_TRAFFIC","55.099998474121094",2025-05-22,"Beginn: 22.05.25 um 19:28 Uhr  Angespannte Verkehrslage, seit 22.05.2025, 19:28 A1: Osnabrück -> Bremen, zwischen 0.6 km hinter Krummhörens Kuhlen und 1.5 km vor AS Bremen-Hemelingen  Langsamer Verkehr Reisezeitverlust: 1 Minuten Durchschnittsgeschwindigkeit: 55 km/h",53.02366788426,8.83384419665292
"A1","undefined--vi-hind.2025-05-22_22-03-00-000.f_001.de0","53.50929678257153,10.057088901590378,53.50929678257153,10.057088901590378","53.50929678257153,10.057088901590378","WARNING","A1 | Hamburg-Norderelbe - Hamburg-Südost"," Hamburg -> Lübeck",NA,NA,NA,2025-05-22,"Beginn: 22.05.25 um 22:03 Uhr  Fahrzeug-Hindernis, seit 22.05.2025, 22:03 A1: Hamburg -> Lübeck, zwischen 1.2 km hinter AK Hamburg-Norderelbe und 1.2 km vor AD Hamburg-Südost",53.5092967825715,10.0570889015904
"A1","undefined--vi-hind.2025-05-22_22-03-00-000.f.de0","53.509302500919404,10.063278300000514,53.5094444127468,10.056993241326454","53.509302500919404,10.063278300000514","WARNING","A1 | Hamburg-Südost - Hamburg-Norderelbe"," Lübeck -> Hamburg",NA,NA,NA,2025-05-22,"Beginn: 22.05.25 um 22:03 Uhr  Fahrzeug-Hindernis, seit 22.05.2025, 22:03 A1: Lübeck -> Hamburg, zwischen 1.2 km hinter AD Hamburg-Südost und 1.4 km vor AK Hamburg-Norderelbe",53.5093025009194,10.0632783000005
"A1","undefined--vi-zus.2025-05-23_00-44-00-000.f.de0","53.50726700091942,10.080775200000533,53.50960320467848,10.05066582935678","53.50726700091942,10.080775200000533","WARNING","A1 | Hamburg-Moorfleet - Hamburg-Norderelbe"," Lübeck -> Hamburg",1,"SLOW_TRAFFIC","37.900001525878906",2025-05-23,"Beginn: 23.05.25 um 00:44 Uhr  Zusammengesetzte Verkehrsinformation, seit 23.05.2025, 00:44 A1: Lübeck -> Hamburg, zwischen 0.7 km hinter AS Hamburg-Moorfleet und 1.0 km vor AK Hamburg-Norderelbe  Langsamer Verkehr Reisezeitverlust: 1 Minuten Durchschnittsgeschwindigkeit: 37 km/h",53.5072670009194,10.0807752000005
"A3","undefined--vi-avl.2025-05-23_00-19-00-000.f_002.de0","48.55991797127345,13.388791611034334,48.57531504866535,13.367293628544038","48.55991797127345,13.388791611034334","WARNING","A3 | Hammerbach - Donautal"," Passau -> Nürnberg",1,"SLOW_TRAFFIC","57.20000076293945",2025-05-23,"Beginn: 23.05.25 um 00:19 Uhr  Angespannte Verkehrslage, seit 23.05.2025, 00:19 A3: Passau -> Nürnberg, zwischen Hammerbach und 1.6 km vor Donautal  Langsamer Verkehr Reisezeitverlust: 1 Minuten Durchschnittsgeschwindigkeit: 57 km/h",48.5599179712734,13.3887916110343
"A3","undefined--vi-hind.2025-05-23_00-07-00-000.f_001.de0","49.177724711994166,11.738714697837544,49.17730792912068,11.74118427287368","49.177724711994166,11.738714697837544","WARNING","A3 | Parsberg - Hüttberg"," Nürnberg -> Passau",NA,NA,NA,2025-05-23,"Beginn: 23.05.25 um 00:07 Uhr  Fahrzeug-Hindernis, seit 23.05.2025, 00:07 A3: Nürnberg -> Passau, zwischen 0.5 km hinter AS Parsberg und 0.5 km vor Hüttberg Gefahr durch ein defektes Fahrzeug auf der Fahrbahn",49.1777247119942,11.7387146978375
"A3","undefined--vi-hind.2025-05-22_21-37-00-000.f_006.de0","49.991534025519144,9.082757533950018,49.991139900941164,9.17131260000005","49.991534025519144,9.082757533950018","WARNING","A3 | Aschaffenburg - Einhausung West"," Frankfurt -> Würzburg",NA,NA,NA,2025-05-22,"Beginn: 22.05.25 um 21:37 Uhr  Fahrzeug-Hindernis, seit 22.05.2025, 21:37 A3: Frankfurt -> Würzburg, zwischen 0.6 km hinter AS Aschaffenburg und 1.4 km vor Einhausung West Gefahr durch ein defektes Fahrzeug auf der Fahrbahn",49.9915340255191,9.08275753395002
"A3","undefined--vi-avl.2025-05-23_00-28-30-000.f_002.de0","51.89839901701434,6.165717280673193,51.89839901701434,6.165717280673193","51.89839901701434,6.165717280673193","WARNING","A3 | Knauheide - Knauheide"," Arnheim -> Oberhausen",NA,"SLOW_TRAFFIC","18",2025-05-23,"Beginn: 23.05.25 um 00:46 Uhr  Angespannte Verkehrslage, seit 23.05.2025, 00:46 A3: Arnheim -> Oberhausen, 0.1 km vor Knauheide, aus Richtung Elten  Langsamer Verkehr Durchschnittsgeschwindigkeit: 18 km/h",51.8983990170143,6.16571728067319
"A3","undefined--vi-avl.2025-05-23_00-28-00-000.f.de0","51.89836112503476,6.165756320916883,51.89301417265614,6.171263286721311","51.89836112503476,6.165756320916883","WARNING","A3 | Elten - Elten"," Arnheim -> Oberhausen",0,"SLOW_TRAFFIC","42.900001525878906",2025-05-23,"Beginn: 23.05.25 um 00:28 Uhr  Angespannte Verkehrslage, seit 23.05.2025, 00:28 A3: Arnheim -> Oberhausen, zwischen 0.4 km hinter Elten und 1.1 km vor AS Elten  Langsamer Verkehr Reisezeitverlust: 0 Minuten Durchschnittsgeschwindigkeit: 42 km/h",51.8983611250348,6.16575632091688
"A4","undefined--vi-avl.2025-05-23_00-32-00-000.f_001.de0","50.846461541379114,9.669714096172024,50.84883321228537,9.638635280882195","50.846461541379114,9.669714096172024","WARNING","A4 | Bad Hersfeld - Kirchheimer Dreieck"," Erfurt -> Bad Hersfeld",0,"SLOW_TRAFFIC","64.19999694824219",2025-05-23,"Beginn: 23.05.25 um 00:32 Uhr  Angespannte Verkehrslage, seit 23.05.2025, 00:32 A4: Erfurt -> Bad Hersfeld, zwischen 3.9 km hinter AS Bad Hersfeld und 4.1 km vor AD Kirchheimer Dreieck  Langsamer Verkehr Reisezeitverlust: 0 Minuten Durchschnittsgeschwindigkeit: 64 km/h",50.8464615413791,9.66971409617202
"A4","undefined--vi-hind.2025-05-22_20-06-00-000.f_009.de0","50.88446160093708,12.15258750002558,50.87178961556164,12.221168510373618","50.88446160093708,12.15258750002558","WARNING","A4 | Gera-Leumnitz - Ronneburg"," Erfurt -> Chemnitz",NA,NA,NA,2025-05-22,"Beginn: 22.05.25 um 20:06 Uhr  Fahrzeug-Hindernis, seit 22.05.2025, 20:06 A4: Erfurt -> Chemnitz, zwischen 0.2 km hinter AS Gera-Leumnitz und 0.5 km vor AS Ronneburg Gefahr durch ein defektes Fahrzeug auf der Fahrbahn",50.8844616009371,12.1525875000256
"A6","undefined--vi-avl.2025-05-23_00-42-36-000.f.de0","49.63298267604683,12.455482163891759,49.63298267604683,12.455482163891759","49.63298267604683,12.455482163891759","WARNING","A6 | Ulrichsberg - Ulrichsberg"," Pilsen -> Nürnberg",NA,"QUEUING_TRAFFIC","22",2025-05-23,"Beginn: 23.05.25 um 00:47 Uhr  Angespannte Verkehrslage, seit 23.05.2025, 00:47 A6: Pilsen -> Nürnberg, 0.3 km vor Ulrichsberg, aus Richtung Waidhaus  Stockender Verkehr Durchschnittsgeschwindigkeit: 22 km/h",49.6329826760468,12.4554821638918
"A6","undefined--vi-zus.2025-05-23_00-42-36-000.f.de0","49.63298267604683,12.455482163891759,49.629319189762676,12.446825704464214","49.63298267604683,12.455482163891759","WARNING","A6 | Waidhaus - Pleystein"," Pilsen -> Nürnberg",1,"QUEUING_TRAFFIC","31.600000381469727",2025-05-23,"Beginn: 23.05.25 um 00:42 Uhr  Zusammengesetzte Verkehrsinformation, seit 23.05.2025, 00:42 A6: Pilsen -> Nürnberg, zwischen 2.6 km hinter AS Waidhaus und 2.6 km vor AS Pleystein  Stockender Verkehr Reisezeitverlust: 1 Minuten Durchschnittsgeschwindigkeit: 31 km/h",49.6329826760468,12.4554821638918
"A7","undefined--vi-hind.2025-05-22_23-09-00-000.f_003.de0","51.12375580093556,9.479398900000142,51.20491919729264,9.468087569913106","51.12375580093556,9.479398900000142","WARNING","A7 | Malsfeld - Guxhagen"," Fulda -> Kassel",NA,NA,NA,2025-05-22,"Beginn: 22.05.25 um 23:09 Uhr  Fahrzeug-Hindernis, seit 22.05.2025, 23:09 A7: Fulda -> Kassel, zwischen 4.1 km hinter AS Malsfeld und AS Guxhagen",51.1237558009356,9.47939890000014
"A7","undefined--vi-zus.2025-03-31_00-40-00-000.f_018.de0","53.579141433849884,9.913430072127355,53.55636870091902,9.897540700000414","53.579141433849884,9.913430072127355","WARNING","A7 | Hamburg-Volkspark - Elbtunnel (Nordportal)"," Flensburg -> Hamburg",NA,NA,NA,2025-03-31,"Beginn: 31.03.25 um 00:40 Uhr  Zusammengesetzte Verkehrsinformation, seit 31.03.2025, 00:40 A7: Flensburg -> Hamburg, zwischen 0.4 km hinter AS Hamburg-Volkspark und 0.9 km vor Elbtunnel (Nordportal)  A7 Flensburg Richtung Hamburg Ausfahrt Hamburg-Othmarschen Fahrbahnverengung, maximale Fahrbahnbreite von 4,50 m, Bauarbeiten, bis 29.09.2025",53.5791414338499,9.91343007212735
"A7","undefined--vi-avl.2025-05-22_20-21-30-000.f_006.de0","54.804956120681226,9.328584387866814,54.804956120681226,9.328584387866814","54.804956120681226,9.328584387866814","WARNING","A7 | Ellund - Ellund"," Flensburg -> Hamburg",NA,"SLOW_TRAFFIC","27",2025-05-23,"Beginn: 23.05.25 um 00:44 Uhr  Angespannte Verkehrslage, seit 23.05.2025, 00:44 A7: Flensburg -> Hamburg, 0.1 km vor Ellund, aus Richtung Ellund  Langsamer Verkehr Durchschnittsgeschwindigkeit: 27 km/h",54.8049561206812,9.32858438786681
"A7","undefined--vi-avl.2025-05-22_20-15-00-000.f_001.de0","54.8049820054157,9.328571338481932,54.79935473438442,9.331428547658858","54.8049820054157,9.328571338481932","WARNING","A7 | Ellund - Flensburg/Harrislee"," Flensburg -> Hamburg",0,"SLOW_TRAFFIC","43.5",2025-05-22,"Beginn: 22.05.25 um 20:15 Uhr  Angespannte Verkehrslage, seit 22.05.2025, 20:15 A7: Flensburg -> Hamburg, zwischen 0.1 km hinter Ellund und 3.1 km vor AS Flensburg/Harrislee  Langsamer Verkehr Reisezeitverlust: 0 Minuten Durchschnittsgeschwindigkeit: 43 km/h",54.8049820054157,9.32857133848193
"A8","undefined--vi-zus.2025-03-26_17-59-56-000.f_013.de0","49.32575278791285,7.172731755291576,49.327350714671546,7.213275819282444","49.32575278791285,7.172731755291576","WARNING","A8 | Neunkirchen/Spiesen - Kohlhof"," Saarlouis -> Neunkirchen",NA,NA,NA,2025-03-26,"Beginn: 26.03.25 um 17:59 Uhr  Zusammengesetzte Verkehrsinformation, seit 26.03.2025, 17:59 A8: Saarlouis -> Neunkirchen, zwischen 1.5 km hinter AS Neunkirchen/Spiesen und 1.0 km vor Kohlhof  A8 Saarlouis - Neunkirchen zwischen Neunkirchen-Spiesen und Neunkirchen-Oberstadt in beiden Richtungen Bauarbeiten, bis voraussichtlich 01.06.2025",49.3257527879128,7.17273175529158
"A8","undefined--vi-zus.2025-05-14_09-26-56-000.f.de0","49.32628400979037,7.229641516813452,49.329166750017514,7.1882642393148934","49.32628400979037,7.229641516813452","WARNING","A8 | Neunkirchen-Wellesweiler - Neunkirchen/Spiesen"," Neunkirchen -> Saarlouis",NA,NA,NA,2025-05-14,"Beginn: 14.05.25 um 09:26 Uhr  Zusammengesetzte Verkehrsinformation, seit 14.05.2025, 09:26 A8: Neunkirchen -> Saarlouis, zwischen 0.4 km hinter AS Neunkirchen-Wellesweiler und 2.7 km vor AS Neunkirchen/Spiesen  A8 Saarlouis - Neunkirchen zwischen Neunkirchen-Spiesen und Neunkirchen-Oberstadt in beiden Richtungen Bauarbeiten, bis voraussichtlich 01.06.2025",49.3262840097904,7.22964151681345
"A8","undefined--vi-zus.2025-05-18_05-16-30-000.f.de0","48.913830664848554,8.709229392390208,48.893742102386284,8.785366612768925","48.913830664848554,8.709229392390208","WARNING","A8 | Am Waisenrain - Pforzheim-Süd"," Karlsruhe -> Stuttgart",NA,NA,NA,2025-05-18,"Beginn: 18.05.25 um 05:16 Uhr  Zusammengesetzte Verkehrsinformation, seit 18.05.2025, 05:16 A8: Karlsruhe -> Stuttgart, zwischen 1.5 km hinter Am Waisenrain und 1.7 km vor AS Pforzheim-Süd  Gefahr durch Gegenstände auf der Fahrbahn  A8 Karlsruhe Richtung Stuttgart zwischen Pforzheim-Ost und Heimsheim Nachtbaustelle, Fahrbahnerneuerung, linker Fahrstreifen gesperrt, mittlerer Fahrstreifen gesperrt",48.9138306648486,8.70922939239021
"A9","undefined--vi-zus.2025-05-22_22-59-00-000.f.de0","48.39397887817319,11.594983387136368,48.42682169741503,11.589585297549014","48.39397887817319,11.594983387136368","WARNING","A9 | Aster Moos - Allershausen"," München -> Nürnberg",NA,NA,NA,2025-05-22,"Beginn: 22.05.25 um 22:59 Uhr  Zusammengesetzte Verkehrsinformation, seit 22.05.2025, 22:59 A9: München -> Nürnberg, zwischen 0.9 km hinter Aster Moos und 0.2 km vor AS Allershausen  A9 München - Nürnberg zwischen Kreuz Neufahrn und Allershausen in beiden Richtungen linker Fahrstreifen gesperrt, Bauarbeiten, von 22.05.2025 23:00 Uhr bis 23.05.2025 03:00 Uhr",48.3939788781732,11.5949833871364
"A9","undefined--vi-zus.2025-05-23_00-42-00-000.f.de0","48.734219285871525,11.469796445541117,48.74841455321889,11.459133011615268","48.734219285871525,11.469796445541117","WARNING","A9 | Neuburg a.d.Donau - Ingolstadt-Süd"," München -> Nürnberg",1,"SLOW_TRAFFIC","51",2025-05-23,"Beginn: 23.05.25 um 00:42 Uhr  Zusammengesetzte Verkehrsinformation, seit 23.05.2025, 00:42 A9: München -> Nürnberg, zwischen 2.7 km hinter AS Neuburg a.d.Donau und 0.3 km vor AS Ingolstadt-Süd  Langsamer Verkehr Reisezeitverlust: 1 Minuten Durchschnittsgeschwindigkeit: 51 km/h",48.7342192858715,11.4697964455411
"A9","undefined--vi-avl.2025-05-23_00-40-30-000.f_003.de0","50.91737872764661,11.840634376170016,50.896387467317254,11.843848360749561","50.91737872764661,11.840634376170016","WARNING","A9 | Kuhberg - Hermsdorfer Kreuz"," Halle/Leipzig -> Nürnberg",2,"QUEUING_TRAFFIC","45.70000076293945",2025-05-23,"Beginn: 23.05.25 um 00:40 Uhr  Angespannte Verkehrslage, seit 23.05.2025, 00:40 A9: Halle/Leipzig -> Nürnberg, zwischen 5.8 km hinter Kuhberg und 1.8 km vor AK Hermsdorfer Kreuz  Stockender Verkehr Reisezeitverlust: 2 Minuten Durchschnittsgeschwindigkeit: 45 km/h",50.9173787276466,11.84063437617
"A12","WarnungA10Lkw3","47.61802931631098,12.202336027754352,47.61802931631098,12.202336027754352","47.61802931631098,12.202336027754352","WARNING","E45/E60 | LKW Blockabfertigung | A12-Inntal Autobahn","Richtung Italien",NA,NA,NA,2025-01-11,"Zeitraum: Beginn: 07.01.2025 Ende: 09.12.2025  Hinweis für LKW-Reisende nach Österreich: LKW-Blockabfertigungen an ausgewählten Tagen für Lkw am Grenzübergang Kufstein/Kiefersfelden. Maximaler Durchlass von 300 LKWs pro Stunde  Die genauen Ausführungszeiten und weitere Informationen auf tirol.gv.at/verkehr/verkehrs-und-seilbahnrecht/lkw-dosierung.",47.618029316311,12.2023360277544
"A12","WarnungA10Lkw2","47.6164490154047,12.202382557672273,47.6164490154047,12.202382557672273","47.6164490154047,12.202382557672273","WARNING","E43/E45/E60 | A13-Brenner Autobahn","Richtung Italien",NA,NA,NA,2025-01-11,"Zeitraum: Beginn: 11.01.2025 Ende: 27.09.2025  Hinweis für LKW-Reisende nach Österreich: LKW-Fahrverbot auf der A12-Inntal Autobahn, A13-Brenner Autobahn und A14-Rheintal/Walgau Autobahn, wenn das Ziel der Fahrt der Anschlussstelle Nößlach bis Anschlussstelle Brenner Nord der Richtungsfahrbahn Staatsgrenze der A 13 Brenner Autobahn erreicht werden soll. An ausgewählten Samstagen 7-15 Uhr sowie weiteren Tagen im Zeitraum 11.01. - 27.09.2025 Weitere Informationen auf http://asfinag.at/a13",47.6164490154047,12.2023825576723
"A31","undefined--vi-avl.2025-05-22_17-49-56-000.f_016.de0","52.11533598065041,7.086335600887026,52.13648767542907,7.089672672422646","52.11533598065041,7.086335600887026","WARNING","A31 | Averbeck - Gronau/Ochtrup"," Oberhausen -> Gronau",1,"SLOW_TRAFFIC","66.5999984741211",2025-05-22,"Beginn: 22.05.25 um 17:49 Uhr  Angespannte Verkehrslage, seit 22.05.2025, 17:49 A31: Oberhausen -> Gronau, zwischen 1.2 km hinter Averbeck und 6.5 km vor AS Gronau/Ochtrup  Langsamer Verkehr Reisezeitverlust: 1 Minuten Durchschnittsgeschwindigkeit: 66 km/h",52.1153359806504,7.08633560088703
"A37","undefined--vi-zus.2025-05-20_10-04-05-000.f_002.de0","52.442156462690335,9.933442989087833,52.436581812162494,9.913211841333315","52.442156462690335,9.933442989087833","WARNING","A37 | Beinhorn - Hannover-Kirchhorst"," Celle -> Hannover",NA,NA,NA,2025-05-20,"Beginn: 20.05.25 um 10:04 Uhr  Zusammengesetzte Verkehrsinformation, seit 20.05.2025, 10:04 B3: Celle -> Hannover, zwischen 0.4 km hinter AS Beinhorn und 2.1 km vor AK Hannover-Kirchhorst  A37 Messe - Burgdorf
zwischen Kreuz Hannover-Buchholz und Beinhorn
in beiden Richtungen geänderte Verkehrsführung im Baustellenbereich, Bauarbeiten, bis 30.10.2026 ca. 18:00 Uhr",52.4421564626903,9.93344298908783
"A37","undefined--vi-zus.2025-05-20_10-04-05-000.f_003.de0","52.42566547847685,9.880479425875153,52.44102213295518,9.93161290421946","52.42566547847685,9.880479425875153","WARNING","Baustelle"," km 22.62 --> km 26.54",NA,NA,NA,2025-05-20,"Beginn: 20.05.25 um 10:04 Uhr  Zusammengesetzte Verkehrsinformation, seit 20.05.2025, 10:04 A37: km 22.62 --> km 26.54  A37 Messe - Burgdorf
zwischen Kreuz Hannover-Buchholz und Beinhorn
in beiden Richtungen geänderte Verkehrsführung im Baustellenbereich, Bauarbeiten, bis 30.10.2026 ca. 18:00 Uhr",52.4256654784769,9.88047942587515
"A40","undefined--vi-avl.2025-05-23_00-39-30-000.f_002.de0","51.38039810093419,6.244944599987447,51.38903213051047,6.272308198209373","51.38039810093419,6.244944599987447","WARNING","A40 | Niederdorf - Wankum"," Venlo -> Duisburg",1,"SLOW_TRAFFIC","46.70000076293945",2025-05-23,"Beginn: 23.05.25 um 00:39 Uhr  Angespannte Verkehrslage, seit 23.05.2025, 00:39 A40: Venlo -> Duisburg, zwischen 0.2 km hinter AS Niederdorf und 2.0 km vor AS Wankum  Langsamer Verkehr Reisezeitverlust: 1 Minuten Durchschnittsgeschwindigkeit: 46 km/h",51.3803981009342,6.24494459998745
"A40","undefined--vi-avl.2025-05-23_10-40-00-000.f_027.de0","51.49586584711128,7.188980215086521,51.49600382564044,7.189722511193523","51.49586584711128,7.188980215086521","WARNING","A40 | Bochum-West - Bochum-Freudenbergstraße"," Essen -> Dortmund",0,"STATIONARY_TRAFFIC","35",2025-05-23,"Beginn: 23.05.25 um 10:40 Uhr  Angespannte Verkehrslage, seit 23.05.2025, 10:40 A40: Essen -> Dortmund, zwischen 1.8 km hinter AD Bochum-West und 0.9 km vor AS Bochum-Freudenbergstraße  Im Stillstand Reisezeitverlust: 0 Minuten Durchschnittsgeschwindigkeit: 35 km/h",51.4958658471113,7.18898021508652
"A44","undefined--vi-avl.2025-05-22_18-38-43-000.f_001.de0","51.57740352717801,8.23592309020764,51.573830305004996,8.218808528612874","51.57740352717801,8.23592309020764","WARNING","A44 | Völlinghauser Flur - Lohner Klei"," Kassel -> Dortmund",0,"SLOW_TRAFFIC","62",2025-05-22,"Beginn: 22.05.25 um 18:38 Uhr  Angespannte Verkehrslage, seit 22.05.2025, 18:38 A44: Kassel -> Dortmund, zwischen 3.0 km hinter Völlinghauser Flur und 1.1 km vor Lohner Klei  Langsamer Verkehr Reisezeitverlust: 0 Minuten Durchschnittsgeschwindigkeit: 62 km/h",51.577403527178,8.23592309020764
"A44","undefined--vi-avl.2025-05-22_18-23-04-000.f_006.de0","51.520918766614564,8.927584327204661,51.533259947977406,8.895735780024586","51.520918766614564,8.927584327204661","WARNING","A44 | Marsberg - Blankenrode"," Kassel -> Dortmund",1,"SLOW_TRAFFIC","62.70000076293945",2025-05-22,"Beginn: 22.05.25 um 18:23 Uhr  Angespannte Verkehrslage, seit 22.05.2025, 18:23 A44: Kassel -> Dortmund, zwischen 2.4 km hinter AS Marsberg und 1.8 km vor Blankenrode  Langsamer Verkehr Reisezeitverlust: 1 Minuten Durchschnittsgeschwindigkeit: 62 km/h",51.5209187666146,8.92758432720466
"A45","undefined--vi-zus.2025-05-22_23-37-33-000.f_001.de0","50.02367273658785,9.050880038316306,50.04709330094093,9.053241800000011","50.02367273658785,9.050880038316306","WARNING","A45 | Kleinostheim - Alzenau-Mitte"," Aschaffenburg -> Gießen",NA,NA,NA,2025-05-22,"Beginn: 22.05.25 um 23:37 Uhr  Zusammengesetzte Verkehrsinformation, seit 22.05.2025, 23:37 A45: Aschaffenburg -> Gießen, zwischen 0.3 km hinter AS Kleinostheim und 4.6 km vor AS Alzenau-Mitte  Gefahr durch Gegenstände auf der Fahrbahn  A45 Aschaffenburg Richtung Gießen zwischen Kleinostheim und Karlstein Richtungsfahrbahn gesperrt, vorübergehend Bergungsarbeiten, Unfall mit mehreren Fahrzeugen, Gefahr durch Gegenstände auf der Fahrbahn",50.0236727365878,9.05088003831631
"A45","undefined--vi-hind.2025-05-22_23-57-00-000.f_001.de0","50.03513293682255,9.058412684414828,50.04709330094093,9.053241800000011","50.03513293682255,9.058412684414828","WARNING","A45 | Kleinostheim - Alzenau-Mitte"," Aschaffenburg -> Gießen",NA,NA,NA,2025-05-22,"Beginn: 22.05.25 um 23:57 Uhr  Hindernis, seit 22.05.2025, 23:57 A45: Aschaffenburg -> Gießen, zwischen 1.7 km hinter AS Kleinostheim und 4.6 km vor AS Alzenau-Mitte  Gefahr durch Gegenstände auf der Fahrbahn",50.0351329368225,9.05841268441483
"A45","undefined--vi-zus.2025-05-23_00-24-00-000.f.de0","50.02542298147525,9.05272549370187,50.03513293682255,9.058412684414828","50.02542298147525,9.05272549370187","WARNING","A45 | Kleinostheim - Karlstein"," Aschaffenburg -> Gießen",0,"SLOW_TRAFFIC","49.29999923706055",2025-05-23,"Beginn: 23.05.25 um 00:24 Uhr  Zusammengesetzte Verkehrsinformation, seit 23.05.2025, 00:24 A45: Aschaffenburg -> Gießen, zwischen 0.5 km hinter AS Kleinostheim und 1.4 km vor AS Karlstein  Langsamer Verkehr Reisezeitverlust: 0 Minuten Durchschnittsgeschwindigkeit: 49 km/h",50.0254229814753,9.05272549370187
"A45","undefined--vi-avl.2025-05-22_23-48-00-000.f.de0","50.56158261885087,8.557343148696232,50.56896153520826,8.547685342854388","50.56158261885087,8.557343148696232","WARNING","A45 | Wetzlar-Süd - Wetzlar-Ost"," Gießen -> Hagen",0,"SLOW_TRAFFIC","56.900001525878906",2025-05-22,"Beginn: 22.05.25 um 23:48 Uhr  Angespannte Verkehrslage, seit 22.05.2025, 23:48 A45: Gießen -> Hagen, zwischen 0.8 km hinter AS Wetzlar-Süd und 0.2 km vor AS Wetzlar-Ost  Langsamer Verkehr Reisezeitverlust: 0 Minuten Durchschnittsgeschwindigkeit: 56 km/h",50.5615826188509,8.55734314869623
"A48","undefined--vi-avl.2025-05-23_00-28-30-000.f_003.de0","50.23887873601512,7.056001963398564,50.23822593747327,7.073913799217458","50.23887873601512,7.056001963398564","WARNING","A48 | Ulmen - Laubach"," Dreieck Vulkaneifel -> Koblenz",0,"SLOW_TRAFFIC","72.19999694824219",2025-05-23,"Beginn: 23.05.25 um 00:28 Uhr  Angespannte Verkehrslage, seit 23.05.2025, 00:28 A48: Dreieck Vulkaneifel -> Koblenz, zwischen 7.3 km hinter AS Ulmen und 0.5 km vor AS Laubach  Langsamer Verkehr Reisezeitverlust: 0 Minuten Durchschnittsgeschwindigkeit: 72 km/h",50.2388787360151,7.05600196339856
"A48","undefined--vi-avl.2025-05-23_00-40-30-000.f_001.de0","50.26807863802647,7.2289932012569995,50.28283867459921,7.244903506706608","50.26807863802647,7.2289932012569995","WARNING","A48 | Elztal-Süd - Mayen"," Dreieck Vulkaneifel -> Koblenz",0,"SLOW_TRAFFIC","69",2025-05-23,"Beginn: 23.05.25 um 00:40 Uhr  Angespannte Verkehrslage, seit 23.05.2025, 00:40 A48: Dreieck Vulkaneifel -> Koblenz, zwischen 0.6 km hinter Elztal-Süd und 0.9 km vor AS Mayen  Langsamer Verkehr Reisezeitverlust: 0 Minuten Durchschnittsgeschwindigkeit: 69 km/h",50.2680786380265,7.228993201257
"A48","undefined--vi-avl.2025-05-23_00-46-30-000.f_002.de0","50.3238857263856,7.368930392045261,50.32848416623777,7.389679532037012","50.3238857263856,7.368930392045261","WARNING","A48 | Polsch - Ochtendung"," Dreieck Vulkaneifel -> Koblenz",0,"SLOW_TRAFFIC","57.79999923706055",2025-05-23,"Beginn: 23.05.25 um 00:46 Uhr  Angespannte Verkehrslage, seit 23.05.2025, 00:46 A48: Dreieck Vulkaneifel -> Koblenz, zwischen 4.9 km hinter AS Polsch und 1.7 km vor AS Ochtendung  Langsamer Verkehr Reisezeitverlust: 0 Minuten Durchschnittsgeschwindigkeit: 57 km/h",50.3238857263856,7.36893039204526
"A60","undefined--vi-zus.2025-04-08_08-51-21-000.f_013.de0","49.98125533976677,8.345695317688524,49.97565770865279,8.441396718063045","49.98125533976677,8.345695317688524","WARNING","A60 | Mainspitz-Dreieck - Rüsselsheimer Dreieck"," Mainz -> Rüsselsheim",NA,NA,NA,2025-04-08,"Beginn: 08.04.25 um 08:51 Uhr  Zusammengesetzte Verkehrsinformation, seit 08.04.2025, 08:51 A60: Mainz -> Rüsselsheim, zwischen 0.5 km hinter AD Mainspitz-Dreieck und 2.2 km vor AD Rüsselsheimer Dreieck  Sperrung der A60 bei Königstädten – Grundhafte Fahrbahnerneuerung zwischen dem Rüsselsheimer Dreieck und dem Mainspitz Dreieck. Die Niederlassung West der Autobahn GmbH erneuert zwischen dem Rüsselsheimer Dreieck (30) und dem Mainspitz Dreieck (26) die Fahrbahn. Von Donnerstagmorgen (24. April) bis Mitte Juli wird die Anschlussstelle (AS) Königstädten (29) in Fahrtrichtung (FR) Mainz sowie in FR Rüsselsheimer Dreieck gesperrt. Umleitungsmöglichkeiten sind ausgeschildert: • Ausfahrt FR Mainz: Umleitung via AS Rüsselsheim-Mitte • Einfahrt FR Mainz: innerstädtische Umleitung zur AS Rüsselsheim-Mitte (Adam-Opel-Straße / Kurt-Schumacher-Ring), von Nauheim kommend via L3482 zur AS Bischofsheim • Einfahrt FR Darmstadt: innerstädtische Umleitung zur AS Rüsselsheim-Mitte (Adam-Opel-Straße / Kurt-Schumacher-Ring) Die Autobahn GmbH bittet alle Verkehrsteilnehmer um Verständnis für die unvermeidlichen Verkehrsbehinderungen, die durch die Arbeiten entstehen.",49.9812553397668,8.34569531768852
"A60","undefined--vi-zus.2025-05-03_10-55-00-000.f_003.de0","49.977457399447445,8.454646346787307,49.981587265039146,8.34517285786785","49.977457399447445,8.454646346787307","WARNING","A60 | Rüsselsheimer Dreieck - Mainspitz-Dreieck"," Rüsselsheim -> Mainz",NA,NA,NA,2025-05-03,"Beginn: 03.05.25 um 10:55 Uhr  Zusammengesetzte Verkehrsinformation, seit 03.05.2025, 10:55 A60: Rüsselsheim -> Mainz, zwischen 0.6 km hinter AD Rüsselsheimer Dreieck und 0.5 km vor AD Mainspitz-Dreieck  Sperrung der A60 bei Königstädten – Grundhafte Fahrbahnerneuerung zwischen dem Rüsselsheimer Dreieck und dem Mainspitz Dreieck. Die Niederlassung West der Autobahn GmbH erneuert zwischen dem Rüsselsheimer Dreieck (30) und dem Mainspitz Dreieck (26) die Fahrbahn. Von Donnerstagmorgen (24. April) bis Mitte Juli wird die Anschlussstelle (AS) Königstädten (29) in Fahrtrichtung (FR) Mainz sowie in FR Rüsselsheimer Dreieck gesperrt. Umleitungsmöglichkeiten sind ausgeschildert: • Ausfahrt FR Mainz: Umleitung via AS Rüsselsheim-Mitte • Einfahrt FR Mainz: innerstädtische Umleitung zur AS Rüsselsheim-Mitte (Adam-Opel-Straße / Kurt-Schumacher-Ring), von Nauheim kommend via L3482 zur AS Bischofsheim • Einfahrt FR Darmstadt: innerstädtische Umleitung zur AS Rüsselsheim-Mitte (Adam-Opel-Straße / Kurt-Schumacher-Ring) Die Autobahn GmbH bittet alle Verkehrsteilnehmer um Verständnis für die unvermeidlichen Verkehrsbehinderungen, die durch die Arbeiten entstehen.",49.9774573994474,8.45464634678731
"A65","undefined--vi-avl.2025-05-22_22-37-30-000.f_005.de0","49.21462001091958,8.142109481843391,49.20786807030006,8.147633047093155","49.21462001091958,8.142109481843391","WARNING","A65 | Landau-Nord - Landau-Zentrum"," Ludwigshafen -> Karlsruhe",0,"SLOW_TRAFFIC","43.099998474121094",2025-05-22,"Beginn: 22.05.25 um 22:37 Uhr  Angespannte Verkehrslage, seit 22.05.2025, 22:37 A65: Ludwigshafen -> Karlsruhe, zwischen 0.3 km hinter AS Landau-Nord und 1.5 km vor AS Landau-Zentrum  Langsamer Verkehr Reisezeitverlust: 0 Minuten Durchschnittsgeschwindigkeit: 43 km/h",49.2146200109196,8.14210948184339
"A66","undefined--vi-avl.2025-05-23_00-44-30-000.f_001.de0","50.373495241913915,9.513289595139527,50.381164708528196,9.521892140634913","50.373495241913915,9.513289595139527","WARNING","A66 | Schlüchtern-Süd - Schlüchtern-Nord"," Frankfurt -> Fulda",0,"SLOW_TRAFFIC","62.20000076293945",2025-05-23,"Beginn: 23.05.25 um 00:44 Uhr  Angespannte Verkehrslage, seit 23.05.2025, 00:44 A66: Frankfurt -> Fulda, zwischen 5.9 km hinter AS Schlüchtern-Süd und 0.5 km vor AS Schlüchtern-Nord  Langsamer Verkehr Reisezeitverlust: 0 Minuten Durchschnittsgeschwindigkeit: 62 km/h",50.3734952419139,9.51328959513953
"A71","undefined--vi-avl.2025-05-23_00-26-30-000.f_003.de0","50.352877261357015,10.316700073166418,50.3688064560667,10.315891131261768","50.352877261357015,10.316700073166418","WARNING","A71 | Bad Neustadt a.d.Saale - Mellrichstadt"," Schweinfurt -> Suhl",0,"SLOW_TRAFFIC","72",2025-05-23,"Beginn: 23.05.25 um 00:26 Uhr  Angespannte Verkehrslage, seit 23.05.2025, 00:26 A71: Schweinfurt -> Suhl, zwischen 3.1 km hinter AS Bad Neustadt a.d.Saale und 5.3 km vor AS Mellrichstadt  Langsamer Verkehr Reisezeitverlust: 0 Minuten Durchschnittsgeschwindigkeit: 72 km/h",50.352877261357,10.3167000731664
"A71","undefined--vi-avl.2025-05-23_00-22-30-000.f.de0","50.39403299158159,10.315687919345487,50.40169745705601,10.32156655702124","50.39403299158159,10.315687919345487","WARNING","A71 | Bad Neustadt a.d.Saale - Mellrichstadt"," Schweinfurt -> Suhl",0,"SLOW_TRAFFIC","69.19999694824219",2025-05-23,"Beginn: 23.05.25 um 00:22 Uhr  Angespannte Verkehrslage, seit 23.05.2025, 00:22 A71: Schweinfurt -> Suhl, zwischen 7.8 km hinter AS Bad Neustadt a.d.Saale und 1.5 km vor AS Mellrichstadt  Langsamer Verkehr Reisezeitverlust: 0 Minuten Durchschnittsgeschwindigkeit: 69 km/h",50.3940329915816,10.3156879193455
"A72","undefined--vi-avl.2025-05-23_00-47-00-000.f.de0","50.407361317017504,12.027852915243072,50.39821556763562,12.009988307981608","50.407361317017504,12.027852915243072","WARNING","A72 | Großzöbern - Landesgrenze"," Plauen -> Hof",0,"SLOW_TRAFFIC","70.4000015258789",2025-05-23,"Beginn: 23.05.25 um 00:47 Uhr  Angespannte Verkehrslage, seit 23.05.2025, 00:47 A72: Plauen -> Hof, zwischen 0.3 km hinter Großzöbern und 2.4 km vor Landesgrenze  Langsamer Verkehr Reisezeitverlust: 0 Minuten Durchschnittsgeschwindigkeit: 70 km/h",50.4073613170175,12.0278529152431
"A72","undefined--vi-avl.2025-05-23_00-43-35-000.f.de0","50.660280824869915,12.509036291858871,50.65169843805842,12.495949761780304","50.660280824869915,12.509036291858871","WARNING","A72 | Zwickau-Ost - Niedercrinitz"," Zwickau -> Plauen",0,"SLOW_TRAFFIC","64.0999984741211",2025-05-23,"Beginn: 23.05.25 um 00:43 Uhr  Angespannte Verkehrslage, seit 23.05.2025, 00:43 A72: Zwickau -> Plauen, zwischen 6.0 km hinter AS Zwickau-Ost und 0.6 km vor Niedercrinitz  Langsamer Verkehr Reisezeitverlust: 0 Minuten Durchschnittsgeschwindigkeit: 64 km/h",50.6602808248699,12.5090362918589
"A72","undefined--vi-avl.2025-05-23_00-46-00-000.f_001.de0","50.69028775967072,12.662296949579291,50.68208423706224,12.641400062242985","50.69028775967072,12.662296949579291","WARNING","A72 | Hartenstein - Zwickau-Ost"," Chemnitz -> Plauen",0,"SLOW_TRAFFIC","63.20000076293945",2025-05-23,"Beginn: 23.05.25 um 00:46 Uhr  Angespannte Verkehrslage, seit 23.05.2025, 00:46 A72: Chemnitz -> Plauen, zwischen 2.6 km hinter AS Hartenstein und 4.5 km vor AS Zwickau-Ost  Langsamer Verkehr Reisezeitverlust: 0 Minuten Durchschnittsgeschwindigkeit: 63 km/h",50.6902877596707,12.6622969495793
"A92","undefined--vi-zus.2025-05-22_20-41-00-000.f.de0","48.43103011128184,11.943840077537724,48.43638610094678,11.951118600023534","48.43103011128184,11.943840077537724","WARNING","A92 | Erding - Moosburger Au"," München -> Deggendorf",0,"SLOW_TRAFFIC","53.29999923706055",2025-05-22,"Beginn: 22.05.25 um 20:41 Uhr  Zusammengesetzte Verkehrsinformation, seit 22.05.2025, 20:41 A92: München -> Deggendorf, zwischen 7.5 km hinter AS Erding und 0.2 km vor Moosburger Au  Langsamer Verkehr Reisezeitverlust: 0 Minuten Durchschnittsgeschwindigkeit: 53 km/h",48.4310301112818,11.9438400775377
"A93","undefined--vi-zus.2025-05-23_00-23-30-000.f_001.de0","48.71578952807559,11.813574370248235,48.71157777721113,11.79590682255412","48.71578952807559,11.813574370248235","WARNING","A93 | Deutschmeister - Aiglsbach"," Regensburg -> Holledau",0,"SLOW_TRAFFIC","61.70000076293945",2025-05-23,"Beginn: 23.05.25 um 00:23 Uhr  Zusammengesetzte Verkehrsinformation, seit 23.05.2025, 00:23 A93: Regensburg -> Holledau, zwischen 4.1 km hinter Deutschmeister und 5.2 km vor AS Aiglsbach  Langsamer Verkehr Reisezeitverlust: 0 Minuten Durchschnittsgeschwindigkeit: 61 km/h",48.7157895280756,11.8135743702482
"A96","undefined--vi-zus.2025-05-23_00-34-00-000.f.de0","47.9282606589023,10.089145054815623,47.919960111522094,10.076132033561661","47.9282606589023,10.089145054815623","WARNING","A96 | Aitrach - Aichstetten"," München -> Lindau",0,"SLOW_TRAFFIC","63.20000076293945",2025-05-23,"Beginn: 23.05.25 um 00:34 Uhr  Zusammengesetzte Verkehrsinformation, seit 23.05.2025, 00:34 A96: München -> Lindau, zwischen 0.8 km hinter AS Aitrach und 5.0 km vor AS Aichstetten  Langsamer Verkehr Reisezeitverlust: 0 Minuten Durchschnittsgeschwindigkeit: 63 km/h",47.9282606589023,10.0891450548156
"A96","undefined--vi-avl.2025-05-23_00-43-35-000.f_003.de0","48.041764428678654,10.58741714310182,48.04084840690003,10.60797122169939","48.041764428678654,10.58741714310182","WARNING","A96 | Mindelheim - Bad Wörishofen"," Lindau -> München",0,"SLOW_TRAFFIC","64.4000015258789",2025-05-23,"Beginn: 23.05.25 um 00:43 Uhr  Angespannte Verkehrslage, seit 23.05.2025, 00:43 A96: Lindau -> München, zwischen 6.0 km hinter AS Mindelheim und 0.9 km vor AS Bad Wörishofen  Langsamer Verkehr Reisezeitverlust: 0 Minuten Durchschnittsgeschwindigkeit: 64 km/h",48.0417644286787,10.5874171431018
"A99","undefined--vi-avl.2025-05-23_00-21-30-000.f_001.de0","48.188730462240144,11.710780360288505,48.20960966255713,11.648024314523006","48.188730462240144,11.710780360288505","WARNING","A99 | Aschheim - München-Nord"," München-Süd -> München-Nord",2,"SLOW_TRAFFIC","66.9000015258789",2025-05-23,"Beginn: 23.05.25 um 00:21 Uhr  Angespannte Verkehrslage, seit 23.05.2025, 00:21 A99: München-Süd -> München-Nord, zwischen 1.6 km hinter Aschheim und 1.9 km vor AK München-Nord  Langsamer Verkehr Reisezeitverlust: 2 Minuten Durchschnittsgeschwindigkeit: 66 km/h",48.1887304622401,11.7107803602885
"A115","undefined--vi-zus.2024-10-09_07-09-40-000.f_531.de0","52.40027056808641,13.185163736426698,52.44227384698058,13.202709435405149","52.40027056808641,13.185163736426698","WARNING","A115 | Am Stern - Hüttenweg"," Dreieck Nuthetal -> Dreieck Funkturm",NA,NA,NA,2024-10-09,"Beginn: 09.10.24 um 07:09 Uhr  Zusammengesetzte Verkehrsinformation, seit 09.10.2024, 07:09 A115: Dreieck Nuthetal -> Dreieck Funkturm, zwischen 2.9 km hinter Am Stern und 3.8 km vor AS Hüttenweg  A115 Autobahnzubringer Magdeburg, Dreieck Nuthetal Richtung Dreieck Funkturm, zwischen Anschlussstelle Kleinmachnow und Anschlussstelle Spanische Allee, Baustelle, bis 31.10.2026 17:00 Uhr",52.4002705680864,13.1851637364267
"A255","undefined--vi-zus.2025-05-23_00-47-30-000.f.de0","53.52172611855707,10.024653448403665,53.50629503754972,10.037636177137626","53.52172611855707,10.024653448403665","WARNING","Baustelle"," km 1.63 --> km -0.27",0,"SLOW_TRAFFIC","60.20000076293945",2025-05-23,"Beginn: 23.05.25 um 00:47 Uhr  Zusammengesetzte Verkehrsinformation, seit 23.05.2025, 00:47 A255: km 1.63 --> km -0.27  Langsamer Verkehr Reisezeitverlust: 0 Minuten Durchschnittsgeschwindigkeit: 60 km/h",53.5217261185571,10.0246534484037
"A995","undefined--vi-avl.2025-05-23_00-47-30-000.f_001.de0","48.040504261934515,11.599766759451674,48.033117402185624,11.610686682506303","48.040504261934515,11.599766759451674","WARNING","A995 | Taufkirchen-West - Potzham"," München -> Kreuz München-Süd",0,"SLOW_TRAFFIC","61.20000076293945",2025-05-23,"Beginn: 23.05.25 um 00:47 Uhr  Angespannte Verkehrslage, seit 23.05.2025, 00:47 A995: München -> Kreuz München-Süd, zwischen 1.6 km hinter AS Taufkirchen-West und 0.1 km vor Potzham  Langsamer Verkehr Reisezeitverlust: 0 Minuten Durchschnittsgeschwindigkeit: 61 km/h",48.0405042619345,11.5997667594517
