"road","identifier","extent","point","display_type","title","subtitle","delay_minutes","abnormalTrafficType","averageSpeed","startTimestamp","description","latitude","longitude"
"A1","undefined--vi-hind.2025-05-19_19-54-00-000.f_004.de0","50.67331588614863,6.735201692610461,50.65047740093807,6.722068199994528","50.67331588614863,6.735201692610461","WARNING","A1 | Euskirchen - Wißkirchen"," Köln -> Blankenheim",NA,NA,NA,2025-05-19,"Beginn: 19.05.25 um 19:54 Uhr  Hindernis, seit 19.05.2025, 19:54 A1: Köln -> Blankenheim, zwischen 0.7 km hinter AS Euskirchen und 0.3 km vor AS Wißkirchen  Gefahr durch Gegenstände auf der Fahrbahn",50.6733158861486,6.73520169261046
"A1","undefined--vi-avl.2025-05-19_20-02-30-000.f_004.de0","51.23738486702962,7.230644606890233,51.23738486702962,7.230644606890233","51.23738486702962,7.230644606890233","WARNING","A1 | Wuppertal-Ronsdorf - Wuppertal-Ronsdorf"," Dortmund -> Köln",NA,"STATIONARY_TRAFFIC","18",2025-05-19,"Beginn: 19.05.25 um 20:37 Uhr  Angespannte Verkehrslage, seit 19.05.2025, 20:37 A1: Dortmund -> Köln, 1.2 km vor AS Wuppertal-Ronsdorf, aus Richtung Ehrenberg  Im Stillstand Durchschnittsgeschwindigkeit: 18 km/h",51.2373848670296,7.23064460689023
"A1","undefined--vi-avl.2025-05-19_19-55-03-000.f_001.de0","51.2373219527249,7.230647059396601,51.22267102918807,7.242692576711864","51.2373219527249,7.230647059396601","WARNING","A1 | Ehrenberg - Remscheid-Lennep"," Dortmund -> Köln",5,"STATIONARY_TRAFFIC","17.700000762939453",2025-05-19,"Beginn: 19.05.25 um 19:55 Uhr  Angespannte Verkehrslage, seit 19.05.2025, 19:55 A1: Dortmund -> Köln, zwischen 3.7 km hinter Ehrenberg und 2.5 km vor AS Remscheid-Lennep  Im Stillstand Reisezeitverlust: 5 Minuten Durchschnittsgeschwindigkeit: 17 km/h",51.2373219527249,7.2306470593966
"A1","undefined--vi-hind.2025-05-19_19-46-30-000.f_002.de0","50.80069142753134,6.79802115007856,50.80178654814576,6.79726375807591","50.80069142753134,6.79802115007856","WARNING","A1 | Bliesheim - Erftstadt"," Koblenz -> Mönchengladbach",NA,NA,NA,2025-05-19,"Beginn: 19.05.25 um 19:46 Uhr  Fahrzeug-Hindernis, seit 19.05.2025, 19:46 A61: Koblenz -> Mönchengladbach, zwischen 3.7 km hinter AK Bliesheim und 0.2 km vor AS Erftstadt Gefahr durch ein defektes Fahrzeug auf der Fahrbahn",50.8006914275313,6.79802115007856
"A1","undefined--vi-avl.2025-05-19_20-23-00-000.f_001.de0","51.524579091942,7.65884116557556,51.53580827376368,7.661286983762063","51.524579091942,7.65884116557556","WARNING","A1 | Dortmund/Unna - Kamen-Zentrum"," Dortmund -> Münster",1,"QUEUING_TRAFFIC","31.299999237060547",2025-05-19,"Beginn: 19.05.25 um 20:23 Uhr  Angespannte Verkehrslage, seit 19.05.2025, 20:23 A1: Dortmund -> Münster, zwischen 0.3 km hinter AK Dortmund/Unna und 4.5 km vor AS Kamen-Zentrum  Stockender Verkehr Reisezeitverlust: 1 Minuten Durchschnittsgeschwindigkeit: 31 km/h",51.524579091942,7.65884116557556
"A1","undefined--vi-avl.2025-05-19_20-25-30-000.f.de0","51.52459690804233,7.65884506594132,51.52459690804233,7.65884506594132","51.52459690804233,7.65884506594132","WARNING","A1 | Unna - Unna"," Dortmund -> Münster",NA,"QUEUING_TRAFFIC","11",2025-05-19,"Beginn: 19.05.25 um 20:37 Uhr  Angespannte Verkehrslage, seit 19.05.2025, 20:37 A1: Dortmund -> Münster, 0.2 km vor AS Unna, aus Richtung Dortmund/Unna  Stockender Verkehr Durchschnittsgeschwindigkeit: 11 km/h",51.5245969080423,7.65884506594132
"A1","undefined--vi-avl.2025-05-19_19-31-30-000.f_005.de0","53.02365954991912,8.812121841260272,53.026565426633645,8.853023177618908","53.02365954991912,8.812121841260272","WARNING","A1 | Bremen/Brinkum - Bremen-Arsten"," Osnabrück -> Bremen",6,"STATIONARY_TRAFFIC","20.200000762939453",2025-05-19,"Beginn: 19.05.25 um 19:31 Uhr  Angespannte Verkehrslage, seit 19.05.2025, 19:31 A1: Osnabrück -> Bremen, zwischen 0.6 km hinter AS Bremen/Brinkum und 0.5 km vor AS Bremen-Arsten  Im Stillstand Reisezeitverlust: 6 Minuten Durchschnittsgeschwindigkeit: 20 km/h",53.0236595499191,8.81212184126027
"A1","undefined--vi-avl.2025-05-19_20-12-30-000.f_005.de0","53.0236582515964,8.812047327624084,53.0236582515964,8.812047327624084","53.0236582515964,8.812047327624084","WARNING","A1 | Krummhörens Kuhlen - Krummhörens Kuhlen"," Osnabrück -> Bremen",NA,"STATIONARY_TRAFFIC","20",2025-05-19,"Beginn: 19.05.25 um 20:37 Uhr  Angespannte Verkehrslage, seit 19.05.2025, 20:37 A1: Osnabrück -> Bremen, 0.8 km vor Krummhörens Kuhlen, aus Richtung Bremen/Brinkum  Im Stillstand Durchschnittsgeschwindigkeit: 20 km/h",53.0236582515964,8.81204732762408
"A2","undefined--vi-avl.2025-05-19_20-00-00-000.f.de0","51.5386298801034,6.843310174342619,51.53887574555629,6.864115930365085","51.5386298801034,6.843310174342619","WARNING","A2 | Oberhausen - Oberhausen-Königshardt"," Oberhausen -> Dortmund",5,"STATIONARY_TRAFFIC","13.600000381469727",2025-05-19,"Beginn: 19.05.25 um 20:00 Uhr  Angespannte Verkehrslage, seit 19.05.2025, 20:00 A2: Oberhausen -> Dortmund, zwischen 0.6 km hinter AK Oberhausen und 0.4 km vor AS Oberhausen-Königshardt  Im Stillstand Reisezeitverlust: 5 Minuten Durchschnittsgeschwindigkeit: 13 km/h",51.5386298801034,6.84331017434262
"A2","undefined--vi-avl.2025-05-19_20-00-30-000.f_003.de0","51.5386298801034,6.843310174342619,51.5386298801034,6.843310174342619","51.5386298801034,6.843310174342619","WARNING","A2 | Oberhausen-Königshardt - Oberhausen-Königshardt"," Oberhausen -> Dortmund",NA,"STATIONARY_TRAFFIC","5",2025-05-19,"Beginn: 19.05.25 um 20:37 Uhr  Angespannte Verkehrslage, seit 19.05.2025, 20:37 A2: Oberhausen -> Dortmund, 1.8 km vor AS Oberhausen-Königshardt, aus Richtung Oberhausen  Im Stillstand Durchschnittsgeschwindigkeit: 5 km/h",51.5386298801034,6.84331017434262
"A2","undefined--vi-hind.2025-05-19_20-28-00-000.f_002.de0","51.578676000932944,7.505967199998997,51.57855901402244,7.5088034970347515","51.578676000932944,7.505967199998997","WARNING","A2 | Dortmund-Nordost - Dortmund-Lanstrop"," Dortmund -> Hannover",NA,NA,NA,2025-05-19,"Beginn: 19.05.25 um 20:28 Uhr  Fahrzeug-Hindernis, seit 19.05.2025, 20:28 A2: Dortmund -> Hannover, zwischen 0.8 km hinter AS Dortmund-Nordost und 2.7 km vor AS Dortmund-Lanstrop Gefahr durch ein defektes Fahrzeug auf der Fahrbahn",51.5786760009329,7.505967199999
"A2","undefined--vi-hind.2025-05-19_20-28-00-000.f_001.de0","52.09340980092969,8.701981799999896,52.09340980092969,8.701981799999896","52.09340980092969,8.701981799999896","WARNING","A2 | Herford - Herford/Bad Salzuflen"," Hannover -> Dortmund",NA,NA,NA,2025-05-19,"Beginn: 19.05.25 um 20:28 Uhr  Fahrzeug-Hindernis, seit 19.05.2025, 20:28 A2: Hannover -> Dortmund, zwischen 1.6 km hinter Herford und 0.6 km vor AS Herford/Bad Salzuflen Gefahr durch ein defektes Fahrzeug auf der Fahrbahn",52.0934098009297,8.7019817999999
"A2","undefined--vi-hind.2025-05-19_19-00-00-000.f_005.de0","52.23223784058388,9.243723844994786,52.23186189485302,9.241281800439054","52.23223784058388,9.243723844994786","WARNING","A2 | Rehren - Auetal Süd"," Hannover -> Dortmund",NA,NA,NA,2025-05-19,"Beginn: 19.05.25 um 19:00 Uhr  Fahrzeug-Hindernis, seit 19.05.2025, 19:00 A2: Hannover -> Dortmund, zwischen 0.1 km hinter AS Rehren und 1.3 km vor Auetal Süd Gefahr durch ein defektes Fahrzeug auf der Fahrbahn",52.2322378405839,9.24372384499479
"A2","undefined--vi-avl.2025-05-19_20-10-30-000.f_004.de0","51.535715713822,6.829787842314347,51.535715713822,6.829787842314347","51.535715713822,6.829787842314347","WARNING","Baustelle","",NA,"STATIONARY_TRAFFIC","7",2025-05-19,"Beginn: 19.05.25 um 20:37 Uhr  Angespannte Verkehrslage, seit 19.05.2025, 20:37 A2 O  Im Stillstand Durchschnittsgeschwindigkeit: 7 km/h",51.535715713822,6.82978784231435
"A2","undefined--vi-avl.2025-05-19_20-10-30-000.f_003.de0","51.53573085129945,6.829823628870554,51.5386298801034,6.843310174342619","51.53573085129945,6.829823628870554","WARNING","Baustelle"," km 473.43 --> km 472.42",5,"STATIONARY_TRAFFIC","10.300000190734863",2025-05-19,"Beginn: 19.05.25 um 20:10 Uhr  Angespannte Verkehrslage, seit 19.05.2025, 20:10 A2: km 473.43 --> km 472.42  Im Stillstand Reisezeitverlust: 5 Minuten Durchschnittsgeschwindigkeit: 10 km/h",51.5357308512994,6.82982362887055
"A3","undefined--vi-avl.2025-05-19_20-36-00-000.f_002.de0","48.5335684009485,13.400091000191024,48.54588166243156,13.39786497189552","48.5335684009485,13.400091000191024","WARNING","A3 | Rottal-Ost - Hammerbach"," Linz -> Nürnberg",0,"SLOW_TRAFFIC","66.4000015258789",2025-05-19,"Beginn: 19.05.25 um 20:36 Uhr  Angespannte Verkehrslage, seit 19.05.2025, 20:36 A3: Linz -> Nürnberg, zwischen 8.7 km hinter Rottal-Ost und 1.7 km vor Hammerbach  Langsamer Verkehr Reisezeitverlust: 0 Minuten Durchschnittsgeschwindigkeit: 66 km/h",48.5335684009485,13.400091000191
"A3","undefined--vi-hind.2025-05-19_20-18-30-000.f_001.de0","49.380533400943676,11.343884400006912,49.361355500943716,11.425877200008168","49.380533400943676,11.343884400006912","WARNING","A3 | Altdorf/Burgthann - Eichenäcker"," Nürnberg -> Passau",NA,NA,NA,2025-05-19,"Beginn: 19.05.25 um 20:18 Uhr  Hindernis, seit 19.05.2025, 20:18 A3: Nürnberg -> Passau, zwischen 0.3 km hinter AS Altdorf/Burgthann und 1.0 km vor Eichenäcker  Gefahr durch Gegenstände auf der Fahrbahn",49.3805334009437,11.3438844000069
"A3","undefined--vi-hind.2025-05-19_20-15-00-000.f_001.de0","49.77512120094211,10.344954800000696,49.769714900942105,10.476876900000951","49.77512120094211,10.344954800000696","WARNING","A3 | Steigerwald-Blick - Wasserberndorf"," Würzburg -> Nürnberg",NA,NA,NA,2025-05-19,"Beginn: 19.05.25 um 20:15 Uhr  Hindernis, seit 19.05.2025, 20:15 A3: Würzburg -> Nürnberg, zwischen 1.9 km hinter Steigerwald-Blick und 3.4 km vor Wasserberndorf  Gefahr durch Gegenstände auf der Fahrbahn",49.7751212009421,10.3449548000007
"A3","undefined--vi-hind.2025-05-19_20-35-00-000.f.de0","49.81807230094192,9.557897500000147,49.76987810094211,9.58305290000015","49.81807230094192,9.557897500000147","WARNING","A3 | Kohlsberg - Fronberg"," Frankfurt -> Würzburg",NA,NA,NA,2025-05-19,"Beginn: 19.05.25 um 20:35 Uhr  Hindernis, seit 19.05.2025, 20:35 A3: Frankfurt -> Würzburg, zwischen 3.5 km hinter Kohlsberg und 9.9 km vor Fronberg  Gefahr durch eine ungesicherte Unfallstelle",49.8180723009419,9.55789750000015
"A3","undefined--vi-hind.2025-05-19_19-02-05-000.f_006.de0","49.98605295565739,9.258094048010308,49.93582416667447,9.34727318781125","49.98605295565739,9.258094048010308","WARNING","A3 | Bessenbach/Waldaschaff - Rohrbrunn"," Frankfurt -> Würzburg",NA,NA,NA,2025-05-19,"Beginn: 19.05.25 um 19:02 Uhr  Fahrzeug-Hindernis, seit 19.05.2025, 19:02 A3: Frankfurt -> Würzburg, zwischen 0.2 km hinter AS Bessenbach/Waldaschaff und 5.4 km vor AS Rohrbrunn Gefahr durch ein defektes Fahrzeug auf der Fahrbahn",49.9860529556574,9.25809404801031
"A3","undefined--vi-hind.2025-05-19_20-28-00-000.f.de0","50.95711961059478,7.034792488920239,50.95652564066204,7.035021658770774","50.95711961059478,7.034792488920239","WARNING","A3 | Köln-Dellbrück - Köln-Ost"," Oberhausen -> Frankfurt",NA,NA,NA,2025-05-19,"Beginn: 19.05.25 um 20:28 Uhr  Fahrzeug-Hindernis, seit 19.05.2025, 20:28 A3: Oberhausen -> Frankfurt, zwischen 1.1 km hinter AS Köln-Dellbrück und 0.5 km vor AK Köln-Ost Gefahr durch ein defektes Fahrzeug auf der Fahrbahn",50.9571196105948,7.03479248892024
"A3","undefined--vi-avl.2025-05-19_20-37-30-000.f_002.de0","51.038828439429984,7.008242717859795,51.038828439429984,7.008242717859795","51.038828439429984,7.008242717859795","WARNING","A3 | Leverkusen-Zentrum - Leverkusen-Zentrum"," Oberhausen -> Köln",NA,"SLOW_TRAFFIC","22",2025-05-19,"Beginn: 19.05.25 um 20:37 Uhr  Angespannte Verkehrslage, seit 19.05.2025, 20:37 A3: Oberhausen -> Köln, 1.7 km vor AS Leverkusen-Zentrum, aus Richtung Leverkusen  Langsamer Verkehr Durchschnittsgeschwindigkeit: 22 km/h",51.03882843943,7.00824271785979
"A3","undefined--vi-zus.2025-05-19_20-35-30-000.f_001.de0","51.03877491829846,7.008253381226192,51.030556051894884,7.00995053544611","51.03877491829846,7.008253381226192","WARNING","A3 | Leverkusen - Leverkusen-Zentrum"," Oberhausen -> Köln",0,"SLOW_TRAFFIC","41.79999923706055",2025-05-19,"Beginn: 19.05.25 um 20:35 Uhr  Zusammengesetzte Verkehrsinformation, seit 19.05.2025, 20:35 A3: Oberhausen -> Köln, zwischen 0.4 km hinter AK Leverkusen und 0.8 km vor AS Leverkusen-Zentrum  Langsamer Verkehr Reisezeitverlust: 0 Minuten Durchschnittsgeschwindigkeit: 41 km/h  Gefahr durch eine ungesicherte Unfallstelle",51.0387749182985,7.00825338122619
"A3","undefined--vi-hind.2025-05-19_20-36-00-000.f.de0","51.03506290106329,7.009007159834092,51.02508757451233,7.011214804424841","51.03506290106329,7.009007159834092","WARNING","A3 | Leverkusen - Leverkusen-Zentrum"," Oberhausen -> Köln",NA,NA,NA,2025-05-19,"Beginn: 19.05.25 um 20:36 Uhr  Hindernis, seit 19.05.2025, 20:36 A3: Oberhausen -> Köln, zwischen 0.8 km hinter AK Leverkusen und 0.1 km vor AS Leverkusen-Zentrum  Gefahr durch eine ungesicherte Unfallstelle",51.0350629010633,7.00900715983409
"A3","undefined--vi-unf.2025-05-19_14-53-38-000.f_009.de0","51.484704292038444,6.813453334278177,51.47765520881588,6.814112019102328","51.484704292038444,6.813453334278177","WARNING","A3 | Oberhausen-West - Oberhausen-Lirich"," Oberhausen -> Köln",NA,NA,NA,2025-05-19,"Beginn: 19.05.25 um 14:53 Uhr  Unfall, seit 19.05.2025, 14:53 A3: Oberhausen -> Köln, zwischen 0.3 km hinter AK Oberhausen-West und 0.2 km vor AS Oberhausen-Lirich",51.4847042920384,6.81345333427818
"A3","undefined--vi-unf.2025-05-19_14-53-38-000.f_010.de0","51.49162670093345,6.816839799995747,51.47591440093357,6.814881199995714","51.49162670093345,6.816839799995747","WARNING","A3 | Oberhausen-Holten - Oberhausen-Lirich"," Arnheim -> Köln",NA,NA,NA,2025-05-19,"Beginn: 19.05.25 um 14:53 Uhr  Unfall, seit 19.05.2025, 14:53 A3: Arnheim -> Köln, zwischen 2.5 km hinter AS Oberhausen-Holten und AS Oberhausen-Lirich",51.4916267009335,6.81683979999575
"A3","undefined--vi-avl.2025-05-19_20-32-32-000.f.de0","51.89839901701434,6.165717280673193,51.89839901701434,6.165717280673193","51.89839901701434,6.165717280673193","WARNING","A3 | Knauheide - Knauheide"," Arnheim -> Oberhausen",NA,"STATIONARY_TRAFFIC","8",2025-05-19,"Beginn: 19.05.25 um 20:37 Uhr  Angespannte Verkehrslage, seit 19.05.2025, 20:37 A3: Arnheim -> Oberhausen, 0.1 km vor Knauheide, aus Richtung Elten  Im Stillstand Durchschnittsgeschwindigkeit: 8 km/h",51.8983990170143,6.16571728067319
"A3","undefined--vi-avl.2025-05-19_20-31-30-000.f.de0","51.89836112503476,6.165756320916883,51.89301417265614,6.171263286721311","51.89836112503476,6.165756320916883","WARNING","A3 | Elten - Elten"," Arnheim -> Oberhausen",1,"STATIONARY_TRAFFIC","27",2025-05-19,"Beginn: 19.05.25 um 20:31 Uhr  Angespannte Verkehrslage, seit 19.05.2025, 20:31 A3: Arnheim -> Oberhausen, zwischen 0.4 km hinter Elten und 1.1 km vor AS Elten  Im Stillstand Reisezeitverlust: 1 Minuten Durchschnittsgeschwindigkeit: 27 km/h",51.8983611250348,6.16575632091688
"A4","undefined--vi-hind.2025-05-19_20-04-00-000.f_003.de0","50.86799560093702,11.772934200013644,50.87923670093694,11.62351750001044","50.86799560093702,11.772934200013644","WARNING","A4 | Stadtroda - Jena-Zentrum"," Chemnitz -> Erfurt",NA,NA,NA,2025-05-19,"Beginn: 19.05.25 um 20:04 Uhr  Hindernis, seit 19.05.2025, 20:04 A4: Chemnitz -> Erfurt, zwischen 0.3 km hinter AS Stadtroda und 0.3 km vor AS Jena-Zentrum  Gefahr durch Gegenstände auf der Fahrbahn",50.867995600937,11.7729342000136
"A4","undefined--vi-zus.2025-05-19_11-40-25-000.f_015.de0","51.18098870622666,15.008309537534126,51.186736500965786,14.989494200636342","51.18098870622666,15.008309537534126","WARNING","A4 | Ludwigsdorf - An der Neiße"," Görlitz -> Dresden",3,"SLOW_TRAFFIC","14.699999809265137",2025-05-19,"Beginn: 19.05.25 um 11:40 Uhr  Zusammengesetzte Verkehrsinformation, seit 19.05.2025, 11:40 A4: Görlitz -> Dresden, zwischen Ludwigsdorf und 0.1 km vor An der Neiße  Langsamer Verkehr Reisezeitverlust: 3 Minuten Durchschnittsgeschwindigkeit: 14 km/h",51.1809887062267,15.0083095375341
"A5","undefined--vi-avl.2025-05-19_20-36-00-000.f_001.de0","47.67757132108558,7.523594812776994,47.68259497134463,7.522706662632265","47.67757132108558,7.523594812776994","WARNING","A5 | Weil am Rhein - Rheinaue"," Basel -> Karlsruhe",1,"STATIONARY_TRAFFIC","16.399999618530273",2025-05-19,"Beginn: 19.05.25 um 20:36 Uhr  Angespannte Verkehrslage, seit 19.05.2025, 20:36 A5: Basel -> Karlsruhe, zwischen 8.2 km hinter AD Weil am Rhein und 2.8 km vor Rheinaue  Im Stillstand Reisezeitverlust: 1 Minuten Durchschnittsgeschwindigkeit: 16 km/h",47.6775713210856,7.52359481277699
"A5","undefined--vi-avl.2025-05-19_20-37-30-000.f_003.de0","47.6774365423196,7.52360472925942,47.6774365423196,7.52360472925942","47.6774365423196,7.52360472925942","WARNING","A5 | Efringen-Kirchen - Efringen-Kirchen"," Basel -> Karlsruhe",NA,"STATIONARY_TRAFFIC","14",2025-05-19,"Beginn: 19.05.25 um 20:37 Uhr  Angespannte Verkehrslage, seit 19.05.2025, 20:37 A5: Basel -> Karlsruhe, in Höhe AS Efringen-Kirchen, aus Richtung Weil am Rhein  Im Stillstand Durchschnittsgeschwindigkeit: 14 km/h",47.6774365423196,7.52360472925942
"A5","undefined--vi-avl.2025-05-19_18-39-18-000.f_006.de0","47.68692445784803,7.521552114373419,47.73364438982495,7.5517750678120406","47.68692445784803,7.521552114373419","WARNING","A5 | Efringen-Kirchen - Bad Bellingen"," Basel -> Karlsruhe",63,"STATIONARY_TRAFFIC","5.400000095367432",2025-05-19,"Beginn: 19.05.25 um 18:39 Uhr  Angespannte Verkehrslage, seit 19.05.2025, 18:39 A5: Basel -> Karlsruhe, zwischen 1.0 km hinter AS Efringen-Kirchen und 0.4 km vor Bad Bellingen  Im Stillstand Reisezeitverlust: 63 Minuten Durchschnittsgeschwindigkeit: 5 km/h",47.686924457848,7.52155211437342
"A5","undefined--vi-avl.2025-05-19_20-07-30-000.f.de0","47.68684465762026,7.521572396380735,47.68684465762026,7.521572396380735","47.68684465762026,7.521572396380735","WARNING","A5 | Rheinaue - Rheinaue"," Basel -> Karlsruhe",NA,"STATIONARY_TRAFFIC","5",2025-05-19,"Beginn: 19.05.25 um 20:21 Uhr  Angespannte Verkehrslage, seit 19.05.2025, 20:21 A5: Basel -> Karlsruhe, 2.3 km vor Rheinaue, aus Richtung Efringen-Kirchen  Im Stillstand Durchschnittsgeschwindigkeit: 5 km/h",47.6868446576203,7.52157239638074
"A5","undefined--vi-unf.2025-05-19_19-12-00-000.f_002.de0","47.77004630829812,7.537156539313439,47.81634428297589,7.554743369304464","47.77004630829812,7.537156539313439","WARNING","A5 | Galgenloch - Neuenburg"," Basel -> Karlsruhe",NA,NA,NA,2025-05-19,"Beginn: 19.05.25 um 19:12 Uhr  Unfall, seit 19.05.2025, 19:12 A5: Basel -> Karlsruhe, zwischen 2.9 km hinter Galgenloch und 1.6 km vor Neuenburg",47.7700463082981,7.53715653931344
"A5","undefined--vi-unf.2025-05-19_18-46-30-000.f_002.de0","47.784415033764276,7.53658778740455,47.814678300948195,7.553525299999106","47.784415033764276,7.53658778740455","WARNING","A5 | Neuenburg - Neuenburg"," Basel -> Karlsruhe",NA,NA,NA,2025-05-19,"Beginn: 19.05.25 um 18:46 Uhr  Unfall, seit 19.05.2025, 18:46 A5: Basel -> Karlsruhe, zwischen 0.9 km hinter AD Neuenburg und 1.9 km vor Neuenburg",47.7844150337643,7.53658778740455
"A6","undefined--vi-unf.2025-05-19_17-53-40-000.f_006.de0","49.3386096009438,7.294529899998337,49.37161520094368,7.368636399998608","49.3386096009438,7.294529899998337","WARNING","A6 | Neunkirchen - Waldmohr"," Metz/Saarbrücken -> Kaiserslautern",NA,NA,NA,2025-05-19,"Beginn: 19.05.25 um 17:53 Uhr  Unfall, seit 19.05.2025, 17:53 A6: Metz/Saarbrücken -> Kaiserslautern, zwischen 4.3 km hinter AK Neunkirchen und 0.5 km vor Waldmohr",49.3386096009438,7.29452989999834
"A6","undefined--vi-unf.2025-05-19_19-44-00-000.f_003.de0","49.34194021973277,7.301068042336998,49.371496035121694,7.36777231106037","49.34194021973277,7.301068042336998","WARNING","A6 | Homburger Bruch - Waldmohr"," Metz/Saarbrücken -> Kaiserslautern",NA,NA,NA,2025-05-19,"Beginn: 19.05.25 um 19:44 Uhr  Unfall, seit 19.05.2025, 19:44 A6: Metz/Saarbrücken -> Kaiserslautern, zwischen 0.2 km hinter Homburger Bruch und 0.6 km vor Waldmohr",49.3419402197328,7.301068042337
"A6","undefined--vi-avl.2025-05-19_20-34-30-000.f_003.de0","49.29516681311866,10.740949962093342,49.29516681311866,10.740949962093342","49.29516681311866,10.740949962093342","WARNING","A6 | Lichtenau - Lichtenau"," Nürnberg -> Heilbronn",NA,"QUEUING_TRAFFIC","25",2025-05-19,"Beginn: 19.05.25 um 20:37 Uhr  Angespannte Verkehrslage, seit 19.05.2025, 20:37 A6: Nürnberg -> Heilbronn, 2.3 km vor AS Lichtenau, aus Richtung Lerchenbuck  Stockender Verkehr Durchschnittsgeschwindigkeit: 25 km/h",49.2951668131187,10.7409499620933
"A6","undefined--vi-avl.2025-05-19_18-29-18-000.f_003.de0","49.29516681311866,10.740949962093342,49.281518741497976,10.722370599468531","49.29516681311866,10.740949962093342","WARNING","A6 | Lerchenbuck - Lichtenau"," Nürnberg -> Heilbronn",2,"QUEUING_TRAFFIC","34.5",2025-05-19,"Beginn: 19.05.25 um 18:29 Uhr  Angespannte Verkehrslage, seit 19.05.2025, 18:29 A6: Nürnberg -> Heilbronn, zwischen 1.9 km hinter Lerchenbuck und 0.3 km vor AS Lichtenau  Stockender Verkehr Reisezeitverlust: 2 Minuten Durchschnittsgeschwindigkeit: 34 km/h",49.2951668131187,10.7409499620933
"A6","undefined--vi-hind.2025-05-19_20-37-00-000.f_001.de0","49.393200462211766,11.187177705815637,49.396771453405165,11.205804769659357","49.393200462211766,11.187177705815637","WARNING","A6 | Nürnberg-Langwasser - Altdorf"," Nürnberg -> Pilsen",NA,NA,NA,2025-05-19,"Beginn: 19.05.25 um 20:37 Uhr  Hindernis, seit 19.05.2025, 20:37 A6: Nürnberg -> Pilsen, zwischen 1.3 km hinter AS Nürnberg-Langwasser und 6.9 km vor AK Altdorf  Gefahr durch Gegenstände auf der Fahrbahn",49.3932004622118,11.1871777058156
"A6","undefined--vi-hind.2025-05-19_20-37-00-000.f.de0","49.396913606589095,11.205894186233634,49.39343397779938,11.187474808811583","49.396913606589095,11.205894186233634","WARNING","A6 | Altdorf - Nürnberg-Langwasser"," Pilsen -> Nürnberg",NA,NA,NA,2025-05-19,"Beginn: 19.05.25 um 20:37 Uhr  Hindernis, seit 19.05.2025, 20:37 A6: Pilsen -> Nürnberg, zwischen 6.9 km hinter AK Altdorf und 1.3 km vor AS Nürnberg-Langwasser  Gefahr durch Gegenstände auf der Fahrbahn",49.3969136065891,11.2058941862336
"A7","undefined--vi-zus.2025-05-19_19-55-30-000.f_001.de0","47.57144969209724,10.660382444103417,47.57469505334786,10.661536794342041","47.57144969209724,10.660382444103417","WARNING","A7 | Grenztunnel Füssen - Reinertshofertunnel"," Füssen/Reutte -> Ulm",1,"STATIONARY_TRAFFIC","12.5",2025-05-19,"Beginn: 19.05.25 um 19:55 Uhr  Zusammengesetzte Verkehrsinformation, seit 19.05.2025, 19:55 A7: Füssen/Reutte -> Ulm, zwischen 1.4 km hinter Grenztunnel Füssen und 3.0 km vor Reinertshofertunnel  Im Stillstand Reisezeitverlust: 1 Minuten Durchschnittsgeschwindigkeit: 12 km/h",47.5714496920972,10.6603824441034
"A7","undefined--vi-avl.2025-05-19_19-56-30-000.f_001.de0","47.57145842080008,10.660385661305725,47.57145842080008,10.660385661305725","47.57145842080008,10.660385661305725","WARNING","A7 | Füssen - Füssen"," Füssen/Reutte -> Ulm",NA,"STATIONARY_TRAFFIC","3",2025-05-19,"Beginn: 19.05.25 um 20:37 Uhr  Angespannte Verkehrslage, seit 19.05.2025, 20:37 A7: Füssen/Reutte -> Ulm, 0.3 km vor AS Füssen, aus Richtung Grenztunnel Füssen  Im Stillstand Durchschnittsgeschwindigkeit: 3 km/h",47.5714584208001,10.6603856613057
"A7","undefined--vi-zus.2025-05-13_04-57-00-000.f_002.de0","47.595412441892016,10.656244234565428,47.62855194383104,10.58197876986764","47.595412441892016,10.656244234565428","WARNING","A7 | Füssen - Nesselwang"," Füssen/Reutte -> Ulm",NA,NA,NA,2025-05-13,"Beginn: 13.05.25 um 04:57 Uhr  Zusammengesetzte Verkehrsinformation, seit 13.05.2025, 04:57 A7: Füssen/Reutte -> Ulm, zwischen 2.5 km hinter AS Füssen und 4.4 km vor AS Nesselwang  A7 Füssen/Reutte Richtung Ulm zwischen Reinertshoftunnel und Nesselwang Verkehr wird über die Gegenfahrbahn geleitet, Baustelle, von 16.05.2025 05:00 Uhr bis 18.07.2025 15:00 Uhr",47.595412441892,10.6562442345654
"A7","undefined--vi-avl.2025-05-19_20-37-00-000.f.de0","47.62964937839484,10.600346426479463,47.62854032886443,10.586606678743902","47.62964937839484,10.600346426479463","WARNING","A7 | Reinertshofertunnel - Nesselwang"," Füssen/Reutte -> Ulm",0,"SLOW_TRAFFIC","58.400001525878906",2025-05-19,"Beginn: 19.05.25 um 20:37 Uhr  Angespannte Verkehrslage, seit 19.05.2025, 20:37 A7: Füssen/Reutte -> Ulm, zwischen 7.3 km hinter Reinertshofertunnel und 4.8 km vor AS Nesselwang  Langsamer Verkehr Reisezeitverlust: 0 Minuten Durchschnittsgeschwindigkeit: 58 km/h",47.6296493783948,10.6003464264795
"A7","undefined--vi-hind.2025-05-19_18-55-30-000.f_001.de0","48.57084740094633,10.153324000000438,48.49645570094654,10.085913000000366","48.57084740094633,10.153324000000438","WARNING","A7 | Niederstotzingen - Langenau"," Würzburg -> Ulm",NA,NA,NA,2025-05-19,"Beginn: 19.05.25 um 18:55 Uhr  Fahrzeug-Hindernis, seit 19.05.2025, 18:55 A7: Würzburg -> Ulm, zwischen 0.3 km hinter AS Niederstotzingen und 0.4 km vor AS Langenau",48.5708474009463,10.1533240000004
"A7","undefined--vi-hind.2025-05-19_20-21-32-000.f_001.de0","50.19504720094025,9.94055970000031,50.12703680094058,9.957684500000322","50.19504720094025,9.94055970000031","WARNING","A7 | Bad Kissingen/Oberthulba - Hammelburg"," Fulda -> Würzburg",NA,NA,NA,2025-05-19,"Beginn: 19.05.25 um 20:21 Uhr  Hindernis, seit 19.05.2025, 20:21 A7: Fulda -> Würzburg, zwischen 0.4 km hinter AS Bad Kissingen/Oberthulba und 0.3 km vor AS Hammelburg  Gefahr durch Gegenstände auf der Fahrbahn",50.1950472009403,9.94055970000031
"A7","undefined--vi-hind.2025-05-19_20-31-30-000.f_001.de0","51.202914934378356,9.46685205416867,51.123359861087245,9.479668483093928","51.202914934378356,9.46685205416867","WARNING","A7 | Guxhagen - Malsfeld"," Kassel -> Fulda",NA,NA,NA,2025-05-19,"Beginn: 19.05.25 um 20:31 Uhr  Hindernis, seit 19.05.2025, 20:31 A7: Kassel -> Fulda, zwischen 0.2 km hinter AS Guxhagen und 4.1 km vor AS Malsfeld  Gefahr durch Gegenstände auf der Fahrbahn",51.2029149343784,9.46685205416867
"A7","undefined--vi-avl.2025-05-19_20-37-30-000.f_004.de0","51.62345103887602,9.914551037535064,51.62345103887602,9.914551037535064","51.62345103887602,9.914551037535064","WARNING","A7 | Leineholz West - Nörten-Hardenberg"," Kassel -> Hannover",2,"STATIONARY_TRAFFIC","3.5999999046325684",2025-05-19,"Beginn: 19.05.25 um 20:37 Uhr  Angespannte Verkehrslage, seit 19.05.2025, 20:37 A7: Kassel -> Hannover, zwischen 2.1 km hinter Leineholz West und 0.5 km vor AS Nörten-Hardenberg  Im Stillstand Reisezeitverlust: 2 Minuten Durchschnittsgeschwindigkeit: 3 km/h",51.623451038876,9.91455103753506
"A7","undefined--vi-avl.2025-05-19_20-37-30-000.f.de0","51.62345103887602,9.914551037535064,51.62345103887602,9.914551037535064","51.62345103887602,9.914551037535064","WARNING","A7 | Nörten-Hardenberg - Nörten-Hardenberg"," Kassel -> Hannover",NA,"STATIONARY_TRAFFIC","4",2025-05-19,"Beginn: 19.05.25 um 20:37 Uhr  Angespannte Verkehrslage, seit 19.05.2025, 20:37 A7: Kassel -> Hannover, 0.7 km vor AS Nörten-Hardenberg, aus Richtung Leineholz West  Im Stillstand Durchschnittsgeschwindigkeit: 4 km/h",51.623451038876,9.91455103753506
"A7","undefined--vi-hind.2025-05-19_18-37-50-000.f_005.de0","51.62995586638154,9.919160032779399,51.700829805128095,9.938183272438987","51.62995586638154,9.919160032779399","WARNING","A7 | Nörten-Hardenberg - Schlochau"," Kassel -> Hannover",NA,NA,NA,2025-05-19,"Beginn: 19.05.25 um 18:37 Uhr  Fahrzeug-Hindernis, seit 19.05.2025, 18:37 A7: Kassel -> Hannover, zwischen 0.1 km hinter AS Nörten-Hardenberg und 1.8 km vor Schlochau",51.6299558663815,9.9191600327794
"A7","undefined--vi-unf.2025-05-19_19-27-41-000.f_001.de0","51.85815097567247,10.125320031769208,51.88614225003603,10.130394869539613","51.85815097567247,10.125320031769208","WARNING","A7 | Schwalenberg - Harz"," Kassel -> Hannover",NA,NA,NA,2025-05-19,"Beginn: 19.05.25 um 19:27 Uhr  Unfall, seit 19.05.2025, 19:27 A7: Kassel -> Hannover, zwischen 0.2 km hinter Schwalenberg und 4.8 km vor Harz",51.8581509756725,10.1253200317692
"A7","undefined--vi-zus.2025-03-31_00-40-00-000.f_018.de0","53.579141433849884,9.913430072127355,53.55636870091902,9.897540700000414","53.579141433849884,9.913430072127355","WARNING","A7 | Hamburg-Volkspark - Elbtunnel (Nordportal)"," Flensburg -> Hamburg",NA,NA,NA,2025-03-31,"Beginn: 31.03.25 um 00:40 Uhr  Zusammengesetzte Verkehrsinformation, seit 31.03.2025, 00:40 A7: Flensburg -> Hamburg, zwischen 0.4 km hinter AS Hamburg-Volkspark und 0.9 km vor Elbtunnel (Nordportal)  A7 Flensburg Richtung Hamburg Ausfahrt Hamburg-Othmarschen Fahrbahnverengung, maximale Fahrbahnbreite von 4,50 m, Bauarbeiten, bis 29.09.2025",53.5791414338499,9.91343007212735
"A7","undefined--vi-avl.2025-05-19_20-02-30-000.f_001.de0","53.54608244859082,9.90778335580792,53.54608244859082,9.90778335580792","53.54608244859082,9.90778335580792","WARNING","Baustelle","",NA,"STATIONARY_TRAFFIC","12",2025-05-19,"Beginn: 19.05.25 um 20:37 Uhr  Angespannte Verkehrslage, seit 19.05.2025, 20:37 A7 S 2  Im Stillstand Durchschnittsgeschwindigkeit: 12 km/h",53.5460824485908,9.90778335580792
"A8","undefined--vi-zus.2025-03-26_17-59-56-000.f_013.de0","49.32575278791285,7.172731755291576,49.327350714671546,7.213275819282444","49.32575278791285,7.172731755291576","WARNING","A8 | Neunkirchen/Spiesen - Kohlhof"," Saarlouis -> Neunkirchen",NA,NA,NA,2025-03-26,"Beginn: 26.03.25 um 17:59 Uhr  Zusammengesetzte Verkehrsinformation, seit 26.03.2025, 17:59 A8: Saarlouis -> Neunkirchen, zwischen 1.5 km hinter AS Neunkirchen/Spiesen und 1.0 km vor Kohlhof  A8 Saarlouis - Neunkirchen zwischen Neunkirchen-Spiesen und Neunkirchen-Oberstadt in beiden Richtungen Bauarbeiten, bis voraussichtlich 01.06.2025",49.3257527879128,7.17273175529158
"A8","undefined--vi-zus.2025-05-14_09-26-56-000.f.de0","49.32628400979037,7.229641516813452,49.329166750017514,7.1882642393148934","49.32628400979037,7.229641516813452","WARNING","A8 | Neunkirchen-Wellesweiler - Neunkirchen/Spiesen"," Neunkirchen -> Saarlouis",NA,NA,NA,2025-05-14,"Beginn: 14.05.25 um 09:26 Uhr  Zusammengesetzte Verkehrsinformation, seit 14.05.2025, 09:26 A8: Neunkirchen -> Saarlouis, zwischen 0.4 km hinter AS Neunkirchen-Wellesweiler und 2.7 km vor AS Neunkirchen/Spiesen  A8 Saarlouis - Neunkirchen zwischen Neunkirchen-Spiesen und Neunkirchen-Oberstadt in beiden Richtungen Bauarbeiten, bis voraussichtlich 01.06.2025",49.3262840097904,7.22964151681345
"A8","undefined--vi-avl.2025-05-19_19-55-03-000.f.de0","48.88449425697122,8.787682830937294,48.86548047692167,8.792136645405796","48.88449425697122,8.787682830937294","WARNING","A8 | Pforzheim - Heimsheim"," Karlsruhe -> Stuttgart",6,"STATIONARY_TRAFFIC","18.299999237060547",2025-05-19,"Beginn: 19.05.25 um 19:55 Uhr  Angespannte Verkehrslage, seit 19.05.2025, 19:55 A8: Karlsruhe -> Stuttgart, zwischen 2.8 km hinter Pforzheim und 7.4 km vor AS Heimsheim  Im Stillstand Reisezeitverlust: 6 Minuten Durchschnittsgeschwindigkeit: 18 km/h",48.8844942569712,8.78768283093729
"A8","undefined--vi-avl.2025-05-19_20-02-30-000.f_002.de0","48.88444051918694,8.787690489535217,48.88444051918694,8.787690489535217","48.88444051918694,8.787690489535217","WARNING","A8 | Pforzheim-Süd - Pforzheim-Süd"," Karlsruhe -> Stuttgart",NA,"STATIONARY_TRAFFIC","11",2025-05-19,"Beginn: 19.05.25 um 20:37 Uhr  Angespannte Verkehrslage, seit 19.05.2025, 20:37 A8: Karlsruhe -> Stuttgart, 0.6 km vor AS Pforzheim-Süd, aus Richtung Pforzheim  Im Stillstand Durchschnittsgeschwindigkeit: 11 km/h",48.8844405191869,8.78769048953522
"A8","undefined--vi-hind.2025-05-19_19-57-00-000.f_002.de0","48.878593700945395,8.788558699999946,48.87880896235229,8.788533567619504","48.878593700945395,8.788558699999946","WARNING","A8 | Heimsheim - Pforzheim"," Stuttgart -> Karlsruhe",NA,NA,NA,2025-05-19,"Beginn: 19.05.25 um 19:57 Uhr  Fahrzeug-Hindernis, seit 19.05.2025, 19:57 A8: Stuttgart -> Karlsruhe, zwischen 8.9 km hinter AS Heimsheim und 3.5 km vor Pforzheim Gefahr durch ein defektes Fahrzeug auf der Fahrbahn",48.8785937009454,8.78855869999995
"A9","undefined--vi-avl.2025-05-19_19-31-30-000.f_007.de0","48.7060801497015,11.48698130740955,48.73504702216468,11.469168148559376","48.7060801497015,11.48698130740955","WARNING","A9 | Baarer Weiher - Ingolstadt-Süd"," München -> Nürnberg",5,"STATIONARY_TRAFFIC","30.600000381469727",2025-05-19,"Beginn: 19.05.25 um 19:31 Uhr  Angespannte Verkehrslage, seit 19.05.2025, 19:31 A9: München -> Nürnberg, zwischen 3.0 km hinter Baarer Weiher und 1.9 km vor AS Ingolstadt-Süd  Im Stillstand Reisezeitverlust: 5 Minuten Durchschnittsgeschwindigkeit: 30 km/h",48.7060801497015,11.4869813074096
"A9","undefined--vi-avl.2025-05-19_19-42-30-000.f_001.de0","48.70617168006061,11.486943462702826,48.70617168006061,11.486943462702826","48.70617168006061,11.486943462702826","WARNING","A9 | Manching - Manching"," München -> Nürnberg",NA,"STATIONARY_TRAFFIC","29",2025-05-19,"Beginn: 19.05.25 um 20:37 Uhr  Angespannte Verkehrslage, seit 19.05.2025, 20:37 A9: München -> Nürnberg, 0.5 km vor AS Manching, aus Richtung Baarer Weiher  Im Stillstand Durchschnittsgeschwindigkeit: 29 km/h",48.7061716800606,11.4869434627028
"A9","undefined--vi-hind.2025-05-19_19-26-30-000.f_005.de0","49.04304590094484,11.345422000007106,49.16008710094445,11.264411600005957","49.04304590094484,11.345422000007106","WARNING","A9 | Greding - Hilpoltstein"," München -> Nürnberg",NA,NA,NA,2025-05-19,"Beginn: 19.05.25 um 19:26 Uhr  Hindernis, seit 19.05.2025, 19:26 A9: München -> Nürnberg, zwischen 0.3 km hinter AS Greding und 0.2 km vor AS Hilpoltstein  Gefahr durch Gegenstände auf der Fahrbahn",49.0430459009448,11.3454220000071
"A9","undefined--vi-avl.2025-05-19_20-04-33-000.f.de0","50.923639395925534,11.83967843813363,50.93997703975021,11.835181273395047","50.923639395925534,11.83967843813363","WARNING","A9 | Bad Klosterlausnitz - Kuhberg"," Nürnberg -> Halle/Leipzig",0,"SLOW_TRAFFIC","68.30000305175781",2025-05-19,"Beginn: 19.05.25 um 20:04 Uhr  Angespannte Verkehrslage, seit 19.05.2025, 20:04 A9: Nürnberg -> Halle/Leipzig, zwischen 1.4 km hinter AS Bad Klosterlausnitz und 3.2 km vor Kuhberg  Langsamer Verkehr Reisezeitverlust: 0 Minuten Durchschnittsgeschwindigkeit: 68 km/h",50.9236393959255,11.8396784381336
"A9","undefined--vi-avl.2025-05-19_20-35-30-000.f_001.de0","52.27382142401692,12.91062580715724,52.27382142401692,12.91062580715724","52.27382142401692,12.91062580715724","WARNING","A9 | Beelitz-Heilstätten - Beelitz-Heilstätten"," Berlin -> Halle/Leipzig",NA,"STATIONARY_TRAFFIC","14",2025-05-19,"Beginn: 19.05.25 um 20:37 Uhr  Angespannte Verkehrslage, seit 19.05.2025, 20:37 A9: Berlin -> Halle/Leipzig, 0.5 km vor AS Beelitz-Heilstätten, aus Richtung Potsdam  Im Stillstand Durchschnittsgeschwindigkeit: 14 km/h",52.2738214240169,12.9106258071572
"A9","undefined--vi-zus.2025-05-19_20-35-30-000.f.de0","52.27382142401692,12.91062580715724,52.270904800929685,12.909623200061853","52.27382142401692,12.91062580715724","WARNING","A9 | Potsdam - Beelitz-Heilstätten"," Berlin -> Halle/Leipzig",1,"STATIONARY_TRAFFIC","16.399999618530273",2025-05-19,"Beginn: 19.05.25 um 20:35 Uhr  Zusammengesetzte Verkehrsinformation, seit 19.05.2025, 20:35 A9: Berlin -> Halle/Leipzig, zwischen 1.9 km hinter AD Potsdam und 0.2 km vor AS Beelitz-Heilstätten  Im Stillstand Reisezeitverlust: 1 Minuten Durchschnittsgeschwindigkeit: 16 km/h",52.2738214240169,12.9106258071572
"A12","undefined--vi-avl.2025-05-19_16-20-22-000.f_005.de0","52.3155760805876,14.577600847563337,52.31474236365472,14.555532094102352","52.3155760805876,14.577600847563337","WARNING","A12 | Frankfurt(Oder) - Frankfurt(Oder)-Mitte"," Frankfurt(Oder) -> Berliner Ring",5,"SLOW_TRAFFIC","9.600000381469727",2025-05-19,"Beginn: 19.05.25 um 16:20 Uhr  Angespannte Verkehrslage, seit 19.05.2025, 16:20 A12: Frankfurt(Oder) -> Berliner Ring, zwischen Frankfurt(Oder) und 2.5 km vor AS Frankfurt(Oder)-Mitte  Langsamer Verkehr Reisezeitverlust: 5 Minuten Durchschnittsgeschwindigkeit: 9 km/h",52.3155760805876,14.5776008475633
"A12","WarnungA10Lkw3","47.61802931631098,12.202336027754352,47.61802931631098,12.202336027754352","47.61802931631098,12.202336027754352","WARNING","E45/E60 | LKW Blockabfertigung | A12-Inntal Autobahn","Richtung Italien",NA,NA,NA,2025-01-11,"Zeitraum: Beginn: 07.01.2025 Ende: 09.12.2025  Hinweis für LKW-Reisende nach Österreich: LKW-Blockabfertigungen an ausgewählten Tagen für Lkw am Grenzübergang Kufstein/Kiefersfelden. Maximaler Durchlass von 300 LKWs pro Stunde  Die genauen Ausführungszeiten und weitere Informationen auf tirol.gv.at/verkehr/verkehrs-und-seilbahnrecht/lkw-dosierung.",47.618029316311,12.2023360277544
"A12","WarnungA10Lkw2","47.6164490154047,12.202382557672273,47.6164490154047,12.202382557672273","47.6164490154047,12.202382557672273","WARNING","E43/E45/E60 | A13-Brenner Autobahn","Richtung Italien",NA,NA,NA,2025-01-11,"Zeitraum: Beginn: 11.01.2025 Ende: 27.09.2025  Hinweis für LKW-Reisende nach Österreich: LKW-Fahrverbot auf der A12-Inntal Autobahn, A13-Brenner Autobahn und A14-Rheintal/Walgau Autobahn, wenn das Ziel der Fahrt der Anschlussstelle Nößlach bis Anschlussstelle Brenner Nord der Richtungsfahrbahn Staatsgrenze der A 13 Brenner Autobahn erreicht werden soll. An ausgewählten Samstagen 7-15 Uhr sowie weiteren Tagen im Zeitraum 11.01. - 27.09.2025 Weitere Informationen auf http://asfinag.at/a13",47.6164490154047,12.2023825576723
"A13","undefined--vi-zus.2025-05-19_18-12-18-000.f_004.de0","52.01340861086641,13.700453092284432,52.01003687301572,13.707660504942796","52.01340861086641,13.700453092284432","WARNING","A13 | Staakow - Am Bugkgraben"," Schönefelder Kreuz -> Dresden",NA,NA,NA,2025-05-19,"Beginn: 19.05.25 um 18:12 Uhr  Zusammengesetzte Verkehrsinformation, seit 19.05.2025, 18:12 A13: Schönefelder Kreuz -> Dresden, zwischen 0.4 km hinter AS Staakow und 2.1 km vor Am Bugkgraben  Gefahr durch Personen auf der Fahrbahn  A13 Richtung Dresden zwischen Einfahrt Staakow und Rastplatz Bugkgraben Gefahr durch defekten PKW auf dem Beschleunigungsstreifen, Gefahr durch Personen auf der Fahrbahn, fahren Sie bitte besonders vorsichtig",52.0134086108664,13.7004530922844
"A14","undefined--vi-hind.2025-05-19_17-17-30-000.f_007.de0","53.15961128935529,11.72789029312949,53.223319900921695,11.615065400008177","53.15961128935529,11.72789029312949","WARNING","A14 | Karstädt - Meynbach"," Wittenberge -> Schwerin",NA,NA,NA,2025-05-19,"Beginn: 19.05.25 um 17:17 Uhr  Hindernis, seit 19.05.2025, 17:17 A14: Wittenberge -> Schwerin, zwischen 0.4 km hinter AS Karstädt und 1.8 km vor Meynbach  Gefahr durch Gegenstände auf der Fahrbahn",53.1596112893553,11.7278902931295
"A14","undefined--vi-hind.2025-05-19_17-22-02-000.f_008.de0","53.15945940092222,11.728050100009963,53.15945940092222,11.728050100009963","53.15945940092222,11.728050100009963","WARNING","A14 | Karstädt - Groß Warnow"," Wittenberge -> Schwerin",NA,NA,NA,2025-05-19,"Beginn: 19.05.25 um 17:22 Uhr  Hindernis, seit 19.05.2025, 17:22 A14: Wittenberge -> Schwerin, zwischen 0.4 km hinter AS Karstädt und 10.4 km vor AS Groß Warnow  Gefahr durch Gegenstände auf der Fahrbahn",53.1594594009222,11.72805010001
"A14","undefined--vi-hind.2025-05-19_20-14-30-000.f.de0","52.0780498826495,11.546088324820564,52.079362536143925,11.544456094945994","52.0780498826495,11.546088324820564","WARNING","A14 | Magdeburg-Sudenburg - Wanzleben"," Halle -> Magdeburg",NA,NA,NA,2025-05-19,"Beginn: 19.05.25 um 20:14 Uhr  Fahrzeug-Hindernis, seit 19.05.2025, 20:14 A14: Halle -> Magdeburg, zwischen 1.0 km hinter AS Magdeburg-Sudenburg und 0.5 km vor AS Wanzleben Gefahr durch ein defektes Fahrzeug auf der Fahrbahn",52.0780498826495,11.5460883248206
"A14","undefined--vi-zus.2025-05-19_20-25-00-000.f_001.de0","51.63309450063691,11.85736995733255,51.65333880093257,11.823939800013731","51.63309450063691,11.85736995733255","WARNING","A14 | Halle-Nord - Plötzetal"," Halle -> Magdeburg",NA,NA,NA,2025-05-19,"Beginn: 19.05.25 um 20:25 Uhr  Zusammengesetzte Verkehrsinformation, seit 19.05.2025, 20:25 A14: Halle -> Magdeburg, zwischen 6.4 km hinter AS Halle-Nord und 0.4 km vor Plötzetal  Gefahr durch Gegenstände auf der Fahrbahn  A14 Halle Richtung Magdeburg zwischen Löbejün und Raststätte Plötzetal-Ost Gefahr durch ein totes Tier (Reh) auf dem linken Fahrstreifen, fahren Sie bitte besonders vorsichtig, Polizei ist benachrichtigt",51.6330945006369,11.8573699573325
"A14","undefined--vi-hind.2025-05-19_18-58-30-000.f_005.de0","51.395197560693504,12.429285991215899,51.36946550360824,12.468784339385058","51.395197560693504,12.429285991215899","WARNING","A14 | Leipzig-Messegelände - Leipzig-Ost"," Halle -> Leipzig",NA,NA,NA,2025-05-19,"Beginn: 19.05.25 um 18:58 Uhr  Fahrzeug-Hindernis, seit 19.05.2025, 18:58 A14: Halle -> Leipzig, zwischen 0.6 km hinter AS Leipzig-Messegelände und 2.3 km vor AS Leipzig-Ost Gefahr durch ein defektes Fahrzeug auf der Fahrbahn",51.3951975606935,12.4292859912159
"A14","undefined--vi-hind.2025-05-19_20-05-00-000.f_001.de0","51.35389910093477,12.496961000040484,51.31944950093496,12.520467400042042","51.35389910093477,12.496961000040484","WARNING","A14 | Leipzig-Ost - Kleinpösna"," Halle -> Nossen",NA,NA,NA,2025-05-19,"Beginn: 19.05.25 um 20:05 Uhr  Fahrzeug-Hindernis, seit 19.05.2025, 20:05 A14: Halle -> Nossen, zwischen 0.3 km hinter AS Leipzig-Ost und 0.1 km vor AS Kleinpösna Gefahr durch ein defektes Fahrzeug auf der Fahrbahn",51.3538991009348,12.4969610000405
"A17","undefined--vi-avl.2025-05-19_20-37-30-000.f_001.de0","50.82026170094333,13.887384300240237,50.82026170094333,13.887384300240237","50.82026170094333,13.887384300240237","WARNING","A17 | Am Heidenholz - Am Heidenholz"," Prag -> Dresden",NA,"QUEUING_TRAFFIC","27",2025-05-19,"Beginn: 19.05.25 um 20:37 Uhr  Angespannte Verkehrslage, seit 19.05.2025, 20:37 A17: Prag -> Dresden, 0.2 km vor Am Heidenholz, aus Richtung Breitenau-Schönwald  Stockender Verkehr Durchschnittsgeschwindigkeit: 27 km/h",50.8202617009433,13.8873843002402
"A17","undefined--vi-zus.2025-05-19_20-33-00-000.f.de0","50.82026170094333,13.887384300240237,50.8244130009433,13.887895800240193","50.82026170094333,13.887384300240237","WARNING","A17 | Breitenau-Schönwald - Bad Gottleuba"," Prag -> Dresden",0,"QUEUING_TRAFFIC","35.400001525878906",2025-05-19,"Beginn: 19.05.25 um 20:33 Uhr  Zusammengesetzte Verkehrsinformation, seit 19.05.2025, 20:33 A17: Prag -> Dresden, zwischen 4.5 km hinter Breitenau-Schönwald und 0.8 km vor AS Bad Gottleuba  Stockender Verkehr Reisezeitverlust: 0 Minuten Durchschnittsgeschwindigkeit: 35 km/h",50.8202617009433,13.8873843002402
"A31","undefined--vi-avl.2025-05-19_18-10-06-000.f_001.de0","52.113710750084174,7.086213486360125,52.13225657840769,7.089168011963959","52.113710750084174,7.086213486360125","WARNING","A31 | Averbeck - Gronau/Ochtrup"," Oberhausen -> Gronau",1,"SLOW_TRAFFIC","62.599998474121094",2025-05-19,"Beginn: 19.05.25 um 18:10 Uhr  Angespannte Verkehrslage, seit 19.05.2025, 18:10 A31: Oberhausen -> Gronau, zwischen 1.1 km hinter Averbeck und 7.0 km vor AS Gronau/Ochtrup  Langsamer Verkehr Reisezeitverlust: 1 Minuten Durchschnittsgeschwindigkeit: 62 km/h",52.1137107500842,7.08621348636013
"A43","undefined--vi-avl.2025-05-19_18-36-12-000.f_002.de0","51.88971624739755,7.3693966518897795,51.90127258378094,7.38709011567128","51.88971624739755,7.3693966518897795","WARNING","A43 | Karthaus - Nottuln"," Recklinghausen -> Münster",0,"SLOW_TRAFFIC","63.599998474121094",2025-05-19,"Beginn: 19.05.25 um 18:36 Uhr  Angespannte Verkehrslage, seit 19.05.2025, 18:36 A43: Recklinghausen -> Münster, zwischen 1.8 km hinter Karthaus und 1.5 km vor AS Nottuln  Langsamer Verkehr Reisezeitverlust: 0 Minuten Durchschnittsgeschwindigkeit: 63 km/h",51.8897162473976,7.36939665188978
"A44","undefined--vi-avl.2025-05-19_20-10-30-000.f_005.de0","51.53142951005734,7.819244785814973,51.53323805512703,7.854588665975875","51.53142951005734,7.819244785814973","WARNING","A44 | Buchenhain - Am Haarstrang"," Dortmund -> Kassel",2,"QUEUING_TRAFFIC","43.099998474121094",2025-05-19,"Beginn: 19.05.25 um 20:10 Uhr  Angespannte Verkehrslage, seit 19.05.2025, 20:10 A44: Dortmund -> Kassel, zwischen 2.0 km hinter Buchenhain und 0.4 km vor Am Haarstrang  Stockender Verkehr Reisezeitverlust: 2 Minuten Durchschnittsgeschwindigkeit: 43 km/h",51.5314295100573,7.81924478581497
"A44","undefined--vi-hind.2025-05-19_20-02-00-000.f_002.de0","51.53336022922698,7.88651621823731,51.5345539411759,7.89871616721953","51.53336022922698,7.88651621823731","WARNING","A44 | Am Haarstrang - Werl-Süd"," Dortmund -> Kassel",NA,NA,NA,2025-05-19,"Beginn: 19.05.25 um 20:02 Uhr  Fahrzeug-Hindernis, seit 19.05.2025, 20:02 A44: Dortmund -> Kassel, zwischen 1.8 km hinter Am Haarstrang und 2.4 km vor AS Werl-Süd Gefahr durch ein defektes Fahrzeug auf der Fahrbahn",51.533360229227,7.88651621823731
"A44","undefined--vi-avl.2025-05-19_20-36-30-000.f.de0","51.57693274657111,8.23319750949642,51.573830305004996,8.218808528612874","51.57693274657111,8.23319750949642","WARNING","A44 | Völlinghauser Flur - Lohner Klei"," Kassel -> Dortmund",0,"SLOW_TRAFFIC","66",2025-05-19,"Beginn: 19.05.25 um 20:36 Uhr  Angespannte Verkehrslage, seit 19.05.2025, 20:36 A44: Kassel -> Dortmund, zwischen 3.2 km hinter Völlinghauser Flur und 1.1 km vor Lohner Klei  Langsamer Verkehr Reisezeitverlust: 0 Minuten Durchschnittsgeschwindigkeit: 66 km/h",51.5769327465711,8.23319750949642
"A44","undefined--vi-avl.2025-05-19_18-43-50-000.f_001.de0","51.52916593495301,8.904394314347043,51.5370719009332,8.87520199999996","51.52916593495301,8.904394314347043","WARNING","A44 | Marsberg - Blankenrode"," Kassel -> Dortmund",0,"SLOW_TRAFFIC","68.69999694824219",2025-05-19,"Beginn: 19.05.25 um 20:25 Uhr  Angespannte Verkehrslage, seit 19.05.2025, 20:25 A44: Kassel -> Dortmund, zwischen 4.3 km hinter AS Marsberg und 0.3 km vor Blankenrode  Langsamer Verkehr Reisezeitverlust: 0 Minuten Durchschnittsgeschwindigkeit: 68 km/h",51.529165934953,8.90439431434704
"A45","undefined--vi-avl.2025-05-19_20-18-30-000.f_001.de0","50.54877432031993,8.566712149661566,50.565048146561786,8.550311798796573","50.54877432031993,8.566712149661566","WARNING","A45 | Gießen-Lützellinden - Wetzlar-Ost"," Aschaffenburg -> Hagen",1,"SLOW_TRAFFIC","65.9000015258789",2025-05-19,"Beginn: 19.05.25 um 20:18 Uhr  Angespannte Verkehrslage, seit 19.05.2025, 20:18 A45: Aschaffenburg -> Hagen, zwischen 3.3 km hinter AS Gießen-Lützellinden und 0.7 km vor AS Wetzlar-Ost  Langsamer Verkehr Reisezeitverlust: 1 Minuten Durchschnittsgeschwindigkeit: 65 km/h",50.5487743203199,8.56671214966157
"A45","undefined--vi-zus.2025-05-19_20-10-30-000.f_001.de0","50.74271750093761,8.258997799999774,50.68061077222969,8.284351590250493","50.74271750093761,8.258997799999774","WARNING","A45 | Schlierberg - Herborn-West"," Hagen -> Gießen",NA,NA,NA,2025-05-19,"Beginn: 19.05.25 um 20:10 Uhr  Zusammengesetzte Verkehrsinformation, seit 19.05.2025, 20:10 A45: Hagen -> Gießen, zwischen 1.8 km hinter Schlierberg und 0.4 km vor AS Herborn-West  Gefahr durch Personen auf der Fahrbahn  Gefahr durch eine ungesicherte Unfallstelle  Gefahr durch Gegenstände auf der Fahrbahn  A45 Hagen Richtung Gießen zwischen Dillenburg und Herborn-West Gefahr durch ungesicherte Unfallstelle, Unfall mit Verletzten, Unfall mit mehreren Fahrzeugen, Gefahr durch Fahrzeugteile auf der Fahrbahn, Gefahr durch Personen auf der Fahrbahn",50.7427175009376,8.25899779999977
"A49","undefined--vi-avl.2025-05-19_20-37-30-000.f_005.de0","51.271107558648936,9.526366349233239,51.27176599420107,9.529046725339839","51.271107558648936,9.526366349233239","WARNING","Baustelle"," km 122.12 --> km 122.33",0,"STATIONARY_TRAFFIC","12.800000190734863",2025-05-19,"Beginn: 19.05.25 um 20:37 Uhr  Angespannte Verkehrslage, seit 19.05.2025, 20:37 A49: km 122.12 --> km 122.33  Im Stillstand Reisezeitverlust: 0 Minuten Durchschnittsgeschwindigkeit: 12 km/h",51.2711075586489,9.52636634923324
"A59","undefined--vi-hind.2025-05-19_20-33-00-000.f.de0","50.889311500936856,7.092703699997522,50.88200493018122,7.094231456684229","50.889311500936856,7.092703699997522","WARNING","A59 | Schloß Röttgen - Köln-Wahn"," Köln -> Bonn",NA,NA,NA,2025-05-19,"Beginn: 19.05.25 um 20:33 Uhr  Hindernis, seit 19.05.2025, 20:33 A59: Köln -> Bonn, zwischen 1.1 km hinter Schloß Röttgen und 2.6 km vor AS Köln-Wahn  Gefahr durch eine ungesicherte Unfallstelle",50.8893115009369,7.09270369999752
"A59","undefined--vi-avl.2025-05-19_19-53-30-000.f_001.de0","51.46285770093365,6.769382499995315,51.47478569177387,6.766613248154541","51.46285770093365,6.769382499995315","WARNING","A59 | Duisburg-Ruhrort - Duisburg-Nord"," Duisburg -> Dinslaken",1,"QUEUING_TRAFFIC","30.200000762939453",2025-05-19,"Beginn: 19.05.25 um 19:53 Uhr  Angespannte Verkehrslage, seit 19.05.2025, 19:53 A59: Duisburg -> Dinslaken, zwischen AS Duisburg-Ruhrort und 1.0 km vor AK Duisburg-Nord  Stockender Verkehr Reisezeitverlust: 1 Minuten Durchschnittsgeschwindigkeit: 30 km/h",51.4628577009336,6.76938249999531
"A59","undefined--vi-avl.2025-05-19_19-58-30-000.f_001.de0","51.46285770093365,6.769382499995315,51.46285770093365,6.769382499995315","51.46285770093365,6.769382499995315","WARNING","A59 | Duisburg-Meiderich - Duisburg-Meiderich"," Duisburg -> Dinslaken",NA,"QUEUING_TRAFFIC","11",2025-05-19,"Beginn: 19.05.25 um 20:37 Uhr  Angespannte Verkehrslage, seit 19.05.2025, 20:37 A59: Duisburg -> Dinslaken, 0.8 km vor AS Duisburg-Meiderich, aus Richtung Duisburg-Ruhrort  Stockender Verkehr Durchschnittsgeschwindigkeit: 11 km/h",51.4628577009336,6.76938249999531
"A60","undefined--vi-zus.2025-04-08_08-51-21-000.f_013.de0","49.98125533976677,8.345695317688524,49.97565770865279,8.441396718063045","49.98125533976677,8.345695317688524","WARNING","A60 | Mainspitz-Dreieck - Rüsselsheimer Dreieck"," Mainz -> Rüsselsheim",NA,NA,NA,2025-04-08,"Beginn: 08.04.25 um 08:51 Uhr  Zusammengesetzte Verkehrsinformation, seit 08.04.2025, 08:51 A60: Mainz -> Rüsselsheim, zwischen 0.5 km hinter AD Mainspitz-Dreieck und 2.2 km vor AD Rüsselsheimer Dreieck  Sperrung der A60 bei Königstädten – Grundhafte Fahrbahnerneuerung zwischen dem Rüsselsheimer Dreieck und dem Mainspitz Dreieck. Die Niederlassung West der Autobahn GmbH erneuert zwischen dem Rüsselsheimer Dreieck (30) und dem Mainspitz Dreieck (26) die Fahrbahn. Von Donnerstagmorgen (24. April) bis Mitte Juli wird die Anschlussstelle (AS) Königstädten (29) in Fahrtrichtung (FR) Mainz sowie in FR Rüsselsheimer Dreieck gesperrt. Umleitungsmöglichkeiten sind ausgeschildert: • Ausfahrt FR Mainz: Umleitung via AS Rüsselsheim-Mitte • Einfahrt FR Mainz: innerstädtische Umleitung zur AS Rüsselsheim-Mitte (Adam-Opel-Straße / Kurt-Schumacher-Ring), von Nauheim kommend via L3482 zur AS Bischofsheim • Einfahrt FR Darmstadt: innerstädtische Umleitung zur AS Rüsselsheim-Mitte (Adam-Opel-Straße / Kurt-Schumacher-Ring) Die Autobahn GmbH bittet alle Verkehrsteilnehmer um Verständnis für die unvermeidlichen Verkehrsbehinderungen, die durch die Arbeiten entstehen.",49.9812553397668,8.34569531768852
"A60","undefined--vi-zus.2025-05-03_10-55-00-000.f_003.de0","49.977457399447445,8.454646346787307,49.981587265039146,8.34517285786785","49.977457399447445,8.454646346787307","WARNING","A60 | Rüsselsheimer Dreieck - Mainspitz-Dreieck"," Rüsselsheim -> Mainz",NA,NA,NA,2025-05-03,"Beginn: 03.05.25 um 10:55 Uhr  Zusammengesetzte Verkehrsinformation, seit 03.05.2025, 10:55 A60: Rüsselsheim -> Mainz, zwischen 0.6 km hinter AD Rüsselsheimer Dreieck und 0.5 km vor AD Mainspitz-Dreieck  Sperrung der A60 bei Königstädten – Grundhafte Fahrbahnerneuerung zwischen dem Rüsselsheimer Dreieck und dem Mainspitz Dreieck. Die Niederlassung West der Autobahn GmbH erneuert zwischen dem Rüsselsheimer Dreieck (30) und dem Mainspitz Dreieck (26) die Fahrbahn. Von Donnerstagmorgen (24. April) bis Mitte Juli wird die Anschlussstelle (AS) Königstädten (29) in Fahrtrichtung (FR) Mainz sowie in FR Rüsselsheimer Dreieck gesperrt. Umleitungsmöglichkeiten sind ausgeschildert: • Ausfahrt FR Mainz: Umleitung via AS Rüsselsheim-Mitte • Einfahrt FR Mainz: innerstädtische Umleitung zur AS Rüsselsheim-Mitte (Adam-Opel-Straße / Kurt-Schumacher-Ring), von Nauheim kommend via L3482 zur AS Bischofsheim • Einfahrt FR Darmstadt: innerstädtische Umleitung zur AS Rüsselsheim-Mitte (Adam-Opel-Straße / Kurt-Schumacher-Ring) Die Autobahn GmbH bittet alle Verkehrsteilnehmer um Verständnis für die unvermeidlichen Verkehrsbehinderungen, die durch die Arbeiten entstehen.",49.9774573994474,8.45464634678731
"A61","undefined--vi-hind.2025-05-19_20-11-00-000.f.de0","49.79286571986256,8.08223195691619,49.792230096151684,8.084697105662471","49.79286571986256,8.08223195691619","WARNING","A61 | Wiesbach - Bornheim"," Koblenz -> Ludwigshafen",NA,NA,NA,2025-05-19,"Beginn: 19.05.25 um 20:11 Uhr  Fahrzeug-Hindernis, seit 19.05.2025, 20:11 A61: Koblenz -> Ludwigshafen, zwischen 2.4 km hinter Wiesbach und 0.6 km vor AS Bornheim Gefahr durch ein defektes Fahrzeug auf der Fahrbahn",49.7928657198626,8.08223195691619
"A61","undefined--vi-hind.2025-05-19_18-10-40-000.f_005.de0","50.714875900937756,6.898608699996218,50.744148554507504,6.866387432481455","50.714875900937756,6.898608699996218","WARNING","A61 | Miel - Weilerswist"," Koblenz -> Mönchengladbach",NA,NA,NA,2025-05-19,"Beginn: 19.05.25 um 18:10 Uhr  Hindernis, seit 19.05.2025, 18:10 A61: Koblenz -> Mönchengladbach, zwischen 4.9 km hinter AS Miel und 0.5 km vor AS Weilerswist  Gefahr durch Gegenstände auf der Fahrbahn",50.7148759009378,6.89860869999622
"A70","undefined--vi-hind.2025-05-19_20-41-30-000.f.de0","49.92280591451336,10.898754767881082,49.927029800941455,10.912612100002635","49.92280591451336,10.898754767881082","WARNING","A70 | Hallstadt - Bamberg"," Schweinfurt/Werneck -> Bamberg",NA,NA,NA,2025-05-19,"Beginn: 19.05.25 um 20:41 Uhr  Fahrzeug-Hindernis, seit 19.05.2025, 20:41 A70: Schweinfurt/Werneck -> Bamberg, zwischen 1.7 km hinter AS Hallstadt und 0.4 km vor AK Bamberg",49.9228059145134,10.8987547678811
"A72","undefined--vi-avl.2025-05-19_20-40-30-000.f.de0","50.65398552922363,12.500009390339184,50.649808413038386,12.488895499209638","50.65398552922363,12.500009390339184","WARNING","A72 | Zwickau-Ost - Niedercrinitz"," Zwickau -> Plauen",0,"SLOW_TRAFFIC","60.70000076293945",2025-05-19,"Beginn: 19.05.25 um 20:40 Uhr  Angespannte Verkehrslage, seit 19.05.2025, 20:40 A72: Zwickau -> Plauen, zwischen 7.0 km hinter AS Zwickau-Ost und Niedercrinitz  Langsamer Verkehr Reisezeitverlust: 0 Minuten Durchschnittsgeschwindigkeit: 60 km/h",50.6539855292236,12.5000093903392
"A73","undefined--vi-hind.2025-05-19_20-04-00-000.f_004.de0","50.060911520286695,10.968516752666188,50.05970000094087,10.967126400002948","50.060911520286695,10.968516752666188","WARNING","A73 | Bad Staffelstein - Ebensfeld"," Suhl -> Bamberg",NA,NA,NA,2025-05-19,"Beginn: 19.05.25 um 20:04 Uhr  Hindernis, seit 19.05.2025, 20:04 A73: Suhl -> Bamberg, zwischen 4.6 km hinter AS Bad Staffelstein und 0.1 km vor AS Ebensfeld  Gefahr durch eine ungesicherte Unfallstelle",50.0609115202867,10.9685167526662
"A92","undefined--vi-hind.2025-05-19_17-47-13-000.f_008.de0","48.64670061750484,12.435985136632445,48.66171980094643,12.52089120005747","48.64670061750484,12.435985136632445","WARNING","A92 | Wörth a.d.Isar - Dingolfing-Ost"," München -> Deggendorf",NA,NA,NA,2025-05-19,"Beginn: 19.05.25 um 17:47 Uhr  Fahrzeug-Hindernis, seit 19.05.2025, 17:47 A92: München -> Deggendorf, zwischen 8.7 km hinter AS Wörth a.d.Isar und 0.2 km vor AS Dingolfing-Ost Gefahr durch ein defektes Fahrzeug auf der Fahrbahn",48.6467006175048,12.4359851366324
"A93","undefined--vi-hind.2025-05-19_19-41-30-000.f_001.de0","49.037874928066614,12.089831033778495,49.03749100367172,12.08894751809583","49.037874928066614,12.089831033778495","WARNING","A93 | Regensburg-Nord - Regensburg Pfaffenstein"," Regensburg -> Holledau",NA,NA,NA,2025-05-19,"Beginn: 19.05.25 um 19:41 Uhr  Fahrzeug-Hindernis, seit 19.05.2025, 19:41 A93: Regensburg -> Holledau, zwischen 0.9 km hinter AS Regensburg-Nord und 0.6 km vor Regensburg Pfaffenstein Gefahr durch ein defektes Fahrzeug auf der Fahrbahn",49.0378749280666,12.0898310337785
"A93","undefined--vi-hind.2025-05-19_18-01-32-000.f_007.de0","50.18281344428663,12.121603114014386,50.18101562488324,12.122123974984158","50.18281344428663,12.121603114014386","WARNING","A93 | Schönwald - Selb-Nord"," Hof -> Weiden",NA,NA,NA,2025-05-19,"Beginn: 19.05.25 um 18:01 Uhr  Fahrzeug-Hindernis, seit 19.05.2025, 18:01 A93: Hof -> Weiden, zwischen 5.5 km hinter AS Schönwald und 0.1 km vor AS Selb-Nord",50.1828134442866,12.1216031140144
"A96","undefined--vi-avl.2025-05-19_20-08-00-000.f.de0","48.03441097653919,10.653774842551437,48.02733237577392,10.680846155243835","48.03441097653919,10.653774842551437","WARNING","A96 | Bad Wörishofen - Buchloe-West"," Lindau -> München",0,"SLOW_TRAFFIC","69.30000305175781",2025-05-19,"Beginn: 19.05.25 um 20:08 Uhr  Angespannte Verkehrslage, seit 19.05.2025, 20:08 A96: Lindau -> München, zwischen 2.7 km hinter AS Bad Wörishofen und 2.2 km vor AS Buchloe-West  Langsamer Verkehr Reisezeitverlust: 0 Minuten Durchschnittsgeschwindigkeit: 69 km/h",48.0344109765392,10.6537748425514
"A113","undefined--vi-zus.2025-05-06_00-21-00-000.f_002.de0","52.431770300930815,13.501964500120101,52.420514923982736,13.521858832895003","52.431770300930815,13.501964500120101","WARNING","A113 | Stubenrauchstraße - Rudower Höhe"," Neukölln -> Schönefeld",NA,NA,NA,2025-05-06,"Beginn: 06.05.25 um 00:21 Uhr  Zusammengesetzte Verkehrsinformation, seit 06.05.2025, 00:21 A113: Neukölln -> Schönefeld, zwischen 0.3 km hinter AS Stubenrauchstraße und Rudower Höhe  A113 Autobahnzubringer Dresden, Neukölln Richtung Schönefeld
zwischen Stubenrauchstraße und Tunnel Rudower Höhe
linker Fahrstreifen gesperrt, Bauarbeiten, bis voraussichtlich 20.06.2025",52.4317703009308,13.5019645001201
"A113","undefined--vi-hind.2025-05-19_20-20-00-000.f.de0","52.39480889474536,13.521221055474932,52.39511436213546,13.520910565817355","52.39480889474536,13.521221055474932","WARNING","A113 | Schönefeld-Süd - Schönefeld-Nord"," Schönefeld -> Neukölln",NA,NA,NA,2025-05-19,"Beginn: 19.05.25 um 20:20 Uhr  Hindernis, seit 19.05.2025, 20:20 A113: Schönefeld -> Neukölln, zwischen 0.3 km hinter AS Schönefeld-Süd und 0.3 km vor AS Schönefeld-Nord  Gefahr durch Gegenstände auf der Fahrbahn",52.3948088947454,13.5212210554749
"A115","undefined--vi-zus.2024-10-09_07-09-40-000.f_531.de0","52.40027056808641,13.185163736426698,52.44227384698058,13.202709435405149","52.40027056808641,13.185163736426698","WARNING","A115 | Am Stern - Hüttenweg"," Dreieck Nuthetal -> Dreieck Funkturm",NA,NA,NA,2024-10-09,"Beginn: 09.10.24 um 07:09 Uhr  Zusammengesetzte Verkehrsinformation, seit 09.10.2024, 07:09 A115: Dreieck Nuthetal -> Dreieck Funkturm, zwischen 2.9 km hinter Am Stern und 3.8 km vor AS Hüttenweg  A115 Autobahnzubringer Magdeburg, Dreieck Nuthetal Richtung Dreieck Funkturm, zwischen Anschlussstelle Kleinmachnow und Anschlussstelle Spanische Allee, Baustelle, bis 31.10.2026 17:00 Uhr",52.4002705680864,13.1851637364267
