"road","identifier","extent","point","display_type","title","subtitle","delay_minutes","abnormalTrafficType","averageSpeed","startTimestamp","description","latitude","longitude"
"A1","undefined--vi-hind.2025-05-19_20-43-30-000.f.de0","49.359346700943725,7.01705759999683,49.35827758430295,7.018096319247415","49.359346700943725,7.01705759999683","WARNING","A1 | Illingen - Saarbrücken"," Trier -> Saarbrücken",NA,NA,NA,2025-05-19,"Beginn: 19.05.25 um 20:43 Uhr  Fahrzeug-Hindernis, seit 19.05.2025, 20:43 A1: Trier -> Saarbrücken, zwischen 3.2 km hinter AS Illingen und 0.4 km vor AK Saarbrücken Gefahr durch ein defektes Fahrzeug auf der Fahrbahn",49.3593467009437,7.01705759999683
"A1","undefined--vi-hind.2025-05-19_19-54-00-000.f_004.de0","50.67331588614863,6.735201692610461,50.65047740093807,6.722068199994528","50.67331588614863,6.735201692610461","WARNING","A1 | Euskirchen - Wißkirchen"," Köln -> Blankenheim",NA,NA,NA,2025-05-19,"Beginn: 19.05.25 um 19:54 Uhr  Hindernis, seit 19.05.2025, 19:54 A1: Köln -> Blankenheim, zwischen 0.7 km hinter AS Euskirchen und 0.3 km vor AS Wißkirchen  Gefahr durch Gegenstände auf der Fahrbahn",50.6733158861486,6.73520169261046
"A1","undefined--vi-avl.2025-05-19_20-02-30-000.f_004.de0","51.235716295095955,7.230391927255166,51.235716295095955,7.230391927255166","51.235716295095955,7.230391927255166","WARNING","A1 | Wuppertal-Ronsdorf - Wuppertal-Ronsdorf"," Dortmund -> Köln",NA,"STATIONARY_TRAFFIC","10",2025-05-19,"Beginn: 19.05.25 um 20:46 Uhr  Angespannte Verkehrslage, seit 19.05.2025, 20:46 A1: Dortmund -> Köln, 1.0 km vor AS Wuppertal-Ronsdorf, aus Richtung Ehrenberg  Im Stillstand Durchschnittsgeschwindigkeit: 10 km/h",51.235716295096,7.23039192725517
"A1","undefined--vi-avl.2025-05-19_19-55-03-000.f_001.de0","51.235602867822855,7.230347035390538,51.22267102918807,7.242692576711864","51.235602867822855,7.230347035390538","WARNING","A1 | Ehrenberg - Remscheid-Lennep"," Dortmund -> Köln",5,"STATIONARY_TRAFFIC","16.399999618530273",2025-05-19,"Beginn: 19.05.25 um 19:55 Uhr  Angespannte Verkehrslage, seit 19.05.2025, 19:55 A1: Dortmund -> Köln, zwischen 3.9 km hinter Ehrenberg und 2.5 km vor AS Remscheid-Lennep  Im Stillstand Reisezeitverlust: 5 Minuten Durchschnittsgeschwindigkeit: 16 km/h",51.2356028678229,7.23034703539054
"A1","undefined--vi-avl.2025-05-19_20-23-00-000.f_001.de0","51.524579091942,7.65884116557556,51.53580827376368,7.661286983762063","51.524579091942,7.65884116557556","WARNING","A1 | Dortmund/Unna - Kamen-Zentrum"," Dortmund -> Münster",1,"SLOW_TRAFFIC","38.79999923706055",2025-05-19,"Beginn: 19.05.25 um 20:23 Uhr  Angespannte Verkehrslage, seit 19.05.2025, 20:23 A1: Dortmund -> Münster, zwischen 0.3 km hinter AK Dortmund/Unna und 4.5 km vor AS Kamen-Zentrum  Langsamer Verkehr Reisezeitverlust: 1 Minuten Durchschnittsgeschwindigkeit: 38 km/h",51.524579091942,7.65884116557556
"A1","undefined--vi-avl.2025-05-19_20-25-30-000.f.de0","51.52459690804233,7.65884506594132,51.52459690804233,7.65884506594132","51.52459690804233,7.65884506594132","WARNING","A1 | Unna - Unna"," Dortmund -> Münster",NA,"SLOW_TRAFFIC","17",2025-05-19,"Beginn: 19.05.25 um 20:46 Uhr  Angespannte Verkehrslage, seit 19.05.2025, 20:46 A1: Dortmund -> Münster, 0.2 km vor AS Unna, aus Richtung Dortmund/Unna  Langsamer Verkehr Durchschnittsgeschwindigkeit: 17 km/h",51.5245969080423,7.65884506594132
"A1","undefined--vi-avl.2025-05-19_19-31-30-000.f_005.de0","53.02369199357897,8.81463347503837,53.026565426633645,8.853023177618908","53.02369199357897,8.81463347503837","WARNING","A1 | Bremen/Brinkum - Bremen-Arsten"," Osnabrück -> Bremen",7,"STATIONARY_TRAFFIC","17.299999237060547",2025-05-19,"Beginn: 19.05.25 um 19:31 Uhr  Angespannte Verkehrslage, seit 19.05.2025, 19:31 A1: Osnabrück -> Bremen, zwischen 0.8 km hinter AS Bremen/Brinkum und 0.5 km vor AS Bremen-Arsten  Im Stillstand Reisezeitverlust: 7 Minuten Durchschnittsgeschwindigkeit: 17 km/h",53.023691993579,8.81463347503837
"A1","undefined--vi-avl.2025-05-19_20-12-30-000.f_005.de0","53.02369127527361,8.814529119114724,53.02369127527361,8.814529119114724","53.02369127527361,8.814529119114724","WARNING","A1 | Krummhörens Kuhlen - Krummhörens Kuhlen"," Osnabrück -> Bremen",NA,"STATIONARY_TRAFFIC","17",2025-05-19,"Beginn: 19.05.25 um 20:46 Uhr  Angespannte Verkehrslage, seit 19.05.2025, 20:46 A1: Osnabrück -> Bremen, 0.7 km vor Krummhörens Kuhlen, aus Richtung Bremen/Brinkum  Im Stillstand Durchschnittsgeschwindigkeit: 17 km/h",53.0236912752736,8.81452911911472
"A2","undefined--vi-avl.2025-05-19_20-00-00-000.f.de0","51.5386298801034,6.843310174342619,51.53887574555629,6.864115930365085","51.5386298801034,6.843310174342619","WARNING","A2 | Oberhausen - Oberhausen-Königshardt"," Oberhausen -> Dortmund",7,"STATIONARY_TRAFFIC","10.300000190734863",2025-05-19,"Beginn: 19.05.25 um 20:00 Uhr  Angespannte Verkehrslage, seit 19.05.2025, 20:00 A2: Oberhausen -> Dortmund, zwischen 0.6 km hinter AK Oberhausen und 0.4 km vor AS Oberhausen-Königshardt  Im Stillstand Reisezeitverlust: 7 Minuten Durchschnittsgeschwindigkeit: 10 km/h",51.5386298801034,6.84331017434262
"A2","undefined--vi-avl.2025-05-19_20-00-30-000.f_003.de0","51.5386298801034,6.843310174342619,51.5386298801034,6.843310174342619","51.5386298801034,6.843310174342619","WARNING","A2 | Oberhausen-Königshardt - Oberhausen-Königshardt"," Oberhausen -> Dortmund",NA,"STATIONARY_TRAFFIC","4",2025-05-19,"Beginn: 19.05.25 um 20:46 Uhr  Angespannte Verkehrslage, seit 19.05.2025, 20:46 A2: Oberhausen -> Dortmund, 1.8 km vor AS Oberhausen-Königshardt, aus Richtung Oberhausen  Im Stillstand Durchschnittsgeschwindigkeit: 4 km/h",51.5386298801034,6.84331017434262
"A2","undefined--vi-hind.2025-05-19_20-28-00-000.f_003.de0","51.578676000932944,7.505967199998997,51.57855901402244,7.5088034970347515","51.578676000932944,7.505967199998997","WARNING","A2 | Dortmund-Nordost - Dortmund-Lanstrop"," Dortmund -> Hannover",NA,NA,NA,2025-05-19,"Beginn: 19.05.25 um 20:28 Uhr  Fahrzeug-Hindernis, seit 19.05.2025, 20:28 A2: Dortmund -> Hannover, zwischen 0.8 km hinter AS Dortmund-Nordost und 2.7 km vor AS Dortmund-Lanstrop Gefahr durch ein defektes Fahrzeug auf der Fahrbahn",51.5786760009329,7.505967199999
"A2","undefined--vi-hind.2025-05-19_20-38-31-000.f.de0","51.57816278142626,7.518684080428418,51.57808822944096,7.521479924526534","51.57816278142626,7.518684080428418","WARNING","A2 | Dortmund-Nordost - Dortmund-Lanstrop"," Dortmund -> Hannover",NA,NA,NA,2025-05-19,"Beginn: 19.05.25 um 20:38 Uhr  Fahrzeug-Hindernis, seit 19.05.2025, 20:38 A2: Dortmund -> Hannover, zwischen 1.7 km hinter AS Dortmund-Nordost und 1.8 km vor AS Dortmund-Lanstrop Gefahr durch ein defektes Fahrzeug auf der Fahrbahn",51.5781627814263,7.51868408042842
"A2","undefined--vi-hind.2025-05-19_19-00-00-000.f_005.de0","52.23223784058388,9.243723844994786,52.23186189485302,9.241281800439054","52.23223784058388,9.243723844994786","WARNING","A2 | Rehren - Auetal Süd"," Hannover -> Dortmund",NA,NA,NA,2025-05-19,"Beginn: 19.05.25 um 19:00 Uhr  Fahrzeug-Hindernis, seit 19.05.2025, 19:00 A2: Hannover -> Dortmund, zwischen 0.1 km hinter AS Rehren und 1.3 km vor Auetal Süd Gefahr durch ein defektes Fahrzeug auf der Fahrbahn",52.2322378405839,9.24372384499479
"A2","undefined--vi-hind.2025-05-19_20-40-30-000.f_001.de0","52.36347179509063,10.120618224902348,52.33789980092807,10.231437300000621","52.36347179509063,10.120618224902348","WARNING","A2 | Lehrte-Ost - Peine"," Hannover -> Braunschweig",NA,NA,NA,2025-05-19,"Beginn: 19.05.25 um 20:40 Uhr  Hindernis, seit 19.05.2025, 20:40 A2: Hannover -> Braunschweig, zwischen 7.5 km hinter AS Lehrte-Ost und 0.5 km vor AS Peine  Gefahr durch Gegenstände auf der Fahrbahn",52.3634717950906,10.1206182249023
"A2","undefined--vi-hind.2025-05-19_20-43-30-000.f_001.de0","52.33434300633129,10.425937184328786,52.33434300633129,10.425937184328786","52.33434300633129,10.425937184328786","WARNING","A2 | Braunschweig-Hafen - Braunschweig-Watenbüttel"," Braunschweig -> Hannover",NA,NA,NA,2025-05-19,"Beginn: 19.05.25 um 20:43 Uhr  Fahrzeug-Hindernis, seit 19.05.2025, 20:43 A2: Braunschweig -> Hannover, zwischen 3.3 km hinter AS Braunschweig-Hafen und 0.1 km vor AS Braunschweig-Watenbüttel Gefahr durch ein defektes Fahrzeug auf der Fahrbahn",52.3343430063313,10.4259371843288
"A2","undefined--vi-avl.2025-05-19_20-10-30-000.f_004.de0","51.53664837176788,6.832317782311612,51.53664837176788,6.832317782311612","51.53664837176788,6.832317782311612","WARNING","Baustelle","",NA,"STATIONARY_TRAFFIC","12",2025-05-19,"Beginn: 19.05.25 um 20:46 Uhr  Angespannte Verkehrslage, seit 19.05.2025, 20:46 A2 O  Im Stillstand Durchschnittsgeschwindigkeit: 12 km/h",51.5366483717679,6.83231778231161
"A2","undefined--vi-avl.2025-05-19_20-10-30-000.f_003.de0","51.53664837176788,6.832317782311612,51.5386298801034,6.843310174342619","51.53664837176788,6.832317782311612","WARNING","Baustelle"," km 473.22 --> km 472.42",3,"STATIONARY_TRAFFIC","13.699999809265137",2025-05-19,"Beginn: 19.05.25 um 20:10 Uhr  Angespannte Verkehrslage, seit 19.05.2025, 20:10 A2: km 473.22 --> km 472.42  Im Stillstand Reisezeitverlust: 3 Minuten Durchschnittsgeschwindigkeit: 13 km/h",51.5366483717679,6.83231778231161
"A3","undefined--vi-avl.2025-05-19_20-36-00-000.f_002.de0","48.53468250332709,13.400091000088258,48.54588166243156,13.39786497189552","48.53468250332709,13.400091000088258","WARNING","A3 | Rottal-Ost - Hammerbach"," Linz -> Nürnberg",0,"SLOW_TRAFFIC","65.9000015258789",2025-05-19,"Beginn: 19.05.25 um 20:36 Uhr  Angespannte Verkehrslage, seit 19.05.2025, 20:36 A3: Linz -> Nürnberg, zwischen 8.8 km hinter Rottal-Ost und 1.7 km vor Hammerbach  Langsamer Verkehr Reisezeitverlust: 0 Minuten Durchschnittsgeschwindigkeit: 65 km/h",48.5346825033271,13.4000910000883
"A3","undefined--vi-avl.2025-05-19_20-40-30-000.f_002.de0","48.781192334019906,13.022970154528968,48.78923850094671,13.00827200011237","48.781192334019906,13.022970154528968","WARNING","A3 | Hengersberg - Isarblick"," Passau -> Nürnberg",0,"SLOW_TRAFFIC","69.4000015258789",2025-05-19,"Beginn: 19.05.25 um 20:40 Uhr  Angespannte Verkehrslage, seit 19.05.2025, 20:40 A3: Passau -> Nürnberg, zwischen 1.8 km hinter AS Hengersberg und 2.7 km vor Isarblick  Langsamer Verkehr Reisezeitverlust: 0 Minuten Durchschnittsgeschwindigkeit: 69 km/h",48.7811923340199,13.022970154529
"A3","undefined--vi-hind.2025-05-19_20-18-30-000.f_001.de0","49.380533400943676,11.343884400006912,49.361355500943716,11.425877200008168","49.380533400943676,11.343884400006912","WARNING","A3 | Altdorf/Burgthann - Eichenäcker"," Nürnberg -> Passau",NA,NA,NA,2025-05-19,"Beginn: 19.05.25 um 20:18 Uhr  Hindernis, seit 19.05.2025, 20:18 A3: Nürnberg -> Passau, zwischen 0.3 km hinter AS Altdorf/Burgthann und 1.0 km vor Eichenäcker  Gefahr durch Gegenstände auf der Fahrbahn",49.3805334009437,11.3438844000069
"A3","undefined--vi-hind.2025-05-19_20-35-00-000.f_001.de0","49.81807230094192,9.557897500000147,49.76987810094211,9.58305290000015","49.81807230094192,9.557897500000147","WARNING","A3 | Kohlsberg - Fronberg"," Frankfurt -> Würzburg",NA,NA,NA,2025-05-19,"Beginn: 19.05.25 um 20:35 Uhr  Hindernis, seit 19.05.2025, 20:35 A3: Frankfurt -> Würzburg, zwischen 3.5 km hinter Kohlsberg und 9.9 km vor Fronberg  Gefahr durch eine ungesicherte Unfallstelle",49.8180723009419,9.55789750000015
"A3","undefined--vi-hind.2025-05-19_19-02-05-000.f_006.de0","49.98605295565739,9.258094048010308,49.93582416667447,9.34727318781125","49.98605295565739,9.258094048010308","WARNING","A3 | Bessenbach/Waldaschaff - Rohrbrunn"," Frankfurt -> Würzburg",NA,NA,NA,2025-05-19,"Beginn: 19.05.25 um 19:02 Uhr  Fahrzeug-Hindernis, seit 19.05.2025, 19:02 A3: Frankfurt -> Würzburg, zwischen 0.2 km hinter AS Bessenbach/Waldaschaff und 5.4 km vor AS Rohrbrunn Gefahr durch ein defektes Fahrzeug auf der Fahrbahn",49.9860529556574,9.25809404801031
"A3","undefined--vi-hind.2025-05-19_20-28-00-000.f.de0","50.95711961059478,7.034792488920239,50.95652564066204,7.035021658770774","50.95711961059478,7.034792488920239","WARNING","A3 | Köln-Dellbrück - Köln-Ost"," Oberhausen -> Frankfurt",NA,NA,NA,2025-05-19,"Beginn: 19.05.25 um 20:28 Uhr  Fahrzeug-Hindernis, seit 19.05.2025, 20:28 A3: Oberhausen -> Frankfurt, zwischen 1.1 km hinter AS Köln-Dellbrück und 0.5 km vor AK Köln-Ost Gefahr durch ein defektes Fahrzeug auf der Fahrbahn",50.9571196105948,7.03479248892024
"A3","undefined--vi-avl.2025-05-19_20-37-30-000.f_002.de0","51.04151995534366,7.00738412297745,51.04151995534366,7.00738412297745","51.04151995534366,7.00738412297745","WARNING","A3 | Leverkusen-Zentrum - Leverkusen-Zentrum"," Oberhausen -> Köln",NA,"STATIONARY_TRAFFIC","4",2025-05-19,"Beginn: 19.05.25 um 20:46 Uhr  Angespannte Verkehrslage, seit 19.05.2025, 20:46 A3: Oberhausen -> Köln, 2.0 km vor AS Leverkusen-Zentrum, aus Richtung Leverkusen  Im Stillstand Durchschnittsgeschwindigkeit: 4 km/h",51.0415199553437,7.00738412297745
"A3","undefined--vi-zus.2025-05-19_20-35-30-000.f_001.de0","51.0414855371018,7.007400652125593,51.030876908417675,7.009883348180071","51.0414855371018,7.007400652125593","WARNING","A3 | Leverkusen - Leverkusen-Zentrum"," Oberhausen -> Köln",3,"STATIONARY_TRAFFIC","15.800000190734863",2025-05-19,"Beginn: 19.05.25 um 20:35 Uhr  Zusammengesetzte Verkehrsinformation, seit 19.05.2025, 20:35 A3: Oberhausen -> Köln, zwischen AK Leverkusen und 0.8 km vor AS Leverkusen-Zentrum  Gefahr durch eine ungesicherte Unfallstelle  Im Stillstand Reisezeitverlust: 3 Minuten Durchschnittsgeschwindigkeit: 15 km/h",51.0414855371018,7.00740065212559
"A3","undefined--vi-hind.2025-05-19_20-36-00-000.f_001.de0","51.03506290106329,7.009007159834092,51.02508757451233,7.011214804424841","51.03506290106329,7.009007159834092","WARNING","A3 | Leverkusen - Leverkusen-Zentrum"," Oberhausen -> Köln",NA,NA,NA,2025-05-19,"Beginn: 19.05.25 um 20:36 Uhr  Hindernis, seit 19.05.2025, 20:36 A3: Oberhausen -> Köln, zwischen 0.8 km hinter AK Leverkusen und 0.1 km vor AS Leverkusen-Zentrum  Gefahr durch eine ungesicherte Unfallstelle",51.0350629010633,7.00900715983409
"A3","undefined--vi-unf.2025-05-19_14-53-38-000.f_009.de0","51.484704292038444,6.813453334278177,51.47765520881588,6.814112019102328","51.484704292038444,6.813453334278177","WARNING","A3 | Oberhausen-West - Oberhausen-Lirich"," Oberhausen -> Köln",NA,NA,NA,2025-05-19,"Beginn: 19.05.25 um 14:53 Uhr  Unfall, seit 19.05.2025, 14:53 A3: Oberhausen -> Köln, zwischen 0.3 km hinter AK Oberhausen-West und 0.2 km vor AS Oberhausen-Lirich",51.4847042920384,6.81345333427818
"A3","undefined--vi-unf.2025-05-19_14-53-38-000.f_010.de0","51.49162670093345,6.816839799995747,51.47591440093357,6.814881199995714","51.49162670093345,6.816839799995747","WARNING","A3 | Oberhausen-Holten - Oberhausen-Lirich"," Arnheim -> Köln",NA,NA,NA,2025-05-19,"Beginn: 19.05.25 um 14:53 Uhr  Unfall, seit 19.05.2025, 14:53 A3: Arnheim -> Köln, zwischen 2.5 km hinter AS Oberhausen-Holten und AS Oberhausen-Lirich",51.4916267009335,6.81683979999575
"A3","undefined--vi-avl.2025-05-19_20-46-30-000.f_002.de0","51.89839901701434,6.165717280673193,51.89839901701434,6.165717280673193","51.89839901701434,6.165717280673193","WARNING","A3 | Knauheide - Knauheide"," Arnheim -> Oberhausen",NA,"SLOW_TRAFFIC","29",2025-05-19,"Beginn: 19.05.25 um 20:46 Uhr  Angespannte Verkehrslage, seit 19.05.2025, 20:46 A3: Arnheim -> Oberhausen, 0.1 km vor Knauheide, aus Richtung Elten  Langsamer Verkehr Durchschnittsgeschwindigkeit: 29 km/h",51.8983990170143,6.16571728067319
"A3","undefined--vi-avl.2025-05-19_20-46-30-000.f.de0","51.89836112503476,6.165756320916883,51.89301417265614,6.171263286721311","51.89836112503476,6.165756320916883","WARNING","A3 | Elten - Elten"," Arnheim -> Oberhausen",0,"SLOW_TRAFFIC","48.400001525878906",2025-05-19,"Beginn: 19.05.25 um 20:46 Uhr  Angespannte Verkehrslage, seit 19.05.2025, 20:46 A3: Arnheim -> Oberhausen, zwischen 0.4 km hinter Elten und 1.1 km vor AS Elten  Langsamer Verkehr Reisezeitverlust: 0 Minuten Durchschnittsgeschwindigkeit: 48 km/h",51.8983611250348,6.16575632091688
"A4","undefined--vi-zus.2025-05-19_11-40-25-000.f_015.de0","51.18098870622666,15.008309537534126,51.186736500965786,14.989494200636342","51.18098870622666,15.008309537534126","WARNING","A4 | Ludwigsdorf - An der Neiße"," Görlitz -> Dresden",3,"SLOW_TRAFFIC","13.399999618530273",2025-05-19,"Beginn: 19.05.25 um 11:40 Uhr  Zusammengesetzte Verkehrsinformation, seit 19.05.2025, 11:40 A4: Görlitz -> Dresden, zwischen Ludwigsdorf und 0.1 km vor An der Neiße  Langsamer Verkehr Reisezeitverlust: 3 Minuten Durchschnittsgeschwindigkeit: 13 km/h",51.1809887062267,15.0083095375341
"A5","undefined--vi-avl.2025-05-19_20-36-00-000.f_001.de0","47.67757132108558,7.523594812776994,47.68259497134463,7.522706662632265","47.67757132108558,7.523594812776994","WARNING","A5 | Weil am Rhein - Rheinaue"," Basel -> Karlsruhe",2,"STATIONARY_TRAFFIC","10.699999809265137",2025-05-19,"Beginn: 19.05.25 um 20:36 Uhr  Angespannte Verkehrslage, seit 19.05.2025, 20:36 A5: Basel -> Karlsruhe, zwischen 8.2 km hinter AD Weil am Rhein und 2.8 km vor Rheinaue  Im Stillstand Reisezeitverlust: 2 Minuten Durchschnittsgeschwindigkeit: 10 km/h",47.6775713210856,7.52359481277699
"A5","undefined--vi-avl.2025-05-19_20-37-30-000.f_003.de0","47.6774365423196,7.52360472925942,47.6774365423196,7.52360472925942","47.6774365423196,7.52360472925942","WARNING","A5 | Efringen-Kirchen - Efringen-Kirchen"," Basel -> Karlsruhe",NA,"STATIONARY_TRAFFIC","9",2025-05-19,"Beginn: 19.05.25 um 20:46 Uhr  Angespannte Verkehrslage, seit 19.05.2025, 20:46 A5: Basel -> Karlsruhe, in Höhe AS Efringen-Kirchen, aus Richtung Weil am Rhein  Im Stillstand Durchschnittsgeschwindigkeit: 9 km/h",47.6774365423196,7.52360472925942
"A5","undefined--vi-avl.2025-05-19_18-39-18-000.f_006.de0","47.68692445784803,7.521552114373419,47.71724374817739,7.541322501090546","47.68692445784803,7.521552114373419","WARNING","A5 | Efringen-Kirchen - Bad Bellingen"," Basel -> Karlsruhe",15,"STATIONARY_TRAFFIC","13.800000190734863",2025-05-19,"Beginn: 19.05.25 um 18:39 Uhr  Angespannte Verkehrslage, seit 19.05.2025, 18:39 A5: Basel -> Karlsruhe, zwischen 1.0 km hinter AS Efringen-Kirchen und 2.4 km vor Bad Bellingen  Im Stillstand Reisezeitverlust: 15 Minuten Durchschnittsgeschwindigkeit: 13 km/h",47.686924457848,7.52155211437342
"A5","undefined--vi-avl.2025-05-19_20-07-30-000.f.de0","47.68684465762026,7.521572396380735,47.68684465762026,7.521572396380735","47.68684465762026,7.521572396380735","WARNING","A5 | Rheinaue - Rheinaue"," Basel -> Karlsruhe",NA,"STATIONARY_TRAFFIC","5",2025-05-19,"Beginn: 19.05.25 um 20:21 Uhr  Angespannte Verkehrslage, seit 19.05.2025, 20:21 A5: Basel -> Karlsruhe, 2.3 km vor Rheinaue, aus Richtung Efringen-Kirchen  Im Stillstand Durchschnittsgeschwindigkeit: 5 km/h",47.6868446576203,7.52157239638074
"A6","undefined--vi-unf.2025-05-19_17-53-40-000.f_006.de0","49.3386096009438,7.294529899998337,49.37161520094368,7.368636399998608","49.3386096009438,7.294529899998337","WARNING","A6 | Neunkirchen - Waldmohr"," Metz/Saarbrücken -> Kaiserslautern",NA,NA,NA,2025-05-19,"Beginn: 19.05.25 um 17:53 Uhr  Unfall, seit 19.05.2025, 17:53 A6: Metz/Saarbrücken -> Kaiserslautern, zwischen 4.3 km hinter AK Neunkirchen und 0.5 km vor Waldmohr",49.3386096009438,7.29452989999834
"A6","undefined--vi-unf.2025-05-19_19-44-00-000.f_003.de0","49.34194021973277,7.301068042336998,49.371496035121694,7.36777231106037","49.34194021973277,7.301068042336998","WARNING","A6 | Homburger Bruch - Waldmohr"," Metz/Saarbrücken -> Kaiserslautern",NA,NA,NA,2025-05-19,"Beginn: 19.05.25 um 19:44 Uhr  Unfall, seit 19.05.2025, 19:44 A6: Metz/Saarbrücken -> Kaiserslautern, zwischen 0.2 km hinter Homburger Bruch und 0.6 km vor Waldmohr",49.3419402197328,7.301068042337
"A6","undefined--vi-avl.2025-05-19_20-44-31-000.f_003.de0","49.29288885744529,10.73713644114999,49.29288885744529,10.73713644114999","49.29288885744529,10.73713644114999","WARNING","A6 | Lichtenau - Lichtenau"," Nürnberg -> Heilbronn",NA,"SLOW_TRAFFIC","26",2025-05-19,"Beginn: 19.05.25 um 20:46 Uhr  Angespannte Verkehrslage, seit 19.05.2025, 20:46 A6: Nürnberg -> Heilbronn, 1.9 km vor AS Lichtenau, aus Richtung Lerchenbuck  Langsamer Verkehr Durchschnittsgeschwindigkeit: 26 km/h",49.2928888574453,10.73713644115
"A6","undefined--vi-avl.2025-05-19_18-29-18-000.f_003.de0","49.29288885744529,10.73713644114999,49.281518741497976,10.722370599468531","49.29288885744529,10.73713644114999","WARNING","A6 | Lerchenbuck - Lichtenau"," Nürnberg -> Heilbronn",1,"SLOW_TRAFFIC","38.5",2025-05-19,"Beginn: 19.05.25 um 18:29 Uhr  Angespannte Verkehrslage, seit 19.05.2025, 18:29 A6: Nürnberg -> Heilbronn, zwischen 2.3 km hinter Lerchenbuck und 0.3 km vor AS Lichtenau  Langsamer Verkehr Reisezeitverlust: 1 Minuten Durchschnittsgeschwindigkeit: 38 km/h",49.2928888574453,10.73713644115
"A6","undefined--vi-hind.2025-05-19_20-37-00-000.f_003.de0","49.393200462211766,11.187177705815637,49.396771453405165,11.205804769659357","49.393200462211766,11.187177705815637","WARNING","A6 | Nürnberg-Langwasser - Altdorf"," Nürnberg -> Pilsen",NA,NA,NA,2025-05-19,"Beginn: 19.05.25 um 20:37 Uhr  Hindernis, seit 19.05.2025, 20:37 A6: Nürnberg -> Pilsen, zwischen 1.3 km hinter AS Nürnberg-Langwasser und 6.9 km vor AK Altdorf  Gefahr durch Gegenstände auf der Fahrbahn",49.3932004622118,11.1871777058156
"A6","undefined--vi-hind.2025-05-19_20-37-00-000.f_002.de0","49.396913606589095,11.205894186233634,49.39343397779938,11.187474808811583","49.396913606589095,11.205894186233634","WARNING","A6 | Altdorf - Nürnberg-Langwasser"," Pilsen -> Nürnberg",NA,NA,NA,2025-05-19,"Beginn: 19.05.25 um 20:37 Uhr  Hindernis, seit 19.05.2025, 20:37 A6: Pilsen -> Nürnberg, zwischen 6.9 km hinter AK Altdorf und 1.3 km vor AS Nürnberg-Langwasser  Gefahr durch Gegenstände auf der Fahrbahn",49.3969136065891,11.2058941862336
"A6","undefined--vi-avl.2025-05-19_20-45-00-000.f.de0","49.41753840282812,11.730514282926412,49.42356765486601,11.69215041410679","49.41753840282812,11.730514282926412","WARNING","A6 | Brunnberg - Oberpfälzer Alb"," Pilsen -> Nürnberg",1,"SLOW_TRAFFIC","56",2025-05-19,"Beginn: 19.05.25 um 20:45 Uhr  Angespannte Verkehrslage, seit 19.05.2025, 20:45 A6: Pilsen -> Nürnberg, zwischen 1.2 km hinter Brunnberg und 0.2 km vor Oberpfälzer Alb  Langsamer Verkehr Reisezeitverlust: 1 Minuten Durchschnittsgeschwindigkeit: 56 km/h",49.4175384028281,11.7305142829264
"A7","undefined--vi-zus.2025-05-19_19-55-30-000.f_001.de0","47.57144969209724,10.660382444103417,47.577037246669576,10.66215100562998","47.57144969209724,10.660382444103417","WARNING","A7 | Grenztunnel Füssen - Reinertshofertunnel"," Füssen/Reutte -> Ulm",2,"STATIONARY_TRAFFIC","15.100000381469727",2025-05-19,"Beginn: 19.05.25 um 19:55 Uhr  Zusammengesetzte Verkehrsinformation, seit 19.05.2025, 19:55 A7: Füssen/Reutte -> Ulm, zwischen 1.4 km hinter Grenztunnel Füssen und 2.7 km vor Reinertshofertunnel  Im Stillstand Reisezeitverlust: 2 Minuten Durchschnittsgeschwindigkeit: 15 km/h",47.5714496920972,10.6603824441034
"A7","undefined--vi-avl.2025-05-19_19-56-30-000.f_001.de0","47.57145842080008,10.660385661305725,47.57145842080008,10.660385661305725","47.57145842080008,10.660385661305725","WARNING","A7 | Füssen - Füssen"," Füssen/Reutte -> Ulm",NA,"STATIONARY_TRAFFIC","5",2025-05-19,"Beginn: 19.05.25 um 20:44 Uhr  Angespannte Verkehrslage, seit 19.05.2025, 20:44 A7: Füssen/Reutte -> Ulm, 0.3 km vor AS Füssen, aus Richtung Grenztunnel Füssen  Im Stillstand Durchschnittsgeschwindigkeit: 5 km/h",47.5714584208001,10.6603856613057
"A7","undefined--vi-zus.2025-05-13_04-57-00-000.f_002.de0","47.595412441892016,10.656244234565428,47.62855194383104,10.58197876986764","47.595412441892016,10.656244234565428","WARNING","A7 | Füssen - Nesselwang"," Füssen/Reutte -> Ulm",NA,NA,NA,2025-05-13,"Beginn: 13.05.25 um 04:57 Uhr  Zusammengesetzte Verkehrsinformation, seit 13.05.2025, 04:57 A7: Füssen/Reutte -> Ulm, zwischen 2.5 km hinter AS Füssen und 4.4 km vor AS Nesselwang  A7 Füssen/Reutte Richtung Ulm zwischen Reinertshoftunnel und Nesselwang Verkehr wird über die Gegenfahrbahn geleitet, Baustelle, von 16.05.2025 05:00 Uhr bis 18.07.2025 15:00 Uhr",47.595412441892,10.6562442345654
"A7","undefined--vi-hind.2025-05-19_18-55-30-000.f_002.de0","48.57084740094633,10.153324000000438,48.49645570094654,10.085913000000366","48.57084740094633,10.153324000000438","WARNING","A7 | Niederstotzingen - Langenau"," Würzburg -> Ulm",NA,NA,NA,2025-05-19,"Beginn: 19.05.25 um 18:55 Uhr  Fahrzeug-Hindernis, seit 19.05.2025, 18:55 A7: Würzburg -> Ulm, zwischen 0.3 km hinter AS Niederstotzingen und 0.4 km vor AS Langenau",48.5708474009463,10.1533240000004
"A7","undefined--vi-hind.2025-05-19_20-21-32-000.f_001.de0","50.19504720094025,9.94055970000031,50.12703680094058,9.957684500000322","50.19504720094025,9.94055970000031","WARNING","A7 | Bad Kissingen/Oberthulba - Hammelburg"," Fulda -> Würzburg",NA,NA,NA,2025-05-19,"Beginn: 19.05.25 um 20:21 Uhr  Hindernis, seit 19.05.2025, 20:21 A7: Fulda -> Würzburg, zwischen 0.4 km hinter AS Bad Kissingen/Oberthulba und 0.3 km vor AS Hammelburg  Gefahr durch Gegenstände auf der Fahrbahn",50.1950472009403,9.94055970000031
"A7","undefined--vi-hind.2025-05-19_20-31-30-000.f_001.de0","51.202914934378356,9.46685205416867,51.123359861087245,9.479668483093928","51.202914934378356,9.46685205416867","WARNING","A7 | Guxhagen - Malsfeld"," Kassel -> Fulda",NA,NA,NA,2025-05-19,"Beginn: 19.05.25 um 20:31 Uhr  Hindernis, seit 19.05.2025, 20:31 A7: Kassel -> Fulda, zwischen 0.2 km hinter AS Guxhagen und 4.1 km vor AS Malsfeld  Gefahr durch Gegenstände auf der Fahrbahn",51.2029149343784,9.46685205416867
"A7","undefined--vi-zus.2025-05-19_18-37-50-000.f.de0","51.62995586638154,9.919160032779399,51.7020361149804,9.938217874005327","51.62995586638154,9.919160032779399","WARNING","A7 | Nörten-Hardenberg - Schlochau"," Kassel -> Hannover",NA,NA,NA,2025-05-19,"Beginn: 19.05.25 um 18:37 Uhr  Zusammengesetzte Verkehrsinformation, seit 19.05.2025, 18:37 A7: Kassel -> Hannover, zwischen 0.1 km hinter AS Nörten-Hardenberg und 1.7 km vor Schlochau  Gefahr durch ein defektes Fahrzeugs auf der Fahrbahn  A7 Kassel Richtung Hannover zwischen Nörten-Hardenberg und Northeim-West Gefahr durch defekten LKW auf dem Standstreifen",51.6299558663815,9.9191600327794
"A7","undefined--vi-avl.2025-05-19_20-02-30-000.f_001.de0","53.55527770091904,9.89716540000041,53.55527770091904,9.89716540000041","53.55527770091904,9.89716540000041","WARNING","A7 | Elbtunnel (Nordportal) - Elbtunnel (Nordportal)"," Flensburg -> Hamburg",NA,"STATIONARY_TRAFFIC","17",2025-05-19,"Beginn: 19.05.25 um 20:46 Uhr  Angespannte Verkehrslage, seit 19.05.2025, 20:46 A7: Flensburg -> Hamburg, 0.8 km vor Elbtunnel (Nordportal), aus Richtung Hamburg-Othmarschen  Im Stillstand Durchschnittsgeschwindigkeit: 17 km/h",53.555277700919,9.89716540000041
"A7","undefined--vi-zus.2025-03-31_00-40-00-000.f_018.de0","53.579141433849884,9.913430072127355,53.55636870091902,9.897540700000414","53.579141433849884,9.913430072127355","WARNING","A7 | Hamburg-Volkspark - Elbtunnel (Nordportal)"," Flensburg -> Hamburg",NA,NA,NA,2025-03-31,"Beginn: 31.03.25 um 00:40 Uhr  Zusammengesetzte Verkehrsinformation, seit 31.03.2025, 00:40 A7: Flensburg -> Hamburg, zwischen 0.4 km hinter AS Hamburg-Volkspark und 0.9 km vor Elbtunnel (Nordportal)  A7 Flensburg Richtung Hamburg Ausfahrt Hamburg-Othmarschen Fahrbahnverengung, maximale Fahrbahnbreite von 4,50 m, Bauarbeiten, bis 29.09.2025",53.5791414338499,9.91343007212735
"A8","undefined--vi-zus.2025-03-26_17-59-56-000.f_013.de0","49.32575278791285,7.172731755291576,49.327350714671546,7.213275819282444","49.32575278791285,7.172731755291576","WARNING","A8 | Neunkirchen/Spiesen - Kohlhof"," Saarlouis -> Neunkirchen",NA,NA,NA,2025-03-26,"Beginn: 26.03.25 um 17:59 Uhr  Zusammengesetzte Verkehrsinformation, seit 26.03.2025, 17:59 A8: Saarlouis -> Neunkirchen, zwischen 1.5 km hinter AS Neunkirchen/Spiesen und 1.0 km vor Kohlhof  A8 Saarlouis - Neunkirchen zwischen Neunkirchen-Spiesen und Neunkirchen-Oberstadt in beiden Richtungen Bauarbeiten, bis voraussichtlich 01.06.2025",49.3257527879128,7.17273175529158
"A8","undefined--vi-zus.2025-05-14_09-26-56-000.f.de0","49.32628400979037,7.229641516813452,49.329166750017514,7.1882642393148934","49.32628400979037,7.229641516813452","WARNING","A8 | Neunkirchen-Wellesweiler - Neunkirchen/Spiesen"," Neunkirchen -> Saarlouis",NA,NA,NA,2025-05-14,"Beginn: 14.05.25 um 09:26 Uhr  Zusammengesetzte Verkehrsinformation, seit 14.05.2025, 09:26 A8: Neunkirchen -> Saarlouis, zwischen 0.4 km hinter AS Neunkirchen-Wellesweiler und 2.7 km vor AS Neunkirchen/Spiesen  A8 Saarlouis - Neunkirchen zwischen Neunkirchen-Spiesen und Neunkirchen-Oberstadt in beiden Richtungen Bauarbeiten, bis voraussichtlich 01.06.2025",49.3262840097904,7.22964151681345
"A8","undefined--vi-avl.2025-05-19_19-55-03-000.f.de0","48.88449425697122,8.787682830937294,48.86548047692167,8.792136645405796","48.88449425697122,8.787682830937294","WARNING","A8 | Pforzheim - Heimsheim"," Karlsruhe -> Stuttgart",5,"STATIONARY_TRAFFIC","19",2025-05-19,"Beginn: 19.05.25 um 19:55 Uhr  Angespannte Verkehrslage, seit 19.05.2025, 19:55 A8: Karlsruhe -> Stuttgart, zwischen 2.8 km hinter Pforzheim und 7.4 km vor AS Heimsheim  Im Stillstand Reisezeitverlust: 5 Minuten Durchschnittsgeschwindigkeit: 19 km/h",48.8844942569712,8.78768283093729
"A8","undefined--vi-avl.2025-05-19_20-02-30-000.f_002.de0","48.88444051918694,8.787690489535217,48.88444051918694,8.787690489535217","48.88444051918694,8.787690489535217","WARNING","A8 | Pforzheim-Süd - Pforzheim-Süd"," Karlsruhe -> Stuttgart",NA,"STATIONARY_TRAFFIC","19",2025-05-19,"Beginn: 19.05.25 um 20:46 Uhr  Angespannte Verkehrslage, seit 19.05.2025, 20:46 A8: Karlsruhe -> Stuttgart, 0.6 km vor AS Pforzheim-Süd, aus Richtung Pforzheim  Im Stillstand Durchschnittsgeschwindigkeit: 19 km/h",48.8844405191869,8.78769048953522
"A8","undefined--vi-hind.2025-05-19_19-57-00-000.f_002.de0","48.878593700945395,8.788558699999946,48.87880896235229,8.788533567619504","48.878593700945395,8.788558699999946","WARNING","A8 | Heimsheim - Pforzheim"," Stuttgart -> Karlsruhe",NA,NA,NA,2025-05-19,"Beginn: 19.05.25 um 19:57 Uhr  Fahrzeug-Hindernis, seit 19.05.2025, 19:57 A8: Stuttgart -> Karlsruhe, zwischen 8.9 km hinter AS Heimsheim und 3.5 km vor Pforzheim Gefahr durch ein defektes Fahrzeug auf der Fahrbahn",48.8785937009454,8.78855869999995
"A9","undefined--vi-zus.2025-05-19_19-31-30-000.f_001.de0","48.714112498975965,11.483198918899022,48.734219285871525,11.469796445541117","48.714112498975965,11.483198918899022","WARNING","A9 | Neuburg a.d.Donau - Ingolstadt-Süd"," München -> Nürnberg",5,"STATIONARY_TRAFFIC","23",2025-05-19,"Beginn: 19.05.25 um 19:31 Uhr  Zusammengesetzte Verkehrsinformation, seit 19.05.2025, 19:31 A9: München -> Nürnberg, zwischen 0.2 km hinter AS Neuburg a.d.Donau und 2.0 km vor AS Ingolstadt-Süd  Im Stillstand Reisezeitverlust: 5 Minuten Durchschnittsgeschwindigkeit: 23 km/h",48.714112498976,11.483198918899
"A9","undefined--vi-avl.2025-05-19_19-42-30-000.f_001.de0","48.714112498975965,11.483198918899022,48.714112498975965,11.483198918899022","48.714112498975965,11.483198918899022","WARNING","A9 | Ingolstadt-Süd - Ingolstadt-Süd"," München -> Nürnberg",NA,"STATIONARY_TRAFFIC","11",2025-05-19,"Beginn: 19.05.25 um 20:46 Uhr  Angespannte Verkehrslage, seit 19.05.2025, 20:46 A9: München -> Nürnberg, 4.5 km vor AS Ingolstadt-Süd, aus Richtung Neuburg a.d.Donau  Im Stillstand Durchschnittsgeschwindigkeit: 11 km/h",48.714112498976,11.483198918899
"A9","undefined--vi-hind.2025-05-19_19-26-30-000.f_005.de0","49.04304590094484,11.345422000007106,49.16008710094445,11.264411600005957","49.04304590094484,11.345422000007106","WARNING","A9 | Greding - Hilpoltstein"," München -> Nürnberg",NA,NA,NA,2025-05-19,"Beginn: 19.05.25 um 19:26 Uhr  Hindernis, seit 19.05.2025, 19:26 A9: München -> Nürnberg, zwischen 0.3 km hinter AS Greding und 0.2 km vor AS Hilpoltstein  Gefahr durch Gegenstände auf der Fahrbahn",49.0430459009448,11.3454220000071
"A9","undefined--vi-avl.2025-05-19_20-04-33-000.f.de0","50.923639395925534,11.83967843813363,50.940874941771774,11.834972244445611","50.923639395925534,11.83967843813363","WARNING","A9 | Bad Klosterlausnitz - Kuhberg"," Nürnberg -> Halle/Leipzig",0,"SLOW_TRAFFIC","65.4000015258789",2025-05-19,"Beginn: 19.05.25 um 20:04 Uhr  Angespannte Verkehrslage, seit 19.05.2025, 20:04 A9: Nürnberg -> Halle/Leipzig, zwischen 1.4 km hinter AS Bad Klosterlausnitz und 3.1 km vor Kuhberg  Langsamer Verkehr Reisezeitverlust: 0 Minuten Durchschnittsgeschwindigkeit: 65 km/h",50.9236393959255,11.8396784381336
"A9","undefined--vi-avl.2025-05-19_20-46-30-000.f_001.de0","52.27596641591559,12.911360094520834,52.27596641591559,12.911360094520834","52.27596641591559,12.911360094520834","WARNING","A9 | Beelitz-Heilstätten - Beelitz-Heilstätten"," Berlin -> Halle/Leipzig",NA,"STATIONARY_TRAFFIC","12",2025-05-19,"Beginn: 19.05.25 um 20:46 Uhr  Angespannte Verkehrslage, seit 19.05.2025, 20:46 A9: Berlin -> Halle/Leipzig, 0.8 km vor AS Beelitz-Heilstätten, aus Richtung Potsdam  Im Stillstand Durchschnittsgeschwindigkeit: 12 km/h",52.2759664159156,12.9113600945208
"A9","undefined--vi-zus.2025-05-19_20-44-31-000.f.de0","52.27596641591559,12.911360094520834,52.272652234909984,12.910227307968652","52.27596641591559,12.911360094520834","WARNING","A9 | Potsdam - Beelitz-Heilstätten"," Berlin -> Halle/Leipzig",0,"STATIONARY_TRAFFIC","25",2025-05-19,"Beginn: 19.05.25 um 20:44 Uhr  Zusammengesetzte Verkehrsinformation, seit 19.05.2025, 20:44 A9: Berlin -> Halle/Leipzig, zwischen 1.6 km hinter AD Potsdam und 0.4 km vor AS Beelitz-Heilstätten  Im Stillstand Reisezeitverlust: 0 Minuten Durchschnittsgeschwindigkeit: 25 km/h",52.2759664159156,12.9113600945208
"A12","undefined--vi-avl.2025-05-19_16-20-22-000.f_005.de0","52.3155760805876,14.577600847563337,52.31465040151104,14.563713134786033","52.3155760805876,14.577600847563337","WARNING","A12 | Frankfurt(Oder) - Frankfurt(Oder)-Mitte"," Frankfurt(Oder) -> Berliner Ring",3,"SLOW_TRAFFIC","9.899999618530273",2025-05-19,"Beginn: 19.05.25 um 16:20 Uhr  Angespannte Verkehrslage, seit 19.05.2025, 16:20 A12: Frankfurt(Oder) -> Berliner Ring, zwischen Frankfurt(Oder) und 3.1 km vor AS Frankfurt(Oder)-Mitte  Langsamer Verkehr Reisezeitverlust: 3 Minuten Durchschnittsgeschwindigkeit: 9 km/h",52.3155760805876,14.5776008475633
"A12","WarnungA10Lkw3","47.61802931631098,12.202336027754352,47.61802931631098,12.202336027754352","47.61802931631098,12.202336027754352","WARNING","E45/E60 | LKW Blockabfertigung | A12-Inntal Autobahn","Richtung Italien",NA,NA,NA,2025-01-11,"Zeitraum: Beginn: 07.01.2025 Ende: 09.12.2025  Hinweis für LKW-Reisende nach Österreich: LKW-Blockabfertigungen an ausgewählten Tagen für Lkw am Grenzübergang Kufstein/Kiefersfelden. Maximaler Durchlass von 300 LKWs pro Stunde  Die genauen Ausführungszeiten und weitere Informationen auf tirol.gv.at/verkehr/verkehrs-und-seilbahnrecht/lkw-dosierung.",47.618029316311,12.2023360277544
"A12","WarnungA10Lkw2","47.6164490154047,12.202382557672273,47.6164490154047,12.202382557672273","47.6164490154047,12.202382557672273","WARNING","E43/E45/E60 | A13-Brenner Autobahn","Richtung Italien",NA,NA,NA,2025-01-11,"Zeitraum: Beginn: 11.01.2025 Ende: 27.09.2025  Hinweis für LKW-Reisende nach Österreich: LKW-Fahrverbot auf der A12-Inntal Autobahn, A13-Brenner Autobahn und A14-Rheintal/Walgau Autobahn, wenn das Ziel der Fahrt der Anschlussstelle Nößlach bis Anschlussstelle Brenner Nord der Richtungsfahrbahn Staatsgrenze der A 13 Brenner Autobahn erreicht werden soll. An ausgewählten Samstagen 7-15 Uhr sowie weiteren Tagen im Zeitraum 11.01. - 27.09.2025 Weitere Informationen auf http://asfinag.at/a13",47.6164490154047,12.2023825576723
"A14","undefined--vi-hind.2025-05-19_17-17-30-000.f_007.de0","53.15961128935529,11.72789029312949,53.223319900921695,11.615065400008177","53.15961128935529,11.72789029312949","WARNING","A14 | Karstädt - Meynbach"," Wittenberge -> Schwerin",NA,NA,NA,2025-05-19,"Beginn: 19.05.25 um 17:17 Uhr  Hindernis, seit 19.05.2025, 17:17 A14: Wittenberge -> Schwerin, zwischen 0.4 km hinter AS Karstädt und 1.8 km vor Meynbach  Gefahr durch Gegenstände auf der Fahrbahn",53.1596112893553,11.7278902931295
"A14","undefined--vi-hind.2025-05-19_17-22-02-000.f_008.de0","53.15945940092222,11.728050100009963,53.15945940092222,11.728050100009963","53.15945940092222,11.728050100009963","WARNING","A14 | Karstädt - Groß Warnow"," Wittenberge -> Schwerin",NA,NA,NA,2025-05-19,"Beginn: 19.05.25 um 17:22 Uhr  Hindernis, seit 19.05.2025, 17:22 A14: Wittenberge -> Schwerin, zwischen 0.4 km hinter AS Karstädt und 10.4 km vor AS Groß Warnow  Gefahr durch Gegenstände auf der Fahrbahn",53.1594594009222,11.72805010001
"A14","undefined--vi-hind.2025-05-19_18-58-30-000.f_006.de0","51.395197560693504,12.429285991215899,51.36946550360824,12.468784339385058","51.395197560693504,12.429285991215899","WARNING","A14 | Leipzig-Messegelände - Leipzig-Ost"," Halle -> Leipzig",NA,NA,NA,2025-05-19,"Beginn: 19.05.25 um 18:58 Uhr  Fahrzeug-Hindernis, seit 19.05.2025, 18:58 A14: Halle -> Leipzig, zwischen 0.6 km hinter AS Leipzig-Messegelände und 2.3 km vor AS Leipzig-Ost Gefahr durch ein defektes Fahrzeug auf der Fahrbahn",51.3951975606935,12.4292859912159
"A14","undefined--vi-hind.2025-05-19_20-05-00-000.f_002.de0","51.35389910093477,12.496961000040484,51.31944950093496,12.520467400042042","51.35389910093477,12.496961000040484","WARNING","A14 | Leipzig-Ost - Kleinpösna"," Halle -> Nossen",NA,NA,NA,2025-05-19,"Beginn: 19.05.25 um 20:05 Uhr  Fahrzeug-Hindernis, seit 19.05.2025, 20:05 A14: Halle -> Nossen, zwischen 0.3 km hinter AS Leipzig-Ost und 0.1 km vor AS Kleinpösna Gefahr durch ein defektes Fahrzeug auf der Fahrbahn",51.3538991009348,12.4969610000405
"A17","undefined--vi-zus.2025-05-19_20-42-30-000.f.de0","50.82026170094333,13.887384300240237,50.8244130009433,13.887895800240193","50.82026170094333,13.887384300240237","WARNING","A17 | Breitenau-Schönwald - Bad Gottleuba"," Prag -> Dresden",0,"QUEUING_TRAFFIC","42.79999923706055",2025-05-19,"Beginn: 19.05.25 um 20:42 Uhr  Zusammengesetzte Verkehrsinformation, seit 19.05.2025, 20:42 A17: Prag -> Dresden, zwischen 4.5 km hinter Breitenau-Schönwald und 0.8 km vor AS Bad Gottleuba  Stockender Verkehr Reisezeitverlust: 0 Minuten Durchschnittsgeschwindigkeit: 42 km/h",50.8202617009433,13.8873843002402
"A31","undefined--vi-avl.2025-05-19_18-10-06-000.f_001.de0","52.1169689276444,7.086497118105593,52.135186734791155,7.089543852877889","52.1169689276444,7.086497118105593","WARNING","A31 | Averbeck - Gronau/Ochtrup"," Oberhausen -> Gronau",1,"SLOW_TRAFFIC","65.30000305175781",2025-05-19,"Beginn: 19.05.25 um 18:10 Uhr  Angespannte Verkehrslage, seit 19.05.2025, 18:10 A31: Oberhausen -> Gronau, zwischen 1.4 km hinter Averbeck und 6.6 km vor AS Gronau/Ochtrup  Langsamer Verkehr Reisezeitverlust: 1 Minuten Durchschnittsgeschwindigkeit: 65 km/h",52.1169689276444,7.08649711810559
"A40","undefined--vi-hind.2025-05-19_20-44-00-000.f.de0","51.496297293741314,7.194394734678487,51.49748670093341,7.2059057999981","51.496297293741314,7.194394734678487","WARNING","A40 | Bochum-Hamme - Bochum-Zentrum"," Essen -> Dortmund",NA,NA,NA,2025-05-19,"Beginn: 19.05.25 um 20:44 Uhr  Fahrzeug-Hindernis, seit 19.05.2025, 20:44 A40: Essen -> Dortmund, zwischen 0.4 km hinter AS Bochum-Hamme und 0.4 km vor AS Bochum-Zentrum Gefahr durch ein defektes Fahrzeug auf der Fahrbahn",51.4962972937413,7.19439473467849
"A43","undefined--vi-avl.2025-05-19_18-36-12-000.f_002.de0","51.891392767219855,7.372482224160206,51.90127258378094,7.38709011567128","51.891392767219855,7.372482224160206","WARNING","A43 | Karthaus - Nottuln"," Recklinghausen -> Münster",0,"SLOW_TRAFFIC","62.5",2025-05-19,"Beginn: 19.05.25 um 18:36 Uhr  Angespannte Verkehrslage, seit 19.05.2025, 18:36 A43: Recklinghausen -> Münster, zwischen 2.1 km hinter Karthaus und 1.5 km vor AS Nottuln  Langsamer Verkehr Reisezeitverlust: 0 Minuten Durchschnittsgeschwindigkeit: 62 km/h",51.8913927672199,7.37248222416021
"A44","undefined--vi-avl.2025-05-19_20-10-30-000.f_005.de0","51.53193208962367,7.821634935509236,51.53323805512703,7.854588665975875","51.53193208962367,7.821634935509236","WARNING","A44 | Buchenhain - Am Haarstrang"," Dortmund -> Kassel",1,"SLOW_TRAFFIC","54.70000076293945",2025-05-19,"Beginn: 19.05.25 um 20:10 Uhr  Angespannte Verkehrslage, seit 19.05.2025, 20:10 A44: Dortmund -> Kassel, zwischen 2.2 km hinter Buchenhain und 0.4 km vor Am Haarstrang  Langsamer Verkehr Reisezeitverlust: 1 Minuten Durchschnittsgeschwindigkeit: 54 km/h",51.5319320896237,7.82163493550924
"A44","undefined--vi-avl.2025-05-19_20-42-30-000.f.de0","51.57665168929586,8.23157053182596,51.57203781213761,8.21266835887206","51.57665168929586,8.23157053182596","WARNING","A44 | Völlinghauser Flur - Lohner Klei"," Kassel -> Dortmund",0,"SLOW_TRAFFIC","68.80000305175781",2025-05-19,"Beginn: 19.05.25 um 20:42 Uhr  Angespannte Verkehrslage, seit 19.05.2025, 20:42 A44: Kassel -> Dortmund, zwischen 3.3 km hinter Völlinghauser Flur und 0.7 km vor Lohner Klei  Langsamer Verkehr Reisezeitverlust: 0 Minuten Durchschnittsgeschwindigkeit: 68 km/h",51.5766516892959,8.23157053182596
"A44","undefined--vi-avl.2025-05-19_18-43-50-000.f_001.de0","51.528573717541875,8.905498134433655,51.53443749190906,8.89220564110819","51.528573717541875,8.905498134433655","WARNING","A44 | Marsberg - Blankenrode"," Kassel -> Dortmund",0,"SLOW_TRAFFIC","47.900001525878906",2025-05-19,"Beginn: 19.05.25 um 20:25 Uhr  Angespannte Verkehrslage, seit 19.05.2025, 20:25 A44: Kassel -> Dortmund, zwischen 4.2 km hinter AS Marsberg und 1.5 km vor Blankenrode  Langsamer Verkehr Reisezeitverlust: 0 Minuten Durchschnittsgeschwindigkeit: 47 km/h",51.5285737175419,8.90549813443366
"A45","undefined--vi-avl.2025-05-19_20-18-30-000.f_001.de0","50.55304331748907,8.564698813440481,50.56375210983393,8.552066278449361","50.55304331748907,8.564698813440481","WARNING","A45 | Gießen-Lützellinden - Wetzlar-Ost"," Aschaffenburg -> Hagen",0,"SLOW_TRAFFIC","80.9000015258789",2025-05-19,"Beginn: 19.05.25 um 20:18 Uhr  Angespannte Verkehrslage, seit 19.05.2025, 20:18 A45: Aschaffenburg -> Hagen, zwischen 3.8 km hinter AS Gießen-Lützellinden und 0.9 km vor AS Wetzlar-Ost  Langsamer Verkehr Reisezeitverlust: 0 Minuten Durchschnittsgeschwindigkeit: 80 km/h",50.5530433174891,8.56469881344048
"A45","undefined--vi-unf.2025-05-19_20-10-30-000.f.de0","50.74271750093761,8.258997799999774,50.68061077222969,8.284351590250493","50.74271750093761,8.258997799999774","WARNING","A45 | Schlierberg - Herborn-West"," Hagen -> Gießen",NA,NA,NA,2025-05-19,"Beginn: 19.05.25 um 20:10 Uhr  Unfall, seit 19.05.2025, 20:10 A45: Hagen -> Gießen, zwischen 1.8 km hinter Schlierberg und 0.4 km vor AS Herborn-West",50.7427175009376,8.25899779999977
"A59","undefined--vi-hind.2025-05-19_20-33-00-000.f_001.de0","50.889311500936856,7.092703699997522,50.88200493018122,7.094231456684229","50.889311500936856,7.092703699997522","WARNING","A59 | Schloß Röttgen - Köln-Wahn"," Köln -> Bonn",NA,NA,NA,2025-05-19,"Beginn: 19.05.25 um 20:33 Uhr  Hindernis, seit 19.05.2025, 20:33 A59: Köln -> Bonn, zwischen 1.1 km hinter Schloß Röttgen und 2.6 km vor AS Köln-Wahn  Gefahr durch eine ungesicherte Unfallstelle",50.8893115009369,7.09270369999752
"A60","undefined--vi-zus.2025-04-08_08-51-21-000.f_013.de0","49.98125533976677,8.345695317688524,49.97565770865279,8.441396718063045","49.98125533976677,8.345695317688524","WARNING","A60 | Mainspitz-Dreieck - Rüsselsheimer Dreieck"," Mainz -> Rüsselsheim",NA,NA,NA,2025-04-08,"Beginn: 08.04.25 um 08:51 Uhr  Zusammengesetzte Verkehrsinformation, seit 08.04.2025, 08:51 A60: Mainz -> Rüsselsheim, zwischen 0.5 km hinter AD Mainspitz-Dreieck und 2.2 km vor AD Rüsselsheimer Dreieck  Sperrung der A60 bei Königstädten – Grundhafte Fahrbahnerneuerung zwischen dem Rüsselsheimer Dreieck und dem Mainspitz Dreieck. Die Niederlassung West der Autobahn GmbH erneuert zwischen dem Rüsselsheimer Dreieck (30) und dem Mainspitz Dreieck (26) die Fahrbahn. Von Donnerstagmorgen (24. April) bis Mitte Juli wird die Anschlussstelle (AS) Königstädten (29) in Fahrtrichtung (FR) Mainz sowie in FR Rüsselsheimer Dreieck gesperrt. Umleitungsmöglichkeiten sind ausgeschildert: • Ausfahrt FR Mainz: Umleitung via AS Rüsselsheim-Mitte • Einfahrt FR Mainz: innerstädtische Umleitung zur AS Rüsselsheim-Mitte (Adam-Opel-Straße / Kurt-Schumacher-Ring), von Nauheim kommend via L3482 zur AS Bischofsheim • Einfahrt FR Darmstadt: innerstädtische Umleitung zur AS Rüsselsheim-Mitte (Adam-Opel-Straße / Kurt-Schumacher-Ring) Die Autobahn GmbH bittet alle Verkehrsteilnehmer um Verständnis für die unvermeidlichen Verkehrsbehinderungen, die durch die Arbeiten entstehen.",49.9812553397668,8.34569531768852
"A60","undefined--vi-zus.2025-05-03_10-55-00-000.f_003.de0","49.977457399447445,8.454646346787307,49.981587265039146,8.34517285786785","49.977457399447445,8.454646346787307","WARNING","A60 | Rüsselsheimer Dreieck - Mainspitz-Dreieck"," Rüsselsheim -> Mainz",NA,NA,NA,2025-05-03,"Beginn: 03.05.25 um 10:55 Uhr  Zusammengesetzte Verkehrsinformation, seit 03.05.2025, 10:55 A60: Rüsselsheim -> Mainz, zwischen 0.6 km hinter AD Rüsselsheimer Dreieck und 0.5 km vor AD Mainspitz-Dreieck  Sperrung der A60 bei Königstädten – Grundhafte Fahrbahnerneuerung zwischen dem Rüsselsheimer Dreieck und dem Mainspitz Dreieck. Die Niederlassung West der Autobahn GmbH erneuert zwischen dem Rüsselsheimer Dreieck (30) und dem Mainspitz Dreieck (26) die Fahrbahn. Von Donnerstagmorgen (24. April) bis Mitte Juli wird die Anschlussstelle (AS) Königstädten (29) in Fahrtrichtung (FR) Mainz sowie in FR Rüsselsheimer Dreieck gesperrt. Umleitungsmöglichkeiten sind ausgeschildert: • Ausfahrt FR Mainz: Umleitung via AS Rüsselsheim-Mitte • Einfahrt FR Mainz: innerstädtische Umleitung zur AS Rüsselsheim-Mitte (Adam-Opel-Straße / Kurt-Schumacher-Ring), von Nauheim kommend via L3482 zur AS Bischofsheim • Einfahrt FR Darmstadt: innerstädtische Umleitung zur AS Rüsselsheim-Mitte (Adam-Opel-Straße / Kurt-Schumacher-Ring) Die Autobahn GmbH bittet alle Verkehrsteilnehmer um Verständnis für die unvermeidlichen Verkehrsbehinderungen, die durch die Arbeiten entstehen.",49.9774573994474,8.45464634678731
"A61","undefined--vi-hind.2025-05-19_18-10-40-000.f_006.de0","50.714875900937756,6.898608699996218,50.744148554507504,6.866387432481455","50.714875900937756,6.898608699996218","WARNING","A61 | Miel - Weilerswist"," Koblenz -> Mönchengladbach",NA,NA,NA,2025-05-19,"Beginn: 19.05.25 um 18:10 Uhr  Hindernis, seit 19.05.2025, 18:10 A61: Koblenz -> Mönchengladbach, zwischen 4.9 km hinter AS Miel und 0.5 km vor AS Weilerswist  Gefahr durch Gegenstände auf der Fahrbahn",50.7148759009378,6.89860869999622
"A63","undefined--vi-avl.2025-05-19_20-23-30-000.f_005.de0","49.96103194677167,8.234986221215724,49.927718292742846,8.198643916942684","49.96103194677167,8.234986221215724","WARNING","A63 | Mainz-Süd - Nieder-Olm-Nord"," Mainz -> Kaiserslautern",1,"SLOW_TRAFFIC","65",2025-05-19,"Beginn: 19.05.25 um 20:23 Uhr  Angespannte Verkehrslage, seit 19.05.2025, 20:23 A63: Mainz -> Kaiserslautern, zwischen 0.5 km hinter AK Mainz-Süd und 1.6 km vor AS Nieder-Olm-Nord  Langsamer Verkehr Reisezeitverlust: 1 Minuten Durchschnittsgeschwindigkeit: 65 km/h",49.9610319467717,8.23498622121572
"A70","undefined--vi-hind.2025-05-19_20-41-30-000.f_001.de0","49.92280591451336,10.898754767881082,49.927029800941455,10.912612100002635","49.92280591451336,10.898754767881082","WARNING","A70 | Hallstadt - Bamberg"," Schweinfurt/Werneck -> Bamberg",NA,NA,NA,2025-05-19,"Beginn: 19.05.25 um 20:41 Uhr  Fahrzeug-Hindernis, seit 19.05.2025, 20:41 A70: Schweinfurt/Werneck -> Bamberg, zwischen 1.7 km hinter AS Hallstadt und 0.4 km vor AK Bamberg",49.9228059145134,10.8987547678811
"A70","undefined--vi-avl.2025-05-19_20-50-32-000.f_003.de0","49.98373415564763,11.071500991554267,49.98343608646622,11.093610412356409","49.98373415564763,11.071500991554267","WARNING","A70 | Scheßlitz - Roßdorf am Berg"," Bamberg -> Bayreuth",0,"SLOW_TRAFFIC","66.69999694824219",2025-05-19,"Beginn: 19.05.25 um 20:50 Uhr  Angespannte Verkehrslage, seit 19.05.2025, 20:50 A70: Bamberg -> Bayreuth, zwischen 1.9 km hinter AS Scheßlitz und 2.0 km vor AS Roßdorf am Berg  Langsamer Verkehr Reisezeitverlust: 0 Minuten Durchschnittsgeschwindigkeit: 66 km/h",49.9837341556476,11.0715009915543
"A73","undefined--vi-hind.2025-05-19_20-04-00-000.f_004.de0","50.060911520286695,10.968516752666188,50.05970000094087,10.967126400002948","50.060911520286695,10.968516752666188","WARNING","A73 | Bad Staffelstein - Ebensfeld"," Suhl -> Bamberg",NA,NA,NA,2025-05-19,"Beginn: 19.05.25 um 20:04 Uhr  Hindernis, seit 19.05.2025, 20:04 A73: Suhl -> Bamberg, zwischen 4.6 km hinter AS Bad Staffelstein und 0.1 km vor AS Ebensfeld  Gefahr durch eine ungesicherte Unfallstelle",50.0609115202867,10.9685167526662
"A81","undefined--vi-hind.2025-05-19_20-49-00-000.f_001.de0","48.949665949089265,9.203064875325822,48.95087059593913,9.20514821361841","48.949665949089265,9.203064875325822","WARNING","A81 | Ludwigsburg-Nord - Pleidelsheim"," Stuttgart -> Heilbronn",NA,NA,NA,2025-05-19,"Beginn: 19.05.25 um 20:49 Uhr  Fahrzeug-Hindernis, seit 19.05.2025, 20:49 A81: Stuttgart -> Heilbronn, zwischen 4.8 km hinter AS Ludwigsburg-Nord und 1.3 km vor AS Pleidelsheim Gefahr durch ein defektes Fahrzeug auf der Fahrbahn",48.9496659490893,9.20306487532582
"A93","undefined--vi-hind.2025-05-19_18-01-32-000.f_008.de0","50.18281344428663,12.121603114014386,50.18101562488324,12.122123974984158","50.18281344428663,12.121603114014386","WARNING","A93 | Schönwald - Selb-Nord"," Hof -> Weiden",NA,NA,NA,2025-05-19,"Beginn: 19.05.25 um 18:01 Uhr  Fahrzeug-Hindernis, seit 19.05.2025, 18:01 A93: Hof -> Weiden, zwischen 5.5 km hinter AS Schönwald und 0.1 km vor AS Selb-Nord",50.1828134442866,12.1216031140144
"A96","undefined--vi-avl.2025-05-19_20-08-00-000.f.de0","48.032390511442394,10.659387995076054,48.02733237577392,10.680846155243835","48.032390511442394,10.659387995076054","WARNING","A96 | Wertachtal - Buchloe-West"," Lindau -> München",0,"SLOW_TRAFFIC","64.69999694824219",2025-05-19,"Beginn: 19.05.25 um 20:08 Uhr  Angespannte Verkehrslage, seit 19.05.2025, 20:08 A96: Lindau -> München, zwischen 0.3 km hinter Wertachtal und 2.2 km vor AS Buchloe-West  Langsamer Verkehr Reisezeitverlust: 0 Minuten Durchschnittsgeschwindigkeit: 64 km/h",48.0323905114424,10.6593879950761
"A113","undefined--vi-zus.2025-05-06_00-21-00-000.f_002.de0","52.431770300930815,13.501964500120101,52.420514923982736,13.521858832895003","52.431770300930815,13.501964500120101","WARNING","A113 | Stubenrauchstraße - Rudower Höhe"," Neukölln -> Schönefeld",NA,NA,NA,2025-05-06,"Beginn: 06.05.25 um 00:21 Uhr  Zusammengesetzte Verkehrsinformation, seit 06.05.2025, 00:21 A113: Neukölln -> Schönefeld, zwischen 0.3 km hinter AS Stubenrauchstraße und Rudower Höhe  A113 Autobahnzubringer Dresden, Neukölln Richtung Schönefeld
zwischen Stubenrauchstraße und Tunnel Rudower Höhe
linker Fahrstreifen gesperrt, Bauarbeiten, bis voraussichtlich 20.06.2025",52.4317703009308,13.5019645001201
"A115","undefined--vi-zus.2024-10-09_07-09-40-000.f_531.de0","52.40027056808641,13.185163736426698,52.44227384698058,13.202709435405149","52.40027056808641,13.185163736426698","WARNING","A115 | Am Stern - Hüttenweg"," Dreieck Nuthetal -> Dreieck Funkturm",NA,NA,NA,2024-10-09,"Beginn: 09.10.24 um 07:09 Uhr  Zusammengesetzte Verkehrsinformation, seit 09.10.2024, 07:09 A115: Dreieck Nuthetal -> Dreieck Funkturm, zwischen 2.9 km hinter Am Stern und 3.8 km vor AS Hüttenweg  A115 Autobahnzubringer Magdeburg, Dreieck Nuthetal Richtung Dreieck Funkturm, zwischen Anschlussstelle Kleinmachnow und Anschlussstelle Spanische Allee, Baustelle, bis 31.10.2026 17:00 Uhr",52.4002705680864,13.1851637364267
