"road","identifier","extent","point","display_type","title","subtitle","delay_minutes","abnormalTrafficType","averageSpeed","startTimestamp","description","latitude","longitude"
"A1","undefined--vi-zus.2025-05-24_17-07-38-000.f.de0","50.82720729130976,6.78661656387671,50.85269977087939,6.804601196334652","50.82720729130976,6.78661656387671","WARNING","A1 | Erfttal - Ville"," Euskirchen -> Köln",8,"STATIONARY_TRAFFIC","18.799999237060547",2025-05-24,"Beginn: 24.05.25 um 17:07 Uhr  Zusammengesetzte Verkehrsinformation, seit 24.05.2025, 17:07 A1: Euskirchen -> Köln, zwischen 1.2 km hinter AD Erfttal und 0.6 km vor Ville  Im Stillstand Reisezeitverlust: 8 Minuten Durchschnittsgeschwindigkeit: 18 km/h",50.8272072913098,6.78661656387671
"A1","undefined--vi-unf.2025-05-24_16-04-09-000.f_004.de0","50.847022024651544,6.802675735566929,50.85854518575431,6.805493477221137","50.847022024651544,6.802675735566929","WARNING","A1 | Erfttal - Gleuel"," Euskirchen -> Köln",NA,NA,NA,2025-05-24,"Beginn: 24.05.25 um 16:04 Uhr  Unfall, seit 24.05.2025, 16:04 A1: Euskirchen -> Köln, zwischen 3.7 km hinter AD Erfttal und 3.8 km vor AS Gleuel",50.8470220246515,6.80267573556693
"A1","undefined--vi-avl.2025-05-24_17-17-19-000.f_006.de0","50.82724111096881,6.786635860922679,50.82724111096881,6.786635860922679","50.82724111096881,6.786635860922679","WARNING","A1 | Hürth - Hürth"," Euskirchen -> Köln",NA,"STATIONARY_TRAFFIC","18",2025-05-24,"Beginn: 24.05.25 um 17:32 Uhr  Angespannte Verkehrslage, seit 24.05.2025, 17:32 A1: Euskirchen -> Köln, 2.6 km vor AS Hürth, aus Richtung Erfttal  Im Stillstand Durchschnittsgeschwindigkeit: 18 km/h",50.8272411109688,6.78663586092268
"A1","undefined--vi-unf.2025-05-24_17-02-48-000.f.de0","50.937644000936594,6.849202299995861,50.9310530838897,6.848420194238669","50.937644000936594,6.849202299995861","WARNING","A1 | Lövenich - Köln-West"," Köln -> Euskirchen",NA,NA,NA,2025-05-24,"Beginn: 24.05.25 um 17:02 Uhr  Unfall, seit 24.05.2025, 17:02 A1: Köln -> Euskirchen, zwischen Lövenich und 0.6 km vor AK Köln-West",50.9376440009366,6.84920229999586
"A1","undefined--vi-avl.2025-05-24_16-58-13-000.f_001.de0","50.98209983912435,6.853650715050414,50.98209983912435,6.853650715050414","50.98209983912435,6.853650715050414","WARNING","A1 | Köln-Bocklemünd - Köln-Bocklemünd"," Köln -> Euskirchen",NA,"STATIONARY_TRAFFIC","6",2025-05-24,"Beginn: 24.05.25 um 17:32 Uhr  Angespannte Verkehrslage, seit 24.05.2025, 17:32 A1: Köln -> Euskirchen, 0.5 km vor AS Köln-Bocklemünd, aus Richtung Köln-Nord  Im Stillstand Durchschnittsgeschwindigkeit: 6 km/h",50.9820998391244,6.85365071505041
"A1","undefined--vi-avl.2025-05-24_16-55-51-000.f_002.de0","50.98220109740166,6.853742992339309,50.947786407283466,6.849497542828656","50.98220109740166,6.853742992339309","WARNING","A1 | Köln-Nord - Köln-Lövenich"," Köln -> Euskirchen",20,"STATIONARY_TRAFFIC","10.5",2025-05-24,"Beginn: 24.05.25 um 16:55 Uhr  Angespannte Verkehrslage, seit 24.05.2025, 16:55 A1: Köln -> Euskirchen, zwischen 3.1 km hinter AK Köln-Nord und 1.1 km vor AS Köln-Lövenich  Im Stillstand Reisezeitverlust: 20 Minuten Durchschnittsgeschwindigkeit: 10 km/h",50.9822010974017,6.85374299233931
"A1","undefined--vi-avl.2025-05-24_17-26-33-000.f_001.de0","51.01463196938358,6.921363858377649,51.00133485050678,6.901047726118861","51.01463196938358,6.921363858377649","WARNING","A1 | Köln-Niehl - Köln-Nord"," Dortmund -> Euskirchen",1,"SLOW_TRAFFIC","46.5",2025-05-24,"Beginn: 24.05.25 um 17:26 Uhr  Angespannte Verkehrslage, seit 24.05.2025, 17:26 A1: Dortmund -> Euskirchen, zwischen 1.8 km hinter AS Köln-Niehl und 0.9 km vor AK Köln-Nord  Langsamer Verkehr Reisezeitverlust: 1 Minuten Durchschnittsgeschwindigkeit: 46 km/h",51.0146319693836,6.92136385837765
"A1","undefined--vi-avl.2025-05-24_17-03-42-000.f.de0","51.03410704545619,6.961007540298127,51.03755417204966,6.9851675846283765","51.03410704545619,6.961007540298127","WARNING","A1 | Leverkusener Brücke - Leverkusen"," Köln -> Dortmund",3,"QUEUING_TRAFFIC","24.799999237060547",2025-05-24,"Beginn: 24.05.25 um 17:03 Uhr  Angespannte Verkehrslage, seit 24.05.2025, 17:03 A1: Köln -> Dortmund, zwischen Leverkusener Brücke und 1.7 km vor AK Leverkusen  Stockender Verkehr Reisezeitverlust: 3 Minuten Durchschnittsgeschwindigkeit: 24 km/h",51.0341070454562,6.96100754029813
"A1","undefined--vi-avl.2025-05-24_17-28-19-000.f_008.de0","51.03409513031274,6.960986184477527,51.03409513031274,6.960986184477527","51.03409513031274,6.960986184477527","WARNING","A1 | Leverkusen-West - Leverkusen-West"," Köln -> Dortmund",NA,"QUEUING_TRAFFIC","18",2025-05-24,"Beginn: 24.05.25 um 17:32 Uhr  Angespannte Verkehrslage, seit 24.05.2025, 17:32 A1: Köln -> Dortmund, 0.3 km vor AK Leverkusen-West, aus Richtung Leverkusener Brücke  Stockender Verkehr Durchschnittsgeschwindigkeit: 18 km/h",51.0340951303127,6.96098618447753
"A1","undefined--vi-hind.2025-05-24_16-55-51-000.f_003.de0","51.05765841931279,7.0597349380720145,51.058594818985696,7.061828599337027","51.05765841931279,7.0597349380720145","WARNING","A1 | Leverkusen - Burscheid"," Köln -> Dortmund",NA,NA,NA,2025-05-24,"Beginn: 24.05.25 um 16:55 Uhr  Fahrzeug-Hindernis, seit 24.05.2025, 16:55 A1: Köln -> Dortmund, zwischen 4.1 km hinter AK Leverkusen und 5.8 km vor AS Burscheid Gefahr durch ein defektes Fahrzeug auf der Fahrbahn",51.0576584193128,7.05973493807201
"A1","undefined--vi-avl.2025-05-24_09-12-30-000.f_006.de0","53.03362365244421,8.92031968422272,53.03362365244421,8.92031968422272","53.03362365244421,8.92031968422272","WARNING","A1 | Bremen-Hemelingen - Bremen-Hemelingen"," Bremen -> Osnabrück",NA,"QUEUING_TRAFFIC","29",2025-05-24,"Beginn: 24.05.25 um 17:32 Uhr  Angespannte Verkehrslage, seit 24.05.2025, 17:32 A1: Bremen -> Osnabrück, 2.4 km vor AS Bremen-Hemelingen, aus Richtung Mahndorfer Marsch  Stockender Verkehr Durchschnittsgeschwindigkeit: 29 km/h",53.0336236524442,8.92031968422272
"A1","undefined--vi-avl.2025-05-24_08-54-30-000.f_004.de0","53.03362365244421,8.92031968422272,53.031460453437994,8.864211532227444","53.03362365244421,8.92031968422272","WARNING","A1 | Mahndorfer Marsch - Bremen-Arsten"," Bremen -> Osnabrück",6,"QUEUING_TRAFFIC","28.899999618530273",2025-05-24,"Beginn: 24.05.25 um 08:54 Uhr  Angespannte Verkehrslage, seit 24.05.2025, 08:54 A1: Bremen -> Osnabrück, zwischen 1.8 km hinter Mahndorfer Marsch und 0.4 km vor AS Bremen-Arsten  Stockender Verkehr Reisezeitverlust: 6 Minuten Durchschnittsgeschwindigkeit: 28 km/h",53.0336236524442,8.92031968422272
"A1","undefined--vi-avl.2025-05-24_17-28-19-000.f_002.de0","53.99524066164498,10.732316897250156,53.99524066164498,10.732316897250156","53.99524066164498,10.732316897250156","WARNING","A1 | Ratekau - Ratekau"," Fehmarn -> Lübeck",NA,"QUEUING_TRAFFIC","25",2025-05-24,"Beginn: 24.05.25 um 17:32 Uhr  Angespannte Verkehrslage, seit 24.05.2025, 17:32 A1: Fehmarn -> Lübeck, 5.4 km vor AS Ratekau, aus Richtung Pansdorf  Stockender Verkehr Durchschnittsgeschwindigkeit: 25 km/h",53.995240661645,10.7323168972502
"A1","undefined--vi-avl.2025-05-24_17-09-10-000.f_002.de0","53.99524066164498,10.732316897250156,53.964774393930206,10.737309613331046","53.99524066164498,10.732316897250156","WARNING","A1 | Pansdorf - Ratekau"," Fehmarn -> Lübeck",4,"QUEUING_TRAFFIC","29.700000762939453",2025-05-24,"Beginn: 24.05.25 um 17:09 Uhr  Angespannte Verkehrslage, seit 24.05.2025, 17:09 A1: Fehmarn -> Lübeck, zwischen 1.2 km hinter AS Pansdorf und 1.9 km vor AS Ratekau  Stockender Verkehr Reisezeitverlust: 4 Minuten Durchschnittsgeschwindigkeit: 29 km/h",53.995240661645,10.7323168972502
"A1","undefined--vi-avl.2025-05-24_17-14-19-000.f.de0","54.05781423262742,10.740864481005236,54.042770754764625,10.728462620217893","54.05781423262742,10.740864481005236","WARNING","A1 | Neustädter Bucht - Scharbeutz"," Fehmarn -> Lübeck",1,"SLOW_TRAFFIC","50.599998474121094",2025-05-24,"Beginn: 24.05.25 um 17:14 Uhr  Angespannte Verkehrslage, seit 24.05.2025, 17:14 A1: Fehmarn -> Lübeck, zwischen 1.7 km hinter Neustädter Bucht und 0.9 km vor AS Scharbeutz  Langsamer Verkehr Reisezeitverlust: 1 Minuten Durchschnittsgeschwindigkeit: 50 km/h",54.0578142326274,10.7408644810052
"A2","undefined--vi-avl.2025-05-24_11-40-46-000.f_005.de0","51.55641477099226,6.931564804007917,51.53914811246671,6.8741928317011665","51.55641477099226,6.931564804007917","WARNING","A2 | Gladbeck-Ellinghorst - Oberhausen-Königshardt"," Dortmund -> Oberhausen",4,"QUEUING_TRAFFIC","35.400001525878906",2025-05-24,"Beginn: 24.05.25 um 11:40 Uhr  Angespannte Verkehrslage, seit 24.05.2025, 11:40 A2: Dortmund -> Oberhausen, zwischen 2.4 km hinter AS Gladbeck-Ellinghorst und 0.3 km vor AS Oberhausen-Königshardt  Stockender Verkehr Reisezeitverlust: 4 Minuten Durchschnittsgeschwindigkeit: 35 km/h",51.5564147709923,6.93156480400792
"A2","undefined--vi-hind.2025-05-24_16-35-02-000.f_002.de0","51.710713765049555,7.978911983243608,51.710713765049555,7.978911983243608","51.710713765049555,7.978911983243608","WARNING","A2 | Hamm-Uentrop - Stettin"," Dortmund -> Hannover",NA,NA,NA,2025-05-24,"Beginn: 24.05.25 um 16:35 Uhr  Fahrzeug-Hindernis, seit 24.05.2025, 16:35 A2: Dortmund -> Hannover, zwischen 1.9 km hinter AS Hamm-Uentrop und 1.3 km vor Stettin Gefahr durch ein defektes Fahrzeug auf der Fahrbahn",51.7107137650496,7.97891198324361
"A2","undefined--vi-hind.2025-05-24_17-03-15-000.f_003.de0","52.05795270018926,8.65935279021611,52.05795270018926,8.65935279021611","52.05795270018926,8.65935279021611","WARNING","A2 | Brönninghausen - Lipperland"," Dortmund -> Hannover",NA,NA,NA,2025-05-24,"Beginn: 24.05.25 um 17:03 Uhr  Hindernis, seit 24.05.2025, 17:03 A2: Dortmund -> Hannover, zwischen 4.7 km hinter Brönninghausen und 1.6 km vor Lipperland  Gefahr durch Gegenstände auf der Fahrbahn",52.0579527001893,8.65935279021611
"A2","undefined--vi-hind.2025-05-24_16-50-50-000.f_006.de0","52.306082737219576,9.374059002382069,52.306082737219576,9.374059002382069","52.306082737219576,9.374059002382069","WARNING","A2 | Lauenau - Bad Nenndorf"," Dortmund -> Hannover",NA,NA,NA,2025-05-24,"Beginn: 24.05.25 um 16:50 Uhr  Fahrzeug-Hindernis, seit 24.05.2025, 16:50 A2: Dortmund -> Hannover, zwischen 3.2 km hinter AS Lauenau und 3.8 km vor AS Bad Nenndorf Gefahr durch ein defektes Fahrzeug auf der Fahrbahn",52.3060827372196,9.37405900238207
"A3","undefined--vi-hind.2025-05-24_17-06-14-000.f_001.de0","49.079840617593575,11.903242796410433,49.08136905302442,11.902577521131565","49.079840617593575,11.903242796410433","WARNING","A3 | Riedtal - Laaber"," Passau -> Nürnberg",NA,NA,NA,2025-05-24,"Beginn: 24.05.25 um 17:06 Uhr  Fahrzeug-Hindernis, seit 24.05.2025, 17:06 A3: Passau -> Nürnberg, zwischen 4.5 km hinter Riedtal und 1.5 km vor AS Laaber Gefahr durch ein defektes Fahrzeug auf der Fahrbahn",49.0798406175936,11.9032427964104
"A3","undefined--vi-unf.2025-05-24_16-30-11-000.f_005.de0","49.90522330094155,9.375256600000094,49.93592120094143,9.34747840000009","49.90522330094155,9.375256600000094","WARNING","A3 | Rohrbrunn - Weibersbrunn"," Würzburg -> Frankfurt",NA,NA,NA,2025-05-24,"Beginn: 24.05.25 um 16:30 Uhr  Unfall, seit 24.05.2025, 16:30 A3: Würzburg -> Frankfurt, zwischen 1.4 km hinter AS Rohrbrunn und 0.3 km vor AS Weibersbrunn",49.9052233009416,9.37525660000009
"A3","undefined--vi-hind.2025-05-24_16-55-14-000.f_006.de0","50.05332140846633,8.596573278163714,50.04670700094095,8.543833699999876","50.05332140846633,8.596573278163714","WARNING","A3 | Frankfurter Kreuz - Mönchhof-Dreieck"," Frankfurt -> Köln",NA,NA,NA,2025-05-24,"Beginn: 24.05.25 um 16:55 Uhr  Hindernis, seit 24.05.2025, 16:55 A3: Frankfurt -> Köln, zwischen 0.5 km hinter AK Frankfurter Kreuz und 4.3 km vor AD Mönchhof-Dreieck  Gefahr durch Personen auf der Fahrbahn",50.0533214084663,8.59657327816371
"A3","undefined--vi-hind.2025-05-24_16-55-14-000.f_005.de0","50.029076825397695,8.500133144251466,50.05317538916536,8.596489796421661","50.029076825397695,8.500133144251466","WARNING","A3 | Mönchhof-Dreieck - Frankfurter Kreuz"," Köln -> Frankfurt",NA,NA,NA,2025-05-24,"Beginn: 24.05.25 um 16:55 Uhr  Hindernis, seit 24.05.2025, 16:55 A3: Köln -> Frankfurt, zwischen 0.6 km hinter AD Mönchhof-Dreieck und 0.5 km vor AK Frankfurter Kreuz  Gefahr durch Personen auf der Fahrbahn  Gefahr durch Gegenstände auf der Fahrbahn",50.0290768253977,8.50013314425147
"A3","undefined--vi-hind.2025-05-24_17-21-42-000.f.de0","50.026574740365845,8.476792215978895,50.025623715445036,8.482834480024932","50.026574740365845,8.476792215978895","WARNING","A3 | Raunheim - Mönchhof-Dreieck"," Köln -> Frankfurt",NA,NA,NA,2025-05-24,"Beginn: 24.05.25 um 17:21 Uhr  Hindernis, seit 24.05.2025, 17:21 A3: Köln -> Frankfurt, zwischen AS Raunheim und 0.7 km vor AD Mönchhof-Dreieck  Gefahr durch eine ungesicherte Unfallstelle  Gefahr durch Gegenstände auf der Fahrbahn",50.0265747403658,8.47679221597889
"A3","undefined--vi-avl.2025-05-24_17-31-20-000.f_001.de0","50.67531046400808,7.294344996802315,50.68137652164593,7.279691987980354","50.67531046400808,7.294344996802315","WARNING","A3 | Logebachtal - Siebengebirge"," Frankfurt -> Köln",0,"SLOW_TRAFFIC","54.70000076293945",2025-05-24,"Beginn: 24.05.25 um 17:31 Uhr  Angespannte Verkehrslage, seit 24.05.2025, 17:31 A3: Frankfurt -> Köln, zwischen 0.2 km hinter Logebachtal und 0.6 km vor AS Siebengebirge  Langsamer Verkehr Reisezeitverlust: 0 Minuten Durchschnittsgeschwindigkeit: 54 km/h",50.6753104640081,7.29434499680232
"A3","undefined--vi-avl.2025-05-24_16-42-44-000.f.de0","50.95963375122914,7.034124325658761,50.970434077022006,7.030000029848822","50.95963375122914,7.034124325658761","WARNING","A3 | Köln-Ost - Köln-Mülheim"," Frankfurt -> Oberhausen",1,"SLOW_TRAFFIC","42.29999923706055",2025-05-24,"Beginn: 24.05.25 um 16:42 Uhr  Angespannte Verkehrslage, seit 24.05.2025, 16:42 A3: Frankfurt -> Oberhausen, zwischen 0.8 km hinter AK Köln-Ost und 1.8 km vor AS Köln-Mülheim  Langsamer Verkehr Reisezeitverlust: 1 Minuten Durchschnittsgeschwindigkeit: 42 km/h",50.9596337512291,7.03412432565876
"A3","undefined--vi-avl.2025-05-24_16-36-08-000.f_006.de0","51.00524651778826,7.014231104149138,51.00524651778826,7.014231104149138","51.00524651778826,7.014231104149138","WARNING","A3 | Köln-Mülheim - Köln-Mülheim"," Oberhausen -> Köln",NA,"STATIONARY_TRAFFIC","9",2025-05-24,"Beginn: 24.05.25 um 17:32 Uhr  Angespannte Verkehrslage, seit 24.05.2025, 17:32 A3: Oberhausen -> Köln, 2.5 km vor AS Köln-Mülheim, aus Richtung Leverkusen-Zentrum  Im Stillstand Durchschnittsgeschwindigkeit: 9 km/h",51.0052465177883,7.01423110414914
"A3","undefined--vi-avl.2025-05-24_16-36-08-000.f_012.de0","51.00535417035066,7.014242302876423,50.96705841228453,7.030966735803777","51.00535417035066,7.014242302876423","WARNING","A3 | Leverkusen-Zentrum - Köln-Dellbrück"," Oberhausen -> Köln",30,"STATIONARY_TRAFFIC","8.600000381469727",2025-05-24,"Beginn: 24.05.25 um 16:36 Uhr  Angespannte Verkehrslage, seit 24.05.2025, 16:36 A3: Oberhausen -> Köln, zwischen 2.1 km hinter AS Leverkusen-Zentrum und AS Köln-Dellbrück  Im Stillstand Reisezeitverlust: 30 Minuten Durchschnittsgeschwindigkeit: 8 km/h",51.0053541703507,7.01424230287642
"A3","undefined--vi-avl.2025-05-24_17-03-42-000.f_002.de0","51.072819921134574,6.987834282912516,51.04704040093599,7.002873699997014","51.072819921134574,6.987834282912516","WARNING","A3 | Reusrather Heide - Leverkusen"," Oberhausen -> Köln",2,"SLOW_TRAFFIC","48.29999923706055",2025-05-24,"Beginn: 24.05.25 um 17:03 Uhr  Angespannte Verkehrslage, seit 24.05.2025, 17:03 A3: Oberhausen -> Köln, zwischen 1.4 km hinter Reusrather Heide und 0.7 km vor AK Leverkusen  Langsamer Verkehr Reisezeitverlust: 2 Minuten Durchschnittsgeschwindigkeit: 48 km/h",51.0728199211346,6.98783428291252
"A3","undefined--vi-zus.2025-05-24_17-30-48-000.f.de0","51.21608008262251,6.924278438856491,51.201980949313786,6.935143364868636","51.21608008262251,6.924278438856491","WARNING","A3 | Stindertal / Stinderhof - Hilden"," Oberhausen -> Köln",0,"SLOW_TRAFFIC","59.29999923706055",2025-05-24,"Beginn: 24.05.25 um 17:30 Uhr  Zusammengesetzte Verkehrsinformation, seit 24.05.2025, 17:30 A3: Oberhausen -> Köln, zwischen 2.6 km hinter Stindertal / Stinderhof und 0.9 km vor AK Hilden  Langsamer Verkehr Reisezeitverlust: 0 Minuten Durchschnittsgeschwindigkeit: 59 km/h",51.2160800826225,6.92427843885649
"A3","undefined--vi-avl.2025-05-24_17-05-04-000.f_005.de0","51.4390276168084,6.806561361497556,51.453753395900016,6.7995560534548245","51.4390276168084,6.806561361497556","WARNING","A3 | Duisburg-Wedau - Oberhausen-Lirich"," Köln -> Oberhausen",0,"SLOW_TRAFFIC","56.900001525878906",2025-05-24,"Beginn: 24.05.25 um 17:05 Uhr  Angespannte Verkehrslage, seit 24.05.2025, 17:05 A3: Köln -> Oberhausen, zwischen 3.6 km hinter AS Duisburg-Wedau und 2.9 km vor AS Oberhausen-Lirich  Langsamer Verkehr Reisezeitverlust: 0 Minuten Durchschnittsgeschwindigkeit: 56 km/h",51.4390276168084,6.80656136149756
"A3","undefined--vi-avl.2025-05-24_17-17-19-000.f_009.de0","51.47794238493663,6.813992956498882,51.47794238493663,6.813992956498882","51.47794238493663,6.813992956498882","WARNING","A3 | Oberhausen-Lirich - Oberhausen-Lirich"," Oberhausen -> Köln",NA,"QUEUING_TRAFFIC","29",2025-05-24,"Beginn: 24.05.25 um 17:32 Uhr  Angespannte Verkehrslage, seit 24.05.2025, 17:32 A3: Oberhausen -> Köln, 0.3 km vor AS Oberhausen-Lirich, aus Richtung Oberhausen-West  Stockender Verkehr Durchschnittsgeschwindigkeit: 29 km/h",51.4779423849366,6.81399295649888
"A3","undefined--vi-avl.2025-05-24_11-58-23-000.f_006.de0","51.478246965504916,6.81386667628925,51.460363112118216,6.809520846870178","51.478246965504916,6.81386667628925","WARNING","A3 | Oberhausen-West - Kaiserberg"," Oberhausen -> Köln",3,"QUEUING_TRAFFIC","29.399999618530273",2025-05-24,"Beginn: 24.05.25 um 11:58 Uhr  Angespannte Verkehrslage, seit 24.05.2025, 11:58 A3: Oberhausen -> Köln, zwischen 1.0 km hinter AK Oberhausen-West und 1.9 km vor AK Kaiserberg  Stockender Verkehr Reisezeitverlust: 3 Minuten Durchschnittsgeschwindigkeit: 29 km/h",51.4782469655049,6.81386667628925
"A4","undefined--vi-hind.2025-05-24_17-08-41-000.f_001.de0","50.825467650306635,6.240973978459186,50.805361900937356,6.179659899985097","50.825467650306635,6.240973978459186","WARNING","A4 | Eschweiler-West - Aachen"," Köln -> Heerlen/Aachen",NA,NA,NA,2025-05-24,"Beginn: 24.05.25 um 17:08 Uhr  Hindernis, seit 24.05.2025, 17:08 A4: Köln -> Heerlen/Aachen, zwischen 0.4 km hinter AS Eschweiler-West und 0.6 km vor AK Aachen  Gefahr durch Gegenstände auf der Fahrbahn",50.8254676503066,6.24097397845919
"A4","undefined--vi-avl.2025-05-24_16-27-38-000.f.de0","50.97345056993716,7.479120468444317,50.973712816070176,7.517076575506737","50.97345056993716,7.479120468444317","WARNING","A4 | Bielstein - Gummersbach"," Köln -> Olpe",2,"SLOW_TRAFFIC","36.099998474121094",2025-05-24,"Beginn: 24.05.25 um 16:27 Uhr  Angespannte Verkehrslage, seit 24.05.2025, 16:27 A4: Köln -> Olpe, zwischen 1.1 km hinter AS Bielstein und 0.6 km vor AS Gummersbach  Langsamer Verkehr Reisezeitverlust: 2 Minuten Durchschnittsgeschwindigkeit: 36 km/h",50.9734505699372,7.47912046844432
"A4","undefined--vi-avl.2025-05-24_15-44-16-000.f_002.de0","50.97109774753523,7.555581606947227,50.97109774753523,7.555581606947227","50.97109774753523,7.555581606947227","WARNING","A4 | Morkepütz - Morkepütz"," Olpe -> Köln",NA,"STATIONARY_TRAFFIC","7",2025-05-24,"Beginn: 24.05.25 um 17:32 Uhr  Angespannte Verkehrslage, seit 24.05.2025, 17:32 A4: Olpe -> Köln, 0.3 km vor Morkepütz, aus Richtung Reichshof/Bergneustadt  Im Stillstand Durchschnittsgeschwindigkeit: 7 km/h",50.9710977475352,7.55558160694723
"A4","undefined--vi-avl.2025-05-24_09-27-00-000.f.de0","50.9711140600294,7.555903608461192,50.975979696605044,7.5038061503312115","50.9711140600294,7.555903608461192","WARNING","A4 | Reichshof/Bergneustadt - Hömeler Feld"," Olpe -> Köln",10,"STATIONARY_TRAFFIC","17.600000381469727",2025-05-24,"Beginn: 24.05.25 um 09:27 Uhr  Angespannte Verkehrslage, seit 24.05.2025, 09:27 A4: Olpe -> Köln, zwischen 6.5 km hinter AS Reichshof/Bergneustadt und Hömeler Feld  Im Stillstand Reisezeitverlust: 10 Minuten Durchschnittsgeschwindigkeit: 17 km/h",50.9711140600294,7.55590360846119
"A5","undefined--vi-avl.2025-05-24_09-28-30-000.f.de0","48.89549707395453,8.314820783432886,48.90123030843058,8.336190859763544","48.89549707395453,8.314820783432886","WARNING","A5 | Schleifweg - Karlsruhe-Süd"," Basel -> Karlsruhe",1,"QUEUING_TRAFFIC","43.099998474121094",2025-05-24,"Beginn: 24.05.25 um 09:28 Uhr  Angespannte Verkehrslage, seit 24.05.2025, 09:28 A5: Basel -> Karlsruhe, zwischen 2.0 km hinter Schleifweg und 7.4 km vor AS Karlsruhe-Süd  Stockender Verkehr Reisezeitverlust: 1 Minuten Durchschnittsgeschwindigkeit: 43 km/h",48.8954970739545,8.31482078343289
"A5","undefined--vi-avl.2025-05-24_17-17-19-000.f_004.de0","48.89549707395453,8.314820783432886,48.89549707395453,8.314820783432886","48.89549707395453,8.314820783432886","WARNING","A5 | Karlsruhe-Süd - Karlsruhe-Süd"," Basel -> Karlsruhe",NA,"QUEUING_TRAFFIC","21",2025-05-24,"Beginn: 24.05.25 um 17:32 Uhr  Angespannte Verkehrslage, seit 24.05.2025, 17:32 A5: Basel -> Karlsruhe, 9.1 km vor AS Karlsruhe-Süd, aus Richtung Schleifweg  Stockender Verkehr Durchschnittsgeschwindigkeit: 21 km/h",48.8954970739545,8.31482078343289
"A5","undefined--vi-zus.2025-05-24_15-43-15-000.f_005.de0","50.132473438795614,8.59004909378519,50.11937078364495,8.595746014268254","50.132473438795614,8.59004909378519","WARNING","A5 | Nordwestkreuz Frankfurt am Main - Westkreuz Frankfurt am Main"," Kassel -> Frankfurt",NA,NA,NA,2025-05-24,"Beginn: 24.05.25 um 15:43 Uhr  Zusammengesetzte Verkehrsinformation, seit 24.05.2025, 15:43 A5: Kassel -> Frankfurt, zwischen 0.3 km hinter AK Nordwestkreuz Frankfurt am Main und 0.6 km vor AK Westkreuz Frankfurt am Main  A5 Kassel Richtung Frankfurt zwischen Nordwestkreuz Frankfurt und Westkreuz Frankfurt Unfall, Aufräumarbeiten",50.1324734387956,8.59004909378519
"A5","undefined--vi-hind.2025-05-24_16-29-44-000.f_007.de0","50.568344551319434,8.797650211579048,50.56982934418044,8.798890093801699","50.568344551319434,8.797650211579048","WARNING","A5 | Fernwald - Reiskirchen"," Frankfurt -> Kassel",NA,NA,NA,2025-05-24,"Beginn: 24.05.25 um 16:29 Uhr  Fahrzeug-Hindernis, seit 24.05.2025, 16:29 A5: Frankfurt -> Kassel, zwischen 2.8 km hinter AS Fernwald und 3.0 km vor AS Reiskirchen Gefahr durch ein defektes Fahrzeug auf der Fahrbahn",50.5683445513194,8.79765021157905
"A6","undefined--vi-avl.2025-05-24_10-04-30-000.f_007.de0","49.16129567689441,9.281988499662617,49.16129567689441,9.281988499662617","49.16129567689441,9.281988499662617","WARNING","A6 | Weinsberg - Weinsberg"," Heilbronn -> Nürnberg",NA,"STATIONARY_TRAFFIC","7",2025-05-24,"Beginn: 24.05.25 um 17:32 Uhr  Angespannte Verkehrslage, seit 24.05.2025, 17:32 A6: Heilbronn -> Nürnberg, 1.4 km vor AK Weinsberg, aus Richtung Sulmtal  Im Stillstand Durchschnittsgeschwindigkeit: 7 km/h",49.1612956768944,9.28198849966262
"A6","undefined--vi-hind.2025-05-24_17-24-11-000.f_001.de0","49.40812350094356,11.343868700006889,49.40598450094357,11.306983400006395","49.40812350094356,11.343868700006889","WARNING","A6 | Unterrieden - Altdorf"," Pilsen -> Nürnberg",NA,NA,NA,2025-05-24,"Beginn: 24.05.25 um 17:24 Uhr  Hindernis, seit 24.05.2025, 17:24 A6: Pilsen -> Nürnberg, zwischen 3.3 km hinter Unterrieden und 0.6 km vor AK Altdorf  Gefahr durch Gegenstände auf der Fahrbahn",49.4081235009436,11.3438687000069
"A6","undefined--vi-avl.2025-05-24_17-30-11-000.f_001.de0","49.63298267604683,12.455482163891759,49.63298267604683,12.455482163891759","49.63298267604683,12.455482163891759","WARNING","A6 | Ulrichsberg - Ulrichsberg"," Pilsen -> Nürnberg",NA,"STATIONARY_TRAFFIC","22",2025-05-24,"Beginn: 24.05.25 um 17:32 Uhr  Angespannte Verkehrslage, seit 24.05.2025, 17:32 A6: Pilsen -> Nürnberg, 0.3 km vor Ulrichsberg, aus Richtung Waidhaus  Im Stillstand Durchschnittsgeschwindigkeit: 22 km/h",49.6329826760468,12.4554821638918
"A6","undefined--vi-zus.2025-05-24_17-30-11-000.f.de0","49.63298267604683,12.455482163891759,49.63087810094304,12.45022460004655","49.63298267604683,12.455482163891759","WARNING","A6 | Waidhaus - Pleystein"," Pilsen -> Nürnberg",0,"STATIONARY_TRAFFIC","23.700000762939453",2025-05-24,"Beginn: 24.05.25 um 17:30 Uhr  Zusammengesetzte Verkehrsinformation, seit 24.05.2025, 17:30 A6: Pilsen -> Nürnberg, zwischen 2.6 km hinter AS Waidhaus und 2.9 km vor AS Pleystein  Im Stillstand Reisezeitverlust: 0 Minuten Durchschnittsgeschwindigkeit: 23 km/h",49.6329826760468,12.4554821638918
"A7","undefined--vi-zus.2025-05-24_15-25-02-000.f.de0","47.56745471700362,10.658966743090671,47.574359064067025,10.661421215149891","47.56745471700362,10.658966743090671","WARNING","A7 | Grenztunnel Füssen - Reinertshofertunnel"," Füssen/Reutte -> Ulm",4,"STATIONARY_TRAFFIC","9.5",2025-05-24,"Beginn: 24.05.25 um 15:25 Uhr  Zusammengesetzte Verkehrsinformation, seit 24.05.2025, 15:25 A7: Füssen/Reutte -> Ulm, zwischen 0.9 km hinter Grenztunnel Füssen und 3.0 km vor Reinertshofertunnel  Im Stillstand Reisezeitverlust: 4 Minuten Durchschnittsgeschwindigkeit: 9 km/h",47.5674547170036,10.6589667430907
"A7","undefined--vi-avl.2025-05-24_17-15-44-000.f.de0","47.56338301399949,10.657738569911388,47.56745471700362,10.658966743090671","47.56338301399949,10.657738569911388","WARNING","A7 | Grenztunnel Füssen - Füssen"," Füssen/Reutte -> Ulm",0,"QUEUING_TRAFFIC","20.299999237060547",2025-05-24,"Beginn: 24.05.25 um 17:15 Uhr  Angespannte Verkehrslage, seit 24.05.2025, 17:15 A7: Füssen/Reutte -> Ulm, zwischen 0.5 km hinter Grenztunnel Füssen und 0.7 km vor AS Füssen  Stockender Verkehr Reisezeitverlust: 0 Minuten Durchschnittsgeschwindigkeit: 20 km/h",47.5633830139995,10.6577385699114
"A7","undefined--vi-avl.2025-05-24_15-25-02-000.f_007.de0","47.56745471700362,10.658966743090671,47.56745471700362,10.658966743090671","47.56745471700362,10.658966743090671","WARNING","A7 | Füssen - Füssen"," Füssen/Reutte -> Ulm",NA,"STATIONARY_TRAFFIC","6",2025-05-24,"Beginn: 24.05.25 um 17:28 Uhr  Angespannte Verkehrslage, seit 24.05.2025, 17:28 A7: Füssen/Reutte -> Ulm, 0.7 km vor AS Füssen, aus Richtung Grenztunnel Füssen  Im Stillstand Durchschnittsgeschwindigkeit: 6 km/h",47.5674547170036,10.6589667430907
"A7","undefined--vi-avl.2025-05-24_17-17-19-000.f.de0","47.56338301399949,10.657738569911388,47.56338301399949,10.657738569911388","47.56338301399949,10.657738569911388","WARNING","A7 | Füssen - Füssen"," Füssen/Reutte -> Ulm",NA,"QUEUING_TRAFFIC","10",2025-05-24,"Beginn: 24.05.25 um 17:30 Uhr  Angespannte Verkehrslage, seit 24.05.2025, 17:30 A7: Füssen/Reutte -> Ulm, 1.2 km vor AS Füssen, aus Richtung Grenztunnel Füssen  Stockender Verkehr Durchschnittsgeschwindigkeit: 10 km/h",47.5633830139995,10.6577385699114
"A7","undefined--vi-zus.2025-05-24_15-24-01-000.f_002.de0","48.880971989794155,10.164927006783811,48.89029228828711,10.168153778367813","48.880971989794155,10.164927006783811","WARNING","A7 | Agnesburgtunnel - Ellwangen"," Ulm -> Würzburg",0,"SLOW_TRAFFIC","64.80000305175781",2025-05-24,"Beginn: 24.05.25 um 15:24 Uhr  Zusammengesetzte Verkehrsinformation, seit 24.05.2025, 15:24 A7: Ulm -> Würzburg, zwischen 0.7 km hinter Agnesburgtunnel und 7.8 km vor AS Ellwangen  Langsamer Verkehr Reisezeitverlust: 0 Minuten Durchschnittsgeschwindigkeit: 64 km/h",48.8809719897942,10.1649270067838
"A7","undefined--vi-hind.2025-05-24_17-20-45-000.f_001.de0","51.311708836494844,9.560490600091573,51.36906840093418,9.638150400000201","51.311708836494844,9.560490600091573","WARNING","A7 | Kassel-Nord - Humboldtblick"," Kassel -> Hannover",NA,NA,NA,2025-05-24,"Beginn: 24.05.25 um 17:20 Uhr  Hindernis, seit 24.05.2025, 17:20 A7: Kassel -> Hannover, zwischen 0.4 km hinter AS Kassel-Nord und 3.9 km vor Humboldtblick  Gefahr durch Gegenstände auf der Fahrbahn",51.3117088364948,9.56049060009157
"A7","undefined--vi-hind.2025-05-24_17-10-46-000.f_003.de0","51.886159978227624,10.130399724297035,51.924283588160684,10.140828248173344","51.886159978227624,10.130399724297035","WARNING","A7 | Seesen (Harz) - Harz"," Kassel -> Hannover",NA,NA,NA,2025-05-24,"Beginn: 24.05.25 um 17:10 Uhr  Hindernis, seit 24.05.2025, 17:10 A7: Kassel -> Hannover, zwischen 0.3 km hinter AS Seesen (Harz) und 0.5 km vor Harz  Gefahr durch Personen auf der Fahrbahn",51.8861599782276,10.130399724297
"A7","undefined--vi-hind.2025-05-24_17-10-46-000.f_005.de0","51.92442826720452,10.140684587632018,51.88598995306521,10.130116746779935","51.92442826720452,10.140684587632018","WARNING","A7 | Harz - Seesen (Harz)"," Hannover -> Kassel",NA,NA,NA,2025-05-24,"Beginn: 24.05.25 um 17:10 Uhr  Hindernis, seit 24.05.2025, 17:10 A7: Hannover -> Kassel, zwischen 0.5 km hinter Harz und 0.2 km vor AS Seesen (Harz)  Gefahr durch Personen auf der Fahrbahn",51.9244282672045,10.140684587632
"A7","undefined--vi-zus.2025-03-31_00-40-00-000.f_018.de0","53.579141433849884,9.913430072127355,53.55636870091902,9.897540700000414","53.579141433849884,9.913430072127355","WARNING","A7 | Hamburg-Volkspark - Elbtunnel (Nordportal)"," Flensburg -> Hamburg",NA,NA,NA,2025-03-31,"Beginn: 31.03.25 um 00:40 Uhr  Zusammengesetzte Verkehrsinformation, seit 31.03.2025, 00:40 A7: Flensburg -> Hamburg, zwischen 0.4 km hinter AS Hamburg-Volkspark und 0.9 km vor Elbtunnel (Nordportal)  A7 Flensburg Richtung Hamburg Ausfahrt Hamburg-Othmarschen Fahrbahnverengung, maximale Fahrbahnbreite von 4,50 m, Bauarbeiten, bis 29.09.2025",53.5791414338499,9.91343007212735
"A7","undefined--vi-avl.2025-05-24_15-58-25-000.f.de0","53.87351274847908,9.94713680744192,53.87351274847908,9.94713680744192","53.87351274847908,9.94713680744192","WARNING","A7 | Kaltenkirchen - Kaltenkirchen"," Flensburg -> Hamburg",NA,"STATIONARY_TRAFFIC","6",2025-05-24,"Beginn: 24.05.25 um 17:32 Uhr  Angespannte Verkehrslage, seit 24.05.2025, 17:32 A7: Flensburg -> Hamburg, 2.9 km vor AS Kaltenkirchen, aus Richtung Bad Bramstedt  Im Stillstand Durchschnittsgeschwindigkeit: 6 km/h",53.8735127484791,9.94713680744192
"A7","undefined--vi-hind.2025-05-24_16-21-49-000.f_001.de0","53.850786100916594,9.937578600000462,53.806701969515615,9.927315937996104","53.850786100916594,9.937578600000462","WARNING","A7 | Bad Bramstedt - Henstedt-Ulzburg"," Flensburg -> Hamburg",NA,NA,NA,2025-05-24,"Beginn: 24.05.25 um 16:21 Uhr  Fahrzeug-Hindernis, seit 24.05.2025, 16:21 A7: Flensburg -> Hamburg, zwischen 6.1 km hinter AS Bad Bramstedt und 0.3 km vor AS Henstedt-Ulzburg",53.8507861009166,9.93757860000046
"A7","undefined--vi-zus.2025-05-24_16-02-02-000.f_002.de0","53.84909457579928,9.936162630374138,53.806701969515615,9.927315937996104","53.84909457579928,9.936162630374138","WARNING","A7 | Bad Bramstedt - Henstedt-Ulzburg"," Flensburg -> Hamburg",NA,NA,NA,2025-05-24,"Beginn: 24.05.25 um 16:02 Uhr  Zusammengesetzte Verkehrsinformation, seit 24.05.2025, 16:02 A7: Flensburg -> Hamburg, zwischen 6.3 km hinter AS Bad Bramstedt und 0.3 km vor AS Henstedt-Ulzburg  A7 Flensburg Richtung Hamburg zwischen Kaltenkirchen und Henstedt-Ulzburg Unfall, Polizei ist vor Ort, gesperrt",53.8490945757993,9.93616263037414
"A7","undefined--vi-zus.2025-05-24_15-55-14-000.f_002.de0","53.87351274847908,9.94713680744192,53.850786100916594,9.937578600000462","53.87351274847908,9.94713680744192","WARNING","A7 | Bad Bramstedt - Kaltenkirchen"," Flensburg -> Hamburg",21,"STATIONARY_TRAFFIC","6.900000095367432",2025-05-24,"Beginn: 24.05.25 um 15:55 Uhr  Zusammengesetzte Verkehrsinformation, seit 24.05.2025, 15:55 A7: Flensburg -> Hamburg, zwischen 3.5 km hinter AS Bad Bramstedt und 0.3 km vor AS Kaltenkirchen  Im Stillstand Reisezeitverlust: 21 Minuten Durchschnittsgeschwindigkeit: 6 km/h",53.8735127484791,9.94713680744192
"A8","undefined--vi-zus.2025-03-26_17-59-56-000.f_014.de0","49.326077820633785,7.175408561967308,49.327350714671546,7.213275819282444","49.326077820633785,7.175408561967308","WARNING","A8 | Neunkirchen/Spiesen - Kohlhof"," Saarlouis -> Neunkirchen",NA,NA,NA,2025-03-26,"Beginn: 26.03.25 um 17:59 Uhr  Zusammengesetzte Verkehrsinformation, seit 26.03.2025, 17:59 A8: Saarlouis -> Neunkirchen, zwischen 1.7 km hinter AS Neunkirchen/Spiesen und 1.0 km vor Kohlhof  A8 Saarlouis - Neunkirchen zwischen Neunkirchen-Spiesen und Neunkirchen-Oberstadt in beiden Richtungen Bauarbeiten, bis voraussichtlich 01.06.2025",49.3260778206338,7.17540856196731
"A8","undefined--vi-zus.2025-05-14_09-26-56-000.f.de0","49.32628400979037,7.229641516813452,49.329166750017514,7.1882642393148934","49.32628400979037,7.229641516813452","WARNING","A8 | Neunkirchen-Wellesweiler - Neunkirchen/Spiesen"," Neunkirchen -> Saarlouis",NA,NA,NA,2025-05-14,"Beginn: 14.05.25 um 09:26 Uhr  Zusammengesetzte Verkehrsinformation, seit 14.05.2025, 09:26 A8: Neunkirchen -> Saarlouis, zwischen 0.4 km hinter AS Neunkirchen-Wellesweiler und 2.7 km vor AS Neunkirchen/Spiesen  A8 Saarlouis - Neunkirchen zwischen Neunkirchen-Spiesen und Neunkirchen-Oberstadt in beiden Richtungen Bauarbeiten, bis voraussichtlich 01.06.2025",49.3262840097904,7.22964151681345
"A8","undefined--vi-zus.2025-05-24_08-46-30-000.f_002.de0","48.9187539249612,8.728626659900193,48.91711644678242,8.761367615873697","48.9187539249612,8.728626659900193","WARNING","A8 | Pforzheim-Nord - Pforzheim-Ost"," Karlsruhe -> Stuttgart",3,"QUEUING_TRAFFIC","28.200000762939453",2025-05-24,"Beginn: 24.05.25 um 08:46 Uhr  Zusammengesetzte Verkehrsinformation, seit 24.05.2025, 08:46 A8: Karlsruhe -> Stuttgart, zwischen 0.8 km hinter AS Pforzheim-Nord und 0.5 km vor AS Pforzheim-Ost  Stockender Verkehr Reisezeitverlust: 3 Minuten Durchschnittsgeschwindigkeit: 28 km/h",48.9187539249612,8.72862665990019
"A8","undefined--vi-avl.2025-05-24_17-30-11-000.f_004.de0","48.9187539249612,8.728626659900193,48.9187539249612,8.728626659900193","48.9187539249612,8.728626659900193","WARNING","A8 | Pforzheim-Ost - Pforzheim-Ost"," Karlsruhe -> Stuttgart",NA,"QUEUING_TRAFFIC","25",2025-05-24,"Beginn: 24.05.25 um 17:32 Uhr  Angespannte Verkehrslage, seit 24.05.2025, 17:32 A8: Karlsruhe -> Stuttgart, 3.4 km vor AS Pforzheim-Ost, aus Richtung Pforzheim-Nord  Stockender Verkehr Durchschnittsgeschwindigkeit: 25 km/h",48.9187539249612,8.72862665990019
"A8","undefined--vi-hind.2025-05-24_17-16-48-000.f_002.de0","48.78398721555264,9.002381081826144,48.78494685110941,8.996275721995966","48.78398721555264,9.002381081826144","WARNING","A8 | Leonberg - Leonberg-West"," Stuttgart -> Karlsruhe",NA,NA,NA,2025-05-24,"Beginn: 24.05.25 um 17:16 Uhr  Fahrzeug-Hindernis, seit 24.05.2025, 17:16 A8: Stuttgart -> Karlsruhe, zwischen 0.9 km hinter AD Leonberg und 1.2 km vor AS Leonberg-West Gefahr durch ein defektes Fahrzeug auf der Fahrbahn",48.7839872155526,9.00238108182614
"A8","undefined--vi-hind.2025-05-24_16-55-51-000.f_005.de0","48.43181160094671,10.292868700000605,48.43230476227426,10.294712375972258","48.43181160094671,10.292868700000605","WARNING","A8 | Günzburg - Limbach"," Stuttgart -> München",NA,NA,NA,2025-05-24,"Beginn: 24.05.25 um 16:55 Uhr  Fahrzeug-Hindernis, seit 24.05.2025, 16:55 A8: Stuttgart -> München, zwischen 0.1 km hinter AS Günzburg und 4.4 km vor Limbach Gefahr durch ein defektes Fahrzeug auf der Fahrbahn",48.4318116009467,10.2928687000006
"A8","undefined--vi-hind.2025-05-24_15-31-00-000.f_006.de0","48.23648820094724,11.342844700007506,48.23045824741474,11.353243868162624","48.23648820094724,11.342844700007506","WARNING","A8 | Fuchsberg - München-Eschenried"," Stuttgart -> München",NA,NA,NA,2025-05-24,"Beginn: 24.05.25 um 15:31 Uhr  Hindernis, seit 24.05.2025, 15:31 A8: Stuttgart -> München, zwischen 3.9 km hinter Fuchsberg und 4.0 km vor AD München-Eschenried  Gefahr durch eine ungesicherte Unfallstelle",48.2364882009472,11.3428447000075
"A8","undefined--vi-avl.2025-05-24_06-00-00-000.f.de0","47.80549456465939,12.143074370345158,47.80421642975673,12.158726693327662","47.80549456465939,12.143074370345158","WARNING","A8 | Winkelbach - Rohrdorf"," München -> Salzburg",1,"STATIONARY_TRAFFIC","27.899999618530273",2025-05-24,"Beginn: 24.05.25 um 06:00 Uhr  Angespannte Verkehrslage, seit 24.05.2025, 06:00 A8: München -> Salzburg, zwischen 0.4 km hinter Winkelbach und 0.4 km vor AS Rohrdorf  Im Stillstand Reisezeitverlust: 1 Minuten Durchschnittsgeschwindigkeit: 27 km/h",47.8054945646594,12.1430743703452
"A8","undefined--vi-avl.2025-05-24_06-42-30-000.f_001.de0","47.80549456465939,12.143074370345158,47.80549456465939,12.143074370345158","47.80549456465939,12.143074370345158","WARNING","A8 | Rohrdorf - Rohrdorf"," München -> Salzburg",NA,"STATIONARY_TRAFFIC","16",2025-05-24,"Beginn: 24.05.25 um 17:32 Uhr  Angespannte Verkehrslage, seit 24.05.2025, 17:32 A8: München -> Salzburg, 1.5 km vor AS Rohrdorf, aus Richtung Winkelbach  Im Stillstand Durchschnittsgeschwindigkeit: 16 km/h",47.8054945646594,12.1430743703452
"A8","undefined--vi-avl.2025-05-24_15-37-24-000.f_004.de0","47.80240072580391,12.182144309720226,47.80240072580391,12.182144309720226","47.80240072580391,12.182144309720226","WARNING","A8 | Samerberg - Samerberg"," Salzburg -> München",NA,"STATIONARY_TRAFFIC","14",2025-05-24,"Beginn: 24.05.25 um 17:32 Uhr  Angespannte Verkehrslage, seit 24.05.2025, 17:32 A8: Salzburg -> München, 0.4 km vor Samerberg, aus Richtung Apfelkam  Im Stillstand Durchschnittsgeschwindigkeit: 14 km/h",47.8024007258039,12.1821443097202
"A8","undefined--vi-avl.2025-05-24_13-44-35-000.f_001.de0","47.80240072580391,12.182144309720226,47.80364223887816,12.163448627326376","47.80240072580391,12.182144309720226","WARNING","A8 | Apfelkam - Winkelbach"," Salzburg -> München",2,"STATIONARY_TRAFFIC","27.100000381469727",2025-05-24,"Beginn: 24.05.25 um 13:44 Uhr  Angespannte Verkehrslage, seit 24.05.2025, 13:44 A8: Salzburg -> München, zwischen 1.4 km hinter Apfelkam und 1.9 km vor Winkelbach  Im Stillstand Reisezeitverlust: 2 Minuten Durchschnittsgeschwindigkeit: 27 km/h",47.8024007258039,12.1821443097202
"A10","undefined--vi-hind.2025-05-24_17-05-04-000.f_003.de0","52.60225156023746,13.6050032036649,52.61195460093002,13.57468870012558","52.60225156023746,13.6050032036649","WARNING","A10 | Berlin-Hohenschönhausen - Barnim"," Dreieck Spreeau -> Dreieck Havelland",NA,NA,NA,2025-05-24,"Beginn: 24.05.25 um 17:05 Uhr  Hindernis, seit 24.05.2025, 17:05 A10: Dreieck Spreeau -> Dreieck Havelland, zwischen 0.2 km hinter AS Berlin-Hohenschönhausen und 1.1 km vor AD Barnim  Gefahr durch Gegenstände auf der Fahrbahn",52.6022515602375,13.6050032036649
"A10","undefined--vi-hind.2025-05-24_16-50-50-000.f_004.de0","52.30892068036829,13.456797606378363,52.3094229009314,13.459254700117187","52.30892068036829,13.456797606378363","WARNING","A10 | Rangsdorf - Am Fichtenplan-Süd"," Dreieck Potsdam -> Schönefelder Kreuz",NA,NA,NA,2025-05-24,"Beginn: 24.05.25 um 16:50 Uhr  Fahrzeug-Hindernis, seit 24.05.2025, 16:50 A10: Dreieck Potsdam -> Schönefelder Kreuz, zwischen 0.5 km hinter AS Rangsdorf und 2.6 km vor Am Fichtenplan-Süd Gefahr durch ein defektes Fahrzeug auf der Fahrbahn",52.3089206803683,13.4567976063784
"A10","undefined--vi-hind.2025-05-24_17-29-16-000.f_001.de0","52.3005237502404,13.071842653108922,52.298531178877234,13.034438086094365","52.3005237502404,13.071842653108922","WARNING","A10 | Nuthetal - Michendorf"," Schönefelder Kreuz -> Dreieck Potsdam",NA,NA,NA,2025-05-24,"Beginn: 24.05.25 um 17:29 Uhr  Hindernis, seit 24.05.2025, 17:29 A10: Schönefelder Kreuz -> Dreieck Potsdam, zwischen 0.7 km hinter AD Nuthetal und 0.6 km vor AS Michendorf  Gefahr durch Gegenstände auf der Fahrbahn",52.3005237502404,13.0718426531089
"A10","undefined--vi-hind.2025-05-24_16-52-25-000.f_002.de0","52.681061000928395,13.372777500099719,52.649729519106444,13.418694168025189","52.681061000928395,13.372777500099719","WARNING","A10 | Birkenwerder - Pankow"," Dreieck Havelland -> Dreieck Barnim",NA,NA,NA,2025-05-24,"Beginn: 24.05.25 um 16:52 Uhr  Fahrzeug-Hindernis, seit 24.05.2025, 16:52 A10: Dreieck Havelland -> Dreieck Barnim, zwischen 7.0 km hinter AS Birkenwerder und 0.9 km vor AD Pankow Gefahr durch ein defektes Fahrzeug auf der Fahrbahn",52.6810610009284,13.3727775000997
"A11","undefined--vi-hind.2025-05-24_17-05-04-000.f.de0","52.62397339004878,13.56393990288957,52.64902245608523,13.568220481291648","52.62397339004878,13.56393990288957","WARNING","A11 | Barnim - Bernau-Süd"," Berliner Ring -> Kreuz Uckermark",NA,NA,NA,2025-05-24,"Beginn: 24.05.25 um 17:05 Uhr  Hindernis, seit 24.05.2025, 17:05 A11: Berliner Ring -> Kreuz Uckermark, zwischen 1.2 km hinter AD Barnim und 0.1 km vor AS Bernau-Süd  Gefahr durch Gegenstände auf der Fahrbahn",52.6239733900488,13.5639399028896
"A11","undefined--vi-hind.2025-05-24_17-05-04-000.f_001.de0","52.62372392910445,13.563888355302334,52.62372392910445,13.563888355302334","52.62372392910445,13.563888355302334","WARNING","A11 | Barnim - Bernau-Süd"," Berliner Ring -> Kreuz Uckermark",NA,NA,NA,2025-05-24,"Beginn: 24.05.25 um 17:05 Uhr  Hindernis, seit 24.05.2025, 17:05 A11: Berliner Ring -> Kreuz Uckermark, zwischen 1.2 km hinter AD Barnim und 2.9 km vor AS Bernau-Süd  Gefahr durch Gegenstände auf der Fahrbahn",52.6237239291045,13.5638883553023
"A12","undefined--vi-hind.2025-05-24_17-06-14-000.f_002.de0","52.31935080094442,14.517776000328936,52.31935080094442,14.517776000328936","52.31935080094442,14.517776000328936","WARNING","A12 | Frankfurt(Oder)-Mitte - Frankfurt(Oder)-West"," Frankfurt(Oder) -> Berliner Ring",NA,NA,NA,2025-05-24,"Beginn: 24.05.25 um 17:06 Uhr  Fahrzeug-Hindernis, seit 24.05.2025, 17:06 A12: Frankfurt(Oder) -> Berliner Ring, zwischen 0.2 km hinter AS Frankfurt(Oder)-Mitte und 2.9 km vor AS Frankfurt(Oder)-West Gefahr durch ein defektes Fahrzeug auf der Fahrbahn",52.3193508009444,14.5177760003289
"A12","WarnungA10Lkw3","47.61802931631098,12.202336027754352,47.61802931631098,12.202336027754352","47.61802931631098,12.202336027754352","WARNING","E45/E60 | LKW Blockabfertigung | A12-Inntal Autobahn","Richtung Italien",NA,NA,NA,2025-01-11,"Zeitraum: Beginn: 07.01.2025 Ende: 09.12.2025  Hinweis für LKW-Reisende nach Österreich: LKW-Blockabfertigungen an ausgewählten Tagen für Lkw am Grenzübergang Kufstein/Kiefersfelden. Maximaler Durchlass von 300 LKWs pro Stunde  Die genauen Ausführungszeiten und weitere Informationen auf tirol.gv.at/verkehr/verkehrs-und-seilbahnrecht/lkw-dosierung.",47.618029316311,12.2023360277544
"A12","WarnungA10Lkw2","47.6164490154047,12.202382557672273,47.6164490154047,12.202382557672273","47.6164490154047,12.202382557672273","WARNING","E43/E45/E60 | A13-Brenner Autobahn","Richtung Italien",NA,NA,NA,2025-01-11,"Zeitraum: Beginn: 11.01.2025 Ende: 27.09.2025  Hinweis für LKW-Reisende nach Österreich: LKW-Fahrverbot auf der A12-Inntal Autobahn, A13-Brenner Autobahn und A14-Rheintal/Walgau Autobahn, wenn das Ziel der Fahrt der Anschlussstelle Nößlach bis Anschlussstelle Brenner Nord der Richtungsfahrbahn Staatsgrenze der A 13 Brenner Autobahn erreicht werden soll. An ausgewählten Samstagen 7-15 Uhr sowie weiteren Tagen im Zeitraum 11.01. - 27.09.2025 Weitere Informationen auf http://asfinag.at/a13",47.6164490154047,12.2023825576723
"A14","undefined--vi-avl.2025-05-24_13-00-29-000.f_002.de0","51.23694574279044,12.877557900770327,51.23694574279044,12.877557900770327","51.23694574279044,12.877557900770327","WARNING","A14 | Mutzschen - Mutzschen"," Nossen -> Leipzig",NA,"STATIONARY_TRAFFIC","8",2025-05-24,"Beginn: 24.05.25 um 17:32 Uhr  Angespannte Verkehrslage, seit 24.05.2025, 17:32 A14: Nossen -> Leipzig, 1.7 km vor AS Mutzschen, aus Richtung Leisnig  Im Stillstand Durchschnittsgeschwindigkeit: 8 km/h",51.2369457427904,12.8775579007703
"A14","undefined--vi-zus.2025-05-24_12-58-50-000.f_001.de0","51.23694574279044,12.877557900770327,51.24173110093593,12.861502900067599","51.23694574279044,12.877557900770327","WARNING","A14 | Leisnig - Mutzschen"," Nossen -> Leipzig",9,"STATIONARY_TRAFFIC","7.5",2025-05-24,"Beginn: 24.05.25 um 12:58 Uhr  Zusammengesetzte Verkehrsinformation, seit 24.05.2025, 12:58 A14: Nossen -> Leipzig, zwischen 7.8 km hinter AS Leisnig und 0.4 km vor AS Mutzschen  Im Stillstand Reisezeitverlust: 9 Minuten Durchschnittsgeschwindigkeit: 7 km/h",51.2369457427904,12.8775579007703
"A14","undefined--vi-hind.2025-05-24_10-17-45-000.f_026.de0","51.24173110093593,12.861502900067599,51.25745730093562,12.734896900057029","51.24173110093593,12.861502900067599","WARNING","A14 | Leisnig - Grimma"," Nossen -> Leipzig",NA,NA,NA,2025-05-24,"Beginn: 24.05.25 um 10:17 Uhr  Fahrzeug-Hindernis, seit 24.05.2025, 10:17 A14: Nossen -> Leipzig, zwischen 9.0 km hinter AS Leisnig und 0.2 km vor AS Grimma",51.2417311009359,12.8615029000676
"A14","undefined--vi-hind.2025-05-24_10-17-45-000.f_025.de0","51.242956997027306,12.858166014270168,51.25767940093562,12.739132700057349","51.242956997027306,12.858166014270168","WARNING","A14 | Leisnig - Grimma"," Nossen -> Leipzig",NA,NA,NA,2025-05-24,"Beginn: 24.05.25 um 10:17 Uhr  Fahrzeug-Hindernis, seit 24.05.2025, 10:17 A14: Nossen -> Leipzig, zwischen 9.3 km hinter AS Leisnig und 0.5 km vor AS Grimma",51.2429569970273,12.8581660142702
"A15","undefined--vi-avl.2025-05-24_16-24-10-000.f_001.de0","51.71161074915799,14.398329385725914,51.70779461894658,14.435246468267069","51.71161074915799,14.398329385725914","WARNING","A15 | Cottbus-Süd - Roggosen"," Cottbus -> Breslau",1,"SLOW_TRAFFIC","73.4000015258789",2025-05-24,"Beginn: 24.05.25 um 16:24 Uhr  Angespannte Verkehrslage, seit 24.05.2025, 16:24 A15: Cottbus -> Breslau, zwischen 3.5 km hinter AS Cottbus-Süd und 2.1 km vor AS Roggosen  Langsamer Verkehr Reisezeitverlust: 1 Minuten Durchschnittsgeschwindigkeit: 73 km/h",51.711610749158,14.3983293857259
"A17","undefined--vi-hind.2025-05-24_16-49-51-000.f_002.de0","50.991299120597176,13.769825806319838,50.97506820094185,13.811437000215943","50.991299120597176,13.769825806319838","WARNING","A17 | Dresden-Prohlis - Pirna"," Dresden -> Prag",NA,NA,NA,2025-05-24,"Beginn: 24.05.25 um 16:49 Uhr  Fahrzeug-Hindernis, seit 24.05.2025, 16:49 A17: Dresden -> Prag, zwischen 0.3 km hinter AS Dresden-Prohlis und 5.6 km vor AS Pirna Gefahr durch ein defektes Fahrzeug auf der Fahrbahn",50.9912991205972,13.7698258063198
"A19","undefined--vi-hind.2025-05-24_16-50-50-000.f_005.de0","54.01193110092464,12.202808048259023,54.01193110092464,12.202808048259023","54.01193110092464,12.202808048259023","WARNING","A19 | Kavelstorf - Rostock"," Dreieck Wittstock/Dosse -> Rostock",NA,NA,NA,2025-05-24,"Beginn: 24.05.25 um 16:50 Uhr  Fahrzeug-Hindernis, seit 24.05.2025, 16:50 A19: Dreieck Wittstock/Dosse -> Rostock, zwischen 0.1 km hinter AS Kavelstorf und 1.8 km vor AK Rostock Gefahr durch ein defektes Fahrzeug auf der Fahrbahn",54.0119311009246,12.202808048259
"A23","undefined--vi-avl.2025-05-24_17-30-11-000.f.de0","53.67968564347029,9.796039985064503,53.67968564347029,9.796039985064503","53.67968564347029,9.796039985064503","WARNING","A23 | Pinneberg-Nord - Pinneberg-Nord"," Heide -> Hamburg",NA,"STATIONARY_TRAFFIC","26",2025-05-24,"Beginn: 24.05.25 um 17:30 Uhr  Angespannte Verkehrslage, seit 24.05.2025, 17:30 A23: Heide -> Hamburg, 0.2 km vor AS Pinneberg-Nord, aus Richtung Forst Rantzau Süd  Im Stillstand Durchschnittsgeschwindigkeit: 26 km/h",53.6796856434703,9.7960399850645
"A23","undefined--vi-avl.2025-05-24_16-49-19-000.f_001.de0","53.6796179661339,9.796114795180637,53.66328391927647,9.816929274149718","53.6796179661339,9.796114795180637","WARNING","A23 | Forst Rantzau Süd - Pinneberg-Mitte"," Heide -> Hamburg",4,"STATIONARY_TRAFFIC","25.799999237060547",2025-05-24,"Beginn: 24.05.25 um 16:49 Uhr  Angespannte Verkehrslage, seit 24.05.2025, 16:49 A23: Heide -> Hamburg, zwischen 3.0 km hinter Forst Rantzau Süd und 1.0 km vor AS Pinneberg-Mitte  Im Stillstand Reisezeitverlust: 4 Minuten Durchschnittsgeschwindigkeit: 25 km/h",53.6796179661339,9.79611479518064
"A24","undefined--vi-hind.2025-05-24_15-53-31-000.f_007.de0","53.21005807058897,12.252780849245203,53.21005807058897,12.252780849245203","53.21005807058897,12.252780849245203","WARNING","A24 | Pritzwalk - Meyenburg"," Pritzwalk -> Schwerin",NA,NA,NA,2025-05-24,"Beginn: 24.05.25 um 15:53 Uhr  Fahrzeug-Hindernis, seit 24.05.2025, 15:53 A24: Pritzwalk -> Schwerin, zwischen 12.8 km hinter AS Pritzwalk und 3.9 km vor AS Meyenburg Gefahr durch ein defektes Fahrzeug auf der Fahrbahn",53.210058070589,12.2527808492452
"A31","undefined--vi-avl.2025-05-24_17-26-04-000.f_003.de0","51.56332222959171,6.9282993708360605,51.56332222959171,6.9282993708360605","51.56332222959171,6.9282993708360605","WARNING","A31 | Bottrop - Bottrop"," Gronau -> Oberhausen",NA,"SLOW_TRAFFIC","28",2025-05-24,"Beginn: 24.05.25 um 17:32 Uhr  Angespannte Verkehrslage, seit 24.05.2025, 17:32 A31: Gronau -> Oberhausen, 0.7 km vor AD Bottrop, aus Richtung Gladbeck  Langsamer Verkehr Durchschnittsgeschwindigkeit: 28 km/h",51.5633222295917,6.92829937083606
"A31","undefined--vi-avl.2025-05-24_17-04-11-000.f_004.de0","51.56332222959171,6.9282993708360605,51.557788137407314,6.9263298871816055","51.56332222959171,6.9282993708360605","WARNING","A31 | Gladbeck - Bottrop"," Gronau -> Oberhausen",0,"SLOW_TRAFFIC","37.099998474121094",2025-05-24,"Beginn: 24.05.25 um 17:32 Uhr  Angespannte Verkehrslage, seit 24.05.2025, 17:32 A31: Gronau -> Oberhausen, zwischen 2.6 km hinter AS Gladbeck und AD Bottrop  Langsamer Verkehr Reisezeitverlust: 0 Minuten Durchschnittsgeschwindigkeit: 37 km/h",51.5633222295917,6.92829937083606
"A37","undefined--vi-zus.2025-05-20_10-04-05-000.f_002.de0","52.442156462690335,9.933442989087833,52.436581812162494,9.913211841333315","52.442156462690335,9.933442989087833","WARNING","A37 | Beinhorn - Hannover-Kirchhorst"," Celle -> Hannover",NA,NA,NA,2025-05-20,"Beginn: 20.05.25 um 10:04 Uhr  Zusammengesetzte Verkehrsinformation, seit 20.05.2025, 10:04 B3: Celle -> Hannover, zwischen 0.4 km hinter AS Beinhorn und 2.1 km vor AK Hannover-Kirchhorst  A37 Messe - Burgdorf
zwischen Kreuz Hannover-Buchholz und Beinhorn
in beiden Richtungen geänderte Verkehrsführung im Baustellenbereich, Bauarbeiten, bis 30.10.2026 ca. 18:00 Uhr",52.4421564626903,9.93344298908783
"A37","undefined--vi-zus.2025-05-20_10-04-05-000.f_003.de0","52.42566547847685,9.880479425875153,52.44102213295518,9.93161290421946","52.42566547847685,9.880479425875153","WARNING","Baustelle"," km 22.62 --> km 26.54",NA,NA,NA,2025-05-20,"Beginn: 20.05.25 um 10:04 Uhr  Zusammengesetzte Verkehrsinformation, seit 20.05.2025, 10:04 A37: km 22.62 --> km 26.54  A37 Messe - Burgdorf
zwischen Kreuz Hannover-Buchholz und Beinhorn
in beiden Richtungen geänderte Verkehrsführung im Baustellenbereich, Bauarbeiten, bis 30.10.2026 ca. 18:00 Uhr",52.4256654784769,9.88047942587515
"A40","undefined--vi-avl.2025-05-24_15-54-13-000.f_012.de0","51.496732200933415,7.3335560999985505,51.49699021214442,7.281037191752478","51.496732200933415,7.3335560999985505","WARNING","A40 | Beverbach - Bochum"," Dortmund -> Essen",1,"SLOW_TRAFFIC","63",2025-05-24,"Beginn: 24.05.25 um 15:54 Uhr  Angespannte Verkehrslage, seit 24.05.2025, 15:54 A40: Dortmund -> Essen, zwischen 0.4 km hinter Beverbach und 0.7 km vor AK Bochum  Langsamer Verkehr Reisezeitverlust: 1 Minuten Durchschnittsgeschwindigkeit: 63 km/h",51.4967322009334,7.33355609999855
"A42","undefined--vi-avl.2025-05-24_17-30-48-000.f.de0","51.49847804076241,6.918686944171402,51.50152984094986,6.928557430245207","51.49847804076241,6.918686944171402","WARNING","A42 | Oberhausen Neue Mitte - Bottrop-Süd"," Kamp-Lintfort -> Dortmund",0,"SLOW_TRAFFIC","28.899999618530273",2025-05-24,"Beginn: 24.05.25 um 17:30 Uhr  Angespannte Verkehrslage, seit 24.05.2025, 17:30 A42: Kamp-Lintfort -> Dortmund, zwischen 2.0 km hinter AS Oberhausen Neue Mitte und 0.6 km vor AS Bottrop-Süd  Langsamer Verkehr Reisezeitverlust: 0 Minuten Durchschnittsgeschwindigkeit: 28 km/h",51.4984780407624,6.9186869441714
"A45","undefined--vi-avl.2025-05-24_17-31-20-000.f.de0","51.498788950300224,7.3855309249037,51.508386173057374,7.3896896354490496","51.498788950300224,7.3855309249037","WARNING","A45 | Dortmund-West - Dortmund-Hafen"," Hagen -> Dortmund",0,"SLOW_TRAFFIC","52.79999923706055",2025-05-24,"Beginn: 24.05.25 um 17:31 Uhr  Angespannte Verkehrslage, seit 24.05.2025, 17:31 A45: Hagen -> Dortmund, zwischen 0.1 km hinter AK Dortmund-West und 1.2 km vor AS Dortmund-Hafen  Langsamer Verkehr Reisezeitverlust: 0 Minuten Durchschnittsgeschwindigkeit: 52 km/h",51.4987889503002,7.3855309249037
"A45","undefined--vi-avl.2025-05-24_17-32-18-000.f.de0","51.49873504092376,7.385527916961323,51.49873504092376,7.385527916961323","51.49873504092376,7.385527916961323","WARNING","A45 | Dortmund-Hafen - Dortmund-Hafen"," Hagen -> Dortmund",NA,"SLOW_TRAFFIC","26",2025-05-24,"Beginn: 24.05.25 um 17:32 Uhr  Angespannte Verkehrslage, seit 24.05.2025, 17:32 A45: Hagen -> Dortmund, 2.4 km vor AS Dortmund-Hafen, aus Richtung Dortmund-West  Langsamer Verkehr Durchschnittsgeschwindigkeit: 26 km/h",51.4987350409238,7.38552791696132
"A52","undefined--vi-avl.2025-05-24_17-17-19-000.f_007.de0","51.44951129986047,7.038705136753117,51.44951129986047,7.038705136753117","51.44951129986047,7.038705136753117","WARNING","A52 | Essen-Ost - Essen-Ost"," Düsseldorf -> Essen",NA,"QUEUING_TRAFFIC","12",2025-05-24,"Beginn: 24.05.25 um 17:32 Uhr  Angespannte Verkehrslage, seit 24.05.2025, 17:32 A52: Düsseldorf -> Essen, 0.6 km vor AD Essen-Ost, aus Richtung Huttrop  Stockender Verkehr Durchschnittsgeschwindigkeit: 12 km/h",51.4495112998605,7.03870513675312
"A57","undefined--vi-hind.2025-05-24_17-32-18-000.f.de0","51.00094859205357,6.885800297843931,51.000052660043686,6.8869848187752565","51.00094859205357,6.885800297843931","WARNING","A57 | Köln-Chorweiler - Köln-Nord"," Krefeld -> Köln",NA,NA,NA,2025-05-24,"Beginn: 24.05.25 um 17:32 Uhr  Fahrzeug-Hindernis, seit 24.05.2025, 17:32 A57: Krefeld -> Köln, zwischen 1.0 km hinter AS Köln-Chorweiler und 0.4 km vor AK Köln-Nord Gefahr durch ein defektes Fahrzeug auf der Fahrbahn",51.0009485920536,6.88580029784393
"A59","undefined--vi-hind.2025-05-24_17-19-37-000.f_001.de0","51.04110326531956,6.958006812352391,51.058017900935916,6.940256099996603","51.04110326531956,6.958006812352391","WARNING","A59 | Leverkusen-West - Monheim-Süd"," Köln -> Düsseldorf",NA,NA,NA,2025-05-24,"Beginn: 24.05.25 um 17:19 Uhr  Hindernis, seit 24.05.2025, 17:19 A59: Köln -> Düsseldorf, zwischen 0.7 km hinter AK Leverkusen-West und 3.0 km vor AD Monheim-Süd  Gefahr durch Gegenstände auf der Fahrbahn",51.0411032653196,6.95800681235239
"A59","undefined--vi-avl.2025-05-24_17-21-42-000.f_001.de0","51.47911937163202,6.769765897162221,51.449924550097386,6.778597561690909","51.47911937163202,6.769765897162221","WARNING","A59 | Duisburg-Nord - Duisburg"," Dinslaken -> Duisburg",2,"SLOW_TRAFFIC","43.5",2025-05-24,"Beginn: 24.05.25 um 17:21 Uhr  Angespannte Verkehrslage, seit 24.05.2025, 17:21 A59: Dinslaken -> Duisburg, zwischen 0.5 km hinter AK Duisburg-Nord und 0.4 km vor AK Duisburg  Langsamer Verkehr Reisezeitverlust: 2 Minuten Durchschnittsgeschwindigkeit: 43 km/h",51.479119371632,6.76976589716222
"A60","undefined--vi-zus.2025-04-08_08-51-21-000.f_013.de0","49.98125533976677,8.345695317688524,49.97565770865279,8.441396718063045","49.98125533976677,8.345695317688524","WARNING","A60 | Mainspitz-Dreieck - Rüsselsheimer Dreieck"," Mainz -> Rüsselsheim",NA,NA,NA,2025-04-08,"Beginn: 08.04.25 um 08:51 Uhr  Zusammengesetzte Verkehrsinformation, seit 08.04.2025, 08:51 A60: Mainz -> Rüsselsheim, zwischen 0.5 km hinter AD Mainspitz-Dreieck und 2.2 km vor AD Rüsselsheimer Dreieck  Sperrung der A60 bei Königstädten – Grundhafte Fahrbahnerneuerung zwischen dem Rüsselsheimer Dreieck und dem Mainspitz Dreieck. Die Niederlassung West der Autobahn GmbH erneuert zwischen dem Rüsselsheimer Dreieck (30) und dem Mainspitz Dreieck (26) die Fahrbahn. Von Donnerstagmorgen (24. April) bis Mitte Juli wird die Anschlussstelle (AS) Königstädten (29) in Fahrtrichtung (FR) Mainz sowie in FR Rüsselsheimer Dreieck gesperrt. Umleitungsmöglichkeiten sind ausgeschildert: • Ausfahrt FR Mainz: Umleitung via AS Rüsselsheim-Mitte • Einfahrt FR Mainz: innerstädtische Umleitung zur AS Rüsselsheim-Mitte (Adam-Opel-Straße / Kurt-Schumacher-Ring), von Nauheim kommend via L3482 zur AS Bischofsheim • Einfahrt FR Darmstadt: innerstädtische Umleitung zur AS Rüsselsheim-Mitte (Adam-Opel-Straße / Kurt-Schumacher-Ring) Die Autobahn GmbH bittet alle Verkehrsteilnehmer um Verständnis für die unvermeidlichen Verkehrsbehinderungen, die durch die Arbeiten entstehen.",49.9812553397668,8.34569531768852
"A60","undefined--vi-zus.2025-05-03_10-55-00-000.f_003.de0","49.977457399447445,8.454646346787307,49.981587265039146,8.34517285786785","49.977457399447445,8.454646346787307","WARNING","A60 | Rüsselsheimer Dreieck - Mainspitz-Dreieck"," Rüsselsheim -> Mainz",NA,NA,NA,2025-05-03,"Beginn: 03.05.25 um 10:55 Uhr  Zusammengesetzte Verkehrsinformation, seit 03.05.2025, 10:55 A60: Rüsselsheim -> Mainz, zwischen 0.6 km hinter AD Rüsselsheimer Dreieck und 0.5 km vor AD Mainspitz-Dreieck  Sperrung der A60 bei Königstädten – Grundhafte Fahrbahnerneuerung zwischen dem Rüsselsheimer Dreieck und dem Mainspitz Dreieck. Die Niederlassung West der Autobahn GmbH erneuert zwischen dem Rüsselsheimer Dreieck (30) und dem Mainspitz Dreieck (26) die Fahrbahn. Von Donnerstagmorgen (24. April) bis Mitte Juli wird die Anschlussstelle (AS) Königstädten (29) in Fahrtrichtung (FR) Mainz sowie in FR Rüsselsheimer Dreieck gesperrt. Umleitungsmöglichkeiten sind ausgeschildert: • Ausfahrt FR Mainz: Umleitung via AS Rüsselsheim-Mitte • Einfahrt FR Mainz: innerstädtische Umleitung zur AS Rüsselsheim-Mitte (Adam-Opel-Straße / Kurt-Schumacher-Ring), von Nauheim kommend via L3482 zur AS Bischofsheim • Einfahrt FR Darmstadt: innerstädtische Umleitung zur AS Rüsselsheim-Mitte (Adam-Opel-Straße / Kurt-Schumacher-Ring) Die Autobahn GmbH bittet alle Verkehrsteilnehmer um Verständnis für die unvermeidlichen Verkehrsbehinderungen, die durch die Arbeiten entstehen.",49.9774573994474,8.45464634678731
"A61","undefined--vi-hind.2025-05-24_15-48-26-000.f_008.de0","49.84130522254063,7.991306753476457,49.840096973748416,7.9931945839694665","49.84130522254063,7.991306753476457","WARNING","A61 | Sitzborn - Gau-Bickelheim"," Koblenz -> Ludwigshafen",NA,NA,NA,2025-05-24,"Beginn: 24.05.25 um 15:48 Uhr  Fahrzeug-Hindernis, seit 24.05.2025, 15:48 A61: Koblenz -> Ludwigshafen, zwischen 3.4 km hinter Sitzborn und 0.3 km vor AS Gau-Bickelheim Gefahr durch ein defektes Fahrzeug auf der Fahrbahn",49.8413052225406,7.99130675347646
"A61","undefined--vi-hind.2025-05-24_15-07-19-000.f_008.de0","49.946420913438246,7.7929259692121695,49.94798735539597,7.791867669913839","49.946420913438246,7.7929259692121695","WARNING","A61 | Waldlaubersheim - Stromberg"," Ludwigshafen -> Koblenz",NA,NA,NA,2025-05-24,"Beginn: 24.05.25 um 15:07 Uhr  Fahrzeug-Hindernis, seit 24.05.2025, 15:07 A61: Ludwigshafen -> Koblenz, zwischen 3.6 km hinter AS Waldlaubersheim und 0.1 km vor AS Stromberg Gefahr durch ein defektes Fahrzeug auf der Fahrbahn",49.9464209134382,7.79292596921217
"A61","undefined--vi-avl.2025-05-24_15-48-55-000.f_001.de0","50.39075304413377,7.253079849059757,50.412616300939234,7.235821399998153","50.39075304413377,7.253079849059757","WARNING","A61 | In Dürpel - Brohltal-Ost"," Koblenz -> Mönchengladbach",1,"SLOW_TRAFFIC","52.400001525878906",2025-05-24,"Beginn: 24.05.25 um 15:48 Uhr  Angespannte Verkehrslage, seit 24.05.2025, 15:48 A61: Koblenz -> Mönchengladbach, zwischen In Dürpel und 3.1 km vor Brohltal-Ost  Langsamer Verkehr Reisezeitverlust: 1 Minuten Durchschnittsgeschwindigkeit: 52 km/h",50.3907530441338,7.25307984905976
"A61","undefined--vi-hind.2025-05-24_16-55-51-000.f_004.de0","50.59889313893058,7.014110525194215,50.59810195670208,7.01622864521979","50.59889313893058,7.014110525194215","WARNING","A61 | Rheinbach - Meckenheim"," Mönchengladbach -> Koblenz",NA,NA,NA,2025-05-24,"Beginn: 24.05.25 um 16:55 Uhr  Fahrzeug-Hindernis, seit 24.05.2025, 16:55 A61: Mönchengladbach -> Koblenz, zwischen 3.5 km hinter AS Rheinbach und 1.1 km vor AK Meckenheim Gefahr durch ein defektes Fahrzeug auf der Fahrbahn",50.5988931389306,7.01411052519421
"A67","undefined--vi-avl.2025-05-24_17-25-11-000.f.de0","49.93101368018325,8.488738505323841,49.94300637396757,8.478109544604091","49.93101368018325,8.488738505323841","WARNING","A67 | Büttelborn - Rüsselsheimer Dreieck"," Darmstadt -> Mönchhof-Dreieck",1,"QUEUING_TRAFFIC","37.70000076293945",2025-05-24,"Beginn: 24.05.25 um 17:25 Uhr  Angespannte Verkehrslage, seit 24.05.2025, 17:25 A67: Darmstadt -> Mönchhof-Dreieck, zwischen 3.6 km hinter AS Büttelborn und 4.1 km vor AD Rüsselsheimer Dreieck  Stockender Verkehr Reisezeitverlust: 1 Minuten Durchschnittsgeschwindigkeit: 37 km/h",49.9310136801832,8.48873850532384
"A67","undefined--vi-avl.2025-05-24_17-26-04-000.f_006.de0","49.93101368018325,8.488738505323841,49.93101368018325,8.488738505323841","49.93101368018325,8.488738505323841","WARNING","A67 | Groß-Gerau - Groß-Gerau"," Darmstadt -> Mönchhof-Dreieck",NA,"QUEUING_TRAFFIC","26",2025-05-24,"Beginn: 24.05.25 um 17:32 Uhr  Angespannte Verkehrslage, seit 24.05.2025, 17:32 A67: Darmstadt -> Mönchhof-Dreieck, in Höhe AS Groß-Gerau, aus Richtung Büttelborn  Stockender Verkehr Durchschnittsgeschwindigkeit: 26 km/h",49.9310136801832,8.48873850532384
"A73","undefined--vi-hind.2025-05-24_16-04-09-000.f_013.de0","49.73903410094225,11.054526300003637,49.79372460094202,11.027220200003418","49.73903410094225,11.054526300003637","WARNING","A73 | Forchheim-Nord - Buttenheim"," Nürnberg -> Bamberg",NA,NA,NA,2025-05-24,"Beginn: 24.05.25 um 16:04 Uhr  Fahrzeug-Hindernis, seit 24.05.2025, 16:04 A73: Nürnberg -> Bamberg, zwischen 0.3 km hinter AS Forchheim-Nord und 0.2 km vor AS Buttenheim Gefahr durch ein defektes Fahrzeug auf der Fahrbahn",49.7390341009422,11.0545263000036
"A81","undefined--vi-avl.2025-05-24_17-11-45-000.f_002.de0","48.701135578932146,9.02674123347697,48.71604002208417,9.054327260901392","48.701135578932146,9.02674123347697","WARNING","A81 | Böblingen/Sindelfingen - Stuttgart"," Singen -> Stuttgart",1,"SLOW_TRAFFIC","47.599998474121094",2025-05-24,"Beginn: 24.05.25 um 17:11 Uhr  Angespannte Verkehrslage, seit 24.05.2025, 17:11 A81: Singen -> Stuttgart, zwischen 2.0 km hinter AS Böblingen/Sindelfingen und 2.1 km vor AK Stuttgart  Langsamer Verkehr Reisezeitverlust: 1 Minuten Durchschnittsgeschwindigkeit: 47 km/h",48.7011355789321,9.02674123347697
"A81","undefined--vi-avl.2025-05-24_17-32-18-000.f_001.de0","48.701135578932146,9.02674123347697,48.701135578932146,9.02674123347697","48.701135578932146,9.02674123347697","WARNING","A81 | Böblingen-Ost - Böblingen-Ost"," Singen -> Stuttgart",NA,"SLOW_TRAFFIC","25",2025-05-24,"Beginn: 24.05.25 um 17:32 Uhr  Angespannte Verkehrslage, seit 24.05.2025, 17:32 A81: Singen -> Stuttgart, 0.6 km vor AS Böblingen-Ost, aus Richtung Böblingen/Sindelfingen  Langsamer Verkehr Durchschnittsgeschwindigkeit: 25 km/h",48.7011355789321,9.02674123347697
"A81","undefined--vi-zus.2025-05-24_17-16-48-000.f.de0","48.70752394121826,9.051403210440462,48.70236628997083,9.030355940299463","48.70752394121826,9.051403210440462","WARNING","A81 | Stuttgart - Böblingen/Sindelfingen"," Stuttgart -> Singen",0,"SLOW_TRAFFIC","54.400001525878906",2025-05-24,"Beginn: 24.05.25 um 17:28 Uhr  Zusammengesetzte Verkehrsinformation, seit 24.05.2025, 17:28 A81: Stuttgart -> Singen, zwischen 2.3 km hinter AK Stuttgart und 2.3 km vor AS Böblingen/Sindelfingen  Langsamer Verkehr Reisezeitverlust: 0 Minuten Durchschnittsgeschwindigkeit: 54 km/h",48.7075239412183,9.05140321044046
"A111","undefined--vi-hind.2025-05-24_17-30-11-000.f.de0","52.692299039735985,13.203981691704168,52.692656537991674,13.203594617674689","52.692299039735985,13.203981691704168","WARNING","A111 | Hennigsdorf - Kreuz Oranienburg"," Charlottenburg -> Dreieck Oranienburg",NA,NA,NA,2025-05-24,"Beginn: 24.05.25 um 17:30 Uhr  Fahrzeug-Hindernis, seit 24.05.2025, 17:30 A111: Charlottenburg -> Dreieck Oranienburg, zwischen 2.5 km hinter AS Hennigsdorf und 1.3 km vor AD Kreuz Oranienburg Gefahr durch ein defektes Fahrzeug auf der Fahrbahn",52.692299039736,13.2039816917042
"A113","undefined--vi-avl.2025-05-24_08-15-30-000.f_001.de0","52.44663737720714,13.471679912948511,52.44663737720714,13.471679912948511","52.44663737720714,13.471679912948511","WARNING","A113 | Späthstraße - Späthstraße"," Schönefeld -> Neukölln",NA,"STATIONARY_TRAFFIC","2",2025-05-24,"Beginn: 24.05.25 um 17:32 Uhr  Angespannte Verkehrslage, seit 24.05.2025, 17:32 A113: Schönefeld -> Neukölln, 1.1 km vor AS Späthstraße, aus Richtung Johannisthaler Chaussee  Im Stillstand Durchschnittsgeschwindigkeit: 2 km/h",52.4466373772071,13.4716799129485
"A113","undefined--vi-zus.2025-05-23_04-57-30-000.f.de0","52.43617318100181,13.493052326243479,52.427730500930934,13.517008500122175","52.43617318100181,13.493052326243479","WARNING","A113 | Johannisthaler Chaussee - Rudower Höhe"," Neukölln -> Schönefeld",NA,NA,NA,2025-05-23,"Beginn: 23.05.25 um 04:57 Uhr  Zusammengesetzte Verkehrsinformation, seit 23.05.2025, 04:57 A113: Neukölln -> Schönefeld, zwischen 1.2 km hinter AS Johannisthaler Chaussee und 1.0 km vor Rudower Höhe  A113 Autobahnzubringer Dresden, Neukölln Richtung Schönefeld
zwischen Stubenrauchstraße und Tunnel Rudower Höhe
linker Fahrstreifen gesperrt, Bauarbeiten, bis voraussichtlich 20.06.2025",52.4361731810018,13.4930523262435
"A113","undefined--vi-avl.2025-05-24_08-15-00-000.f.de0","52.44663737720714,13.471679912948511,52.45209490093047,13.462718900114677","52.44663737720714,13.471679912948511","WARNING","A113 | Johannisthaler Chaussee - Späthstraße"," Schönefeld -> Neukölln",15,"STATIONARY_TRAFFIC","3.200000047683716",2025-05-24,"Beginn: 24.05.25 um 08:15 Uhr  Angespannte Verkehrslage, seit 24.05.2025, 08:15 A113: Schönefeld -> Neukölln, zwischen 0.6 km hinter AS Johannisthaler Chaussee und 0.2 km vor AS Späthstraße  Im Stillstand Reisezeitverlust: 15 Minuten Durchschnittsgeschwindigkeit: 3 km/h",52.4466373772071,13.4716799129485
"A113","undefined--vi-zus.2025-05-24_14-46-02-000.f_009.de0","52.37839908826458,13.542599091402097,52.36931552754615,13.548195838188391","52.37839908826458,13.542599091402097","WARNING","A113 | Schönefeld-Süd - Waltersdorf"," Neukölln -> Schönefeld",NA,NA,NA,2025-05-24,"Beginn: 24.05.25 um 14:46 Uhr  Zusammengesetzte Verkehrsinformation, seit 24.05.2025, 14:46 A113: Neukölln -> Schönefeld, zwischen 2.1 km hinter AS Schönefeld-Süd und 0.5 km vor AD Waltersdorf  Gefahr durch Personen auf der Fahrbahn  A113 Autobahnzubringer Dresden, Neukölln Richtung Schönefeld in Höhe Dreieck Flughafen Berlin Brandenburg Gefahr durch liegengebliebenes Fahrzeug, Gefahr durch Personen auf der Fahrbahn, bitte vorsichtig fahren",52.3783990882646,13.5425990914021
"A115","undefined--vi-zus.2024-10-09_07-09-40-000.f_531.de0","52.40027056808641,13.185163736426698,52.44227384698058,13.202709435405149","52.40027056808641,13.185163736426698","WARNING","A115 | Am Stern - Hüttenweg"," Dreieck Nuthetal -> Dreieck Funkturm",NA,NA,NA,2024-10-09,"Beginn: 09.10.24 um 07:09 Uhr  Zusammengesetzte Verkehrsinformation, seit 09.10.2024, 07:09 A115: Dreieck Nuthetal -> Dreieck Funkturm, zwischen 2.9 km hinter Am Stern und 3.8 km vor AS Hüttenweg  A115 Autobahnzubringer Magdeburg, Dreieck Nuthetal Richtung Dreieck Funkturm, zwischen Anschlussstelle Kleinmachnow und Anschlussstelle Spanische Allee, Baustelle, bis 31.10.2026 17:00 Uhr",52.4002705680864,13.1851637364267
"A115","undefined--vi-avl.2025-05-24_12-20-34-000.f_001.de0","52.40196495537604,13.187075268510544,52.409010539380716,13.195052580442711","52.40196495537604,13.187075268510544","WARNING","A115 | Am Stern - Dreilinden"," Dreieck Nuthetal -> Dreieck Funkturm",2,"STATIONARY_TRAFFIC","21.200000762939453",2025-05-24,"Beginn: 24.05.25 um 12:20 Uhr  Angespannte Verkehrslage, seit 24.05.2025, 12:20 A115: Dreieck Nuthetal -> Dreieck Funkturm, zwischen 3.1 km hinter Am Stern und 0.8 km vor Dreilinden  Im Stillstand Reisezeitverlust: 2 Minuten Durchschnittsgeschwindigkeit: 21 km/h",52.401964955376,13.1870752685105
"A115","undefined--vi-avl.2025-05-24_14-08-15-000.f_002.de0","52.40183179349688,13.18692539387081,52.40183179349688,13.18692539387081","52.40183179349688,13.18692539387081","WARNING","A115 | Kleinmachnow - Kleinmachnow"," Dreieck Nuthetal -> Dreieck Funkturm",NA,"STATIONARY_TRAFFIC","15",2025-05-24,"Beginn: 24.05.25 um 17:32 Uhr  Angespannte Verkehrslage, seit 24.05.2025, 17:32 A115: Dreieck Nuthetal -> Dreieck Funkturm, 0.1 km vor AS Kleinmachnow, aus Richtung Am Stern  Im Stillstand Durchschnittsgeschwindigkeit: 15 km/h",52.4018317934969,13.1869253938708
"A115","undefined--vi-avl.2025-05-24_17-23-31-000.f.de0","52.430510883308486,13.191853704627771,52.43865263684971,13.198142108972336","52.430510883308486,13.191853704627771","WARNING","A115 | Kreuz Zehlendorf - Hüttenweg"," Dreieck Nuthetal -> Dreieck Funkturm",0,"SLOW_TRAFFIC","37.29999923706055",2025-05-24,"Beginn: 24.05.25 um 17:23 Uhr  Angespannte Verkehrslage, seit 24.05.2025, 17:23 A115: Dreieck Nuthetal -> Dreieck Funkturm, zwischen 1.2 km hinter AS Kreuz Zehlendorf und 4.3 km vor AS Hüttenweg  Langsamer Verkehr Reisezeitverlust: 0 Minuten Durchschnittsgeschwindigkeit: 37 km/h",52.4305108833085,13.1918537046278
"A115","undefined--vi-zus.2024-10-13_05-33-30-000.f_688.de0","52.44029442937371,13.199911385595513,52.43107524997983,13.191805707063864","52.44029442937371,13.199911385595513","WARNING","A115 | Hüttenweg - Kreuz Zehlendorf"," Dreieck Funkturm -> Dreieck Nuthetal",NA,NA,NA,2024-10-13,"Beginn: 13.10.24 um 05:33 Uhr  Zusammengesetzte Verkehrsinformation, seit 13.10.2024, 05:33 A115: Dreieck Funkturm -> Dreieck Nuthetal, zwischen 4.1 km hinter AS Hüttenweg und 1.3 km vor AS Kreuz Zehlendorf  A115 Dreieck Funkturm Richtung Dreieck Nuthetal
zwischen Spanische Allee und Kleinmachnow
Verkehr wird über die Gegenfahrbahn geleitet, geänderte Verkehrsführung im Baustellenbereich, Bauarbeiten",52.4402944293737,13.1999113855955
"A620","undefined--vi-avl.2025-05-24_17-13-20-000.f_002.de0","49.24274035704479,6.860005608275498,49.24274035704479,6.860005608275498","49.24274035704479,6.860005608275498","WARNING","A620 | Völklingen-Geislautern - Völklingen-Geislautern"," Saarbrücken -> Saarlouis",NA,"SLOW_TRAFFIC","10",2025-05-24,"Beginn: 24.05.25 um 17:32 Uhr  Angespannte Verkehrslage, seit 24.05.2025, 17:32 A620: Saarbrücken -> Saarlouis, 0.9 km vor AS Völklingen-Geislautern, aus Richtung Völklingen  Langsamer Verkehr Durchschnittsgeschwindigkeit: 10 km/h",49.2427403570448,6.8600056082755
"A620","undefined--vi-zus.2025-05-24_17-08-41-000.f.de0","49.2427798413466,6.860061747976271,49.241721507476605,6.842381928626527","49.2427798413466,6.860061747976271","WARNING","A620 | Völklingen - Völklingen-Wehrden"," Saarbrücken -> Saarlouis",1,"SLOW_TRAFFIC","28.700000762939453",2025-05-24,"Beginn: 24.05.25 um 17:08 Uhr  Zusammengesetzte Verkehrsinformation, seit 24.05.2025, 17:08 A620: Saarbrücken -> Saarlouis, zwischen 0.3 km hinter AS Völklingen und 1.6 km vor AS Völklingen-Wehrden  Langsamer Verkehr Reisezeitverlust: 1 Minuten Durchschnittsgeschwindigkeit: 28 km/h",49.2427798413466,6.86006174797627
"A661","undefined--vi-hind.2025-05-24_17-06-14-000.f_005.de0","50.20606633274416,8.624832317997447,50.210767126135934,8.60360814882969","50.20606633274416,8.624832317997447","WARNING","A661 | Bad Homburg - Oberursel-Nord"," Darmstadt -> Bad Homburg",NA,NA,NA,2025-05-24,"Beginn: 24.05.25 um 17:06 Uhr  Fahrzeug-Hindernis, seit 24.05.2025, 17:06 A661: Darmstadt -> Bad Homburg, zwischen 0.1 km hinter AS Bad Homburg und 2.0 km vor AS Oberursel-Nord Gefahr durch ein defektes Fahrzeug auf der Fahrbahn",50.2060663327442,8.62483231799745
"A861","undefined--vi-avl.2025-05-24_10-00-11-000.f_004.de0","47.56154658812018,7.758432327644411,47.56154658812018,7.758432327644411","47.56154658812018,7.758432327644411","WARNING","A861 | Rheinfelden-Süd - Rheinfelden-Süd"," Dreieck Hochrhein -> Grenzübergang Rheinfelden",NA,"STATIONARY_TRAFFIC","6",2025-05-24,"Beginn: 24.05.25 um 17:32 Uhr  Angespannte Verkehrslage, seit 24.05.2025, 17:32 A861: Dreieck Hochrhein -> Grenzübergang Rheinfelden, 1.3 km vor AS Rheinfelden-Süd, aus Richtung Rheinfelden-Mitte  Im Stillstand Durchschnittsgeschwindigkeit: 6 km/h",47.5615465881202,7.75843232764441
"A861","undefined--vi-avl.2025-05-24_09-32-00-000.f_001.de0","47.56152878741051,7.758428443335227,47.549025915970084,7.758087075354032","47.56152878741051,7.758428443335227","WARNING","A861 | Rheinfelden-Mitte - Rheinfelden"," Dreieck Hochrhein -> Grenzübergang Rheinfelden",11,"STATIONARY_TRAFFIC","6.599999904632568",2025-05-24,"Beginn: 24.05.25 um 09:32 Uhr  Angespannte Verkehrslage, seit 24.05.2025, 09:32 A861: Dreieck Hochrhein -> Grenzübergang Rheinfelden, zwischen 0.8 km hinter AS Rheinfelden-Mitte und 0.1 km vor Rheinfelden  Im Stillstand Reisezeitverlust: 11 Minuten Durchschnittsgeschwindigkeit: 6 km/h",47.5615287874105,7.75842844333523
