"road","identifier","extent","point","display_type","title","subtitle","delay_minutes","abnormalTrafficType","averageSpeed","startTimestamp","description","latitude","longitude"
"A1","undefined--vi-hind.2025-05-23_19-26-20-000.f.de0","49.90412509130561,6.853460202887012,49.90245530394217,6.853206335554334","49.90412509130561,6.853460202887012","WARNING","A1 | Pohlbach - Salmtal"," Köln/Koblenz -> Trier",NA,NA,NA,2025-05-23,"Beginn: 23.05.25 um 19:26 Uhr  Fahrzeug-Hindernis, seit 23.05.2025, 19:26 A1: Köln/Koblenz -> Trier, zwischen 1.8 km hinter Pohlbach und 0.2 km vor AS Salmtal Gefahr durch ein defektes Fahrzeug auf der Fahrbahn",49.9041250913056,6.85346020288701
"A1","undefined--vi-avl.2025-05-23_18-49-13-000.f.de0","50.835714032771264,6.794534329348944,50.84805880282992,6.803092480988543","50.835714032771264,6.794534329348944","WARNING","A1 | Erfttal - Hürth"," Euskirchen -> Köln",3,"STATIONARY_TRAFFIC","19.700000762939453",2025-05-23,"Beginn: 23.05.25 um 18:49 Uhr  Angespannte Verkehrslage, seit 23.05.2025, 18:49 A1: Euskirchen -> Köln, zwischen 2.3 km hinter AD Erfttal und AS Hürth  Im Stillstand Reisezeitverlust: 3 Minuten Durchschnittsgeschwindigkeit: 19 km/h",50.8357140327713,6.79453432934894
"A1","undefined--vi-avl.2025-05-23_18-53-07-000.f_003.de0","50.835714032771264,6.794534329348944,50.835714032771264,6.794534329348944","50.835714032771264,6.794534329348944","WARNING","A1 | Hürth - Hürth"," Euskirchen -> Köln",NA,"STATIONARY_TRAFFIC","11",2025-05-23,"Beginn: 23.05.25 um 19:46 Uhr  Angespannte Verkehrslage, seit 23.05.2025, 19:46 A1: Euskirchen -> Köln, 1.5 km vor AS Hürth, aus Richtung Erfttal  Im Stillstand Durchschnittsgeschwindigkeit: 11 km/h",50.8357140327713,6.79453432934894
"A1","undefined--vi-avl.2025-05-23_10-57-10-000.f_003.de0","53.03081232817347,8.925901965177653,53.03081232817347,8.925901965177653","53.03081232817347,8.925901965177653","WARNING","A1 | Bremen-Hemelingen - Bremen-Hemelingen"," Bremen -> Osnabrück",NA,"STATIONARY_TRAFFIC","26",2025-05-23,"Beginn: 23.05.25 um 19:46 Uhr  Angespannte Verkehrslage, seit 23.05.2025, 19:46 A1: Bremen -> Osnabrück, 2.9 km vor AS Bremen-Hemelingen, aus Richtung Mahndorfer Marsch  Im Stillstand Durchschnittsgeschwindigkeit: 26 km/h",53.0308123281735,8.92590196517765
"A1","undefined--vi-avl.2025-05-23_05-51-00-000.f_006.de0","53.03081232817347,8.925901965177653,53.031460453437994,8.864211532227444","53.03081232817347,8.925901965177653","WARNING","A1 | Mahndorfer Marsch - Bremen-Arsten"," Bremen -> Osnabrück",8,"STATIONARY_TRAFFIC","25.799999237060547",2025-05-23,"Beginn: 23.05.25 um 05:51 Uhr  Angespannte Verkehrslage, seit 23.05.2025, 05:51 A1: Bremen -> Osnabrück, zwischen 1.3 km hinter Mahndorfer Marsch und 0.4 km vor AS Bremen-Arsten  Im Stillstand Reisezeitverlust: 8 Minuten Durchschnittsgeschwindigkeit: 25 km/h",53.0308123281735,8.92590196517765
"A2","undefined--vi-avl.2025-05-23_19-01-25-000.f.de0","51.5386298801034,6.843310174342619,51.53892607085557,6.868237822075495","51.5386298801034,6.843310174342619","WARNING","A2 | Oberhausen - Oberhausen-Königshardt"," Oberhausen -> Dortmund",8,"STATIONARY_TRAFFIC","11.399999618530273",2025-05-23,"Beginn: 23.05.25 um 19:01 Uhr  Angespannte Verkehrslage, seit 23.05.2025, 19:01 A2: Oberhausen -> Dortmund, zwischen 0.6 km hinter AK Oberhausen und 0.1 km vor AS Oberhausen-Königshardt  Im Stillstand Reisezeitverlust: 8 Minuten Durchschnittsgeschwindigkeit: 11 km/h",51.5386298801034,6.84331017434262
"A2","undefined--vi-avl.2025-05-23_19-02-22-000.f_004.de0","51.5386298801034,6.843310174342619,51.5386298801034,6.843310174342619","51.5386298801034,6.843310174342619","WARNING","A2 | Oberhausen-Königshardt - Oberhausen-Königshardt"," Oberhausen -> Dortmund",NA,"STATIONARY_TRAFFIC","5",2025-05-23,"Beginn: 23.05.25 um 19:46 Uhr  Angespannte Verkehrslage, seit 23.05.2025, 19:46 A2: Oberhausen -> Dortmund, 1.8 km vor AS Oberhausen-Königshardt, aus Richtung Oberhausen  Im Stillstand Durchschnittsgeschwindigkeit: 5 km/h",51.5386298801034,6.84331017434262
"A2","undefined--vi-hind.2025-05-23_19-44-30-000.f.de0","51.60148105421806,7.71206105421884,51.60189245540022,7.714198612022134","51.60148105421806,7.71206105421884","WARNING","A2 | Kamener Kreuz - Kolberg"," Dortmund -> Hannover",NA,NA,NA,2025-05-23,"Beginn: 23.05.25 um 19:44 Uhr  Fahrzeug-Hindernis, seit 23.05.2025, 19:44 A2: Dortmund -> Hannover, zwischen 1.7 km hinter AK Kamener Kreuz und 1.5 km vor Kolberg Gefahr durch ein defektes Fahrzeug auf der Fahrbahn",51.6014810542181,7.71206105421884
"A2","undefined--vi-avl.2025-05-23_19-37-00-000.f.de0","52.235414976357504,11.021691136425574,52.235414976357504,11.021691136425574","52.235414976357504,11.021691136425574","WARNING","A2 | Helmstedt-Zentrum - Helmstedt-Zentrum"," Magdeburg -> Braunschweig",NA,"STATIONARY_TRAFFIC","13",2025-05-23,"Beginn: 23.05.25 um 19:46 Uhr  Angespannte Verkehrslage, seit 23.05.2025, 19:46 A2: Magdeburg -> Braunschweig, 1.0 km vor AS Helmstedt-Zentrum, aus Richtung Helmstedt Süd  Im Stillstand Durchschnittsgeschwindigkeit: 13 km/h",52.2354149763575,11.0216911364256
"A2","undefined--vi-avl.2025-05-23_17-27-40-000.f_026.de0","52.237895279353054,11.018312605086646,52.22047202620676,11.054332519985369","52.237895279353054,11.018312605086646","WARNING","A2 | Helmstedt-Zentrum - Lappwald Nord"," Braunschweig -> Magdeburg",7,"STATIONARY_TRAFFIC","20.600000381469727",2025-05-23,"Beginn: 23.05.25 um 17:27 Uhr  Angespannte Verkehrslage, seit 23.05.2025, 17:27 A2: Braunschweig -> Magdeburg, zwischen 0.6 km hinter AS Helmstedt-Zentrum und 0.4 km vor Lappwald Nord  Im Stillstand Reisezeitverlust: 7 Minuten Durchschnittsgeschwindigkeit: 20 km/h",52.2378952793531,11.0183126050866
"A2","undefined--vi-avl.2025-05-23_19-16-08-000.f.de0","52.23546638690889,11.021632054769837,52.2437263987944,11.008354834388639","52.23546638690889,11.021632054769837","WARNING","A2 | Helmstedt Süd - Helmstedt-West"," Magdeburg -> Braunschweig",3,"STATIONARY_TRAFFIC","19.799999237060547",2025-05-23,"Beginn: 23.05.25 um 19:16 Uhr  Angespannte Verkehrslage, seit 23.05.2025, 19:16 A2: Magdeburg -> Braunschweig, zwischen 0.3 km hinter Helmstedt Süd und 2.6 km vor AS Helmstedt-West  Im Stillstand Reisezeitverlust: 3 Minuten Durchschnittsgeschwindigkeit: 19 km/h",52.2354663869089,11.0216320547698
"A2","undefined--vi-avl.2025-05-23_19-42-31-000.f.de0","52.23796633076292,11.01822292967367,52.23796633076292,11.01822292967367","52.23796633076292,11.01822292967367","WARNING","A2 | Helmstedt Süd - Helmstedt Süd"," Braunschweig -> Magdeburg",NA,"STATIONARY_TRAFFIC","16",2025-05-23,"Beginn: 23.05.25 um 19:46 Uhr  Angespannte Verkehrslage, seit 23.05.2025, 19:46 A2: Braunschweig -> Magdeburg, 0.6 km vor Helmstedt Süd, aus Richtung Helmstedt-Zentrum  Im Stillstand Durchschnittsgeschwindigkeit: 16 km/h",52.2379663307629,11.0182229296737
"A2","undefined--vi-avl.2025-05-23_19-46-00-000.f_004.de0","52.20713990092896,11.135662400003698,52.208306056952125,11.150238903551443","52.20713990092896,11.135662400003698","WARNING","A2 | Alleringersleben - Lorkberg"," Braunschweig -> Magdeburg",0,"SLOW_TRAFFIC","48.900001525878906",2025-05-23,"Beginn: 23.05.25 um 19:46 Uhr  Angespannte Verkehrslage, seit 23.05.2025, 19:46 A2: Braunschweig -> Magdeburg, zwischen 0.1 km hinter AS Alleringersleben und 6.7 km vor Lorkberg  Langsamer Verkehr Reisezeitverlust: 0 Minuten Durchschnittsgeschwindigkeit: 48 km/h",52.207139900929,11.1356624000037
"A2","undefined--vi-zus.2025-05-23_18-52-34-000.f_002.de0","52.33856234405578,12.698662064256032,52.34080110092891,12.753443400050127","52.33856234405578,12.698662064256032","WARNING","A2 | Netzen - Lehnin"," Magdeburg -> Berliner Ring",NA,NA,NA,2025-05-23,"Beginn: 23.05.25 um 18:52 Uhr  Zusammengesetzte Verkehrsinformation, seit 23.05.2025, 18:52 A2: Magdeburg -> Berliner Ring, zwischen AS Netzen und 0.3 km vor AS Lehnin  A2 Magdeburg Richtung Berliner Ring zwischen Netzen und Lehnin 1 Unfall auf dem Standstreifen, fahren Sie bitte besonders vorsichtig, Polizei ist benachrichtigt",52.3385623440558,12.698662064256
"A2","undefined--vi-avl.2025-05-23_19-10-33-000.f.de0","51.534522200933196,6.827170999995847,51.5386298801034,6.843310174342619","51.534522200933196,6.827170999995847","WARNING","Baustelle"," km 473.65 --> km 472.42",14,"STATIONARY_TRAFFIC","4.800000190734863",2025-05-23,"Beginn: 23.05.25 um 19:10 Uhr  Angespannte Verkehrslage, seit 23.05.2025, 19:10 A2: km 473.65 --> km 472.42  Im Stillstand Reisezeitverlust: 14 Minuten Durchschnittsgeschwindigkeit: 4 km/h",51.5345222009332,6.82717099999585
"A2","undefined--vi-avl.2025-05-23_19-11-30-000.f_002.de0","51.534522200933196,6.827170999995847,51.534522200933196,6.827170999995847","51.534522200933196,6.827170999995847","WARNING","Baustelle","",NA,"STATIONARY_TRAFFIC","4",2025-05-23,"Beginn: 23.05.25 um 19:44 Uhr  Angespannte Verkehrslage, seit 23.05.2025, 19:44 A2 O  Im Stillstand Durchschnittsgeschwindigkeit: 4 km/h",51.5345222009332,6.82717099999585
"A3","undefined--vi-hind.2025-05-23_19-33-07-000.f_001.de0","48.99976850094526,12.361676300043584,48.995196600945285,12.40702850004674","48.99976850094526,12.361676300043584","WARNING","A3 | Rosenhof - Wörth an der Donau-Ost"," Nürnberg -> Passau",NA,NA,NA,2025-05-23,"Beginn: 23.05.25 um 19:33 Uhr  Fahrzeug-Hindernis, seit 23.05.2025, 19:33 A3: Nürnberg -> Passau, zwischen 9.0 km hinter AS Rosenhof und 0.2 km vor AS Wörth an der Donau-Ost",48.9997685009453,12.3616763000436
"A3","undefined--vi-avl.2025-05-23_19-46-00-000.f_003.de0","49.38311870094364,11.333091900006748,49.38311870094364,11.333091900006748","49.38311870094364,11.333091900006748","WARNING","A3 | Altdorf/Burgthann - Altdorf/Burgthann"," Nürnberg -> Passau",NA,"QUEUING_TRAFFIC","28",2025-05-23,"Beginn: 23.05.25 um 19:46 Uhr  Angespannte Verkehrslage, seit 23.05.2025, 19:46 A3: Nürnberg -> Passau, 0.5 km vor AS Altdorf/Burgthann, aus Richtung Vogelherd  Stockender Verkehr Durchschnittsgeschwindigkeit: 28 km/h",49.3831187009436,11.3330919000067
"A3","undefined--vi-hind.2025-05-23_15-09-25-000.f_011.de0","49.380533400943676,11.343884400006912,49.37743166281344,11.367694369483354","49.380533400943676,11.343884400006912","WARNING","A3 | Altdorf/Burgthann - Klosterblick"," Nürnberg -> Passau",NA,NA,NA,2025-05-23,"Beginn: 23.05.25 um 15:09 Uhr  Fahrzeug-Hindernis, seit 23.05.2025, 15:09 A3: Nürnberg -> Passau, zwischen 0.3 km hinter AS Altdorf/Burgthann und 3.4 km vor Klosterblick",49.3805334009437,11.3438844000069
"A3","undefined--vi-avl.2025-05-23_19-44-00-000.f_001.de0","49.38311870094364,11.333091900006748,49.38154920094366,11.340370000006855","49.38311870094364,11.333091900006748","WARNING","A3 | Vogelherd - Klosterblick"," Nürnberg -> Passau",0,"QUEUING_TRAFFIC","37.400001525878906",2025-05-23,"Beginn: 23.05.25 um 19:44 Uhr  Angespannte Verkehrslage, seit 23.05.2025, 19:44 A3: Nürnberg -> Passau, zwischen 0.4 km hinter Vogelherd und 5.5 km vor Klosterblick  Stockender Verkehr Reisezeitverlust: 0 Minuten Durchschnittsgeschwindigkeit: 37 km/h",49.3831187009436,11.3330919000067
"A3","undefined--vi-avl.2025-05-23_19-46-00-000.f_001.de0","50.066789456420544,8.378354878736626,50.066789456420544,8.378354878736626","50.066789456420544,8.378354878736626","WARNING","A3 | Wiesbadener Kreuz - Wiesbadener Kreuz"," Köln -> Frankfurt",NA,"QUEUING_TRAFFIC","21",2025-05-23,"Beginn: 23.05.25 um 19:46 Uhr  Angespannte Verkehrslage, seit 23.05.2025, 19:46 A3: Köln -> Frankfurt, 1.4 km vor AK Wiesbadener Kreuz, aus Richtung Medenbach  Stockender Verkehr Durchschnittsgeschwindigkeit: 21 km/h",50.0667894564205,8.37835487873663
"A3","undefined--vi-hind.2025-05-23_19-21-00-000.f_002.de0","50.69011590093787,7.2706713999983075,50.69011590093787,7.2706713999983075","50.69011590093787,7.2706713999983075","WARNING","A3 | Bonn/Siegburg - Siebengebirge"," Köln -> Frankfurt",NA,NA,NA,2025-05-23,"Beginn: 23.05.25 um 19:21 Uhr  Fahrzeug-Hindernis, seit 23.05.2025, 19:21 A3: Köln -> Frankfurt, zwischen 10.6 km hinter AK Bonn/Siegburg und 0.5 km vor AS Siebengebirge Gefahr durch ein defektes Fahrzeug auf der Fahrbahn",50.6901159009379,7.27067139999831
"A3","undefined--vi-hind.2025-05-23_18-53-36-000.f_002.de0","50.89966140093679,7.148740499997809,50.91478270093672,7.106079899997601","50.89966140093679,7.148740499997809","WARNING","A3 | Königsforst - Köln-Heumar"," Frankfurt -> Köln",NA,NA,NA,2025-05-23,"Beginn: 23.05.25 um 18:53 Uhr  Fahrzeug-Hindernis, seit 23.05.2025, 18:53 A3: Frankfurt -> Köln, zwischen 0.4 km hinter Königsforst und 3.4 km vor AD Köln-Heumar Gefahr durch ein defektes Fahrzeug auf der Fahrbahn",50.8996614009368,7.14874049999781
"A3","undefined--vi-hind.2025-05-23_19-31-30-000.f.de0","50.970596894756156,7.02962154278033,50.97032208123663,7.0297258860694","50.970596894756156,7.02962154278033","WARNING","A3 | Köln-Mülheim - Köln-Dellbrück"," Oberhausen -> Köln",NA,NA,NA,2025-05-23,"Beginn: 23.05.25 um 19:31 Uhr  Fahrzeug-Hindernis, seit 23.05.2025, 19:31 A3: Oberhausen -> Köln, zwischen 1.7 km hinter AS Köln-Mülheim und 0.4 km vor AS Köln-Dellbrück Gefahr durch ein defektes Fahrzeug auf der Fahrbahn",50.9705968947562,7.02962154278033
"A3","undefined--vi-avl.2025-05-23_18-37-45-000.f.de0","51.51267118274512,6.81841854438455,51.537502300933184,6.8358212999959145","51.51267118274512,6.81841854438455","WARNING","A3 | Oberhausen-West - Dinslaken-Süd"," Köln -> Arnheim",6,"STATIONARY_TRAFFIC","24",2025-05-23,"Beginn: 23.05.25 um 18:37 Uhr  Angespannte Verkehrslage, seit 23.05.2025, 18:37 A3: Köln -> Arnheim, zwischen 3.0 km hinter AK Oberhausen-West und 3.5 km vor AS Dinslaken-Süd  Im Stillstand Reisezeitverlust: 6 Minuten Durchschnittsgeschwindigkeit: 24 km/h",51.5126711827451,6.81841854438455
"A3","undefined--vi-avl.2025-05-23_19-18-00-000.f_002.de0","51.51242095183276,6.818615078917442,51.51242095183276,6.818615078917442","51.51242095183276,6.818615078917442","WARNING","A3 | Oberhausen-Holten - Oberhausen-Holten"," Oberhausen -> Arnheim",NA,"STATIONARY_TRAFFIC","24",2025-05-23,"Beginn: 23.05.25 um 19:46 Uhr  Angespannte Verkehrslage, seit 23.05.2025, 19:46 A3: Oberhausen -> Arnheim, 0.1 km vor AS Oberhausen-Holten, aus Richtung Oberhausen-West  Im Stillstand Durchschnittsgeschwindigkeit: 24 km/h",51.5124209518328,6.81861507891744
"A4","undefined--vi-avl.2025-05-23_19-41-00-000.f.de0","50.89834777115376,6.909420141071549,50.891618938001756,6.924295559226965","50.89834777115376,6.909420141071549","WARNING","A4 | Köln-Klettenberg - Köln-Eifeltor"," Heerlen/Aachen -> Köln",0,"SLOW_TRAFFIC","58.29999923706055",2025-05-23,"Beginn: 23.05.25 um 19:41 Uhr  Angespannte Verkehrslage, seit 23.05.2025, 19:41 A4: Heerlen/Aachen -> Köln, zwischen AS Köln-Klettenberg und 0.1 km vor AS Köln-Eifeltor  Langsamer Verkehr Reisezeitverlust: 0 Minuten Durchschnittsgeschwindigkeit: 58 km/h",50.8983477711538,6.90942014107155
"A4","undefined--vi-avl.2025-05-23_16-21-31-000.f_048.de0","50.97324041074474,7.469459003669239,50.9736428837301,7.4802182250645295","50.97324041074474,7.469459003669239","WARNING","A4 | Bielstein - Wiehltalbrücke"," Köln -> Olpe",0,"QUEUING_TRAFFIC","40.900001525878906",2025-05-23,"Beginn: 23.05.25 um 16:21 Uhr  Angespannte Verkehrslage, seit 23.05.2025, 16:21 A4: Köln -> Olpe, zwischen 0.4 km hinter AS Bielstein und 0.6 km vor Wiehltalbrücke  Stockender Verkehr Reisezeitverlust: 0 Minuten Durchschnittsgeschwindigkeit: 40 km/h",50.9732404107447,7.46945900366924
"A4","undefined--vi-avl.2025-05-23_16-21-31-000.f_015.de0","50.975390640705896,7.4977665172177295,50.973712816070176,7.517076575506737","50.975390640705896,7.4977665172177295","WARNING","A4 | Wiehltalbrücke - Gummersbach"," Köln -> Olpe",0,"SLOW_TRAFFIC","42.5",2025-05-23,"Beginn: 23.05.25 um 16:21 Uhr  Angespannte Verkehrslage, seit 23.05.2025, 16:21 A4: Köln -> Olpe, zwischen 0.6 km hinter Wiehltalbrücke und 0.6 km vor AS Gummersbach  Langsamer Verkehr Reisezeitverlust: 0 Minuten Durchschnittsgeschwindigkeit: 42 km/h",50.9753906407059,7.49776651721773
"A4","undefined--vi-hind.2025-05-23_18-35-26-000.f_005.de0","51.00548076187627,10.267322118091494,51.00632820093621,10.18821970000053","51.00548076187627,10.267322118091494","WARNING","A4 | Eisenach-West - Werratal"," Erfurt -> Bad Hersfeld",NA,NA,NA,2025-05-23,"Beginn: 23.05.25 um 18:35 Uhr  Hindernis, seit 23.05.2025, 18:35 A4: Erfurt -> Bad Hersfeld, zwischen AS Eisenach-West und 0.5 km vor Werratal  Gefahr durch eine ungesicherte Unfallstelle  Gefahr durch Gegenstände auf der Fahrbahn",51.0054807618763,10.2673221180915
"A4","undefined--vi-hind.2025-05-23_19-26-20-000.f_001.de0","50.85605650093802,12.861995600071305,50.87461920093802,12.910049900075759","50.85605650093802,12.861995600071305","WARNING","A4 | Chemnitz - Auerswalder Blick"," Erfurt -> Dresden",NA,NA,NA,2025-05-23,"Beginn: 23.05.25 um 19:26 Uhr  Fahrzeug-Hindernis, seit 23.05.2025, 19:26 A4: Erfurt -> Dresden, zwischen 1.5 km hinter AK Chemnitz und 3.4 km vor Auerswalder Blick Gefahr durch ein defektes Fahrzeug auf der Fahrbahn",50.856056500938,12.8619956000713
"A4","undefined--vi-avl.2025-05-23_17-49-07-000.f_003.de0","51.118842697315536,13.745640540238949,51.131287560348206,13.749618987026023","51.118842697315536,13.745640540238949","WARNING","A4 | Dresden-Hellerau - Dresden-Nord"," Chemnitz -> Dresden",4,"STATIONARY_TRAFFIC","15.100000381469727",2025-05-23,"Beginn: 23.05.25 um 17:49 Uhr  Angespannte Verkehrslage, seit 23.05.2025, 17:49 A4: Chemnitz -> Dresden, zwischen 1.5 km hinter AS Dresden-Hellerau und 0.6 km vor AD Dresden-Nord  Im Stillstand Reisezeitverlust: 4 Minuten Durchschnittsgeschwindigkeit: 15 km/h",51.1188426973155,13.7456405402389
"A4","undefined--vi-avl.2025-05-23_19-40-30-000.f_005.de0","51.118842697315536,13.745640540238949,51.118842697315536,13.745640540238949","51.118842697315536,13.745640540238949","WARNING","A4 | Dresden-Flughafen - Dresden-Flughafen"," Chemnitz -> Dresden",NA,"STATIONARY_TRAFFIC","9",2025-05-23,"Beginn: 23.05.25 um 19:46 Uhr  Angespannte Verkehrslage, seit 23.05.2025, 19:46 A4: Chemnitz -> Dresden, 0.6 km vor AS Dresden-Flughafen, aus Richtung Dresden-Hellerau  Im Stillstand Durchschnittsgeschwindigkeit: 9 km/h",51.1188426973155,13.7456405402389
"A4","undefined--vi-unf.2025-05-23_18-04-15-000.f_004.de0","51.13761059999151,13.754021085470786,51.17184700094091,13.823013200211461","51.13761059999151,13.754021085470786","WARNING","A4 | Dresden-Nord - Am Eichelberg"," Chemnitz -> Görlitz",NA,NA,NA,2025-05-23,"Beginn: 23.05.25 um 18:04 Uhr  Unfall, seit 23.05.2025, 18:04 A4: Chemnitz -> Görlitz, zwischen 0.2 km hinter AD Dresden-Nord und 1.2 km vor Am Eichelberg",51.1376105999915,13.7540210854708
"A4","undefined--vi-zus.2025-05-23_19-22-33-000.f.de0","51.2063243045852,14.78498119144743,51.21466540856348,14.810398728727833","51.2063243045852,14.78498119144743","WARNING","A4 | Nieder Seifersdorf - Königshainer Berge"," Dresden -> Görlitz",2,"QUEUING_TRAFFIC","30.399999618530273",2025-05-23,"Beginn: 23.05.25 um 19:22 Uhr  Zusammengesetzte Verkehrsinformation, seit 23.05.2025, 19:22 A4: Dresden -> Görlitz, zwischen 1.8 km hinter AS Nieder Seifersdorf und 1.6 km vor Königshainer Berge  Stockender Verkehr Reisezeitverlust: 2 Minuten Durchschnittsgeschwindigkeit: 30 km/h",51.2063243045852,14.7849811914474
"A4","undefined--vi-avl.2025-05-23_19-24-00-000.f_001.de0","51.2063243045852,14.78498119144743,51.2063243045852,14.78498119144743","51.2063243045852,14.78498119144743","WARNING","A4 | Königshainer Berge - Königshainer Berge"," Dresden -> Görlitz",NA,"QUEUING_TRAFFIC","20",2025-05-23,"Beginn: 23.05.25 um 19:46 Uhr  Angespannte Verkehrslage, seit 23.05.2025, 19:46 A4: Dresden -> Görlitz, 3.6 km vor Königshainer Berge, aus Richtung Nieder Seifersdorf  Stockender Verkehr Durchschnittsgeschwindigkeit: 20 km/h",51.2063243045852,14.7849811914474
"A5","undefined--vi-avl.2025-05-23_19-43-30-000.f.de0","47.600942917649334,7.602054219985596,47.600942917649334,7.602054219985596","47.600942917649334,7.602054219985596","WARNING","A5 | Weil am Rhein - Weil am Rhein"," Karlsruhe -> Basel",NA,"SLOW_TRAFFIC","11",2025-05-23,"Beginn: 23.05.25 um 19:43 Uhr  Angespannte Verkehrslage, seit 23.05.2025, 19:43 A5: Karlsruhe -> Basel, 0.4 km vor Weil am Rhein, aus Richtung Weil am Rhein/Hüningen  Langsamer Verkehr Durchschnittsgeschwindigkeit: 11 km/h",47.6009429176493,7.6020542199856
"A5","undefined--vi-avl.2025-05-23_18-17-11-000.f_011.de0","48.71018323650032,8.082215573264913,48.71018323650032,8.082215573264913","48.71018323650032,8.082215573264913","WARNING","A5 | Brachfeld - Brachfeld"," Karlsruhe -> Basel",NA,"STATIONARY_TRAFFIC","8",2025-05-23,"Beginn: 23.05.25 um 19:46 Uhr  Angespannte Verkehrslage, seit 23.05.2025, 19:46 A5: Karlsruhe -> Basel, 4.4 km vor Brachfeld, aus Richtung Bühl  Im Stillstand Durchschnittsgeschwindigkeit: 8 km/h",48.7101832365003,8.08221557326491
"A5","undefined--vi-zus.2025-05-23_13-41-34-000.f_014.de0","48.66028017906483,8.03845535164991,48.656070578239984,8.035256995377697","48.66028017906483,8.03845535164991","WARNING","A5 | Brachfeld - Achern"," Karlsruhe -> Basel",NA,NA,NA,2025-05-23,"Beginn: 23.05.25 um 13:41 Uhr  Zusammengesetzte Verkehrsinformation, seit 23.05.2025, 13:41 A5: Karlsruhe -> Basel, zwischen 2.1 km hinter Brachfeld und 1.4 km vor AS Achern  A5 Karlsruhe Richtung Basel
in Höhe Rastplatz Feldmatt West
Reinigungsarbeiten auf dem rechten und dem mittleren Fahrstreifen, vorausgegangener Unfall, Verkehr wird an der Unfallstelle vorbeigeführt",48.6602801790648,8.03845535164991
"A5","undefined--vi-avl.2025-05-23_14-05-17-000.f_036.de0","48.71018323650032,8.082215573264913,48.6710808326989,8.050477747442173","48.71018323650032,8.082215573264913","WARNING","A5 | Bühl - Feldmatt"," Karlsruhe -> Basel",29,"STATIONARY_TRAFFIC","9.300000190734863",2025-05-23,"Beginn: 23.05.25 um 14:05 Uhr  Angespannte Verkehrslage, seit 23.05.2025, 14:05 A5: Karlsruhe -> Basel, zwischen 2.3 km hinter AS Bühl und 1.7 km vor Feldmatt  Im Stillstand Reisezeitverlust: 29 Minuten Durchschnittsgeschwindigkeit: 9 km/h",48.7101832365003,8.08221557326491
"A5","undefined--vi-avl.2025-05-23_08-21-38-000.f_005.de0","48.89591784017149,8.316387534215592,48.90123030843058,8.336190859763544","48.89591784017149,8.316387534215592","WARNING","A5 | Schleifweg - Karlsruhe-Süd"," Basel -> Karlsruhe",1,"QUEUING_TRAFFIC","43.79999923706055",2025-05-23,"Beginn: 23.05.25 um 08:21 Uhr  Angespannte Verkehrslage, seit 23.05.2025, 08:21 A5: Basel -> Karlsruhe, zwischen 2.1 km hinter Schleifweg und 7.4 km vor AS Karlsruhe-Süd  Stockender Verkehr Reisezeitverlust: 1 Minuten Durchschnittsgeschwindigkeit: 43 km/h",48.8959178401715,8.31638753421559
"A5","undefined--vi-avl.2025-05-23_10-26-13-000.f.de0","48.89591784017149,8.316387534215592,48.89591784017149,8.316387534215592","48.89591784017149,8.316387534215592","WARNING","A5 | Karlsruhe-Süd - Karlsruhe-Süd"," Basel -> Karlsruhe",NA,"QUEUING_TRAFFIC","26",2025-05-23,"Beginn: 23.05.25 um 19:46 Uhr  Angespannte Verkehrslage, seit 23.05.2025, 19:46 A5: Basel -> Karlsruhe, 8.9 km vor AS Karlsruhe-Süd, aus Richtung Schleifweg  Stockender Verkehr Durchschnittsgeschwindigkeit: 26 km/h",48.8959178401715,8.31638753421559
"A5","undefined--vi-avl.2025-05-23_19-42-31-000.f_003.de0","47.60092551466718,7.602060977775508,47.59558040094862,7.603796099999223","47.60092551466718,7.602060977775508","WARNING","Baustelle"," km 812.38 --> km 813.00",1,"SLOW_TRAFFIC","16.799999237060547",2025-05-23,"Beginn: 23.05.25 um 19:43 Uhr  Angespannte Verkehrslage, seit 23.05.2025, 19:43 A5: km 812.38 --> km 813.00  Langsamer Verkehr Reisezeitverlust: 1 Minuten Durchschnittsgeschwindigkeit: 16 km/h",47.6009255146672,7.60206097777551
"A6","undefined--vi-hind.2025-05-23_19-26-20-000.f_002.de0","49.48116639760084,8.545291038308434,49.48248992043624,8.546086529805317","49.48116639760084,8.545291038308434","WARNING","A6 | Mannheim - Linsenbühl"," Heilbronn -> Mannheim",NA,NA,NA,2025-05-23,"Beginn: 23.05.25 um 19:26 Uhr  Fahrzeug-Hindernis, seit 23.05.2025, 19:26 A6: Heilbronn -> Mannheim, zwischen 2.3 km hinter AK Mannheim und 3.1 km vor Linsenbühl Gefahr durch ein defektes Fahrzeug auf der Fahrbahn",49.4811663976008,8.54529103830843
"A6","undefined--vi-avl.2025-05-23_10-10-31-000.f_026.de0","49.27261479239349,8.650379041195052,49.278309076122405,8.627719406063877","49.27261479239349,8.650379041195052","WARNING","A6 | Wiesloch/Rauenberg - Walldorf"," Heilbronn -> Mannheim",0,"SLOW_TRAFFIC","64.80000305175781",2025-05-23,"Beginn: 23.05.25 um 10:10 Uhr  Angespannte Verkehrslage, seit 23.05.2025, 10:10 A6: Heilbronn -> Mannheim, zwischen 3.2 km hinter AS Wiesloch/Rauenberg und 0.6 km vor AK Walldorf  Langsamer Verkehr Reisezeitverlust: 0 Minuten Durchschnittsgeschwindigkeit: 64 km/h",49.2726147923935,8.65037904119505
"A6","undefined--vi-hind.2025-05-23_17-43-30-000.f_004.de0","49.24096246741956,8.889010165769182,49.27631930094402,8.697940299999935","49.24096246741956,8.889010165769182","WARNING","A6 | Sinsheim-Steinsfurt - Wiesloch/Rauenberg"," Heilbronn -> Mannheim",NA,NA,NA,2025-05-23,"Beginn: 23.05.25 um 17:43 Uhr  Fahrzeug-Hindernis, seit 23.05.2025, 17:43 A6: Heilbronn -> Mannheim, zwischen 2.8 km hinter AS Sinsheim-Steinsfurt und 0.3 km vor AS Wiesloch/Rauenberg Gefahr durch ein defektes Fahrzeug auf der Fahrbahn",49.2409624674196,8.88901016576918
"A6","undefined--vi-zus.2025-05-23_19-03-20-000.f_001.de0","49.177034386683395,9.932216024377361,49.17274644416975,10.004316882809617","49.177034386683395,9.932216024377361","WARNING","A6 | Ilshofen/Wolpertshausen - Crailsheim"," Heilbronn -> Nürnberg",5,"QUEUING_TRAFFIC","41.599998474121094",2025-05-23,"Beginn: 23.05.25 um 19:03 Uhr  Zusammengesetzte Verkehrsinformation, seit 23.05.2025, 19:03 A6: Heilbronn -> Nürnberg, zwischen 4.9 km hinter AS Ilshofen/Wolpertshausen und 5.2 km vor AS Crailsheim  Stockender Verkehr Reisezeitverlust: 5 Minuten Durchschnittsgeschwindigkeit: 41 km/h",49.1770343866834,9.93221602437736
"A6","undefined--vi-avl.2025-05-23_19-46-00-000.f.de0","49.17703290103373,9.932120012145068,49.17703290103373,9.932120012145068","49.17703290103373,9.932120012145068","WARNING","A6 | Kirchberg - Kirchberg"," Heilbronn -> Nürnberg",NA,"QUEUING_TRAFFIC","29",2025-05-23,"Beginn: 23.05.25 um 19:46 Uhr  Angespannte Verkehrslage, seit 23.05.2025, 19:46 A6: Heilbronn -> Nürnberg, 2.1 km vor AS Kirchberg, aus Richtung Ilshofen/Wolpertshausen  Stockender Verkehr Durchschnittsgeschwindigkeit: 29 km/h",49.1770329010337,9.93212001214507
"A6","undefined--vi-zus.2025-05-23_19-03-20-000.f.de0","49.172732588327754,10.01158626788463,49.178126216207076,10.030631258996863","49.172732588327754,10.01158626788463","WARNING","A6 | Reußenberg - Crailsheim"," Heilbronn -> Nürnberg",0,"SLOW_TRAFFIC","73.5999984741211",2025-05-23,"Beginn: 23.05.25 um 19:03 Uhr  Zusammengesetzte Verkehrsinformation, seit 23.05.2025, 19:03 A6: Heilbronn -> Nürnberg, zwischen 1.2 km hinter Reußenberg und 3.2 km vor AS Crailsheim  Langsamer Verkehr Reisezeitverlust: 0 Minuten Durchschnittsgeschwindigkeit: 73 km/h",49.1727325883278,10.0115862678846
"A7","undefined--vi-zus.2025-05-23_19-19-00-000.f.de0","47.57358938794718,10.66114743889806,47.57538933115995,10.661761037364318","47.57358938794718,10.66114743889806","WARNING","A7 | Grenztunnel Füssen - Reinertshofertunnel"," Füssen/Reutte -> Ulm",1,"STATIONARY_TRAFFIC","7.699999809265137",2025-05-23,"Beginn: 23.05.25 um 19:19 Uhr  Zusammengesetzte Verkehrsinformation, seit 23.05.2025, 19:19 A7: Füssen/Reutte -> Ulm, zwischen 1.6 km hinter Grenztunnel Füssen und 2.9 km vor Reinertshofertunnel  Im Stillstand Reisezeitverlust: 1 Minuten Durchschnittsgeschwindigkeit: 7 km/h",47.5735893879472,10.6611474388981
"A7","undefined--vi-avl.2025-05-23_19-43-30-000.f_001.de0","47.5735718952982,10.661141216807081,47.5735718952982,10.661141216807081","47.5735718952982,10.661141216807081","WARNING","A7 | Füssen - Füssen"," Füssen/Reutte -> Ulm",NA,"STATIONARY_TRAFFIC","5",2025-05-23,"Beginn: 23.05.25 um 19:44 Uhr  Angespannte Verkehrslage, seit 23.05.2025, 19:44 A7: Füssen/Reutte -> Ulm, in Höhe AS Füssen, aus Richtung Grenztunnel Füssen  Im Stillstand Durchschnittsgeschwindigkeit: 5 km/h",47.5735718952982,10.6611412168071
"A7","undefined--vi-avl.2025-05-23_17-19-14-000.f_006.de0","48.86690566806008,10.178851484822697,48.889127211079334,10.167236459526585","48.86690566806008,10.178851484822697","WARNING","A7 | Aalen/Oberkochen - Ellwangen"," Ulm -> Würzburg",1,"SLOW_TRAFFIC","67.19999694824219",2025-05-23,"Beginn: 23.05.25 um 17:19 Uhr  Angespannte Verkehrslage, seit 23.05.2025, 17:19 A7: Ulm -> Würzburg, zwischen 8.0 km hinter AS Aalen/Oberkochen und 8.0 km vor AS Ellwangen  Langsamer Verkehr Reisezeitverlust: 1 Minuten Durchschnittsgeschwindigkeit: 67 km/h",48.8669056680601,10.1788514848227
"A7","undefined--vi-avl.2025-05-23_10-54-15-000.f_005.de0","49.12452863486997,10.255259340088218,49.136859172467176,10.260969578198589","49.12452863486997,10.255259340088218","WARNING","A7 | Dinkelsbühl/Fichtenau - Feuchtwangen-West"," Ulm -> Würzburg",1,"QUEUING_TRAFFIC","41.20000076293945",2025-05-23,"Beginn: 23.05.25 um 10:54 Uhr  Angespannte Verkehrslage, seit 23.05.2025, 10:54 A7: Ulm -> Würzburg, zwischen 5.0 km hinter AS Dinkelsbühl/Fichtenau und 4.6 km vor AS Feuchtwangen-West  Stockender Verkehr Reisezeitverlust: 1 Minuten Durchschnittsgeschwindigkeit: 41 km/h",49.12452863487,10.2552593400882
"A7","undefined--vi-avl.2025-05-23_17-45-02-000.f_005.de0","49.12452863486997,10.255259340088218,49.12452863486997,10.255259340088218","49.12452863486997,10.255259340088218","WARNING","A7 | Feuchtwangen-West - Feuchtwangen-West"," Ulm -> Würzburg",NA,"QUEUING_TRAFFIC","22",2025-05-23,"Beginn: 23.05.25 um 19:46 Uhr  Angespannte Verkehrslage, seit 23.05.2025, 19:46 A7: Ulm -> Würzburg, 6.1 km vor AS Feuchtwangen-West, aus Richtung Dinkelsbühl/Fichtenau  Stockender Verkehr Durchschnittsgeschwindigkeit: 22 km/h",49.12452863487,10.2552593400882
"A7","undefined--vi-zus.2025-05-23_19-40-30-000.f.de0","49.967160963212656,10.032926773915682,49.98120255529308,10.043814510065577","49.967160963212656,10.032926773915682","WARNING","A7 | Hühnerwäldchen - Schraudenbachbrücke"," Würzburg -> Fulda",3,"STATIONARY_TRAFFIC","24.200000762939453",2025-05-23,"Beginn: 23.05.25 um 19:40 Uhr  Zusammengesetzte Verkehrsinformation, seit 23.05.2025, 19:40 A7: Würzburg -> Fulda, zwischen 0.1 km hinter Hühnerwäldchen und 1.3 km vor Schraudenbachbrücke  Im Stillstand Reisezeitverlust: 3 Minuten Durchschnittsgeschwindigkeit: 24 km/h",49.9671609632127,10.0329267739157
"A7","undefined--vi-avl.2025-05-23_19-46-00-000.f_002.de0","49.96717862665665,10.03293203932132,49.96717862665665,10.03293203932132","49.96717862665665,10.03293203932132","WARNING","A7 | Wernbrücke - Wernbrücke"," Würzburg -> Fulda",NA,"STATIONARY_TRAFFIC","19",2025-05-23,"Beginn: 23.05.25 um 19:46 Uhr  Angespannte Verkehrslage, seit 23.05.2025, 19:46 A7: Würzburg -> Fulda, 0.1 km vor Wernbrücke, aus Richtung Hühnerwäldchen  Im Stillstand Durchschnittsgeschwindigkeit: 19 km/h",49.9671786266566,10.0329320393213
"A7","undefined--vi-zus.2025-05-23_19-30-00-000.f_002.de0","49.97594879845717,10.037792160318961,49.98479074882283,10.050285601450959","49.97594879845717,10.037792160318961","WARNING","A7 | Wernbrücke - Schraudenbachbrücke"," Würzburg -> Fulda",NA,NA,NA,2025-05-23,"Beginn: 23.05.25 um 19:30 Uhr  Zusammengesetzte Verkehrsinformation, seit 23.05.2025, 19:30 A7: Würzburg -> Fulda, zwischen 1.0 km hinter Wernbrücke und 0.7 km vor Schraudenbachbrücke  A7 Würzburg Richtung Fulda zwischen Gramschatzer Wald und Dreieck Schweinfurt/Werneck Gefahr durch brennendes Fahrzeug, Standstreifen blockiert",49.9759487984572,10.037792160319
"A7","undefined--vi-avl.2025-05-23_19-32-00-000.f.de0","51.41423753336657,9.833119458188111,51.41423753336657,9.833119458188111","51.41423753336657,9.833119458188111","WARNING","A7 | Hackelberg - Hackelberg"," Hannover -> Kassel",NA,"STATIONARY_TRAFFIC","11",2025-05-23,"Beginn: 23.05.25 um 19:46 Uhr  Angespannte Verkehrslage, seit 23.05.2025, 19:46 A7: Hannover -> Kassel, 4.2 km vor Hackelberg, aus Richtung Drammetal  Im Stillstand Durchschnittsgeschwindigkeit: 11 km/h",51.4142375333666,9.83311945818811
"A7","undefined--vi-avl.2025-05-23_19-21-37-000.f_002.de0","51.41423753336657,9.833119458188111,51.404406201692545,9.808980998569226","51.41423753336657,9.833119458188111","WARNING","A7 | Drammetal - Hackelberg"," Hannover -> Kassel",6,"STATIONARY_TRAFFIC","15.300000190734863",2025-05-23,"Beginn: 23.05.25 um 19:21 Uhr  Angespannte Verkehrslage, seit 23.05.2025, 19:21 A7: Hannover -> Kassel, zwischen 4.9 km hinter AD Drammetal und 2.2 km vor Hackelberg  Im Stillstand Reisezeitverlust: 6 Minuten Durchschnittsgeschwindigkeit: 15 km/h",51.4142375333666,9.83311945818811
"A7","undefined--vi-avl.2025-05-23_19-45-00-000.f.de0","52.15192632216143,9.99200321845605,52.14034331369635,10.00362445276316","52.15192632216143,9.99200321845605","WARNING","A7 | Hildesheim - Hildesheimer Börde"," Hannover -> Kassel",1,"SLOW_TRAFFIC","45.900001525878906",2025-05-23,"Beginn: 23.05.25 um 19:45 Uhr  Angespannte Verkehrslage, seit 23.05.2025, 19:45 A7: Hannover -> Kassel, zwischen 1.1 km hinter AS Hildesheim und 3.9 km vor Hildesheimer Börde  Langsamer Verkehr Reisezeitverlust: 1 Minuten Durchschnittsgeschwindigkeit: 45 km/h",52.1519263221614,9.99200321845605
"A7","undefined--vi-zus.2025-03-31_00-40-00-000.f_018.de0","53.579141433849884,9.913430072127355,53.55636870091902,9.897540700000414","53.579141433849884,9.913430072127355","WARNING","A7 | Hamburg-Volkspark - Elbtunnel (Nordportal)"," Flensburg -> Hamburg",NA,NA,NA,2025-03-31,"Beginn: 31.03.25 um 00:40 Uhr  Zusammengesetzte Verkehrsinformation, seit 31.03.2025, 00:40 A7: Flensburg -> Hamburg, zwischen 0.4 km hinter AS Hamburg-Volkspark und 0.9 km vor Elbtunnel (Nordportal)  A7 Flensburg Richtung Hamburg Ausfahrt Hamburg-Othmarschen Fahrbahnverengung, maximale Fahrbahnbreite von 4,50 m, Bauarbeiten, bis 29.09.2025",53.5791414338499,9.91343007212735
"A7","undefined--vi-zus.2025-05-23_17-47-46-000.f.de0","54.017217706128704,9.931898870252839,54.05177586883037,9.9262148148177","54.017217706128704,9.931898870252839","WARNING","A7 | Brokenlande - Neumünster-Mitte"," Hamburg -> Flensburg",16,"STATIONARY_TRAFFIC","13.100000381469727",2025-05-23,"Beginn: 23.05.25 um 17:47 Uhr  Zusammengesetzte Verkehrsinformation, seit 23.05.2025, 17:47 A7: Hamburg -> Flensburg, zwischen 0.4 km hinter Brokenlande und 2.1 km vor AS Neumünster-Mitte  Gefahr durch eine ungesicherte Unfallstelle  Im Stillstand Reisezeitverlust: 16 Minuten Durchschnittsgeschwindigkeit: 13 km/h",54.0172177061287,9.93189887025284
"A7","undefined--vi-avl.2025-05-23_17-49-58-000.f_007.de0","54.017340497587334,9.931905161327998,54.017340497587334,9.931905161327998","54.017340497587334,9.931905161327998","WARNING","A7 | Neumünster-Süd - Neumünster-Süd"," Hamburg -> Flensburg",NA,"STATIONARY_TRAFFIC","11",2025-05-23,"Beginn: 23.05.25 um 19:46 Uhr  Angespannte Verkehrslage, seit 23.05.2025, 19:46 A7: Hamburg -> Flensburg, 3.0 km vor AS Neumünster-Süd, aus Richtung Brokenlande  Im Stillstand Durchschnittsgeschwindigkeit: 11 km/h",54.0173404975873,9.931905161328
"A7","undefined--vi-hind.2025-05-23_19-38-07-000.f.de0","54.05600646413585,9.924458493871294,54.05773420241341,9.923875372325167","54.05600646413585,9.924458493871294","WARNING","A7 | Neumünster-Süd - Neumünster-Mitte"," Hamburg -> Flensburg",NA,NA,NA,2025-05-23,"Beginn: 23.05.25 um 19:38 Uhr  Hindernis, seit 23.05.2025, 19:38 A7: Hamburg -> Flensburg, zwischen 1.4 km hinter AS Neumünster-Süd und 1.4 km vor AS Neumünster-Mitte  Gefahr durch Gegenstände auf der Fahrbahn",54.0560064641358,9.92445849387129
"A7","undefined--vi-hind.2025-05-23_19-44-00-000.f_001.de0","54.04639800091495,9.928635600000465,54.047824360527926,9.928004390073129","54.04639800091495,9.928635600000465","WARNING","A7 | Neumünster-Süd - Neumünster-Mitte"," Hamburg -> Flensburg",NA,NA,NA,2025-05-23,"Beginn: 23.05.25 um 19:44 Uhr  Hindernis, seit 23.05.2025, 19:44 A7: Hamburg -> Flensburg, zwischen 0.3 km hinter AS Neumünster-Süd und 2.5 km vor AS Neumünster-Mitte  Gefahr durch eine ungesicherte Unfallstelle",54.0463980009149,9.92863560000047
"A7","undefined--vi-hind.2025-05-23_17-50-38-000.f_012.de0","54.04639800091495,9.928635600000465,54.05773420241341,9.923875372325167","54.04639800091495,9.928635600000465","WARNING","A7 | Neumünster-Süd - Neumünster-Mitte"," Hamburg -> Flensburg",NA,NA,NA,2025-05-23,"Beginn: 23.05.25 um 17:50 Uhr  Hindernis, seit 23.05.2025, 17:50 A7: Hamburg -> Flensburg, zwischen 0.3 km hinter AS Neumünster-Süd und 1.4 km vor AS Neumünster-Mitte",54.0463980009149,9.92863560000047
"A8","undefined--vi-zus.2025-03-26_17-59-56-000.f_013.de0","49.32575278791285,7.172731755291576,49.327350714671546,7.213275819282444","49.32575278791285,7.172731755291576","WARNING","A8 | Neunkirchen/Spiesen - Kohlhof"," Saarlouis -> Neunkirchen",NA,NA,NA,2025-03-26,"Beginn: 26.03.25 um 17:59 Uhr  Zusammengesetzte Verkehrsinformation, seit 26.03.2025, 17:59 A8: Saarlouis -> Neunkirchen, zwischen 1.5 km hinter AS Neunkirchen/Spiesen und 1.0 km vor Kohlhof  A8 Saarlouis - Neunkirchen zwischen Neunkirchen-Spiesen und Neunkirchen-Oberstadt in beiden Richtungen Bauarbeiten, bis voraussichtlich 01.06.2025",49.3257527879128,7.17273175529158
"A8","undefined--vi-zus.2025-05-14_09-26-56-000.f.de0","49.32628400979037,7.229641516813452,49.329166750017514,7.1882642393148934","49.32628400979037,7.229641516813452","WARNING","A8 | Neunkirchen-Wellesweiler - Neunkirchen/Spiesen"," Neunkirchen -> Saarlouis",NA,NA,NA,2025-05-14,"Beginn: 14.05.25 um 09:26 Uhr  Zusammengesetzte Verkehrsinformation, seit 14.05.2025, 09:26 A8: Neunkirchen -> Saarlouis, zwischen 0.4 km hinter AS Neunkirchen-Wellesweiler und 2.7 km vor AS Neunkirchen/Spiesen  A8 Saarlouis - Neunkirchen zwischen Neunkirchen-Spiesen und Neunkirchen-Oberstadt in beiden Richtungen Bauarbeiten, bis voraussichtlich 01.06.2025",49.3262840097904,7.22964151681345
"A8","undefined--vi-zus.2025-05-23_09-09-07-000.f.de0","48.915422476865686,8.714534498167748,48.9093747127751,8.770580670865446","48.915422476865686,8.714534498167748","WARNING","A8 | Am Waisenrain - Pforzheim"," Karlsruhe -> Stuttgart",5,"SLOW_TRAFFIC","32.099998474121094",2025-05-23,"Beginn: 23.05.25 um 09:09 Uhr  Zusammengesetzte Verkehrsinformation, seit 23.05.2025, 09:09 A8: Karlsruhe -> Stuttgart, zwischen 1.9 km hinter Am Waisenrain und 0.3 km vor Pforzheim  Langsamer Verkehr Reisezeitverlust: 5 Minuten Durchschnittsgeschwindigkeit: 32 km/h",48.9154224768657,8.71453449816775
"A8","undefined--vi-hind.2025-05-23_19-30-00-000.f_001.de0","48.88043910094538,8.78834459999995,48.914107800945274,8.765175299999946","48.88043910094538,8.78834459999995","WARNING","A8 | Pforzheim-Süd - Pforzheim-Nord"," Stuttgart -> Karlsruhe",NA,NA,NA,2025-05-23,"Beginn: 23.05.25 um 19:30 Uhr  Fahrzeug-Hindernis, seit 23.05.2025, 19:30 A8: Stuttgart -> Karlsruhe, zwischen 0.2 km hinter AS Pforzheim-Süd und 4.2 km vor AS Pforzheim-Nord",48.8804391009454,8.78834459999995
"A8","undefined--vi-hind.2025-05-23_17-42-52-000.f_005.de0","48.43181160094671,10.292868700000605,48.43230476227426,10.294712375972258","48.43181160094671,10.292868700000605","WARNING","A8 | Günzburg - Limbach"," Stuttgart -> München",NA,NA,NA,2025-05-23,"Beginn: 23.05.25 um 17:42 Uhr  Fahrzeug-Hindernis, seit 23.05.2025, 17:42 A8: Stuttgart -> München, zwischen 0.1 km hinter AS Günzburg und 4.4 km vor Limbach Gefahr durch ein defektes Fahrzeug auf der Fahrbahn",48.4318116009467,10.2928687000006
"A8","undefined--vi-avl.2025-05-23_07-13-53-000.f_004.de0","47.80569635192966,12.140677303038313,47.80394240094832,12.160497100035558","47.80569635192966,12.140677303038313","WARNING","A8 | Winkelbach - Rohrdorf"," München -> Salzburg",2,"STATIONARY_TRAFFIC","28.899999618530273",2025-05-23,"Beginn: 23.05.25 um 07:13 Uhr  Angespannte Verkehrslage, seit 23.05.2025, 07:13 A8: München -> Salzburg, zwischen 0.2 km hinter Winkelbach und 0.2 km vor AS Rohrdorf  Im Stillstand Reisezeitverlust: 2 Minuten Durchschnittsgeschwindigkeit: 28 km/h",47.8056963519297,12.1406773030383
"A8","undefined--vi-avl.2025-05-23_14-12-49-000.f_033.de0","47.80569635192966,12.140677303038313,47.80569635192966,12.140677303038313","47.80569635192966,12.140677303038313","WARNING","A8 | Rohrdorf - Rohrdorf"," München -> Salzburg",NA,"STATIONARY_TRAFFIC","15",2025-05-23,"Beginn: 23.05.25 um 19:46 Uhr  Angespannte Verkehrslage, seit 23.05.2025, 19:46 A8: München -> Salzburg, 1.7 km vor AS Rohrdorf, aus Richtung Winkelbach  Im Stillstand Durchschnittsgeschwindigkeit: 15 km/h",47.8056963519297,12.1406773030383
"A8","undefined--vi-avl.2025-05-23_07-13-53-000.f_002.de0","47.79874834638276,12.256299888009817,47.80318780063311,12.30291261321011","47.79874834638276,12.256299888009817","WARNING","A8 | Achenmühle - Bernau am Chiemsee"," München -> Salzburg",12,"STATIONARY_TRAFFIC","15.399999618530273",2025-05-23,"Beginn: 23.05.25 um 07:13 Uhr  Angespannte Verkehrslage, seit 23.05.2025, 07:13 A8: München -> Salzburg, zwischen 2.3 km hinter Achenmühle und 4.8 km vor AS Bernau am Chiemsee  Im Stillstand Reisezeitverlust: 12 Minuten Durchschnittsgeschwindigkeit: 15 km/h",47.7987483463828,12.2562998880098
"A8","undefined--vi-avl.2025-05-23_07-37-05-000.f_006.de0","47.79876793123862,12.256430123984975,47.79876793123862,12.256430123984975","47.79876793123862,12.256430123984975","WARNING","A8 | Frasdorf - Frasdorf"," München -> Salzburg",NA,"STATIONARY_TRAFFIC","10",2025-05-23,"Beginn: 23.05.25 um 19:46 Uhr  Angespannte Verkehrslage, seit 23.05.2025, 19:46 A8: München -> Salzburg, 1.8 km vor Frasdorf, aus Richtung Achenmühle  Im Stillstand Durchschnittsgeschwindigkeit: 10 km/h",47.7987679312386,12.256430123985
"A9","undefined--vi-hind.2025-05-23_19-21-00-000.f_008.de0","50.80818800880169,11.895604551358009,50.86047090093709,11.85365140001569","50.80818800880169,11.895604551358009","WARNING","A9 | Lederhose - Hermsdorf-Süd"," Nürnberg -> Halle/Leipzig",NA,NA,NA,2025-05-23,"Beginn: 23.05.25 um 19:21 Uhr  Hindernis, seit 23.05.2025, 19:21 A9: Nürnberg -> Halle/Leipzig, zwischen 0.2 km hinter AS Lederhose und 0.5 km vor AS Hermsdorf-Süd  Gefahr durch Gegenstände auf der Fahrbahn",50.8081880088017,11.895604551358
"A9","undefined--vi-zus.2025-05-23_19-45-30-000.f.de0","51.73507119810158,12.217736074399141,51.74245268753058,12.220950031399907","51.73507119810158,12.217736074399141","WARNING","A9 | Mosigkauer Heide - Dessau-Süd"," Halle/Leipzig -> Berlin",0,"SLOW_TRAFFIC","64.0999984741211",2025-05-23,"Beginn: 23.05.25 um 19:45 Uhr  Zusammengesetzte Verkehrsinformation, seit 23.05.2025, 19:45 A9: Halle/Leipzig -> Berlin, zwischen 1.2 km hinter Mosigkauer Heide und 1.2 km vor AS Dessau-Süd  Langsamer Verkehr Reisezeitverlust: 0 Minuten Durchschnittsgeschwindigkeit: 64 km/h",51.7350711981016,12.2177360743991
"A9","undefined--vi-zus.2025-05-23_19-36-30-000.f_001.de0","51.72658485013295,12.215971938051855,51.75179638411225,12.22766589061202","51.72658485013295,12.215971938051855","WARNING","A9 | Mosigkauer Heide - Dessau-Süd"," Halle/Leipzig -> Berlin",NA,NA,NA,2025-05-23,"Beginn: 23.05.25 um 19:36 Uhr  Zusammengesetzte Verkehrsinformation, seit 23.05.2025, 19:36 A9: Halle/Leipzig -> Berlin, zwischen 0.2 km hinter Mosigkauer Heide und AS Dessau-Süd  Gefahr durch Gegenstände auf der Fahrbahn  A9 Halle/Leipzig Richtung Berlin zwischen Rastplatz Mosigkauer Heide-Ost und Dessau-Süd Gefahr durch Gegenstände auf dem linken Fahrstreifen auf der Fahrbahn, Polizei ist benachrichtigt, bitte vorsichtig fahren",51.726584850133,12.2159719380519
"A10","undefined--vi-zus.2025-05-23_18-46-18-000.f_003.de0","52.60963879711359,13.587885467047004,52.61351901936376,13.563276317863544","52.60963879711359,13.587885467047004","WARNING","A10 | Berlin-Hohenschönhausen - Barnim"," Dreieck Spreeau -> Dreieck Havelland",NA,NA,NA,2025-05-23,"Beginn: 23.05.25 um 18:46 Uhr  Zusammengesetzte Verkehrsinformation, seit 23.05.2025, 18:46 A10: Dreieck Spreeau -> Dreieck Havelland, zwischen 1.6 km hinter AS Berlin-Hohenschönhausen und 0.3 km vor AD Barnim  A10 Dreieck Barnim Richtung Dreieck Havelland zwischen Berlin-Hohenschönhausen und B2 Gefahr durch liegengebliebenes Fahrzeug auf dem rechten Fahrstreifen und dem Standstreifen, Polizei ist benachrichtigt",52.6096387971136,13.587885467047
"A10","undefined--vi-zus.2025-05-23_18-11-40-000.f_003.de0","52.54906115074952,13.680236138637484,52.502793786452095,13.743727693232703","52.54906115074952,13.680236138637484","WARNING","A10 | Berlin-Marzahn - Berlin-Hellersdorf"," Dreieck Barnim -> Dreieck Spreeau",NA,NA,NA,2025-05-23,"Beginn: 23.05.25 um 18:11 Uhr  Zusammengesetzte Verkehrsinformation, seit 23.05.2025, 18:11 A10: Dreieck Barnim -> Dreieck Spreeau, zwischen 0.3 km hinter AS Berlin-Marzahn und 0.7 km vor AS Berlin-Hellersdorf  Gefahr durch eine ungesicherte Unfallstelle  A10 Östlicher Berliner Ring, Dreieck Barnim Richtung Dreieck Spreeau zwischen Berlin-Marzahn und Berlin-Hellersdorf Gefahr durch ungesicherte Unfallstelle, fahren Sie bitte besonders vorsichtig, Polizei ist benachrichtigt",52.5490611507495,13.6802361386375
"A10","undefined--vi-hind.2025-05-23_18-55-25-000.f_002.de0","52.301550461490685,12.967088398584455,52.30203455625422,12.969249009252817","52.301550461490685,12.967088398584455","WARNING","A10 | Potsdam - Ferch"," Dreieck Potsdam -> Schönefelder Kreuz",NA,NA,NA,2025-05-23,"Beginn: 23.05.25 um 18:55 Uhr  Fahrzeug-Hindernis, seit 23.05.2025, 18:55 A10: Dreieck Potsdam -> Schönefelder Kreuz, zwischen 3.7 km hinter AD Potsdam und 0.3 km vor AS Ferch Gefahr durch ein defektes Fahrzeug auf der Fahrbahn",52.3015504614907,12.9670883985845
"A10","undefined--vi-zus.2025-05-23_08-38-24-000.f_001.de0","52.40755569650285,12.885662847018951,52.41907971157735,12.91911764602337","52.40755569650285,12.885662847018951","WARNING","A10 | Groß Kreutz - Leest"," Dreieck Werder -> Dreieck Havelland",5,"STATIONARY_TRAFFIC","22.600000381469727",2025-05-23,"Beginn: 23.05.25 um 08:38 Uhr  Zusammengesetzte Verkehrsinformation, seit 23.05.2025, 08:38 A10: Dreieck Werder -> Dreieck Havelland, zwischen 3.8 km hinter AS Groß Kreutz und 2.1 km vor AS Leest  Im Stillstand Reisezeitverlust: 5 Minuten Durchschnittsgeschwindigkeit: 22 km/h",52.4075556965028,12.885662847019
"A10","undefined--vi-avl.2025-05-23_10-26-13-000.f_010.de0","52.40761288520169,12.8860331041126,52.40761288520169,12.8860331041126","52.40761288520169,12.8860331041126","WARNING","A10 | Phöben - Phöben"," Dreieck Werder -> Dreieck Havelland",NA,"STATIONARY_TRAFFIC","12",2025-05-23,"Beginn: 23.05.25 um 19:46 Uhr  Angespannte Verkehrslage, seit 23.05.2025, 19:46 A10: Dreieck Werder -> Dreieck Havelland, 1.2 km vor AS Phöben, aus Richtung Groß Kreutz  Im Stillstand Durchschnittsgeschwindigkeit: 12 km/h",52.4076128852017,12.8860331041126
"A12","WarnungA10Lkw3","47.61802931631098,12.202336027754352,47.61802931631098,12.202336027754352","47.61802931631098,12.202336027754352","WARNING","E45/E60 | LKW Blockabfertigung | A12-Inntal Autobahn","Richtung Italien",NA,NA,NA,2025-01-11,"Zeitraum: Beginn: 07.01.2025 Ende: 09.12.2025  Hinweis für LKW-Reisende nach Österreich: LKW-Blockabfertigungen an ausgewählten Tagen für Lkw am Grenzübergang Kufstein/Kiefersfelden. Maximaler Durchlass von 300 LKWs pro Stunde  Die genauen Ausführungszeiten und weitere Informationen auf tirol.gv.at/verkehr/verkehrs-und-seilbahnrecht/lkw-dosierung.",47.618029316311,12.2023360277544
"A12","WarnungA10Lkw2","47.6164490154047,12.202382557672273,47.6164490154047,12.202382557672273","47.6164490154047,12.202382557672273","WARNING","E43/E45/E60 | A13-Brenner Autobahn","Richtung Italien",NA,NA,NA,2025-01-11,"Zeitraum: Beginn: 11.01.2025 Ende: 27.09.2025  Hinweis für LKW-Reisende nach Österreich: LKW-Fahrverbot auf der A12-Inntal Autobahn, A13-Brenner Autobahn und A14-Rheintal/Walgau Autobahn, wenn das Ziel der Fahrt der Anschlussstelle Nößlach bis Anschlussstelle Brenner Nord der Richtungsfahrbahn Staatsgrenze der A 13 Brenner Autobahn erreicht werden soll. An ausgewählten Samstagen 7-15 Uhr sowie weiteren Tagen im Zeitraum 11.01. - 27.09.2025 Weitere Informationen auf http://asfinag.at/a13",47.6164490154047,12.2023825576723
"A13","undefined--vi-hind.2025-05-23_12-51-02-000.f_018.de0","51.89963080093657,13.81291380018386,51.85302630093776,13.90793880020439","51.89963080093657,13.81291380018386","WARNING","A13 | Berstetal - Lübbenau"," Schönefelder Kreuz -> Dresden",NA,NA,NA,2025-05-23,"Beginn: 23.05.25 um 12:51 Uhr  Hindernis, seit 23.05.2025, 12:51 A13: Schönefelder Kreuz -> Dresden, zwischen 1.8 km hinter Berstetal und 0.5 km vor AS Lübbenau  Gefahr durch Gegenstände auf der Fahrbahn",51.8996308009366,13.8129138001839
"A14","undefined--vi-hind.2025-05-23_18-08-55-000.f_008.de0","52.046112318367555,11.62834583431068,52.04487957419882,11.629512504892777","52.046112318367555,11.62834583431068","WARNING","A14 | Magdeburg-Reform - Schönebeck"," Magdeburg -> Halle",NA,NA,NA,2025-05-23,"Beginn: 23.05.25 um 18:08 Uhr  Fahrzeug-Hindernis, seit 23.05.2025, 18:08 A14: Magdeburg -> Halle, zwischen 1.3 km hinter AS Magdeburg-Reform und 5.1 km vor AS Schönebeck Gefahr durch ein defektes Fahrzeug auf der Fahrbahn",52.0461123183676,11.6283458343107
"A14","undefined--vi-hind.2025-05-23_17-13-21-000.f_005.de0","52.00644964803081,11.65804105114419,52.05217580093004,11.618093300009233","52.00644964803081,11.65804105114419","WARNING","A14 | Schönebeck - Magdeburg-Reform"," Halle -> Magdeburg",NA,NA,NA,2025-05-23,"Beginn: 23.05.25 um 17:13 Uhr  Hindernis, seit 23.05.2025, 17:13 A14: Halle -> Magdeburg, zwischen 0.4 km hinter AS Schönebeck und 0.3 km vor AS Magdeburg-Reform  Gefahr durch Gegenstände auf der Fahrbahn",52.0064496480308,11.6580410511442
"A15","undefined--vi-avl.2025-05-23_19-03-20-000.f_001.de0","51.71508152917834,14.389467829187577,51.70779461894658,14.435246468267069","51.71508152917834,14.389467829187577","WARNING","A15 | Cottbus-Süd - Roggosen"," Cottbus -> Breslau",1,"SLOW_TRAFFIC","70.19999694824219",2025-05-23,"Beginn: 23.05.25 um 19:03 Uhr  Angespannte Verkehrslage, seit 23.05.2025, 19:03 A15: Cottbus -> Breslau, zwischen 2.8 km hinter AS Cottbus-Süd und 2.1 km vor AS Roggosen  Langsamer Verkehr Reisezeitverlust: 1 Minuten Durchschnittsgeschwindigkeit: 70 km/h",51.7150815291783,14.3894678291876
"A17","undefined--vi-avl.2025-05-23_19-40-30-000.f_001.de0","50.82026170094333,13.887384300240237,50.82026170094333,13.887384300240237","50.82026170094333,13.887384300240237","WARNING","A17 | Am Heidenholz - Am Heidenholz"," Prag -> Dresden",NA,"STATIONARY_TRAFFIC","21",2025-05-23,"Beginn: 23.05.25 um 19:46 Uhr  Angespannte Verkehrslage, seit 23.05.2025, 19:46 A17: Prag -> Dresden, 0.2 km vor Am Heidenholz, aus Richtung Breitenau-Schönwald  Im Stillstand Durchschnittsgeschwindigkeit: 21 km/h",50.8202617009433,13.8873843002402
"A17","undefined--vi-zus.2025-05-23_19-28-12-000.f.de0","50.82026170094333,13.887384300240237,50.82325084271175,13.887881339476435","50.82026170094333,13.887384300240237","WARNING","A17 | Breitenau-Schönwald - Bad Gottleuba"," Prag -> Dresden",0,"STATIONARY_TRAFFIC","26.899999618530273",2025-05-23,"Beginn: 23.05.25 um 19:28 Uhr  Zusammengesetzte Verkehrsinformation, seit 23.05.2025, 19:28 A17: Prag -> Dresden, zwischen 4.5 km hinter Breitenau-Schönwald und 0.9 km vor AS Bad Gottleuba  Im Stillstand Reisezeitverlust: 0 Minuten Durchschnittsgeschwindigkeit: 26 km/h",50.8202617009433,13.8873843002402
"A20","undefined--vi-hind.2025-05-23_19-38-32-000.f_001.de0","53.814976482408845,10.874279032690454,53.81549219496812,10.884606517727795","53.814976482408845,10.874279032690454","WARNING","A20 | Lüdersdorf - Schönberg"," Lübeck -> Rostock",NA,NA,NA,2025-05-23,"Beginn: 23.05.25 um 19:38 Uhr  Fahrzeug-Hindernis, seit 23.05.2025, 19:38 A20: Lübeck -> Rostock, zwischen 2.7 km hinter AS Lüdersdorf und 5.6 km vor AS Schönberg Gefahr durch ein defektes Fahrzeug auf der Fahrbahn",53.8149764824088,10.8742790326905
"A20","undefined--vi-hind.2025-05-23_15-36-31-000.f_011.de0","53.902431521231925,11.72061339912162,53.96269930091578,11.877514900011562","53.902431521231925,11.72061339912162","WARNING","A20 | Neukloster - Kröpelin"," Lübeck -> Rostock",NA,NA,NA,2025-05-23,"Beginn: 23.05.25 um 15:36 Uhr  Hindernis, seit 23.05.2025, 15:36 A20: Lübeck -> Rostock, zwischen 0.3 km hinter AS Neukloster und 0.2 km vor AS Kröpelin  Gefahr durch eine ungesicherte Unfallstelle",53.9024315212319,11.7206133991216
"A21","undefined--vi-zus.2025-05-23_19-21-37-000.f.de0","53.81148261835807,10.323708673898127,53.84041521700288,10.309598595455828","53.81148261835807,10.323708673898127","WARNING","A21 | Bad Oldesloe-Süd - Leezen"," Bargteheide -> Kiel",40,"STATIONARY_TRAFFIC","5.099999904632568",2025-05-23,"Beginn: 23.05.25 um 19:21 Uhr  Zusammengesetzte Verkehrsinformation, seit 23.05.2025, 19:21 A21: Bargteheide -> Kiel, zwischen 2.1 km hinter AS Bad Oldesloe-Süd und 1.9 km vor AS Leezen  Im Stillstand Reisezeitverlust: 40 Minuten Durchschnittsgeschwindigkeit: 5 km/h",53.8114826183581,10.3237086738981
"A21","undefined--vi-hind.2025-05-23_19-37-00-000.f.de0","53.83038703753383,10.31407348058371,53.845073338093485,10.30794120900918","53.83038703753383,10.31407348058371","WARNING","A21 | Bad Oldesloe-Nord - Leezen"," Bargteheide -> Kiel",NA,NA,NA,2025-05-23,"Beginn: 23.05.25 um 19:37 Uhr  Hindernis, seit 23.05.2025, 19:37 A21: Bargteheide -> Kiel, zwischen 2.2 km hinter AS Bad Oldesloe-Nord und 1.4 km vor AS Leezen",53.8303870375338,10.3140734805837
"A21","undefined--vi-avl.2025-05-23_19-27-17-000.f_001.de0","53.8112252418307,10.323499378314965,53.8112252418307,10.323499378314965","53.8112252418307,10.323499378314965","WARNING","A21 | Bad Oldesloe-Nord - Bad Oldesloe-Nord"," Bargteheide -> Kiel",NA,"STATIONARY_TRAFFIC","5",2025-05-23,"Beginn: 23.05.25 um 19:46 Uhr  Angespannte Verkehrslage, seit 23.05.2025, 19:46 A21: Bargteheide -> Kiel, 0.2 km vor AS Bad Oldesloe-Nord, aus Richtung Bad Oldesloe-Süd  Im Stillstand Durchschnittsgeschwindigkeit: 5 km/h",53.8112252418307,10.323499378315
"A21","undefined--vi-unf.2025-05-23_19-44-00-000.f_001.de0","53.85545259890334,10.305499105099708,53.81582119563421,10.325396649770607","53.85545259890334,10.305499105099708","WARNING","A21 | Leezen - Bad Oldesloe-Nord"," Kiel -> Bargteheide",NA,NA,NA,2025-05-23,"Beginn: 23.05.25 um 19:44 Uhr  Unfall, seit 23.05.2025, 19:44 A21: Kiel -> Bargteheide, zwischen 0.2 km hinter AS Leezen und 0.3 km vor AS Bad Oldesloe-Nord",53.8554525989033,10.3054991050997
"A21","undefined--vi-unf.2025-05-23_19-44-00-000.f.de0","53.85545259890334,10.305499105099708,53.81582119563421,10.325396649770607","53.85545259890334,10.305499105099708","WARNING","A21 | Leezen - Bad Oldesloe-Nord"," Kiel -> Bargteheide",NA,NA,NA,2025-05-23,"Beginn: 23.05.25 um 19:44 Uhr  Unfall, seit 23.05.2025, 19:44 A21: Kiel -> Bargteheide, zwischen 0.2 km hinter AS Leezen und 0.3 km vor AS Bad Oldesloe-Nord",53.8554525989033,10.3054991050997
"A27","undefined--vi-zus.2025-05-23_19-35-30-000.f_001.de0","53.03795630092306,8.989747399999999,53.03795630092306,8.989747399999999","53.03795630092306,8.989747399999999","WARNING","A27 | Bremer Kreuz - Achim-Nord"," Bremen -> Walsrode",NA,NA,NA,2025-05-23,"Beginn: 23.05.25 um 19:35 Uhr  Zusammengesetzte Verkehrsinformation, seit 23.05.2025, 19:35 A27: Bremen -> Walsrode, zwischen 0.6 km hinter AK Bremer Kreuz und 3.2 km vor AS Achim-Nord  Gefahr durch Personen auf der Fahrbahn  Gefahr durch ein defektes Fahrzeugs auf der Fahrbahn  A27 Richtung Walsrode
zwischen Bremer Kreuz und Achim-Nord
Gefahr durch Personen auf der Fahrbahn, Gefahr durch defektes Fahrzeug",53.0379563009231,8.9897474
"A31","undefined--vi-avl.2025-05-23_17-43-30-000.f_010.de0","52.26019518380759,7.1742896760938955,52.246752971037886,7.163099312945632","52.26019518380759,7.1742896760938955","WARNING","A31 | Gut Friedrichstal - Wester Mark"," Lingen (Ems) -> Gronau",0,"SLOW_TRAFFIC","62.29999923706055",2025-05-23,"Beginn: 23.05.25 um 17:49 Uhr  Angespannte Verkehrslage, seit 23.05.2025, 17:49 A31: Lingen (Ems) -> Gronau, zwischen 2.9 km hinter Gut Friedrichstal und 3.0 km vor Wester Mark  Langsamer Verkehr Reisezeitverlust: 0 Minuten Durchschnittsgeschwindigkeit: 62 km/h",52.2601951838076,7.1742896760939
"A33","undefined--vi-unf.2025-05-23_19-05-37-000.f.de0","52.117329268252725,8.179889191503085,52.143357222988314,8.15793067868246","52.117329268252725,8.179889191503085","WARNING","A33 | Dissen - Teutoburger Wald"," Bielefeld -> Osnabrück",NA,NA,NA,2025-05-23,"Beginn: 23.05.25 um 19:05 Uhr  Unfall, seit 23.05.2025, 19:05 A33: Bielefeld -> Osnabrück, zwischen 0.5 km hinter Dissen und 3.1 km vor Teutoburger Wald",52.1173292682527,8.17988919150308
"A37","undefined--vi-zus.2025-05-20_10-04-05-000.f_002.de0","52.442156462690335,9.933442989087833,52.436581812162494,9.913211841333315","52.442156462690335,9.933442989087833","WARNING","A37 | Beinhorn - Hannover-Kirchhorst"," Celle -> Hannover",NA,NA,NA,2025-05-20,"Beginn: 20.05.25 um 10:04 Uhr  Zusammengesetzte Verkehrsinformation, seit 20.05.2025, 10:04 B3: Celle -> Hannover, zwischen 0.4 km hinter AS Beinhorn und 2.1 km vor AK Hannover-Kirchhorst  A37 Messe - Burgdorf
zwischen Kreuz Hannover-Buchholz und Beinhorn
in beiden Richtungen geänderte Verkehrsführung im Baustellenbereich, Bauarbeiten, bis 30.10.2026 ca. 18:00 Uhr",52.4421564626903,9.93344298908783
"A37","undefined--vi-zus.2025-05-20_10-04-05-000.f_003.de0","52.42566547847685,9.880479425875153,52.44102213295518,9.93161290421946","52.42566547847685,9.880479425875153","WARNING","Baustelle"," km 22.62 --> km 26.54",NA,NA,NA,2025-05-20,"Beginn: 20.05.25 um 10:04 Uhr  Zusammengesetzte Verkehrsinformation, seit 20.05.2025, 10:04 A37: km 22.62 --> km 26.54  A37 Messe - Burgdorf
zwischen Kreuz Hannover-Buchholz und Beinhorn
in beiden Richtungen geänderte Verkehrsführung im Baustellenbereich, Bauarbeiten, bis 30.10.2026 ca. 18:00 Uhr",52.4256654784769,9.88047942587515
"A40","undefined--vi-hind.2025-05-23_19-40-00-000.f_002.de0","51.44989900093372,7.015116499997162,51.45103032649743,7.023433116667437","51.44989900093372,7.015116499997162","WARNING","A40 | Essen-Zentrum - Essen-Huttrop"," Duisburg -> Essen",NA,NA,NA,2025-05-23,"Beginn: 23.05.25 um 19:40 Uhr  Hindernis, seit 23.05.2025, 19:40 A40: Duisburg -> Essen, zwischen 0.9 km hinter AS Essen-Zentrum und 0.4 km vor AS Essen-Huttrop  Gefahr durch Personen auf der Fahrbahn",51.4498990009337,7.01511649999716
"A40","undefined--vi-hind.2025-05-23_19-40-00-000.f_003.de0","51.45120286390773,7.02368255761967,51.45001282793388,7.014805161797421","51.45120286390773,7.02368255761967","WARNING","A40 | Essen-Huttrop - Essen-Zentrum"," Essen -> Duisburg",NA,NA,NA,2025-05-23,"Beginn: 23.05.25 um 19:40 Uhr  Hindernis, seit 23.05.2025, 19:40 A40: Essen -> Duisburg, zwischen 0.4 km hinter AS Essen-Huttrop und 0.9 km vor AS Essen-Zentrum  Gefahr durch Personen auf der Fahrbahn",51.4512028639077,7.02368255761967
"A42","undefined--vi-avl.2025-05-23_19-43-00-000.f.de0","51.49822106013772,6.916497113189112,51.501370445834326,6.928191176812249","51.49822106013772,6.916497113189112","WARNING","A42 | Oberhausen Neue Mitte - Bottrop-Süd"," Kamp-Lintfort -> Dortmund",1,"SLOW_TRAFFIC","24.899999618530273",2025-05-23,"Beginn: 23.05.25 um 19:43 Uhr  Angespannte Verkehrslage, seit 23.05.2025, 19:43 A42: Kamp-Lintfort -> Dortmund, zwischen 1.9 km hinter AS Oberhausen Neue Mitte und 0.6 km vor AS Bottrop-Süd  Langsamer Verkehr Reisezeitverlust: 1 Minuten Durchschnittsgeschwindigkeit: 24 km/h",51.4982210601377,6.91649711318911
"A43","undefined--vi-avl.2025-05-23_18-54-10-000.f.de0","51.90534917087648,7.396480412387901,51.90534917087648,7.396480412387901","51.90534917087648,7.396480412387901","WARNING","A43 | Karthaus - Karthaus"," Münster -> Recklinghausen",NA,"STATIONARY_TRAFFIC","15",2025-05-23,"Beginn: 23.05.25 um 19:46 Uhr  Angespannte Verkehrslage, seit 23.05.2025, 19:46 A43: Münster -> Recklinghausen, 4.4 km vor Karthaus, aus Richtung Nottuln  Im Stillstand Durchschnittsgeschwindigkeit: 15 km/h",51.9053491708765,7.3964804123879
"A43","undefined--vi-avl.2025-05-23_18-46-18-000.f_003.de0","51.90534917087648,7.396480412387901,51.894822911628395,7.37761891100326","51.90534917087648,7.396480412387901","WARNING","A43 | Nottuln - Karthaus"," Münster -> Recklinghausen",4,"STATIONARY_TRAFFIC","22.100000381469727",2025-05-23,"Beginn: 23.05.25 um 18:46 Uhr  Angespannte Verkehrslage, seit 23.05.2025, 18:46 A43: Münster -> Recklinghausen, zwischen 0.7 km hinter AS Nottuln und 2.6 km vor Karthaus  Im Stillstand Reisezeitverlust: 4 Minuten Durchschnittsgeschwindigkeit: 22 km/h",51.9053491708765,7.3964804123879
"A44","undefined--vi-hind.2025-05-23_19-00-14-000.f_007.de0","51.53268821143163,7.8722915791612875,51.532725473309085,7.8751019657062376","51.53268821143163,7.8722915791612875","WARNING","A44 | Am Haarstrang - Werl"," Dortmund -> Kassel",NA,NA,NA,2025-05-23,"Beginn: 23.05.25 um 19:00 Uhr  Fahrzeug-Hindernis, seit 23.05.2025, 19:00 A44: Dortmund -> Kassel, zwischen 0.8 km hinter Am Haarstrang und 1.2 km vor AK Werl Gefahr durch ein defektes Fahrzeug auf der Fahrbahn",51.5326882114316,7.87229157916129
"A44","undefined--vi-avl.2025-05-23_18-43-20-000.f_001.de0","51.55259025223094,8.158217432313819,51.54986159340913,8.140322719225859","51.55259025223094,8.158217432313819","WARNING","A44 | Soest-Ost - Soester Börde"," Kassel -> Dortmund",0,"SLOW_TRAFFIC","54.599998474121094",2025-05-23,"Beginn: 23.05.25 um 18:43 Uhr  Angespannte Verkehrslage, seit 23.05.2025, 18:43 A44: Kassel -> Dortmund, zwischen 0.2 km hinter AS Soest-Ost und 0.5 km vor Soester Börde  Langsamer Verkehr Reisezeitverlust: 0 Minuten Durchschnittsgeschwindigkeit: 54 km/h",51.5525902522309,8.15821743231382
"A44","undefined--vi-avl.2025-05-23_18-45-11-000.f_006.de0","51.53134720370918,8.90021569510433,51.53134720370918,8.90021569510433","51.53134720370918,8.90021569510433","WARNING","A44 | Blankenrode - Blankenrode"," Kassel -> Dortmund",NA,"STATIONARY_TRAFFIC","9",2025-05-23,"Beginn: 23.05.25 um 19:46 Uhr  Angespannte Verkehrslage, seit 23.05.2025, 19:46 A44: Kassel -> Dortmund, 2.2 km vor Blankenrode, aus Richtung Marsberg  Im Stillstand Durchschnittsgeschwindigkeit: 9 km/h",51.5313472037092,8.90021569510433
"A44","undefined--vi-avl.2025-05-23_18-31-56-000.f_001.de0","51.53138000211589,8.900147016553184,51.541679230049894,8.834615010338995","51.53138000211589,8.900147016553184","WARNING","A44 | Marsberg - Sintfeld"," Kassel -> Dortmund",12,"STATIONARY_TRAFFIC","19.299999237060547",2025-05-23,"Beginn: 23.05.25 um 18:31 Uhr  Angespannte Verkehrslage, seit 23.05.2025, 18:31 A44: Kassel -> Dortmund, zwischen 4.6 km hinter AS Marsberg und 2.9 km vor Sintfeld  Im Stillstand Reisezeitverlust: 12 Minuten Durchschnittsgeschwindigkeit: 19 km/h",51.5313800021159,8.90014701655318
"A45","undefined--vi-avl.2025-05-23_06-03-30-000.f_001.de0","51.27208913319118,7.600193374558646,51.27208913319118,7.600193374558646","51.27208913319118,7.600193374558646","WARNING","A45 | Rehweg - Rehweg"," Hagen -> Gießen",NA,"STATIONARY_TRAFFIC","4",2025-05-23,"Beginn: 23.05.25 um 19:46 Uhr  Angespannte Verkehrslage, seit 23.05.2025, 19:46 A45: Hagen -> Gießen, 0.4 km vor Rehweg, aus Richtung Kaltenborn  Im Stillstand Durchschnittsgeschwindigkeit: 4 km/h",51.2720891331912,7.60019337455865
"A45","undefined--vi-avl.2025-05-23_06-03-00-000.f_001.de0","51.27254346926392,7.59992076709214,51.2648062046249,7.602437327354894","51.27254346926392,7.59992076709214","WARNING","A45 | Kaltenborn - Lüdenscheid-Nord"," Hagen -> Gießen",7,"STATIONARY_TRAFFIC","6.699999809265137",2025-05-23,"Beginn: 23.05.25 um 06:03 Uhr  Angespannte Verkehrslage, seit 23.05.2025, 06:03 A45: Hagen -> Gießen, zwischen 2.7 km hinter Kaltenborn und 1.0 km vor AS Lüdenscheid-Nord  Im Stillstand Reisezeitverlust: 7 Minuten Durchschnittsgeschwindigkeit: 6 km/h",51.2725434692639,7.59992076709214
"A45","undefined--vi-hind.2025-05-23_19-00-14-000.f_006.de0","51.32723286957238,7.530680128483743,51.32795602899105,7.530205287284453","51.32723286957238,7.530680128483743","WARNING","A45 | Brunsbecke - Waterhövel"," Gießen -> Hagen",NA,NA,NA,2025-05-23,"Beginn: 23.05.25 um 19:00 Uhr  Fahrzeug-Hindernis, seit 23.05.2025, 19:00 A45: Gießen -> Hagen, zwischen 0.7 km hinter Brunsbecke und 1.1 km vor Waterhövel Gefahr durch ein defektes Fahrzeug auf der Fahrbahn",51.3272328695724,7.53068012848374
"A57","undefined--vi-zus.2025-05-23_19-21-00-000.f_001.de0","50.96690470093642,6.920992399996447,50.96186160093645,6.92590649999648","50.96690470093642,6.920992399996447","WARNING","A57 | Köln-Bickendorf - Köln-Ehrenfeld"," Krefeld -> Köln",NA,NA,NA,2025-05-23,"Beginn: 23.05.25 um 19:21 Uhr  Zusammengesetzte Verkehrsinformation, seit 23.05.2025, 19:21 A57: Krefeld -> Köln, zwischen 0.4 km hinter AS Köln-Bickendorf und 0.2 km vor AS Köln-Ehrenfeld  Gefahr durch Gegenstände auf der Fahrbahn  Gefahr durch ein defektes Fahrzeugs auf der Fahrbahn  A57 Krefeld Richtung Köln zwischen Köln-Bickendorf und Köln-Ehrenfeld Gefahr durch einen Reifen auf allen Fahrstreifen, Gefahr durch liegengebliebenes Fahrzeug auf dem Standstreifen 40-Tonner",50.9669047009364,6.92099239999645
"A60","undefined--vi-zus.2025-05-23_19-16-36-000.f_001.de0","49.95599067274176,7.948629850613441,49.979180834182145,8.018461006876805","49.95599067274176,7.948629850613441","WARNING","A60 | Bingen-Ost - Ingelheim-West"," Bingen -> Mainz",NA,NA,NA,2025-05-23,"Beginn: 23.05.25 um 19:16 Uhr  Zusammengesetzte Verkehrsinformation, seit 23.05.2025, 19:16 A60: Bingen -> Mainz, zwischen 0.3 km hinter AS Bingen-Ost und 0.5 km vor AS Ingelheim-West  Gefahr durch Gegenstände auf der Fahrbahn  Gefahr durch ein defektes Fahrzeugs auf der Fahrbahn  A60 Bingen Richtung Mainz zwischen Bingen-Ost und Ingelheim-West Gefahr durch Gegenstände auf der Fahrbahn, Gefahr durch liegengebliebenes Fahrzeug auf dem rechten Fahrstreifen",49.9559906727418,7.94862985061344
"A60","undefined--vi-zus.2025-04-08_08-51-21-000.f_013.de0","49.98125533976677,8.345695317688524,49.97565770865279,8.441396718063045","49.98125533976677,8.345695317688524","WARNING","A60 | Mainspitz-Dreieck - Rüsselsheimer Dreieck"," Mainz -> Rüsselsheim",NA,NA,NA,2025-04-08,"Beginn: 08.04.25 um 08:51 Uhr  Zusammengesetzte Verkehrsinformation, seit 08.04.2025, 08:51 A60: Mainz -> Rüsselsheim, zwischen 0.5 km hinter AD Mainspitz-Dreieck und 2.2 km vor AD Rüsselsheimer Dreieck  Sperrung der A60 bei Königstädten – Grundhafte Fahrbahnerneuerung zwischen dem Rüsselsheimer Dreieck und dem Mainspitz Dreieck. Die Niederlassung West der Autobahn GmbH erneuert zwischen dem Rüsselsheimer Dreieck (30) und dem Mainspitz Dreieck (26) die Fahrbahn. Von Donnerstagmorgen (24. April) bis Mitte Juli wird die Anschlussstelle (AS) Königstädten (29) in Fahrtrichtung (FR) Mainz sowie in FR Rüsselsheimer Dreieck gesperrt. Umleitungsmöglichkeiten sind ausgeschildert: • Ausfahrt FR Mainz: Umleitung via AS Rüsselsheim-Mitte • Einfahrt FR Mainz: innerstädtische Umleitung zur AS Rüsselsheim-Mitte (Adam-Opel-Straße / Kurt-Schumacher-Ring), von Nauheim kommend via L3482 zur AS Bischofsheim • Einfahrt FR Darmstadt: innerstädtische Umleitung zur AS Rüsselsheim-Mitte (Adam-Opel-Straße / Kurt-Schumacher-Ring) Die Autobahn GmbH bittet alle Verkehrsteilnehmer um Verständnis für die unvermeidlichen Verkehrsbehinderungen, die durch die Arbeiten entstehen.",49.9812553397668,8.34569531768852
"A60","undefined--vi-zus.2025-05-03_10-55-00-000.f_003.de0","49.977457399447445,8.454646346787307,49.981587265039146,8.34517285786785","49.977457399447445,8.454646346787307","WARNING","A60 | Rüsselsheimer Dreieck - Mainspitz-Dreieck"," Rüsselsheim -> Mainz",NA,NA,NA,2025-05-03,"Beginn: 03.05.25 um 10:55 Uhr  Zusammengesetzte Verkehrsinformation, seit 03.05.2025, 10:55 A60: Rüsselsheim -> Mainz, zwischen 0.6 km hinter AD Rüsselsheimer Dreieck und 0.5 km vor AD Mainspitz-Dreieck  Sperrung der A60 bei Königstädten – Grundhafte Fahrbahnerneuerung zwischen dem Rüsselsheimer Dreieck und dem Mainspitz Dreieck. Die Niederlassung West der Autobahn GmbH erneuert zwischen dem Rüsselsheimer Dreieck (30) und dem Mainspitz Dreieck (26) die Fahrbahn. Von Donnerstagmorgen (24. April) bis Mitte Juli wird die Anschlussstelle (AS) Königstädten (29) in Fahrtrichtung (FR) Mainz sowie in FR Rüsselsheimer Dreieck gesperrt. Umleitungsmöglichkeiten sind ausgeschildert: • Ausfahrt FR Mainz: Umleitung via AS Rüsselsheim-Mitte • Einfahrt FR Mainz: innerstädtische Umleitung zur AS Rüsselsheim-Mitte (Adam-Opel-Straße / Kurt-Schumacher-Ring), von Nauheim kommend via L3482 zur AS Bischofsheim • Einfahrt FR Darmstadt: innerstädtische Umleitung zur AS Rüsselsheim-Mitte (Adam-Opel-Straße / Kurt-Schumacher-Ring) Die Autobahn GmbH bittet alle Verkehrsteilnehmer um Verständnis für die unvermeidlichen Verkehrsbehinderungen, die durch die Arbeiten entstehen.",49.9774573994474,8.45464634678731
"A61","undefined--vi-hind.2025-05-23_18-49-46-000.f_005.de0","49.99557504911282,7.690191868788587,49.9961075028465,7.689137983725734","49.99557504911282,7.690191868788587","WARNING","A61 | Hunsrück-West - Rheinböllen"," Ludwigshafen -> Koblenz",NA,NA,NA,2025-05-23,"Beginn: 23.05.25 um 18:49 Uhr  Fahrzeug-Hindernis, seit 23.05.2025, 18:49 A61: Ludwigshafen -> Koblenz, zwischen 6.6 km hinter Hunsrück-West und 0.4 km vor AS Rheinböllen Gefahr durch ein defektes Fahrzeug auf der Fahrbahn",49.9955750491128,7.69019186878859
"A81","undefined--vi-hind.2025-05-23_19-44-00-000.f.de0","47.762169500948325,8.797158499999961,47.78954037651973,8.825470785037428","47.762169500948325,8.797158499999961","WARNING","A81 | Heilsbergtunnel - Singen"," Schaffhausen -> Singen",NA,NA,NA,2025-05-23,"Beginn: 23.05.25 um 19:44 Uhr  Hindernis, seit 23.05.2025, 19:44 A81: Schaffhausen -> Singen, zwischen 3.5 km hinter Heilsbergtunnel und 0.5 km vor AS Singen  Gefahr durch Gegenstände auf der Fahrbahn",47.7621695009483,8.79715849999996
"A81","undefined--vi-avl.2025-05-23_19-35-30-000.f_003.de0","47.826116933825354,8.831374842325982,47.826116933825354,8.831374842325982","47.826116933825354,8.831374842325982","WARNING","A81 | Bruckried - Bruckried"," Stuttgart -> Singen",NA,"STATIONARY_TRAFFIC","15",2025-05-23,"Beginn: 23.05.25 um 19:46 Uhr  Angespannte Verkehrslage, seit 23.05.2025, 19:46 A81: Stuttgart -> Singen, 0.1 km vor Bruckried, aus Richtung Engen  Im Stillstand Durchschnittsgeschwindigkeit: 15 km/h",47.8261169338254,8.83137484232598
"A81","undefined--vi-avl.2025-05-23_19-34-30-000.f_002.de0","47.826116933825354,8.831374842325982,47.81579380094821,8.84875269999997","47.826116933825354,8.831374842325982","WARNING","A81 | Engen - Hegau"," Stuttgart -> Singen",5,"STATIONARY_TRAFFIC","15.300000190734863",2025-05-23,"Beginn: 23.05.25 um 19:34 Uhr  Angespannte Verkehrslage, seit 23.05.2025, 19:34 A81: Stuttgart -> Singen, zwischen 4.0 km hinter AS Engen und 1.1 km vor AK Hegau  Im Stillstand Reisezeitverlust: 5 Minuten Durchschnittsgeschwindigkeit: 15 km/h",47.8261169338254,8.83137484232598
"A81","undefined--vi-zus.2025-05-23_07-05-00-000.f.de0","48.68564055704098,8.979190801692967,48.69854500699332,9.022106451760335","48.68564055704098,8.979190801692967","WARNING","A81 | Böblingen-Hulb - Böblingen-Ost"," Singen -> Stuttgart",18,"STATIONARY_TRAFFIC","10.199999809265137",2025-05-23,"Beginn: 23.05.25 um 07:05 Uhr  Zusammengesetzte Verkehrsinformation, seit 23.05.2025, 07:05 A81: Singen -> Stuttgart, zwischen 0.8 km hinter AS Böblingen-Hulb und 1.1 km vor AS Böblingen-Ost  Im Stillstand Reisezeitverlust: 18 Minuten Durchschnittsgeschwindigkeit: 10 km/h",48.685640557041,8.97919080169297
"A81","undefined--vi-avl.2025-05-23_18-56-27-000.f_001.de0","48.68562862534049,8.979154241569924,48.68562862534049,8.979154241569924","48.68562862534049,8.979154241569924","WARNING","A81 | Böblingen/Sindelfingen - Böblingen/Sindelfingen"," Singen -> Stuttgart",NA,"STATIONARY_TRAFFIC","10",2025-05-23,"Beginn: 23.05.25 um 19:46 Uhr  Angespannte Verkehrslage, seit 23.05.2025, 19:46 A81: Singen -> Stuttgart, 2.0 km vor AS Böblingen/Sindelfingen, aus Richtung Böblingen-Hulb  Im Stillstand Durchschnittsgeschwindigkeit: 10 km/h",48.6856286253405,8.97915424156992
"A81","undefined--vi-unf.2025-05-23_18-54-51-000.f.de0","48.694478266333924,9.011894253920469,48.7018923640221,9.02899544546317","48.694478266333924,9.011894253920469","WARNING","A81 | Böblingen/Sindelfingen - Böblingen-Ost"," Singen -> Stuttgart",NA,NA,NA,2025-05-23,"Beginn: 23.05.25 um 18:54 Uhr  Unfall, seit 23.05.2025, 18:54 A81: Singen -> Stuttgart, zwischen 0.7 km hinter AS Böblingen/Sindelfingen und 0.4 km vor AS Böblingen-Ost",48.6944782663339,9.01189425392047
"A93","undefined--vi-hind.2025-05-23_19-42-04-000.f.de0","49.67484204237146,12.130371686183858,49.68477240094264,12.127929600028018","49.67484204237146,12.130371686183858","WARNING","A93 | Weiden-Frauenricht - Weiden-Nord"," Weiden -> Hof",NA,NA,NA,2025-05-23,"Beginn: 23.05.25 um 19:42 Uhr  Hindernis, seit 23.05.2025, 19:42 A93: Weiden -> Hof, zwischen 0.3 km hinter AS Weiden-Frauenricht und 1.9 km vor AS Weiden-Nord  Gefahr durch Gegenstände auf der Fahrbahn",49.6748420423715,12.1303716861839
"A95","undefined--vi-hind.2025-05-23_19-00-14-000.f_008.de0","47.72779240094838,11.325206000007507,47.77077650094828,11.33837460000769","47.72779240094838,11.325206000007507","WARNING","A95 | Murnau/Kochel - Penzberg/Iffeldorf"," Garmisch-Partenkirchen -> München",NA,NA,NA,2025-05-23,"Beginn: 23.05.25 um 19:00 Uhr  Hindernis, seit 23.05.2025, 19:00 A95: Garmisch-Partenkirchen -> München, zwischen 7.4 km hinter AS Murnau/Kochel und 0.3 km vor AS Penzberg/Iffeldorf  Gefahr durch eine ungesicherte Unfallstelle",47.7277924009484,11.3252060000075
"A96","undefined--vi-zus.2025-05-23_19-28-37-000.f.de0","47.566142119160915,9.737411482663285,47.57875069280704,9.735117512071737","47.566142119160915,9.737411482663285","WARNING","A96 | Lindau - Sigmarszell"," Bregenz -> München",5,"STATIONARY_TRAFFIC","14.699999809265137",2025-05-23,"Beginn: 23.05.25 um 19:28 Uhr  Zusammengesetzte Verkehrsinformation, seit 23.05.2025, 19:28 A96: Bregenz -> München, zwischen 2.6 km hinter AS Lindau und AS Sigmarszell  Im Stillstand Reisezeitverlust: 5 Minuten Durchschnittsgeschwindigkeit: 14 km/h",47.5661421191609,9.73741148266329
"A96","undefined--vi-avl.2025-05-23_19-38-07-000.f_001.de0","47.566168712676905,9.737404650039311,47.566168712676905,9.737404650039311","47.566168712676905,9.737404650039311","WARNING","A96 | Sigmarszell - Sigmarszell"," Lindau -> München",NA,"STATIONARY_TRAFFIC","10",2025-05-23,"Beginn: 23.05.25 um 19:46 Uhr  Angespannte Verkehrslage, seit 23.05.2025, 19:46 A96: Lindau -> München, 1.4 km vor AS Sigmarszell, aus Richtung Lindau  Im Stillstand Durchschnittsgeschwindigkeit: 10 km/h",47.5661687126769,9.73740465003931
"A113","undefined--vi-zus.2025-05-23_04-57-30-000.f.de0","52.43617318100181,13.493052326243479,52.427730500930934,13.517008500122175","52.43617318100181,13.493052326243479","WARNING","A113 | Johannisthaler Chaussee - Rudower Höhe"," Neukölln -> Schönefeld",NA,NA,NA,2025-05-23,"Beginn: 23.05.25 um 04:57 Uhr  Zusammengesetzte Verkehrsinformation, seit 23.05.2025, 04:57 A113: Neukölln -> Schönefeld, zwischen 1.2 km hinter AS Johannisthaler Chaussee und 1.0 km vor Rudower Höhe  A113 Autobahnzubringer Dresden, Neukölln Richtung Schönefeld
zwischen Stubenrauchstraße und Tunnel Rudower Höhe
linker Fahrstreifen gesperrt, Bauarbeiten, bis voraussichtlich 20.06.2025",52.4361731810018,13.4930523262435
"A115","undefined--vi-zus.2024-10-09_07-09-40-000.f_531.de0","52.40027056808641,13.185163736426698,52.44227384698058,13.202709435405149","52.40027056808641,13.185163736426698","WARNING","A115 | Am Stern - Hüttenweg"," Dreieck Nuthetal -> Dreieck Funkturm",NA,NA,NA,2024-10-09,"Beginn: 09.10.24 um 07:09 Uhr  Zusammengesetzte Verkehrsinformation, seit 09.10.2024, 07:09 A115: Dreieck Nuthetal -> Dreieck Funkturm, zwischen 2.9 km hinter Am Stern und 3.8 km vor AS Hüttenweg  A115 Autobahnzubringer Magdeburg, Dreieck Nuthetal Richtung Dreieck Funkturm, zwischen Anschlussstelle Kleinmachnow und Anschlussstelle Spanische Allee, Baustelle, bis 31.10.2026 17:00 Uhr",52.4002705680864,13.1851637364267
"A115","undefined--vi-avl.2025-05-23_13-50-20-000.f_011.de0","52.395131649154685,13.177645874755093,52.41571560075798,13.197183194175915","52.395131649154685,13.177645874755093","WARNING","A115 | Am Stern - Kreuz Zehlendorf"," Dreieck Nuthetal -> Dreieck Funkturm",4,"QUEUING_TRAFFIC","25",2025-05-23,"Beginn: 23.05.25 um 13:50 Uhr  Angespannte Verkehrslage, seit 23.05.2025, 13:50 A115: Dreieck Nuthetal -> Dreieck Funkturm, zwischen 2.1 km hinter Am Stern und 0.6 km vor AS Kreuz Zehlendorf  Stockender Verkehr Reisezeitverlust: 4 Minuten Durchschnittsgeschwindigkeit: 25 km/h",52.3951316491547,13.1776458747551
"A115","undefined--vi-avl.2025-05-23_19-40-30-000.f_002.de0","52.39524768886923,13.177925242608108,52.39524768886923,13.177925242608108","52.39524768886923,13.177925242608108","WARNING","A115 | Kleinmachnow - Kleinmachnow"," Dreieck Nuthetal -> Dreieck Funkturm",NA,"QUEUING_TRAFFIC","11",2025-05-23,"Beginn: 23.05.25 um 19:46 Uhr  Angespannte Verkehrslage, seit 23.05.2025, 19:46 A115: Dreieck Nuthetal -> Dreieck Funkturm, 1.0 km vor AS Kleinmachnow, aus Richtung Am Stern  Stockender Verkehr Durchschnittsgeschwindigkeit: 11 km/h",52.3952476888692,13.1779252426081
"A115","undefined--vi-avl.2025-05-23_13-50-20-000.f_005.de0","52.42841521028538,13.19133470359514,52.436899824024756,13.195917250954118","52.42841521028538,13.19133470359514","WARNING","A115 | Kreuz Zehlendorf - Hüttenweg"," Dreieck Nuthetal -> Dreieck Funkturm",0,"SLOW_TRAFFIC","39.79999923706055",2025-05-23,"Beginn: 23.05.25 um 13:50 Uhr  Angespannte Verkehrslage, seit 23.05.2025, 13:50 A115: Dreieck Nuthetal -> Dreieck Funkturm, zwischen 1.0 km hinter AS Kreuz Zehlendorf und 4.6 km vor AS Hüttenweg  Langsamer Verkehr Reisezeitverlust: 0 Minuten Durchschnittsgeschwindigkeit: 39 km/h",52.4284152102854,13.1913347035951
"A143","undefined--vi-zus.2025-05-23_18-36-02-000.f_003.de0","51.426090519569115,11.864188829637131,51.44971890093379,11.863302600015","51.426090519569115,11.864188829637131","WARNING","A143 | Halle-Süd - Teutschenthal"," Halle-Süd -> Halle Nord",NA,NA,NA,2025-05-23,"Beginn: 23.05.25 um 18:36 Uhr  Zusammengesetzte Verkehrsinformation, seit 23.05.2025, 18:36 A143: Halle-Süd -> Halle Nord, zwischen 2.5 km hinter AD Halle-Süd und 0.2 km vor AS Teutschenthal  Gefahr durch Gegenstände auf der Fahrbahn  A143 Westumfahrung Halle, Halle-Süd Richtung Halle Nord zwischen Holleben und Teutschenthal Gefahr durch Gegenstände (mehrere Plastikteile) auf allen Fahrstreifen, Gefahr durch defekten PKW auf dem Standstreifen, fahren Sie bitte besonders vorsichtig, Polizei ist benachrichtigt",51.4260905195691,11.8641888296371
"A620","undefined--vi-hind.2025-05-23_18-24-04-000.f_006.de0","49.23633760094419,6.9463160999962525,49.23633760094419,6.9463160999962525","49.23633760094419,6.9463160999962525","WARNING","A620 | Saarbrücken-Gersweiler - Saarbrücken-Messegelände"," Saarlouis -> Saarbrücken",NA,NA,NA,2025-05-23,"Beginn: 23.05.25 um 18:24 Uhr  Hindernis, seit 23.05.2025, 18:24 A620: Saarlouis -> Saarbrücken, zwischen 0.2 km hinter AS Saarbrücken-Gersweiler und 1.2 km vor AS Saarbrücken-Messegelände  Gefahr durch eine ungesicherte Unfallstelle",49.2363376009442,6.94631609999625
