"road","identifier","extent","point","display_type","title","subtitle","delay_minutes","abnormalTrafficType","averageSpeed","startTimestamp","description","latitude","longitude"
"A1","undefined--vi-avl.2025-05-24_08-41-30-000.f.de0","50.825820771954106,6.78596768515948,50.85269977087939,6.804601196334652","50.825820771954106,6.78596768515948","WARNING","A1 | Erfttal - Ville"," Euskirchen -> Köln",8,"STATIONARY_TRAFFIC","18.899999618530273",2025-05-24,"Beginn: 24.05.25 um 08:41 Uhr  Angespannte Verkehrslage, seit 24.05.2025, 08:41 A1: Euskirchen -> Köln, zwischen 1.0 km hinter AD Erfttal und 0.6 km vor Ville  Im Stillstand Reisezeitverlust: 8 Minuten Durchschnittsgeschwindigkeit: 18 km/h",50.8258207719541,6.78596768515948
"A1","undefined--vi-avl.2025-05-24_08-48-30-000.f_001.de0","50.82575993267839,6.785942283990264,50.82575993267839,6.785942283990264","50.82575993267839,6.785942283990264","WARNING","A1 | Hürth - Hürth"," Euskirchen -> Köln",NA,"STATIONARY_TRAFFIC","19",2025-05-24,"Beginn: 24.05.25 um 09:31 Uhr  Angespannte Verkehrslage, seit 24.05.2025, 09:31 A1: Euskirchen -> Köln, 2.8 km vor AS Hürth, aus Richtung Erfttal  Im Stillstand Durchschnittsgeschwindigkeit: 19 km/h",50.8257599326784,6.78594228399026
"A1","undefined--vi-avl.2025-05-24_07-20-00-000.f.de0","52.89751245701435,8.331759778920183,52.92049405833133,8.477540618184968","52.89751245701435,8.331759778920183","WARNING","A1 | Engelmannsbäke-Nord - Delmetal-Süd"," Osnabrück -> Bremen",35,"STATIONARY_TRAFFIC","15.5",2025-05-24,"Beginn: 24.05.25 um 07:20 Uhr  Angespannte Verkehrslage, seit 24.05.2025, 07:20 A1: Osnabrück -> Bremen, zwischen 3.5 km hinter Engelmannsbäke-Nord und 5.0 km vor Delmetal-Süd  Im Stillstand Reisezeitverlust: 35 Minuten Durchschnittsgeschwindigkeit: 15 km/h",52.8975124570144,8.33175977892018
"A1","undefined--vi-avl.2025-05-24_07-46-30-000.f_001.de0","52.89743618320863,8.331594241937648,52.89743618320863,8.331594241937648","52.89743618320863,8.331594241937648","WARNING","A1 | Wildeshausen-West - Wildeshausen-West"," Osnabrück -> Bremen",NA,"STATIONARY_TRAFFIC","14",2025-05-24,"Beginn: 24.05.25 um 09:31 Uhr  Angespannte Verkehrslage, seit 24.05.2025, 09:31 A1: Osnabrück -> Bremen, 0.3 km vor AS Wildeshausen-West, aus Richtung Engelmannsbäke-Nord  Im Stillstand Durchschnittsgeschwindigkeit: 14 km/h",52.8974361832086,8.33159424193765
"A1","undefined--vi-avl.2025-05-24_09-12-30-000.f_006.de0","53.029315826073166,8.92998892992355,53.029315826073166,8.92998892992355","53.029315826073166,8.92998892992355","WARNING","A1 | Bremen-Hemelingen - Bremen-Hemelingen"," Bremen -> Osnabrück",NA,"STATIONARY_TRAFFIC","20",2025-05-24,"Beginn: 24.05.25 um 09:31 Uhr  Angespannte Verkehrslage, seit 24.05.2025, 09:31 A1: Bremen -> Osnabrück, 3.2 km vor AS Bremen-Hemelingen, aus Richtung Mahndorfer Marsch  Im Stillstand Durchschnittsgeschwindigkeit: 20 km/h",53.0293158260732,8.92998892992355
"A1","undefined--vi-avl.2025-05-24_08-54-30-000.f_002.de0","53.029315826073166,8.92998892992355,53.031460453437994,8.864211532227444","53.029315826073166,8.92998892992355","WARNING","A1 | Mahndorfer Marsch - Bremen-Arsten"," Bremen -> Osnabrück",12,"STATIONARY_TRAFFIC","19.600000381469727",2025-05-24,"Beginn: 24.05.25 um 08:54 Uhr  Angespannte Verkehrslage, seit 24.05.2025, 08:54 A1: Bremen -> Osnabrück, zwischen 1.0 km hinter Mahndorfer Marsch und 0.4 km vor AS Bremen-Arsten  Im Stillstand Reisezeitverlust: 12 Minuten Durchschnittsgeschwindigkeit: 19 km/h",53.0293158260732,8.92998892992355
"A1","undefined--vi-avl.2025-05-24_09-33-30-000.f_002.de0","53.54720767059722,10.148333840531679,53.54720767059722,10.148333840531679","53.54720767059722,10.148333840531679","WARNING","A1 | Hamburg-Öjendorf - Hamburg-Öjendorf"," Lübeck -> Hamburg",NA,"QUEUING_TRAFFIC","29",2025-05-24,"Beginn: 24.05.25 um 09:33 Uhr  Angespannte Verkehrslage, seit 24.05.2025, 09:33 A1: Lübeck -> Hamburg, 0.4 km vor AS Hamburg-Öjendorf, aus Richtung Hamburg-Ost  Stockender Verkehr Durchschnittsgeschwindigkeit: 29 km/h",53.5472076705972,10.1483338405317
"A1","undefined--vi-avl.2025-05-24_08-38-00-000.f_002.de0","53.54849094117168,10.148818151286259,53.528945248224055,10.134853669775783","53.54849094117168,10.148818151286259","WARNING","A1 | Hamburg-Ost - Hamburg-Billstedt"," Lübeck -> Hamburg",2,"QUEUING_TRAFFIC","34.099998474121094",2025-05-24,"Beginn: 24.05.25 um 08:38 Uhr  Angespannte Verkehrslage, seit 24.05.2025, 08:38 A1: Lübeck -> Hamburg, zwischen 1.7 km hinter AK Hamburg-Ost und 0.2 km vor AS Hamburg-Billstedt  Stockender Verkehr Reisezeitverlust: 2 Minuten Durchschnittsgeschwindigkeit: 34 km/h",53.5484909411717,10.1488181512863
"A1","undefined--vi-avl.2025-05-24_09-33-02-000.f_001.de0","53.97530214766692,10.732543215255633,53.95917795031782,10.742766521389003","53.97530214766692,10.732543215255633","WARNING","A1 | Pansdorf - Ratekau"," Fehmarn -> Lübeck",1,"SLOW_TRAFFIC","47",2025-05-24,"Beginn: 24.05.25 um 09:33 Uhr  Angespannte Verkehrslage, seit 24.05.2025, 09:33 A1: Fehmarn -> Lübeck, zwischen 3.4 km hinter AS Pansdorf und 1.2 km vor AS Ratekau  Langsamer Verkehr Reisezeitverlust: 1 Minuten Durchschnittsgeschwindigkeit: 47 km/h",53.9753021476669,10.7325432152556
"A1","undefined--vi-avl.2025-05-24_09-32-34-000.f.de0","54.05476355535477,10.736464423750334,54.04264581014651,10.728437588656377","54.05476355535477,10.736464423750334","WARNING","A1 | Neustädter Bucht - Scharbeutz"," Fehmarn -> Lübeck",0,"SLOW_TRAFFIC","58.29999923706055",2025-05-24,"Beginn: 24.05.25 um 09:32 Uhr  Angespannte Verkehrslage, seit 24.05.2025, 09:32 A1: Fehmarn -> Lübeck, zwischen 2.1 km hinter Neustädter Bucht und 0.9 km vor AS Scharbeutz  Langsamer Verkehr Reisezeitverlust: 0 Minuten Durchschnittsgeschwindigkeit: 58 km/h",54.0547635553548,10.7364644237503
"A2","undefined--vi-avl.2025-05-24_09-31-30-000.f_008.de0","52.388879066392725,9.989864946002497,52.388879066392725,9.989864946002497","52.388879066392725,9.989864946002497","WARNING","A2 | Lehrte - Lehrte"," Braunschweig -> Hannover",NA,"STATIONARY_TRAFFIC","18",2025-05-24,"Beginn: 24.05.25 um 09:31 Uhr  Angespannte Verkehrslage, seit 24.05.2025, 09:31 A2: Braunschweig -> Hannover, 1.3 km vor AS Lehrte, aus Richtung Lehrter See Süd  Im Stillstand Durchschnittsgeschwindigkeit: 18 km/h",52.3888790663927,9.9898649460025
"A2","undefined--vi-unf.2025-05-24_06-46-00-000.f_002.de0","52.39352215365013,9.932739113816629,52.3959965180027,9.910954279912495","52.39352215365013,9.932739113816629","WARNING","A2 | Lehrte - Hannover-Ost"," Braunschweig -> Hannover",NA,NA,NA,2025-05-24,"Beginn: 24.05.25 um 06:46 Uhr  Unfall, seit 24.05.2025, 06:46 A2: Braunschweig -> Hannover, zwischen 2.7 km hinter AS Lehrte und 0.8 km vor AK Hannover-Ost",52.3935221536501,9.93273911381663
"A2","undefined--vi-zus.2025-05-24_06-56-30-000.f_001.de0","52.388883549129254,9.989806630964873,52.3947490780449,9.922764399319451","52.388883549129254,9.989806630964873","WARNING","A2 | Lehrter See Süd - Hannover-Ost"," Braunschweig -> Hannover",7,"STATIONARY_TRAFFIC","27.399999618530273",2025-05-24,"Beginn: 24.05.25 um 06:56 Uhr  Zusammengesetzte Verkehrsinformation, seit 24.05.2025, 06:56 A2: Braunschweig -> Hannover, zwischen 0.5 km hinter Lehrter See Süd und 1.6 km vor AK Hannover-Ost  Im Stillstand Reisezeitverlust: 7 Minuten Durchschnittsgeschwindigkeit: 27 km/h",52.3888835491293,9.98980663096487
"A2","undefined--vi-hind.2025-05-24_09-04-30-000.f_006.de0","52.38194261753356,10.021899792168622,52.38097575560132,10.025372609901916","52.38194261753356,10.021899792168622","WARNING","A2 | Lehrte-Ost - Hämelerwald"," Hannover -> Braunschweig",NA,NA,NA,2025-05-24,"Beginn: 24.05.25 um 09:04 Uhr  Fahrzeug-Hindernis, seit 24.05.2025, 09:04 A2: Hannover -> Braunschweig, zwischen 0.4 km hinter AS Lehrte-Ost und 6.9 km vor AS Hämelerwald Gefahr durch ein defektes Fahrzeug auf der Fahrbahn",52.3819426175336,10.0218997921686
"A2","undefined--vi-avl.2025-05-24_09-25-07-000.f_002.de0","52.21720464174873,11.067230673983763,52.21089654548261,11.104249155600149","52.21720464174873,11.067230673983763","WARNING","A2 | Lappwald Nord - Alleringersleben"," Braunschweig -> Magdeburg",5,"STATIONARY_TRAFFIC","20.700000762939453",2025-05-24,"Beginn: 24.05.25 um 09:25 Uhr  Angespannte Verkehrslage, seit 24.05.2025, 09:25 A2: Braunschweig -> Magdeburg, zwischen 0.6 km hinter Lappwald Nord und 2.1 km vor AS Alleringersleben  Im Stillstand Reisezeitverlust: 5 Minuten Durchschnittsgeschwindigkeit: 20 km/h",52.2172046417487,11.0672306739838
"A2","undefined--vi-avl.2025-05-24_09-27-30-000.f_006.de0","52.21720310852613,11.067245093404482,52.21720310852613,11.067245093404482","52.21720310852613,11.067245093404482","WARNING","A2 | Marienborn/Helmstedt - Marienborn/Helmstedt"," Braunschweig -> Magdeburg",NA,"STATIONARY_TRAFFIC","19",2025-05-24,"Beginn: 24.05.25 um 09:31 Uhr  Angespannte Verkehrslage, seit 24.05.2025, 09:31 A2: Braunschweig -> Magdeburg, 0.7 km vor AS Marienborn/Helmstedt, aus Richtung Lappwald Nord  Im Stillstand Durchschnittsgeschwindigkeit: 19 km/h",52.2172031085261,11.0672450934045
"A2","undefined--vi-zus.2025-05-24_08-38-33-000.f.de0","52.269748687919325,12.377359912633766,52.27733104603453,12.432448578287435","52.269748687919325,12.377359912633766","WARNING","A2 | Buckautal-Süd - Wollin"," Magdeburg -> Berliner Ring",10,"STATIONARY_TRAFFIC","19.100000381469727",2025-05-24,"Beginn: 24.05.25 um 08:38 Uhr  Zusammengesetzte Verkehrsinformation, seit 24.05.2025, 08:38 A2: Magdeburg -> Berliner Ring, zwischen 5.2 km hinter Buckautal-Süd und 2.6 km vor AS Wollin  Im Stillstand Reisezeitverlust: 10 Minuten Durchschnittsgeschwindigkeit: 19 km/h",52.2697486879193,12.3773599126338
"A2","undefined--vi-avl.2025-05-24_08-45-30-000.f.de0","52.269748687919325,12.377359912633766,52.269748687919325,12.377359912633766","52.269748687919325,12.377359912633766","WARNING","A2 | Wollin - Wollin"," Magdeburg -> Berliner Ring",NA,"STATIONARY_TRAFFIC","11",2025-05-24,"Beginn: 24.05.25 um 09:31 Uhr  Angespannte Verkehrslage, seit 24.05.2025, 09:31 A2: Magdeburg -> Berliner Ring, 6.4 km vor AS Wollin, aus Richtung Buckautal-Süd  Im Stillstand Durchschnittsgeschwindigkeit: 11 km/h",52.2697486879193,12.3773599126338
"A2","undefined--vi-hind.2025-05-24_09-10-00-000.f.de0","52.35055470092861,12.599699400040805,52.29178240092885,12.461111900034005","52.35055470092861,12.599699400040805","WARNING","A2 | Rietzer See - Wollin"," Berliner Ring -> Magdeburg",NA,NA,NA,2025-05-24,"Beginn: 24.05.25 um 09:10 Uhr  Fahrzeug-Hindernis, seit 24.05.2025, 09:10 A2: Berliner Ring -> Magdeburg, zwischen 3.2 km hinter Rietzer See und AS Wollin Gefahr durch ein defektes Fahrzeug auf der Fahrbahn",52.3505547009286,12.5996994000408
"A3","undefined--vi-avl.2025-05-24_09-30-30-000.f_007.de0","48.99582796685928,12.322912850757927,48.998302055323485,12.34705247025671","48.99582796685928,12.322912850757927","WARNING","A3 | Rosenhof - Wörth an der Donau/Wiesent"," Nürnberg -> Passau",1,"QUEUING_TRAFFIC","39.70000076293945",2025-05-24,"Beginn: 24.05.25 um 09:30 Uhr  Angespannte Verkehrslage, seit 24.05.2025, 09:30 A3: Nürnberg -> Passau, zwischen 6.1 km hinter AS Rosenhof und 1.2 km vor AS Wörth an der Donau/Wiesent  Stockender Verkehr Reisezeitverlust: 1 Minuten Durchschnittsgeschwindigkeit: 39 km/h",48.9958279668593,12.3229128507579
"A3","undefined--vi-hind.2025-05-24_09-07-30-000.f_001.de0","49.23503788915165,11.63796668823675,49.281796200944044,11.580330000011108","49.23503788915165,11.63796668823675","WARNING","A3 | Maierholz - Neumarkt-Ost"," Passau -> Nürnberg",NA,NA,NA,2025-05-24,"Beginn: 24.05.25 um 09:07 Uhr  Hindernis, seit 24.05.2025, 09:07 A3: Passau -> Nürnberg, zwischen 1.4 km hinter Maierholz und 0.5 km vor AS Neumarkt-Ost",49.2350378891516,11.6379666882367
"A3","undefined--vi-avl.2025-05-24_09-31-30-000.f_001.de0","49.57034651730081,10.937855581420493,49.57679123163664,10.931325843521225","49.57034651730081,10.937855581420493","WARNING","A3 | Erlangen-Frauenaurach - Aurach"," Nürnberg -> Würzburg",0,"SLOW_TRAFFIC","40.79999923706055",2025-05-24,"Beginn: 24.05.25 um 09:31 Uhr  Angespannte Verkehrslage, seit 24.05.2025, 09:31 A3: Nürnberg -> Würzburg, zwischen 0.6 km hinter AS Erlangen-Frauenaurach und 0.6 km vor Aurach  Langsamer Verkehr Reisezeitverlust: 0 Minuten Durchschnittsgeschwindigkeit: 40 km/h",49.5703465173008,10.9378555814205
"A3","undefined--vi-avl.2025-05-24_09-31-30-000.f_004.de0","49.57034651730081,10.937855581420493,49.57034651730081,10.937855581420493","49.57034651730081,10.937855581420493","WARNING","A3 | Aurach - Aurach"," Nürnberg -> Würzburg",NA,"SLOW_TRAFFIC","20",2025-05-24,"Beginn: 24.05.25 um 09:31 Uhr  Angespannte Verkehrslage, seit 24.05.2025, 09:31 A3: Nürnberg -> Würzburg, 1.4 km vor Aurach, aus Richtung Erlangen-Frauenaurach  Langsamer Verkehr Durchschnittsgeschwindigkeit: 20 km/h",49.5703465173008,10.9378555814205
"A3","undefined--vi-hind.2025-05-24_09-00-00-000.f_001.de0","49.74553057849847,10.62837236777633,49.7695698432458,10.48114246563649","49.74553057849847,10.62837236777633","WARNING","A3 | Schlüsselfeld - Geiselwind"," Nürnberg -> Würzburg",NA,NA,NA,2025-05-24,"Beginn: 24.05.25 um 09:00 Uhr  Hindernis, seit 24.05.2025, 09:00 A3: Nürnberg -> Würzburg, zwischen 0.3 km hinter AS Schlüsselfeld und 0.4 km vor AS Geiselwind  Gefahr durch eine ungesicherte Unfallstelle",49.7455305784985,10.6283723677763
"A3","undefined--vi-hind.2025-05-24_09-15-34-000.f_002.de0","49.75988430827328,10.586918054960336,49.75677911353222,10.606196216105143","49.75988430827328,10.586918054960336","WARNING","A3 | Heuchelsheim - Schlüsselfeld"," Würzburg -> Nürnberg",NA,NA,NA,2025-05-24,"Beginn: 24.05.25 um 09:15 Uhr  Hindernis, seit 24.05.2025, 09:15 A3: Würzburg -> Nürnberg, zwischen 0.7 km hinter Heuchelsheim und 2.4 km vor AS Schlüsselfeld  Gefahr durch eine ungesicherte Unfallstelle",49.7598843082733,10.5869180549603
"A3","undefined--vi-avl.2025-05-24_08-53-30-000.f.de0","49.767486775705265,10.499283137446316,49.767486775705265,10.499283137446316","49.767486775705265,10.499283137446316","WARNING","A3 | Wasserberndorf - Wasserberndorf"," Würzburg -> Nürnberg",NA,"STATIONARY_TRAFFIC","14",2025-05-24,"Beginn: 24.05.25 um 09:31 Uhr  Angespannte Verkehrslage, seit 24.05.2025, 09:31 A3: Würzburg -> Nürnberg, 1.8 km vor Wasserberndorf, aus Richtung Geiselwind  Im Stillstand Durchschnittsgeschwindigkeit: 14 km/h",49.7674867757053,10.4992831374463
"A3","undefined--vi-zus.2025-05-24_08-52-00-000.f.de0","49.76748860123036,10.499269541951621,49.75978212878753,10.594682044666726","49.76748860123036,10.499269541951621","WARNING","A3 | Geiselwind - Schlüsselfeld"," Würzburg -> Nürnberg",25,"STATIONARY_TRAFFIC","14.199999809265137",2025-05-24,"Beginn: 24.05.25 um 08:52 Uhr  Zusammengesetzte Verkehrsinformation, seit 24.05.2025, 08:52 A3: Würzburg -> Nürnberg, zwischen 1.7 km hinter AS Geiselwind und 3.3 km vor AS Schlüsselfeld  Gefahr durch eine ungesicherte Unfallstelle  Im Stillstand Reisezeitverlust: 25 Minuten Durchschnittsgeschwindigkeit: 14 km/h",49.7674886012304,10.4992695419516
"A3","undefined--vi-avl.2025-05-24_09-30-30-000.f_001.de0","50.81087010234485,7.216825067549574,50.81087010234485,7.216825067549574","50.81087010234485,7.216825067549574","WARNING","A3 | Siegburg - Siegburg"," Köln -> Frankfurt",NA,"SLOW_TRAFFIC","24",2025-05-24,"Beginn: 24.05.25 um 09:31 Uhr  Angespannte Verkehrslage, seit 24.05.2025, 09:31 A3: Köln -> Frankfurt, 0.3 km vor Siegburg, aus Richtung Lohmar  Langsamer Verkehr Durchschnittsgeschwindigkeit: 24 km/h",50.8108701023449,7.21682506754957
"A3","undefined--vi-avl.2025-05-24_09-24-30-000.f.de0","50.8109308440715,7.216764263280779,50.79249308757475,7.2339179693784","50.8109308440715,7.216764263280779","WARNING","A3 | Lohmar - Bonn/Siegburg"," Köln -> Frankfurt",2,"SLOW_TRAFFIC","39.400001525878906",2025-05-24,"Beginn: 24.05.25 um 09:24 Uhr  Angespannte Verkehrslage, seit 24.05.2025, 09:24 A3: Köln -> Frankfurt, zwischen 1.6 km hinter AS Lohmar und 2.0 km vor AK Bonn/Siegburg  Langsamer Verkehr Reisezeitverlust: 2 Minuten Durchschnittsgeschwindigkeit: 39 km/h",50.8109308440715,7.21676426328078
"A3","undefined--vi-avl.2025-05-24_09-29-06-000.f_003.de0","51.43809388723909,6.8073331296443795,51.44853071288615,6.798549833395249","51.43809388723909,6.8073331296443795","WARNING","A3 | Duisburg-Wedau - Oberhausen-Lirich"," Köln -> Oberhausen",0,"SLOW_TRAFFIC","51.29999923706055",2025-05-24,"Beginn: 24.05.25 um 09:29 Uhr  Angespannte Verkehrslage, seit 24.05.2025, 09:29 A3: Köln -> Oberhausen, zwischen 3.5 km hinter AS Duisburg-Wedau und 3.5 km vor AS Oberhausen-Lirich  Langsamer Verkehr Reisezeitverlust: 0 Minuten Durchschnittsgeschwindigkeit: 51 km/h",51.4380938872391,6.80733312964438
"A3","undefined--vi-avl.2025-05-24_08-52-00-000.f.de0","51.497923780633826,6.820176564360742,51.53193199072161,6.822896983858008","51.497923780633826,6.820176564360742","WARNING","A3 | Oberhausen-West - Oberhausen"," Köln -> Arnheim",5,"QUEUING_TRAFFIC","31",2025-05-24,"Beginn: 24.05.25 um 08:52 Uhr  Angespannte Verkehrslage, seit 24.05.2025, 08:52 A3: Köln -> Arnheim, zwischen 1.2 km hinter AK Oberhausen-West und 1.0 km vor AK Oberhausen  Stockender Verkehr Reisezeitverlust: 5 Minuten Durchschnittsgeschwindigkeit: 31 km/h",51.4979237806338,6.82017656436074
"A3","undefined--vi-avl.2025-05-24_09-29-35-000.f_006.de0","51.497923780633826,6.820176564360742,51.497923780633826,6.820176564360742","51.497923780633826,6.820176564360742","WARNING","A3 | Oberhausen-Holten - Oberhausen-Holten"," Oberhausen -> Arnheim",NA,"QUEUING_TRAFFIC","20",2025-05-24,"Beginn: 24.05.25 um 09:31 Uhr  Angespannte Verkehrslage, seit 24.05.2025, 09:31 A3: Oberhausen -> Arnheim, 1.8 km vor AS Oberhausen-Holten, aus Richtung Oberhausen-West  Stockender Verkehr Durchschnittsgeschwindigkeit: 20 km/h",51.4979237806338,6.82017656436074
"A4","undefined--vi-avl.2025-05-24_09-16-00-000.f.de0","50.89874118063319,6.9085534601752485,50.89212772911116,6.923158297032745","50.89874118063319,6.9085534601752485","WARNING","A4 | Köln-West - Köln-Eifeltor"," Heerlen/Aachen -> Köln",0,"SLOW_TRAFFIC","53.099998474121094",2025-05-24,"Beginn: 24.05.25 um 09:26 Uhr  Angespannte Verkehrslage, seit 24.05.2025, 09:26 A4: Heerlen/Aachen -> Köln, zwischen 5.4 km hinter AK Köln-West und 0.2 km vor AS Köln-Eifeltor  Langsamer Verkehr Reisezeitverlust: 0 Minuten Durchschnittsgeschwindigkeit: 53 km/h",50.8987411806332,6.90855346017525
"A4","undefined--vi-avl.2025-05-24_09-33-30-000.f.de0","50.973354875987994,7.537376539604732,50.973354875987994,7.537376539604732","50.973354875987994,7.537376539604732","WARNING","A4 | Gummersbach - Gummersbach"," Olpe -> Köln",NA,"QUEUING_TRAFFIC","20",2025-05-24,"Beginn: 24.05.25 um 09:33 Uhr  Angespannte Verkehrslage, seit 24.05.2025, 09:33 A4: Olpe -> Köln, 0.8 km vor AS Gummersbach, aus Richtung Morkepütz  Stockender Verkehr Durchschnittsgeschwindigkeit: 20 km/h",50.973354875988,7.53737653960473
"A4","undefined--vi-avl.2025-05-24_09-27-00-000.f.de0","50.97351309857912,7.535300139026748,50.975003382216904,7.512163594889377","50.97351309857912,7.535300139026748","WARNING","A4 | Morkepütz - Hömeler Feld"," Olpe -> Köln",1,"SLOW_TRAFFIC","37.400001525878906",2025-05-24,"Beginn: 24.05.25 um 09:27 Uhr  Angespannte Verkehrslage, seit 24.05.2025, 09:27 A4: Olpe -> Köln, zwischen 1.1 km hinter Morkepütz und 0.6 km vor Hömeler Feld  Langsamer Verkehr Reisezeitverlust: 1 Minuten Durchschnittsgeschwindigkeit: 37 km/h",50.9735130985791,7.53530013902675
"A4","undefined--vi-zus.2025-05-24_09-26-30-000.f.de0","51.00504894232095,10.396807509229323,50.993850443578935,10.435189658912424","51.00504894232095,10.396807509229323","WARNING","A4 | Eisenach-West - Hainich"," Bad Hersfeld -> Erfurt",2,"QUEUING_TRAFFIC","47.400001525878906",2025-05-24,"Beginn: 24.05.25 um 09:26 Uhr  Zusammengesetzte Verkehrsinformation, seit 24.05.2025, 09:26 A4: Bad Hersfeld -> Erfurt, zwischen 9.7 km hinter AS Eisenach-West und 0.5 km vor Hainich  Gefahr durch Gegenstände auf der Fahrbahn  Stockender Verkehr Reisezeitverlust: 2 Minuten Durchschnittsgeschwindigkeit: 47 km/h",51.0050489423209,10.3968075092293
"A4","undefined--vi-hind.2025-05-24_08-50-00-000.f_004.de0","50.99988640511068,10.40901137617595,50.95045192102325,10.485775329223845","50.99988640511068,10.40901137617595","WARNING","A4 | Eisenach-Ost - Sättelstädt"," Bad Hersfeld -> Erfurt",NA,NA,NA,2025-05-24,"Beginn: 24.05.25 um 08:50 Uhr  Hindernis, seit 24.05.2025, 08:50 A4: Bad Hersfeld -> Erfurt, zwischen 0.1 km hinter AS Eisenach-Ost und 0.4 km vor AS Sättelstädt  Gefahr durch Gegenstände auf der Fahrbahn",50.9998864051107,10.409011376176
"A4","undefined--vi-hind.2025-05-24_09-29-35-000.f.de0","50.943417400936546,11.30144480000562,50.93337290093664,11.386140500006649","50.943417400936546,11.30144480000562","WARNING","A4 | Weimar - Apolda"," Erfurt -> Chemnitz",NA,NA,NA,2025-05-24,"Beginn: 24.05.25 um 09:29 Uhr  Hindernis, seit 24.05.2025, 09:29 A4: Erfurt -> Chemnitz, zwischen 0.3 km hinter AS Weimar und 0.3 km vor AS Apolda  Gefahr durch Gegenstände auf der Fahrbahn",50.9434174009365,11.3014448000056
"A4","undefined--vi-hind.2025-05-24_09-30-30-000.f.de0","50.863987859345,12.873375495043993,50.86367309149106,12.87284585214582","50.863987859345,12.873375495043993","WARNING","A4 | Chemnitz-Glösa - Chemnitz-Mitte"," Dresden -> Chemnitz",NA,NA,NA,2025-05-24,"Beginn: 24.05.25 um 09:30 Uhr  Fahrzeug-Hindernis, seit 24.05.2025, 09:30 A4: Dresden -> Chemnitz, zwischen 2.7 km hinter AS Chemnitz-Glösa und 0.6 km vor AS Chemnitz-Mitte Gefahr durch ein defektes Fahrzeug auf der Fahrbahn",50.863987859345,12.873375495044
"A4","undefined--vi-zus.2025-05-24_08-53-00-000.f.de0","51.18287898156109,15.003118557633075,51.18430040096618,14.998414400641499","51.18287898156109,15.003118557633075","WARNING","A4 | Ludwigsdorf - An der Neiße"," Görlitz -> Dresden",1,"SLOW_TRAFFIC","9",2025-05-24,"Beginn: 24.05.25 um 08:53 Uhr  Zusammengesetzte Verkehrsinformation, seit 24.05.2025, 08:53 A4: Görlitz -> Dresden, zwischen 0.5 km hinter Ludwigsdorf und 0.7 km vor An der Neiße  Langsamer Verkehr Reisezeitverlust: 1 Minuten Durchschnittsgeschwindigkeit: 9 km/h",51.1828789815611,15.0031185576331
"A5","undefined--vi-avl.2025-05-24_09-29-35-000.f.de0","47.59949489425307,7.602549503284352,47.59949489425307,7.602549503284352","47.59949489425307,7.602549503284352","WARNING","A5 | Weil am Rhein - Weil am Rhein"," Karlsruhe -> Basel",NA,"SLOW_TRAFFIC","6",2025-05-24,"Beginn: 24.05.25 um 09:30 Uhr  Angespannte Verkehrslage, seit 24.05.2025, 09:30 A5: Karlsruhe -> Basel, 0.2 km vor Weil am Rhein, aus Richtung Weil am Rhein/Hüningen  Langsamer Verkehr Durchschnittsgeschwindigkeit: 6 km/h",47.5994948942531,7.60254950328435
"A5","undefined--vi-avl.2025-05-24_09-28-30-000.f.de0","48.89549707395453,8.314820783432886,48.90123030843058,8.336190859763544","48.89549707395453,8.314820783432886","WARNING","A5 | Schleifweg - Karlsruhe-Süd"," Basel -> Karlsruhe",1,"SLOW_TRAFFIC","56.5",2025-05-24,"Beginn: 24.05.25 um 09:28 Uhr  Angespannte Verkehrslage, seit 24.05.2025, 09:28 A5: Basel -> Karlsruhe, zwischen 2.0 km hinter Schleifweg und 7.4 km vor AS Karlsruhe-Süd  Langsamer Verkehr Reisezeitverlust: 1 Minuten Durchschnittsgeschwindigkeit: 56 km/h",48.8954970739545,8.31482078343289
"A5","undefined--vi-zus.2025-05-24_09-26-30-000.f_001.de0","49.08988816359278,8.53068995302512,49.07622537948536,8.514279465056758","49.08988816359278,8.53068995302512","WARNING","A5 | Bruchsal - Höfenschlag"," Heidelberg -> Karlsruhe",1,"QUEUING_TRAFFIC","48.79999923706055",2025-05-24,"Beginn: 24.05.25 um 09:26 Uhr  Zusammengesetzte Verkehrsinformation, seit 24.05.2025, 09:26 A5: Heidelberg -> Karlsruhe, zwischen 6.9 km hinter AS Bruchsal und 0.6 km vor Höfenschlag  Stockender Verkehr Reisezeitverlust: 1 Minuten Durchschnittsgeschwindigkeit: 48 km/h  Gefahr durch eine ungesicherte Unfallstelle",49.0898881635928,8.53068995302512
"A5","undefined--vi-hind.2025-05-24_09-31-30-000.f.de0","49.079966392788954,8.519028955316776,49.06939639305424,8.50789162788896","49.079966392788954,8.519028955316776","WARNING","A5 | Bruchsal - Karlsruhe-Nord"," Heidelberg -> Karlsruhe",NA,NA,NA,2025-05-24,"Beginn: 24.05.25 um 09:31 Uhr  Hindernis, seit 24.05.2025, 09:31 A5: Heidelberg -> Karlsruhe, zwischen 8.3 km hinter AS Bruchsal und 6.7 km vor AS Karlsruhe-Nord  Gefahr durch eine ungesicherte Unfallstelle",49.079966392789,8.51902895531678
"A5","undefined--vi-zus.2025-05-24_09-32-00-000.f.de0","49.53695196505661,8.631039888068472,49.54889530094299,8.627698299999913","49.53695196505661,8.631039888068472","WARNING","A5 | Wachenburg - Weinheim"," Heidelberg -> Darmstadt",0,"SLOW_TRAFFIC","67.9000015258789",2025-05-24,"Beginn: 24.05.25 um 09:32 Uhr  Zusammengesetzte Verkehrsinformation, seit 24.05.2025, 09:32 A5: Heidelberg -> Darmstadt, zwischen 0.6 km hinter Wachenburg und AK Weinheim  Langsamer Verkehr Reisezeitverlust: 0 Minuten Durchschnittsgeschwindigkeit: 67 km/h",49.5369519650566,8.63103988806847
"A5","undefined--vi-zus.2025-05-24_05-14-00-000.f.de0","50.77232553465168,9.387420827853264,50.789023348616745,9.442990174700048","50.77232553465168,9.387420827853264","WARNING","A5 | Berfa - Frohnkreuz"," Frankfurt -> Kassel",9,"STATIONARY_TRAFFIC","22",2025-05-24,"Beginn: 24.05.25 um 05:14 Uhr  Zusammengesetzte Verkehrsinformation, seit 24.05.2025, 05:14 A5: Frankfurt -> Kassel, zwischen 2.4 km hinter Berfa und 0.2 km vor Frohnkreuz  Im Stillstand Reisezeitverlust: 9 Minuten Durchschnittsgeschwindigkeit: 22 km/h",50.7723255346517,9.38742082785326
"A5","undefined--vi-avl.2025-05-24_09-27-30-000.f.de0","50.77232553465168,9.387420827853264,50.77232553465168,9.387420827853264","50.77232553465168,9.387420827853264","WARNING","A5 | Frohnkreuz - Frohnkreuz"," Frankfurt -> Kassel",NA,"STATIONARY_TRAFFIC","16",2025-05-24,"Beginn: 24.05.25 um 09:31 Uhr  Angespannte Verkehrslage, seit 24.05.2025, 09:31 A5: Frankfurt -> Kassel, 4.6 km vor Frohnkreuz, aus Richtung Berfa  Im Stillstand Durchschnittsgeschwindigkeit: 16 km/h",50.7723255346517,9.38742082785326
"A5","undefined--vi-avl.2025-05-24_09-29-06-000.f_001.de0","47.59940691204181,7.602577281478746,47.59640356018629,7.603538880267607","47.59940691204181,7.602577281478746","WARNING","Baustelle"," km 812.56 --> km 812.90",1,"QUEUING_TRAFFIC","11.5",2025-05-24,"Beginn: 24.05.25 um 09:29 Uhr  Angespannte Verkehrslage, seit 24.05.2025, 09:29 A5: km 812.56 --> km 812.90  Stockender Verkehr Reisezeitverlust: 1 Minuten Durchschnittsgeschwindigkeit: 11 km/h",47.5994069120418,7.60257728147875
"A6","undefined--vi-avl.2025-05-24_09-30-00-000.f.de0","49.280989457139384,8.62032826320331,49.27592214460154,8.634659677640379","49.280989457139384,8.62032826320331","WARNING","A6 | Am Hockenheimring - Bucheneck"," Mannheim -> Heilbronn",0,"SLOW_TRAFFIC","60.900001525878906",2025-05-24,"Beginn: 24.05.25 um 09:30 Uhr  Angespannte Verkehrslage, seit 24.05.2025, 09:30 A6: Mannheim -> Heilbronn, zwischen 5.9 km hinter Am Hockenheimring und 0.8 km vor Bucheneck  Langsamer Verkehr Reisezeitverlust: 0 Minuten Durchschnittsgeschwindigkeit: 60 km/h",49.2809894571394,8.62032826320331
"A6","undefined--vi-avl.2025-05-24_09-12-05-000.f.de0","49.27257998608696,8.650648786484833,49.277719660646895,8.629418408487055","49.27257998608696,8.650648786484833","WARNING","A6 | Wiesloch/Rauenberg - Walldorf"," Heilbronn -> Mannheim",1,"QUEUING_TRAFFIC","40",2025-05-24,"Beginn: 24.05.25 um 09:12 Uhr  Angespannte Verkehrslage, seit 24.05.2025, 09:12 A6: Heilbronn -> Mannheim, zwischen 3.2 km hinter AS Wiesloch/Rauenberg und 0.7 km vor AK Walldorf  Stockender Verkehr Reisezeitverlust: 1 Minuten Durchschnittsgeschwindigkeit: 40 km/h",49.272579986087,8.65064878648483
"A6","undefined--vi-avl.2025-05-24_07-56-00-000.f_006.de0","49.18347230094438,10.06772490000037,49.20501747282381,10.218645365826228","49.18347230094438,10.06772490000037","WARNING","A6 | Reußenberg - Feuchtwangen/Crailsheim"," Heilbronn -> Nürnberg",10,"SLOW_TRAFFIC","41.099998474121094",2025-05-24,"Beginn: 24.05.25 um 07:56 Uhr  Angespannte Verkehrslage, seit 24.05.2025, 07:56 A6: Heilbronn -> Nürnberg, zwischen 5.6 km hinter Reußenberg und 1.1 km vor AK Feuchtwangen/Crailsheim  Langsamer Verkehr Reisezeitverlust: 10 Minuten Durchschnittsgeschwindigkeit: 41 km/h",49.1834723009444,10.0677249000004
"A6","undefined--vi-hind.2025-05-24_08-59-32-000.f_001.de0","49.279608800944025,10.719899600001716,49.27844151922358,10.718327569067366","49.279608800944025,10.719899600001716","WARNING","A6 | Lichtenau - Geisberg"," Nürnberg -> Heilbronn",NA,NA,NA,2025-05-24,"Beginn: 24.05.25 um 08:59 Uhr  Fahrzeug-Hindernis, seit 24.05.2025, 08:59 A6: Nürnberg -> Heilbronn, zwischen AS Lichtenau und 2.4 km vor Geisberg Gefahr durch ein defektes Fahrzeug auf der Fahrbahn",49.279608800944,10.7198996000017
"A6","undefined--vi-hind.2025-05-24_05-02-30-000.f.de0","49.43982737656852,12.050512056186378,49.466063227369744,12.135260159020234","49.43982737656852,12.050512056186378","WARNING","A6 | Amberg-Ost - Nabburg-West"," Nürnberg -> Pilsen",NA,NA,NA,2025-05-24,"Beginn: 24.05.25 um 05:02 Uhr  Hindernis, seit 24.05.2025, 05:02 A6: Nürnberg -> Pilsen, zwischen 7.0 km hinter AS Amberg-Ost und 0.3 km vor AS Nabburg-West",49.4398273765685,12.0505120561864
"A6","undefined--vi-hind.2025-05-24_05-24-30-000.f_004.de0","49.43938340094356,12.047314300025166,49.467522571728495,12.135376919891064","49.43938340094356,12.047314300025166","WARNING","A6 | Amberg-Ost - Nabburg-West"," Nürnberg -> Pilsen",NA,NA,NA,2025-05-24,"Beginn: 24.05.25 um 05:24 Uhr  Hindernis, seit 24.05.2025, 05:24 A6: Nürnberg -> Pilsen, zwischen 6.8 km hinter AS Amberg-Ost und 0.1 km vor AS Nabburg-West",49.4393834009436,12.0473143000252
"A6","undefined--vi-zus.2025-05-24_09-30-00-000.f.de0","49.43876449317732,12.043575615160279,49.43938340094356,12.047314300025166","49.43876449317732,12.043575615160279","WARNING","A6 | Amberg-Ost - Schmidgaden"," Nürnberg -> Pilsen",1,"STATIONARY_TRAFFIC","11.899999618530273",2025-05-24,"Beginn: 24.05.25 um 09:30 Uhr  Zusammengesetzte Verkehrsinformation, seit 24.05.2025, 09:30 A6: Nürnberg -> Pilsen, zwischen 6.5 km hinter AS Amberg-Ost und 0.2 km vor AS Schmidgaden  Im Stillstand Reisezeitverlust: 1 Minuten Durchschnittsgeschwindigkeit: 11 km/h",49.4387644931773,12.0435756151603
"A6","undefined--vi-avl.2025-05-24_09-30-30-000.f_006.de0","49.43876449317732,12.043575615160279,49.43876449317732,12.043575615160279","49.43876449317732,12.043575615160279","WARNING","A6 | Schmidgaden - Schmidgaden"," Nürnberg -> Pilsen",NA,"STATIONARY_TRAFFIC","8",2025-05-24,"Beginn: 24.05.25 um 09:30 Uhr  Angespannte Verkehrslage, seit 24.05.2025, 09:30 A6: Nürnberg -> Pilsen, 0.5 km vor AS Schmidgaden, aus Richtung Amberg-Ost  Im Stillstand Durchschnittsgeschwindigkeit: 8 km/h",49.4387644931773,12.0435756151603
"A6","undefined--vi-avl.2025-05-24_09-29-35-000.f_003.de0","49.633229499352296,12.460910875505093,49.633229499352296,12.460910875505093","49.633229499352296,12.460910875505093","WARNING","A6 | Ulrichsberg - Ulrichsberg"," Pilsen -> Nürnberg",NA,"SLOW_TRAFFIC","15",2025-05-24,"Beginn: 24.05.25 um 09:31 Uhr  Angespannte Verkehrslage, seit 24.05.2025, 09:31 A6: Pilsen -> Nürnberg, 0.7 km vor Ulrichsberg, aus Richtung Waidhaus  Langsamer Verkehr Durchschnittsgeschwindigkeit: 15 km/h",49.6332294993523,12.4609108755051
"A6","undefined--vi-zus.2025-05-24_09-28-00-000.f.de0","49.63322194111654,12.460993082292749,49.63187304603836,12.452201274414938","49.63322194111654,12.460993082292749","WARNING","A6 | Waidhaus - Pleystein"," Pilsen -> Nürnberg",1,"SLOW_TRAFFIC","25.799999237060547",2025-05-24,"Beginn: 24.05.25 um 09:28 Uhr  Zusammengesetzte Verkehrsinformation, seit 24.05.2025, 09:28 A6: Pilsen -> Nürnberg, zwischen 2.2 km hinter AS Waidhaus und 3.1 km vor AS Pleystein  Langsamer Verkehr Reisezeitverlust: 1 Minuten Durchschnittsgeschwindigkeit: 25 km/h",49.6332219411165,12.4609930822927
"A7","undefined--vi-zus.2025-05-24_06-33-30-000.f.de0","47.57144969209724,10.660382444103417,47.57538933115995,10.661761037364318","47.57144969209724,10.660382444103417","WARNING","A7 | Grenztunnel Füssen - Reinertshofertunnel"," Füssen/Reutte -> Ulm",1,"STATIONARY_TRAFFIC","13.699999809265137",2025-05-24,"Beginn: 24.05.25 um 06:33 Uhr  Zusammengesetzte Verkehrsinformation, seit 24.05.2025, 06:33 A7: Füssen/Reutte -> Ulm, zwischen 1.4 km hinter Grenztunnel Füssen und 2.9 km vor Reinertshofertunnel  Im Stillstand Reisezeitverlust: 1 Minuten Durchschnittsgeschwindigkeit: 13 km/h",47.5714496920972,10.6603824441034
"A7","undefined--vi-avl.2025-05-24_08-56-30-000.f_003.de0","47.57145842080008,10.660385661305725,47.57145842080008,10.660385661305725","47.57145842080008,10.660385661305725","WARNING","A7 | Füssen - Füssen"," Füssen/Reutte -> Ulm",NA,"STATIONARY_TRAFFIC","6",2025-05-24,"Beginn: 24.05.25 um 09:29 Uhr  Angespannte Verkehrslage, seit 24.05.2025, 09:29 A7: Füssen/Reutte -> Ulm, 0.3 km vor AS Füssen, aus Richtung Grenztunnel Füssen  Im Stillstand Durchschnittsgeschwindigkeit: 6 km/h",47.5714584208001,10.6603856613057
"A7","undefined--vi-avl.2025-05-24_06-52-30-000.f.de0","47.62696565695791,10.611999984416162,47.62854032886443,10.586606678743902","47.62696565695791,10.611999984416162","WARNING","A7 | Reinertshofertunnel - Nesselwang"," Füssen/Reutte -> Ulm",0,"SLOW_TRAFFIC","68",2025-05-24,"Beginn: 24.05.25 um 07:53 Uhr  Angespannte Verkehrslage, seit 24.05.2025, 07:53 A7: Füssen/Reutte -> Ulm, zwischen 6.4 km hinter Reinertshofertunnel und 4.8 km vor AS Nesselwang  Langsamer Verkehr Reisezeitverlust: 0 Minuten Durchschnittsgeschwindigkeit: 68 km/h",47.6269656569579,10.6119999844162
"A7","undefined--vi-zus.2025-05-24_09-17-30-000.f.de0","48.86690566806008,10.178851484822697,48.889127211079334,10.167236459526585","48.86690566806008,10.178851484822697","WARNING","A7 | Aalen/Oberkochen - Ellwangen"," Ulm -> Würzburg",1,"SLOW_TRAFFIC","63.20000076293945",2025-05-24,"Beginn: 24.05.25 um 09:17 Uhr  Zusammengesetzte Verkehrsinformation, seit 24.05.2025, 09:17 A7: Ulm -> Würzburg, zwischen 8.0 km hinter AS Aalen/Oberkochen und 8.0 km vor AS Ellwangen  Langsamer Verkehr Reisezeitverlust: 1 Minuten Durchschnittsgeschwindigkeit: 63 km/h",48.8669056680601,10.1788514848227
"A7","undefined--vi-avl.2025-05-24_09-22-30-000.f_003.de0","50.34385208746799,9.76044793352803,50.34385208746799,9.76044793352803","50.34385208746799,9.76044793352803","WARNING","A7 | Bad Brückenau-Volkers - Bad Brückenau-Volkers"," Fulda -> Würzburg",NA,"QUEUING_TRAFFIC","22",2025-05-24,"Beginn: 24.05.25 um 09:31 Uhr  Angespannte Verkehrslage, seit 24.05.2025, 09:31 A7: Fulda -> Würzburg, 1.2 km vor AS Bad Brückenau-Volkers, aus Richtung Rhönblick  Stockender Verkehr Durchschnittsgeschwindigkeit: 22 km/h",50.343852087468,9.76044793352803
"A7","undefined--vi-zus.2025-05-24_09-19-11-000.f_001.de0","50.34376910005425,9.760648581022405,50.32717681277298,9.78262331504079","50.34376910005425,9.760648581022405","WARNING","A7 | Rhönblick - Rehhecke"," Fulda -> Würzburg",3,"QUEUING_TRAFFIC","29.299999237060547",2025-05-24,"Beginn: 24.05.25 um 09:19 Uhr  Zusammengesetzte Verkehrsinformation, seit 24.05.2025, 09:19 A7: Fulda -> Würzburg, zwischen 0.4 km hinter Rhönblick und 0.1 km vor Rehhecke  Stockender Verkehr Reisezeitverlust: 3 Minuten Durchschnittsgeschwindigkeit: 29 km/h",50.3437691000543,9.76064858102241
"A7","undefined--vi-hind.2025-05-24_09-08-30-000.f_001.de0","53.189074759302116,10.08340848398194,53.16440370427338,10.067949497116352","53.189074759302116,10.08340848398194","WARNING","A7 | Egestorf - Evendorf"," Hamburg -> Hannover",NA,NA,NA,2025-05-24,"Beginn: 24.05.25 um 09:08 Uhr  Fahrzeug-Hindernis, seit 24.05.2025, 09:08 A7: Hamburg -> Hannover, zwischen 0.5 km hinter AS Egestorf und 0.5 km vor AS Evendorf Gefahr durch ein defektes Fahrzeug auf der Fahrbahn",53.1890747593021,10.0834084839819
"A7","undefined--vi-zus.2025-03-31_00-40-00-000.f_018.de0","53.579141433849884,9.913430072127355,53.55636870091902,9.897540700000414","53.579141433849884,9.913430072127355","WARNING","A7 | Hamburg-Volkspark - Elbtunnel (Nordportal)"," Flensburg -> Hamburg",NA,NA,NA,2025-03-31,"Beginn: 31.03.25 um 00:40 Uhr  Zusammengesetzte Verkehrsinformation, seit 31.03.2025, 00:40 A7: Flensburg -> Hamburg, zwischen 0.4 km hinter AS Hamburg-Volkspark und 0.9 km vor Elbtunnel (Nordportal)  A7 Flensburg Richtung Hamburg Ausfahrt Hamburg-Othmarschen Fahrbahnverengung, maximale Fahrbahnbreite von 4,50 m, Bauarbeiten, bis 29.09.2025",53.5791414338499,9.91343007212735
"A7","undefined--vi-avl.2025-05-24_09-15-34-000.f.de0","54.2935877655405,9.762798654149819,54.32464852035351,9.735775010555024","54.2935877655405,9.762798654149819","WARNING","A7 | Ohe-Nord - Rade"," Hamburg -> Flensburg",3,"SLOW_TRAFFIC","40.400001525878906",2025-05-24,"Beginn: 24.05.25 um 09:15 Uhr  Angespannte Verkehrslage, seit 24.05.2025, 09:15 A7: Hamburg -> Flensburg, zwischen 1.2 km hinter Ohe-Nord und 0.2 km vor Rade  Langsamer Verkehr Reisezeitverlust: 3 Minuten Durchschnittsgeschwindigkeit: 40 km/h",54.2935877655405,9.76279865414982
"A8","undefined--vi-zus.2025-05-14_09-26-56-000.f.de0","49.32628400979037,7.229641516813452,49.329166750017514,7.1882642393148934","49.32628400979037,7.229641516813452","WARNING","A8 | Neunkirchen-Wellesweiler - Neunkirchen/Spiesen"," Neunkirchen -> Saarlouis",NA,NA,NA,2025-05-14,"Beginn: 14.05.25 um 09:26 Uhr  Zusammengesetzte Verkehrsinformation, seit 14.05.2025, 09:26 A8: Neunkirchen -> Saarlouis, zwischen 0.4 km hinter AS Neunkirchen-Wellesweiler und 2.7 km vor AS Neunkirchen/Spiesen  A8 Saarlouis - Neunkirchen zwischen Neunkirchen-Spiesen und Neunkirchen-Oberstadt in beiden Richtungen Bauarbeiten, bis voraussichtlich 01.06.2025",49.3262840097904,7.22964151681345
"A8","undefined--vi-zus.2025-05-24_08-46-30-000.f_001.de0","48.91045652806246,8.697837941282373,48.906852421426336,8.773574207365828","48.91045652806246,8.697837941282373","WARNING","A8 | Am Waisenrain - Pforzheim-Süd"," Karlsruhe -> Stuttgart",16,"STATIONARY_TRAFFIC","18.799999237060547",2025-05-24,"Beginn: 24.05.25 um 08:46 Uhr  Zusammengesetzte Verkehrsinformation, seit 24.05.2025, 08:46 A8: Karlsruhe -> Stuttgart, zwischen 0.6 km hinter Am Waisenrain und 3.4 km vor AS Pforzheim-Süd  Im Stillstand Reisezeitverlust: 16 Minuten Durchschnittsgeschwindigkeit: 18 km/h",48.9104565280625,8.69783794128237
"A8","undefined--vi-avl.2025-05-24_09-16-30-000.f_002.de0","48.910443402683796,8.69778711297246,48.910443402683796,8.69778711297246","48.910443402683796,8.69778711297246","WARNING","A8 | Pforzheim-Nord - Pforzheim-Nord"," Karlsruhe -> Stuttgart",NA,"STATIONARY_TRAFFIC","15",2025-05-24,"Beginn: 24.05.25 um 09:31 Uhr  Angespannte Verkehrslage, seit 24.05.2025, 09:31 A8: Karlsruhe -> Stuttgart, 1.6 km vor AS Pforzheim-Nord, aus Richtung Am Waisenrain  Im Stillstand Durchschnittsgeschwindigkeit: 15 km/h",48.9104434026838,8.69778711297246
"A8","undefined--vi-unf.2025-05-24_09-16-30-000.f.de0","48.90830689397438,8.77210922152726,48.91724025162334,8.761439110791228","48.90830689397438,8.77210922152726","WARNING","A8 | Pforzheim - Pforzheim-Nord"," Stuttgart -> Karlsruhe",NA,NA,NA,2025-05-24,"Beginn: 24.05.25 um 09:16 Uhr  Unfall, seit 24.05.2025, 09:16 A8: Stuttgart -> Karlsruhe, zwischen 0.1 km hinter Pforzheim und 3.7 km vor AS Pforzheim-Nord",48.9083068939744,8.77210922152726
"A8","undefined--vi-avl.2025-05-24_09-12-30-000.f_005.de0","48.86670602803858,8.791820400187499,48.86670602803858,8.791820400187499","48.86670602803858,8.791820400187499","WARNING","A8 | Pforzheim-Süd - Pforzheim-Süd"," Stuttgart -> Karlsruhe",NA,"STATIONARY_TRAFFIC","15",2025-05-24,"Beginn: 24.05.25 um 09:31 Uhr  Angespannte Verkehrslage, seit 24.05.2025, 09:31 A8: Stuttgart -> Karlsruhe, 1.4 km vor AS Pforzheim-Süd, aus Richtung Heimsheim  Im Stillstand Durchschnittsgeschwindigkeit: 15 km/h",48.8667060280386,8.7918204001875
"A8","undefined--vi-zus.2025-05-24_08-43-30-000.f_002.de0","48.86670602803858,8.791820400187499,48.912496638859324,8.767101415177168","48.86670602803858,8.791820400187499","WARNING","A8 | Heimsheim - Pforzheim-Ost"," Stuttgart -> Karlsruhe",19,"STATIONARY_TRAFFIC","14.600000381469727",2025-05-24,"Beginn: 24.05.25 um 08:43 Uhr  Zusammengesetzte Verkehrsinformation, seit 24.05.2025, 08:43 A8: Stuttgart -> Karlsruhe, zwischen 7.6 km hinter AS Heimsheim und 0.2 km vor AS Pforzheim-Ost  Im Stillstand Reisezeitverlust: 19 Minuten Durchschnittsgeschwindigkeit: 14 km/h",48.8667060280386,8.7918204001875
"A8","undefined--vi-avl.2025-05-24_08-58-30-000.f_007.de0","48.60795303320124,9.630661650794192,48.54703970094639,9.641955200000137","48.60795303320124,9.630661650794192","WARNING","A8 | Gruibingen - Hohenstadt"," Stuttgart -> München",6,"SLOW_TRAFFIC","46.70000076293945",2025-05-24,"Beginn: 24.05.25 um 08:58 Uhr  Angespannte Verkehrslage, seit 24.05.2025, 08:58 A8: Stuttgart -> München, zwischen 0.1 km hinter Gruibingen und 0.2 km vor Hohenstadt  Langsamer Verkehr Reisezeitverlust: 6 Minuten Durchschnittsgeschwindigkeit: 46 km/h",48.6079530332012,9.63066165079419
"A8","undefined--vi-avl.2025-05-24_09-29-35-000.f_005.de0","48.60802478724321,9.63050557171782,48.60802478724321,9.63050557171782","48.60802478724321,9.63050557171782","WARNING","A8 | Am Kornberg - Am Kornberg"," Stuttgart -> München",NA,"SLOW_TRAFFIC","18",2025-05-24,"Beginn: 24.05.25 um 09:31 Uhr  Angespannte Verkehrslage, seit 24.05.2025, 09:31 A8: Stuttgart -> München, 0.1 km vor Am Kornberg, aus Richtung Gruibingen  Langsamer Verkehr Durchschnittsgeschwindigkeit: 18 km/h",48.6080247872432,9.63050557171782
"A8","undefined--vi-avl.2025-05-24_06-00-00-000.f.de0","47.80852809098975,12.108969469922716,47.803228601121056,12.165549693346792","47.80852809098975,12.108969469922716","WARNING","A8 | Inntal - Samerberg"," München -> Salzburg",14,"STATIONARY_TRAFFIC","15.199999809265137",2025-05-24,"Beginn: 24.05.25 um 06:00 Uhr  Angespannte Verkehrslage, seit 24.05.2025, 06:00 A8: München -> Salzburg, zwischen 0.9 km hinter AD Inntal und 0.9 km vor Samerberg  Im Stillstand Reisezeitverlust: 14 Minuten Durchschnittsgeschwindigkeit: 15 km/h",47.8085280909898,12.1089694699227
"A8","undefined--vi-avl.2025-05-24_06-42-30-000.f_001.de0","47.80853404098185,12.108903319990567,47.80853404098185,12.108903319990567","47.80853404098185,12.108903319990567","WARNING","A8 | Rosenheim - Rosenheim"," München -> Salzburg",NA,"STATIONARY_TRAFFIC","13",2025-05-24,"Beginn: 24.05.25 um 09:31 Uhr  Angespannte Verkehrslage, seit 24.05.2025, 09:31 A8: München -> Salzburg, 0.8 km vor AS Rosenheim, aus Richtung Inntal  Im Stillstand Durchschnittsgeschwindigkeit: 13 km/h",47.8085340409818,12.1089033199906
"A8","undefined--vi-avl.2025-05-24_09-31-30-000.f_006.de0","47.802377819001194,12.183798789255217,47.802377819001194,12.183798789255217","47.802377819001194,12.183798789255217","WARNING","A8 | Samerberg - Samerberg"," Salzburg -> München",NA,"QUEUING_TRAFFIC","21",2025-05-24,"Beginn: 24.05.25 um 09:31 Uhr  Angespannte Verkehrslage, seit 24.05.2025, 09:31 A8: Salzburg -> München, 0.5 km vor Samerberg, aus Richtung Apfelkam  Stockender Verkehr Durchschnittsgeschwindigkeit: 21 km/h",47.8023778190012,12.1837987892552
"A8","undefined--vi-avl.2025-05-24_09-01-30-000.f_001.de0","47.802378003828856,12.183785446688956,47.80443287332239,12.158101802131286","47.802378003828856,12.183785446688956","WARNING","A8 | Apfelkam - Winkelbach"," Salzburg -> München",2,"QUEUING_TRAFFIC","34.099998474121094",2025-05-24,"Beginn: 24.05.25 um 09:01 Uhr  Angespannte Verkehrslage, seit 24.05.2025, 09:01 A8: Salzburg -> München, zwischen 1.3 km hinter Apfelkam und 1.5 km vor Winkelbach  Stockender Verkehr Reisezeitverlust: 2 Minuten Durchschnittsgeschwindigkeit: 34 km/h",47.8023780038289,12.183785446689
"A8","undefined--vi-avl.2025-05-24_07-47-30-000.f.de0","47.79811212382833,12.237503247143529,47.803421912283724,12.301463361010024","47.79811212382833,12.237503247143529","WARNING","A8 | Achenmühle - Bernau am Chiemsee"," München -> Salzburg",26,"STATIONARY_TRAFFIC","10.300000190734863",2025-05-24,"Beginn: 24.05.25 um 07:47 Uhr  Angespannte Verkehrslage, seit 24.05.2025, 07:47 A8: München -> Salzburg, zwischen 0.9 km hinter Achenmühle und 5.0 km vor AS Bernau am Chiemsee  Im Stillstand Reisezeitverlust: 26 Minuten Durchschnittsgeschwindigkeit: 10 km/h",47.7981121238283,12.2375032471435
"A8","undefined--vi-avl.2025-05-24_07-48-30-000.f_001.de0","47.798110964429355,12.237543242069943,47.798110964429355,12.237543242069943","47.798110964429355,12.237543242069943","WARNING","A8 | Frasdorf - Frasdorf"," München -> Salzburg",NA,"STATIONARY_TRAFFIC","10",2025-05-24,"Beginn: 24.05.25 um 09:31 Uhr  Angespannte Verkehrslage, seit 24.05.2025, 09:31 A8: München -> Salzburg, 3.3 km vor Frasdorf, aus Richtung Achenmühle  Im Stillstand Durchschnittsgeschwindigkeit: 10 km/h",47.7981109644294,12.2375432420699
"A9","undefined--vi-avl.2025-05-24_09-29-06-000.f_002.de0","48.87672032569016,11.467650596319091,48.85965132323342,11.465591245399423","48.87672032569016,11.467650596319091","WARNING","A9 | Denkendorf - Köschinger Forst"," Nürnberg -> München",1,"SLOW_TRAFFIC","51.400001525878906",2025-05-24,"Beginn: 24.05.25 um 09:29 Uhr  Angespannte Verkehrslage, seit 24.05.2025, 09:29 A9: Nürnberg -> München, zwischen 6.2 km hinter AS Denkendorf und 2.5 km vor Köschinger Forst  Langsamer Verkehr Reisezeitverlust: 1 Minuten Durchschnittsgeschwindigkeit: 51 km/h",48.8767203256902,11.4676505963191
"A9","undefined--vi-hind.2025-05-24_09-18-30-000.f.de0","49.11329377466009,11.278741168490042,49.10448570852525,11.28328101062619","49.11329377466009,11.278741168490042","WARNING","A9 | Offenbau - Greding"," Nürnberg -> München",NA,NA,NA,2025-05-24,"Beginn: 24.05.25 um 09:18 Uhr  Hindernis, seit 24.05.2025, 09:18 A9: Nürnberg -> München, zwischen 2.0 km hinter Offenbau und 7.5 km vor Greding  Gefahr durch Gegenstände auf der Fahrbahn",49.1132937746601,11.27874116849
"A9","undefined--vi-avl.2025-05-24_09-33-02-000.f.de0","49.171664866686825,11.261698878563914,49.154375158125475,11.26539430228086","49.171664866686825,11.261698878563914","WARNING","A9 | Göggelsbuch - Offenbau"," Nürnberg -> München",1,"SLOW_TRAFFIC","51",2025-05-24,"Beginn: 24.05.25 um 09:33 Uhr  Angespannte Verkehrslage, seit 24.05.2025, 09:33 A9: Nürnberg -> München, zwischen 6.2 km hinter Göggelsbuch und 2.7 km vor Offenbau  Langsamer Verkehr Reisezeitverlust: 1 Minuten Durchschnittsgeschwindigkeit: 51 km/h",49.1716648666868,11.2616988785639
"A9","undefined--vi-hind.2025-05-24_09-18-30-000.f_002.de0","50.167113100940455,11.745415800013914,50.09731245563807,11.696593264558244","50.167113100940455,11.745415800013914","WARNING","A9 | Münchberg-Süd - Gefrees"," Halle/Leipzig -> Nürnberg",NA,NA,NA,2025-05-24,"Beginn: 24.05.25 um 09:18 Uhr  Hindernis, seit 24.05.2025, 09:18 A9: Halle/Leipzig -> Nürnberg, zwischen 0.4 km hinter AS Münchberg-Süd und 0.3 km vor AS Gefrees  Gefahr durch Gegenstände auf der Fahrbahn",50.1671131009405,11.7454158000139
"A9","undefined--vi-zus.2025-05-24_09-19-11-000.f.de0","50.18162253585217,11.756935111739239,50.160271153761016,11.74758399456481","50.18162253585217,11.756935111739239","WARNING","A9 | Münchberg-Mitte - Streitau"," Halle/Leipzig -> Nürnberg",3,"STATIONARY_TRAFFIC","32",2025-05-24,"Beginn: 24.05.25 um 09:19 Uhr  Zusammengesetzte Verkehrsinformation, seit 24.05.2025, 09:19 A9: Halle/Leipzig -> Nürnberg, zwischen 1.3 km hinter AS Münchberg-Mitte und 7.4 km vor Streitau  Gefahr durch Gegenstände auf der Fahrbahn  Im Stillstand Reisezeitverlust: 3 Minuten Durchschnittsgeschwindigkeit: 32 km/h",50.1816225358522,11.7569351117392
"A10","undefined--vi-hind.2025-05-24_09-27-30-000.f_001.de0","52.318882132614426,13.547942308115614,52.308602500931414,13.454359900116563","52.318882132614426,13.547942308115614","WARNING","A10 | Schönefelder Kreuz - Rangsdorf"," Dreieck Spreeau -> Dreieck Potsdam",NA,NA,NA,2025-05-24,"Beginn: 24.05.25 um 09:27 Uhr  Fahrzeug-Hindernis, seit 24.05.2025, 09:27 A10: Dreieck Spreeau -> Dreieck Potsdam, zwischen 0.5 km hinter AK Schönefelder Kreuz und 0.3 km vor AS Rangsdorf",52.3188821326144,13.5479423081156
"A10","undefined--vi-hind.2025-05-24_09-04-30-000.f_001.de0","52.30166120093036,13.21089590008859,52.30155605362711,13.213483069293035","52.30166120093036,13.21089590008859","WARNING","A10 | Ludwigsfelde-West - Ludwigsfelde-Ost"," Dreieck Potsdam -> Schönefelder Kreuz",NA,NA,NA,2025-05-24,"Beginn: 24.05.25 um 09:04 Uhr  Fahrzeug-Hindernis, seit 24.05.2025, 09:04 A10: Dreieck Potsdam -> Schönefelder Kreuz, zwischen 0.2 km hinter AS Ludwigsfelde-West und 5.3 km vor AS Ludwigsfelde-Ost Gefahr durch ein defektes Fahrzeug auf der Fahrbahn",52.3016612009304,13.2108959000886
"A10","undefined--vi-zus.2025-05-24_08-04-30-000.f_003.de0","52.3084615304046,12.879572016615725,52.292470905592005,12.911821012888089","52.3084615304046,12.879572016615725","WARNING","A10 | Glindow - Potsdam"," Dreieck Werder -> Schönefelder Kreuz",NA,NA,NA,2025-05-24,"Beginn: 24.05.25 um 08:04 Uhr  Zusammengesetzte Verkehrsinformation, seit 24.05.2025, 08:04 A10: Dreieck Werder -> Schönefelder Kreuz, zwischen 0.3 km hinter AS Glindow und 0.4 km vor AD Potsdam  Gefahr durch Personen auf der Fahrbahn  A10 Südlicher Berliner Ring, Dreieck Werder Richtung Dreieck Potsdam zwischen Glindow und Dreieck Potsdam Gefahr durch 1 liegengebliebenes Fahrzeug auf dem Standstreifen, Gefahr durch 2 Personen auf dem rechten Fahrstreifen und dem Standstreifen, fahren Sie bitte besonders vorsichtig",52.3084615304046,12.8795720166157
"A12","undefined--vi-avl.2025-05-24_09-27-30-000.f_008.de0","52.31462994543625,14.565396833588858,52.31471880174617,14.558420643195708","52.31462994543625,14.565396833588858","WARNING","A12 | Frankfurt(Oder) - Frankfurt(Oder)-Mitte"," Frankfurt(Oder) -> Berliner Ring",1,"SLOW_TRAFFIC","10.100000381469727",2025-05-24,"Beginn: 24.05.25 um 09:27 Uhr  Angespannte Verkehrslage, seit 24.05.2025, 09:27 A12: Frankfurt(Oder) -> Berliner Ring, zwischen 0.8 km hinter Frankfurt(Oder) und 2.7 km vor AS Frankfurt(Oder)-Mitte  Langsamer Verkehr Reisezeitverlust: 1 Minuten Durchschnittsgeschwindigkeit: 10 km/h",52.3146299454363,14.5653968335889
"A12","WarnungA10Lkw3","47.61802931631098,12.202336027754352,47.61802931631098,12.202336027754352","47.61802931631098,12.202336027754352","WARNING","E45/E60 | LKW Blockabfertigung | A12-Inntal Autobahn","Richtung Italien",NA,NA,NA,2025-01-11,"Zeitraum: Beginn: 07.01.2025 Ende: 09.12.2025  Hinweis für LKW-Reisende nach Österreich: LKW-Blockabfertigungen an ausgewählten Tagen für Lkw am Grenzübergang Kufstein/Kiefersfelden. Maximaler Durchlass von 300 LKWs pro Stunde  Die genauen Ausführungszeiten und weitere Informationen auf tirol.gv.at/verkehr/verkehrs-und-seilbahnrecht/lkw-dosierung.",47.618029316311,12.2023360277544
"A12","WarnungA10Lkw2","47.6164490154047,12.202382557672273,47.6164490154047,12.202382557672273","47.6164490154047,12.202382557672273","WARNING","E43/E45/E60 | A13-Brenner Autobahn","Richtung Italien",NA,NA,NA,2025-01-11,"Zeitraum: Beginn: 11.01.2025 Ende: 27.09.2025  Hinweis für LKW-Reisende nach Österreich: LKW-Fahrverbot auf der A12-Inntal Autobahn, A13-Brenner Autobahn und A14-Rheintal/Walgau Autobahn, wenn das Ziel der Fahrt der Anschlussstelle Nößlach bis Anschlussstelle Brenner Nord der Richtungsfahrbahn Staatsgrenze der A 13 Brenner Autobahn erreicht werden soll. An ausgewählten Samstagen 7-15 Uhr sowie weiteren Tagen im Zeitraum 11.01. - 27.09.2025 Weitere Informationen auf http://asfinag.at/a13",47.6164490154047,12.2023825576723
"A15","undefined--vi-avl.2025-05-24_09-16-30-000.f_006.de0","51.714294198032114,14.391885567782898,51.70743960865035,14.432105135058007","51.714294198032114,14.391885567782898","WARNING","A15 | Cottbus-Süd - Roggosen"," Cottbus -> Breslau",1,"SLOW_TRAFFIC","72",2025-05-24,"Beginn: 24.05.25 um 09:16 Uhr  Angespannte Verkehrslage, seit 24.05.2025, 09:16 A15: Cottbus -> Breslau, zwischen 2.9 km hinter AS Cottbus-Süd und 2.4 km vor AS Roggosen  Langsamer Verkehr Reisezeitverlust: 1 Minuten Durchschnittsgeschwindigkeit: 72 km/h",51.7142941980321,14.3918855677829
"A15","undefined--vi-avl.2025-05-24_09-25-33-000.f.de0","51.66638199161639,14.74086833903293,51.66670911284121,14.733385613471697","51.66638199161639,14.74086833903293","WARNING","A15 | Forst - Forst"," Breslau -> Cottbus",0,"SLOW_TRAFFIC","18.200000762939453",2025-05-24,"Beginn: 24.05.25 um 09:25 Uhr  Angespannte Verkehrslage, seit 24.05.2025, 09:25 A15: Breslau -> Cottbus, zwischen 0.8 km hinter Forst und 10.0 km vor AS Forst  Langsamer Verkehr Reisezeitverlust: 0 Minuten Durchschnittsgeschwindigkeit: 18 km/h",51.6663819916164,14.7408683390329
"A17","undefined--vi-avl.2025-05-24_08-08-00-000.f.de0","51.047386628097655,13.607452857441839,51.038028200939976,13.612512800172082","51.047386628097655,13.607452857441839","WARNING","A17 | Dresden-West - Dresden-Gorbitz"," Dresden -> Prag",4,"STATIONARY_TRAFFIC","13.699999809265137",2025-05-24,"Beginn: 24.05.25 um 08:08 Uhr  Angespannte Verkehrslage, seit 24.05.2025, 08:08 A17: Dresden -> Prag, zwischen 1.8 km hinter AD Dresden-West und AS Dresden-Gorbitz  Im Stillstand Reisezeitverlust: 4 Minuten Durchschnittsgeschwindigkeit: 13 km/h",51.0473866280977,13.6074528574418
"A17","undefined--vi-avl.2025-05-24_08-08-30-000.f.de0","51.047386628097655,13.607452857441839,51.047386628097655,13.607452857441839","51.047386628097655,13.607452857441839","WARNING","A17 | Dresden-Gorbitz - Dresden-Gorbitz"," Dresden -> Prag",NA,"STATIONARY_TRAFFIC","7",2025-05-24,"Beginn: 24.05.25 um 09:31 Uhr  Angespannte Verkehrslage, seit 24.05.2025, 09:31 A17: Dresden -> Prag, 1.2 km vor AS Dresden-Gorbitz, aus Richtung Dresden-West  Im Stillstand Durchschnittsgeschwindigkeit: 7 km/h",51.0473866280977,13.6074528574418
"A17","undefined--vi-avl.2025-05-24_09-29-35-000.f_013.de0","50.82026170094333,13.887384300240237,50.82026170094333,13.887384300240237","50.82026170094333,13.887384300240237","WARNING","A17 | Am Heidenholz - Am Heidenholz"," Prag -> Dresden",NA,"STATIONARY_TRAFFIC","24",2025-05-24,"Beginn: 24.05.25 um 09:30 Uhr  Angespannte Verkehrslage, seit 24.05.2025, 09:30 A17: Prag -> Dresden, 0.2 km vor Am Heidenholz, aus Richtung Breitenau-Schönwald  Im Stillstand Durchschnittsgeschwindigkeit: 24 km/h",50.8202617009433,13.8873843002402
"A17","undefined--vi-zus.2025-05-24_09-23-00-000.f.de0","50.82026170094333,13.887384300240237,50.8244130009433,13.887895800240193","50.82026170094333,13.887384300240237","WARNING","A17 | Breitenau-Schönwald - Bad Gottleuba"," Prag -> Dresden",0,"STATIONARY_TRAFFIC","31.200000762939453",2025-05-24,"Beginn: 24.05.25 um 09:23 Uhr  Zusammengesetzte Verkehrsinformation, seit 24.05.2025, 09:23 A17: Prag -> Dresden, zwischen 4.5 km hinter Breitenau-Schönwald und 0.8 km vor AS Bad Gottleuba  Im Stillstand Reisezeitverlust: 0 Minuten Durchschnittsgeschwindigkeit: 31 km/h",50.8202617009433,13.8873843002402
"A26","undefined--vi-hind.2025-05-24_09-17-30-000.f_002.de0","53.48615849505152,9.718096064848654,53.50000942684383,9.664330941634505","53.48615849505152,9.718096064848654","WARNING","A26 | Neu Wulmstorf - Jork"," Hamburg -> Stade",NA,NA,NA,2025-05-24,"Beginn: 24.05.25 um 09:17 Uhr  Hindernis, seit 24.05.2025, 09:17 A26: Hamburg -> Stade, zwischen 4.2 km hinter AS Neu Wulmstorf und 0.3 km vor AS Jork  Gefahr durch Gegenstände auf der Fahrbahn",53.4861584950515,9.71809606484865
"A31","undefined--vi-hind.2025-05-24_09-30-30-000.f_002.de0","52.986537716335604,7.2506105989016145,52.87785819686398,7.228637265192921","52.986537716335604,7.2506105989016145","WARNING","A31 | Rhede (Ems) - Lathen"," Leer -> Meppen",NA,NA,NA,2025-05-24,"Beginn: 24.05.25 um 09:30 Uhr  Hindernis, seit 24.05.2025, 09:30 A31: Leer -> Meppen, zwischen 8.9 km hinter AS Rhede (Ems) und 0.1 km vor AS Lathen  Gefahr durch Gegenstände auf der Fahrbahn",52.9865377163356,7.25061059890161
"A33","undefined--vi-unf.2025-05-24_08-11-00-000.f.de0","51.85730920093123,8.666879999999892,51.91700629611303,8.618505727055863","51.85730920093123,8.666879999999892","WARNING","A33 | Stukenbrock-Senne - Schloß Holte-Stukenbrock"," Brilon -> Bielefeld",NA,NA,NA,2025-05-24,"Beginn: 24.05.25 um 08:11 Uhr  Unfall, seit 24.05.2025, 08:11 A33: Brilon -> Bielefeld, zwischen AS Stukenbrock-Senne und 0.3 km vor AS Schloß Holte-Stukenbrock",51.8573092009312,8.66687999999989
"A37","undefined--vi-zus.2025-05-20_10-04-05-000.f_002.de0","52.442156462690335,9.933442989087833,52.436581812162494,9.913211841333315","52.442156462690335,9.933442989087833","WARNING","A37 | Beinhorn - Hannover-Kirchhorst"," Celle -> Hannover",NA,NA,NA,2025-05-20,"Beginn: 20.05.25 um 10:04 Uhr  Zusammengesetzte Verkehrsinformation, seit 20.05.2025, 10:04 B3: Celle -> Hannover, zwischen 0.4 km hinter AS Beinhorn und 2.1 km vor AK Hannover-Kirchhorst  A37 Messe - Burgdorf
zwischen Kreuz Hannover-Buchholz und Beinhorn
in beiden Richtungen geänderte Verkehrsführung im Baustellenbereich, Bauarbeiten, bis 30.10.2026 ca. 18:00 Uhr",52.4421564626903,9.93344298908783
"A37","undefined--vi-zus.2025-05-20_10-04-05-000.f_003.de0","52.42566547847685,9.880479425875153,52.44102213295518,9.93161290421946","52.42566547847685,9.880479425875153","WARNING","Baustelle"," km 22.62 --> km 26.54",NA,NA,NA,2025-05-20,"Beginn: 20.05.25 um 10:04 Uhr  Zusammengesetzte Verkehrsinformation, seit 20.05.2025, 10:04 A37: km 22.62 --> km 26.54  A37 Messe - Burgdorf
zwischen Kreuz Hannover-Buchholz und Beinhorn
in beiden Richtungen geänderte Verkehrsführung im Baustellenbereich, Bauarbeiten, bis 30.10.2026 ca. 18:00 Uhr",52.4256654784769,9.88047942587515
"A44","undefined--vi-avl.2025-05-24_08-49-00-000.f_001.de0","51.59705188423983,8.546420298841513,51.597029411309315,8.578860490541281","51.59705188423983,8.546420298841513","WARNING","A44 | Steinhausen - Büren"," Dortmund -> Kassel",8,"STATIONARY_TRAFFIC","13.699999809265137",2025-05-24,"Beginn: 24.05.25 um 08:49 Uhr  Angespannte Verkehrslage, seit 24.05.2025, 08:49 A44: Dortmund -> Kassel, zwischen 1.2 km hinter Steinhausen und 0.4 km vor AS Büren  Im Stillstand Reisezeitverlust: 8 Minuten Durchschnittsgeschwindigkeit: 13 km/h",51.5970518842398,8.54642029884151
"A44","undefined--vi-hind.2025-05-24_08-41-30-000.f_002.de0","51.597020600932815,8.584502999999868,51.596884199574646,8.588945979692458","51.597020600932815,8.584502999999868","WARNING","A44 | Steinhausen - Wewelsburg"," Dortmund -> Kassel",NA,NA,NA,2025-05-24,"Beginn: 24.05.25 um 08:41 Uhr  Hindernis, seit 24.05.2025, 08:41 A44: Dortmund -> Kassel, zwischen 3.8 km hinter Steinhausen und 4.1 km vor Wewelsburg  Gefahr durch Gegenstände auf der Fahrbahn",51.5970206009328,8.58450299999987
"A44","undefined--vi-avl.2025-05-24_08-53-30-000.f_004.de0","51.5970518895447,8.546434735925983,51.5970518895447,8.546434735925983","51.5970518895447,8.546434735925983","WARNING","A44 | Büren - Büren"," Dortmund -> Kassel",NA,"STATIONARY_TRAFFIC","12",2025-05-24,"Beginn: 24.05.25 um 09:31 Uhr  Angespannte Verkehrslage, seit 24.05.2025, 09:31 A44: Dortmund -> Kassel, 2.7 km vor AS Büren, aus Richtung Steinhausen  Im Stillstand Durchschnittsgeschwindigkeit: 12 km/h",51.5970518895447,8.54643473592598
"A44","undefined--vi-hind.2025-05-24_09-20-05-000.f.de0","51.47408235536704,9.093772883659652,51.47408235536704,9.093772883659652","51.47408235536704,9.093772883659652","WARNING","A44 | Am Quast - Warburg"," Dortmund -> Kassel",NA,NA,NA,2025-05-24,"Beginn: 24.05.25 um 09:20 Uhr  Fahrzeug-Hindernis, seit 24.05.2025, 09:20 A44: Dortmund -> Kassel, zwischen 4.5 km hinter Am Quast und 1.0 km vor AS Warburg Gefahr durch ein defektes Fahrzeug auf der Fahrbahn",51.474082355367,9.09377288365965
"A46","undefined--vi-avl.2025-05-24_09-27-00-000.f_001.de0","51.18132714635832,6.773997189750604,51.1713688418753,6.775154714596581","51.18132714635832,6.773997189750604","WARNING","A46 | Fleher Brücke - Neuss-Uedesheim"," Düsseldorf -> Heinsberg",0,"SLOW_TRAFFIC","43",2025-05-24,"Beginn: 24.05.25 um 09:27 Uhr  Angespannte Verkehrslage, seit 24.05.2025, 09:27 A46: Düsseldorf -> Heinsberg, zwischen 0.5 km hinter Fleher Brücke und 1.0 km vor AS Neuss-Uedesheim  Langsamer Verkehr Reisezeitverlust: 0 Minuten Durchschnittsgeschwindigkeit: 43 km/h",51.1813271463583,6.7739971897506
"A46","undefined--vi-avl.2025-05-24_07-27-00-000.f_001.de0","51.20377045213529,7.009517732538117,51.21294481239463,7.054127414369859","51.20377045213529,7.009517732538117","WARNING","A46 | Haan-West - Wuppertal-Cronenberg"," Düsseldorf -> Wuppertal",23,"STATIONARY_TRAFFIC","8",2025-05-24,"Beginn: 24.05.25 um 07:27 Uhr  Angespannte Verkehrslage, seit 24.05.2025, 07:27 A46: Düsseldorf -> Wuppertal, zwischen 2.5 km hinter AS Haan-West und 3.2 km vor AS Wuppertal-Cronenberg  Im Stillstand Reisezeitverlust: 23 Minuten Durchschnittsgeschwindigkeit: 8 km/h",51.2037704521353,7.00951773253812
"A46","undefined--vi-avl.2025-05-24_08-40-30-000.f_001.de0","51.203763911910166,7.009491072011358,51.203763911910166,7.009491072011358","51.203763911910166,7.009491072011358","WARNING","A46 | Höfgen - Höfgen"," Düsseldorf -> Wuppertal",NA,"STATIONARY_TRAFFIC","3",2025-05-24,"Beginn: 24.05.25 um 09:29 Uhr  Angespannte Verkehrslage, seit 24.05.2025, 09:29 A46: Düsseldorf -> Wuppertal, 0.5 km vor Höfgen, aus Richtung Haan-West  Im Stillstand Durchschnittsgeschwindigkeit: 3 km/h",51.2037639119102,7.00949107201136
"A60","undefined--vi-avl.2025-05-24_09-06-30-000.f.de0","50.2299084009402,6.187028799984416,50.22749779122358,6.191043378582527","50.2299084009402,6.187028799984416","WARNING","A60 | Steinebrück - Winterspelt"," Lüttich -> Wittlich",0,"QUEUING_TRAFFIC","26.100000381469727",2025-05-24,"Beginn: 24.05.25 um 09:06 Uhr  Angespannte Verkehrslage, seit 24.05.2025, 09:06 A60: Lüttich -> Wittlich, zwischen 0.2 km hinter Steinebrück und 0.2 km vor AS Winterspelt  Stockender Verkehr Reisezeitverlust: 0 Minuten Durchschnittsgeschwindigkeit: 26 km/h",50.2299084009402,6.18702879998442
"A60","undefined--vi-avl.2025-05-24_09-10-30-000.f_001.de0","50.2299084009402,6.187028799984416,50.2299084009402,6.187028799984416","50.2299084009402,6.187028799984416","WARNING","A60 | Winterspelt - Winterspelt"," Lüttich -> Wittlich",NA,"QUEUING_TRAFFIC","17",2025-05-24,"Beginn: 24.05.25 um 09:29 Uhr  Angespannte Verkehrslage, seit 24.05.2025, 09:29 A60: Lüttich -> Wittlich, 0.6 km vor AS Winterspelt, aus Richtung Steinebrück  Stockender Verkehr Durchschnittsgeschwindigkeit: 17 km/h",50.2299084009402,6.18702879998442
"A60","undefined--vi-zus.2025-04-08_08-51-21-000.f_013.de0","49.98125533976677,8.345695317688524,49.97565770865279,8.441396718063045","49.98125533976677,8.345695317688524","WARNING","A60 | Mainspitz-Dreieck - Rüsselsheimer Dreieck"," Mainz -> Rüsselsheim",NA,NA,NA,2025-04-08,"Beginn: 08.04.25 um 08:51 Uhr  Zusammengesetzte Verkehrsinformation, seit 08.04.2025, 08:51 A60: Mainz -> Rüsselsheim, zwischen 0.5 km hinter AD Mainspitz-Dreieck und 2.2 km vor AD Rüsselsheimer Dreieck  Sperrung der A60 bei Königstädten – Grundhafte Fahrbahnerneuerung zwischen dem Rüsselsheimer Dreieck und dem Mainspitz Dreieck. Die Niederlassung West der Autobahn GmbH erneuert zwischen dem Rüsselsheimer Dreieck (30) und dem Mainspitz Dreieck (26) die Fahrbahn. Von Donnerstagmorgen (24. April) bis Mitte Juli wird die Anschlussstelle (AS) Königstädten (29) in Fahrtrichtung (FR) Mainz sowie in FR Rüsselsheimer Dreieck gesperrt. Umleitungsmöglichkeiten sind ausgeschildert: • Ausfahrt FR Mainz: Umleitung via AS Rüsselsheim-Mitte • Einfahrt FR Mainz: innerstädtische Umleitung zur AS Rüsselsheim-Mitte (Adam-Opel-Straße / Kurt-Schumacher-Ring), von Nauheim kommend via L3482 zur AS Bischofsheim • Einfahrt FR Darmstadt: innerstädtische Umleitung zur AS Rüsselsheim-Mitte (Adam-Opel-Straße / Kurt-Schumacher-Ring) Die Autobahn GmbH bittet alle Verkehrsteilnehmer um Verständnis für die unvermeidlichen Verkehrsbehinderungen, die durch die Arbeiten entstehen.",49.9812553397668,8.34569531768852
"A60","undefined--vi-zus.2025-05-03_10-55-00-000.f_003.de0","49.977457399447445,8.454646346787307,49.981587265039146,8.34517285786785","49.977457399447445,8.454646346787307","WARNING","A60 | Rüsselsheimer Dreieck - Mainspitz-Dreieck"," Rüsselsheim -> Mainz",NA,NA,NA,2025-05-03,"Beginn: 03.05.25 um 10:55 Uhr  Zusammengesetzte Verkehrsinformation, seit 03.05.2025, 10:55 A60: Rüsselsheim -> Mainz, zwischen 0.6 km hinter AD Rüsselsheimer Dreieck und 0.5 km vor AD Mainspitz-Dreieck  Sperrung der A60 bei Königstädten – Grundhafte Fahrbahnerneuerung zwischen dem Rüsselsheimer Dreieck und dem Mainspitz Dreieck. Die Niederlassung West der Autobahn GmbH erneuert zwischen dem Rüsselsheimer Dreieck (30) und dem Mainspitz Dreieck (26) die Fahrbahn. Von Donnerstagmorgen (24. April) bis Mitte Juli wird die Anschlussstelle (AS) Königstädten (29) in Fahrtrichtung (FR) Mainz sowie in FR Rüsselsheimer Dreieck gesperrt. Umleitungsmöglichkeiten sind ausgeschildert: • Ausfahrt FR Mainz: Umleitung via AS Rüsselsheim-Mitte • Einfahrt FR Mainz: innerstädtische Umleitung zur AS Rüsselsheim-Mitte (Adam-Opel-Straße / Kurt-Schumacher-Ring), von Nauheim kommend via L3482 zur AS Bischofsheim • Einfahrt FR Darmstadt: innerstädtische Umleitung zur AS Rüsselsheim-Mitte (Adam-Opel-Straße / Kurt-Schumacher-Ring) Die Autobahn GmbH bittet alle Verkehrsteilnehmer um Verständnis für die unvermeidlichen Verkehrsbehinderungen, die durch die Arbeiten entstehen.",49.9774573994474,8.45464634678731
"A61","undefined--vi-avl.2025-05-24_09-32-00-000.f.de0","49.54132145711813,8.316114855320818,49.5254083354051,8.311999279241554","49.54132145711813,8.316114855320818","WARNING","A61 | Frankenthal - Auf dem Hirschen"," Koblenz -> Ludwigshafen",0,"SLOW_TRAFFIC","66.69999694824219",2025-05-24,"Beginn: 24.05.25 um 09:32 Uhr  Angespannte Verkehrslage, seit 24.05.2025, 09:32 A61: Koblenz -> Ludwigshafen, zwischen 1.4 km hinter AK Frankenthal und 0.3 km vor Auf dem Hirschen  Langsamer Verkehr Reisezeitverlust: 0 Minuten Durchschnittsgeschwindigkeit: 66 km/h",49.5413214571181,8.31611485532082
"A61","undefined--vi-avl.2025-05-24_09-01-00-000.f.de0","51.112063441928775,6.429361767978854,51.13293305215574,6.424155352355948","51.112063441928775,6.429361767978854","WARNING","A61 | Mönchengladbach-Wanlo - Mönchengladbach-Wickrath"," Koblenz -> Mönchengladbach",9,"STATIONARY_TRAFFIC","13.699999809265137",2025-05-24,"Beginn: 24.05.25 um 09:01 Uhr  Angespannte Verkehrslage, seit 24.05.2025, 09:01 A61: Koblenz -> Mönchengladbach, zwischen 1.5 km hinter AD Mönchengladbach-Wanlo und 0.8 km vor AS Mönchengladbach-Wickrath  Im Stillstand Reisezeitverlust: 9 Minuten Durchschnittsgeschwindigkeit: 13 km/h",51.1120634419288,6.42936176797885
"A61","undefined--vi-avl.2025-05-24_09-01-30-000.f.de0","51.11298926808819,6.4293691264069075,51.11298926808819,6.4293691264069075","51.11298926808819,6.4293691264069075","WARNING","A61 | Mönchengladbach-Güdderath - Mönchengladbach-Güdderath"," Koblenz -> Mönchengladbach",NA,"STATIONARY_TRAFFIC","13",2025-05-24,"Beginn: 24.05.25 um 09:33 Uhr  Angespannte Verkehrslage, seit 24.05.2025, 09:33 A61: Koblenz -> Mönchengladbach, 0.6 km vor AS Mönchengladbach-Güdderath, aus Richtung Mönchengladbach-Wanlo  Im Stillstand Durchschnittsgeschwindigkeit: 13 km/h",51.1129892680882,6.42936912640691
"A61","undefined--vi-avl.2025-05-24_09-33-30-000.f_003.de0","51.14362554424238,6.417877386616221,51.14362554424238,6.417877386616221","51.14362554424238,6.417877386616221","WARNING","A61 | Mönchengladbach-Wickrath - Mönchengladbach-Wickrath"," Mönchengladbach -> Koblenz",NA,"SLOW_TRAFFIC","24",2025-05-24,"Beginn: 24.05.25 um 09:33 Uhr  Angespannte Verkehrslage, seit 24.05.2025, 09:33 A61: Mönchengladbach -> Koblenz, 0.5 km vor AS Mönchengladbach-Wickrath, aus Richtung Mönchengladbach-Rheydt  Langsamer Verkehr Durchschnittsgeschwindigkeit: 24 km/h",51.1436255442424,6.41787738661622
"A61","undefined--vi-avl.2025-05-24_09-28-30-000.f_002.de0","51.14359961152083,6.417916978253979,51.13088703031588,6.423425800932348","51.14359961152083,6.417916978253979","WARNING","A61 | Mönchengladbach-Rheydt - Mönchengladbach-Güdderath"," Mönchengladbach -> Koblenz",1,"SLOW_TRAFFIC","46.70000076293945",2025-05-24,"Beginn: 24.05.25 um 09:28 Uhr  Angespannte Verkehrslage, seit 24.05.2025, 09:28 A61: Mönchengladbach -> Koblenz, zwischen 1.4 km hinter AS Mönchengladbach-Rheydt und 1.5 km vor AS Mönchengladbach-Güdderath  Langsamer Verkehr Reisezeitverlust: 1 Minuten Durchschnittsgeschwindigkeit: 46 km/h",51.1435996115208,6.41791697825398
"A64","undefined--vi-avl.2025-05-24_09-19-11-000.f_002.de0","49.73478482639886,6.516254509217547,49.762833222176404,6.581487017158983","49.73478482639886,6.516254509217547","WARNING","A64 | Sauertalbrücke - Sauertal"," Luxemburg -> Trier",2,"SLOW_TRAFFIC","67",2025-05-24,"Beginn: 24.05.25 um 09:19 Uhr  Angespannte Verkehrslage, seit 24.05.2025, 09:19 A64: Luxemburg -> Trier, zwischen 1.0 km hinter Sauertalbrücke und Sauertal  Langsamer Verkehr Reisezeitverlust: 2 Minuten Durchschnittsgeschwindigkeit: 67 km/h",49.7347848263989,6.51625450921755
"A65","undefined--vi-avl.2025-05-24_09-33-30-000.f_001.de0","49.18110187537499,8.15024677192632,49.1707805473612,8.151752861228704","49.18110187537499,8.15024677192632","WARNING","A65 | Landau-Zentrum - Insheim"," Landau -> Karlsruhe",0,"SLOW_TRAFFIC","60.900001525878906",2025-05-24,"Beginn: 24.05.25 um 09:33 Uhr  Angespannte Verkehrslage, seit 24.05.2025, 09:33 A65: Landau -> Karlsruhe, zwischen 1.5 km hinter AS Landau-Zentrum und 1.6 km vor AS Insheim  Langsamer Verkehr Reisezeitverlust: 0 Minuten Durchschnittsgeschwindigkeit: 60 km/h",49.181101875375,8.15024677192632
"A81","undefined--vi-hind.2025-05-24_08-43-30-000.f_002.de0","47.855704744888634,8.796905599835682,47.919778971958344,8.675341269208703","47.855704744888634,8.796905599835682","WARNING","A81 | Engen - Geisingen"," Singen -> Stuttgart",NA,NA,NA,2025-05-24,"Beginn: 24.05.25 um 08:43 Uhr  Hindernis, seit 24.05.2025, 08:43 A81: Singen -> Stuttgart, zwischen 0.2 km hinter AS Engen und 0.3 km vor AS Geisingen  Gefahr durch Gegenstände auf der Fahrbahn",47.8557047448886,8.79690559983568
"A81","undefined--vi-zus.2025-05-24_08-27-30-000.f.de0","48.56175438890193,8.893699954089586,48.54149179346745,8.890418817565983","48.56175438890193,8.893699954089586","WARNING","A81 | Herrenberg - Geyern"," Stuttgart -> Singen",3,"STATIONARY_TRAFFIC","30.399999618530273",2025-05-24,"Beginn: 24.05.25 um 08:27 Uhr  Zusammengesetzte Verkehrsinformation, seit 24.05.2025, 08:27 A81: Stuttgart -> Singen, zwischen 2.2 km hinter AS Herrenberg und 1.8 km vor Geyern  Im Stillstand Reisezeitverlust: 3 Minuten Durchschnittsgeschwindigkeit: 30 km/h",48.5617543889019,8.89369995408959
"A81","undefined--vi-unf.2025-05-24_08-28-30-000.f_001.de0","48.54788376451331,8.888890657518566,48.53503985578007,8.891039881005957","48.54788376451331,8.888890657518566","WARNING","A81 | Herrenberg - Geyern"," Stuttgart -> Singen",NA,NA,NA,2025-05-24,"Beginn: 24.05.25 um 08:28 Uhr  Unfall, seit 24.05.2025, 08:28 A81: Stuttgart -> Singen, zwischen 3.8 km hinter AS Herrenberg und 1.1 km vor Geyern",48.5478837645133,8.88889065751857
"A81","undefined--vi-avl.2025-05-24_09-30-30-000.f_003.de0","48.70312600980546,9.03558611176313,48.7064913277612,9.050466241594872","48.70312600980546,9.03558611176313","WARNING","A81 | Böblingen-Ost - Stuttgart"," Singen -> Stuttgart",0,"SLOW_TRAFFIC","57.099998474121094",2025-05-24,"Beginn: 24.05.25 um 09:30 Uhr  Angespannte Verkehrslage, seit 24.05.2025, 09:30 A81: Singen -> Stuttgart, zwischen 0.1 km hinter AS Böblingen-Ost und 3.3 km vor AK Stuttgart  Langsamer Verkehr Reisezeitverlust: 0 Minuten Durchschnittsgeschwindigkeit: 57 km/h",48.7031260098055,9.03558611176313
"A93","undefined--vi-avl.2025-05-24_09-13-30-000.f_003.de0","47.606750933838356,12.196522190478351,47.612428589637275,12.201711818415141","47.606750933838356,12.196522190478351","WARNING","A93 | Kiefersfelden - Kiefersfelden"," Kiefersfelden -> Rosenheim",3,"QUEUING_TRAFFIC","9.100000381469727",2025-05-24,"Beginn: 24.05.25 um 09:13 Uhr  Angespannte Verkehrslage, seit 24.05.2025, 09:13 A93: Kiefersfelden -> Rosenheim, zwischen 0.3 km hinter Kiefersfelden und 0.7 km vor AS Kiefersfelden  Stockender Verkehr Reisezeitverlust: 3 Minuten Durchschnittsgeschwindigkeit: 9 km/h",47.6067509338384,12.1965221904784
"A93","undefined--vi-avl.2025-05-24_09-27-30-000.f_007.de0","47.60677033780186,12.196549897325994,47.60677033780186,12.196549897325994","47.60677033780186,12.196549897325994","WARNING","A93 | Inntal - Inntal"," Kiefersfelden -> Rosenheim",NA,"QUEUING_TRAFFIC","3",2025-05-24,"Beginn: 24.05.25 um 09:31 Uhr  Angespannte Verkehrslage, seit 24.05.2025, 09:31 A93: Kiefersfelden -> Rosenheim, 0.7 km vor Inntal, aus Richtung Kiefersfelden  Stockender Verkehr Durchschnittsgeschwindigkeit: 3 km/h",47.6067703378019,12.196549897326
"A93","undefined--vi-avl.2025-05-24_09-28-30-000.f_001.de0","48.96571750445469,12.088390252835593,48.96896089370635,12.07416786742052","48.96571750445469,12.088390252835593","WARNING","A93 | Pentling - Regensburg-Süd"," Holledau -> Regensburg",0,"SLOW_TRAFFIC","50.70000076293945",2025-05-24,"Beginn: 24.05.25 um 09:28 Uhr  Angespannte Verkehrslage, seit 24.05.2025, 09:28 A93: Holledau -> Regensburg, zwischen 0.8 km hinter Pentling und 1.2 km vor AS Regensburg-Süd  Langsamer Verkehr Reisezeitverlust: 0 Minuten Durchschnittsgeschwindigkeit: 50 km/h",48.9657175044547,12.0883902528356
"A113","undefined--vi-avl.2025-05-24_08-15-30-000.f_001.de0","52.44663737720714,13.471679912948511,52.44663737720714,13.471679912948511","52.44663737720714,13.471679912948511","WARNING","A113 | Späthstraße - Späthstraße"," Schönefeld -> Neukölln",NA,"STATIONARY_TRAFFIC","2",2025-05-24,"Beginn: 24.05.25 um 09:31 Uhr  Angespannte Verkehrslage, seit 24.05.2025, 09:31 A113: Schönefeld -> Neukölln, 1.1 km vor AS Späthstraße, aus Richtung Johannisthaler Chaussee  Im Stillstand Durchschnittsgeschwindigkeit: 2 km/h",52.4466373772071,13.4716799129485
"A113","undefined--vi-zus.2025-05-23_04-57-30-000.f.de0","52.43617318100181,13.493052326243479,52.427730500930934,13.517008500122175","52.43617318100181,13.493052326243479","WARNING","A113 | Johannisthaler Chaussee - Rudower Höhe"," Neukölln -> Schönefeld",NA,NA,NA,2025-05-23,"Beginn: 23.05.25 um 04:57 Uhr  Zusammengesetzte Verkehrsinformation, seit 23.05.2025, 04:57 A113: Neukölln -> Schönefeld, zwischen 1.2 km hinter AS Johannisthaler Chaussee und 1.0 km vor Rudower Höhe  A113 Autobahnzubringer Dresden, Neukölln Richtung Schönefeld
zwischen Stubenrauchstraße und Tunnel Rudower Höhe
linker Fahrstreifen gesperrt, Bauarbeiten, bis voraussichtlich 20.06.2025",52.4361731810018,13.4930523262435
"A113","undefined--vi-avl.2025-05-24_08-15-00-000.f.de0","52.44663737720714,13.471679912948511,52.45209490093047,13.462718900114677","52.44663737720714,13.471679912948511","WARNING","A113 | Johannisthaler Chaussee - Späthstraße"," Schönefeld -> Neukölln",21,"STATIONARY_TRAFFIC","2.299999952316284",2025-05-24,"Beginn: 24.05.25 um 08:15 Uhr  Angespannte Verkehrslage, seit 24.05.2025, 08:15 A113: Schönefeld -> Neukölln, zwischen 0.6 km hinter AS Johannisthaler Chaussee und 0.2 km vor AS Späthstraße  Im Stillstand Reisezeitverlust: 21 Minuten Durchschnittsgeschwindigkeit: 2 km/h",52.4466373772071,13.4716799129485
"A115","undefined--vi-zus.2024-10-09_07-09-40-000.f_531.de0","52.40027056808641,13.185163736426698,52.44227384698058,13.202709435405149","52.40027056808641,13.185163736426698","WARNING","A115 | Am Stern - Hüttenweg"," Dreieck Nuthetal -> Dreieck Funkturm",NA,NA,NA,2024-10-09,"Beginn: 09.10.24 um 07:09 Uhr  Zusammengesetzte Verkehrsinformation, seit 09.10.2024, 07:09 A115: Dreieck Nuthetal -> Dreieck Funkturm, zwischen 2.9 km hinter Am Stern und 3.8 km vor AS Hüttenweg  A115 Autobahnzubringer Magdeburg, Dreieck Nuthetal Richtung Dreieck Funkturm, zwischen Anschlussstelle Kleinmachnow und Anschlussstelle Spanische Allee, Baustelle, bis 31.10.2026 17:00 Uhr",52.4002705680864,13.1851637364267
"A115","undefined--vi-avl.2025-05-24_08-58-00-000.f.de0","52.39831077700434,13.182965869336426,52.4089589670027,13.194993785042493","52.39831077700434,13.182965869336426","WARNING","A115 | Am Stern - Dreilinden"," Dreieck Nuthetal -> Dreieck Funkturm",4,"STATIONARY_TRAFFIC","17.299999237060547",2025-05-24,"Beginn: 24.05.25 um 08:58 Uhr  Angespannte Verkehrslage, seit 24.05.2025, 08:58 A115: Dreieck Nuthetal -> Dreieck Funkturm, zwischen 2.6 km hinter Am Stern und 0.8 km vor Dreilinden  Im Stillstand Reisezeitverlust: 4 Minuten Durchschnittsgeschwindigkeit: 17 km/h",52.3983107770043,13.1829658693364
"A115","undefined--vi-avl.2025-05-24_09-12-30-000.f.de0","52.3985310175196,13.183219622670133,52.3985310175196,13.183219622670133","52.3985310175196,13.183219622670133","WARNING","A115 | Kleinmachnow - Kleinmachnow"," Dreieck Nuthetal -> Dreieck Funkturm",NA,"STATIONARY_TRAFFIC","9",2025-05-24,"Beginn: 24.05.25 um 09:31 Uhr  Angespannte Verkehrslage, seit 24.05.2025, 09:31 A115: Dreieck Nuthetal -> Dreieck Funkturm, 0.5 km vor AS Kleinmachnow, aus Richtung Am Stern  Im Stillstand Durchschnittsgeschwindigkeit: 9 km/h",52.3985310175196,13.1832196226701
"A115","undefined--vi-zus.2024-10-13_05-33-30-000.f_688.de0","52.44029442937371,13.199911385595513,52.43107524997983,13.191805707063864","52.44029442937371,13.199911385595513","WARNING","A115 | Hüttenweg - Kreuz Zehlendorf"," Dreieck Funkturm -> Dreieck Nuthetal",NA,NA,NA,2024-10-13,"Beginn: 13.10.24 um 05:33 Uhr  Zusammengesetzte Verkehrsinformation, seit 13.10.2024, 05:33 A115: Dreieck Funkturm -> Dreieck Nuthetal, zwischen 4.1 km hinter AS Hüttenweg und 1.3 km vor AS Kreuz Zehlendorf  A115 Dreieck Funkturm Richtung Dreieck Nuthetal
zwischen Spanische Allee und Kleinmachnow
Verkehr wird über die Gegenfahrbahn geleitet, geänderte Verkehrsführung im Baustellenbereich, Bauarbeiten",52.4402944293737,13.1999113855955
"A261","undefined--vi-avl.2025-05-24_09-31-30-000.f_002.de0","53.40506879676612,9.910782273170314,53.40506879676612,9.910782273170314","53.40506879676612,9.910782273170314","WARNING","A261 | Tötensen - Tötensen"," Hamburg-Südwest -> Buchholzer Dreieck",NA,"QUEUING_TRAFFIC","24",2025-05-24,"Beginn: 24.05.25 um 09:31 Uhr  Angespannte Verkehrslage, seit 24.05.2025, 09:31 A261: Hamburg-Südwest -> Buchholzer Dreieck, 0.6 km vor AS Tötensen, aus Richtung Hamburg-Marmstorf-Lürade  Stockender Verkehr Durchschnittsgeschwindigkeit: 24 km/h",53.4050687967661,9.91078227317031
"A261","undefined--vi-avl.2025-05-24_09-15-00-000.f.de0","53.40518231480627,9.910975188847994,53.3947890073578,9.888948886001165","53.40518231480627,9.910975188847994","WARNING","A261 | Hamburg-Marmstorf-Lürade - Rosengarten-West"," Hamburg-Südwest -> Buchholzer Dreieck",1,"QUEUING_TRAFFIC","40.20000076293945",2025-05-24,"Beginn: 24.05.25 um 09:15 Uhr  Angespannte Verkehrslage, seit 24.05.2025, 09:15 A261: Hamburg-Südwest -> Buchholzer Dreieck, zwischen 2.6 km hinter AS Hamburg-Marmstorf-Lürade und 0.7 km vor Rosengarten-West  Stockender Verkehr Reisezeitverlust: 1 Minuten Durchschnittsgeschwindigkeit: 40 km/h",53.4051823148063,9.91097518884799
"A861","undefined--vi-avl.2025-05-24_09-32-00-000.f_001.de0","47.550824500948714,7.757626299999486,47.549025915970084,7.758087075354032","47.550824500948714,7.757626299999486","WARNING","A861 | Rheinfelden-Mitte - Rheinfelden"," Dreieck Hochrhein -> Grenzübergang Rheinfelden",0,"QUEUING_TRAFFIC","12.800000190734863",2025-05-24,"Beginn: 24.05.25 um 09:32 Uhr  Angespannte Verkehrslage, seit 24.05.2025, 09:32 A861: Dreieck Hochrhein -> Grenzübergang Rheinfelden, zwischen 2.0 km hinter AS Rheinfelden-Mitte und 0.1 km vor Rheinfelden  Stockender Verkehr Reisezeitverlust: 0 Minuten Durchschnittsgeschwindigkeit: 12 km/h",47.5508245009487,7.75762629999949
