"road","identifier","extent","point","display_type","title","subtitle","delay_minutes","abnormalTrafficType","averageSpeed","startTimestamp","description","latitude","longitude"
"A1","undefined--vi-zus.2025-05-12_14-14-11-000.f_002.de0","53.50735147892658,10.084825585306573,53.509603959665775,10.050635699819072","53.50735147892658,10.084825585306573","WARNING","A1 | Hamburg-Moorfleet - Hamburg-Norderelbe"," Lübeck -> Hamburg",NA,NA,NA,2025-05-12,"Beginn: 12.05.25 um 14:14 Uhr  Zusammengesetzte Verkehrsinformation, seit 12.05.2025, 14:14 A1: Lübeck -> Hamburg, zwischen 0.4 km hinter AS Hamburg-Moorfleet und 1.0 km vor AK Hamburg-Norderelbe  A1 Lübeck Richtung Hamburg
zwischen Dreieck Hamburg-Südost und Norderelbbrücke
Fahrbahn auf einen Fahrstreifen verengt, defekter LKW, Polizei ist vor Ort",53.5073514789266,10.0848255853066
"A1","undefined--vi-avl.2025-05-21_03-57-30-000.f_005.de0","53.507972873508635,10.089358616588585,53.5094429009194,10.057053500000512","53.507972873508635,10.089358616588585","WARNING","A1 | Hamburg-Moorfleet - Hamburg-Norderelbe"," Lübeck -> Hamburg",1,"SLOW_TRAFFIC","49.29999923706055",2025-05-21,"Beginn: 21.05.25 um 03:57 Uhr  Angespannte Verkehrslage, seit 21.05.2025, 03:57 A1: Lübeck -> Hamburg, zwischen 0.1 km hinter AS Hamburg-Moorfleet und 1.4 km vor AK Hamburg-Norderelbe  Langsamer Verkehr Reisezeitverlust: 1 Minuten Durchschnittsgeschwindigkeit: 49 km/h",53.5079728735086,10.0893586165886
"A2","undefined--vi-avl.2025-05-21_04-26-30-000.f_003.de0","52.17973205405811,11.467993142888542,52.165334920997154,11.50966014620865","52.17973205405811,11.467993142888542","WARNING","A2 | Börde - Magdeburg"," Braunschweig -> Magdeburg",1,"SLOW_TRAFFIC","69.5999984741211",2025-05-21,"Beginn: 21.05.25 um 04:26 Uhr  Angespannte Verkehrslage, seit 21.05.2025, 04:26 A2: Braunschweig -> Magdeburg, zwischen 1.2 km hinter Börde und 2.5 km vor AK Magdeburg  Langsamer Verkehr Reisezeitverlust: 1 Minuten Durchschnittsgeschwindigkeit: 69 km/h",52.1797320540581,11.4679931428885
"A3","undefined--vi-avl.2025-05-21_04-15-00-000.f_002.de0","48.78046219567015,13.024038023201495,48.787782384737746,13.011623937346512","48.78046219567015,13.024038023201495","WARNING","A3 | Hengersberg - Seebach"," Passau -> Nürnberg",0,"SLOW_TRAFFIC","66.19999694824219",2025-05-21,"Beginn: 21.05.25 um 04:15 Uhr  Angespannte Verkehrslage, seit 21.05.2025, 04:15 A3: Passau -> Nürnberg, zwischen 1.6 km hinter AS Hengersberg und 0.1 km vor Seebach  Langsamer Verkehr Reisezeitverlust: 0 Minuten Durchschnittsgeschwindigkeit: 66 km/h",48.7804621956701,13.0240380232015
"A3","undefined--vi-avl.2025-05-21_04-44-00-000.f.de0","51.426381246479494,6.802512329198984,51.447956500933714,6.798606699995568","51.426381246479494,6.802512329198984","WARNING","A3 | Duisburg-Wedau - Oberhausen-Lirich"," Köln -> Oberhausen",4,"QUEUING_TRAFFIC","24.899999618530273",2025-05-21,"Beginn: 21.05.25 um 04:44 Uhr  Angespannte Verkehrslage, seit 21.05.2025, 04:44 A3: Köln -> Oberhausen, zwischen 2.1 km hinter AS Duisburg-Wedau und 3.6 km vor AS Oberhausen-Lirich  Stockender Verkehr Reisezeitverlust: 4 Minuten Durchschnittsgeschwindigkeit: 24 km/h",51.4263812464795,6.80251232919898
"A3","undefined--vi-avl.2025-05-21_04-46-30-000.f_004.de0","51.42619667130569,6.802282980044484,51.42619667130569,6.802282980044484","51.42619667130569,6.802282980044484","WARNING","A3 | Kaiserberg - Kaiserberg"," Köln -> Oberhausen",NA,"QUEUING_TRAFFIC","25",2025-05-21,"Beginn: 21.05.25 um 04:57 Uhr  Angespannte Verkehrslage, seit 21.05.2025, 04:57 A3: Köln -> Oberhausen, 2.5 km vor AK Kaiserberg, aus Richtung Duisburg-Wedau  Stockender Verkehr Durchschnittsgeschwindigkeit: 25 km/h",51.4261966713057,6.80228298004448
"A4","undefined--vi-avl.2025-05-21_04-41-30-000.f_004.de0","50.809984761864584,6.036596042838145,50.81694260093737,6.0266969999807145","50.809984761864584,6.036596042838145","WARNING","A4 | Aachen-Laurensberg - Vetschau"," Köln -> Heerlen/Aachen",0,"SLOW_TRAFFIC","66.69999694824219",2025-05-21,"Beginn: 21.05.25 um 04:41 Uhr  Angespannte Verkehrslage, seit 21.05.2025, 04:41 A4: Köln -> Heerlen/Aachen, zwischen 2.9 km hinter AS Aachen-Laurensberg und 0.2 km vor Vetschau  Langsamer Verkehr Reisezeitverlust: 0 Minuten Durchschnittsgeschwindigkeit: 66 km/h",50.8099847618646,6.03659604283814
"A4","undefined--vi-hind.2025-05-21_03-25-00-000.f_002.de0","50.92984440552154,6.798963585513713,50.929321984633354,6.823924708042349","50.92984440552154,6.798963585513713","WARNING","A4 | Frechen - Köln-West"," Heerlen/Aachen -> Köln",NA,NA,NA,2025-05-21,"Beginn: 21.05.25 um 03:25 Uhr  Hindernis, seit 21.05.2025, 03:25 A4: Heerlen/Aachen -> Köln, zwischen 1.7 km hinter Frechen und 1.6 km vor AK Köln-West",50.9298444055215,6.79896358551371
"A4","undefined--vi-zus.2025-05-21_03-16-30-000.f_001.de0","50.929624986276586,6.787836039578806,50.929741200936625,6.814456199995554","50.929624986276586,6.787836039578806","WARNING","A4 | Frechen - Frechen-Nord"," Heerlen/Aachen -> Köln",6,"STATIONARY_TRAFFIC","15.899999618530273",2025-05-21,"Beginn: 21.05.25 um 03:16 Uhr  Zusammengesetzte Verkehrsinformation, seit 21.05.2025, 03:16 A4: Heerlen/Aachen -> Köln, zwischen 0.9 km hinter Frechen und 0.4 km vor AS Frechen-Nord  Im Stillstand Reisezeitverlust: 6 Minuten Durchschnittsgeschwindigkeit: 15 km/h",50.9296249862766,6.78783603957881
"A4","undefined--vi-avl.2025-05-21_04-37-30-000.f_003.de0","50.929624986276586,6.787836039578806,50.929624986276586,6.787836039578806","50.929624986276586,6.787836039578806","WARNING","A4 | Frechen-Nord - Frechen-Nord"," Heerlen/Aachen -> Köln",NA,"STATIONARY_TRAFFIC","16",2025-05-21,"Beginn: 21.05.25 um 04:57 Uhr  Angespannte Verkehrslage, seit 21.05.2025, 04:57 A4: Heerlen/Aachen -> Köln, 2.2 km vor AS Frechen-Nord, aus Richtung Frechen  Im Stillstand Durchschnittsgeschwindigkeit: 16 km/h",50.9296249862766,6.78783603957881
"A4","undefined--vi-hind.2025-05-21_02-38-00-000.f_004.de0","50.896260500936805,6.91405079999637,50.89077322866552,6.926178949810329","50.896260500936805,6.91405079999637","WARNING","A4 | Köln-Klettenberg - Köln-Süd"," Heerlen/Aachen -> Köln",NA,NA,NA,2025-05-21,"Beginn: 21.05.25 um 02:38 Uhr  Hindernis, seit 21.05.2025, 02:38 A4: Heerlen/Aachen -> Köln, zwischen 0.4 km hinter AS Köln-Klettenberg und 3.2 km vor AK Köln-Süd",50.8962605009368,6.91405079999637
"A4","undefined--vi-zus.2025-05-21_02-31-30-000.f_003.de0","50.8953884741689,6.915965832114056,50.89341216326109,6.920305463901063","50.8953884741689,6.915965832114056","WARNING","A4 | Köln-Klettenberg - Köln-Eifeltor"," Heerlen/Aachen -> Köln",NA,NA,NA,2025-05-21,"Beginn: 21.05.25 um 02:31 Uhr  Zusammengesetzte Verkehrsinformation, seit 21.05.2025, 02:31 A4: Heerlen/Aachen -> Köln, zwischen 0.6 km hinter AS Köln-Klettenberg und 0.4 km vor AS Köln-Eifeltor  A4 Heerlen/Aachen Richtung Köln Köln-Eifeltor Unfallaufnahme, langsam fahren, Rutschgefahr durch Treibstoff, Richtungsfahrbahn blockiert, empfohlene Umleitung: U25 23678",50.8953884741689,6.91596583211406
"A4","undefined--vi-avl.2025-05-21_04-52-00-000.f_001.de0","50.87585785225862,9.790581939719255,50.895284738773746,9.857094169781556","50.87585785225862,9.790581939719255","WARNING","A4 | Bad Hersfeld - Nadelöhr"," Bad Hersfeld -> Erfurt",2,"SLOW_TRAFFIC","62.29999923706055",2025-05-21,"Beginn: 21.05.25 um 04:52 Uhr  Angespannte Verkehrslage, seit 21.05.2025, 04:52 A4: Bad Hersfeld -> Erfurt, zwischen 6.1 km hinter AS Bad Hersfeld und 2.4 km vor Nadelöhr  Langsamer Verkehr Reisezeitverlust: 2 Minuten Durchschnittsgeschwindigkeit: 62 km/h",50.8758578522586,9.79058193971925
"A4","undefined--vi-hind.2025-05-21_04-45-30-000.f_001.de0","50.99988640511068,10.40901137617595,50.95045192102325,10.485775329223845","50.99988640511068,10.40901137617595","WARNING","A4 | Eisenach-Ost - Sättelstädt"," Bad Hersfeld -> Erfurt",NA,NA,NA,2025-05-21,"Beginn: 21.05.25 um 04:45 Uhr  Hindernis, seit 21.05.2025, 04:45 A4: Bad Hersfeld -> Erfurt, zwischen 0.1 km hinter AS Eisenach-Ost und 0.4 km vor AS Sättelstädt  Gefahr durch eine ungesicherte Unfallstelle",50.9998864051107,10.409011376176
"A6","undefined--vi-avl.2025-05-21_04-56-30-000.f_002.de0","49.49059265063788,7.986043170223166,49.491042948694876,7.96853281147163","49.49059265063788,7.986043170223166","WARNING","A6 | Entenpfuhl - Drehertal"," Mannheim -> Kaiserslautern",0,"SLOW_TRAFFIC","62.400001525878906",2025-05-21,"Beginn: 21.05.25 um 04:56 Uhr  Angespannte Verkehrslage, seit 21.05.2025, 04:56 A6: Mannheim -> Kaiserslautern, zwischen 4.0 km hinter Entenpfuhl und 0.9 km vor Drehertal  Langsamer Verkehr Reisezeitverlust: 0 Minuten Durchschnittsgeschwindigkeit: 62 km/h",49.4905926506379,7.98604317022317
"A7","undefined--vi-zus.2025-05-13_04-57-00-000.f_004.de0","47.595412441892016,10.656244234565428,47.62104067744613,10.660902253482776","47.595412441892016,10.656244234565428","WARNING","A7 | Füssen - Nesselwang"," Füssen/Reutte -> Ulm",NA,NA,NA,2025-05-13,"Beginn: 13.05.25 um 04:57 Uhr  Zusammengesetzte Verkehrsinformation, seit 13.05.2025, 04:57 A7: Füssen/Reutte -> Ulm, zwischen 2.5 km hinter AS Füssen und 10.8 km vor AS Nesselwang  A7 Füssen/Reutte Richtung Ulm zwischen Reinertshoftunnel und Nesselwang Verkehr wird über die Gegenfahrbahn geleitet, Baustelle, von 16.05.2025 05:00 Uhr bis 18.07.2025 15:00 Uhr",47.595412441892,10.6562442345654
"A7","undefined--vi-avl.2025-05-21_04-57-30-000.f_003.de0","50.92284308181111,9.554061596038899,50.93034170865141,9.544175203950692","50.92284308181111,9.554061596038899","WARNING","A7 | Bad Hersfeld-West - Pommer"," Fulda -> Kassel",0,"SLOW_TRAFFIC","64.19999694824219",2025-05-21,"Beginn: 21.05.25 um 04:57 Uhr  Angespannte Verkehrslage, seit 21.05.2025, 04:57 A7: Fulda -> Kassel, zwischen 2.0 km hinter AS Bad Hersfeld-West und 1.0 km vor Pommer  Langsamer Verkehr Reisezeitverlust: 0 Minuten Durchschnittsgeschwindigkeit: 64 km/h",50.9228430818111,9.5540615960389
"A7","undefined--vi-avl.2025-05-21_04-49-00-000.f.de0","50.958307600429364,9.493610188138247,50.95336699972224,9.506909182775978","50.958307600429364,9.493610188138247","WARNING","A7 | Homberg (Efze) - Fuchsrain"," Kassel -> Fulda",0,"SLOW_TRAFFIC","63.099998474121094",2025-05-21,"Beginn: 21.05.25 um 04:49 Uhr  Angespannte Verkehrslage, seit 21.05.2025, 04:49 A7: Kassel -> Fulda, zwischen 5.8 km hinter AS Homberg (Efze) und 2.1 km vor Fuchsrain  Langsamer Verkehr Reisezeitverlust: 0 Minuten Durchschnittsgeschwindigkeit: 63 km/h",50.9583076004294,9.49361018813825
"A7","undefined--vi-avl.2025-05-21_04-55-30-000.f_002.de0","53.56959228698418,9.901938770777218,53.56959228698418,9.901938770777218","53.56959228698418,9.901938770777218","WARNING","A7 | Hamburg-Bahrenfeld - Hamburg-Bahrenfeld"," Flensburg -> Hamburg",NA,"SLOW_TRAFFIC","21",2025-05-21,"Beginn: 21.05.25 um 04:57 Uhr  Angespannte Verkehrslage, seit 21.05.2025, 04:57 A7: Flensburg -> Hamburg, 0.5 km vor AS Hamburg-Bahrenfeld, aus Richtung Hamburg-Volkspark  Langsamer Verkehr Durchschnittsgeschwindigkeit: 21 km/h",53.5695922869842,9.90193877077722
"A7","undefined--vi-zus.2025-03-31_00-40-00-000.f_018.de0","53.579141433849884,9.913430072127355,53.55636870091902,9.897540700000414","53.579141433849884,9.913430072127355","WARNING","A7 | Hamburg-Volkspark - Elbtunnel (Nordportal)"," Flensburg -> Hamburg",NA,NA,NA,2025-03-31,"Beginn: 31.03.25 um 00:40 Uhr  Zusammengesetzte Verkehrsinformation, seit 31.03.2025, 00:40 A7: Flensburg -> Hamburg, zwischen 0.4 km hinter AS Hamburg-Volkspark und 0.9 km vor Elbtunnel (Nordportal)  A7 Flensburg Richtung Hamburg Ausfahrt Hamburg-Othmarschen Fahrbahnverengung, maximale Fahrbahnbreite von 4,50 m, Bauarbeiten, bis 29.09.2025",53.5791414338499,9.91343007212735
"A7","undefined--vi-avl.2025-05-21_04-54-00-000.f_001.de0","53.56959228698418,9.901938770777218,53.55636870091902,9.897540700000414","53.56959228698418,9.901938770777218","WARNING","A7 | Hamburg-Volkspark - Elbtunnel (Nordportal)"," Flensburg -> Hamburg",0,"SLOW_TRAFFIC","41.70000076293945",2025-05-21,"Beginn: 21.05.25 um 04:54 Uhr  Angespannte Verkehrslage, seit 21.05.2025, 04:54 A7: Flensburg -> Hamburg, zwischen 1.7 km hinter AS Hamburg-Volkspark und 0.9 km vor Elbtunnel (Nordportal)  Langsamer Verkehr Reisezeitverlust: 0 Minuten Durchschnittsgeschwindigkeit: 41 km/h",53.5695922869842,9.90193877077722
"A8","undefined--vi-avl.2025-05-21_04-54-00-000.f.de0","49.48748633713247,6.382592728855647,49.47869332417209,6.426317542986207","49.48748633713247,6.382592728855647","WARNING","A8 | Perl - Pellinger Berg"," Luxemburg -> Saarlouis",1,"SLOW_TRAFFIC","64.9000015258789",2025-05-21,"Beginn: 21.05.25 um 04:54 Uhr  Angespannte Verkehrslage, seit 21.05.2025, 04:54 A8: Luxemburg -> Saarlouis, zwischen 0.4 km hinter AS Perl und 7.5 km vor Pellinger Berg  Langsamer Verkehr Reisezeitverlust: 1 Minuten Durchschnittsgeschwindigkeit: 64 km/h",49.4874863371325,6.38259272885565
"A8","undefined--vi-zus.2025-03-26_17-59-56-000.f_013.de0","49.32575278791285,7.172731755291576,49.327350714671546,7.213275819282444","49.32575278791285,7.172731755291576","WARNING","A8 | Neunkirchen/Spiesen - Kohlhof"," Saarlouis -> Neunkirchen",NA,NA,NA,2025-03-26,"Beginn: 26.03.25 um 17:59 Uhr  Zusammengesetzte Verkehrsinformation, seit 26.03.2025, 17:59 A8: Saarlouis -> Neunkirchen, zwischen 1.5 km hinter AS Neunkirchen/Spiesen und 1.0 km vor Kohlhof  A8 Saarlouis - Neunkirchen zwischen Neunkirchen-Spiesen und Neunkirchen-Oberstadt in beiden Richtungen Bauarbeiten, bis voraussichtlich 01.06.2025",49.3257527879128,7.17273175529158
"A8","undefined--vi-zus.2025-05-14_09-26-56-000.f.de0","49.32628400979037,7.229641516813452,49.329166750017514,7.1882642393148934","49.32628400979037,7.229641516813452","WARNING","A8 | Neunkirchen-Wellesweiler - Neunkirchen/Spiesen"," Neunkirchen -> Saarlouis",NA,NA,NA,2025-05-14,"Beginn: 14.05.25 um 09:26 Uhr  Zusammengesetzte Verkehrsinformation, seit 14.05.2025, 09:26 A8: Neunkirchen -> Saarlouis, zwischen 0.4 km hinter AS Neunkirchen-Wellesweiler und 2.7 km vor AS Neunkirchen/Spiesen  A8 Saarlouis - Neunkirchen zwischen Neunkirchen-Spiesen und Neunkirchen-Oberstadt in beiden Richtungen Bauarbeiten, bis voraussichtlich 01.06.2025",49.3262840097904,7.22964151681345
"A8","undefined--vi-avl.2025-05-21_04-30-00-000.f_003.de0","47.83061460094821,11.907887200023024,47.85140768032633,11.86391951012438","47.83061460094821,11.907887200023024","WARNING","A8 | Wilparting - Seehamer See (Ost)"," Salzburg -> München",1,"SLOW_TRAFFIC","64.0999984741211",2025-05-21,"Beginn: 21.05.25 um 04:30 Uhr  Angespannte Verkehrslage, seit 21.05.2025, 04:30 A8: Salzburg -> München, zwischen 1.0 km hinter Wilparting und 0.7 km vor Seehamer See (Ost)  Langsamer Verkehr Reisezeitverlust: 1 Minuten Durchschnittsgeschwindigkeit: 64 km/h",47.8306146009482,11.907887200023
"A8","undefined--vi-avl.2025-05-21_04-41-30-000.f_001.de0","47.76777737474314,12.930151579691735,47.76799135434732,12.932637694939642","47.76777737474314,12.930151579691735","WARNING","A8 | Bad Reichenhall - Schwarzbach"," München -> Salzburg",1,"STATIONARY_TRAFFIC","8.399999618530273",2025-05-21,"Beginn: 21.05.25 um 04:41 Uhr  Angespannte Verkehrslage, seit 21.05.2025, 04:41 A8: München -> Salzburg, zwischen 1.9 km hinter AS Bad Reichenhall und 0.6 km vor Schwarzbach  Im Stillstand Reisezeitverlust: 1 Minuten Durchschnittsgeschwindigkeit: 8 km/h",47.7677773747431,12.9301515796917
"A8","undefined--vi-avl.2025-05-21_04-41-30-000.f_002.de0","47.76777737474314,12.930151579691735,47.76777737474314,12.930151579691735","47.76777737474314,12.930151579691735","WARNING","A8 | Schwarzbach - Schwarzbach"," München -> Salzburg",NA,"STATIONARY_TRAFFIC","8",2025-05-21,"Beginn: 21.05.25 um 04:41 Uhr  Angespannte Verkehrslage, seit 21.05.2025, 04:41 A8: München -> Salzburg, 0.8 km vor Schwarzbach, aus Richtung Bad Reichenhall  Im Stillstand Durchschnittsgeschwindigkeit: 8 km/h",47.7677773747431,12.9301515796917
"A9","undefined--vi-avl.2025-05-21_04-50-30-000.f_003.de0","49.576628064247366,11.341622462097103,49.59854049546095,11.362598317793568","49.576628064247366,11.341622462097103","WARNING","A9 | Schnaittach - Hormersdorf"," Nürnberg -> Halle/Leipzig",1,"SLOW_TRAFFIC","64.30000305175781",2025-05-21,"Beginn: 21.05.25 um 04:50 Uhr  Angespannte Verkehrslage, seit 21.05.2025, 04:50 A9: Nürnberg -> Halle/Leipzig, zwischen 1.4 km hinter AS Schnaittach und 4.4 km vor AS Hormersdorf  Langsamer Verkehr Reisezeitverlust: 1 Minuten Durchschnittsgeschwindigkeit: 64 km/h",49.5766280642474,11.3416224620971
"A9","undefined--vi-avl.2025-05-21_04-56-30-000.f_001.de0","50.53079282904414,11.80414066293976,50.54177872960863,11.80331445091756","50.53079282904414,11.80414066293976","WARNING","A9 | Bad Lobenstein - Schleiz"," Nürnberg -> Halle/Leipzig",0,"SLOW_TRAFFIC","64.30000305175781",2025-05-21,"Beginn: 21.05.25 um 04:56 Uhr  Angespannte Verkehrslage, seit 21.05.2025, 04:56 A9: Nürnberg -> Halle/Leipzig, zwischen 10.3 km hinter AS Bad Lobenstein und 1.1 km vor AS Schleiz  Langsamer Verkehr Reisezeitverlust: 0 Minuten Durchschnittsgeschwindigkeit: 64 km/h",50.5307928290441,11.8041406629398
"A9","undefined--vi-unf.2025-05-21_04-48-30-000.f_001.de0","50.54652340093867,11.797772800014705,50.445725800939165,11.802109600014967","50.54652340093867,11.797772800014705","WARNING","A9 | Schleiz - Bad Lobenstein"," Halle/Leipzig -> Nürnberg",NA,NA,NA,2025-05-21,"Beginn: 21.05.25 um 04:48 Uhr  Unfall, seit 21.05.2025, 04:48 A9: Halle/Leipzig -> Nürnberg, zwischen 0.4 km hinter AS Schleiz und 0.2 km vor AS Bad Lobenstein",50.5465234009387,11.7977728000147
"A9","undefined--vi-avl.2025-05-21_03-59-30-000.f.de0","50.923639395925534,11.83967843813363,50.93997703975021,11.835181273395047","50.923639395925534,11.83967843813363","WARNING","A9 | Bad Klosterlausnitz - Kuhberg"," Nürnberg -> Halle/Leipzig",0,"SLOW_TRAFFIC","74.4000015258789",2025-05-21,"Beginn: 21.05.25 um 03:59 Uhr  Angespannte Verkehrslage, seit 21.05.2025, 03:59 A9: Nürnberg -> Halle/Leipzig, zwischen 1.4 km hinter AS Bad Klosterlausnitz und 3.2 km vor Kuhberg  Langsamer Verkehr Reisezeitverlust: 0 Minuten Durchschnittsgeschwindigkeit: 74 km/h",50.9236393959255,11.8396784381336
"A9","undefined--vi-avl.2025-05-21_04-50-30-000.f_004.de0","52.27761891698878,12.911927412924848,52.27761891698878,12.911927412924848","52.27761891698878,12.911927412924848","WARNING","A9 | Beelitz-Heilstätten - Beelitz-Heilstätten"," Berlin -> Halle/Leipzig",NA,"STATIONARY_TRAFFIC","11",2025-05-21,"Beginn: 21.05.25 um 04:57 Uhr  Angespannte Verkehrslage, seit 21.05.2025, 04:57 A9: Berlin -> Halle/Leipzig, 1.0 km vor AS Beelitz-Heilstätten, aus Richtung Potsdam  Im Stillstand Durchschnittsgeschwindigkeit: 11 km/h",52.2776189169888,12.9119274129248
"A9","undefined--vi-avl.2025-05-21_04-57-30-000.f_006.de0","52.282090447870644,12.913435859850843,52.282090447870644,12.913435859850843","52.282090447870644,12.913435859850843","WARNING","A9 | Beelitz-Heilstätten - Beelitz-Heilstätten"," Berlin -> Halle/Leipzig",NA,"STATIONARY_TRAFFIC","14",2025-05-21,"Beginn: 21.05.25 um 04:57 Uhr  Angespannte Verkehrslage, seit 21.05.2025, 04:57 A9: Berlin -> Halle/Leipzig, 1.5 km vor AS Beelitz-Heilstätten, aus Richtung Potsdam  Im Stillstand Durchschnittsgeschwindigkeit: 14 km/h",52.2820904478706,12.9134358598508
"A9","undefined--vi-zus.2025-05-21_04-36-30-000.f_002.de0","52.27761891698878,12.911927412924848,52.270904800929685,12.909623200061853","52.27761891698878,12.911927412924848","WARNING","A9 | Potsdam - Beelitz-Heilstätten"," Berlin -> Halle/Leipzig",1,"STATIONARY_TRAFFIC","23.5",2025-05-21,"Beginn: 21.05.25 um 04:36 Uhr  Zusammengesetzte Verkehrsinformation, seit 21.05.2025, 04:36 A9: Berlin -> Halle/Leipzig, zwischen 1.4 km hinter AD Potsdam und 0.2 km vor AS Beelitz-Heilstätten  Im Stillstand Reisezeitverlust: 1 Minuten Durchschnittsgeschwindigkeit: 23 km/h",52.2776189169888,12.9119274129248
"A9","undefined--vi-zus.2025-05-21_04-57-30-000.f.de0","52.282090447870644,12.913435859850843,52.282090447870644,12.913435859850843","52.282090447870644,12.913435859850843","WARNING","A9 | Potsdam - Beelitz-Heilstätten"," Berlin -> Halle/Leipzig",0,"STATIONARY_TRAFFIC","14.399999618530273",2025-05-21,"Beginn: 21.05.25 um 04:57 Uhr  Zusammengesetzte Verkehrsinformation, seit 21.05.2025, 04:57 A9: Berlin -> Halle/Leipzig, zwischen 0.9 km hinter AD Potsdam und 1.3 km vor AS Beelitz-Heilstätten  Im Stillstand Reisezeitverlust: 0 Minuten Durchschnittsgeschwindigkeit: 14 km/h",52.2820904478706,12.9134358598508
"A10","undefined--vi-zus.2025-05-20_23-57-00-000.f_010.de0","52.434312507196715,12.930226575500877,52.47446316538048,12.953529511683772","52.434312507196715,12.930226575500877","WARNING","A10 | Phöben - Berlin-Spandau"," Dreieck Werder -> Dreieck Havelland",NA,NA,NA,2025-05-20,"Beginn: 20.05.25 um 23:57 Uhr  Zusammengesetzte Verkehrsinformation, seit 20.05.2025, 23:57 A10: Dreieck Werder -> Dreieck Havelland, zwischen 3.4 km hinter AS Phöben und 9.4 km vor AS Berlin-Spandau  Gefahr durch eine ungesicherte Unfallstelle  A10 Westlicher Berliner Ring, Dreieck Werder Richtung Dreieck Havelland zwischen Leest und Potsdam-Nord Gefahr durch ungesicherte Unfallstelle, fahren Sie bitte besonders vorsichtig, Polizei und Rettungswagen sind unterwegs",52.4343125071967,12.9302265755009
"A10","undefined--vi-hind.2025-05-21_04-14-30-000.f_002.de0","52.5737128305894,12.972464802235956,52.557737300927855,12.965472100063387","52.5737128305894,12.972464802235956","WARNING","A10 | Falkensee - Berlin-Spandau"," Dreieck Havelland -> Dreieck Werder",NA,NA,NA,2025-05-21,"Beginn: 21.05.25 um 04:14 Uhr  Fahrzeug-Hindernis, seit 21.05.2025, 04:14 A10: Dreieck Havelland -> Dreieck Werder, zwischen 5.1 km hinter AS Falkensee und 0.2 km vor AS Berlin-Spandau Gefahr durch ein defektes Fahrzeug auf der Fahrbahn",52.5737128305894,12.972464802236
"A12","undefined--vi-hind.2025-05-21_02-04-00-000.f_006.de0","52.32226143227936,14.347763477739276,52.327433536010055,14.275092529350356","52.32226143227936,14.347763477739276","WARNING","A12 | Müllrose - Briesen"," Frankfurt(Oder) -> Berliner Ring",NA,NA,NA,2025-05-21,"Beginn: 21.05.25 um 02:04 Uhr  Fahrzeug-Hindernis, seit 21.05.2025, 02:04 A12: Frankfurt(Oder) -> Berliner Ring, zwischen 0.3 km hinter AS Müllrose und 0.3 km vor AS Briesen Gefahr durch ein defektes Fahrzeug auf der Fahrbahn",52.3222614322794,14.3477634777393
"A12","undefined--vi-avl.2025-05-21_04-30-00-000.f_002.de0","52.314956503849324,14.571151091422255,52.31448070047937,14.547348150449816","52.314956503849324,14.571151091422255","WARNING","A12 | Frankfurt(Oder) - Frankfurt(Oder)-Mitte"," Frankfurt(Oder) -> Berliner Ring",3,"SLOW_TRAFFIC","14.800000190734863",2025-05-21,"Beginn: 21.05.25 um 04:30 Uhr  Angespannte Verkehrslage, seit 21.05.2025, 04:30 A12: Frankfurt(Oder) -> Berliner Ring, zwischen 0.5 km hinter Frankfurt(Oder) und 2.0 km vor AS Frankfurt(Oder)-Mitte  Langsamer Verkehr Reisezeitverlust: 3 Minuten Durchschnittsgeschwindigkeit: 14 km/h",52.3149565038493,14.5711510914223
"A12","WarnungA10Lkw3","47.61802931631098,12.202336027754352,47.61802931631098,12.202336027754352","47.61802931631098,12.202336027754352","WARNING","E45/E60 | LKW Blockabfertigung | A12-Inntal Autobahn","Richtung Italien",NA,NA,NA,2025-01-11,"Zeitraum: Beginn: 07.01.2025 Ende: 09.12.2025  Hinweis für LKW-Reisende nach Österreich: LKW-Blockabfertigungen an ausgewählten Tagen für Lkw am Grenzübergang Kufstein/Kiefersfelden. Maximaler Durchlass von 300 LKWs pro Stunde  Die genauen Ausführungszeiten und weitere Informationen auf tirol.gv.at/verkehr/verkehrs-und-seilbahnrecht/lkw-dosierung.",47.618029316311,12.2023360277544
"A12","WarnungA10Lkw2","47.6164490154047,12.202382557672273,47.6164490154047,12.202382557672273","47.6164490154047,12.202382557672273","WARNING","E43/E45/E60 | A13-Brenner Autobahn","Richtung Italien",NA,NA,NA,2025-01-11,"Zeitraum: Beginn: 11.01.2025 Ende: 27.09.2025  Hinweis für LKW-Reisende nach Österreich: LKW-Fahrverbot auf der A12-Inntal Autobahn, A13-Brenner Autobahn und A14-Rheintal/Walgau Autobahn, wenn das Ziel der Fahrt der Anschlussstelle Nößlach bis Anschlussstelle Brenner Nord der Richtungsfahrbahn Staatsgrenze der A 13 Brenner Autobahn erreicht werden soll. An ausgewählten Samstagen 7-15 Uhr sowie weiteren Tagen im Zeitraum 11.01. - 27.09.2025 Weitere Informationen auf http://asfinag.at/a13",47.6164490154047,12.2023825576723
"A17","undefined--vi-avl.2025-05-21_04-55-30-000.f_001.de0","51.006915840933836,13.734895403743288,51.006915840933836,13.734895403743288","51.006915840933836,13.734895403743288","WARNING","A17 | Dresden-Südvorstadt - Dresden-Südvorstadt"," Prag -> Dresden",NA,"QUEUING_TRAFFIC","13",2025-05-21,"Beginn: 21.05.25 um 04:57 Uhr  Angespannte Verkehrslage, seit 21.05.2025, 04:57 A17: Prag -> Dresden, 0.4 km vor AS Dresden-Südvorstadt, aus Richtung Am Nöthnitzgrund  Stockender Verkehr Durchschnittsgeschwindigkeit: 13 km/h",51.0069158409338,13.7348954037433
"A17","undefined--vi-avl.2025-05-21_04-54-30-000.f_001.de0","51.006915840933836,13.734895403743288,51.008285700940974,13.728316900196363","51.006915840933836,13.734895403743288","WARNING","A17 | Am Nöthnitzgrund - Coschütz"," Prag -> Dresden",0,"QUEUING_TRAFFIC","31",2025-05-21,"Beginn: 21.05.25 um 04:54 Uhr  Angespannte Verkehrslage, seit 21.05.2025, 04:54 A17: Prag -> Dresden, zwischen 0.9 km hinter Am Nöthnitzgrund und 3.3 km vor Coschütz  Stockender Verkehr Reisezeitverlust: 0 Minuten Durchschnittsgeschwindigkeit: 31 km/h",51.0069158409338,13.7348954037433
"A17","undefined--vi-avl.2025-05-21_04-57-30-000.f_005.de0","50.89269300360747,13.886806171770466,50.881285159621854,13.874655550771411","50.89269300360747,13.886806171770466","WARNING","A17 | Bahretal - Bad Gottleuba"," Dresden -> Prag",0,"SLOW_TRAFFIC","64.69999694824219",2025-05-21,"Beginn: 21.05.25 um 04:57 Uhr  Angespannte Verkehrslage, seit 21.05.2025, 04:57 A17: Dresden -> Prag, zwischen 0.7 km hinter AS Bahretal und 5.8 km vor AS Bad Gottleuba  Langsamer Verkehr Reisezeitverlust: 0 Minuten Durchschnittsgeschwindigkeit: 64 km/h",50.8926930036075,13.8868061717705
"A17","undefined--vi-avl.2025-05-21_04-57-30-000.f.de0","50.82474145245574,13.887699430936225,50.82027562071495,13.887217335816004","50.82474145245574,13.887699430936225","WARNING","A17 | Bad Gottleuba - Breitenau-Schönwald"," Dresden -> Prag",0,"STATIONARY_TRAFFIC","25.600000381469727",2025-05-21,"Beginn: 21.05.25 um 04:57 Uhr  Angespannte Verkehrslage, seit 21.05.2025, 04:57 A17: Dresden -> Prag, zwischen 0.7 km hinter AS Bad Gottleuba und 4.6 km vor Breitenau-Schönwald  Im Stillstand Reisezeitverlust: 0 Minuten Durchschnittsgeschwindigkeit: 25 km/h",50.8247414524557,13.8876994309362
"A17","undefined--vi-avl.2025-05-21_04-57-30-000.f_002.de0","50.82462477854689,13.887705447538256,50.82462477854689,13.887705447538256","50.82462477854689,13.887705447538256","WARNING","A17 | Am Heidenholz - Am Heidenholz"," Dresden -> Prag",NA,"STATIONARY_TRAFFIC","24",2025-05-21,"Beginn: 21.05.25 um 04:57 Uhr  Angespannte Verkehrslage, seit 21.05.2025, 04:57 A17: Dresden -> Prag, 0.3 km vor Am Heidenholz, aus Richtung Bad Gottleuba  Im Stillstand Durchschnittsgeschwindigkeit: 24 km/h",50.8246247785469,13.8877054475383
"A17","undefined--vi-zus.2025-05-21_04-42-30-000.f.de0","50.82026170094333,13.887384300240237,50.825784654914514,13.887788152709305","50.82026170094333,13.887384300240237","WARNING","A17 | Breitenau-Schönwald - Bad Gottleuba"," Prag -> Dresden",0,"QUEUING_TRAFFIC","35.099998474121094",2025-05-21,"Beginn: 21.05.25 um 04:42 Uhr  Zusammengesetzte Verkehrsinformation, seit 21.05.2025, 04:42 A17: Prag -> Dresden, zwischen 4.5 km hinter Breitenau-Schönwald und 0.6 km vor AS Bad Gottleuba  Stockender Verkehr Reisezeitverlust: 0 Minuten Durchschnittsgeschwindigkeit: 35 km/h",50.8202617009433,13.8873843002402
"A20","undefined--vi-hind.2025-05-21_04-31-00-000.f_001.de0","53.355814893747905,13.974238951762764,53.46233520092688,13.965522900154632","53.355814893747905,13.974238951762764","WARNING","A20 | Prenzlau-Süd - Pasewalk-Süd"," Stettin -> Rostock",NA,NA,NA,2025-05-21,"Beginn: 21.05.25 um 04:31 Uhr  Hindernis, seit 21.05.2025, 04:31 A20: Stettin -> Rostock, zwischen 5.7 km hinter AS Prenzlau-Süd und 0.2 km vor AS Pasewalk-Süd  Gefahr durch eine ungesicherte Unfallstelle",53.3558148937479,13.9742389517628
"A23","undefined--vi-avl.2025-05-21_04-30-30-000.f_003.de0","53.78620399693825,9.701941696750785,53.78620399693825,9.701941696750785","53.78620399693825,9.701941696750785","WARNING","A23 | Elmshorn - Elmshorn"," Heide -> Hamburg",NA,"STATIONARY_TRAFFIC","4",2025-05-21,"Beginn: 21.05.25 um 04:57 Uhr  Angespannte Verkehrslage, seit 21.05.2025, 04:57 A23: Heide -> Hamburg, 4.8 km vor AS Elmshorn, aus Richtung Horst/Elmshorn  Im Stillstand Durchschnittsgeschwindigkeit: 4 km/h",53.7862039969382,9.70194169675078
"A23","undefined--vi-zus.2025-05-21_04-18-30-000.f.de0","53.78620399693825,9.701941696750785,53.76934542558524,9.70721862848772","53.78620399693825,9.701941696750785","WARNING","A23 | Horst/Elmshorn - Elmshorn"," Heide -> Hamburg",31,"STATIONARY_TRAFFIC","3.5999999046325684",2025-05-21,"Beginn: 21.05.25 um 04:18 Uhr  Zusammengesetzte Verkehrsinformation, seit 21.05.2025, 04:18 A23: Heide -> Hamburg, zwischen 2.9 km hinter AS Horst/Elmshorn und 2.8 km vor AS Elmshorn  Im Stillstand Reisezeitverlust: 31 Minuten Durchschnittsgeschwindigkeit: 3 km/h  Gefahr durch Gegenstände auf der Fahrbahn",53.7862039969382,9.70194169675078
"A23","undefined--vi-hind.2025-05-21_04-02-00-000.f_005.de0","53.807456700916966,9.6747240000003,53.74579870091748,9.711796500000315","53.807456700916966,9.6747240000003","WARNING","A23 | Steinburg - Elmshorn"," Heide -> Hamburg",NA,NA,NA,2025-05-21,"Beginn: 21.05.25 um 04:02 Uhr  Hindernis, seit 21.05.2025, 04:02 A23: Heide -> Hamburg, zwischen 3.7 km hinter Steinburg und 0.2 km vor AS Elmshorn  Gefahr durch Gegenstände auf der Fahrbahn",53.807456700917,9.6747240000003
"A33","undefined--vi-avl.2025-05-21_04-57-30-000.f_004.de0","52.17821940747015,8.151071025392115,52.17821940747015,8.151071025392115","52.17821940747015,8.151071025392115","WARNING","A33 | Teutoburger Wald - Teutoburger Wald"," Osnabrück -> Bielefeld",NA,"QUEUING_TRAFFIC","29",2025-05-21,"Beginn: 21.05.25 um 04:57 Uhr  Angespannte Verkehrslage, seit 21.05.2025, 04:57 A33: Osnabrück -> Bielefeld, 1.0 km vor Teutoburger Wald, aus Richtung Borgloh/Kloster Oesede  Stockender Verkehr Durchschnittsgeschwindigkeit: 29 km/h",52.1782194074702,8.15107102539212
"A33","undefined--vi-avl.2025-05-21_04-57-30-000.f_001.de0","52.17809924652531,8.151131909322944,52.16208444003341,8.160111029610919","52.17809924652531,8.151131909322944","WARNING","A33 | Borgloh/Kloster Oesede - Hilter am Teutoburger Wald"," Osnabrück -> Bielefeld",2,"QUEUING_TRAFFIC","35.79999923706055",2025-05-21,"Beginn: 21.05.25 um 04:57 Uhr  Angespannte Verkehrslage, seit 21.05.2025, 04:57 A33: Osnabrück -> Bielefeld, zwischen 2.6 km hinter AS Borgloh/Kloster Oesede und 2.2 km vor AS Hilter am Teutoburger Wald  Stockender Verkehr Reisezeitverlust: 2 Minuten Durchschnittsgeschwindigkeit: 35 km/h",52.1780992465253,8.15113190932294
"A37","undefined--vi-zus.2025-05-20_10-04-05-000.f_002.de0","52.442156462690335,9.933442989087833,52.436581812162494,9.913211841333315","52.442156462690335,9.933442989087833","WARNING","A37 | Beinhorn - Hannover-Kirchhorst"," Celle -> Hannover",NA,NA,NA,2025-05-20,"Beginn: 20.05.25 um 10:04 Uhr  Zusammengesetzte Verkehrsinformation, seit 20.05.2025, 10:04 B3: Celle -> Hannover, zwischen 0.4 km hinter AS Beinhorn und 2.1 km vor AK Hannover-Kirchhorst  A37 Messe - Burgdorf
zwischen Kreuz Hannover-Buchholz und Beinhorn
in beiden Richtungen geänderte Verkehrsführung im Baustellenbereich, Bauarbeiten, bis 30.10.2026 ca. 18:00 Uhr",52.4421564626903,9.93344298908783
"A37","undefined--vi-zus.2025-05-20_10-04-05-000.f_003.de0","52.42566547847685,9.880479425875153,52.44102213295518,9.93161290421946","52.42566547847685,9.880479425875153","WARNING","Baustelle"," km 22.62 --> km 26.54",NA,NA,NA,2025-05-20,"Beginn: 20.05.25 um 10:04 Uhr  Zusammengesetzte Verkehrsinformation, seit 20.05.2025, 10:04 A37: km 22.62 --> km 26.54  A37 Messe - Burgdorf
zwischen Kreuz Hannover-Buchholz und Beinhorn
in beiden Richtungen geänderte Verkehrsführung im Baustellenbereich, Bauarbeiten, bis 30.10.2026 ca. 18:00 Uhr",52.4256654784769,9.88047942587515
"A42","undefined--vi-unf.2025-05-21_01-44-00-000.f_004.de0","51.496937430162454,6.893009653046714,51.502284934075746,6.9303125383825055","51.496937430162454,6.893009653046714","WARNING","A42 | Oberhausen Neue Mitte - Bottrop-Süd"," Kamp-Lintfort -> Dortmund",NA,NA,NA,2025-05-21,"Beginn: 21.05.25 um 01:44 Uhr  Unfall, seit 21.05.2025, 01:44 A42: Kamp-Lintfort -> Dortmund, zwischen 0.2 km hinter AS Oberhausen Neue Mitte und 0.4 km vor AS Bottrop-Süd",51.4969374301625,6.89300965304671
"A44","undefined--vi-hind.2025-05-21_04-13-00-000.f_001.de0","51.579577958932404,8.724782434692587,51.54121970093317,8.835613099999955","51.579577958932404,8.724782434692587","WARNING","A44 | Wünnenberg-Haaren - Lichtenau (Westf.)"," Dortmund -> Kassel",NA,NA,NA,2025-05-21,"Beginn: 21.05.25 um 04:13 Uhr  Fahrzeug-Hindernis, seit 21.05.2025, 04:13 A44: Dortmund -> Kassel, zwischen 0.5 km hinter AK Wünnenberg-Haaren und 0.3 km vor AS Lichtenau (Westf.) Gefahr durch ein defektes Fahrzeug auf der Fahrbahn",51.5795779589324,8.72478243469259
"A45","undefined--vi-avl.2025-05-21_04-54-00-000.f_004.de0","50.55304331748907,8.564698813440481,50.562701495069554,8.554209947228888","50.55304331748907,8.564698813440481","WARNING","A45 | Gießen-Lützellinden - Wetzlar-Ost"," Aschaffenburg -> Hagen",0,"SLOW_TRAFFIC","76.4000015258789",2025-05-21,"Beginn: 21.05.25 um 04:54 Uhr  Angespannte Verkehrslage, seit 21.05.2025, 04:54 A45: Aschaffenburg -> Hagen, zwischen 3.8 km hinter AS Gießen-Lützellinden und 1.1 km vor AS Wetzlar-Ost  Langsamer Verkehr Reisezeitverlust: 0 Minuten Durchschnittsgeschwindigkeit: 76 km/h",50.5530433174891,8.56469881344048
"A46","undefined--vi-avl.2025-05-21_04-56-30-000.f.de0","51.38739381045205,8.115483523795792,51.38266946114108,8.130413361291724","51.38739381045205,8.115483523795792","WARNING","A46 | Uentrop - Freienohl"," Arnsberg-Neheim -> Brilon",0,"SLOW_TRAFFIC","63.20000076293945",2025-05-21,"Beginn: 21.05.25 um 04:56 Uhr  Angespannte Verkehrslage, seit 21.05.2025, 04:56 A46: Arnsberg-Neheim -> Brilon, zwischen 2.5 km hinter Uentrop und 1.4 km vor AS Freienohl  Langsamer Verkehr Reisezeitverlust: 0 Minuten Durchschnittsgeschwindigkeit: 63 km/h",51.3873938104521,8.11548352379579
"A57","undefined--vi-avl.2025-05-21_04-53-00-000.f.de0","51.65040200948808,6.214741062170494,51.65401898649982,6.1908510640344305","51.65040200948808,6.214741062170494","WARNING","A57 | Uedem - Goch"," Krefeld -> Nimwegen",0,"SLOW_TRAFFIC","69.9000015258789",2025-05-21,"Beginn: 21.05.25 um 04:53 Uhr  Angespannte Verkehrslage, seit 21.05.2025, 04:53 A57: Krefeld -> Nimwegen, zwischen 5.6 km hinter AS Uedem und 0.7 km vor AS Goch  Langsamer Verkehr Reisezeitverlust: 0 Minuten Durchschnittsgeschwindigkeit: 69 km/h",51.6504020094881,6.21474106217049
"A60","undefined--vi-zus.2025-04-08_08-51-21-000.f_013.de0","49.98125533976677,8.345695317688524,49.97565770865279,8.441396718063045","49.98125533976677,8.345695317688524","WARNING","A60 | Mainspitz-Dreieck - Rüsselsheimer Dreieck"," Mainz -> Rüsselsheim",NA,NA,NA,2025-04-08,"Beginn: 08.04.25 um 08:51 Uhr  Zusammengesetzte Verkehrsinformation, seit 08.04.2025, 08:51 A60: Mainz -> Rüsselsheim, zwischen 0.5 km hinter AD Mainspitz-Dreieck und 2.2 km vor AD Rüsselsheimer Dreieck  Sperrung der A60 bei Königstädten – Grundhafte Fahrbahnerneuerung zwischen dem Rüsselsheimer Dreieck und dem Mainspitz Dreieck. Die Niederlassung West der Autobahn GmbH erneuert zwischen dem Rüsselsheimer Dreieck (30) und dem Mainspitz Dreieck (26) die Fahrbahn. Von Donnerstagmorgen (24. April) bis Mitte Juli wird die Anschlussstelle (AS) Königstädten (29) in Fahrtrichtung (FR) Mainz sowie in FR Rüsselsheimer Dreieck gesperrt. Umleitungsmöglichkeiten sind ausgeschildert: • Ausfahrt FR Mainz: Umleitung via AS Rüsselsheim-Mitte • Einfahrt FR Mainz: innerstädtische Umleitung zur AS Rüsselsheim-Mitte (Adam-Opel-Straße / Kurt-Schumacher-Ring), von Nauheim kommend via L3482 zur AS Bischofsheim • Einfahrt FR Darmstadt: innerstädtische Umleitung zur AS Rüsselsheim-Mitte (Adam-Opel-Straße / Kurt-Schumacher-Ring) Die Autobahn GmbH bittet alle Verkehrsteilnehmer um Verständnis für die unvermeidlichen Verkehrsbehinderungen, die durch die Arbeiten entstehen.",49.9812553397668,8.34569531768852
"A60","undefined--vi-zus.2025-05-03_10-55-00-000.f_003.de0","49.977457399447445,8.454646346787307,49.981587265039146,8.34517285786785","49.977457399447445,8.454646346787307","WARNING","A60 | Rüsselsheimer Dreieck - Mainspitz-Dreieck"," Rüsselsheim -> Mainz",NA,NA,NA,2025-05-03,"Beginn: 03.05.25 um 10:55 Uhr  Zusammengesetzte Verkehrsinformation, seit 03.05.2025, 10:55 A60: Rüsselsheim -> Mainz, zwischen 0.6 km hinter AD Rüsselsheimer Dreieck und 0.5 km vor AD Mainspitz-Dreieck  Sperrung der A60 bei Königstädten – Grundhafte Fahrbahnerneuerung zwischen dem Rüsselsheimer Dreieck und dem Mainspitz Dreieck. Die Niederlassung West der Autobahn GmbH erneuert zwischen dem Rüsselsheimer Dreieck (30) und dem Mainspitz Dreieck (26) die Fahrbahn. Von Donnerstagmorgen (24. April) bis Mitte Juli wird die Anschlussstelle (AS) Königstädten (29) in Fahrtrichtung (FR) Mainz sowie in FR Rüsselsheimer Dreieck gesperrt. Umleitungsmöglichkeiten sind ausgeschildert: • Ausfahrt FR Mainz: Umleitung via AS Rüsselsheim-Mitte • Einfahrt FR Mainz: innerstädtische Umleitung zur AS Rüsselsheim-Mitte (Adam-Opel-Straße / Kurt-Schumacher-Ring), von Nauheim kommend via L3482 zur AS Bischofsheim • Einfahrt FR Darmstadt: innerstädtische Umleitung zur AS Rüsselsheim-Mitte (Adam-Opel-Straße / Kurt-Schumacher-Ring) Die Autobahn GmbH bittet alle Verkehrsteilnehmer um Verständnis für die unvermeidlichen Verkehrsbehinderungen, die durch die Arbeiten entstehen.",49.9774573994474,8.45464634678731
"A62","undefined--vi-avl.2025-05-21_04-53-30-000.f_002.de0","49.58926513713277,7.06180910344981,49.59584224897658,7.0361602596749595","49.58926513713277,7.06180910344981","WARNING","A62 | Nohfelden-Türkismühle - Nonnweiler-Otzenhausen"," Landstuhl -> Nonnweiler",1,"SLOW_TRAFFIC","64.30000305175781",2025-05-21,"Beginn: 21.05.25 um 04:53 Uhr  Angespannte Verkehrslage, seit 21.05.2025, 04:53 A62: Landstuhl -> Nonnweiler, zwischen 2.0 km hinter AS Nohfelden-Türkismühle und 3.9 km vor AS Nonnweiler-Otzenhausen  Langsamer Verkehr Reisezeitverlust: 1 Minuten Durchschnittsgeschwindigkeit: 64 km/h",49.5892651371328,7.06180910344981
"A62","undefined--vi-avl.2025-05-21_04-57-00-000.f.de0","49.39371232896239,7.560321968680297,49.39392131452643,7.579240811520734","49.39371232896239,7.560321968680297","WARNING","A62 | Landstuhl-Atzel - Bann"," Landstuhl -> Pirmasens",0,"SLOW_TRAFFIC","53.099998474121094",2025-05-21,"Beginn: 21.05.25 um 04:57 Uhr  Angespannte Verkehrslage, seit 21.05.2025, 04:57 A62: Landstuhl -> Pirmasens, zwischen 0.6 km hinter AS Landstuhl-Atzel und 1.6 km vor AS Bann  Langsamer Verkehr Reisezeitverlust: 0 Minuten Durchschnittsgeschwindigkeit: 53 km/h",49.3937123289624,7.5603219686803
"A96","undefined--vi-zus.2025-05-21_04-48-30-000.f.de0","47.93556602601164,10.097409829162624,47.91991034750471,10.07605468064664","47.93556602601164,10.097409829162624","WARNING","A96 | Buxheimer Wald - Aichstetten"," München -> Lindau",1,"SLOW_TRAFFIC","58",2025-05-21,"Beginn: 21.05.25 um 04:48 Uhr  Zusammengesetzte Verkehrsinformation, seit 21.05.2025, 04:48 A96: München -> Lindau, zwischen 4.1 km hinter Buxheimer Wald und 5.0 km vor AS Aichstetten  Langsamer Verkehr Reisezeitverlust: 1 Minuten Durchschnittsgeschwindigkeit: 58 km/h",47.9355660260116,10.0974098291626
"A96","undefined--vi-zus.2025-05-05_23-21-00-000.f_001.de0","48.0253857914182,10.47548627447376,48.032507613258616,10.445182045778411","48.0253857914182,10.47548627447376","WARNING","A96 | Mindelheim - Stetten"," München -> Lindau",NA,NA,NA,2025-05-05,"Beginn: 05.05.25 um 23:21 Uhr  Zusammengesetzte Verkehrsinformation, seit 05.05.2025, 23:21 A96: München -> Lindau, zwischen 2.7 km hinter AS Mindelheim und 0.3 km vor AS Stetten  A96, Lindau - München, in beiden Richtungen, zwischen Anschlussstelle Stetten und Anschlussstelle Mindelheim, Brückenarbeiten, von 05.05.2025 bis 30.10.2025",48.0253857914182,10.4754862744738
"A96","undefined--vi-avl.2025-05-21_04-40-00-000.f.de0","48.02985867015348,10.667976179117185,48.02680776850765,10.683411200384159","48.02985867015348,10.667976179117185","WARNING","A96 | Wertachtal - Buchloe-West"," Lindau -> München",0,"SLOW_TRAFFIC","69.69999694824219",2025-05-21,"Beginn: 21.05.25 um 04:40 Uhr  Angespannte Verkehrslage, seit 21.05.2025, 04:40 A96: Lindau -> München, zwischen 1.0 km hinter Wertachtal und 2.0 km vor AS Buchloe-West  Langsamer Verkehr Reisezeitverlust: 0 Minuten Durchschnittsgeschwindigkeit: 69 km/h",48.0298586701535,10.6679761791172
"A113","undefined--vi-zus.2025-05-06_00-21-00-000.f_003.de0","52.43025717661688,13.505075428607936,52.42875800093087,13.509218300121121","52.43025717661688,13.505075428607936","WARNING","A113 | Stubenrauchstraße - Adlershof"," Neukölln -> Schönefeld",NA,NA,NA,2025-05-06,"Beginn: 06.05.25 um 00:21 Uhr  Zusammengesetzte Verkehrsinformation, seit 06.05.2025, 00:21 A113: Neukölln -> Schönefeld, zwischen 0.6 km hinter AS Stubenrauchstraße und 0.3 km vor AS Adlershof  A113 Autobahnzubringer Dresden, Neukölln Richtung Schönefeld
zwischen Stubenrauchstraße und Tunnel Rudower Höhe
linker Fahrstreifen gesperrt, Bauarbeiten, bis voraussichtlich 20.06.2025",52.4302571766169,13.5050754286079
"A115","undefined--vi-zus.2024-10-09_07-09-40-000.f_531.de0","52.40027056808641,13.185163736426698,52.44227384698058,13.202709435405149","52.40027056808641,13.185163736426698","WARNING","A115 | Am Stern - Hüttenweg"," Dreieck Nuthetal -> Dreieck Funkturm",NA,NA,NA,2024-10-09,"Beginn: 09.10.24 um 07:09 Uhr  Zusammengesetzte Verkehrsinformation, seit 09.10.2024, 07:09 A115: Dreieck Nuthetal -> Dreieck Funkturm, zwischen 2.9 km hinter Am Stern und 3.8 km vor AS Hüttenweg  A115 Autobahnzubringer Magdeburg, Dreieck Nuthetal Richtung Dreieck Funkturm, zwischen Anschlussstelle Kleinmachnow und Anschlussstelle Spanische Allee, Baustelle, bis 31.10.2026 17:00 Uhr",52.4002705680864,13.1851637364267
