"road","identifier","extent","point","display_type","title","subtitle","delay_minutes","abnormalTrafficType","averageSpeed","startTimestamp","description","latitude","longitude"
"A1","undefined--vi-avl.2025-05-24_08-41-30-000.f.de0","50.83938831720293,6.798255071730285,50.85269977087939,6.804601196334652","50.83938831720293,6.798255071730285","WARNING","A1 | Erfttal - Ville"," Euskirchen -> Köln",1,"QUEUING_TRAFFIC","37.20000076293945",2025-05-24,"Beginn: 24.05.25 um 08:41 Uhr  Angespannte Verkehrslage, seit 24.05.2025, 08:41 A1: Euskirchen -> Köln, zwischen 2.8 km hinter AD Erfttal und 0.6 km vor Ville  Stockender Verkehr Reisezeitverlust: 1 Minuten Durchschnittsgeschwindigkeit: 37 km/h",50.8393883172029,6.79825507173028
"A1","undefined--vi-avl.2025-05-24_08-48-30-000.f_001.de0","50.83934844027841,6.798222308453458,50.83934844027841,6.798222308453458","50.83934844027841,6.798222308453458","WARNING","A1 | Hürth - Hürth"," Euskirchen -> Köln",NA,"QUEUING_TRAFFIC","22",2025-05-24,"Beginn: 24.05.25 um 08:48 Uhr  Angespannte Verkehrslage, seit 24.05.2025, 08:48 A1: Euskirchen -> Köln, 1.1 km vor AS Hürth, aus Richtung Erfttal  Stockender Verkehr Durchschnittsgeschwindigkeit: 22 km/h",50.8393484402784,6.79822230845346
"A1","undefined--vi-avl.2025-05-24_08-48-30-000.f_002.de0","51.467395478609625,7.594093523896665,51.468329516279084,7.59593763659784","51.467395478609625,7.594093523896665","WARNING","A1 | Schwerte - Lichtendorf"," Köln -> Dortmund",0,"STATIONARY_TRAFFIC","12.899999618530273",2025-05-24,"Beginn: 24.05.25 um 08:48 Uhr  Angespannte Verkehrslage, seit 24.05.2025, 08:48 A1: Köln -> Dortmund, zwischen 2.7 km hinter AS Schwerte und Lichtendorf  Im Stillstand Reisezeitverlust: 0 Minuten Durchschnittsgeschwindigkeit: 12 km/h",51.4673954786096,7.59409352389666
"A1","undefined--vi-avl.2025-05-24_08-48-30-000.f_003.de0","51.467395478609625,7.594093523896665,51.467395478609625,7.594093523896665","51.467395478609625,7.594093523896665","WARNING","A1 | Lichtendorf - Lichtendorf"," Köln -> Dortmund",NA,"STATIONARY_TRAFFIC","13",2025-05-24,"Beginn: 24.05.25 um 08:48 Uhr  Angespannte Verkehrslage, seit 24.05.2025, 08:48 A1: Köln -> Dortmund, 0.2 km vor Lichtendorf, aus Richtung Schwerte  Im Stillstand Durchschnittsgeschwindigkeit: 13 km/h",51.4673954786096,7.59409352389666
"A1","undefined--vi-avl.2025-05-24_07-20-00-000.f.de0","52.90777833176971,8.361186322587912,52.91625496288977,8.45761391955138","52.90777833176971,8.361186322587912","WARNING","A1 | Wildeshausen-West - Delmetal-Süd"," Osnabrück -> Bremen",22,"STATIONARY_TRAFFIC","15.800000190734863",2025-05-24,"Beginn: 24.05.25 um 07:20 Uhr  Angespannte Verkehrslage, seit 24.05.2025, 07:20 A1: Osnabrück -> Bremen, zwischen 2.0 km hinter AS Wildeshausen-West und 6.4 km vor Delmetal-Süd  Im Stillstand Reisezeitverlust: 22 Minuten Durchschnittsgeschwindigkeit: 15 km/h",52.9077783317697,8.36118632258791
"A1","undefined--vi-avl.2025-05-24_07-46-30-000.f_001.de0","52.90777833176971,8.361186322587912,52.90777833176971,8.361186322587912","52.90777833176971,8.361186322587912","WARNING","A1 | Wildeshausen - Wildeshausen"," Osnabrück -> Bremen",NA,"STATIONARY_TRAFFIC","16",2025-05-24,"Beginn: 24.05.25 um 08:48 Uhr  Angespannte Verkehrslage, seit 24.05.2025, 08:48 A1: Osnabrück -> Bremen, 4.4 km vor Wildeshausen, aus Richtung Wildeshausen-West  Im Stillstand Durchschnittsgeschwindigkeit: 16 km/h",52.9077783317697,8.36118632258791
"A1","undefined--vi-hind.2025-05-24_08-39-30-000.f_005.de0","53.39634738753939,10.025144074387695,53.462539200919764,10.025841700000495","53.39634738753939,10.025144074387695","WARNING","A1 | Maschener Kreuz - Hamburg-Harburg"," Bremen -> Hamburg",NA,NA,NA,2025-05-24,"Beginn: 24.05.25 um 08:39 Uhr  Fahrzeug-Hindernis, seit 24.05.2025, 08:39 A1: Bremen -> Hamburg, zwischen 0.6 km hinter AK Maschener Kreuz und 0.4 km vor AS Hamburg-Harburg",53.3963473875394,10.0251440743877
"A1","undefined--vi-hind.2025-05-24_08-39-30-000.f_006.de0","53.46256463217894,10.02557064758154,53.384105723912604,10.0187940616552","53.46256463217894,10.02557064758154","WARNING","A1 | Hamburg-Harburg - Horster Dreieck"," Hamburg -> Bremen",NA,NA,NA,2025-05-24,"Beginn: 24.05.25 um 08:39 Uhr  Fahrzeug-Hindernis, seit 24.05.2025, 08:39 A1: Hamburg -> Bremen, zwischen 0.4 km hinter AS Hamburg-Harburg und 0.4 km vor AD Horster Dreieck",53.4625646321789,10.0255706475815
"A1","undefined--vi-avl.2025-05-24_08-47-30-000.f_002.de0","53.54273613612458,10.146399951328467,53.54273613612458,10.146399951328467","53.54273613612458,10.146399951328467","WARNING","A1 | Hamburg-Billstedt - Hamburg-Billstedt"," Lübeck -> Hamburg",NA,"QUEUING_TRAFFIC","23",2025-05-24,"Beginn: 24.05.25 um 08:47 Uhr  Angespannte Verkehrslage, seit 24.05.2025, 08:47 A1: Lübeck -> Hamburg, 2.0 km vor AS Hamburg-Billstedt, aus Richtung Hamburg-Öjendorf  Stockender Verkehr Durchschnittsgeschwindigkeit: 23 km/h",53.5427361361246,10.1463999513285
"A1","undefined--vi-avl.2025-05-24_08-38-00-000.f_002.de0","53.54273613612458,10.146399951328467,53.52893760761835,10.134845725542926","53.54273613612458,10.146399951328467","WARNING","A1 | Hamburg-Öjendorf - Hamburg-Billstedt"," Lübeck -> Hamburg",2,"QUEUING_TRAFFIC","31",2025-05-24,"Beginn: 24.05.25 um 08:38 Uhr  Angespannte Verkehrslage, seit 24.05.2025, 08:38 A1: Lübeck -> Hamburg, zwischen 0.1 km hinter AS Hamburg-Öjendorf und 0.2 km vor AS Hamburg-Billstedt  Stockender Verkehr Reisezeitverlust: 2 Minuten Durchschnittsgeschwindigkeit: 31 km/h",53.5427361361246,10.1463999513285
"A2","undefined--vi-unf.2025-05-24_06-46-00-000.f_001.de0","52.39352215365013,9.932739113816629,52.3959965180027,9.910954279912495","52.39352215365013,9.932739113816629","WARNING","A2 | Lehrte - Hannover-Ost"," Braunschweig -> Hannover",NA,NA,NA,2025-05-24,"Beginn: 24.05.25 um 06:46 Uhr  Unfall, seit 24.05.2025, 06:46 A2: Braunschweig -> Hannover, zwischen 2.7 km hinter AS Lehrte und 0.8 km vor AK Hannover-Ost",52.3935221536501,9.93273911381663
"A2","undefined--vi-avl.2025-05-24_08-45-30-000.f_002.de0","52.38915029395272,9.984759931239656,52.38915029395272,9.984759931239656","52.38915029395272,9.984759931239656","WARNING","A2 | Lehrte - Lehrte"," Braunschweig -> Hannover",NA,"STATIONARY_TRAFFIC","25",2025-05-24,"Beginn: 24.05.25 um 08:47 Uhr  Angespannte Verkehrslage, seit 24.05.2025, 08:47 A2: Braunschweig -> Hannover, 0.9 km vor AS Lehrte, aus Richtung Lehrter See Süd  Im Stillstand Durchschnittsgeschwindigkeit: 25 km/h",52.3891502939527,9.98475993123966
"A2","undefined--vi-zus.2025-05-24_06-56-30-000.f_001.de0","52.389491638310126,9.978921569178121,52.3947490780449,9.922764399319451","52.389491638310126,9.978921569178121","WARNING","A2 | Lehrter See Süd - Hannover-Ost"," Braunschweig -> Hannover",7,"STATIONARY_TRAFFIC","23.5",2025-05-24,"Beginn: 24.05.25 um 06:56 Uhr  Zusammengesetzte Verkehrsinformation, seit 24.05.2025, 06:56 A2: Braunschweig -> Hannover, zwischen 1.2 km hinter Lehrter See Süd und 1.6 km vor AK Hannover-Ost  Im Stillstand Reisezeitverlust: 7 Minuten Durchschnittsgeschwindigkeit: 23 km/h",52.3894916383101,9.97892156917812
"A2","undefined--vi-avl.2025-05-24_08-13-30-000.f.de0","52.24015460346756,11.014813480565715,52.22408800092885,11.044908900003087","52.24015460346756,11.014813480565715","WARNING","A2 | Helmstedt-Zentrum - Waldkater"," Braunschweig -> Magdeburg",5,"STATIONARY_TRAFFIC","24.899999618530273",2025-05-24,"Beginn: 24.05.25 um 08:13 Uhr  Angespannte Verkehrslage, seit 24.05.2025, 08:13 A2: Braunschweig -> Magdeburg, zwischen 0.3 km hinter AS Helmstedt-Zentrum und Waldkater  Im Stillstand Reisezeitverlust: 5 Minuten Durchschnittsgeschwindigkeit: 24 km/h",52.2401546034676,11.0148134805657
"A2","undefined--vi-avl.2025-05-24_08-16-30-000.f_001.de0","52.24014860178621,11.014824380147875,52.24014860178621,11.014824380147875","52.24014860178621,11.014824380147875","WARNING","A2 | Helmstedt Süd - Helmstedt Süd"," Braunschweig -> Magdeburg",NA,"STATIONARY_TRAFFIC","20",2025-05-24,"Beginn: 24.05.25 um 08:48 Uhr  Angespannte Verkehrslage, seit 24.05.2025, 08:48 A2: Braunschweig -> Magdeburg, 1.0 km vor Helmstedt Süd, aus Richtung Helmstedt-Zentrum  Im Stillstand Durchschnittsgeschwindigkeit: 20 km/h",52.2401486017862,11.0148243801479
"A2","undefined--vi-zus.2025-05-24_08-38-33-000.f.de0","52.27457601897226,12.412459001877664,52.27733104603453,12.432448578287435","52.27457601897226,12.412459001877664","WARNING","A2 | Buckautal-Süd - Wollin"," Magdeburg -> Berliner Ring",1,"QUEUING_TRAFFIC","33.400001525878906",2025-05-24,"Beginn: 24.05.25 um 08:38 Uhr  Zusammengesetzte Verkehrsinformation, seit 24.05.2025, 08:38 A2: Magdeburg -> Berliner Ring, zwischen 7.6 km hinter Buckautal-Süd und 2.6 km vor AS Wollin  Stockender Verkehr Reisezeitverlust: 1 Minuten Durchschnittsgeschwindigkeit: 33 km/h",52.2745760189723,12.4124590018777
"A2","undefined--vi-avl.2025-05-24_08-45-30-000.f.de0","52.27457601897226,12.412459001877664,52.27457601897226,12.412459001877664","52.27457601897226,12.412459001877664","WARNING","A2 | Wollin - Wollin"," Magdeburg -> Berliner Ring",NA,"QUEUING_TRAFFIC","19",2025-05-24,"Beginn: 24.05.25 um 08:48 Uhr  Angespannte Verkehrslage, seit 24.05.2025, 08:48 A2: Magdeburg -> Berliner Ring, 4.0 km vor AS Wollin, aus Richtung Buckautal-Süd  Stockender Verkehr Durchschnittsgeschwindigkeit: 19 km/h",52.2745760189723,12.4124590018777
"A3","undefined--vi-avl.2025-05-24_08-31-00-000.f.de0","51.47061275574509,6.816342162375683,51.46266991163501,6.813343295607924","51.47061275574509,6.816342162375683","WARNING","A3 | Oberhausen-Lirich - Kaiserberg"," Oberhausen -> Köln",0,"SLOW_TRAFFIC","39.70000076293945",2025-05-24,"Beginn: 24.05.25 um 08:31 Uhr  Angespannte Verkehrslage, seit 24.05.2025, 08:31 A3: Oberhausen -> Köln, zwischen 0.6 km hinter AS Oberhausen-Lirich und 2.3 km vor AK Kaiserberg  Langsamer Verkehr Reisezeitverlust: 0 Minuten Durchschnittsgeschwindigkeit: 39 km/h",51.4706127557451,6.81634216237568
"A3","undefined--vi-avl.2025-05-24_08-47-30-000.f.de0","51.89839901701434,6.165717280673193,51.89839901701434,6.165717280673193","51.89839901701434,6.165717280673193","WARNING","A3 | Knauheide - Knauheide"," Arnheim -> Oberhausen",NA,"QUEUING_TRAFFIC","18",2025-05-24,"Beginn: 24.05.25 um 08:47 Uhr  Angespannte Verkehrslage, seit 24.05.2025, 08:47 A3: Arnheim -> Oberhausen, 0.1 km vor Knauheide, aus Richtung Elten  Stockender Verkehr Durchschnittsgeschwindigkeit: 18 km/h",51.8983990170143,6.16571728067319
"A3","undefined--vi-avl.2025-05-24_08-46-30-000.f.de0","51.89839901701434,6.165717280673193,51.89532710093108,6.168877099986451","51.89839901701434,6.165717280673193","WARNING","A3 | Elten - Elten"," Arnheim -> Oberhausen",0,"QUEUING_TRAFFIC","38.79999923706055",2025-05-24,"Beginn: 24.05.25 um 08:46 Uhr  Angespannte Verkehrslage, seit 24.05.2025, 08:46 A3: Arnheim -> Oberhausen, zwischen 0.4 km hinter Elten und 1.4 km vor AS Elten  Stockender Verkehr Reisezeitverlust: 0 Minuten Durchschnittsgeschwindigkeit: 38 km/h",51.8983990170143,6.16571728067319
"A4","undefined--vi-hind.2025-05-24_08-27-30-000.f_002.de0","50.83294047349988,6.321311600767044,50.83530730093716,6.384751899989677","50.83294047349988,6.321311600767044","WARNING","A4 | Eschweiler-Ost - Rur-Scholle"," Heerlen/Aachen -> Köln",NA,NA,NA,2025-05-24,"Beginn: 24.05.25 um 08:27 Uhr  Hindernis, seit 24.05.2025, 08:27 A4: Heerlen/Aachen -> Köln, zwischen 2.0 km hinter AS Eschweiler-Ost und 2.7 km vor Rur-Scholle  Gefahr durch Gegenstände auf der Fahrbahn",50.8329404734999,6.32131160076704
"A4","undefined--vi-hind.2025-05-24_08-26-00-000.f_001.de0","50.929076723246425,6.778369377419293,50.92842090093664,6.768745599995114","50.929076723246425,6.778369377419293","WARNING","A4 | Frechen-Nord - Kerpen"," Köln -> Heerlen/Aachen",NA,NA,NA,2025-05-24,"Beginn: 24.05.25 um 08:26 Uhr  Hindernis, seit 24.05.2025, 08:26 A4: Köln -> Heerlen/Aachen, zwischen 2.9 km hinter AS Frechen-Nord und 6.6 km vor AK Kerpen  Gefahr durch Gegenstände auf der Fahrbahn",50.9290767232464,6.77836937741929
"A5","undefined--vi-avl.2025-05-24_08-48-30-000.f.de0","47.82634852709389,7.561143151549355,47.82634852709389,7.561143151549355","47.82634852709389,7.561143151549355","WARNING","A5 | Müllheim/Neuenburg - Müllheim/Neuenburg"," Karlsruhe -> Basel",NA,"QUEUING_TRAFFIC","28",2025-05-24,"Beginn: 24.05.25 um 08:48 Uhr  Angespannte Verkehrslage, seit 24.05.2025, 08:48 A5: Karlsruhe -> Basel, 1.5 km vor AS Müllheim/Neuenburg, aus Richtung Neuenburg  Stockender Verkehr Durchschnittsgeschwindigkeit: 28 km/h",47.8263485270939,7.56114315154935
"A5","undefined--vi-avl.2025-05-24_08-34-00-000.f.de0","47.82634852709389,7.561143151549355,47.816003100948194,7.554288299999114","47.82634852709389,7.561143151549355","WARNING","A5 | Neuenburg - Müllheim/Neuenburg"," Karlsruhe -> Basel",1,"QUEUING_TRAFFIC","40.599998474121094",2025-05-24,"Beginn: 24.05.25 um 08:34 Uhr  Angespannte Verkehrslage, seit 24.05.2025, 08:34 A5: Karlsruhe -> Basel, zwischen 0.4 km hinter Neuenburg und 0.3 km vor AS Müllheim/Neuenburg  Stockender Verkehr Reisezeitverlust: 1 Minuten Durchschnittsgeschwindigkeit: 40 km/h",47.8263485270939,7.56114315154935
"A5","undefined--vi-zus.2025-05-24_05-14-00-000.f.de0","50.77749198931713,9.397541257961235,50.789023348616745,9.442990174700048","50.77749198931713,9.397541257961235","WARNING","A5 | Berfa - Frohnkreuz"," Frankfurt -> Kassel",3,"SLOW_TRAFFIC","44.599998474121094",2025-05-24,"Beginn: 24.05.25 um 05:14 Uhr  Zusammengesetzte Verkehrsinformation, seit 24.05.2025, 05:14 A5: Frankfurt -> Kassel, zwischen 3.3 km hinter Berfa und 0.2 km vor Frohnkreuz  Langsamer Verkehr Reisezeitverlust: 3 Minuten Durchschnittsgeschwindigkeit: 44 km/h",50.7774919893171,9.39754125796123
"A5","undefined--vi-avl.2025-05-24_08-05-30-000.f_001.de0","47.58640141415663,7.60227990814548,47.58640141415663,7.60227990814548","47.58640141415663,7.60227990814548","WARNING","Baustelle","",NA,"STATIONARY_TRAFFIC","4",2025-05-24,"Beginn: 24.05.25 um 08:48 Uhr  Angespannte Verkehrslage, seit 24.05.2025, 08:48 A5 N  Im Stillstand Durchschnittsgeschwindigkeit: 4 km/h",47.5864014141566,7.60227990814548
"A5","undefined--vi-avl.2025-05-24_08-45-30-000.f_001.de0","47.59906988855174,7.602683468251729,47.59640356018629,7.603538880267607","47.59906988855174,7.602683468251729","WARNING","Baustelle"," km 812.60 --> km 812.90",0,"SLOW_TRAFFIC","15",2025-05-24,"Beginn: 24.05.25 um 08:47 Uhr  Angespannte Verkehrslage, seit 24.05.2025, 08:47 A5: km 812.60 --> km 812.90  Langsamer Verkehr Reisezeitverlust: 0 Minuten Durchschnittsgeschwindigkeit: 15 km/h",47.5990698885517,7.60268346825173
"A5","undefined--vi-avl.2025-05-24_08-00-30-000.f.de0","47.58641916291436,7.602284277438857,47.59984832815628,7.602661177175459","47.58641916291436,7.602284277438857","WARNING","Baustelle"," km 814.03 --> km 812.51",8,"STATIONARY_TRAFFIC","8.899999618530273",2025-05-24,"Beginn: 24.05.25 um 08:00 Uhr  Angespannte Verkehrslage, seit 24.05.2025, 08:00 A5: km 814.03 --> km 812.51  Im Stillstand Reisezeitverlust: 8 Minuten Durchschnittsgeschwindigkeit: 8 km/h",47.5864191629144,7.60228427743886
"A6","undefined--vi-avl.2025-05-24_07-56-00-000.f_004.de0","49.18381798381925,10.05598819242571,49.19596546979175,10.12177193234277","49.18381798381925,10.05598819242571","WARNING","A6 | Reußenberg - Ochsenberg"," Heilbronn -> Nürnberg",22,"STATIONARY_TRAFFIC","12.300000190734863",2025-05-24,"Beginn: 24.05.25 um 07:56 Uhr  Angespannte Verkehrslage, seit 24.05.2025, 07:56 A6: Heilbronn -> Nürnberg, zwischen 4.7 km hinter Reußenberg und 1.9 km vor Ochsenberg  Im Stillstand Reisezeitverlust: 22 Minuten Durchschnittsgeschwindigkeit: 12 km/h",49.1838179838193,10.0559881924257
"A6","undefined--vi-avl.2025-05-24_08-33-31-000.f_003.de0","49.18381737435823,10.056194009949811,49.18381737435823,10.056194009949811","49.18381737435823,10.056194009949811","WARNING","A6 | Crailsheim - Crailsheim"," Heilbronn -> Nürnberg",NA,"STATIONARY_TRAFFIC","12",2025-05-24,"Beginn: 24.05.25 um 08:47 Uhr  Angespannte Verkehrslage, seit 24.05.2025, 08:47 A6: Heilbronn -> Nürnberg, 1.2 km vor AS Crailsheim, aus Richtung Reußenberg  Im Stillstand Durchschnittsgeschwindigkeit: 12 km/h",49.1838173743582,10.0561940099498
"A6","undefined--vi-zus.2025-05-24_07-56-00-000.f_004.de0","49.21109938832607,10.16698932814332,49.20483089568078,10.219433994225579","49.21109938832607,10.16698932814332","WARNING","A6 | Schleehardt - Feuchtwangen/Crailsheim"," Heilbronn -> Nürnberg",13,"STATIONARY_TRAFFIC","14.699999809265137",2025-05-24,"Beginn: 24.05.25 um 07:56 Uhr  Zusammengesetzte Verkehrsinformation, seit 24.05.2025, 07:56 A6: Heilbronn -> Nürnberg, zwischen 1.4 km hinter Schleehardt und 1.1 km vor AK Feuchtwangen/Crailsheim  Im Stillstand Reisezeitverlust: 13 Minuten Durchschnittsgeschwindigkeit: 14 km/h",49.2110993883261,10.1669893281433
"A6","undefined--vi-avl.2025-05-24_08-05-30-000.f.de0","49.21110183863807,10.167112831063305,49.21110183863807,10.167112831063305","49.21110183863807,10.167112831063305","WARNING","A6 | Schnelldorf - Schnelldorf"," Heilbronn -> Nürnberg",NA,"STATIONARY_TRAFFIC","16",2025-05-24,"Beginn: 24.05.25 um 08:48 Uhr  Angespannte Verkehrslage, seit 24.05.2025, 08:48 A6: Heilbronn -> Nürnberg, 0.3 km vor AS Schnelldorf, aus Richtung Schleehardt  Im Stillstand Durchschnittsgeschwindigkeit: 16 km/h",49.2111018386381,10.1671128310633
"A6","undefined--vi-zus.2025-05-24_06-59-00-000.f_011.de0","49.2057120287495,10.21200757269438,49.20308727576955,10.22662187894574","49.2057120287495,10.21200757269438","WARNING","A6 | Rothensteig - Feuchtwangen/Crailsheim"," Heilbronn -> Nürnberg",NA,NA,NA,2025-05-24,"Beginn: 24.05.25 um 06:59 Uhr  Zusammengesetzte Verkehrsinformation, seit 24.05.2025, 06:59 A6: Heilbronn -> Nürnberg, zwischen 0.9 km hinter Rothensteig und 0.5 km vor AK Feuchtwangen/Crailsheim  Gefahr durch eine ungesicherte Unfallstelle  A6 Heilbronn Richtung Nürnberg zwischen Schnelldorf und Kreuz Feuchtwangen/Crailsheim Gefahr durch brennendes Fahrzeug, Standstreifen blockiert",49.2057120287495,10.2120075726944
"A6","undefined--vi-hind.2025-05-24_08-24-00-000.f_002.de0","49.4284794099474,11.65599457901195,49.40878370881148,11.541604588633872","49.4284794099474,11.65599457901195","WARNING","A6 | Oberpfälzer Alb - Zankschlag"," Pilsen -> Nürnberg",NA,NA,NA,2025-05-24,"Beginn: 24.05.25 um 08:24 Uhr  Hindernis, seit 24.05.2025, 08:24 A6: Pilsen -> Nürnberg, zwischen 2.4 km hinter Oberpfälzer Alb und 4.2 km vor Zankschlag  Gefahr durch Gegenstände auf der Fahrbahn",49.4284794099474,11.6559945790119
"A6","undefined--vi-zus.2025-05-24_08-37-30-000.f.de0","49.43657324678033,12.033571303500862,49.43938340094356,12.047314300025166","49.43657324678033,12.033571303500862","WARNING","A6 | Amberg-Ost - Schmidgaden"," Nürnberg -> Pilsen",30,"STATIONARY_TRAFFIC","2",2025-05-24,"Beginn: 24.05.25 um 08:37 Uhr  Zusammengesetzte Verkehrsinformation, seit 24.05.2025, 08:37 A6: Nürnberg -> Pilsen, zwischen 5.8 km hinter AS Amberg-Ost und 0.2 km vor AS Schmidgaden  Im Stillstand Reisezeitverlust: 30 Minuten Durchschnittsgeschwindigkeit: 2 km/h",49.4365732467803,12.0335713035009
"A6","undefined--vi-zus.2025-05-24_05-02-30-000.f_008.de0","49.43982737656852,12.050512056186378,49.466063227369744,12.135260159020234","49.43982737656852,12.050512056186378","WARNING","A6 | Amberg-Ost - Nabburg-West"," Nürnberg -> Pilsen",NA,NA,NA,2025-05-24,"Beginn: 24.05.25 um 05:02 Uhr  Zusammengesetzte Verkehrsinformation, seit 24.05.2025, 05:02 A6: Nürnberg -> Pilsen, zwischen 7.0 km hinter AS Amberg-Ost und 0.3 km vor AS Nabburg-West  A6 Nürnberg Richtung Pilsen zwischen Schmidgaden und Nabburg-West schwerer Unfall, Richtungsfahrbahn gesperrt, Rettungsfahrzeuge im Einsatz, empfohlene Umleitung: U53",49.4398273765685,12.0505120561864
"A6","undefined--vi-hind.2025-05-24_05-24-30-000.f_003.de0","49.43938340094356,12.047314300025166,49.467522571728495,12.135376919891064","49.43938340094356,12.047314300025166","WARNING","A6 | Amberg-Ost - Nabburg-West"," Nürnberg -> Pilsen",NA,NA,NA,2025-05-24,"Beginn: 24.05.25 um 05:24 Uhr  Fahrzeug-Hindernis, seit 24.05.2025, 05:24 A6: Nürnberg -> Pilsen, zwischen 6.8 km hinter AS Amberg-Ost und 0.1 km vor AS Nabburg-West",49.4393834009436,12.0473143000252
"A6","undefined--vi-avl.2025-05-24_08-37-30-000.f_001.de0","49.43657324678033,12.033571303500862,49.43657324678033,12.033571303500862","49.43657324678033,12.033571303500862","WARNING","A6 | Schmidgaden - Schmidgaden"," Nürnberg -> Pilsen",NA,"STATIONARY_TRAFFIC","3",2025-05-24,"Beginn: 24.05.25 um 08:47 Uhr  Angespannte Verkehrslage, seit 24.05.2025, 08:47 A6: Nürnberg -> Pilsen, 1.3 km vor AS Schmidgaden, aus Richtung Amberg-Ost  Im Stillstand Durchschnittsgeschwindigkeit: 3 km/h",49.4365732467803,12.0335713035009
"A7","undefined--vi-zus.2025-05-24_06-33-30-000.f.de0","47.56792498930945,10.659122272565991,47.57538933115995,10.661761037364318","47.56792498930945,10.659122272565991","WARNING","A7 | Grenztunnel Füssen - Reinertshofertunnel"," Füssen/Reutte -> Ulm",1,"QUEUING_TRAFFIC","18.5",2025-05-24,"Beginn: 24.05.25 um 06:33 Uhr  Zusammengesetzte Verkehrsinformation, seit 24.05.2025, 06:33 A7: Füssen/Reutte -> Ulm, zwischen 1.0 km hinter Grenztunnel Füssen und 2.9 km vor Reinertshofertunnel  Stockender Verkehr Reisezeitverlust: 1 Minuten Durchschnittsgeschwindigkeit: 18 km/h",47.5679249893094,10.659122272566
"A7","undefined--vi-avl.2025-05-24_07-15-30-000.f_003.de0","47.56793376548111,10.659125194069903,47.56793376548111,10.659125194069903","47.56793376548111,10.659125194069903","WARNING","A7 | Füssen - Füssen"," Füssen/Reutte -> Ulm",NA,"SLOW_TRAFFIC","17",2025-05-24,"Beginn: 24.05.25 um 08:47 Uhr  Angespannte Verkehrslage, seit 24.05.2025, 08:47 A7: Füssen/Reutte -> Ulm, 0.7 km vor AS Füssen, aus Richtung Grenztunnel Füssen  Langsamer Verkehr Durchschnittsgeschwindigkeit: 17 km/h",47.5679337654811,10.6591251940699
"A7","undefined--vi-avl.2025-05-24_06-52-30-000.f.de0","47.629506050197506,10.601875554865249,47.62854032886443,10.586606678743902","47.629506050197506,10.601875554865249","WARNING","A7 | Reinertshofertunnel - Nesselwang"," Füssen/Reutte -> Ulm",0,"SLOW_TRAFFIC","69.9000015258789",2025-05-24,"Beginn: 24.05.25 um 07:53 Uhr  Angespannte Verkehrslage, seit 24.05.2025, 07:53 A7: Füssen/Reutte -> Ulm, zwischen 7.2 km hinter Reinertshofertunnel und 4.8 km vor AS Nesselwang  Langsamer Verkehr Reisezeitverlust: 0 Minuten Durchschnittsgeschwindigkeit: 69 km/h",47.6295060501975,10.6018755548652
"A7","undefined--vi-zus.2025-05-24_08-42-30-000.f.de0","48.86690566806008,10.178851484822697,48.88871614388308,10.166961250606203","48.86690566806008,10.178851484822697","WARNING","A7 | Aalen/Oberkochen - Ellwangen"," Ulm -> Würzburg",1,"SLOW_TRAFFIC","63",2025-05-24,"Beginn: 24.05.25 um 08:42 Uhr  Zusammengesetzte Verkehrsinformation, seit 24.05.2025, 08:42 A7: Ulm -> Würzburg, zwischen 8.0 km hinter AS Aalen/Oberkochen und 8.0 km vor AS Ellwangen  Langsamer Verkehr Reisezeitverlust: 1 Minuten Durchschnittsgeschwindigkeit: 63 km/h",48.8669056680601,10.1788514848227
"A7","undefined--vi-hind.2025-05-24_08-37-00-000.f_002.de0","53.34158414663933,10.039090742462585,53.36828790092052,10.031817500000496","53.34158414663933,10.039090742462585","WARNING","A7 | Hasselhöhe - Horster Dreieck"," Hannover -> Hamburg",NA,NA,NA,2025-05-24,"Beginn: 24.05.25 um 08:37 Uhr  Fahrzeug-Hindernis, seit 24.05.2025, 08:37 A7: Hannover -> Hamburg, zwischen 1.1 km hinter Hasselhöhe und 1.6 km vor AD Horster Dreieck",53.3415841466393,10.0390907424626
"A7","undefined--vi-hind.2025-05-24_08-37-00-000.f_003.de0","53.37010348201729,10.027888646060147,53.34165142326024,10.03878788575984","53.37010348201729,10.027888646060147","WARNING","A7 | Horster Dreieck - Hasselhöhe"," Hamburg -> Hannover",NA,NA,NA,2025-05-24,"Beginn: 24.05.25 um 08:37 Uhr  Fahrzeug-Hindernis, seit 24.05.2025, 08:37 A7: Hamburg -> Hannover, zwischen 1.3 km hinter AD Horster Dreieck und 1.1 km vor Hasselhöhe",53.3701034820173,10.0278886460601
"A7","undefined--vi-zus.2025-03-31_00-40-00-000.f_018.de0","53.579141433849884,9.913430072127355,53.55636870091902,9.897540700000414","53.579141433849884,9.913430072127355","WARNING","A7 | Hamburg-Volkspark - Elbtunnel (Nordportal)"," Flensburg -> Hamburg",NA,NA,NA,2025-03-31,"Beginn: 31.03.25 um 00:40 Uhr  Zusammengesetzte Verkehrsinformation, seit 31.03.2025, 00:40 A7: Flensburg -> Hamburg, zwischen 0.4 km hinter AS Hamburg-Volkspark und 0.9 km vor Elbtunnel (Nordportal)  A7 Flensburg Richtung Hamburg Ausfahrt Hamburg-Othmarschen Fahrbahnverengung, maximale Fahrbahnbreite von 4,50 m, Bauarbeiten, bis 29.09.2025",53.5791414338499,9.91343007212735
"A8","undefined--vi-zus.2025-05-14_09-26-56-000.f.de0","49.32628400979037,7.229641516813452,49.329166750017514,7.1882642393148934","49.32628400979037,7.229641516813452","WARNING","A8 | Neunkirchen-Wellesweiler - Neunkirchen/Spiesen"," Neunkirchen -> Saarlouis",NA,NA,NA,2025-05-14,"Beginn: 14.05.25 um 09:26 Uhr  Zusammengesetzte Verkehrsinformation, seit 14.05.2025, 09:26 A8: Neunkirchen -> Saarlouis, zwischen 0.4 km hinter AS Neunkirchen-Wellesweiler und 2.7 km vor AS Neunkirchen/Spiesen  A8 Saarlouis - Neunkirchen zwischen Neunkirchen-Spiesen und Neunkirchen-Oberstadt in beiden Richtungen Bauarbeiten, bis voraussichtlich 01.06.2025",49.3262840097904,7.22964151681345
"A8","undefined--vi-avl.2025-05-24_08-43-30-000.f_001.de0","48.56621886219707,9.644459081317223,48.54717320006901,9.641705564701104","48.56621886219707,9.644459081317223","WARNING","A8 | Mühlhausen - Hohenstadt"," Stuttgart -> München",1,"SLOW_TRAFFIC","58.099998474121094",2025-05-24,"Beginn: 24.05.25 um 08:43 Uhr  Angespannte Verkehrslage, seit 24.05.2025, 08:43 A8: Stuttgart -> München, zwischen 2.8 km hinter AS Mühlhausen und 0.2 km vor Hohenstadt  Langsamer Verkehr Reisezeitverlust: 1 Minuten Durchschnittsgeschwindigkeit: 58 km/h",48.5662188621971,9.64445908131722
"A8","undefined--vi-avl.2025-05-24_06-00-00-000.f.de0","47.80850786073356,12.109194379565139,47.803228601121056,12.165549693346792","47.80850786073356,12.109194379565139","WARNING","A8 | Inntal - Samerberg"," München -> Salzburg",14,"STATIONARY_TRAFFIC","15.100000381469727",2025-05-24,"Beginn: 24.05.25 um 06:00 Uhr  Angespannte Verkehrslage, seit 24.05.2025, 06:00 A8: München -> Salzburg, zwischen 0.9 km hinter AD Inntal und 0.9 km vor Samerberg  Im Stillstand Reisezeitverlust: 14 Minuten Durchschnittsgeschwindigkeit: 15 km/h",47.8085078607336,12.1091943795651
"A8","undefined--vi-avl.2025-05-24_06-42-30-000.f_001.de0","47.80850072053873,12.109273759392071,47.80850072053873,12.109273759392071","47.80850072053873,12.109273759392071","WARNING","A8 | Rosenheim - Rosenheim"," München -> Salzburg",NA,"STATIONARY_TRAFFIC","13",2025-05-24,"Beginn: 24.05.25 um 08:48 Uhr  Angespannte Verkehrslage, seit 24.05.2025, 08:48 A8: München -> Salzburg, 0.8 km vor AS Rosenheim, aus Richtung Inntal  Im Stillstand Durchschnittsgeschwindigkeit: 13 km/h",47.8085007205387,12.1092737593921
"A8","undefined--vi-avl.2025-05-24_07-47-30-000.f.de0","47.79948778698359,12.260563377534394,47.803421912283724,12.301463361010024","47.79948778698359,12.260563377534394","WARNING","A8 | Achenmühle - Bernau am Chiemsee"," München -> Salzburg",12,"STATIONARY_TRAFFIC","13.899999618530273",2025-05-24,"Beginn: 24.05.25 um 07:47 Uhr  Angespannte Verkehrslage, seit 24.05.2025, 07:47 A8: München -> Salzburg, zwischen 2.7 km hinter Achenmühle und 5.0 km vor AS Bernau am Chiemsee  Im Stillstand Reisezeitverlust: 12 Minuten Durchschnittsgeschwindigkeit: 13 km/h",47.7994877869836,12.2605633775344
"A8","undefined--vi-avl.2025-05-24_07-48-30-000.f_001.de0","47.79905190945527,12.258195076224084,47.79905190945527,12.258195076224084","47.79905190945527,12.258195076224084","WARNING","A8 | Frasdorf - Frasdorf"," München -> Salzburg",NA,"STATIONARY_TRAFFIC","14",2025-05-24,"Beginn: 24.05.25 um 08:48 Uhr  Angespannte Verkehrslage, seit 24.05.2025, 08:48 A8: München -> Salzburg, 1.7 km vor Frasdorf, aus Richtung Achenmühle  Im Stillstand Durchschnittsgeschwindigkeit: 14 km/h",47.7990519094553,12.2581950762241
"A8","undefined--vi-avl.2025-05-24_08-10-30-000.f_005.de0","47.76844251477557,12.94299572568019,47.76834710094898,12.93780160011453","47.76844251477557,12.94299572568019","WARNING","A8 | Bad Reichenhall - Bad Reichenhall"," Salzburg -> München",4,"STATIONARY_TRAFFIC","4.599999904632568",2025-05-24,"Beginn: 24.05.25 um 08:10 Uhr  Angespannte Verkehrslage, seit 24.05.2025, 08:10 A8: Salzburg -> München, zwischen Bad Reichenhall und 2.5 km vor AS Bad Reichenhall  Im Stillstand Reisezeitverlust: 4 Minuten Durchschnittsgeschwindigkeit: 4 km/h",47.7684425147756,12.9429957256802
"A10","undefined--vi-zus.2025-05-24_08-04-30-000.f_002.de0","52.3084615304046,12.879572016615725,52.292470905592005,12.911821012888089","52.3084615304046,12.879572016615725","WARNING","A10 | Glindow - Potsdam"," Dreieck Werder -> Schönefelder Kreuz",NA,NA,NA,2025-05-24,"Beginn: 24.05.25 um 08:04 Uhr  Zusammengesetzte Verkehrsinformation, seit 24.05.2025, 08:04 A10: Dreieck Werder -> Schönefelder Kreuz, zwischen 0.3 km hinter AS Glindow und 0.4 km vor AD Potsdam  Gefahr durch Personen auf der Fahrbahn  A10 Südlicher Berliner Ring, Dreieck Werder Richtung Dreieck Potsdam zwischen Glindow und Dreieck Potsdam Gefahr durch 1 liegengebliebenes Fahrzeug auf dem Standstreifen, Gefahr durch 2 Personen auf dem rechten Fahrstreifen und dem Standstreifen, fahren Sie bitte besonders vorsichtig",52.3084615304046,12.8795720166157
"A12","undefined--vi-avl.2025-05-24_08-35-00-000.f_001.de0","52.31462816196974,14.566852289726743,52.31474236365472,14.555532094102352","52.31462816196974,14.566852289726743","WARNING","A12 | Frankfurt(Oder) - Frankfurt(Oder)-Mitte"," Frankfurt(Oder) -> Berliner Ring",1,"SLOW_TRAFFIC","12.300000190734863",2025-05-24,"Beginn: 24.05.25 um 08:35 Uhr  Angespannte Verkehrslage, seit 24.05.2025, 08:35 A12: Frankfurt(Oder) -> Berliner Ring, zwischen 0.7 km hinter Frankfurt(Oder) und 2.5 km vor AS Frankfurt(Oder)-Mitte  Langsamer Verkehr Reisezeitverlust: 1 Minuten Durchschnittsgeschwindigkeit: 12 km/h",52.3146281619697,14.5668522897267
"A12","WarnungA10Lkw3","47.61802931631098,12.202336027754352,47.61802931631098,12.202336027754352","47.61802931631098,12.202336027754352","WARNING","E45/E60 | LKW Blockabfertigung | A12-Inntal Autobahn","Richtung Italien",NA,NA,NA,2025-01-11,"Zeitraum: Beginn: 07.01.2025 Ende: 09.12.2025  Hinweis für LKW-Reisende nach Österreich: LKW-Blockabfertigungen an ausgewählten Tagen für Lkw am Grenzübergang Kufstein/Kiefersfelden. Maximaler Durchlass von 300 LKWs pro Stunde  Die genauen Ausführungszeiten und weitere Informationen auf tirol.gv.at/verkehr/verkehrs-und-seilbahnrecht/lkw-dosierung.",47.618029316311,12.2023360277544
"A12","WarnungA10Lkw2","47.6164490154047,12.202382557672273,47.6164490154047,12.202382557672273","47.6164490154047,12.202382557672273","WARNING","E43/E45/E60 | A13-Brenner Autobahn","Richtung Italien",NA,NA,NA,2025-01-11,"Zeitraum: Beginn: 11.01.2025 Ende: 27.09.2025  Hinweis für LKW-Reisende nach Österreich: LKW-Fahrverbot auf der A12-Inntal Autobahn, A13-Brenner Autobahn und A14-Rheintal/Walgau Autobahn, wenn das Ziel der Fahrt der Anschlussstelle Nößlach bis Anschlussstelle Brenner Nord der Richtungsfahrbahn Staatsgrenze der A 13 Brenner Autobahn erreicht werden soll. An ausgewählten Samstagen 7-15 Uhr sowie weiteren Tagen im Zeitraum 11.01. - 27.09.2025 Weitere Informationen auf http://asfinag.at/a13",47.6164490154047,12.2023825576723
"A15","undefined--vi-avl.2025-05-24_08-16-00-000.f.de0","51.71161074915799,14.398329385725914,51.70718735469796,14.429873535504264","51.71161074915799,14.398329385725914","WARNING","A15 | Cottbus-Süd - Roggosen"," Cottbus -> Breslau",0,"SLOW_TRAFFIC","74.5",2025-05-24,"Beginn: 24.05.25 um 08:16 Uhr  Angespannte Verkehrslage, seit 24.05.2025, 08:16 A15: Cottbus -> Breslau, zwischen 3.5 km hinter AS Cottbus-Süd und 2.5 km vor AS Roggosen  Langsamer Verkehr Reisezeitverlust: 0 Minuten Durchschnittsgeschwindigkeit: 74 km/h",51.711610749158,14.3983293857259
"A17","undefined--vi-avl.2025-05-24_08-08-00-000.f.de0","51.04721276254649,13.60752439665675,51.038028200939976,13.612512800172082","51.04721276254649,13.60752439665675","WARNING","A17 | Dresden-West - Dresden-Gorbitz"," Dresden -> Prag",4,"STATIONARY_TRAFFIC","12.800000190734863",2025-05-24,"Beginn: 24.05.25 um 08:08 Uhr  Angespannte Verkehrslage, seit 24.05.2025, 08:08 A17: Dresden -> Prag, zwischen 1.8 km hinter AD Dresden-West und AS Dresden-Gorbitz  Im Stillstand Reisezeitverlust: 4 Minuten Durchschnittsgeschwindigkeit: 12 km/h",51.0472127625465,13.6075243966567
"A17","undefined--vi-avl.2025-05-24_08-08-30-000.f.de0","51.04721276254649,13.60752439665675,51.04721276254649,13.60752439665675","51.04721276254649,13.60752439665675","WARNING","A17 | Dresden-Gorbitz - Dresden-Gorbitz"," Dresden -> Prag",NA,"STATIONARY_TRAFFIC","12",2025-05-24,"Beginn: 24.05.25 um 08:48 Uhr  Angespannte Verkehrslage, seit 24.05.2025, 08:48 A17: Dresden -> Prag, 1.2 km vor AS Dresden-Gorbitz, aus Richtung Dresden-West  Im Stillstand Durchschnittsgeschwindigkeit: 12 km/h",51.0472127625465,13.6075243966567
"A17","undefined--vi-avl.2025-05-24_08-40-30-000.f_003.de0","50.82026170094333,13.887384300240237,50.82026170094333,13.887384300240237","50.82026170094333,13.887384300240237","WARNING","A17 | Am Heidenholz - Am Heidenholz"," Prag -> Dresden",NA,"QUEUING_TRAFFIC","24",2025-05-24,"Beginn: 24.05.25 um 08:47 Uhr  Angespannte Verkehrslage, seit 24.05.2025, 08:47 A17: Prag -> Dresden, 0.2 km vor Am Heidenholz, aus Richtung Breitenau-Schönwald  Stockender Verkehr Durchschnittsgeschwindigkeit: 24 km/h",50.8202617009433,13.8873843002402
"A17","undefined--vi-zus.2025-05-24_08-33-00-000.f.de0","50.82026170094333,13.887384300240237,50.82713299600389,13.887562977689061","50.82026170094333,13.887384300240237","WARNING","A17 | Breitenau-Schönwald - Bad Gottleuba"," Prag -> Dresden",0,"QUEUING_TRAFFIC","41.599998474121094",2025-05-24,"Beginn: 24.05.25 um 08:33 Uhr  Zusammengesetzte Verkehrsinformation, seit 24.05.2025, 08:33 A17: Prag -> Dresden, zwischen 4.5 km hinter Breitenau-Schönwald und 0.5 km vor AS Bad Gottleuba  Stockender Verkehr Reisezeitverlust: 0 Minuten Durchschnittsgeschwindigkeit: 41 km/h",50.8202617009433,13.8873843002402
"A31","undefined--vi-hind.2025-05-24_08-18-02-000.f.de0","51.85139928751272,7.0063605514851615,51.85269359448311,7.006389433947786","51.85139928751272,7.0063605514851615","WARNING","A31 | Reken - Borken"," Oberhausen -> Gronau",NA,NA,NA,2025-05-24,"Beginn: 24.05.25 um 08:18 Uhr  Fahrzeug-Hindernis, seit 24.05.2025, 08:18 A31: Oberhausen -> Gronau, zwischen 5.2 km hinter AS Reken und 0.1 km vor AS Borken Gefahr durch ein defektes Fahrzeug auf der Fahrbahn",51.8513992875127,7.00636055148516
"A33","undefined--vi-hind.2025-05-24_08-11-00-000.f_002.de0","51.85730920093123,8.666879999999892,51.91700629611303,8.618505727055863","51.85730920093123,8.666879999999892","WARNING","A33 | Stukenbrock-Senne - Schloß Holte-Stukenbrock"," Brilon -> Bielefeld",NA,NA,NA,2025-05-24,"Beginn: 24.05.25 um 08:11 Uhr  Hindernis, seit 24.05.2025, 08:11 A33: Brilon -> Bielefeld, zwischen AS Stukenbrock-Senne und 0.3 km vor AS Schloß Holte-Stukenbrock  Gefahr durch eine ungesicherte Unfallstelle",51.8573092009312,8.66687999999989
"A37","undefined--vi-zus.2025-05-20_10-04-05-000.f_002.de0","52.442156462690335,9.933442989087833,52.436581812162494,9.913211841333315","52.442156462690335,9.933442989087833","WARNING","A37 | Beinhorn - Hannover-Kirchhorst"," Celle -> Hannover",NA,NA,NA,2025-05-20,"Beginn: 20.05.25 um 10:04 Uhr  Zusammengesetzte Verkehrsinformation, seit 20.05.2025, 10:04 B3: Celle -> Hannover, zwischen 0.4 km hinter AS Beinhorn und 2.1 km vor AK Hannover-Kirchhorst  A37 Messe - Burgdorf
zwischen Kreuz Hannover-Buchholz und Beinhorn
in beiden Richtungen geänderte Verkehrsführung im Baustellenbereich, Bauarbeiten, bis 30.10.2026 ca. 18:00 Uhr",52.4421564626903,9.93344298908783
"A37","undefined--vi-zus.2025-05-20_10-04-05-000.f_003.de0","52.42566547847685,9.880479425875153,52.44102213295518,9.93161290421946","52.42566547847685,9.880479425875153","WARNING","Baustelle"," km 22.62 --> km 26.54",NA,NA,NA,2025-05-20,"Beginn: 20.05.25 um 10:04 Uhr  Zusammengesetzte Verkehrsinformation, seit 20.05.2025, 10:04 A37: km 22.62 --> km 26.54  A37 Messe - Burgdorf
zwischen Kreuz Hannover-Buchholz und Beinhorn
in beiden Richtungen geänderte Verkehrsführung im Baustellenbereich, Bauarbeiten, bis 30.10.2026 ca. 18:00 Uhr",52.4256654784769,9.88047942587515
"A44","undefined--vi-hind.2025-05-24_08-41-30-000.f_001.de0","51.597020600932815,8.584502999999868,51.596884199574646,8.588945979692458","51.597020600932815,8.584502999999868","WARNING","A44 | Steinhausen - Wewelsburg"," Dortmund -> Kassel",NA,NA,NA,2025-05-24,"Beginn: 24.05.25 um 08:41 Uhr  Hindernis, seit 24.05.2025, 08:41 A44: Dortmund -> Kassel, zwischen 3.8 km hinter Steinhausen und 4.1 km vor Wewelsburg  Gefahr durch Gegenstände auf der Fahrbahn",51.5970206009328,8.58450299999987
"A46","undefined--vi-avl.2025-05-24_07-27-00-000.f_001.de0","51.205770644666224,7.0172008053108375,51.212177019958176,7.052863208611059","51.205770644666224,7.0172008053108375","WARNING","A46 | Höfgen - Wuppertal-Cronenberg"," Düsseldorf -> Wuppertal",6,"STATIONARY_TRAFFIC","21.299999237060547",2025-05-24,"Beginn: 24.05.25 um 07:27 Uhr  Angespannte Verkehrslage, seit 24.05.2025, 07:27 A46: Düsseldorf -> Wuppertal, zwischen 0.1 km hinter Höfgen und 3.3 km vor AS Wuppertal-Cronenberg  Im Stillstand Reisezeitverlust: 6 Minuten Durchschnittsgeschwindigkeit: 21 km/h",51.2057706446662,7.01720080531084
"A46","undefined--vi-avl.2025-05-24_08-40-30-000.f_001.de0","51.20615818795698,7.018695680812904,51.20615818795698,7.018695680812904","51.20615818795698,7.018695680812904","WARNING","A46 | Stropmütze - Stropmütze"," Düsseldorf -> Wuppertal",NA,"STATIONARY_TRAFFIC","14",2025-05-24,"Beginn: 24.05.25 um 08:48 Uhr  Angespannte Verkehrslage, seit 24.05.2025, 08:48 A46: Düsseldorf -> Wuppertal, 0.1 km vor Stropmütze, aus Richtung Höfgen  Im Stillstand Durchschnittsgeschwindigkeit: 14 km/h",51.206158187957,7.0186956808129
"A48","undefined--vi-hind.2025-05-24_08-17-30-000.f_003.de0","50.31675687837051,7.310397940083743,50.3284822432309,7.406698267165541","50.31675687837051,7.310397940083743","WARNING","A48 | Polsch - Ochtendung"," Dreieck Vulkaneifel -> Koblenz",NA,NA,NA,2025-05-24,"Beginn: 24.05.25 um 08:17 Uhr  Hindernis, seit 24.05.2025, 08:17 A48: Dreieck Vulkaneifel -> Koblenz, zwischen 0.5 km hinter AS Polsch und 0.4 km vor AS Ochtendung  Gefahr durch Gegenstände auf der Fahrbahn",50.3167568783705,7.31039794008374
"A60","undefined--vi-zus.2025-04-08_08-51-21-000.f_013.de0","49.98125533976677,8.345695317688524,49.97565770865279,8.441396718063045","49.98125533976677,8.345695317688524","WARNING","A60 | Mainspitz-Dreieck - Rüsselsheimer Dreieck"," Mainz -> Rüsselsheim",NA,NA,NA,2025-04-08,"Beginn: 08.04.25 um 08:51 Uhr  Zusammengesetzte Verkehrsinformation, seit 08.04.2025, 08:51 A60: Mainz -> Rüsselsheim, zwischen 0.5 km hinter AD Mainspitz-Dreieck und 2.2 km vor AD Rüsselsheimer Dreieck  Sperrung der A60 bei Königstädten – Grundhafte Fahrbahnerneuerung zwischen dem Rüsselsheimer Dreieck und dem Mainspitz Dreieck. Die Niederlassung West der Autobahn GmbH erneuert zwischen dem Rüsselsheimer Dreieck (30) und dem Mainspitz Dreieck (26) die Fahrbahn. Von Donnerstagmorgen (24. April) bis Mitte Juli wird die Anschlussstelle (AS) Königstädten (29) in Fahrtrichtung (FR) Mainz sowie in FR Rüsselsheimer Dreieck gesperrt. Umleitungsmöglichkeiten sind ausgeschildert: • Ausfahrt FR Mainz: Umleitung via AS Rüsselsheim-Mitte • Einfahrt FR Mainz: innerstädtische Umleitung zur AS Rüsselsheim-Mitte (Adam-Opel-Straße / Kurt-Schumacher-Ring), von Nauheim kommend via L3482 zur AS Bischofsheim • Einfahrt FR Darmstadt: innerstädtische Umleitung zur AS Rüsselsheim-Mitte (Adam-Opel-Straße / Kurt-Schumacher-Ring) Die Autobahn GmbH bittet alle Verkehrsteilnehmer um Verständnis für die unvermeidlichen Verkehrsbehinderungen, die durch die Arbeiten entstehen.",49.9812553397668,8.34569531768852
"A60","undefined--vi-zus.2025-05-03_10-55-00-000.f_003.de0","49.977457399447445,8.454646346787307,49.981587265039146,8.34517285786785","49.977457399447445,8.454646346787307","WARNING","A60 | Rüsselsheimer Dreieck - Mainspitz-Dreieck"," Rüsselsheim -> Mainz",NA,NA,NA,2025-05-03,"Beginn: 03.05.25 um 10:55 Uhr  Zusammengesetzte Verkehrsinformation, seit 03.05.2025, 10:55 A60: Rüsselsheim -> Mainz, zwischen 0.6 km hinter AD Rüsselsheimer Dreieck und 0.5 km vor AD Mainspitz-Dreieck  Sperrung der A60 bei Königstädten – Grundhafte Fahrbahnerneuerung zwischen dem Rüsselsheimer Dreieck und dem Mainspitz Dreieck. Die Niederlassung West der Autobahn GmbH erneuert zwischen dem Rüsselsheimer Dreieck (30) und dem Mainspitz Dreieck (26) die Fahrbahn. Von Donnerstagmorgen (24. April) bis Mitte Juli wird die Anschlussstelle (AS) Königstädten (29) in Fahrtrichtung (FR) Mainz sowie in FR Rüsselsheimer Dreieck gesperrt. Umleitungsmöglichkeiten sind ausgeschildert: • Ausfahrt FR Mainz: Umleitung via AS Rüsselsheim-Mitte • Einfahrt FR Mainz: innerstädtische Umleitung zur AS Rüsselsheim-Mitte (Adam-Opel-Straße / Kurt-Schumacher-Ring), von Nauheim kommend via L3482 zur AS Bischofsheim • Einfahrt FR Darmstadt: innerstädtische Umleitung zur AS Rüsselsheim-Mitte (Adam-Opel-Straße / Kurt-Schumacher-Ring) Die Autobahn GmbH bittet alle Verkehrsteilnehmer um Verständnis für die unvermeidlichen Verkehrsbehinderungen, die durch die Arbeiten entstehen.",49.9774573994474,8.45464634678731
"A81","undefined--vi-hind.2025-05-24_08-43-30-000.f.de0","47.85597300910522,8.796429955466069,47.919291600947965,8.675986899999945","47.85597300910522,8.796429955466069","WARNING","A81 | Engen - Geisingen"," Singen -> Stuttgart",NA,NA,NA,2025-05-24,"Beginn: 24.05.25 um 08:43 Uhr  Hindernis, seit 24.05.2025, 08:43 A81: Singen -> Stuttgart, zwischen 0.3 km hinter AS Engen und 0.4 km vor AS Geisingen  Gefahr durch Gegenstände auf der Fahrbahn",47.8559730091052,8.79642995546607
"A81","undefined--vi-avl.2025-05-24_08-30-30-000.f_001.de0","48.56175438890193,8.893699954089586,48.56175438890193,8.893699954089586","48.56175438890193,8.893699954089586","WARNING","A81 | Geyern - Geyern"," Stuttgart -> Singen",NA,"STATIONARY_TRAFFIC","14",2025-05-24,"Beginn: 24.05.25 um 08:48 Uhr  Angespannte Verkehrslage, seit 24.05.2025, 08:48 A81: Stuttgart -> Singen, 4.2 km vor Geyern, aus Richtung Herrenberg  Im Stillstand Durchschnittsgeschwindigkeit: 14 km/h",48.5617543889019,8.89369995408959
"A81","undefined--vi-zus.2025-05-24_08-27-30-000.f.de0","48.56175438890193,8.893699954089586,48.54313462138391,8.889940315539127","48.56175438890193,8.893699954089586","WARNING","A81 | Herrenberg - Geyern"," Stuttgart -> Singen",7,"STATIONARY_TRAFFIC","15.800000190734863",2025-05-24,"Beginn: 24.05.25 um 08:27 Uhr  Zusammengesetzte Verkehrsinformation, seit 24.05.2025, 08:27 A81: Stuttgart -> Singen, zwischen 2.2 km hinter AS Herrenberg und 2.0 km vor Geyern  Gefahr durch eine ungesicherte Unfallstelle  Im Stillstand Reisezeitverlust: 7 Minuten Durchschnittsgeschwindigkeit: 15 km/h",48.5617543889019,8.89369995408959
"A81","undefined--vi-hind.2025-05-24_08-28-30-000.f_003.de0","48.54976286006502,8.888805078456015,48.536917348714645,8.891165767092115","48.54976286006502,8.888805078456015","WARNING","A81 | Herrenberg - Geyern"," Stuttgart -> Singen",NA,NA,NA,2025-05-24,"Beginn: 24.05.25 um 08:28 Uhr  Hindernis, seit 24.05.2025, 08:28 A81: Stuttgart -> Singen, zwischen 3.6 km hinter AS Herrenberg und 1.3 km vor Geyern  Gefahr durch eine ungesicherte Unfallstelle",48.549762860065,8.88880507845601
"A92","undefined--vi-hind.2025-05-24_08-06-30-000.f_002.de0","48.697229208198664,12.677388083282207,48.72559230644298,12.726697677256471","48.697229208198664,12.677388083282207","WARNING","A92 | Landau a.d.Isar - Wallersdorf-West"," München -> Deggendorf",NA,NA,NA,2025-05-24,"Beginn: 24.05.25 um 08:06 Uhr  Fahrzeug-Hindernis, seit 24.05.2025, 08:06 A92: München -> Deggendorf, zwischen 0.2 km hinter AS Landau a.d.Isar und 0.2 km vor AS Wallersdorf-West",48.6972292081987,12.6773880832822
"A113","undefined--vi-avl.2025-05-24_08-15-30-000.f_001.de0","52.44823861684687,13.468384021542853,52.44823861684687,13.468384021542853","52.44823861684687,13.468384021542853","WARNING","A113 | Späthstraße - Späthstraße"," Schönefeld -> Neukölln",NA,"STATIONARY_TRAFFIC","2",2025-05-24,"Beginn: 24.05.25 um 08:48 Uhr  Angespannte Verkehrslage, seit 24.05.2025, 08:48 A113: Schönefeld -> Neukölln, 0.8 km vor AS Späthstraße, aus Richtung Johannisthaler Chaussee  Im Stillstand Durchschnittsgeschwindigkeit: 2 km/h",52.4482386168469,13.4683840215429
"A113","undefined--vi-zus.2025-05-23_04-57-30-000.f.de0","52.43617318100181,13.493052326243479,52.427730500930934,13.517008500122175","52.43617318100181,13.493052326243479","WARNING","A113 | Johannisthaler Chaussee - Rudower Höhe"," Neukölln -> Schönefeld",NA,NA,NA,2025-05-23,"Beginn: 23.05.25 um 04:57 Uhr  Zusammengesetzte Verkehrsinformation, seit 23.05.2025, 04:57 A113: Neukölln -> Schönefeld, zwischen 1.2 km hinter AS Johannisthaler Chaussee und 1.0 km vor Rudower Höhe  A113 Autobahnzubringer Dresden, Neukölln Richtung Schönefeld
zwischen Stubenrauchstraße und Tunnel Rudower Höhe
linker Fahrstreifen gesperrt, Bauarbeiten, bis voraussichtlich 20.06.2025",52.4361731810018,13.4930523262435
"A113","undefined--vi-avl.2025-05-24_08-15-00-000.f.de0","52.44823861684687,13.468384021542853,52.45209490093047,13.462718900114677","52.44823861684687,13.468384021542853","WARNING","A113 | Johannisthaler Chaussee - Späthstraße"," Schönefeld -> Neukölln",5,"STATIONARY_TRAFFIC","5.5",2025-05-24,"Beginn: 24.05.25 um 08:15 Uhr  Angespannte Verkehrslage, seit 24.05.2025, 08:15 A113: Schönefeld -> Neukölln, zwischen 0.9 km hinter AS Johannisthaler Chaussee und 0.2 km vor AS Späthstraße  Im Stillstand Reisezeitverlust: 5 Minuten Durchschnittsgeschwindigkeit: 5 km/h",52.4482386168469,13.4683840215429
"A115","undefined--vi-zus.2024-10-09_07-09-40-000.f_531.de0","52.40027056808641,13.185163736426698,52.44227384698058,13.202709435405149","52.40027056808641,13.185163736426698","WARNING","A115 | Am Stern - Hüttenweg"," Dreieck Nuthetal -> Dreieck Funkturm",NA,NA,NA,2024-10-09,"Beginn: 09.10.24 um 07:09 Uhr  Zusammengesetzte Verkehrsinformation, seit 09.10.2024, 07:09 A115: Dreieck Nuthetal -> Dreieck Funkturm, zwischen 2.9 km hinter Am Stern und 3.8 km vor AS Hüttenweg  A115 Autobahnzubringer Magdeburg, Dreieck Nuthetal Richtung Dreieck Funkturm, zwischen Anschlussstelle Kleinmachnow und Anschlussstelle Spanische Allee, Baustelle, bis 31.10.2026 17:00 Uhr",52.4002705680864,13.1851637364267
"A115","undefined--vi-zus.2024-10-13_05-33-30-000.f_688.de0","52.44029442937371,13.199911385595513,52.43107524997983,13.191805707063864","52.44029442937371,13.199911385595513","WARNING","A115 | Hüttenweg - Kreuz Zehlendorf"," Dreieck Funkturm -> Dreieck Nuthetal",NA,NA,NA,2024-10-13,"Beginn: 13.10.24 um 05:33 Uhr  Zusammengesetzte Verkehrsinformation, seit 13.10.2024, 05:33 A115: Dreieck Funkturm -> Dreieck Nuthetal, zwischen 4.1 km hinter AS Hüttenweg und 1.3 km vor AS Kreuz Zehlendorf  A115 Dreieck Funkturm Richtung Dreieck Nuthetal
zwischen Spanische Allee und Kleinmachnow
Verkehr wird über die Gegenfahrbahn geleitet, geänderte Verkehrsführung im Baustellenbereich, Bauarbeiten",52.4402944293737,13.1999113855955
