"road","identifier","extent","point","display_type","title","subtitle","delay_minutes","abnormalTrafficType","averageSpeed","startTimestamp","description","latitude","longitude"
"A1","undefined--vi-hind.2025-05-21_00-32-30-000.f_003.de0","49.98226476094579,6.915675588546916,50.04423160094094,6.9156427999961885","49.98226476094579,6.915675588546916","WARNING","A1 | Wittlich-Mitte - Eifel-Ost"," Trier -> Köln/Koblenz",NA,NA,NA,2025-05-21,"Beginn: 21.05.25 um 00:32 Uhr  Fahrzeug-Hindernis, seit 21.05.2025, 00:32 A1: Trier -> Köln/Koblenz, zwischen 0.4 km hinter AS Wittlich-Mitte und 3.8 km vor Eifel-Ost Gefahr durch ein defektes Fahrzeug auf der Fahrbahn",49.9822647609458,6.91567558854692
"A1","undefined--vi-zus.2025-05-21_01-29-30-000.f.de0","53.50349046044767,10.03926248696663,53.50719617820756,10.079126013830978","53.50349046044767,10.03926248696663","WARNING","A1 | Hamburg-Stillhorn - Hamburg-Südost"," Bremen -> Lübeck",3,"SLOW_TRAFFIC","34.5",2025-05-21,"Beginn: 21.05.25 um 01:29 Uhr  Zusammengesetzte Verkehrsinformation, seit 21.05.2025, 01:29 A1: Bremen -> Lübeck, zwischen 2.4 km hinter Hamburg-Stillhorn und 0.1 km vor AD Hamburg-Südost  Langsamer Verkehr Reisezeitverlust: 3 Minuten Durchschnittsgeschwindigkeit: 34 km/h",53.5034904604477,10.0392624869666
"A1","undefined--vi-hind.2025-05-20_22-01-00-000.f_015.de0","53.50929678257153,10.057088901590378,53.50929678257153,10.057088901590378","53.50929678257153,10.057088901590378","WARNING","A1 | Hamburg-Norderelbe - Hamburg-Südost"," Hamburg -> Lübeck",NA,NA,NA,2025-05-20,"Beginn: 20.05.25 um 22:01 Uhr  Fahrzeug-Hindernis, seit 20.05.2025, 22:01 A1: Hamburg -> Lübeck, zwischen 1.2 km hinter AK Hamburg-Norderelbe und 1.2 km vor AD Hamburg-Südost",53.5092967825715,10.0570889015904
"A1","undefined--vi-hind.2025-05-20_22-01-00-000.f_014.de0","53.509302500919404,10.063278300000514,53.5094444127468,10.056993241326454","53.509302500919404,10.063278300000514","WARNING","A1 | Hamburg-Südost - Hamburg-Norderelbe"," Lübeck -> Hamburg",NA,NA,NA,2025-05-20,"Beginn: 20.05.25 um 22:01 Uhr  Fahrzeug-Hindernis, seit 20.05.2025, 22:01 A1: Lübeck -> Hamburg, zwischen 1.2 km hinter AD Hamburg-Südost und 1.4 km vor AK Hamburg-Norderelbe",53.5093025009194,10.0632783000005
"A1","undefined--vi-avl.2025-05-21_01-42-30-000.f_008.de0","53.507364071630974,10.084990083940198,53.507364071630974,10.084990083940198","53.507364071630974,10.084990083940198","WARNING","A1 | Hamburg-Südost - Hamburg-Südost"," Lübeck -> Hamburg",NA,"QUEUING_TRAFFIC","12",2025-05-21,"Beginn: 21.05.25 um 01:44 Uhr  Angespannte Verkehrslage, seit 21.05.2025, 01:44 A1: Lübeck -> Hamburg, 0.3 km vor AD Hamburg-Südost, aus Richtung Hamburg-Moorfleet  Stockender Verkehr Durchschnittsgeschwindigkeit: 12 km/h",53.507364071631,10.0849900839402
"A1","undefined--vi-avl.2025-05-21_01-32-30-000.f_005.de0","53.5073377411721,10.084646132359381,53.50835293616043,10.035686915312272","53.5073377411721,10.084646132359381","WARNING","A1 | Hamburg-Moorfleet - Hamburg-Stillhorn"," Lübeck -> Bremen",5,"QUEUING_TRAFFIC","26.200000762939453",2025-05-21,"Beginn: 21.05.25 um 01:32 Uhr  Angespannte Verkehrslage, seit 21.05.2025, 01:32 A1: Lübeck -> Bremen, zwischen 0.5 km hinter AS Hamburg-Moorfleet und 3.0 km vor Hamburg-Stillhorn  Stockender Verkehr Reisezeitverlust: 5 Minuten Durchschnittsgeschwindigkeit: 26 km/h",53.5073377411721,10.0846461323594
"A3","undefined--vi-hind.2025-05-21_01-22-30-000.f.de0","49.98891068186089,9.053444050413678,49.98891068186089,9.053444050413678","49.98891068186089,9.053444050413678","WARNING","A3 | Aschaffenburg - Seligenstädter Dreieck"," Würzburg -> Frankfurt",NA,NA,NA,2025-05-21,"Beginn: 21.05.25 um 01:22 Uhr  Hindernis, seit 21.05.2025, 01:22 A3: Würzburg -> Frankfurt, zwischen 1.5 km hinter AS Aschaffenburg und 2.8 km vor AD Seligenstädter Dreieck  Gefahr durch Gegenstände auf der Fahrbahn",49.9889106818609,9.05344405041368
"A3","undefined--vi-zus.2025-05-21_00-30-00-000.f_005.de0","50.454885700939045,7.878439599999549,50.41252480093925,7.940170499999603","50.454885700939045,7.878439599999549","WARNING","A3 | Heiligenroth - Diez"," Köln -> Frankfurt",NA,NA,NA,2025-05-21,"Beginn: 21.05.25 um 00:30 Uhr  Zusammengesetzte Verkehrsinformation, seit 21.05.2025, 00:30 A3: Köln -> Frankfurt, zwischen 0.4 km hinter Heiligenroth und 0.3 km vor AS Diez  Gefahr durch Gegenstände auf der Fahrbahn  A3 Köln Richtung Frankfurt
zwischen Raststätte Heiligenroth und Diez
Wildunfall auf dem rechten und dem mittleren Fahrstreifen
mittlerer und rechter FS gesperrt, Verkehr fließt über den linken FS",50.454885700939,7.87843959999955
"A4","undefined--vi-avl.2025-05-21_01-36-30-000.f_002.de0","50.80924015187558,6.038619498135459,50.81694260093737,6.0266969999807145","50.80924015187558,6.038619498135459","WARNING","A4 | Aachen-Laurensberg - Vetschau"," Köln -> Heerlen/Aachen",0,"SLOW_TRAFFIC","60",2025-05-21,"Beginn: 21.05.25 um 01:36 Uhr  Angespannte Verkehrslage, seit 21.05.2025, 01:36 A4: Köln -> Heerlen/Aachen, zwischen 2.7 km hinter AS Aachen-Laurensberg und 0.2 km vor Vetschau  Langsamer Verkehr Reisezeitverlust: 0 Minuten Durchschnittsgeschwindigkeit: 60 km/h",50.8092401518756,6.03861949813546
"A4","undefined--vi-avl.2025-05-21_01-44-00-000.f_001.de0","50.90005643271335,6.905698698406481,50.891618938001756,6.924295559226965","50.90005643271335,6.905698698406481","WARNING","A4 | Köln-West - Köln-Eifeltor"," Heerlen/Aachen -> Köln",0,"SLOW_TRAFFIC","61.29999923706055",2025-05-21,"Beginn: 21.05.25 um 01:44 Uhr  Angespannte Verkehrslage, seit 21.05.2025, 01:44 A4: Heerlen/Aachen -> Köln, zwischen 5.1 km hinter AK Köln-West und 0.1 km vor AS Köln-Eifeltor  Langsamer Verkehr Reisezeitverlust: 0 Minuten Durchschnittsgeschwindigkeit: 61 km/h",50.9000564327133,6.90569869840648
"A4","undefined--vi-hind.2025-05-21_01-11-00-000.f_001.de0","50.895611320468696,11.44403390809576,50.896611452955696,11.441711484284191","50.895611320468696,11.44403390809576","WARNING","A4 | Bucha - Magdala"," Chemnitz -> Erfurt",NA,NA,NA,2025-05-21,"Beginn: 21.05.25 um 01:11 Uhr  Fahrzeug-Hindernis, seit 21.05.2025, 01:11 A4: Chemnitz -> Erfurt, zwischen 4.7 km hinter AS Bucha und 0.1 km vor AS Magdala Gefahr durch ein defektes Fahrzeug auf der Fahrbahn",50.8956113204687,11.4440339080958
"A6","undefined--vi-avl.2025-05-21_01-41-30-000.f_004.de0","49.2781943398571,8.70626933418055,49.27497114096512,8.6858082424083","49.2781943398571,8.70626933418055","WARNING","A6 | Sinsheim - Weißer Stock"," Heilbronn -> Mannheim",0,"SLOW_TRAFFIC","54.400001525878906",2025-05-21,"Beginn: 21.05.25 um 01:41 Uhr  Angespannte Verkehrslage, seit 21.05.2025, 01:41 A6: Heilbronn -> Mannheim, zwischen 11.8 km hinter AS Sinsheim und 2.8 km vor Weißer Stock  Langsamer Verkehr Reisezeitverlust: 0 Minuten Durchschnittsgeschwindigkeit: 54 km/h",49.2781943398571,8.70626933418055
"A6","undefined--vi-avl.2025-05-21_01-45-30-000.f.de0","49.30131264099162,10.753872883505705,49.294052407905774,10.739024184705293","49.30131264099162,10.753872883505705","WARNING","A6 | Lerchenbuck - Lichtenau"," Nürnberg -> Heilbronn",0,"SLOW_TRAFFIC","71.30000305175781",2025-05-21,"Beginn: 21.05.25 um 01:45 Uhr  Angespannte Verkehrslage, seit 21.05.2025, 01:45 A6: Nürnberg -> Heilbronn, zwischen 0.7 km hinter Lerchenbuck und 2.1 km vor AS Lichtenau  Langsamer Verkehr Reisezeitverlust: 0 Minuten Durchschnittsgeschwindigkeit: 71 km/h",49.3013126409916,10.7538728835057
"A7","undefined--vi-zus.2025-05-13_04-57-00-000.f_004.de0","47.595412441892016,10.656244234565428,47.62104067744613,10.660902253482776","47.595412441892016,10.656244234565428","WARNING","A7 | Füssen - Nesselwang"," Füssen/Reutte -> Ulm",NA,NA,NA,2025-05-13,"Beginn: 13.05.25 um 04:57 Uhr  Zusammengesetzte Verkehrsinformation, seit 13.05.2025, 04:57 A7: Füssen/Reutte -> Ulm, zwischen 2.5 km hinter AS Füssen und 10.8 km vor AS Nesselwang  A7 Füssen/Reutte Richtung Ulm zwischen Reinertshoftunnel und Nesselwang Verkehr wird über die Gegenfahrbahn geleitet, Baustelle, von 16.05.2025 05:00 Uhr bis 18.07.2025 15:00 Uhr",47.595412441892,10.6562442345654
"A7","undefined--vi-avl.2025-05-21_01-22-00-000.f_001.de0","47.60734549416768,10.65568528801317,47.62855194383104,10.58197876986764","47.60734549416768,10.65568528801317","WARNING","A7 | Reinertshofertunnel - Nesselwang"," Füssen/Reutte -> Ulm",3,"SLOW_TRAFFIC","72.5999984741211",2025-05-21,"Beginn: 21.05.25 um 01:22 Uhr  Angespannte Verkehrslage, seit 21.05.2025, 01:22 A7: Füssen/Reutte -> Ulm, zwischen 0.7 km hinter Reinertshofertunnel und 4.4 km vor AS Nesselwang  Langsamer Verkehr Reisezeitverlust: 3 Minuten Durchschnittsgeschwindigkeit: 72 km/h",47.6073454941677,10.6556852880132
"A7","undefined--vi-unf.2025-05-21_01-39-30-000.f_001.de0","49.65014219944285,10.14558988607778,49.75989766331842,10.105476138917139","49.65014219944285,10.14558988607778","WARNING","A7 | Fuchsloch - Kitzingen"," Ulm -> Würzburg",NA,NA,NA,2025-05-21,"Beginn: 21.05.25 um 01:39 Uhr  Unfall, seit 21.05.2025, 01:39 A7: Ulm -> Würzburg, zwischen 3.9 km hinter Fuchsloch und AS Kitzingen",49.6501421994428,10.1455898860778
"A7","undefined--vi-avl.2025-05-21_01-34-30-000.f_003.de0","50.919271072196835,9.559666980345082,50.936177467934954,9.542867784251019","50.919271072196835,9.559666980345082","WARNING","A7 | Bad Hersfeld-West - Pommer"," Fulda -> Kassel",0,"SLOW_TRAFFIC","73.0999984741211",2025-05-21,"Beginn: 21.05.25 um 01:34 Uhr  Angespannte Verkehrslage, seit 21.05.2025, 01:34 A7: Fulda -> Kassel, zwischen 1.5 km hinter AS Bad Hersfeld-West und 0.3 km vor Pommer  Langsamer Verkehr Reisezeitverlust: 0 Minuten Durchschnittsgeschwindigkeit: 73 km/h",50.9192710721968,9.55966698034508
"A7","undefined--vi-avl.2025-05-21_01-38-30-000.f.de0","50.96945057943566,9.479140444061303,50.952491170125626,9.508151144240886","50.96945057943566,9.479140444061303","WARNING","A7 | Homberg (Efze) - Fuchsrain"," Kassel -> Fulda",1,"SLOW_TRAFFIC","52.400001525878906",2025-05-21,"Beginn: 21.05.25 um 01:44 Uhr  Angespannte Verkehrslage, seit 21.05.2025, 01:44 A7: Kassel -> Fulda, zwischen 4.1 km hinter AS Homberg (Efze) und 1.9 km vor Fuchsrain  Langsamer Verkehr Reisezeitverlust: 1 Minuten Durchschnittsgeschwindigkeit: 52 km/h",50.9694505794357,9.4791404440613
"A7","undefined--vi-zus.2025-03-31_00-40-00-000.f_018.de0","53.579141433849884,9.913430072127355,53.55636870091902,9.897540700000414","53.579141433849884,9.913430072127355","WARNING","A7 | Hamburg-Volkspark - Elbtunnel (Nordportal)"," Flensburg -> Hamburg",NA,NA,NA,2025-03-31,"Beginn: 31.03.25 um 00:40 Uhr  Zusammengesetzte Verkehrsinformation, seit 31.03.2025, 00:40 A7: Flensburg -> Hamburg, zwischen 0.4 km hinter AS Hamburg-Volkspark und 0.9 km vor Elbtunnel (Nordportal)  A7 Flensburg Richtung Hamburg Ausfahrt Hamburg-Othmarschen Fahrbahnverengung, maximale Fahrbahnbreite von 4,50 m, Bauarbeiten, bis 29.09.2025",53.5791414338499,9.91343007212735
"A8","undefined--vi-zus.2025-05-21_01-46-30-000.f.de0","49.33872580157343,7.055508443093759,49.33478852734609,7.066819293559478","49.33872580157343,7.055508443093759","WARNING","A8 | Merchweiler - Friedrichsthal-Bildstock"," Saarlouis -> Neunkirchen",0,"SLOW_TRAFFIC","57.5",2025-05-21,"Beginn: 21.05.25 um 01:46 Uhr  Zusammengesetzte Verkehrsinformation, seit 21.05.2025, 01:46 A8: Saarlouis -> Neunkirchen, zwischen 0.4 km hinter AS Merchweiler und 0.8 km vor AS Friedrichsthal-Bildstock  Langsamer Verkehr Reisezeitverlust: 0 Minuten Durchschnittsgeschwindigkeit: 57 km/h",49.3387258015734,7.05550844309376
"A8","undefined--vi-zus.2025-03-26_17-59-56-000.f_013.de0","49.32575278791285,7.172731755291576,49.327350714671546,7.213275819282444","49.32575278791285,7.172731755291576","WARNING","A8 | Neunkirchen/Spiesen - Kohlhof"," Saarlouis -> Neunkirchen",NA,NA,NA,2025-03-26,"Beginn: 26.03.25 um 17:59 Uhr  Zusammengesetzte Verkehrsinformation, seit 26.03.2025, 17:59 A8: Saarlouis -> Neunkirchen, zwischen 1.5 km hinter AS Neunkirchen/Spiesen und 1.0 km vor Kohlhof  A8 Saarlouis - Neunkirchen zwischen Neunkirchen-Spiesen und Neunkirchen-Oberstadt in beiden Richtungen Bauarbeiten, bis voraussichtlich 01.06.2025",49.3257527879128,7.17273175529158
"A8","undefined--vi-zus.2025-05-14_09-26-56-000.f.de0","49.32628400979037,7.229641516813452,49.329166750017514,7.1882642393148934","49.32628400979037,7.229641516813452","WARNING","A8 | Neunkirchen-Wellesweiler - Neunkirchen/Spiesen"," Neunkirchen -> Saarlouis",NA,NA,NA,2025-05-14,"Beginn: 14.05.25 um 09:26 Uhr  Zusammengesetzte Verkehrsinformation, seit 14.05.2025, 09:26 A8: Neunkirchen -> Saarlouis, zwischen 0.4 km hinter AS Neunkirchen-Wellesweiler und 2.7 km vor AS Neunkirchen/Spiesen  A8 Saarlouis - Neunkirchen zwischen Neunkirchen-Spiesen und Neunkirchen-Oberstadt in beiden Richtungen Bauarbeiten, bis voraussichtlich 01.06.2025",49.3262840097904,7.22964151681345
"A8","undefined--vi-avl.2025-05-21_01-41-00-000.f.de0","47.82643540094821,11.918677900023468,47.824716786116674,11.939457898491629","47.82643540094821,11.918677900023468","WARNING","A8 | Wilparting - Eulenauer Filz"," München -> Salzburg",1,"SLOW_TRAFFIC","43.5",2025-05-21,"Beginn: 21.05.25 um 01:41 Uhr  Angespannte Verkehrslage, seit 21.05.2025, 01:41 A8: München -> Salzburg, zwischen Wilparting und 3.0 km vor Eulenauer Filz  Langsamer Verkehr Reisezeitverlust: 1 Minuten Durchschnittsgeschwindigkeit: 43 km/h",47.8264354009482,11.9186779000235
"A8","undefined--vi-avl.2025-05-21_01-04-00-000.f_001.de0","47.822054300396644,11.987276728119276,47.82883391046915,11.899526335196107","47.822054300396644,11.987276728119276","WARNING","A8 | Im Moos - Seehamer See (West)"," Salzburg -> München",3,"SLOW_TRAFFIC","57.70000076293945",2025-05-21,"Beginn: 21.05.25 um 01:04 Uhr  Angespannte Verkehrslage, seit 21.05.2025, 01:04 A8: Salzburg -> München, zwischen 1.0 km hinter Im Moos und 3.7 km vor Seehamer See (West)  Langsamer Verkehr Reisezeitverlust: 3 Minuten Durchschnittsgeschwindigkeit: 57 km/h",47.8220543003966,11.9872767281193
"A9","undefined--vi-avl.2025-05-21_01-40-00-000.f_001.de0","49.63362394067327,11.42328962143649,49.62303927161801,11.41113919808672","49.63362394067327,11.42328962143649","WARNING","A9 | Sperbes (Ost) - Hormersdorf"," Halle/Leipzig -> Nürnberg",0,"SLOW_TRAFFIC","59",2025-05-21,"Beginn: 21.05.25 um 01:40 Uhr  Angespannte Verkehrslage, seit 21.05.2025, 01:40 A9: Halle/Leipzig -> Nürnberg, zwischen 1.6 km hinter Sperbes (Ost) und 0.3 km vor AS Hormersdorf  Langsamer Verkehr Reisezeitverlust: 0 Minuten Durchschnittsgeschwindigkeit: 59 km/h",49.6336239406733,11.4232896214365
"A9","undefined--vi-avl.2025-05-21_00-55-00-000.f.de0","50.92486867671974,11.839325444619517,50.93997703975021,11.835181273395047","50.92486867671974,11.839325444619517","WARNING","A9 | Bad Klosterlausnitz - Kuhberg"," Nürnberg -> Halle/Leipzig",0,"SLOW_TRAFFIC","65.5999984741211",2025-05-21,"Beginn: 21.05.25 um 00:55 Uhr  Angespannte Verkehrslage, seit 21.05.2025, 00:55 A9: Nürnberg -> Halle/Leipzig, zwischen 1.5 km hinter AS Bad Klosterlausnitz und 3.2 km vor Kuhberg  Langsamer Verkehr Reisezeitverlust: 0 Minuten Durchschnittsgeschwindigkeit: 65 km/h",50.9248686767197,11.8393254446195
"A9","undefined--vi-avl.2025-05-21_01-47-30-000.f.de0","52.272652234909984,12.910227307968652,52.272652234909984,12.910227307968652","52.272652234909984,12.910227307968652","WARNING","A9 | Beelitz-Heilstätten - Beelitz-Heilstätten"," Berlin -> Halle/Leipzig",NA,"STATIONARY_TRAFFIC","16",2025-05-21,"Beginn: 21.05.25 um 01:47 Uhr  Angespannte Verkehrslage, seit 21.05.2025, 01:47 A9: Berlin -> Halle/Leipzig, 0.4 km vor AS Beelitz-Heilstätten, aus Richtung Potsdam  Im Stillstand Durchschnittsgeschwindigkeit: 16 km/h",52.27265223491,12.9102273079687
"A9","undefined--vi-zus.2025-05-21_01-47-30-000.f.de0","52.272652234909984,12.910227307968652,52.272652234909984,12.910227307968652","52.272652234909984,12.910227307968652","WARNING","A9 | Potsdam - Beelitz-Heilstätten"," Berlin -> Halle/Leipzig",0,"STATIONARY_TRAFFIC","24.100000381469727",2025-05-21,"Beginn: 21.05.25 um 01:47 Uhr  Zusammengesetzte Verkehrsinformation, seit 21.05.2025, 01:47 A9: Berlin -> Halle/Leipzig, zwischen 2.0 km hinter AD Potsdam und 0.2 km vor AS Beelitz-Heilstätten  Im Stillstand Reisezeitverlust: 0 Minuten Durchschnittsgeschwindigkeit: 24 km/h",52.27265223491,12.9102273079687
"A10","undefined--vi-zus.2025-05-20_23-57-00-000.f_004.de0","52.434312507196715,12.930226575500877,52.47446316538048,12.953529511683772","52.434312507196715,12.930226575500877","WARNING","A10 | Phöben - Berlin-Spandau"," Dreieck Werder -> Dreieck Havelland",NA,NA,NA,2025-05-20,"Beginn: 20.05.25 um 23:57 Uhr  Zusammengesetzte Verkehrsinformation, seit 20.05.2025, 23:57 A10: Dreieck Werder -> Dreieck Havelland, zwischen 3.4 km hinter AS Phöben und 9.4 km vor AS Berlin-Spandau  Gefahr durch eine ungesicherte Unfallstelle  A10 Westlicher Berliner Ring, Dreieck Werder Richtung Dreieck Havelland zwischen Leest und Potsdam-Nord Gefahr durch ungesicherte Unfallstelle, fahren Sie bitte besonders vorsichtig, Polizei und Rettungswagen sind unterwegs",52.4343125071967,12.9302265755009
"A12","undefined--vi-avl.2025-05-21_01-42-30-000.f_003.de0","52.3146076610071,14.558501768375342,52.31458356478895,14.568324610986716","52.3146076610071,14.558501768375342","WARNING","A12 | Frankfurt(Oder)-Mitte - Frankfurt(Oder)"," Berliner Ring -> Frankfurt(Oder)",2,"STATIONARY_TRAFFIC","16.299999237060547",2025-05-21,"Beginn: 21.05.25 um 01:42 Uhr  Angespannte Verkehrslage, seit 21.05.2025, 01:42 A12: Berliner Ring -> Frankfurt(Oder), zwischen 2.7 km hinter AS Frankfurt(Oder)-Mitte und 0.6 km vor Frankfurt(Oder)  Im Stillstand Reisezeitverlust: 2 Minuten Durchschnittsgeschwindigkeit: 16 km/h",52.3146076610071,14.5585017683753
"A12","undefined--vi-avl.2025-05-21_01-45-30-000.f_001.de0","52.31471116709798,14.55913808194117,52.31474236365472,14.555532094102352","52.31471116709798,14.55913808194117","WARNING","A12 | Frankfurt(Oder) - Frankfurt(Oder)-Mitte"," Frankfurt(Oder) -> Berliner Ring",1,"QUEUING_TRAFFIC","9.199999809265137",2025-05-21,"Beginn: 21.05.25 um 01:45 Uhr  Angespannte Verkehrslage, seit 21.05.2025, 01:45 A12: Frankfurt(Oder) -> Berliner Ring, zwischen 1.3 km hinter Frankfurt(Oder) und 2.5 km vor AS Frankfurt(Oder)-Mitte  Stockender Verkehr Reisezeitverlust: 1 Minuten Durchschnittsgeschwindigkeit: 9 km/h",52.314711167098,14.5591380819412
"A12","undefined--vi-avl.2025-05-21_01-44-30-000.f_002.de0","52.3146076610071,14.558501768375342,52.3146076610071,14.558501768375342","52.3146076610071,14.558501768375342","WARNING","A12 | Frankfurt(Oder) - Frankfurt(Oder)"," Berliner Ring -> Frankfurt(Oder)",NA,"STATIONARY_TRAFFIC","16",2025-05-21,"Beginn: 21.05.25 um 01:46 Uhr  Angespannte Verkehrslage, seit 21.05.2025, 01:46 A12: Berliner Ring -> Frankfurt(Oder), 1.3 km vor Frankfurt(Oder), aus Richtung Frankfurt(Oder)-Mitte  Im Stillstand Durchschnittsgeschwindigkeit: 16 km/h",52.3146076610071,14.5585017683753
"A12","WarnungA10Lkw3","47.61802931631098,12.202336027754352,47.61802931631098,12.202336027754352","47.61802931631098,12.202336027754352","WARNING","E45/E60 | LKW Blockabfertigung | A12-Inntal Autobahn","Richtung Italien",NA,NA,NA,2025-01-11,"Zeitraum: Beginn: 07.01.2025 Ende: 09.12.2025  Hinweis für LKW-Reisende nach Österreich: LKW-Blockabfertigungen an ausgewählten Tagen für Lkw am Grenzübergang Kufstein/Kiefersfelden. Maximaler Durchlass von 300 LKWs pro Stunde  Die genauen Ausführungszeiten und weitere Informationen auf tirol.gv.at/verkehr/verkehrs-und-seilbahnrecht/lkw-dosierung.",47.618029316311,12.2023360277544
"A12","WarnungA10Lkw2","47.6164490154047,12.202382557672273,47.6164490154047,12.202382557672273","47.6164490154047,12.202382557672273","WARNING","E43/E45/E60 | A13-Brenner Autobahn","Richtung Italien",NA,NA,NA,2025-01-11,"Zeitraum: Beginn: 11.01.2025 Ende: 27.09.2025  Hinweis für LKW-Reisende nach Österreich: LKW-Fahrverbot auf der A12-Inntal Autobahn, A13-Brenner Autobahn und A14-Rheintal/Walgau Autobahn, wenn das Ziel der Fahrt der Anschlussstelle Nößlach bis Anschlussstelle Brenner Nord der Richtungsfahrbahn Staatsgrenze der A 13 Brenner Autobahn erreicht werden soll. An ausgewählten Samstagen 7-15 Uhr sowie weiteren Tagen im Zeitraum 11.01. - 27.09.2025 Weitere Informationen auf http://asfinag.at/a13",47.6164490154047,12.2023825576723
"A23","undefined--vi-avl.2025-05-21_01-37-30-000.f_002.de0","53.93156557414658,9.481081534034892,53.94472490787706,9.487134458739355","53.93156557414658,9.481081534034892","WARNING","A23 | Stör - Itzehoe-Nord"," Hamburg -> Heide",13,"STATIONARY_TRAFFIC","6.199999809265137",2025-05-21,"Beginn: 21.05.25 um 01:37 Uhr  Angespannte Verkehrslage, seit 21.05.2025, 01:37 A23: Hamburg -> Heide, zwischen 0.6 km hinter Stör und 1.4 km vor AS Itzehoe-Nord  Im Stillstand Reisezeitverlust: 13 Minuten Durchschnittsgeschwindigkeit: 6 km/h",53.9315655741466,9.48108153403489
"A23","undefined--vi-avl.2025-05-21_01-37-30-000.f_001.de0","53.93154833511338,9.481072902484923,53.93154833511338,9.481072902484923","53.93154833511338,9.481072902484923","WARNING","A23 | Itzehoe-Mitte - Itzehoe-Mitte"," Hamburg -> Heide",NA,"STATIONARY_TRAFFIC","1",2025-05-21,"Beginn: 21.05.25 um 01:39 Uhr  Angespannte Verkehrslage, seit 21.05.2025, 01:39 A23: Hamburg -> Heide, 0.2 km vor AS Itzehoe-Mitte, aus Richtung Stör  Im Stillstand Durchschnittsgeschwindigkeit: 1 km/h",53.9315483351134,9.48107290248492
"A24","undefined--vi-avl.2025-05-21_01-46-00-000.f_004.de0","53.241654590996454,12.186554650374998,53.2342458199244,12.200801610018404","53.241654590996454,12.186554650374998","WARNING","A24 | Dorngrund Süd - Meyenburg"," Schwerin -> Pritzwalk",1,"STATIONARY_TRAFFIC","32.70000076293945",2025-05-21,"Beginn: 21.05.25 um 01:46 Uhr  Angespannte Verkehrslage, seit 21.05.2025, 01:46 A24: Schwerin -> Pritzwalk, zwischen 3.8 km hinter Dorngrund Süd und 0.4 km vor AS Meyenburg  Im Stillstand Reisezeitverlust: 1 Minuten Durchschnittsgeschwindigkeit: 32 km/h",53.2416545909965,12.186554650375
"A27","undefined--vi-hind.2025-05-21_01-24-00-000.f_001.de0","53.37021650092049,8.57690809999982,53.43913480091996,8.582464399999829","53.37021650092049,8.57690809999982","WARNING","A27 | Binnermoor - Stotel"," Bremen -> Bremerhaven",NA,NA,NA,2025-05-21,"Beginn: 21.05.25 um 01:24 Uhr  Hindernis, seit 21.05.2025, 01:24 A27: Bremen -> Bremerhaven, zwischen 1.3 km hinter Binnermoor und 0.3 km vor AS Stotel  Gefahr durch Gegenstände auf der Fahrbahn",53.3702165009205,8.57690809999982
"A27","undefined--vi-zus.2025-05-21_01-41-00-000.f.de0","53.375389580410776,8.575118157463356,53.386179718092656,8.575471452469037","53.375389580410776,8.575118157463356","WARNING","A27 | Hagen - Stotel"," Bremen -> Bremerhaven",0,"SLOW_TRAFFIC","69.69999694824219",2025-05-21,"Beginn: 21.05.25 um 01:41 Uhr  Zusammengesetzte Verkehrsinformation, seit 21.05.2025, 01:41 A27: Bremen -> Bremerhaven, zwischen 0.6 km hinter AS Hagen und 6.2 km vor AS Stotel  Gefahr durch Gegenstände auf der Fahrbahn  Langsamer Verkehr Reisezeitverlust: 0 Minuten Durchschnittsgeschwindigkeit: 69 km/h",53.3753895804108,8.57511815746336
"A31","undefined--vi-avl.2025-05-21_01-41-30-000.f.de0","52.1169689276444,7.086497118105593,52.13648767542907,7.089672672422646","52.1169689276444,7.086497118105593","WARNING","A31 | Averbeck - Gronau/Ochtrup"," Oberhausen -> Gronau",1,"SLOW_TRAFFIC","63.099998474121094",2025-05-21,"Beginn: 21.05.25 um 01:41 Uhr  Angespannte Verkehrslage, seit 21.05.2025, 01:41 A31: Oberhausen -> Gronau, zwischen 1.4 km hinter Averbeck und 6.5 km vor AS Gronau/Ochtrup  Langsamer Verkehr Reisezeitverlust: 1 Minuten Durchschnittsgeschwindigkeit: 63 km/h",52.1169689276444,7.08649711810559
"A37","undefined--vi-zus.2025-05-20_10-04-05-000.f_002.de0","52.442156462690335,9.933442989087833,52.436581812162494,9.913211841333315","52.442156462690335,9.933442989087833","WARNING","A37 | Beinhorn - Hannover-Kirchhorst"," Celle -> Hannover",NA,NA,NA,2025-05-20,"Beginn: 20.05.25 um 10:04 Uhr  Zusammengesetzte Verkehrsinformation, seit 20.05.2025, 10:04 B3: Celle -> Hannover, zwischen 0.4 km hinter AS Beinhorn und 2.1 km vor AK Hannover-Kirchhorst  A37 Messe - Burgdorf
zwischen Kreuz Hannover-Buchholz und Beinhorn
in beiden Richtungen geänderte Verkehrsführung im Baustellenbereich, Bauarbeiten, bis 30.10.2026 ca. 18:00 Uhr",52.4421564626903,9.93344298908783
"A37","undefined--vi-zus.2025-05-20_10-04-05-000.f_003.de0","52.42566547847685,9.880479425875153,52.44102213295518,9.93161290421946","52.42566547847685,9.880479425875153","WARNING","Baustelle"," km 22.62 --> km 26.54",NA,NA,NA,2025-05-20,"Beginn: 20.05.25 um 10:04 Uhr  Zusammengesetzte Verkehrsinformation, seit 20.05.2025, 10:04 A37: km 22.62 --> km 26.54  A37 Messe - Burgdorf
zwischen Kreuz Hannover-Buchholz und Beinhorn
in beiden Richtungen geänderte Verkehrsführung im Baustellenbereich, Bauarbeiten, bis 30.10.2026 ca. 18:00 Uhr",52.4256654784769,9.88047942587515
"A42","undefined--vi-zus.2025-05-21_01-44-00-000.f_002.de0","51.496937430162454,6.893009653046714,51.502284934075746,6.9303125383825055","51.496937430162454,6.893009653046714","WARNING","A42 | Oberhausen Neue Mitte - Bottrop-Süd"," Kamp-Lintfort -> Dortmund",NA,NA,NA,2025-05-21,"Beginn: 21.05.25 um 01:44 Uhr  Zusammengesetzte Verkehrsinformation, seit 21.05.2025, 01:44 A42: Kamp-Lintfort -> Dortmund, zwischen 0.2 km hinter AS Oberhausen Neue Mitte und 0.4 km vor AS Bottrop-Süd  Gefahr durch eine ungesicherte Unfallstelle  A42 Emscherschnellweg, Kamp-Lintfort Richtung Dortmund zwischen Oberhausen-Neue Mitte und Bottrop-Süd Gefahr durch ungesicherte Unfallstelle, schwerer Unfall",51.4969374301625,6.89300965304671
"A43","undefined--vi-avl.2025-05-21_01-21-00-000.f.de0","51.91035319710703,7.526539616712635,51.91448058866459,7.549385343323442","51.91035319710703,7.526539616712635","WARNING","A43 | Senden - Münster-Süd"," Recklinghausen -> Münster",0,"SLOW_TRAFFIC","68.19999694824219",2025-05-21,"Beginn: 21.05.25 um 01:21 Uhr  Angespannte Verkehrslage, seit 21.05.2025, 01:21 A43: Recklinghausen -> Münster, zwischen 2.6 km hinter AS Senden und 0.8 km vor AK Münster-Süd  Langsamer Verkehr Reisezeitverlust: 0 Minuten Durchschnittsgeschwindigkeit: 68 km/h",51.910353197107,7.52653961671264
"A44","undefined--vi-avl.2025-05-21_01-44-30-000.f_006.de0","51.52657057772472,8.90944389715171,51.53443749190906,8.89220564110819","51.52657057772472,8.90944389715171","WARNING","A44 | Marsberg - Blankenrode"," Kassel -> Dortmund",0,"SLOW_TRAFFIC","75.0999984741211",2025-05-21,"Beginn: 21.05.25 um 01:44 Uhr  Angespannte Verkehrslage, seit 21.05.2025, 01:44 A44: Kassel -> Dortmund, zwischen 3.8 km hinter AS Marsberg und 1.5 km vor Blankenrode  Langsamer Verkehr Reisezeitverlust: 0 Minuten Durchschnittsgeschwindigkeit: 75 km/h",51.5265705777247,8.90944389715171
"A45","undefined--vi-avl.2025-05-21_01-40-30-000.f.de0","50.52564416880666,8.62785383886016,50.52182790093871,8.6478828999999","50.52564416880666,8.62785383886016","WARNING","A45 | Pfaffenpfad - Hardtwald"," Gießen -> Aschaffenburg",0,"SLOW_TRAFFIC","68.30000305175781",2025-05-21,"Beginn: 21.05.25 um 01:40 Uhr  Angespannte Verkehrslage, seit 21.05.2025, 01:40 A45: Gießen -> Aschaffenburg, zwischen 0.7 km hinter Pfaffenpfad und 2.7 km vor Hardtwald  Langsamer Verkehr Reisezeitverlust: 0 Minuten Durchschnittsgeschwindigkeit: 68 km/h",50.5256441688067,8.62785383886016
"A45","undefined--vi-avl.2025-05-21_01-42-30-000.f_001.de0","50.55978775523592,8.561358633362191,50.56587182798132,8.549510910436547","50.55978775523592,8.561358633362191","WARNING","A45 | Wetzlar-Süd - Wetzlar-Ost"," Gießen -> Hagen",0,"SLOW_TRAFFIC","71.0999984741211",2025-05-21,"Beginn: 21.05.25 um 01:42 Uhr  Angespannte Verkehrslage, seit 21.05.2025, 01:42 A45: Gießen -> Hagen, zwischen 0.4 km hinter AS Wetzlar-Süd und 0.6 km vor AS Wetzlar-Ost  Langsamer Verkehr Reisezeitverlust: 0 Minuten Durchschnittsgeschwindigkeit: 71 km/h",50.5597877552359,8.56135863336219
"A48","undefined--vi-avl.2025-05-21_01-47-00-000.f.de0","50.3286358517716,7.387055291849015,50.32699791245244,7.375978521003757","50.3286358517716,7.387055291849015","WARNING","A48 | Ochtendung - Polsch"," Koblenz -> Dreieck Vulkaneifel",0,"QUEUING_TRAFFIC","46.79999923706055",2025-05-21,"Beginn: 21.05.25 um 01:47 Uhr  Angespannte Verkehrslage, seit 21.05.2025, 01:47 A48: Koblenz -> Dreieck Vulkaneifel, zwischen 1.9 km hinter AS Ochtendung und 5.5 km vor AS Polsch  Stockender Verkehr Reisezeitverlust: 0 Minuten Durchschnittsgeschwindigkeit: 46 km/h",50.3286358517716,7.38705529184902
"A60","undefined--vi-zus.2025-04-08_08-51-21-000.f_013.de0","49.98125533976677,8.345695317688524,49.97565770865279,8.441396718063045","49.98125533976677,8.345695317688524","WARNING","A60 | Mainspitz-Dreieck - Rüsselsheimer Dreieck"," Mainz -> Rüsselsheim",NA,NA,NA,2025-04-08,"Beginn: 08.04.25 um 08:51 Uhr  Zusammengesetzte Verkehrsinformation, seit 08.04.2025, 08:51 A60: Mainz -> Rüsselsheim, zwischen 0.5 km hinter AD Mainspitz-Dreieck und 2.2 km vor AD Rüsselsheimer Dreieck  Sperrung der A60 bei Königstädten – Grundhafte Fahrbahnerneuerung zwischen dem Rüsselsheimer Dreieck und dem Mainspitz Dreieck. Die Niederlassung West der Autobahn GmbH erneuert zwischen dem Rüsselsheimer Dreieck (30) und dem Mainspitz Dreieck (26) die Fahrbahn. Von Donnerstagmorgen (24. April) bis Mitte Juli wird die Anschlussstelle (AS) Königstädten (29) in Fahrtrichtung (FR) Mainz sowie in FR Rüsselsheimer Dreieck gesperrt. Umleitungsmöglichkeiten sind ausgeschildert: • Ausfahrt FR Mainz: Umleitung via AS Rüsselsheim-Mitte • Einfahrt FR Mainz: innerstädtische Umleitung zur AS Rüsselsheim-Mitte (Adam-Opel-Straße / Kurt-Schumacher-Ring), von Nauheim kommend via L3482 zur AS Bischofsheim • Einfahrt FR Darmstadt: innerstädtische Umleitung zur AS Rüsselsheim-Mitte (Adam-Opel-Straße / Kurt-Schumacher-Ring) Die Autobahn GmbH bittet alle Verkehrsteilnehmer um Verständnis für die unvermeidlichen Verkehrsbehinderungen, die durch die Arbeiten entstehen.",49.9812553397668,8.34569531768852
"A60","undefined--vi-zus.2025-05-03_10-55-00-000.f_003.de0","49.977457399447445,8.454646346787307,49.981587265039146,8.34517285786785","49.977457399447445,8.454646346787307","WARNING","A60 | Rüsselsheimer Dreieck - Mainspitz-Dreieck"," Rüsselsheim -> Mainz",NA,NA,NA,2025-05-03,"Beginn: 03.05.25 um 10:55 Uhr  Zusammengesetzte Verkehrsinformation, seit 03.05.2025, 10:55 A60: Rüsselsheim -> Mainz, zwischen 0.6 km hinter AD Rüsselsheimer Dreieck und 0.5 km vor AD Mainspitz-Dreieck  Sperrung der A60 bei Königstädten – Grundhafte Fahrbahnerneuerung zwischen dem Rüsselsheimer Dreieck und dem Mainspitz Dreieck. Die Niederlassung West der Autobahn GmbH erneuert zwischen dem Rüsselsheimer Dreieck (30) und dem Mainspitz Dreieck (26) die Fahrbahn. Von Donnerstagmorgen (24. April) bis Mitte Juli wird die Anschlussstelle (AS) Königstädten (29) in Fahrtrichtung (FR) Mainz sowie in FR Rüsselsheimer Dreieck gesperrt. Umleitungsmöglichkeiten sind ausgeschildert: • Ausfahrt FR Mainz: Umleitung via AS Rüsselsheim-Mitte • Einfahrt FR Mainz: innerstädtische Umleitung zur AS Rüsselsheim-Mitte (Adam-Opel-Straße / Kurt-Schumacher-Ring), von Nauheim kommend via L3482 zur AS Bischofsheim • Einfahrt FR Darmstadt: innerstädtische Umleitung zur AS Rüsselsheim-Mitte (Adam-Opel-Straße / Kurt-Schumacher-Ring) Die Autobahn GmbH bittet alle Verkehrsteilnehmer um Verständnis für die unvermeidlichen Verkehrsbehinderungen, die durch die Arbeiten entstehen.",49.9774573994474,8.45464634678731
"A61","undefined--vi-avl.2025-05-21_01-46-00-000.f_001.de0","50.29667772736584,7.5052976330121055,50.275064811041524,7.505721421605148","50.29667772736584,7.5052976330121055","WARNING","A61 | Koblenz/Dieblich - Mosel-West"," Koblenz -> Ludwigshafen",1,"SLOW_TRAFFIC","60.599998474121094",2025-05-21,"Beginn: 21.05.25 um 01:46 Uhr  Angespannte Verkehrslage, seit 21.05.2025, 01:46 A61: Koblenz -> Ludwigshafen, zwischen 1.6 km hinter AS Koblenz/Dieblich und 0.7 km vor Mosel-West  Langsamer Verkehr Reisezeitverlust: 1 Minuten Durchschnittsgeschwindigkeit: 60 km/h",50.2966777273658,7.50529763301211
"A62","undefined--vi-avl.2025-05-21_01-34-00-000.f_003.de0","49.58455713909158,7.211275363327463,49.58151128451743,7.215633959908382","49.58455713909158,7.211275363327463","WARNING","A62 | Birkenfeld - Am Karlswald"," Nonnweiler -> Landstuhl",0,"QUEUING_TRAFFIC","44.29999923706055",2025-05-21,"Beginn: 21.05.25 um 01:34 Uhr  Angespannte Verkehrslage, seit 21.05.2025, 01:34 A62: Nonnweiler -> Landstuhl, zwischen 3.9 km hinter AS Birkenfeld und 2.7 km vor Am Karlswald  Stockender Verkehr Reisezeitverlust: 0 Minuten Durchschnittsgeschwindigkeit: 44 km/h",49.5845571390916,7.21127536332746
"A62","undefined--vi-avl.2025-05-21_01-34-00-000.f.de0","49.579787553687645,7.218962620888252,49.57831110982599,7.226022425939445","49.579787553687645,7.218962620888252","WARNING","A62 | Birkenfeld - Am Karlswald"," Nonnweiler -> Landstuhl",0,"SLOW_TRAFFIC","50",2025-05-21,"Beginn: 21.05.25 um 01:34 Uhr  Angespannte Verkehrslage, seit 21.05.2025, 01:34 A62: Nonnweiler -> Landstuhl, zwischen 4.6 km hinter AS Birkenfeld und 1.8 km vor Am Karlswald  Langsamer Verkehr Reisezeitverlust: 0 Minuten Durchschnittsgeschwindigkeit: 50 km/h",49.5797875536876,7.21896262088825
"A65","undefined--vi-avl.2025-05-21_01-46-30-000.f_001.de0","49.145296983824835,8.161153953275642,49.15852890182932,8.15540053409488","49.145296983824835,8.161153953275642","WARNING","A65 | Rohrbach - Landau-Süd"," Karlsruhe -> Landau",0,"SLOW_TRAFFIC","57.79999923706055",2025-05-21,"Beginn: 21.05.25 um 01:46 Uhr  Angespannte Verkehrslage, seit 21.05.2025, 01:46 A65: Karlsruhe -> Landau, zwischen 0.7 km hinter AS Rohrbach und 2.0 km vor AS Landau-Süd  Langsamer Verkehr Reisezeitverlust: 0 Minuten Durchschnittsgeschwindigkeit: 57 km/h",49.1452969838248,8.16115395327564
"A71","undefined--vi-avl.2025-05-21_01-26-30-000.f.de0","50.598428196407035,10.5289311901715,50.60898657911795,10.548273222262269","50.598428196407035,10.5289311901715","WARNING","A71 | Meiningen-Nord - Dreieck Suhl"," Schweinfurt -> Suhl",0,"SLOW_TRAFFIC","71.69999694824219",2025-05-21,"Beginn: 21.05.25 um 01:26 Uhr  Angespannte Verkehrslage, seit 21.05.2025, 01:26 A71: Schweinfurt -> Suhl, zwischen 4.6 km hinter AS Meiningen-Nord und 7.2 km vor AD Dreieck Suhl  Langsamer Verkehr Reisezeitverlust: 0 Minuten Durchschnittsgeschwindigkeit: 71 km/h",50.598428196407,10.5289311901715
"A72","undefined--vi-hind.2025-05-21_01-09-00-000.f_002.de0","50.38564418879305,11.96875455245446,50.43547630093932,12.09220010002442","50.38564418879305,11.96875455245446","WARNING","A72 | Hochfranken - Vogtland Süd"," Hof -> Plauen",NA,NA,NA,2025-05-21,"Beginn: 21.05.25 um 01:09 Uhr  Hindernis, seit 21.05.2025, 01:09 A72: Hof -> Plauen, zwischen 0.5 km hinter AD Hochfranken und 2.9 km vor Vogtland Süd  Gefahr durch Gegenstände auf der Fahrbahn",50.3856441887931,11.9687545524545
"A72","undefined--vi-avl.2025-05-21_01-24-00-000.f.de0","50.65673963224412,12.50396479577761,50.64971846042507,12.488465896856278","50.65673963224412,12.50396479577761","WARNING","A72 | Zwickau-Ost - Zwickau-West"," Zwickau -> Plauen",0,"SLOW_TRAFFIC","72.5",2025-05-21,"Beginn: 21.05.25 um 01:24 Uhr  Angespannte Verkehrslage, seit 21.05.2025, 01:24 A72: Zwickau -> Plauen, zwischen 6.5 km hinter AS Zwickau-Ost und 3.7 km vor AS Zwickau-West  Langsamer Verkehr Reisezeitverlust: 0 Minuten Durchschnittsgeschwindigkeit: 72 km/h",50.6567396322441,12.5039647957776
"A72","undefined--vi-avl.2025-05-21_01-46-30-000.f_002.de0","51.149984214855586,12.502347372933697,51.149984214855586,12.502347372933697","51.149984214855586,12.502347372933697","WARNING","A72 | Borna-Nord - Borna-Nord"," Leipzig -> Chemnitz",NA,"SLOW_TRAFFIC","23",2025-05-21,"Beginn: 21.05.25 um 01:47 Uhr  Angespannte Verkehrslage, seit 21.05.2025, 01:47 A72: Leipzig -> Chemnitz, 1.5 km vor AS Borna-Nord, aus Richtung Espenhain  Langsamer Verkehr Durchschnittsgeschwindigkeit: 23 km/h",51.1499842148556,12.5023473729337
"A72","undefined--vi-avl.2025-05-21_01-45-00-000.f_001.de0","51.14983371896152,12.50239043433504,51.14244154344649,12.505635247042266","51.14983371896152,12.50239043433504","WARNING","A72 | Espenhain - Borna-Nord"," Leipzig -> Chemnitz",0,"SLOW_TRAFFIC","47.900001525878906",2025-05-21,"Beginn: 21.05.25 um 01:45 Uhr  Angespannte Verkehrslage, seit 21.05.2025, 01:45 A72: Leipzig -> Chemnitz, zwischen 2.7 km hinter AS Espenhain und 0.6 km vor AS Borna-Nord  Langsamer Verkehr Reisezeitverlust: 0 Minuten Durchschnittsgeschwindigkeit: 47 km/h",51.1498337189615,12.502390434335
"A81","undefined--vi-avl.2025-05-21_01-45-00-000.f.de0","48.952817525270675,9.208560222627925,48.95988320094511,9.218554300000054","48.952817525270675,9.208560222627925","WARNING","A81 | Ludwigsburg-Nord - Kälbling"," Stuttgart -> Heilbronn",0,"SLOW_TRAFFIC","57.900001525878906",2025-05-21,"Beginn: 21.05.25 um 01:45 Uhr  Angespannte Verkehrslage, seit 21.05.2025, 01:45 A81: Stuttgart -> Heilbronn, zwischen 5.4 km hinter AS Ludwigsburg-Nord und 3.7 km vor Kälbling  Langsamer Verkehr Reisezeitverlust: 0 Minuten Durchschnittsgeschwindigkeit: 57 km/h",48.9528175252707,9.20856022262793
"A81","undefined--vi-avl.2025-05-21_01-47-30-000.f_001.de0","49.003499100945,9.236485900000051,49.006676308915736,9.239634030167197","49.003499100945,9.236485900000051","WARNING","A81 | Kälbling - Wunnenstein"," Stuttgart -> Heilbronn",0,"STATIONARY_TRAFFIC","25.799999237060547",2025-05-21,"Beginn: 21.05.25 um 01:47 Uhr  Angespannte Verkehrslage, seit 21.05.2025, 01:47 A81: Stuttgart -> Heilbronn, zwischen 1.4 km hinter Kälbling und 4.7 km vor Wunnenstein  Im Stillstand Reisezeitverlust: 0 Minuten Durchschnittsgeschwindigkeit: 25 km/h",49.003499100945,9.23648590000005
"A81","undefined--vi-avl.2025-05-21_01-47-30-000.f_002.de0","49.003499100945,9.236485900000051,49.003499100945,9.236485900000051","49.003499100945,9.236485900000051","WARNING","A81 | Mundelsheim - Mundelsheim"," Stuttgart -> Heilbronn",NA,"STATIONARY_TRAFFIC","20",2025-05-21,"Beginn: 21.05.25 um 01:47 Uhr  Angespannte Verkehrslage, seit 21.05.2025, 01:47 A81: Stuttgart -> Heilbronn, 0.2 km vor AS Mundelsheim, aus Richtung Kälbling  Im Stillstand Durchschnittsgeschwindigkeit: 20 km/h",49.003499100945,9.23648590000005
"A81","undefined--vi-avl.2025-05-21_01-46-30-000.f_005.de0","49.05351983411105,9.267979212074522,49.04279090094486,9.261743900000065","49.05351983411105,9.267979212074522","WARNING","A81 | Ilsfeld - Mundelsheim"," Heilbronn -> Stuttgart",0,"SLOW_TRAFFIC","53.599998474121094",2025-05-21,"Beginn: 21.05.25 um 01:46 Uhr  Angespannte Verkehrslage, seit 21.05.2025, 01:46 A81: Heilbronn -> Stuttgart, zwischen 0.5 km hinter AS Ilsfeld und 4.6 km vor AS Mundelsheim  Langsamer Verkehr Reisezeitverlust: 0 Minuten Durchschnittsgeschwindigkeit: 53 km/h",49.0535198341111,9.26797921207452
"A93","undefined--vi-avl.2025-05-21_01-47-00-000.f_001.de0","50.28550039968484,12.021914381125288,50.273905162025336,12.02540278804243","50.28550039968484,12.021914381125288","WARNING","A93 | Regnitzlosau - Hof-Süd"," Hof -> Weiden",0,"SLOW_TRAFFIC","67.19999694824219",2025-05-21,"Beginn: 21.05.25 um 01:47 Uhr  Angespannte Verkehrslage, seit 21.05.2025, 01:47 A93: Hof -> Weiden, zwischen 2.9 km hinter AS Regnitzlosau und 0.8 km vor AS Hof-Süd  Langsamer Verkehr Reisezeitverlust: 0 Minuten Durchschnittsgeschwindigkeit: 67 km/h",50.2855003996848,12.0219143811253
"A96","undefined--vi-zus.2025-05-05_23-21-00-000.f.de0","48.029334951696036,10.464231760023,48.032507613258616,10.445182045778411","48.029334951696036,10.464231760023","WARNING","A96 | Mindelheim - Stetten"," München -> Lindau",NA,NA,NA,2025-05-05,"Beginn: 05.05.25 um 23:21 Uhr  Zusammengesetzte Verkehrsinformation, seit 05.05.2025, 23:21 A96: München -> Lindau, zwischen 3.6 km hinter AS Mindelheim und 0.3 km vor AS Stetten  A96, Lindau - München, in beiden Richtungen, zwischen Anschlussstelle Stetten und Anschlussstelle Mindelheim, Brückenarbeiten, von 05.05.2025 bis 30.10.2025",48.029334951696,10.464231760023
"A99","undefined--vi-zus.2025-05-21_01-18-30-000.f_001.de0","48.20947621597154,11.490528962600118,48.22477360094727,11.53129610001101","48.20947621597154,11.490528962600118","WARNING","A99 | München-Ludwigsfeld - München-Feldmoching"," München-Süd-West -> München-Nord",NA,NA,NA,2025-05-21,"Beginn: 21.05.25 um 01:18 Uhr  Zusammengesetzte Verkehrsinformation, seit 21.05.2025, 01:18 A99: München-Süd-West -> München-Nord, zwischen 0.4 km hinter AS München-Ludwigsfeld und 0.8 km vor AD München-Feldmoching  Gefahr durch eine ungesicherte Unfallstelle  A99 Autobahnring München, München-Süd-West Richtung München-Nord zwischen München-Ludwigsfeld und Dreieck München-Feldmoching linker Fahrstreifen blockiert, Unfall mit LKW",48.2094762159715,11.4905289626001
"A113","undefined--vi-zus.2025-05-06_00-21-00-000.f_003.de0","52.43025717661688,13.505075428607936,52.42875800093087,13.509218300121121","52.43025717661688,13.505075428607936","WARNING","A113 | Stubenrauchstraße - Adlershof"," Neukölln -> Schönefeld",NA,NA,NA,2025-05-06,"Beginn: 06.05.25 um 00:21 Uhr  Zusammengesetzte Verkehrsinformation, seit 06.05.2025, 00:21 A113: Neukölln -> Schönefeld, zwischen 0.6 km hinter AS Stubenrauchstraße und 0.3 km vor AS Adlershof  A113 Autobahnzubringer Dresden, Neukölln Richtung Schönefeld
zwischen Stubenrauchstraße und Tunnel Rudower Höhe
linker Fahrstreifen gesperrt, Bauarbeiten, bis voraussichtlich 20.06.2025",52.4302571766169,13.5050754286079
"A115","undefined--vi-zus.2024-10-09_07-09-40-000.f_531.de0","52.40027056808641,13.185163736426698,52.44227384698058,13.202709435405149","52.40027056808641,13.185163736426698","WARNING","A115 | Am Stern - Hüttenweg"," Dreieck Nuthetal -> Dreieck Funkturm",NA,NA,NA,2024-10-09,"Beginn: 09.10.24 um 07:09 Uhr  Zusammengesetzte Verkehrsinformation, seit 09.10.2024, 07:09 A115: Dreieck Nuthetal -> Dreieck Funkturm, zwischen 2.9 km hinter Am Stern und 3.8 km vor AS Hüttenweg  A115 Autobahnzubringer Magdeburg, Dreieck Nuthetal Richtung Dreieck Funkturm, zwischen Anschlussstelle Kleinmachnow und Anschlussstelle Spanische Allee, Baustelle, bis 31.10.2026 17:00 Uhr",52.4002705680864,13.1851637364267
"A555","undefined--vi-zus.2025-05-21_01-33-00-000.f_002.de0","50.86049317919469,6.9689428070467745,50.84918220806939,6.967877567788697","50.86049317919469,6.9689428070467745","WARNING","A555 | Köln-Rodenkirchen - Köln-Godorf"," Köln -> Bonn",NA,NA,NA,2025-05-21,"Beginn: 21.05.25 um 01:33 Uhr  Zusammengesetzte Verkehrsinformation, seit 21.05.2025, 01:33 A555: Köln -> Bonn, zwischen 0.4 km hinter AS Köln-Rodenkirchen und 0.2 km vor AS Köln-Godorf  A555 Köln Richtung Bonn zwischen Rodenkirchen und Godorf Schwertransport, Überholen nicht möglich, Gefahr durch langsames Fahrzeug Enr 23641",50.8604931791947,6.96894280704677
"A555","undefined--vi-avl.2025-05-21_01-35-30-000.f_001.de0","50.864165503676446,6.969284557648106,50.864165503676446,6.969284557648106","50.864165503676446,6.969284557648106","WARNING","A555 | Köln-Rodenkirchen - Köln-Rodenkirchen"," Köln -> Bonn",NA,"STATIONARY_TRAFFIC","13",2025-05-21,"Beginn: 21.05.25 um 01:47 Uhr  Angespannte Verkehrslage, seit 21.05.2025, 01:47 A555: Köln -> Bonn, in Höhe AS Köln-Rodenkirchen, aus Richtung Köln-Süd  Im Stillstand Durchschnittsgeschwindigkeit: 13 km/h",50.8641655036764,6.96928455764811
"A555","undefined--vi-zus.2025-05-21_01-34-00-000.f.de0","50.864165503676446,6.969284557648106,50.84918220806939,6.967877567788697","50.864165503676446,6.969284557648106","WARNING","A555 | Köln-Süd - Köln-Godorf"," Köln -> Bonn",6,"STATIONARY_TRAFFIC","13.300000190734863",2025-05-21,"Beginn: 21.05.25 um 01:34 Uhr  Zusammengesetzte Verkehrsinformation, seit 21.05.2025, 01:34 A555: Köln -> Bonn, zwischen 2.4 km hinter AK Köln-Süd und 0.2 km vor AS Köln-Godorf  Im Stillstand Reisezeitverlust: 6 Minuten Durchschnittsgeschwindigkeit: 13 km/h",50.8641655036764,6.96928455764811
"A565","undefined--vi-zus.2025-05-21_01-44-00-000.f.de0","50.71189992198827,7.061979049821411,50.69949505304955,7.064916221092546","50.71189992198827,7.061979049821411","WARNING","A565 | Bonn-Lengsdorf - Meckenheim-Nord"," Bonn -> Meckenheim",0,"SLOW_TRAFFIC","61.29999923706055",2025-05-21,"Beginn: 21.05.25 um 01:44 Uhr  Zusammengesetzte Verkehrsinformation, seit 21.05.2025, 01:44 A565: Bonn -> Meckenheim, zwischen 0.6 km hinter AS Bonn-Lengsdorf und 6.1 km vor AS Meckenheim-Nord  Langsamer Verkehr Reisezeitverlust: 0 Minuten Durchschnittsgeschwindigkeit: 61 km/h",50.7118999219883,7.06197904982141
"A565","undefined--vi-avl.2025-05-21_00-08-00-000.f.de0","50.720128264881744,7.0781044773440644,50.72858384463015,7.07942386022329","50.720128264881744,7.0781044773440644","WARNING","A565 | Bonn-Lengsdorf - Bonn-Endenich"," Meckenheim -> Bonn",3,"STATIONARY_TRAFFIC","14.800000190734863",2025-05-21,"Beginn: 21.05.25 um 00:08 Uhr  Angespannte Verkehrslage, seit 21.05.2025, 00:08 A565: Meckenheim -> Bonn, zwischen 0.9 km hinter AS Bonn-Lengsdorf und 0.2 km vor AS Bonn-Endenich  Im Stillstand Reisezeitverlust: 3 Minuten Durchschnittsgeschwindigkeit: 14 km/h",50.7201282648817,7.07810447734406
"A565","undefined--vi-avl.2025-05-21_01-07-30-000.f_003.de0","50.720172739034545,7.0781935254131,50.720172739034545,7.0781935254131","50.720172739034545,7.0781935254131","WARNING","A565 | Bonn-Poppelsdorf - Bonn-Poppelsdorf"," Meckenheim -> Bonn",NA,"STATIONARY_TRAFFIC","15",2025-05-21,"Beginn: 21.05.25 um 01:46 Uhr  Angespannte Verkehrslage, seit 21.05.2025, 01:46 A565: Meckenheim -> Bonn, 0.6 km vor AS Bonn-Poppelsdorf, aus Richtung Bonn-Lengsdorf  Im Stillstand Durchschnittsgeschwindigkeit: 15 km/h",50.7201727390345,7.0781935254131
