"road","identifier","extent","point","display_type","title","subtitle","delay_minutes","abnormalTrafficType","averageSpeed","startTimestamp","description","latitude","longitude"
"A1","undefined--vi-avl.2025-05-20_18-42-10-000.f_001.de0","51.232700940140795,7.229763592366064,51.232700940140795,7.229763592366064","51.232700940140795,7.229763592366064","WARNING","A1 | Wuppertal-Ronsdorf - Wuppertal-Ronsdorf"," Dortmund -> Köln",NA,"STATIONARY_TRAFFIC","11",2025-05-20,"Beginn: 20.05.25 um 20:37 Uhr  Angespannte Verkehrslage, seit 20.05.2025, 20:37 A1: Dortmund -> Köln, 0.7 km vor AS Wuppertal-Ronsdorf, aus Richtung Ehrenberg  Im Stillstand Durchschnittsgeschwindigkeit: 11 km/h",51.2327009401408,7.22976359236606
"A1","undefined--vi-avl.2025-05-20_18-37-14-000.f_003.de0","51.232467164602085,7.229792189219342,51.22267102918807,7.242692576711864","51.232467164602085,7.229792189219342","WARNING","A1 | Ehrenberg - Remscheid-Lennep"," Dortmund -> Köln",3,"STATIONARY_TRAFFIC","21.399999618530273",2025-05-20,"Beginn: 20.05.25 um 18:37 Uhr  Angespannte Verkehrslage, seit 20.05.2025, 18:37 A1: Dortmund -> Köln, zwischen 4.2 km hinter Ehrenberg und 2.5 km vor AS Remscheid-Lennep  Im Stillstand Reisezeitverlust: 3 Minuten Durchschnittsgeschwindigkeit: 21 km/h",51.2324671646021,7.22979218921934
"A1","undefined--vi-zus.2025-05-20_20-32-30-000.f_001.de0","51.295490994574514,7.2612874170892265,51.306459002804175,7.26402811469071","51.295490994574514,7.2612874170892265","WARNING","A1 | Wuppertal-Langerfeld - Wuppertal-Nord"," Köln -> Dortmund",NA,NA,NA,2025-05-20,"Beginn: 20.05.25 um 20:32 Uhr  Zusammengesetzte Verkehrsinformation, seit 20.05.2025, 20:32 A1: Köln -> Dortmund, zwischen 1.4 km hinter AS Wuppertal-Langerfeld und 1.0 km vor AK Wuppertal-Nord  Gefahr durch ein defektes Fahrzeugs auf der Fahrbahn  A1 Köln Richtung Dortmund zwischen Wuppertal-Langerfeld und Kreuz Wuppertal-Nord Gefahr durch brennendes Fahrzeug auf dem Standstreifen",51.2954909945745,7.26128741708923
"A1","undefined--vi-zus.2025-05-20_20-31-34-000.f.de0","51.28871003603974,7.257077981014428,51.29890680494641,7.262270737839844","51.28871003603974,7.257077981014428","WARNING","A1 | Wuppertal-Langerfeld - Wuppertal-Nord"," Köln -> Dortmund",1,"QUEUING_TRAFFIC","28.700000762939453",2025-05-20,"Beginn: 20.05.25 um 20:31 Uhr  Zusammengesetzte Verkehrsinformation, seit 20.05.2025, 20:31 A1: Köln -> Dortmund, zwischen 0.6 km hinter AS Wuppertal-Langerfeld und 1.8 km vor AK Wuppertal-Nord  Stockender Verkehr Reisezeitverlust: 1 Minuten Durchschnittsgeschwindigkeit: 28 km/h",51.2887100360397,7.25707798101443
"A1","undefined--vi-avl.2025-05-20_20-32-30-000.f.de0","51.28871003603974,7.257077981014428,51.28871003603974,7.257077981014428","51.28871003603974,7.257077981014428","WARNING","A1 | Wuppertal-Nord - Wuppertal-Nord"," Köln -> Dortmund",NA,"QUEUING_TRAFFIC","15",2025-05-20,"Beginn: 20.05.25 um 20:37 Uhr  Angespannte Verkehrslage, seit 20.05.2025, 20:37 A1: Köln -> Dortmund, 3.0 km vor AK Wuppertal-Nord, aus Richtung Wuppertal-Langerfeld  Stockender Verkehr Durchschnittsgeschwindigkeit: 15 km/h",51.2887100360397,7.25707798101443
"A1","undefined--vi-avl.2025-05-20_20-25-33-000.f.de0","51.52760782669087,7.6595042696745725,51.53370503700756,7.660837809585331","51.52760782669087,7.6595042696745725","WARNING","A1 | Unna - Kamen-Zentrum"," Dortmund -> Münster",0,"QUEUING_TRAFFIC","32.29999923706055",2025-05-20,"Beginn: 20.05.25 um 20:25 Uhr  Angespannte Verkehrslage, seit 20.05.2025, 20:25 A1: Dortmund -> Münster, zwischen 0.1 km hinter AS Unna und 4.7 km vor AS Kamen-Zentrum  Stockender Verkehr Reisezeitverlust: 0 Minuten Durchschnittsgeschwindigkeit: 32 km/h",51.5276078266909,7.65950426967457
"A1","undefined--vi-avl.2025-05-20_20-26-30-000.f_003.de0","51.5275900106177,7.6595003688156105,51.5275900106177,7.6595003688156105","51.5275900106177,7.6595003688156105","WARNING","A1 | Kamen-Zentrum - Kamen-Zentrum"," Dortmund -> Münster",NA,"QUEUING_TRAFFIC","16",2025-05-20,"Beginn: 20.05.25 um 20:37 Uhr  Angespannte Verkehrslage, seit 20.05.2025, 20:37 A1: Dortmund -> Münster, 5.4 km vor AS Kamen-Zentrum, aus Richtung Unna  Stockender Verkehr Durchschnittsgeschwindigkeit: 16 km/h",51.5275900106177,7.65950036881561
"A1","undefined--vi-zus.2025-05-20_20-34-30-000.f.de0","51.922464136421866,7.55730523354018,51.98481181713834,7.555562824867965","51.922464136421866,7.55730523354018","WARNING","A1 | Münster-Süd - Münster-Nord"," Dortmund -> Osnabrück",NA,NA,NA,2025-05-20,"Beginn: 20.05.25 um 20:34 Uhr  Zusammengesetzte Verkehrsinformation, seit 20.05.2025, 20:34 A1: Dortmund -> Osnabrück, zwischen 0.8 km hinter AK Münster-Süd und 0.5 km vor AS Münster-Nord  A1 Hansalinie, Münster Richtung Osnabrück
zwischen Kreuz Münster-Süd und Münster-Nord
Unfallaufnahme auf dem Standstreifen, Gefahr, Polizei ist vor Ort",51.9224641364219,7.55730523354018
"A1","undefined--vi-hind.2025-05-20_20-00-30-000.f_002.de0","52.49528745622466,8.076498557803484,52.39817886089971,8.036502870757507","52.49528745622466,8.076498557803484","WARNING","A1 | Dammer Berge - Bramsche"," Bremen -> Osnabrück",NA,NA,NA,2025-05-20,"Beginn: 20.05.25 um 20:00 Uhr  Fahrzeug-Hindernis, seit 20.05.2025, 20:00 A1: Bremen -> Osnabrück, zwischen 5.7 km hinter Dammer Berge und 0.4 km vor AS Bramsche Gefahr durch ein defektes Fahrzeug auf der Fahrbahn",52.4952874562247,8.07649855780348
"A1","undefined--vi-avl.2025-05-20_20-14-00-000.f_002.de0","53.02205673403798,8.79188243690608,53.02369352510232,8.817487960156697","53.02205673403798,8.79188243690608","WARNING","A1 | Stuhr - Krummhörens Kuhlen"," Osnabrück -> Bremen",2,"STATIONARY_TRAFFIC","30.399999618530273",2025-05-20,"Beginn: 20.05.25 um 20:14 Uhr  Angespannte Verkehrslage, seit 20.05.2025, 20:14 A1: Osnabrück -> Bremen, zwischen 6.3 km hinter AD Stuhr und 0.5 km vor Krummhörens Kuhlen  Im Stillstand Reisezeitverlust: 2 Minuten Durchschnittsgeschwindigkeit: 30 km/h",53.022056734038,8.79188243690608
"A1","undefined--vi-hind.2025-05-20_19-17-00-000.f_002.de0","53.20031260092184,9.295084500000122,53.110726233777484,9.201271968668555","53.20031260092184,9.295084500000122","WARNING","A1 | Bockel - Stuckenborstel"," Hamburg -> Bremen",NA,NA,NA,2025-05-20,"Beginn: 20.05.25 um 19:17 Uhr  Fahrzeug-Hindernis, seit 20.05.2025, 19:17 A1: Hamburg -> Bremen, zwischen 0.2 km hinter Bockel und 0.2 km vor AS Stuckenborstel",53.2003126009218,9.29508450000012
"A1","undefined--vi-hind.2025-05-20_19-20-30-000.f_004.de0","53.87919300091635,10.66061360000142,53.8827857422508,10.664596574039464","53.87919300091635,10.66061360000142","WARNING","A1 | Lübeck-Moisling - Bad Schwartau"," Hamburg -> Fehmarn",NA,NA,NA,2025-05-20,"Beginn: 20.05.25 um 19:20 Uhr  Fahrzeug-Hindernis, seit 20.05.2025, 19:20 A1: Hamburg -> Fehmarn, zwischen 3.0 km hinter AS Lübeck-Moisling und 3.1 km vor AS Bad Schwartau Gefahr durch ein defektes Fahrzeug auf der Fahrbahn",53.8791930009164,10.6606136000014
"A1","undefined--vi-avl.2025-05-20_20-37-30-000.f_003.de0","53.964774393930206,10.737309613331046,53.964774393930206,10.737309613331046","53.964774393930206,10.737309613331046","WARNING","A1 | Ratekau - Ratekau"," Fehmarn -> Lübeck",NA,"SLOW_TRAFFIC","22",2025-05-20,"Beginn: 20.05.25 um 20:37 Uhr  Angespannte Verkehrslage, seit 20.05.2025, 20:37 A1: Fehmarn -> Lübeck, 1.9 km vor AS Ratekau, aus Richtung Pansdorf  Langsamer Verkehr Durchschnittsgeschwindigkeit: 22 km/h",53.9647743939302,10.737309613331
"A1","undefined--vi-avl.2025-05-20_20-37-30-000.f_002.de0","53.964774393930206,10.737309613331046,53.958242986229386,10.743677700087387","53.964774393930206,10.737309613331046","WARNING","A1 | Pansdorf - Ratekau"," Fehmarn -> Lübeck",0,"SLOW_TRAFFIC","45",2025-05-20,"Beginn: 20.05.25 um 20:37 Uhr  Angespannte Verkehrslage, seit 20.05.2025, 20:37 A1: Fehmarn -> Lübeck, zwischen 4.6 km hinter AS Pansdorf und 1.1 km vor AS Ratekau  Langsamer Verkehr Reisezeitverlust: 0 Minuten Durchschnittsgeschwindigkeit: 45 km/h",53.9647743939302,10.737309613331
"A2","undefined--vi-avl.2025-05-20_19-41-30-000.f.de0","51.5386298801034,6.843310174342619,51.53887574555629,6.864115930365085","51.5386298801034,6.843310174342619","WARNING","A2 | Oberhausen - Oberhausen-Königshardt"," Oberhausen -> Dortmund",6,"STATIONARY_TRAFFIC","11.399999618530273",2025-05-20,"Beginn: 20.05.25 um 19:41 Uhr  Angespannte Verkehrslage, seit 20.05.2025, 19:41 A2: Oberhausen -> Dortmund, zwischen 0.6 km hinter AK Oberhausen und 0.4 km vor AS Oberhausen-Königshardt  Im Stillstand Reisezeitverlust: 6 Minuten Durchschnittsgeschwindigkeit: 11 km/h",51.5386298801034,6.84331017434262
"A2","undefined--vi-avl.2025-05-20_19-42-30-000.f_003.de0","51.5386298801034,6.843310174342619,51.5386298801034,6.843310174342619","51.5386298801034,6.843310174342619","WARNING","A2 | Oberhausen-Königshardt - Oberhausen-Königshardt"," Oberhausen -> Dortmund",NA,"STATIONARY_TRAFFIC","4",2025-05-20,"Beginn: 20.05.25 um 20:37 Uhr  Angespannte Verkehrslage, seit 20.05.2025, 20:37 A2: Oberhausen -> Dortmund, 1.8 km vor AS Oberhausen-Königshardt, aus Richtung Oberhausen  Im Stillstand Durchschnittsgeschwindigkeit: 4 km/h",51.5386298801034,6.84331017434262
"A2","undefined--vi-avl.2025-05-20_19-51-00-000.f.de0","51.708819013226815,7.978556421638505,51.708819013226815,7.978556421638505","51.708819013226815,7.978556421638505","WARNING","A2 | Hamm-Uentrop - Hamm-Uentrop"," Hannover -> Dortmund",NA,"STATIONARY_TRAFFIC","27",2025-05-20,"Beginn: 20.05.25 um 20:37 Uhr  Angespannte Verkehrslage, seit 20.05.2025, 20:37 A2: Hannover -> Dortmund, 1.7 km vor AS Hamm-Uentrop, aus Richtung Stettin  Im Stillstand Durchschnittsgeschwindigkeit: 27 km/h",51.7088190132268,7.9785564216385
"A2","undefined--vi-avl.2025-05-20_19-31-00-000.f_003.de0","51.7086842838293,7.978546767105794,51.69043184009976,7.96407273423837","51.7086842838293,7.978546767105794","WARNING","A2 | Stettin - Im Großen Klei"," Hannover -> Dortmund",4,"STATIONARY_TRAFFIC","27.200000762939453",2025-05-20,"Beginn: 20.05.25 um 19:31 Uhr  Angespannte Verkehrslage, seit 20.05.2025, 19:31 A2: Hannover -> Dortmund, zwischen 1.7 km hinter Stettin und 3.0 km vor Im Großen Klei  Im Stillstand Reisezeitverlust: 4 Minuten Durchschnittsgeschwindigkeit: 27 km/h",51.7086842838293,7.97854676710579
"A2","undefined--vi-avl.2025-05-20_19-47-30-000.f_002.de0","52.2157644301491,9.183840829557568,52.2157644301491,9.183840829557568","52.2157644301491,9.183840829557568","WARNING","A2 | Bernser Kirchweg - Bernser Kirchweg"," Hannover -> Dortmund",NA,"STATIONARY_TRAFFIC","15",2025-05-20,"Beginn: 20.05.25 um 20:37 Uhr  Angespannte Verkehrslage, seit 20.05.2025, 20:37 A2: Hannover -> Dortmund, 1.2 km vor Bernser Kirchweg, aus Richtung Auetal Nord  Im Stillstand Durchschnittsgeschwindigkeit: 15 km/h",52.2157644301491,9.18384082955757
"A2","undefined--vi-avl.2025-05-20_10-45-52-000.f_002.de0","52.215770912208754,9.183898418541478,52.22056690008746,9.132269629085807","52.215770912208754,9.183898418541478","WARNING","A2 | Auetal Nord - Bad Eilsen-Ost"," Hannover -> Dortmund",12,"STATIONARY_TRAFFIC","14.800000190734863",2025-05-20,"Beginn: 20.05.25 um 10:45 Uhr  Angespannte Verkehrslage, seit 20.05.2025, 10:45 A2: Hannover -> Dortmund, zwischen 3.1 km hinter Auetal Nord und 0.5 km vor AS Bad Eilsen-Ost  Im Stillstand Reisezeitverlust: 12 Minuten Durchschnittsgeschwindigkeit: 14 km/h",52.2157709122088,9.18389841854148
"A2","undefined--vi-hind.2025-05-20_20-24-30-000.f.de0","52.42433327055121,9.650134269082892,52.42433327055121,9.650134269082892","52.42433327055121,9.650134269082892","WARNING","A2 | Hannover-West - Hannover-West"," Dortmund -> Hannover",NA,NA,NA,2025-05-20,"Beginn: 20.05.25 um 20:24 Uhr  Fahrzeug-Hindernis, seit 20.05.2025, 20:24 A2: Dortmund -> Hannover, 1.2 km vor AD Hannover-West, aus Richtung Nordhafen Gefahr durch ein defektes Fahrzeug auf der Fahrbahn",52.4243332705512,9.65013426908289
"A2","undefined--vi-hind.2025-05-20_20-03-00-000.f_001.de0","52.364427911947104,10.100241386944369,52.36395712655772,10.105159837893602","52.364427911947104,10.100241386944369","WARNING","A2 | Lehrte-Ost - Hämelerwald"," Hannover -> Braunschweig",NA,NA,NA,2025-05-20,"Beginn: 20.05.25 um 20:03 Uhr  Fahrzeug-Hindernis, seit 20.05.2025, 20:03 A2: Hannover -> Braunschweig, zwischen 6.1 km hinter AS Lehrte-Ost und 1.1 km vor AS Hämelerwald Gefahr durch ein defektes Fahrzeug auf der Fahrbahn",52.3644279119471,10.1002413869444
"A2","undefined--vi-avl.2025-05-20_19-54-30-000.f_004.de0","51.534522200933196,6.827170999995847,51.534522200933196,6.827170999995847","51.534522200933196,6.827170999995847","WARNING","Baustelle","",NA,"STATIONARY_TRAFFIC","4",2025-05-20,"Beginn: 20.05.25 um 20:37 Uhr  Angespannte Verkehrslage, seit 20.05.2025, 20:37 A2 O  Im Stillstand Durchschnittsgeschwindigkeit: 4 km/h",51.5345222009332,6.82717099999585
"A2","undefined--vi-avl.2025-05-20_19-53-30-000.f.de0","51.534522200933196,6.827170999995847,51.5386298801034,6.843310174342619","51.534522200933196,6.827170999995847","WARNING","Baustelle"," km 473.65 --> km 472.42",12,"STATIONARY_TRAFFIC","5.5",2025-05-20,"Beginn: 20.05.25 um 19:53 Uhr  Angespannte Verkehrslage, seit 20.05.2025, 19:53 A2: km 473.65 --> km 472.42  Im Stillstand Reisezeitverlust: 12 Minuten Durchschnittsgeschwindigkeit: 5 km/h",51.5345222009332,6.82717099999585
"A3","undefined--vi-avl.2025-05-20_18-52-32-000.f_007.de0","48.77868643818949,13.026638457608101,48.78923850094671,13.00827200011237","48.77868643818949,13.026638457608101","WARNING","A3 | Hengersberg - Isarblick"," Passau -> Nürnberg",0,"SLOW_TRAFFIC","65",2025-05-20,"Beginn: 20.05.25 um 18:52 Uhr  Angespannte Verkehrslage, seit 20.05.2025, 18:52 A3: Passau -> Nürnberg, zwischen 1.4 km hinter AS Hengersberg und 2.7 km vor Isarblick  Langsamer Verkehr Reisezeitverlust: 0 Minuten Durchschnittsgeschwindigkeit: 65 km/h",48.7786864381895,13.0266384576081
"A3","undefined--vi-hind.2025-03-30_06-00-00-000.f_003.de0","49.77000503830521,10.473610371969711,49.76950259077636,10.479947107070716","49.77000503830521,10.473610371969711","WARNING","A3 | Schloßacker - Wasserberndorf"," Würzburg -> Nürnberg",NA,NA,NA,2025-03-30,"Beginn: 30.03.25 um 06:00 Uhr  Hindernis, seit 30.03.2025, 06:00 A3: Würzburg -> Nürnberg, zwischen 2.0 km hinter Schloßacker und 3.2 km vor Wasserberndorf  Gefahr durch Gegenstände auf der Fahrbahn",49.7700050383052,10.4736103719697
"A3","undefined--vi-hind.2025-05-20_19-51-34-000.f_003.de0","50.047445636157526,8.54648614525933,50.05317640409056,8.596461903569121","50.047445636157526,8.54648614525933","WARNING","A3 | Kelsterbach - Frankfurter Kreuz"," Köln -> Frankfurt",NA,NA,NA,2025-05-20,"Beginn: 20.05.25 um 19:51 Uhr  Fahrzeug-Hindernis, seit 20.05.2025, 19:51 A3: Köln -> Frankfurt, zwischen 0.2 km hinter AS Kelsterbach und 0.6 km vor AK Frankfurter Kreuz Gefahr durch ein defektes Fahrzeug auf der Fahrbahn",50.0474456361575,8.54648614525933
"A3","undefined--vi-avl.2025-05-20_09-05-12-000.f_002.de0","51.43652577224557,6.808266059957987,51.44469952728053,6.7995235816545465","51.43652577224557,6.808266059957987","WARNING","A3 | Duisburg-Wedau - Kaiserberg"," Köln -> Oberhausen",2,"STATIONARY_TRAFFIC","20.100000381469727",2025-05-20,"Beginn: 20.05.25 um 09:05 Uhr  Angespannte Verkehrslage, seit 20.05.2025, 09:05 A3: Köln -> Oberhausen, zwischen 3.3 km hinter AS Duisburg-Wedau und 0.2 km vor AK Kaiserberg  Im Stillstand Reisezeitverlust: 2 Minuten Durchschnittsgeschwindigkeit: 20 km/h",51.4365257722456,6.80826605995799
"A3","undefined--vi-avl.2025-05-20_11-50-23-000.f.de0","51.43652577224557,6.808266059957987,51.43652577224557,6.808266059957987","51.43652577224557,6.808266059957987","WARNING","A3 | Kaiserberg - Kaiserberg"," Köln -> Oberhausen",NA,"STATIONARY_TRAFFIC","9",2025-05-20,"Beginn: 20.05.25 um 20:37 Uhr  Angespannte Verkehrslage, seit 20.05.2025, 20:37 A3: Köln -> Oberhausen, 1.3 km vor AK Kaiserberg, aus Richtung Duisburg-Wedau  Im Stillstand Durchschnittsgeschwindigkeit: 9 km/h",51.4365257722456,6.80826605995799
"A5","undefined--vi-hind.2025-05-20_20-35-30-000.f.de0","50.09354449170637,8.616568870271827,50.109183028471115,8.602631032341968","50.09354449170637,8.616568870271827","WARNING","A5 | Frankfurt am Main-Westhafen - Westkreuz Frankfurt am Main"," Frankfurt -> Kassel",NA,NA,NA,2025-05-20,"Beginn: 20.05.25 um 20:35 Uhr  Hindernis, seit 20.05.2025, 20:35 A5: Frankfurt -> Kassel, zwischen AS Frankfurt am Main-Westhafen und 0.6 km vor AK Westkreuz Frankfurt am Main  Gefahr durch Gegenstände auf der Fahrbahn",50.0935444917064,8.61656887027183
"A6","undefined--vi-hind.2025-05-20_20-09-00-000.f_001.de0","49.21152990094426,9.072320200000012,49.18684520480663,9.195242698743506","49.21152990094426,9.072320200000012","WARNING","A6 | Bauernwald - Heilbronn/Untereisesheim"," Mannheim -> Heilbronn",NA,NA,NA,2025-05-20,"Beginn: 20.05.25 um 20:09 Uhr  Fahrzeug-Hindernis, seit 20.05.2025, 20:09 A6: Mannheim -> Heilbronn, zwischen 7.4 km hinter Bauernwald und 0.5 km vor AS Heilbronn/Untereisesheim",49.2115299009443,9.07232020000001
"A6","undefined--vi-avl.2025-05-20_20-32-00-000.f.de0","49.302154096782786,10.756099409027017,49.294052407905774,10.739024184705293","49.302154096782786,10.756099409027017","WARNING","A6 | Lerchenbuck - Lichtenau"," Nürnberg -> Heilbronn",0,"SLOW_TRAFFIC","67",2025-05-20,"Beginn: 20.05.25 um 20:32 Uhr  Angespannte Verkehrslage, seit 20.05.2025, 20:32 A6: Nürnberg -> Heilbronn, zwischen 0.5 km hinter Lerchenbuck und 2.1 km vor AS Lichtenau  Langsamer Verkehr Reisezeitverlust: 0 Minuten Durchschnittsgeschwindigkeit: 67 km/h",49.3021540967828,10.756099409027
"A7","undefined--vi-zus.2025-05-20_19-29-30-000.f.de0","47.57144969209724,10.660382444103417,47.577037246669576,10.66215100562998","47.57144969209724,10.660382444103417","WARNING","A7 | Grenztunnel Füssen - Reinertshofertunnel"," Füssen/Reutte -> Ulm",0,"SLOW_TRAFFIC","29.5",2025-05-20,"Beginn: 20.05.25 um 19:29 Uhr  Zusammengesetzte Verkehrsinformation, seit 20.05.2025, 19:29 A7: Füssen/Reutte -> Ulm, zwischen 1.4 km hinter Grenztunnel Füssen und 2.7 km vor Reinertshofertunnel  Langsamer Verkehr Reisezeitverlust: 0 Minuten Durchschnittsgeschwindigkeit: 29 km/h",47.5714496920972,10.6603824441034
"A7","undefined--vi-zus.2025-05-13_04-57-00-000.f_003.de0","47.595412441892016,10.656244234565428,47.62654678358412,10.642572056942274","47.595412441892016,10.656244234565428","WARNING","A7 | Füssen - Nesselwang"," Füssen/Reutte -> Ulm",NA,NA,NA,2025-05-13,"Beginn: 13.05.25 um 04:57 Uhr  Zusammengesetzte Verkehrsinformation, seit 13.05.2025, 04:57 A7: Füssen/Reutte -> Ulm, zwischen 2.5 km hinter AS Füssen und 9.1 km vor AS Nesselwang  A7 Füssen/Reutte Richtung Ulm zwischen Reinertshoftunnel und Nesselwang Verkehr wird über die Gegenfahrbahn geleitet, Baustelle, von 16.05.2025 05:00 Uhr bis 18.07.2025 15:00 Uhr",47.595412441892,10.6562442345654
"A7","undefined--vi-avl.2025-05-20_19-30-30-000.f.de0","47.57145842080008,10.660385661305725,47.57145842080008,10.660385661305725","47.57145842080008,10.660385661305725","WARNING","A7 | Füssen - Füssen"," Füssen/Reutte -> Ulm",NA,"SLOW_TRAFFIC","12",2025-05-20,"Beginn: 20.05.25 um 20:32 Uhr  Angespannte Verkehrslage, seit 20.05.2025, 20:32 A7: Füssen/Reutte -> Ulm, 0.3 km vor AS Füssen, aus Richtung Grenztunnel Füssen  Langsamer Verkehr Durchschnittsgeschwindigkeit: 12 km/h",47.5714584208001,10.6603856613057
"A7","undefined--vi-zus.2025-03-31_00-40-00-000.f_018.de0","53.579141433849884,9.913430072127355,53.55636870091902,9.897540700000414","53.579141433849884,9.913430072127355","WARNING","A7 | Hamburg-Volkspark - Elbtunnel (Nordportal)"," Flensburg -> Hamburg",NA,NA,NA,2025-03-31,"Beginn: 31.03.25 um 00:40 Uhr  Zusammengesetzte Verkehrsinformation, seit 31.03.2025, 00:40 A7: Flensburg -> Hamburg, zwischen 0.4 km hinter AS Hamburg-Volkspark und 0.9 km vor Elbtunnel (Nordportal)  A7 Flensburg Richtung Hamburg Ausfahrt Hamburg-Othmarschen Fahrbahnverengung, maximale Fahrbahnbreite von 4,50 m, Bauarbeiten, bis 29.09.2025",53.5791414338499,9.91343007212735
"A8","undefined--vi-zus.2025-03-26_17-59-56-000.f_013.de0","49.32575278791285,7.172731755291576,49.327350714671546,7.213275819282444","49.32575278791285,7.172731755291576","WARNING","A8 | Neunkirchen/Spiesen - Kohlhof"," Saarlouis -> Neunkirchen",NA,NA,NA,2025-03-26,"Beginn: 26.03.25 um 17:59 Uhr  Zusammengesetzte Verkehrsinformation, seit 26.03.2025, 17:59 A8: Saarlouis -> Neunkirchen, zwischen 1.5 km hinter AS Neunkirchen/Spiesen und 1.0 km vor Kohlhof  A8 Saarlouis - Neunkirchen zwischen Neunkirchen-Spiesen und Neunkirchen-Oberstadt in beiden Richtungen Bauarbeiten, bis voraussichtlich 01.06.2025",49.3257527879128,7.17273175529158
"A8","undefined--vi-zus.2025-05-14_09-26-56-000.f.de0","49.32628400979037,7.229641516813452,49.329166750017514,7.1882642393148934","49.32628400979037,7.229641516813452","WARNING","A8 | Neunkirchen-Wellesweiler - Neunkirchen/Spiesen"," Neunkirchen -> Saarlouis",NA,NA,NA,2025-05-14,"Beginn: 14.05.25 um 09:26 Uhr  Zusammengesetzte Verkehrsinformation, seit 14.05.2025, 09:26 A8: Neunkirchen -> Saarlouis, zwischen 0.4 km hinter AS Neunkirchen-Wellesweiler und 2.7 km vor AS Neunkirchen/Spiesen  A8 Saarlouis - Neunkirchen zwischen Neunkirchen-Spiesen und Neunkirchen-Oberstadt in beiden Richtungen Bauarbeiten, bis voraussichtlich 01.06.2025",49.3262840097904,7.22964151681345
"A8","undefined--vi-avl.2025-05-20_20-01-30-000.f_002.de0","48.88616909765385,8.78744587909474,48.863952394077465,8.792861830506775","48.88616909765385,8.78744587909474","WARNING","A8 | Pforzheim - Heimsheim"," Karlsruhe -> Stuttgart",7,"STATIONARY_TRAFFIC","18.5",2025-05-20,"Beginn: 20.05.25 um 20:01 Uhr  Angespannte Verkehrslage, seit 20.05.2025, 20:01 A8: Karlsruhe -> Stuttgart, zwischen 2.6 km hinter Pforzheim und 7.3 km vor AS Heimsheim  Im Stillstand Reisezeitverlust: 7 Minuten Durchschnittsgeschwindigkeit: 18 km/h",48.8861690976538,8.78744587909474
"A8","undefined--vi-avl.2025-05-20_20-12-30-000.f_001.de0","48.88620487547718,8.78744005956914,48.88620487547718,8.78744005956914","48.88620487547718,8.78744005956914","WARNING","A8 | Pforzheim-Süd - Pforzheim-Süd"," Karlsruhe -> Stuttgart",NA,"STATIONARY_TRAFFIC","16",2025-05-20,"Beginn: 20.05.25 um 20:37 Uhr  Angespannte Verkehrslage, seit 20.05.2025, 20:37 A8: Karlsruhe -> Stuttgart, 0.8 km vor AS Pforzheim-Süd, aus Richtung Pforzheim  Im Stillstand Durchschnittsgeschwindigkeit: 16 km/h",48.8862048754772,8.78744005956914
"A8","undefined--vi-avl.2025-05-20_20-20-30-000.f_004.de0","48.64130304956861,9.430460223974936,48.63387442294947,9.445099664289735","48.64130304956861,9.430460223974936","WARNING","A8 | Im Rübholz - Kirchheim (Teck)-Ost"," Stuttgart -> München",1,"QUEUING_TRAFFIC","36.20000076293945",2025-05-20,"Beginn: 20.05.25 um 20:20 Uhr  Angespannte Verkehrslage, seit 20.05.2025, 20:20 A8: Stuttgart -> München, zwischen 2.8 km hinter Im Rübholz und 0.8 km vor AS Kirchheim (Teck)-Ost  Stockender Verkehr Reisezeitverlust: 1 Minuten Durchschnittsgeschwindigkeit: 36 km/h",48.6413030495686,9.43046022397494
"A9","undefined--vi-zus.2025-05-20_19-47-05-000.f_001.de0","48.72061222869833,11.479840360448303,48.74003748101779,11.465379637366528","48.72061222869833,11.479840360448303","WARNING","A9 | Neuburg a.d.Donau - Ingolstadt-Süd"," München -> Nürnberg",3,"STATIONARY_TRAFFIC","30.700000762939453",2025-05-20,"Beginn: 20.05.25 um 19:47 Uhr  Zusammengesetzte Verkehrsinformation, seit 20.05.2025, 19:47 A9: München -> Nürnberg, zwischen 1.0 km hinter AS Neuburg a.d.Donau und 1.3 km vor AS Ingolstadt-Süd  Im Stillstand Reisezeitverlust: 3 Minuten Durchschnittsgeschwindigkeit: 30 km/h",48.7206122286983,11.4798403604483
"A9","undefined--vi-hind.2025-05-20_20-12-30-000.f_001.de0","50.547970587548676,11.795799632265243,50.65721970093812,11.814038900014959","50.547970587548676,11.795799632265243","WARNING","A9 | Bad Lobenstein - Triptis"," Nürnberg -> Halle/Leipzig",NA,NA,NA,2025-05-20,"Beginn: 20.05.25 um 20:12 Uhr  Fahrzeug-Hindernis, seit 20.05.2025, 20:12 A9: Nürnberg -> Halle/Leipzig, zwischen 12.4 km hinter AS Bad Lobenstein und 11.0 km vor AS Triptis",50.5479705875487,11.7957996322652
"A9","undefined--vi-avl.2025-05-20_19-32-05-000.f_004.de0","50.923639395925534,11.83967843813363,50.93997703975021,11.835181273395047","50.923639395925534,11.83967843813363","WARNING","A9 | Bad Klosterlausnitz - Kuhberg"," Nürnberg -> Halle/Leipzig",0,"SLOW_TRAFFIC","67.80000305175781",2025-05-20,"Beginn: 20.05.25 um 19:32 Uhr  Angespannte Verkehrslage, seit 20.05.2025, 19:32 A9: Nürnberg -> Halle/Leipzig, zwischen 1.4 km hinter AS Bad Klosterlausnitz und 3.2 km vor Kuhberg  Langsamer Verkehr Reisezeitverlust: 0 Minuten Durchschnittsgeschwindigkeit: 67 km/h",50.9236393959255,11.8396784381336
"A9","undefined--vi-zus.2025-05-20_18-20-03-000.f_005.de0","51.168591795337775,11.996773134807771,51.11339725159672,11.955761832032232","51.168591795337775,11.996773134807771","WARNING","A9 | Weißenfels - Osterfeld"," Halle/Leipzig -> Nürnberg",NA,NA,NA,2025-05-20,"Beginn: 20.05.25 um 18:20 Uhr  Zusammengesetzte Verkehrsinformation, seit 20.05.2025, 18:20 A9: Halle/Leipzig -> Nürnberg, zwischen 1.0 km hinter AS Weißenfels und 0.8 km vor Osterfeld  Gefahr durch eine ungesicherte Unfallstelle  A9 Halle/Leipzig Richtung Nürnberg zwischen Weißenfels und Raststätte Osterfeld West Gefahr durch ungesicherte Unfallstelle auf dem Standstreifen, Polizei ist benachrichtigt, fahren Sie bitte besonders vorsichtig",51.1685917953378,11.9967731348078
"A9","undefined--vi-avl.2025-05-20_20-34-30-000.f_001.de0","52.27761891698878,12.911927412924848,52.27761891698878,12.911927412924848","52.27761891698878,12.911927412924848","WARNING","A9 | Beelitz-Heilstätten - Beelitz-Heilstätten"," Berlin -> Halle/Leipzig",NA,"STATIONARY_TRAFFIC","20",2025-05-20,"Beginn: 20.05.25 um 20:37 Uhr  Angespannte Verkehrslage, seit 20.05.2025, 20:37 A9: Berlin -> Halle/Leipzig, 1.0 km vor AS Beelitz-Heilstätten, aus Richtung Potsdam  Im Stillstand Durchschnittsgeschwindigkeit: 20 km/h",52.2776189169888,12.9119274129248
"A9","undefined--vi-zus.2025-05-20_20-25-33-000.f_002.de0","52.27761891698878,12.911927412924848,52.270904800929685,12.909623200061853","52.27761891698878,12.911927412924848","WARNING","A9 | Potsdam - Beelitz-Heilstätten"," Berlin -> Halle/Leipzig",1,"STATIONARY_TRAFFIC","30.600000381469727",2025-05-20,"Beginn: 20.05.25 um 20:25 Uhr  Zusammengesetzte Verkehrsinformation, seit 20.05.2025, 20:25 A9: Berlin -> Halle/Leipzig, zwischen 1.4 km hinter AD Potsdam und 0.2 km vor AS Beelitz-Heilstätten  Im Stillstand Reisezeitverlust: 1 Minuten Durchschnittsgeschwindigkeit: 30 km/h",52.2776189169888,12.9119274129248
"A10","undefined--vi-hind.2025-05-20_19-12-00-000.f_003.de0","52.30638301802771,13.314862927365066,52.30638301802771,13.314862927365066","52.30638301802771,13.314862927365066","WARNING","A10 | Jühnsdorfer Heide - Ludwigsfelde-Ost"," Schönefelder Kreuz -> Dreieck Potsdam",NA,NA,NA,2025-05-20,"Beginn: 20.05.25 um 19:12 Uhr  Hindernis, seit 20.05.2025, 19:12 A10: Schönefelder Kreuz -> Dreieck Potsdam, zwischen 3.7 km hinter Jühnsdorfer Heide und 1.7 km vor AS Ludwigsfelde-Ost  Gefahr durch Gegenstände auf der Fahrbahn",52.3063830180277,13.3148629273651
"A12","undefined--vi-avl.2025-05-20_20-07-30-000.f_006.de0","52.3155760805876,14.577600847563337,52.314680708111105,14.561546427138259","52.3155760805876,14.577600847563337","WARNING","A12 | Frankfurt(Oder) - Frankfurt(Oder)-Mitte"," Frankfurt(Oder) -> Berliner Ring",4,"SLOW_TRAFFIC","8.399999618530273",2025-05-20,"Beginn: 20.05.25 um 20:07 Uhr  Angespannte Verkehrslage, seit 20.05.2025, 20:07 A12: Frankfurt(Oder) -> Berliner Ring, zwischen Frankfurt(Oder) und 2.9 km vor AS Frankfurt(Oder)-Mitte  Langsamer Verkehr Reisezeitverlust: 4 Minuten Durchschnittsgeschwindigkeit: 8 km/h",52.3155760805876,14.5776008475633
"A12","WarnungA10Lkw3","47.61802931631098,12.202336027754352,47.61802931631098,12.202336027754352","47.61802931631098,12.202336027754352","WARNING","E45/E60 | LKW Blockabfertigung | A12-Inntal Autobahn","Richtung Italien",NA,NA,NA,2025-01-11,"Zeitraum: Beginn: 07.01.2025 Ende: 09.12.2025  Hinweis für LKW-Reisende nach Österreich: LKW-Blockabfertigungen an ausgewählten Tagen für Lkw am Grenzübergang Kufstein/Kiefersfelden. Maximaler Durchlass von 300 LKWs pro Stunde  Die genauen Ausführungszeiten und weitere Informationen auf tirol.gv.at/verkehr/verkehrs-und-seilbahnrecht/lkw-dosierung.",47.618029316311,12.2023360277544
"A12","WarnungA10Lkw2","47.6164490154047,12.202382557672273,47.6164490154047,12.202382557672273","47.6164490154047,12.202382557672273","WARNING","E43/E45/E60 | A13-Brenner Autobahn","Richtung Italien",NA,NA,NA,2025-01-11,"Zeitraum: Beginn: 11.01.2025 Ende: 27.09.2025  Hinweis für LKW-Reisende nach Österreich: LKW-Fahrverbot auf der A12-Inntal Autobahn, A13-Brenner Autobahn und A14-Rheintal/Walgau Autobahn, wenn das Ziel der Fahrt der Anschlussstelle Nößlach bis Anschlussstelle Brenner Nord der Richtungsfahrbahn Staatsgrenze der A 13 Brenner Autobahn erreicht werden soll. An ausgewählten Samstagen 7-15 Uhr sowie weiteren Tagen im Zeitraum 11.01. - 27.09.2025 Weitere Informationen auf http://asfinag.at/a13",47.6164490154047,12.2023825576723
"A14","undefined--vi-zus.2025-05-20_17-25-09-000.f_007.de0","52.33012570092819,11.618452800008985,52.29028243523017,11.624471119086898","52.33012570092819,11.618452800008985","WARNING","A14 | Colbitz - Wolmirstedt"," Colbitz -> Wolmirstedt",NA,NA,NA,2025-05-20,"Beginn: 20.05.25 um 17:25 Uhr  Zusammengesetzte Verkehrsinformation, seit 20.05.2025, 17:25 A14: Colbitz -> Wolmirstedt, zwischen 0.3 km hinter AS Colbitz und 0.2 km vor AS Wolmirstedt  Gefahr durch Gegenstände auf der Fahrbahn  A14 Colbitz Richtung Wolmirstedt zwischen Colbitz und Ausfahrt B189, Wolmirstedt Gefahr durch Gegenstände auf der Fahrbahn, Polizei ist benachrichtigt, bitte vorsichtig fahren",52.3301257009282,11.618452800009
"A15","undefined--vi-zus.2025-05-20_20-26-00-000.f_001.de0","51.724372135187465,14.299697756012765,51.71686752504759,14.343669161964725","51.724372135187465,14.299697756012765","WARNING","A15 | Dubje - Cottbus-Süd"," Dreieck Spreewald -> Breslau",NA,NA,NA,2025-05-20,"Beginn: 20.05.25 um 20:26 Uhr  Zusammengesetzte Verkehrsinformation, seit 20.05.2025, 20:26 A15: Dreieck Spreewald -> Breslau, zwischen 12.9 km hinter Dubje und 0.4 km vor AS Cottbus-Süd  Gefahr durch Gegenstände auf der Fahrbahn  A15 Cottbus Richtung Breslau zwischen Cottbus-West und Cottbus-Süd Gefahr durch liegengebliebenes Fahrzeug auf dem Standstreifen, Gefahr durch Reifenteile auf der Fahrbahn",51.7243721351875,14.2996977560128
"A15","undefined--vi-avl.2025-05-20_20-24-00-000.f.de0","51.70890709988504,14.404734117831369,51.70779461894658,14.435246468267069","51.70890709988504,14.404734117831369","WARNING","A15 | Cottbus-Süd - Roggosen"," Cottbus -> Breslau",0,"SLOW_TRAFFIC","72.30000305175781",2025-05-20,"Beginn: 20.05.25 um 20:24 Uhr  Angespannte Verkehrslage, seit 20.05.2025, 20:24 A15: Cottbus -> Breslau, zwischen 4.0 km hinter AS Cottbus-Süd und 2.1 km vor AS Roggosen  Langsamer Verkehr Reisezeitverlust: 0 Minuten Durchschnittsgeschwindigkeit: 72 km/h",51.708907099885,14.4047341178314
"A31","undefined--vi-avl.2025-05-20_18-23-45-000.f_003.de0","52.12247733857498,7.087279043686348,52.135213635922234,7.08954690446089","52.12247733857498,7.087279043686348","WARNING","A31 | Heek - Gronau/Ochtrup"," Oberhausen -> Gronau",0,"SLOW_TRAFFIC","71",2025-05-20,"Beginn: 20.05.25 um 18:23 Uhr  Angespannte Verkehrslage, seit 20.05.2025, 18:23 A31: Oberhausen -> Gronau, zwischen 0.4 km hinter AS Heek und 6.6 km vor AS Gronau/Ochtrup  Langsamer Verkehr Reisezeitverlust: 0 Minuten Durchschnittsgeschwindigkeit: 71 km/h",52.122477338575,7.08727904368635
"A37","undefined--vi-zus.2025-05-20_10-04-05-000.f_002.de0","52.442156462690335,9.933442989087833,52.436581812162494,9.913211841333315","52.442156462690335,9.933442989087833","WARNING","A37 | Beinhorn - Hannover-Kirchhorst"," Celle -> Hannover",NA,NA,NA,2025-05-20,"Beginn: 20.05.25 um 10:04 Uhr  Zusammengesetzte Verkehrsinformation, seit 20.05.2025, 10:04 B3: Celle -> Hannover, zwischen 0.4 km hinter AS Beinhorn und 2.1 km vor AK Hannover-Kirchhorst  A37 Messe - Burgdorf
zwischen Kreuz Hannover-Buchholz und Beinhorn
in beiden Richtungen geänderte Verkehrsführung im Baustellenbereich, Bauarbeiten, bis 30.10.2026 ca. 18:00 Uhr",52.4421564626903,9.93344298908783
"A37","undefined--vi-zus.2025-05-20_10-04-05-000.f_003.de0","52.42566547847685,9.880479425875153,52.44102213295518,9.93161290421946","52.42566547847685,9.880479425875153","WARNING","Baustelle"," km 22.62 --> km 26.54",NA,NA,NA,2025-05-20,"Beginn: 20.05.25 um 10:04 Uhr  Zusammengesetzte Verkehrsinformation, seit 20.05.2025, 10:04 A37: km 22.62 --> km 26.54  A37 Messe - Burgdorf
zwischen Kreuz Hannover-Buchholz und Beinhorn
in beiden Richtungen geänderte Verkehrsführung im Baustellenbereich, Bauarbeiten, bis 30.10.2026 ca. 18:00 Uhr",52.4256654784769,9.88047942587515
"A42","undefined--vi-avl.2025-05-20_20-37-30-000.f_004.de0","51.50768693680675,7.0070160923837825,51.5075129347913,7.00446986728964","51.50768693680675,7.0070160923837825","WARNING","A42 | Essen-Altenessen - Essen-Nord"," Dortmund -> Kamp-Lintfort",0,"STATIONARY_TRAFFIC","10.5",2025-05-20,"Beginn: 20.05.25 um 20:37 Uhr  Angespannte Verkehrslage, seit 20.05.2025, 20:37 A42: Dortmund -> Kamp-Lintfort, zwischen 0.5 km hinter AS Essen-Altenessen und 0.6 km vor AK Essen-Nord  Im Stillstand Reisezeitverlust: 0 Minuten Durchschnittsgeschwindigkeit: 10 km/h",51.5076869368067,7.00701609238378
"A43","undefined--vi-avl.2025-05-20_20-37-30-000.f.de0","51.9116640852979,7.531670273049041,51.914030926063546,7.545572871254504","51.9116640852979,7.531670273049041","WARNING","A43 | Senden - Münster-Süd"," Recklinghausen -> Münster",0,"SLOW_TRAFFIC","62.599998474121094",2025-05-20,"Beginn: 20.05.25 um 20:37 Uhr  Angespannte Verkehrslage, seit 20.05.2025, 20:37 A43: Recklinghausen -> Münster, zwischen 3.0 km hinter AS Senden und 1.0 km vor AK Münster-Süd  Langsamer Verkehr Reisezeitverlust: 0 Minuten Durchschnittsgeschwindigkeit: 62 km/h",51.9116640852979,7.53167027304904
"A44","undefined--vi-avl.2025-05-20_19-34-00-000.f_001.de0","51.52777532669292,7.806412942162373,51.53323805512703,7.854588665975875","51.52777532669292,7.806412942162373","WARNING","A44 | Buchenhain - Am Haarstrang"," Dortmund -> Kassel",6,"STATIONARY_TRAFFIC","26.899999618530273",2025-05-20,"Beginn: 20.05.25 um 19:34 Uhr  Angespannte Verkehrslage, seit 20.05.2025, 19:34 A44: Dortmund -> Kassel, zwischen 1.0 km hinter Buchenhain und 0.4 km vor Am Haarstrang  Im Stillstand Reisezeitverlust: 6 Minuten Durchschnittsgeschwindigkeit: 26 km/h",51.5277753266929,7.80641294216237
"A44","undefined--vi-avl.2025-05-20_20-35-30-000.f_003.de0","51.52777532669292,7.806412942162373,51.52777532669292,7.806412942162373","51.52777532669292,7.806412942162373","WARNING","A44 | Am Haarstrang - Am Haarstrang"," Dortmund -> Kassel",NA,"STATIONARY_TRAFFIC","11",2025-05-20,"Beginn: 20.05.25 um 20:37 Uhr  Angespannte Verkehrslage, seit 20.05.2025, 20:37 A44: Dortmund -> Kassel, 3.9 km vor Am Haarstrang, aus Richtung Buchenhain  Im Stillstand Durchschnittsgeschwindigkeit: 11 km/h",51.5277753266929,7.80641294216237
"A44","undefined--vi-hind.2025-05-20_20-30-00-000.f.de0","51.586173902291165,8.36959362231311,51.586173902291165,8.36959362231311","51.586173902291165,8.36959362231311","WARNING","A44 | Berge - Hellweg Nord"," Dortmund -> Kassel",NA,NA,NA,2025-05-20,"Beginn: 20.05.25 um 20:30 Uhr  Fahrzeug-Hindernis, seit 20.05.2025, 20:30 A44: Dortmund -> Kassel, zwischen 1.3 km hinter Berge und 8.1 km vor Hellweg Nord Gefahr durch ein defektes Fahrzeug auf der Fahrbahn",51.5861739022912,8.36959362231311
"A44","undefined--vi-avl.2025-05-20_18-20-03-000.f_002.de0","51.5302725721519,8.90228872563605,51.538735987696114,8.84621064787934","51.5302725721519,8.90228872563605","WARNING","A44 | Marsberg - Lichtenau (Westf.)"," Kassel -> Dortmund",1,"SLOW_TRAFFIC","74.9000015258789",2025-05-20,"Beginn: 20.05.25 um 18:20 Uhr  Angespannte Verkehrslage, seit 20.05.2025, 18:20 A44: Kassel -> Dortmund, zwischen 4.4 km hinter AS Marsberg und 0.5 km vor AS Lichtenau (Westf.)  Langsamer Verkehr Reisezeitverlust: 1 Minuten Durchschnittsgeschwindigkeit: 74 km/h",51.5302725721519,8.90228872563605
"A45","undefined--vi-hind.2025-05-20_20-00-00-000.f_004.de0","50.29276010093981,8.964932799999993,50.29276010093981,8.964932799999993","50.29276010093981,8.964932799999993","WARNING","A45 | Florstadt - Altenstadt"," Gießen -> Aschaffenburg",NA,NA,NA,2025-05-20,"Beginn: 20.05.25 um 20:00 Uhr  Fahrzeug-Hindernis, seit 20.05.2025, 20:00 A45: Gießen -> Aschaffenburg, zwischen 5.3 km hinter AS Florstadt und 0.2 km vor AS Altenstadt Gefahr durch ein defektes Fahrzeug auf der Fahrbahn",50.2927601009398,8.96493279999999
"A46","undefined--vi-avl.2025-05-20_20-36-00-000.f.de0","51.29647822161122,7.215156261232792,51.28929683036436,7.202896837179501","51.29647822161122,7.215156261232792","WARNING","A46 | Sternenberg - Wuppertal-Barmen"," Wuppertal -> Düsseldorf",0,"SLOW_TRAFFIC","61.099998474121094",2025-05-20,"Beginn: 20.05.25 um 20:36 Uhr  Angespannte Verkehrslage, seit 20.05.2025, 20:36 A46: Wuppertal -> Düsseldorf, zwischen Sternenberg und 1.7 km vor AS Wuppertal-Barmen  Langsamer Verkehr Reisezeitverlust: 0 Minuten Durchschnittsgeschwindigkeit: 61 km/h",51.2964782216112,7.21515626123279
"A57","undefined--vi-hind.2025-05-20_18-26-52-000.f_003.de0","51.484398713063435,6.578948627368028,51.48562463049465,6.578161707347739","51.484398713063435,6.578948627368028","WARNING","A57 | Dong - Kamp-Lintfort"," Krefeld -> Nimwegen",NA,NA,NA,2025-05-20,"Beginn: 20.05.25 um 18:26 Uhr  Fahrzeug-Hindernis, seit 20.05.2025, 18:26 A57: Krefeld -> Nimwegen, zwischen 1.4 km hinter Dong und 0.4 km vor AK Kamp-Lintfort Gefahr durch ein defektes Fahrzeug auf der Fahrbahn",51.4843987130634,6.57894862736803
"A59","undefined--vi-avl.2025-05-20_19-46-30-000.f.de0","51.46285770093365,6.769382499995315,51.47478569177387,6.766613248154541","51.46285770093365,6.769382499995315","WARNING","A59 | Duisburg-Ruhrort - Duisburg-Nord"," Duisburg -> Dinslaken",0,"SLOW_TRAFFIC","46.5",2025-05-20,"Beginn: 20.05.25 um 19:46 Uhr  Angespannte Verkehrslage, seit 20.05.2025, 19:46 A59: Duisburg -> Dinslaken, zwischen AS Duisburg-Ruhrort und 1.0 km vor AK Duisburg-Nord  Langsamer Verkehr Reisezeitverlust: 0 Minuten Durchschnittsgeschwindigkeit: 46 km/h",51.4628577009336,6.76938249999531
"A59","undefined--vi-avl.2025-05-20_19-49-30-000.f_001.de0","51.46285770093365,6.769382499995315,51.46285770093365,6.769382499995315","51.46285770093365,6.769382499995315","WARNING","A59 | Duisburg-Meiderich - Duisburg-Meiderich"," Duisburg -> Dinslaken",NA,"SLOW_TRAFFIC","18",2025-05-20,"Beginn: 20.05.25 um 20:37 Uhr  Angespannte Verkehrslage, seit 20.05.2025, 20:37 A59: Duisburg -> Dinslaken, 0.8 km vor AS Duisburg-Meiderich, aus Richtung Duisburg-Ruhrort  Langsamer Verkehr Durchschnittsgeschwindigkeit: 18 km/h",51.4628577009336,6.76938249999531
"A60","undefined--vi-avl.2025-05-20_20-35-00-000.f.de0","50.2299084009402,6.187028799984416,50.22749779122358,6.191043378582527","50.2299084009402,6.187028799984416","WARNING","A60 | Steinebrück - Winterspelt"," Lüttich -> Wittlich",0,"QUEUING_TRAFFIC","28.700000762939453",2025-05-20,"Beginn: 20.05.25 um 20:35 Uhr  Angespannte Verkehrslage, seit 20.05.2025, 20:35 A60: Lüttich -> Wittlich, zwischen 0.2 km hinter Steinebrück und 0.2 km vor AS Winterspelt  Stockender Verkehr Reisezeitverlust: 0 Minuten Durchschnittsgeschwindigkeit: 28 km/h",50.2299084009402,6.18702879998442
"A60","undefined--vi-avl.2025-05-20_20-35-30-000.f_002.de0","50.2299084009402,6.187028799984416,50.2299084009402,6.187028799984416","50.2299084009402,6.187028799984416","WARNING","A60 | Winterspelt - Winterspelt"," Lüttich -> Wittlich",NA,"QUEUING_TRAFFIC","19",2025-05-20,"Beginn: 20.05.25 um 20:37 Uhr  Angespannte Verkehrslage, seit 20.05.2025, 20:37 A60: Lüttich -> Wittlich, 0.6 km vor AS Winterspelt, aus Richtung Steinebrück  Stockender Verkehr Durchschnittsgeschwindigkeit: 19 km/h",50.2299084009402,6.18702879998442
"A60","undefined--vi-hind.2025-05-20_20-12-00-000.f.de0","49.97468840094123,8.285430399999804,49.97468840094123,8.285430399999804","49.97468840094123,8.285430399999804","WARNING","A60 | Hechtsheim - Mainz-Weisenau"," Mainz -> Rüsselsheim",NA,NA,NA,2025-05-20,"Beginn: 20.05.25 um 20:12 Uhr  Hindernis, seit 20.05.2025, 20:12 A60: Mainz -> Rüsselsheim, zwischen 0.4 km hinter Hechtsheim und 0.3 km vor AS Mainz-Weisenau  Gefahr durch Gegenstände auf der Fahrbahn",49.9746884009412,8.2854303999998
"A60","undefined--vi-zus.2025-04-08_08-51-21-000.f_013.de0","49.98125533976677,8.345695317688524,49.97565770865279,8.441396718063045","49.98125533976677,8.345695317688524","WARNING","A60 | Mainspitz-Dreieck - Rüsselsheimer Dreieck"," Mainz -> Rüsselsheim",NA,NA,NA,2025-04-08,"Beginn: 08.04.25 um 08:51 Uhr  Zusammengesetzte Verkehrsinformation, seit 08.04.2025, 08:51 A60: Mainz -> Rüsselsheim, zwischen 0.5 km hinter AD Mainspitz-Dreieck und 2.2 km vor AD Rüsselsheimer Dreieck  Sperrung der A60 bei Königstädten – Grundhafte Fahrbahnerneuerung zwischen dem Rüsselsheimer Dreieck und dem Mainspitz Dreieck. Die Niederlassung West der Autobahn GmbH erneuert zwischen dem Rüsselsheimer Dreieck (30) und dem Mainspitz Dreieck (26) die Fahrbahn. Von Donnerstagmorgen (24. April) bis Mitte Juli wird die Anschlussstelle (AS) Königstädten (29) in Fahrtrichtung (FR) Mainz sowie in FR Rüsselsheimer Dreieck gesperrt. Umleitungsmöglichkeiten sind ausgeschildert: • Ausfahrt FR Mainz: Umleitung via AS Rüsselsheim-Mitte • Einfahrt FR Mainz: innerstädtische Umleitung zur AS Rüsselsheim-Mitte (Adam-Opel-Straße / Kurt-Schumacher-Ring), von Nauheim kommend via L3482 zur AS Bischofsheim • Einfahrt FR Darmstadt: innerstädtische Umleitung zur AS Rüsselsheim-Mitte (Adam-Opel-Straße / Kurt-Schumacher-Ring) Die Autobahn GmbH bittet alle Verkehrsteilnehmer um Verständnis für die unvermeidlichen Verkehrsbehinderungen, die durch die Arbeiten entstehen.",49.9812553397668,8.34569531768852
"A60","undefined--vi-zus.2025-05-03_10-55-00-000.f_003.de0","49.977457399447445,8.454646346787307,49.981587265039146,8.34517285786785","49.977457399447445,8.454646346787307","WARNING","A60 | Rüsselsheimer Dreieck - Mainspitz-Dreieck"," Rüsselsheim -> Mainz",NA,NA,NA,2025-05-03,"Beginn: 03.05.25 um 10:55 Uhr  Zusammengesetzte Verkehrsinformation, seit 03.05.2025, 10:55 A60: Rüsselsheim -> Mainz, zwischen 0.6 km hinter AD Rüsselsheimer Dreieck und 0.5 km vor AD Mainspitz-Dreieck  Sperrung der A60 bei Königstädten – Grundhafte Fahrbahnerneuerung zwischen dem Rüsselsheimer Dreieck und dem Mainspitz Dreieck. Die Niederlassung West der Autobahn GmbH erneuert zwischen dem Rüsselsheimer Dreieck (30) und dem Mainspitz Dreieck (26) die Fahrbahn. Von Donnerstagmorgen (24. April) bis Mitte Juli wird die Anschlussstelle (AS) Königstädten (29) in Fahrtrichtung (FR) Mainz sowie in FR Rüsselsheimer Dreieck gesperrt. Umleitungsmöglichkeiten sind ausgeschildert: • Ausfahrt FR Mainz: Umleitung via AS Rüsselsheim-Mitte • Einfahrt FR Mainz: innerstädtische Umleitung zur AS Rüsselsheim-Mitte (Adam-Opel-Straße / Kurt-Schumacher-Ring), von Nauheim kommend via L3482 zur AS Bischofsheim • Einfahrt FR Darmstadt: innerstädtische Umleitung zur AS Rüsselsheim-Mitte (Adam-Opel-Straße / Kurt-Schumacher-Ring) Die Autobahn GmbH bittet alle Verkehrsteilnehmer um Verständnis für die unvermeidlichen Verkehrsbehinderungen, die durch die Arbeiten entstehen.",49.9774573994474,8.45464634678731
"A66","undefined--vi-hind.2025-05-20_20-19-00-000.f_005.de0","50.04976562593048,8.297315372409486,50.054389301029566,8.310693672356424","50.04976562593048,8.297315372409486","WARNING","A66 | Wiesbaden-Erbenheim - Wiesbaden-Erbenheim"," Wiesbaden -> Frankfurt",NA,NA,NA,2025-05-20,"Beginn: 20.05.25 um 20:19 Uhr  Hindernis, seit 20.05.2025, 20:19 A66: Wiesbaden -> Frankfurt, zwischen 0.3 km hinter AS Wiesbaden-Erbenheim und 0.2 km vor Wiesbaden-Erbenheim  Gefahr durch Personen auf der Fahrbahn",50.0497656259305,8.29731537240949
"A66","undefined--vi-hind.2025-05-20_20-19-00-000.f_003.de0","50.05456074116227,8.310710182239973,50.049893913975815,8.297648955155712","50.05456074116227,8.310710182239973","WARNING","A66 | Wiesbaden-Erbenheim - Wiesbaden-Erbenheim"," Frankfurt -> Wiesbaden",NA,NA,NA,2025-05-20,"Beginn: 20.05.25 um 20:19 Uhr  Hindernis, seit 20.05.2025, 20:19 A66: Frankfurt -> Wiesbaden, zwischen 0.2 km hinter Wiesbaden-Erbenheim und 0.3 km vor AS Wiesbaden-Erbenheim  Gefahr durch Personen auf der Fahrbahn",50.0545607411623,8.31071018223997
"A67","undefined--vi-avl.2025-05-20_19-56-00-000.f.de0","49.9927480386582,8.469904972593687,50.00947095647988,8.491748527071154","49.9927480386582,8.469904972593687","WARNING","A67 | Rüsselsheim-Ost - Mönchhof-Dreieck"," Darmstadt -> Mönchhof-Dreieck",5,"STATIONARY_TRAFFIC","23.100000381469727",2025-05-20,"Beginn: 20.05.25 um 19:56 Uhr  Angespannte Verkehrslage, seit 20.05.2025, 19:56 A67: Darmstadt -> Mönchhof-Dreieck, zwischen 0.3 km hinter AS Rüsselsheim-Ost und 2.1 km vor AD Mönchhof-Dreieck  Im Stillstand Reisezeitverlust: 5 Minuten Durchschnittsgeschwindigkeit: 23 km/h",49.9927480386582,8.46990497259369
"A67","undefined--vi-avl.2025-05-20_20-19-00-000.f_001.de0","49.992853642094886,8.469982815693182,49.992853642094886,8.469982815693182","49.992853642094886,8.469982815693182","WARNING","A67 | Neuhöfer Tann - Neuhöfer Tann"," Darmstadt -> Mönchhof-Dreieck",NA,"STATIONARY_TRAFFIC","20",2025-05-20,"Beginn: 20.05.25 um 20:37 Uhr  Angespannte Verkehrslage, seit 20.05.2025, 20:37 A67: Darmstadt -> Mönchhof-Dreieck, 1.4 km vor Neuhöfer Tann, aus Richtung Rüsselsheim-Ost  Im Stillstand Durchschnittsgeschwindigkeit: 20 km/h",49.9928536420949,8.46998281569318
"A70","undefined--vi-avl.2025-05-20_19-58-09-000.f.de0","50.03180603951559,11.469985613155455,50.03910320070286,11.49080299375673","50.03180603951559,11.469985613155455","WARNING","A70 | Thurnau-Ost - Bayreuth/Kulmbach"," Bamberg -> Bayreuth",0,"SLOW_TRAFFIC","65.5999984741211",2025-05-20,"Beginn: 20.05.25 um 19:58 Uhr  Angespannte Verkehrslage, seit 20.05.2025, 19:58 A70: Bamberg -> Bayreuth, zwischen 4.5 km hinter AS Thurnau-Ost und 16.2 km vor AD Bayreuth/Kulmbach  Langsamer Verkehr Reisezeitverlust: 0 Minuten Durchschnittsgeschwindigkeit: 65 km/h",50.0318060395156,11.4699856131555
"A81","undefined--vi-avl.2025-05-20_20-37-00-000.f.de0","48.56895500821565,8.898720944956098,48.57844861373277,8.899607220366503","48.56895500821565,8.898720944956098","WARNING","A81 | Geyern - Herrenberg"," Singen -> Stuttgart",0,"SLOW_TRAFFIC","61.900001525878906",2025-05-20,"Beginn: 20.05.25 um 20:37 Uhr  Angespannte Verkehrslage, seit 20.05.2025, 20:37 A81: Singen -> Stuttgart, zwischen 5.1 km hinter Geyern und 0.3 km vor AS Herrenberg  Langsamer Verkehr Reisezeitverlust: 0 Minuten Durchschnittsgeschwindigkeit: 61 km/h",48.5689550082157,8.8987209449561
"A93","undefined--vi-avl.2025-05-20_20-30-30-000.f_006.de0","49.00928737455302,12.060896857638944,49.022455840148666,12.069296347551933","49.00928737455302,12.060896857638944","WARNING","A93 | Regensburg-Kumpfmühl - Regensburg-West"," Holledau -> Regensburg",1,"SLOW_TRAFFIC","45.599998474121094",2025-05-20,"Beginn: 20.05.25 um 20:30 Uhr  Angespannte Verkehrslage, seit 20.05.2025, 20:30 A93: Holledau -> Regensburg, zwischen 0.9 km hinter AS Regensburg-Kumpfmühl und 0.2 km vor AS Regensburg-West  Langsamer Verkehr Reisezeitverlust: 1 Minuten Durchschnittsgeschwindigkeit: 45 km/h",49.009287374553,12.0608968576389
"A93","undefined--vi-avl.2025-05-20_20-37-30-000.f_001.de0","49.00928737455302,12.060896857638944,49.00928737455302,12.060896857638944","49.00928737455302,12.060896857638944","WARNING","A93 | Regensburg-Königswiesen - Regensburg-Königswiesen"," Holledau -> Regensburg",NA,"SLOW_TRAFFIC","26",2025-05-20,"Beginn: 20.05.25 um 20:37 Uhr  Angespannte Verkehrslage, seit 20.05.2025, 20:37 A93: Holledau -> Regensburg, 0.1 km vor AS Regensburg-Königswiesen, aus Richtung Regensburg-Kumpfmühl  Langsamer Verkehr Durchschnittsgeschwindigkeit: 26 km/h",49.009287374553,12.0608968576389
"A93","undefined--vi-hind.2025-05-20_20-21-30-000.f_002.de0","49.047413300944974,12.094000500028278,49.116074414141,12.104627544105725","49.047413300944974,12.094000500028278","WARNING","A93 | Regensburg-Nord - Regenstauf"," Holledau -> Weiden",NA,NA,NA,2025-05-20,"Beginn: 20.05.25 um 20:21 Uhr  Hindernis, seit 20.05.2025, 20:21 A93: Holledau -> Weiden, zwischen 0.4 km hinter AS Regensburg-Nord und 0.3 km vor AS Regenstauf  Gefahr durch Personen auf der Fahrbahn",49.047413300945,12.0940005000283
"A93","undefined--vi-hind.2025-05-20_20-21-30-000.f_003.de0","49.11631934104642,12.10458193125753,49.04744267978406,12.093766852018799","49.11631934104642,12.10458193125753","WARNING","A93 | Regenstauf - Regensburg-Nord"," Weiden -> Holledau",NA,NA,NA,2025-05-20,"Beginn: 20.05.25 um 20:21 Uhr  Hindernis, seit 20.05.2025, 20:21 A93: Weiden -> Holledau, zwischen 0.3 km hinter AS Regenstauf und 0.4 km vor AS Regensburg-Nord  Gefahr durch Personen auf der Fahrbahn",49.1163193410464,12.1045819312575
"A96","undefined--vi-zus.2025-05-05_23-21-00-000.f.de0","48.029334951696036,10.464231760023,48.032507613258616,10.445182045778411","48.029334951696036,10.464231760023","WARNING","A96 | Mindelheim - Stetten"," München -> Lindau",NA,NA,NA,2025-05-05,"Beginn: 05.05.25 um 23:21 Uhr  Zusammengesetzte Verkehrsinformation, seit 05.05.2025, 23:21 A96: München -> Lindau, zwischen 3.6 km hinter AS Mindelheim und 0.3 km vor AS Stetten  A96, Lindau - München, in beiden Richtungen, zwischen Anschlussstelle Stetten und Anschlussstelle Mindelheim, Brückenarbeiten, von 05.05.2025 bis 30.10.2025",48.029334951696,10.464231760023
"A96","undefined--vi-avl.2025-05-20_19-48-30-000.f.de0","48.030842179218546,10.664228397067523,48.02680776850765,10.683411200384159","48.030842179218546,10.664228397067523","WARNING","A96 | Wertachtal - Buchloe-West"," Lindau -> München",0,"SLOW_TRAFFIC","58.5",2025-05-20,"Beginn: 20.05.25 um 20:28 Uhr  Angespannte Verkehrslage, seit 20.05.2025, 20:28 A96: Lindau -> München, zwischen 0.7 km hinter Wertachtal und 2.0 km vor AS Buchloe-West  Langsamer Verkehr Reisezeitverlust: 0 Minuten Durchschnittsgeschwindigkeit: 58 km/h",48.0308421792185,10.6642283970675
"A96","undefined--vi-avl.2025-05-20_20-32-00-000.f_001.de0","48.04063692816085,10.630919979352313,48.04095488707309,10.608412611887456","48.04063692816085,10.630919979352313","WARNING","A96 | Wertachtal - Mindelheim"," München -> Lindau",0,"SLOW_TRAFFIC","64.30000305175781",2025-05-20,"Beginn: 20.05.25 um 20:32 Uhr  Angespannte Verkehrslage, seit 20.05.2025, 20:32 A96: München -> Lindau, zwischen 2.0 km hinter Wertachtal und 7.6 km vor AS Mindelheim  Langsamer Verkehr Reisezeitverlust: 0 Minuten Durchschnittsgeschwindigkeit: 64 km/h",48.0406369281609,10.6309199793523
"A113","undefined--vi-zus.2025-05-06_00-21-00-000.f_003.de0","52.43025717661688,13.505075428607936,52.42875800093087,13.509218300121121","52.43025717661688,13.505075428607936","WARNING","A113 | Stubenrauchstraße - Adlershof"," Neukölln -> Schönefeld",NA,NA,NA,2025-05-06,"Beginn: 06.05.25 um 00:21 Uhr  Zusammengesetzte Verkehrsinformation, seit 06.05.2025, 00:21 A113: Neukölln -> Schönefeld, zwischen 0.6 km hinter AS Stubenrauchstraße und 0.3 km vor AS Adlershof  A113 Autobahnzubringer Dresden, Neukölln Richtung Schönefeld
zwischen Stubenrauchstraße und Tunnel Rudower Höhe
linker Fahrstreifen gesperrt, Bauarbeiten, bis voraussichtlich 20.06.2025",52.4302571766169,13.5050754286079
"A115","undefined--vi-zus.2024-10-09_07-09-40-000.f_531.de0","52.40027056808641,13.185163736426698,52.44227384698058,13.202709435405149","52.40027056808641,13.185163736426698","WARNING","A115 | Am Stern - Hüttenweg"," Dreieck Nuthetal -> Dreieck Funkturm",NA,NA,NA,2024-10-09,"Beginn: 09.10.24 um 07:09 Uhr  Zusammengesetzte Verkehrsinformation, seit 09.10.2024, 07:09 A115: Dreieck Nuthetal -> Dreieck Funkturm, zwischen 2.9 km hinter Am Stern und 3.8 km vor AS Hüttenweg  A115 Autobahnzubringer Magdeburg, Dreieck Nuthetal Richtung Dreieck Funkturm, zwischen Anschlussstelle Kleinmachnow und Anschlussstelle Spanische Allee, Baustelle, bis 31.10.2026 17:00 Uhr",52.4002705680864,13.1851637364267
