"road","identifier","extent","point","display_type","title","subtitle","delay_minutes","abnormalTrafficType","averageSpeed","startTimestamp","description","latitude","longitude"
"A1","undefined--vi-avl.2025-05-20_21-03-00-000.f_004.de0","51.28303387218626,7.2582448297784845,51.30091512167553,7.262629884436283","51.28303387218626,7.2582448297784845","WARNING","A1 | Kucksiepen - Wuppertal-Nord"," Köln -> Dortmund",1,"SLOW_TRAFFIC","50.599998474121094",2025-05-20,"Beginn: 20.05.25 um 21:03 Uhr  Angespannte Verkehrslage, seit 20.05.2025, 21:03 A1: Köln -> Dortmund, zwischen 2.2 km hinter Kucksiepen und 1.6 km vor AK Wuppertal-Nord  Langsamer Verkehr Reisezeitverlust: 1 Minuten Durchschnittsgeschwindigkeit: 50 km/h",51.2830338721863,7.25824482977848
"A1","undefined--vi-hind.2025-05-20_22-14-30-000.f.de0","51.27921250986635,7.259611203350537,51.280341914933885,7.259191069417905","51.27921250986635,7.259611203350537","WARNING","A1 | Kucksiepen - Wuppertal-Langerfeld"," Köln -> Dortmund",NA,NA,NA,2025-05-20,"Beginn: 20.05.25 um 22:14 Uhr  Fahrzeug-Hindernis, seit 20.05.2025, 22:14 A1: Köln -> Dortmund, zwischen 1.7 km hinter Kucksiepen und 0.3 km vor AS Wuppertal-Langerfeld Gefahr durch ein defektes Fahrzeug auf der Fahrbahn",51.2792125098663,7.25961120335054
"A1","undefined--vi-avl.2025-05-20_22-19-30-000.f.de0","51.5217935487197,7.658037198119119,51.53580827376368,7.661286983762063","51.5217935487197,7.658037198119119","WARNING","A1 | Lichtendorf - Kamen-Zentrum"," Köln -> Münster",0,"SLOW_TRAFFIC","51.400001525878906",2025-05-20,"Beginn: 20.05.25 um 22:19 Uhr  Angespannte Verkehrslage, seit 20.05.2025, 22:19 A1: Köln -> Münster, zwischen 7.5 km hinter Lichtendorf und 4.5 km vor AS Kamen-Zentrum  Langsamer Verkehr Reisezeitverlust: 0 Minuten Durchschnittsgeschwindigkeit: 51 km/h",51.5217935487197,7.65803719811912
"A1","undefined--vi-hind.2025-05-20_22-01-00-000.f_001.de0","53.50929678257153,10.057088901590378,53.50929678257153,10.057088901590378","53.50929678257153,10.057088901590378","WARNING","A1 | Hamburg-Norderelbe - Hamburg-Südost"," Hamburg -> Lübeck",NA,NA,NA,2025-05-20,"Beginn: 20.05.25 um 22:01 Uhr  Fahrzeug-Hindernis, seit 20.05.2025, 22:01 A1: Hamburg -> Lübeck, zwischen 1.2 km hinter AK Hamburg-Norderelbe und 1.2 km vor AD Hamburg-Südost",53.5092967825715,10.0570889015904
"A1","undefined--vi-hind.2025-05-20_22-01-00-000.f.de0","53.509302500919404,10.063278300000514,53.5094444127468,10.056993241326454","53.509302500919404,10.063278300000514","WARNING","A1 | Hamburg-Südost - Hamburg-Norderelbe"," Lübeck -> Hamburg",NA,NA,NA,2025-05-20,"Beginn: 20.05.25 um 22:01 Uhr  Fahrzeug-Hindernis, seit 20.05.2025, 22:01 A1: Lübeck -> Hamburg, zwischen 1.2 km hinter AD Hamburg-Südost und 1.4 km vor AK Hamburg-Norderelbe",53.5093025009194,10.0632783000005
"A1","undefined--vi-hind.2025-05-20_19-20-30-000.f_007.de0","53.87919300091635,10.66061360000142,53.8827857422508,10.664596574039464","53.87919300091635,10.66061360000142","WARNING","A1 | Lübeck-Moisling - Bad Schwartau"," Hamburg -> Fehmarn",NA,NA,NA,2025-05-20,"Beginn: 20.05.25 um 19:20 Uhr  Fahrzeug-Hindernis, seit 20.05.2025, 19:20 A1: Hamburg -> Fehmarn, zwischen 3.0 km hinter AS Lübeck-Moisling und 3.1 km vor AS Bad Schwartau Gefahr durch ein defektes Fahrzeug auf der Fahrbahn",53.8791930009164,10.6606136000014
"A2","undefined--vi-avl.2025-05-20_22-20-30-000.f.de0","51.53874591257574,6.850654080703393,51.53887574555629,6.864115930365085","51.53874591257574,6.850654080703393","WARNING","A2 | Oberhausen - Oberhausen-Königshardt"," Oberhausen -> Dortmund",1,"QUEUING_TRAFFIC","27.200000762939453",2025-05-20,"Beginn: 20.05.25 um 22:20 Uhr  Angespannte Verkehrslage, seit 20.05.2025, 22:20 A2: Oberhausen -> Dortmund, zwischen 1.2 km hinter AK Oberhausen und 0.4 km vor AS Oberhausen-Königshardt  Stockender Verkehr Reisezeitverlust: 1 Minuten Durchschnittsgeschwindigkeit: 27 km/h",51.5387459125757,6.85065408070339
"A2","undefined--vi-avl.2025-05-20_22-21-30-000.f.de0","51.53874591257574,6.850654080703393,51.53874591257574,6.850654080703393","51.53874591257574,6.850654080703393","WARNING","A2 | Oberhausen-Königshardt - Oberhausen-Königshardt"," Oberhausen -> Dortmund",NA,"QUEUING_TRAFFIC","16",2025-05-20,"Beginn: 20.05.25 um 22:21 Uhr  Angespannte Verkehrslage, seit 20.05.2025, 22:21 A2: Oberhausen -> Dortmund, 1.3 km vor AS Oberhausen-Königshardt, aus Richtung Oberhausen  Stockender Verkehr Durchschnittsgeschwindigkeit: 16 km/h",51.5387459125757,6.85065408070339
"A2","undefined--vi-avl.2025-05-20_22-19-30-000.f_005.de0","52.2196660715803,9.146762461874273,52.2196660715803,9.146762461874273","52.2196660715803,9.146762461874273","WARNING","A2 | Bad Eilsen-Ost - Bad Eilsen-Ost"," Hannover -> Dortmund",NA,"QUEUING_TRAFFIC","27",2025-05-20,"Beginn: 20.05.25 um 22:21 Uhr  Angespannte Verkehrslage, seit 20.05.2025, 22:21 A2: Hannover -> Dortmund, 1.5 km vor AS Bad Eilsen-Ost, aus Richtung Bernser Kirchweg  Stockender Verkehr Durchschnittsgeschwindigkeit: 27 km/h",52.2196660715803,9.14676246187427
"A2","undefined--vi-avl.2025-05-20_22-09-30-000.f_007.de0","52.2196660715803,9.146762461874273,52.22057781717007,9.132168712605122","52.2196660715803,9.146762461874273","WARNING","A2 | Bernser Kirchweg - Bad Eilsen-Ost"," Hannover -> Dortmund",1,"QUEUING_TRAFFIC","36.5",2025-05-20,"Beginn: 20.05.25 um 22:09 Uhr  Angespannte Verkehrslage, seit 20.05.2025, 22:09 A2: Hannover -> Dortmund, zwischen 1.4 km hinter Bernser Kirchweg und 0.5 km vor AS Bad Eilsen-Ost  Stockender Verkehr Reisezeitverlust: 1 Minuten Durchschnittsgeschwindigkeit: 36 km/h",52.2196660715803,9.14676246187427
"A2","undefined--vi-avl.2025-05-20_22-07-30-000.f_001.de0","52.173943033733636,11.486062983068049,52.16517784940581,11.51062049444807","52.173943033733636,11.486062983068049","WARNING","A2 | Börde - Magdeburg"," Braunschweig -> Magdeburg",0,"SLOW_TRAFFIC","69.9000015258789",2025-05-20,"Beginn: 20.05.25 um 22:07 Uhr  Angespannte Verkehrslage, seit 20.05.2025, 22:07 A2: Braunschweig -> Magdeburg, zwischen 2.6 km hinter Börde und 2.4 km vor AK Magdeburg  Langsamer Verkehr Reisezeitverlust: 0 Minuten Durchschnittsgeschwindigkeit: 69 km/h",52.1739430337336,11.486062983068
"A3","undefined--vi-avl.2025-05-20_21-58-30-000.f.de0","48.52292908777627,13.398225465963417,48.550740221687555,13.395610697589742","48.52292908777627,13.398225465963417","WARNING","A3 | Rottal-Ost - Hammerbach"," Linz -> Nürnberg",1,"SLOW_TRAFFIC","60.29999923706055",2025-05-20,"Beginn: 20.05.25 um 21:58 Uhr  Angespannte Verkehrslage, seit 20.05.2025, 21:58 A3: Linz -> Nürnberg, zwischen 7.5 km hinter Rottal-Ost und 1.1 km vor Hammerbach  Langsamer Verkehr Reisezeitverlust: 1 Minuten Durchschnittsgeschwindigkeit: 60 km/h",48.5229290877763,13.3982254659634
"A3","undefined--vi-avl.2025-05-20_18-52-32-000.f_007.de0","48.77809801525158,13.02755546251522,48.789170809583446,13.008432292337677","48.77809801525158,13.02755546251522","WARNING","A3 | Hengersberg - Isarblick"," Passau -> Nürnberg",0,"SLOW_TRAFFIC","62",2025-05-20,"Beginn: 20.05.25 um 18:52 Uhr  Angespannte Verkehrslage, seit 20.05.2025, 18:52 A3: Passau -> Nürnberg, zwischen 1.3 km hinter AS Hengersberg und 2.8 km vor Isarblick  Langsamer Verkehr Reisezeitverlust: 0 Minuten Durchschnittsgeschwindigkeit: 62 km/h",48.7780980152516,13.0275554625152
"A3","undefined--vi-hind.2025-05-20_21-23-30-000.f_002.de0","49.380533400943676,11.343884400006912,49.361355500943716,11.425877200008168","49.380533400943676,11.343884400006912","WARNING","A3 | Altdorf/Burgthann - Eichenäcker"," Nürnberg -> Passau",NA,NA,NA,2025-05-20,"Beginn: 20.05.25 um 21:23 Uhr  Hindernis, seit 20.05.2025, 21:23 A3: Nürnberg -> Passau, zwischen 0.3 km hinter AS Altdorf/Burgthann und 1.0 km vor Eichenäcker  Gefahr durch Gegenstände auf der Fahrbahn",49.3805334009437,11.3438844000069
"A3","undefined--vi-avl.2025-05-20_22-14-30-000.f_001.de0","50.15495713923952,8.3079574338298,50.17183562606817,8.288700842641104","50.15495713923952,8.3079574338298","WARNING","A3 | Niedernhausen - Idstein"," Frankfurt -> Köln",1,"SLOW_TRAFFIC","57.599998474121094",2025-05-20,"Beginn: 20.05.25 um 22:14 Uhr  Angespannte Verkehrslage, seit 20.05.2025, 22:14 A3: Frankfurt -> Köln, zwischen 2.1 km hinter AS Niedernhausen und 5.6 km vor AS Idstein  Langsamer Verkehr Reisezeitverlust: 1 Minuten Durchschnittsgeschwindigkeit: 57 km/h",50.1549571392395,8.3079574338298
"A3","undefined--vi-avl.2025-05-20_20-46-30-000.f_001.de0","51.15424332278871,6.965235841306118,51.15424332278871,6.965235841306118","51.15424332278871,6.965235841306118","WARNING","A3 | Solingen - Solingen"," Oberhausen -> Köln",NA,"STATIONARY_TRAFFIC","8",2025-05-20,"Beginn: 20.05.25 um 22:21 Uhr  Angespannte Verkehrslage, seit 20.05.2025, 22:21 A3: Oberhausen -> Köln, 3.8 km vor AS Solingen, aus Richtung Ohligser Heide  Im Stillstand Durchschnittsgeschwindigkeit: 8 km/h",51.1542433227887,6.96523584130612
"A3","undefined--vi-avl.2025-05-20_20-38-00-000.f_001.de0","51.15424332278871,6.965235841306118,51.123898200935564,6.978046999996868","51.15424332278871,6.965235841306118","WARNING","A3 | Ohligser Heide - Solingen"," Oberhausen -> Köln",13,"STATIONARY_TRAFFIC","13.699999809265137",2025-05-20,"Beginn: 20.05.25 um 20:38 Uhr  Angespannte Verkehrslage, seit 20.05.2025, 20:38 A3: Oberhausen -> Köln, zwischen 0.5 km hinter Ohligser Heide und 0.3 km vor AS Solingen  Im Stillstand Reisezeitverlust: 13 Minuten Durchschnittsgeschwindigkeit: 13 km/h",51.1542433227887,6.96523584130612
"A3","undefined--vi-hind.2025-05-20_21-48-30-000.f_001.de0","51.25190207670156,6.91293278613558,51.25190207670156,6.91293278613558","51.25190207670156,6.91293278613558","WARNING","A3 | Mettmann - Stindertal / Stinderhof"," Oberhausen -> Köln",NA,NA,NA,2025-05-20,"Beginn: 20.05.25 um 21:48 Uhr  Fahrzeug-Hindernis, seit 20.05.2025, 21:48 A3: Oberhausen -> Köln, zwischen 0.9 km hinter AS Mettmann und 1.5 km vor Stindertal / Stinderhof Gefahr durch ein defektes Fahrzeug auf der Fahrbahn",51.2519020767016,6.91293278613558
"A3","undefined--vi-hind.2025-05-20_21-29-00-000.f_004.de0","51.25840240093482,6.914443099996465,51.256898387323204,6.914100868926983","51.25840240093482,6.914443099996465","WARNING","A3 | Mettmann - Stindertal / Stinderhof"," Oberhausen -> Köln",NA,NA,NA,2025-05-20,"Beginn: 20.05.25 um 21:29 Uhr  Hindernis, seit 20.05.2025, 21:29 A3: Oberhausen -> Köln, zwischen 0.1 km hinter AS Mettmann und 2.2 km vor Stindertal / Stinderhof  Gefahr durch Gegenstände auf der Fahrbahn",51.2584024009348,6.91444309999646
"A4","undefined--vi-avl.2025-05-20_21-59-30-000.f.de0","51.18486738575326,14.996300206418752,51.18486738575326,14.996300206418752","51.18486738575326,14.996300206418752","WARNING","A4 | An der Neiße - An der Neiße"," Görlitz -> Dresden",NA,"QUEUING_TRAFFIC","23",2025-05-20,"Beginn: 20.05.25 um 22:19 Uhr  Angespannte Verkehrslage, seit 20.05.2025, 22:19 A4: Görlitz -> Dresden, 0.6 km vor An der Neiße, aus Richtung Ludwigsdorf  Stockender Verkehr Durchschnittsgeschwindigkeit: 23 km/h",51.1848673857533,14.9963002064188
"A4","undefined--vi-zus.2025-05-20_21-58-30-000.f.de0","51.18486738575326,14.996300206418752,51.18663432990112,14.98982491649232","51.18486738575326,14.996300206418752","WARNING","A4 | Ludwigsdorf - An der Neiße"," Görlitz -> Dresden",0,"QUEUING_TRAFFIC","24.299999237060547",2025-05-20,"Beginn: 20.05.25 um 21:58 Uhr  Zusammengesetzte Verkehrsinformation, seit 20.05.2025, 21:58 A4: Görlitz -> Dresden, zwischen 1.0 km hinter Ludwigsdorf und 0.1 km vor An der Neiße  Stockender Verkehr Reisezeitverlust: 0 Minuten Durchschnittsgeschwindigkeit: 24 km/h",51.1848673857533,14.9963002064188
"A6","undefined--vi-avl.2025-05-20_22-19-30-000.f_001.de0","49.20616638429188,10.191286905325125,49.210201758919354,10.178497804927515","49.20616638429188,10.191286905325125","WARNING","A6 | Rothensteig - Schnelldorf"," Nürnberg -> Heilbronn",0,"SLOW_TRAFFIC","49.599998474121094",2025-05-20,"Beginn: 20.05.25 um 22:21 Uhr  Angespannte Verkehrslage, seit 20.05.2025, 22:21 A6: Nürnberg -> Heilbronn, zwischen 0.6 km hinter Rothensteig und 0.5 km vor AS Schnelldorf  Langsamer Verkehr Reisezeitverlust: 0 Minuten Durchschnittsgeschwindigkeit: 49 km/h",49.2061663842919,10.1912869053251
"A6","undefined--vi-avl.2025-05-20_20-58-00-000.f.de0","49.30131264099162,10.753872883505705,49.294052407905774,10.739024184705293","49.30131264099162,10.753872883505705","WARNING","A6 | Lerchenbuck - Lichtenau"," Nürnberg -> Heilbronn",0,"SLOW_TRAFFIC","68.80000305175781",2025-05-20,"Beginn: 20.05.25 um 20:58 Uhr  Angespannte Verkehrslage, seit 20.05.2025, 20:58 A6: Nürnberg -> Heilbronn, zwischen 0.7 km hinter Lerchenbuck und 2.1 km vor AS Lichtenau  Langsamer Verkehr Reisezeitverlust: 0 Minuten Durchschnittsgeschwindigkeit: 68 km/h",49.3013126409916,10.7538728835057
"A7","undefined--vi-zus.2025-05-13_04-57-00-000.f_003.de0","47.595412441892016,10.656244234565428,47.62654678358412,10.642572056942274","47.595412441892016,10.656244234565428","WARNING","A7 | Füssen - Nesselwang"," Füssen/Reutte -> Ulm",NA,NA,NA,2025-05-13,"Beginn: 13.05.25 um 04:57 Uhr  Zusammengesetzte Verkehrsinformation, seit 13.05.2025, 04:57 A7: Füssen/Reutte -> Ulm, zwischen 2.5 km hinter AS Füssen und 9.1 km vor AS Nesselwang  A7 Füssen/Reutte Richtung Ulm zwischen Reinertshoftunnel und Nesselwang Verkehr wird über die Gegenfahrbahn geleitet, Baustelle, von 16.05.2025 05:00 Uhr bis 18.07.2025 15:00 Uhr",47.595412441892,10.6562442345654
"A7","undefined--vi-avl.2025-05-20_22-15-30-000.f_003.de0","47.59800901907971,10.656650520870137,47.61589559786651,10.661151299808909","47.59800901907971,10.656650520870137","WARNING","A7 | Füssen - Nesselwang"," Füssen/Reutte -> Ulm",0,"SLOW_TRAFFIC","63.29999923706055",2025-05-20,"Beginn: 20.05.25 um 22:15 Uhr  Angespannte Verkehrslage, seit 20.05.2025, 22:15 A7: Füssen/Reutte -> Ulm, zwischen 2.8 km hinter AS Füssen und 11.3 km vor AS Nesselwang  Langsamer Verkehr Reisezeitverlust: 0 Minuten Durchschnittsgeschwindigkeit: 63 km/h",47.5980090190797,10.6566505208701
"A7","undefined--vi-avl.2025-05-20_22-20-30-000.f_001.de0","47.628983537234376,10.604870025821832,47.62897650788365,10.590412815612023","47.628983537234376,10.604870025821832","WARNING","A7 | Reinertshofertunnel - Nesselwang"," Füssen/Reutte -> Ulm",0,"SLOW_TRAFFIC","61.599998474121094",2025-05-20,"Beginn: 20.05.25 um 22:20 Uhr  Angespannte Verkehrslage, seit 20.05.2025, 22:20 A7: Füssen/Reutte -> Ulm, zwischen 7.0 km hinter Reinertshofertunnel und 5.1 km vor AS Nesselwang  Langsamer Verkehr Reisezeitverlust: 0 Minuten Durchschnittsgeschwindigkeit: 61 km/h",47.6289835372344,10.6048700258218
"A7","undefined--vi-hind.2025-05-20_22-16-30-000.f_001.de0","51.62995586638154,9.919160032779399,51.700829805128095,9.938183272438987","51.62995586638154,9.919160032779399","WARNING","A7 | Nörten-Hardenberg - Schlochau"," Kassel -> Hannover",NA,NA,NA,2025-05-20,"Beginn: 20.05.25 um 22:16 Uhr  Hindernis, seit 20.05.2025, 22:16 A7: Kassel -> Hannover, zwischen 0.1 km hinter AS Nörten-Hardenberg und 1.8 km vor Schlochau  Gefahr durch Gegenstände auf der Fahrbahn",51.6299558663815,9.9191600327794
"A7","undefined--vi-zus.2025-03-31_00-40-00-000.f_018.de0","53.579141433849884,9.913430072127355,53.55636870091902,9.897540700000414","53.579141433849884,9.913430072127355","WARNING","A7 | Hamburg-Volkspark - Elbtunnel (Nordportal)"," Flensburg -> Hamburg",NA,NA,NA,2025-03-31,"Beginn: 31.03.25 um 00:40 Uhr  Zusammengesetzte Verkehrsinformation, seit 31.03.2025, 00:40 A7: Flensburg -> Hamburg, zwischen 0.4 km hinter AS Hamburg-Volkspark und 0.9 km vor Elbtunnel (Nordportal)  A7 Flensburg Richtung Hamburg Ausfahrt Hamburg-Othmarschen Fahrbahnverengung, maximale Fahrbahnbreite von 4,50 m, Bauarbeiten, bis 29.09.2025",53.5791414338499,9.91343007212735
"A7","undefined--vi-avl.2025-05-20_22-18-30-000.f.de0","54.75575703649503,9.368520782949863,54.738920233904594,9.384524055506564","54.75575703649503,9.368520782949863","WARNING","A7 | Handewitter Forst - Flensburg"," Flensburg -> Hamburg",2,"QUEUING_TRAFFIC","35.20000076293945",2025-05-20,"Beginn: 20.05.25 um 22:18 Uhr  Angespannte Verkehrslage, seit 20.05.2025, 22:18 A7: Flensburg -> Hamburg, zwischen 0.6 km hinter Handewitter Forst und 0.6 km vor AS Flensburg  Stockender Verkehr Reisezeitverlust: 2 Minuten Durchschnittsgeschwindigkeit: 35 km/h",54.755757036495,9.36852078294986
"A8","undefined--vi-zus.2025-03-26_17-59-56-000.f_013.de0","49.32575278791285,7.172731755291576,49.327350714671546,7.213275819282444","49.32575278791285,7.172731755291576","WARNING","A8 | Neunkirchen/Spiesen - Kohlhof"," Saarlouis -> Neunkirchen",NA,NA,NA,2025-03-26,"Beginn: 26.03.25 um 17:59 Uhr  Zusammengesetzte Verkehrsinformation, seit 26.03.2025, 17:59 A8: Saarlouis -> Neunkirchen, zwischen 1.5 km hinter AS Neunkirchen/Spiesen und 1.0 km vor Kohlhof  A8 Saarlouis - Neunkirchen zwischen Neunkirchen-Spiesen und Neunkirchen-Oberstadt in beiden Richtungen Bauarbeiten, bis voraussichtlich 01.06.2025",49.3257527879128,7.17273175529158
"A8","undefined--vi-zus.2025-05-14_09-26-56-000.f.de0","49.32628400979037,7.229641516813452,49.329166750017514,7.1882642393148934","49.32628400979037,7.229641516813452","WARNING","A8 | Neunkirchen-Wellesweiler - Neunkirchen/Spiesen"," Neunkirchen -> Saarlouis",NA,NA,NA,2025-05-14,"Beginn: 14.05.25 um 09:26 Uhr  Zusammengesetzte Verkehrsinformation, seit 14.05.2025, 09:26 A8: Neunkirchen -> Saarlouis, zwischen 0.4 km hinter AS Neunkirchen-Wellesweiler und 2.7 km vor AS Neunkirchen/Spiesen  A8 Saarlouis - Neunkirchen zwischen Neunkirchen-Spiesen und Neunkirchen-Oberstadt in beiden Richtungen Bauarbeiten, bis voraussichtlich 01.06.2025",49.3262840097904,7.22964151681345
"A8","undefined--vi-avl.2025-05-20_20-01-30-000.f_002.de0","48.88158256939996,8.788009470671504,48.863909522004896,8.792882451483989","48.88158256939996,8.788009470671504","WARNING","A8 | Pforzheim - Heimsheim"," Karlsruhe -> Stuttgart",4,"STATIONARY_TRAFFIC","20.399999618530273",2025-05-20,"Beginn: 20.05.25 um 20:01 Uhr  Angespannte Verkehrslage, seit 20.05.2025, 20:01 A8: Karlsruhe -> Stuttgart, zwischen 3.2 km hinter Pforzheim und 7.3 km vor AS Heimsheim  Im Stillstand Reisezeitverlust: 4 Minuten Durchschnittsgeschwindigkeit: 20 km/h",48.8815825694,8.7880094706715
"A8","undefined--vi-avl.2025-05-20_20-12-30-000.f_001.de0","48.88158256939996,8.788009470671504,48.88158256939996,8.788009470671504","48.88158256939996,8.788009470671504","WARNING","A8 | Pforzheim-Süd - Pforzheim-Süd"," Karlsruhe -> Stuttgart",NA,"STATIONARY_TRAFFIC","10",2025-05-20,"Beginn: 20.05.25 um 22:21 Uhr  Angespannte Verkehrslage, seit 20.05.2025, 22:21 A8: Karlsruhe -> Stuttgart, 0.3 km vor AS Pforzheim-Süd, aus Richtung Pforzheim  Im Stillstand Durchschnittsgeschwindigkeit: 10 km/h",48.8815825694,8.7880094706715
"A8","undefined--vi-avl.2025-05-20_22-19-30-000.f_003.de0","48.25637474164339,11.303126820123696,48.25637474164339,11.303126820123696","48.25637474164339,11.303126820123696","WARNING","A8 | Fuchsberg - Fuchsberg"," München -> Stuttgart",NA,"STATIONARY_TRAFFIC","11",2025-05-20,"Beginn: 20.05.25 um 22:21 Uhr  Angespannte Verkehrslage, seit 20.05.2025, 22:21 A8: München -> Stuttgart, 0.3 km vor Fuchsberg, aus Richtung Dachau/Fürstenfeldbruck  Im Stillstand Durchschnittsgeschwindigkeit: 11 km/h",48.2563747416434,11.3031268201237
"A8","undefined--vi-avl.2025-05-20_21-03-00-000.f_001.de0","48.256461590347115,11.302992056527438,48.26603626677083,11.292327581921024","48.256461590347115,11.302992056527438","WARNING","A8 | Dachau/Fürstenfeldbruck - Sulzemoos"," München -> Stuttgart",3,"STATIONARY_TRAFFIC","19.700000762939453",2025-05-20,"Beginn: 20.05.25 um 21:03 Uhr  Angespannte Verkehrslage, seit 20.05.2025, 21:03 A8: München -> Stuttgart, zwischen 4.3 km hinter AS Dachau/Fürstenfeldbruck und 2.3 km vor AS Sulzemoos  Im Stillstand Reisezeitverlust: 3 Minuten Durchschnittsgeschwindigkeit: 19 km/h",48.2564615903471,11.3029920565274
"A8","undefined--vi-avl.2025-05-20_21-52-00-000.f_001.de0","47.83025653649751,11.887946113640016,47.82648910151838,11.94299143338952","47.83025653649751,11.887946113640016","WARNING","A8 | Seehamer See (West) - Eulenauer Filz"," München -> Salzburg",1,"SLOW_TRAFFIC","64.9000015258789",2025-05-20,"Beginn: 20.05.25 um 21:52 Uhr  Angespannte Verkehrslage, seit 20.05.2025, 21:52 A8: München -> Salzburg, zwischen 2.7 km hinter Seehamer See (West) und 2.7 km vor Eulenauer Filz  Langsamer Verkehr Reisezeitverlust: 1 Minuten Durchschnittsgeschwindigkeit: 64 km/h",47.8302565364975,11.88794611364
"A9","undefined--vi-zus.2025-05-20_19-47-05-000.f_002.de0","48.726668606671105,11.475534903914156,48.74067232976954,11.464897632234495","48.726668606671105,11.475534903914156","WARNING","A9 | Neuburg a.d.Donau - Ingolstadt-Süd"," München -> Nürnberg",1,"SLOW_TRAFFIC","57.599998474121094",2025-05-20,"Beginn: 20.05.25 um 19:47 Uhr  Zusammengesetzte Verkehrsinformation, seit 20.05.2025, 19:47 A9: München -> Nürnberg, zwischen 1.7 km hinter AS Neuburg a.d.Donau und 1.2 km vor AS Ingolstadt-Süd  Langsamer Verkehr Reisezeitverlust: 1 Minuten Durchschnittsgeschwindigkeit: 57 km/h",48.7266686066711,11.4755349039142
"A9","undefined--vi-avl.2025-05-20_22-13-00-000.f.de0","50.03397559096184,11.607512475704743,50.011193502868686,11.607023604246887","50.03397559096184,11.607512475704743","WARNING","A9 | Bad Berneck/Himmelkron - Bayreuth-Nord"," Halle/Leipzig -> Nürnberg",1,"SLOW_TRAFFIC","58.400001525878906",2025-05-20,"Beginn: 20.05.25 um 22:13 Uhr  Angespannte Verkehrslage, seit 20.05.2025, 22:13 A9: Halle/Leipzig -> Nürnberg, zwischen 2.5 km hinter AS Bad Berneck/Himmelkron und 5.9 km vor AS Bayreuth-Nord  Langsamer Verkehr Reisezeitverlust: 1 Minuten Durchschnittsgeschwindigkeit: 58 km/h",50.0339755909618,11.6075124757047
"A9","undefined--vi-avl.2025-05-20_19-32-05-000.f_004.de0","50.923639395925534,11.83967843813363,50.940874941771774,11.834972244445611","50.923639395925534,11.83967843813363","WARNING","A9 | Bad Klosterlausnitz - Kuhberg"," Nürnberg -> Halle/Leipzig",1,"SLOW_TRAFFIC","63.099998474121094",2025-05-20,"Beginn: 20.05.25 um 19:32 Uhr  Angespannte Verkehrslage, seit 20.05.2025, 19:32 A9: Nürnberg -> Halle/Leipzig, zwischen 1.4 km hinter AS Bad Klosterlausnitz und 3.1 km vor Kuhberg  Langsamer Verkehr Reisezeitverlust: 1 Minuten Durchschnittsgeschwindigkeit: 63 km/h",50.9236393959255,11.8396784381336
"A9","undefined--vi-hind.2025-05-20_22-00-00-000.f_001.de0","52.15596008003477,12.77917590467265,52.1578071933527,12.781306327807554","52.15596008003477,12.77917590467265","WARNING","A9 | Fläming-West - Brück"," Halle/Leipzig -> Berlin",NA,NA,NA,2025-05-20,"Beginn: 20.05.25 um 22:00 Uhr  Fahrzeug-Hindernis, seit 20.05.2025, 22:00 A9: Halle/Leipzig -> Berlin, zwischen 3.2 km hinter Fläming-West und AS Brück",52.1559600800348,12.7791759046727
"A10","undefined--vi-zus.2025-05-20_21-32-00-000.f_002.de0","52.53397365071839,12.96652949560716,52.538475600927995,12.96533290006355","52.53397365071839,12.96652949560716","WARNING","A10 | Potsdam-Nord - Berlin-Spandau"," Dreieck Werder -> Dreieck Havelland",NA,NA,NA,2025-05-20,"Beginn: 20.05.25 um 21:32 Uhr  Zusammengesetzte Verkehrsinformation, seit 20.05.2025, 21:32 A10: Dreieck Werder -> Dreieck Havelland, zwischen 7.0 km hinter AS Potsdam-Nord und 1.9 km vor AS Berlin-Spandau  A10, B5 Dreieck Werder Richtung Charlottenburg zwischen Rastplatz Priort und Berliner Chaussee Gefahr durch 1 liegengebliebenes Fahrzeug auf dem rechten Fahrstreifen im Kurvenbereich, Polizei ist benachrichtigt, bitte vorsichtig fahren",52.5339736507184,12.9665294956072
"A12","WarnungA10Lkw3","47.61802931631098,12.202336027754352,47.61802931631098,12.202336027754352","47.61802931631098,12.202336027754352","WARNING","E45/E60 | LKW Blockabfertigung | A12-Inntal Autobahn","Richtung Italien",NA,NA,NA,2025-01-11,"Zeitraum: Beginn: 07.01.2025 Ende: 09.12.2025  Hinweis für LKW-Reisende nach Österreich: LKW-Blockabfertigungen an ausgewählten Tagen für Lkw am Grenzübergang Kufstein/Kiefersfelden. Maximaler Durchlass von 300 LKWs pro Stunde  Die genauen Ausführungszeiten und weitere Informationen auf tirol.gv.at/verkehr/verkehrs-und-seilbahnrecht/lkw-dosierung.",47.618029316311,12.2023360277544
"A12","WarnungA10Lkw2","47.6164490154047,12.202382557672273,47.6164490154047,12.202382557672273","47.6164490154047,12.202382557672273","WARNING","E43/E45/E60 | A13-Brenner Autobahn","Richtung Italien",NA,NA,NA,2025-01-11,"Zeitraum: Beginn: 11.01.2025 Ende: 27.09.2025  Hinweis für LKW-Reisende nach Österreich: LKW-Fahrverbot auf der A12-Inntal Autobahn, A13-Brenner Autobahn und A14-Rheintal/Walgau Autobahn, wenn das Ziel der Fahrt der Anschlussstelle Nößlach bis Anschlussstelle Brenner Nord der Richtungsfahrbahn Staatsgrenze der A 13 Brenner Autobahn erreicht werden soll. An ausgewählten Samstagen 7-15 Uhr sowie weiteren Tagen im Zeitraum 11.01. - 27.09.2025 Weitere Informationen auf http://asfinag.at/a13",47.6164490154047,12.2023825576723
"A17","undefined--vi-avl.2025-05-20_22-21-30-000.f_001.de0","50.82026170094333,13.887384300240237,50.82026170094333,13.887384300240237","50.82026170094333,13.887384300240237","WARNING","A17 | Am Heidenholz - Am Heidenholz"," Prag -> Dresden",NA,"QUEUING_TRAFFIC","29",2025-05-20,"Beginn: 20.05.25 um 22:21 Uhr  Angespannte Verkehrslage, seit 20.05.2025, 22:21 A17: Prag -> Dresden, 0.2 km vor Am Heidenholz, aus Richtung Breitenau-Schönwald  Stockender Verkehr Durchschnittsgeschwindigkeit: 29 km/h",50.8202617009433,13.8873843002402
"A17","undefined--vi-zus.2025-05-20_22-21-00-000.f.de0","50.82026170094333,13.887384300240237,50.82713299600389,13.887562977689061","50.82026170094333,13.887384300240237","WARNING","A17 | Breitenau-Schönwald - Bad Gottleuba"," Prag -> Dresden",0,"QUEUING_TRAFFIC","39.099998474121094",2025-05-20,"Beginn: 20.05.25 um 22:21 Uhr  Zusammengesetzte Verkehrsinformation, seit 20.05.2025, 22:21 A17: Prag -> Dresden, zwischen 4.5 km hinter Breitenau-Schönwald und 0.5 km vor AS Bad Gottleuba  Stockender Verkehr Reisezeitverlust: 0 Minuten Durchschnittsgeschwindigkeit: 39 km/h",50.8202617009433,13.8873843002402
"A20","undefined--vi-hind.2025-05-20_21-52-00-000.f_001.de0","53.83052990091677,10.644583800001387,53.845932100916656,10.603256800001288","53.83052990091677,10.644583800001387","WARNING","A20 | Karkfeld - Lübeck"," Rostock -> Lübeck",NA,NA,NA,2025-05-20,"Beginn: 20.05.25 um 21:52 Uhr  Hindernis, seit 20.05.2025, 21:52 A20: Rostock -> Lübeck, zwischen 3.8 km hinter Karkfeld und 0.8 km vor AK Lübeck  Gefahr durch Gegenstände auf der Fahrbahn",53.8305299009168,10.6445838000014
"A29","undefined--vi-avl.2025-05-20_22-14-30-000.f_005.de0","53.57828416412339,8.12736948216729,53.56222541494022,8.090885686561018","53.57828416412339,8.12736948216729","WARNING","A29 | Jade-Weser-Port - Wilhelmshaven"," Wilhelmshaven -> Oldenburg",2,"SLOW_TRAFFIC","45.400001525878906",2025-05-20,"Beginn: 20.05.25 um 22:14 Uhr  Angespannte Verkehrslage, seit 20.05.2025, 22:14 A29: Wilhelmshaven -> Oldenburg, zwischen 0.1 km hinter Jade-Weser-Port und 0.8 km vor AS Wilhelmshaven  Langsamer Verkehr Reisezeitverlust: 2 Minuten Durchschnittsgeschwindigkeit: 45 km/h",53.5782841641234,8.12736948216729
"A31","undefined--vi-avl.2025-05-20_20-57-30-000.f_001.de0","52.1228964607727,7.087355380552233,52.135204668878565,7.089545887266201","52.1228964607727,7.087355380552233","WARNING","A31 | Heek - Gronau/Ochtrup"," Oberhausen -> Gronau",0,"SLOW_TRAFFIC","66.9000015258789",2025-05-20,"Beginn: 20.05.25 um 20:57 Uhr  Angespannte Verkehrslage, seit 20.05.2025, 20:57 A31: Oberhausen -> Gronau, zwischen 0.5 km hinter AS Heek und 6.6 km vor AS Gronau/Ochtrup  Langsamer Verkehr Reisezeitverlust: 0 Minuten Durchschnittsgeschwindigkeit: 66 km/h",52.1228964607727,7.08735538055223
"A37","undefined--vi-zus.2025-05-20_10-04-05-000.f_002.de0","52.442156462690335,9.933442989087833,52.436581812162494,9.913211841333315","52.442156462690335,9.933442989087833","WARNING","A37 | Beinhorn - Hannover-Kirchhorst"," Celle -> Hannover",NA,NA,NA,2025-05-20,"Beginn: 20.05.25 um 10:04 Uhr  Zusammengesetzte Verkehrsinformation, seit 20.05.2025, 10:04 B3: Celle -> Hannover, zwischen 0.4 km hinter AS Beinhorn und 2.1 km vor AK Hannover-Kirchhorst  A37 Messe - Burgdorf
zwischen Kreuz Hannover-Buchholz und Beinhorn
in beiden Richtungen geänderte Verkehrsführung im Baustellenbereich, Bauarbeiten, bis 30.10.2026 ca. 18:00 Uhr",52.4421564626903,9.93344298908783
"A37","undefined--vi-hind.2025-05-20_21-46-30-000.f_002.de0","52.445005106913314,9.937537533595165,52.42971800092744,9.89251910000036","52.445005106913314,9.937537533595165","WARNING","Baustelle"," km 27.14 --> km 23.55",NA,NA,NA,2025-05-20,"Beginn: 20.05.25 um 21:46 Uhr  Fahrzeug-Hindernis, seit 20.05.2025, 21:46 A37: km 27.14 --> km 23.55 Gefahr durch ein defektes Fahrzeug auf der Fahrbahn",52.4450051069133,9.93753753359517
"A37","undefined--vi-zus.2025-05-20_10-04-05-000.f_003.de0","52.42566547847685,9.880479425875153,52.44102213295518,9.93161290421946","52.42566547847685,9.880479425875153","WARNING","Baustelle"," km 22.62 --> km 26.54",NA,NA,NA,2025-05-20,"Beginn: 20.05.25 um 10:04 Uhr  Zusammengesetzte Verkehrsinformation, seit 20.05.2025, 10:04 A37: km 22.62 --> km 26.54  A37 Messe - Burgdorf
zwischen Kreuz Hannover-Buchholz und Beinhorn
in beiden Richtungen geänderte Verkehrsführung im Baustellenbereich, Bauarbeiten, bis 30.10.2026 ca. 18:00 Uhr",52.4256654784769,9.88047942587515
"A40","undefined--vi-avl.2025-05-20_21-24-30-000.f_005.de0","51.48051831473191,7.175082463330931,51.49387780093344,7.185442199998014","51.48051831473191,7.175082463330931","WARNING","A40 | Ruhrschnellweg - Bochum-Hamme"," Essen -> Dortmund",27,"STATIONARY_TRAFFIC","3.799999952316284",2025-05-20,"Beginn: 20.05.25 um 21:24 Uhr  Angespannte Verkehrslage, seit 20.05.2025, 21:24 A40: Essen -> Dortmund, zwischen 1.6 km hinter Ruhrschnellweg und 0.4 km vor AS Bochum-Hamme  Im Stillstand Reisezeitverlust: 27 Minuten Durchschnittsgeschwindigkeit: 3 km/h",51.4805183147319,7.17508246333093
"A40","undefined--vi-avl.2025-05-20_21-37-30-000.f_001.de0","51.48048186878084,7.174966775663781,51.48048186878084,7.174966775663781","51.48048186878084,7.174966775663781","WARNING","A40 | Bochum-West - Bochum-West"," Essen -> Dortmund",NA,"STATIONARY_TRAFFIC","4",2025-05-20,"Beginn: 20.05.25 um 22:21 Uhr  Angespannte Verkehrslage, seit 20.05.2025, 22:21 A40: Essen -> Dortmund, 0.4 km vor AD Bochum-West, aus Richtung Ruhrschnellweg  Im Stillstand Durchschnittsgeschwindigkeit: 4 km/h",51.4804818687808,7.17496677566378
"A43","undefined--vi-avl.2025-05-20_21-33-00-000.f.de0","51.9116640852979,7.531670273049041,51.914321504435776,7.547969365094297","51.9116640852979,7.531670273049041","WARNING","A43 | Senden - Münster-Süd"," Recklinghausen -> Münster",0,"SLOW_TRAFFIC","61.70000076293945",2025-05-20,"Beginn: 20.05.25 um 21:33 Uhr  Angespannte Verkehrslage, seit 20.05.2025, 21:33 A43: Recklinghausen -> Münster, zwischen 3.0 km hinter AS Senden und 0.9 km vor AK Münster-Süd  Langsamer Verkehr Reisezeitverlust: 0 Minuten Durchschnittsgeschwindigkeit: 61 km/h",51.9116640852979,7.53167027304904
"A44","undefined--vi-avl.2025-05-20_19-34-00-000.f_001.de0","51.532376098466045,7.824039512419444,51.5330901009332,7.857236499999488","51.532376098466045,7.824039512419444","WARNING","A44 | Buchenhain - Am Haarstrang"," Dortmund -> Kassel",1,"SLOW_TRAFFIC","49.5",2025-05-20,"Beginn: 20.05.25 um 19:34 Uhr  Angespannte Verkehrslage, seit 20.05.2025, 19:34 A44: Dortmund -> Kassel, zwischen 2.3 km hinter Buchenhain und 0.2 km vor Am Haarstrang  Langsamer Verkehr Reisezeitverlust: 1 Minuten Durchschnittsgeschwindigkeit: 49 km/h",51.532376098466,7.82403951241944
"A44","undefined--vi-avl.2025-05-20_20-44-30-000.f_003.de0","51.52925388714179,8.904230378228357,51.53865250012946,8.846697212196199","51.52925388714179,8.904230378228357","WARNING","A44 | Marsberg - Lichtenau (Westf.)"," Kassel -> Dortmund",1,"SLOW_TRAFFIC","67",2025-05-20,"Beginn: 20.05.25 um 20:44 Uhr  Angespannte Verkehrslage, seit 20.05.2025, 20:44 A44: Kassel -> Dortmund, zwischen 4.3 km hinter AS Marsberg und 0.5 km vor AS Lichtenau (Westf.)  Langsamer Verkehr Reisezeitverlust: 1 Minuten Durchschnittsgeschwindigkeit: 67 km/h",51.5292538871418,8.90423037822836
"A45","undefined--vi-hind.2025-05-20_21-57-00-000.f.de0","50.4986767951952,8.682844384496688,50.4986767951952,8.682844384496688","50.4986767951952,8.682844384496688","WARNING","A45 | Hardtwald - Pfahlgraben"," Gießen -> Aschaffenburg",NA,NA,NA,2025-05-20,"Beginn: 20.05.25 um 21:57 Uhr  Hindernis, seit 20.05.2025, 21:57 A45: Gießen -> Aschaffenburg, zwischen 1.1 km hinter Hardtwald und 2.0 km vor Pfahlgraben  Gefahr durch Gegenstände auf der Fahrbahn",50.4986767951952,8.68284438449669
"A45","undefined--vi-avl.2025-05-20_22-14-30-000.f_003.de0","51.082417196930585,7.691554641622674,51.0735581624036,7.697532666376102","51.082417196930585,7.691554641622674","WARNING","A45 | Meinerzhagen - Drolshagen"," Hagen -> Gießen",0,"SLOW_TRAFFIC","66.30000305175781",2025-05-20,"Beginn: 20.05.25 um 22:14 Uhr  Angespannte Verkehrslage, seit 20.05.2025, 22:14 A45: Hagen -> Gießen, zwischen 2.6 km hinter AS Meinerzhagen und 5.8 km vor AS Drolshagen  Langsamer Verkehr Reisezeitverlust: 0 Minuten Durchschnittsgeschwindigkeit: 66 km/h",51.0824171969306,7.69155464162267
"A46","undefined--vi-hind.2025-05-20_22-14-30-000.f_001.de0","51.19037757002092,6.854836519891619,51.19034004678922,6.852325182796404","51.19037757002092,6.854836519891619","WARNING","A46 | Düsseldorf-Eller - Düsseldorf-Holthausen"," Wuppertal -> Düsseldorf",NA,NA,NA,2025-05-20,"Beginn: 20.05.25 um 22:14 Uhr  Fahrzeug-Hindernis, seit 20.05.2025, 22:14 A46: Wuppertal -> Düsseldorf, zwischen 0.2 km hinter AS Düsseldorf-Eller und 0.6 km vor AS Düsseldorf-Holthausen Gefahr durch ein defektes Fahrzeug auf der Fahrbahn",51.1903775700209,6.85483651989162
"A59","undefined--vi-hind.2025-05-20_21-58-30-000.f_001.de0","50.747120000937585,7.142514699997768,50.747120000937585,7.142514699997768","50.747120000937585,7.142514699997768","WARNING","A59 | Bonn-Pützchen - Bonn-Vilich"," Bonn -> Köln",NA,NA,NA,2025-05-20,"Beginn: 20.05.25 um 21:58 Uhr  Fahrzeug-Hindernis, seit 20.05.2025, 21:58 A59: Bonn -> Köln, zwischen 0.2 km hinter AS Bonn-Pützchen und 0.4 km vor AS Bonn-Vilich Gefahr durch ein defektes Fahrzeug auf der Fahrbahn",50.7471200009376,7.14251469999777
"A60","undefined--vi-zus.2025-04-08_08-51-21-000.f_013.de0","49.98125533976677,8.345695317688524,49.97565770865279,8.441396718063045","49.98125533976677,8.345695317688524","WARNING","A60 | Mainspitz-Dreieck - Rüsselsheimer Dreieck"," Mainz -> Rüsselsheim",NA,NA,NA,2025-04-08,"Beginn: 08.04.25 um 08:51 Uhr  Zusammengesetzte Verkehrsinformation, seit 08.04.2025, 08:51 A60: Mainz -> Rüsselsheim, zwischen 0.5 km hinter AD Mainspitz-Dreieck und 2.2 km vor AD Rüsselsheimer Dreieck  Sperrung der A60 bei Königstädten – Grundhafte Fahrbahnerneuerung zwischen dem Rüsselsheimer Dreieck und dem Mainspitz Dreieck. Die Niederlassung West der Autobahn GmbH erneuert zwischen dem Rüsselsheimer Dreieck (30) und dem Mainspitz Dreieck (26) die Fahrbahn. Von Donnerstagmorgen (24. April) bis Mitte Juli wird die Anschlussstelle (AS) Königstädten (29) in Fahrtrichtung (FR) Mainz sowie in FR Rüsselsheimer Dreieck gesperrt. Umleitungsmöglichkeiten sind ausgeschildert: • Ausfahrt FR Mainz: Umleitung via AS Rüsselsheim-Mitte • Einfahrt FR Mainz: innerstädtische Umleitung zur AS Rüsselsheim-Mitte (Adam-Opel-Straße / Kurt-Schumacher-Ring), von Nauheim kommend via L3482 zur AS Bischofsheim • Einfahrt FR Darmstadt: innerstädtische Umleitung zur AS Rüsselsheim-Mitte (Adam-Opel-Straße / Kurt-Schumacher-Ring) Die Autobahn GmbH bittet alle Verkehrsteilnehmer um Verständnis für die unvermeidlichen Verkehrsbehinderungen, die durch die Arbeiten entstehen.",49.9812553397668,8.34569531768852
"A60","undefined--vi-zus.2025-05-03_10-55-00-000.f_003.de0","49.977457399447445,8.454646346787307,49.981587265039146,8.34517285786785","49.977457399447445,8.454646346787307","WARNING","A60 | Rüsselsheimer Dreieck - Mainspitz-Dreieck"," Rüsselsheim -> Mainz",NA,NA,NA,2025-05-03,"Beginn: 03.05.25 um 10:55 Uhr  Zusammengesetzte Verkehrsinformation, seit 03.05.2025, 10:55 A60: Rüsselsheim -> Mainz, zwischen 0.6 km hinter AD Rüsselsheimer Dreieck und 0.5 km vor AD Mainspitz-Dreieck  Sperrung der A60 bei Königstädten – Grundhafte Fahrbahnerneuerung zwischen dem Rüsselsheimer Dreieck und dem Mainspitz Dreieck. Die Niederlassung West der Autobahn GmbH erneuert zwischen dem Rüsselsheimer Dreieck (30) und dem Mainspitz Dreieck (26) die Fahrbahn. Von Donnerstagmorgen (24. April) bis Mitte Juli wird die Anschlussstelle (AS) Königstädten (29) in Fahrtrichtung (FR) Mainz sowie in FR Rüsselsheimer Dreieck gesperrt. Umleitungsmöglichkeiten sind ausgeschildert: • Ausfahrt FR Mainz: Umleitung via AS Rüsselsheim-Mitte • Einfahrt FR Mainz: innerstädtische Umleitung zur AS Rüsselsheim-Mitte (Adam-Opel-Straße / Kurt-Schumacher-Ring), von Nauheim kommend via L3482 zur AS Bischofsheim • Einfahrt FR Darmstadt: innerstädtische Umleitung zur AS Rüsselsheim-Mitte (Adam-Opel-Straße / Kurt-Schumacher-Ring) Die Autobahn GmbH bittet alle Verkehrsteilnehmer um Verständnis für die unvermeidlichen Verkehrsbehinderungen, die durch die Arbeiten entstehen.",49.9774573994474,8.45464634678731
"A61","undefined--vi-hind.2025-05-20_22-02-00-000.f_002.de0","50.834457300937146,6.76407229999504,50.816953306157,6.784896143522993","50.834457300937146,6.76407229999504","WARNING","A61 | Gymnich - Erfttal"," Mönchengladbach -> Koblenz",NA,NA,NA,2025-05-20,"Beginn: 20.05.25 um 22:02 Uhr  Hindernis, seit 20.05.2025, 22:02 A61: Mönchengladbach -> Koblenz, zwischen 0.3 km hinter AS Gymnich und 0.1 km vor AD Erfttal  Gefahr durch Gegenstände auf der Fahrbahn",50.8344573009371,6.76407229999504
"A61","undefined--vi-hind.2025-05-20_21-45-30-000.f_004.de0","50.948612100936536,6.603688999993235,50.94788292924965,6.60659683661369","50.948612100936536,6.603688999993235","WARNING","A61 | Bedburg - Bergheim-Süd"," Mönchengladbach -> Koblenz",NA,NA,NA,2025-05-20,"Beginn: 20.05.25 um 21:45 Uhr  Hindernis, seit 20.05.2025, 21:45 A61: Mönchengladbach -> Koblenz, zwischen 6.6 km hinter AS Bedburg und 3.2 km vor AS Bergheim-Süd  Gefahr durch Gegenstände auf der Fahrbahn",50.9486121009365,6.60368899999323
"A66","undefined--vi-hind.2025-05-20_22-18-30-000.f.de0","50.386256600939376,9.530122400000145,50.416578000939225,9.572436700000157","50.386256600939376,9.530122400000145","WARNING","A66 | Schlüchtern-Nord - Flieden"," Frankfurt -> Fulda",NA,NA,NA,2025-05-20,"Beginn: 20.05.25 um 22:18 Uhr  Hindernis, seit 20.05.2025, 22:18 A66: Frankfurt -> Fulda, zwischen 0.3 km hinter AS Schlüchtern-Nord und 0.2 km vor AS Flieden  Gefahr durch Gegenstände auf der Fahrbahn",50.3862566009394,9.53012240000015
"A67","undefined--vi-zus.2025-05-20_22-19-00-000.f.de0","49.800863783546305,8.570558303560933,49.82604830139401,8.587488070632563","49.800863783546305,8.570558303560933","WARNING","A67 | Gernsheim - Darmstädter Kreuz"," Mannheim -> Darmstadt",1,"SLOW_TRAFFIC","55.5",2025-05-20,"Beginn: 20.05.25 um 22:19 Uhr  Zusammengesetzte Verkehrsinformation, seit 20.05.2025, 22:19 A67: Mannheim -> Darmstadt, zwischen 6.7 km hinter AS Gernsheim und 3.7 km vor AK Darmstädter Kreuz  Langsamer Verkehr Reisezeitverlust: 1 Minuten Durchschnittsgeschwindigkeit: 55 km/h",49.8008637835463,8.57055830356093
"A81","undefined--vi-avl.2025-05-20_21-24-30-000.f_002.de0","48.95075084950006,9.204944339876107,48.961399175268284,9.219894391468898","48.95075084950006,9.204944339876107","WARNING","A81 | Ludwigsburg-Nord - Kälbling"," Stuttgart -> Heilbronn",2,"STATIONARY_TRAFFIC","27.5",2025-05-20,"Beginn: 20.05.25 um 21:24 Uhr  Angespannte Verkehrslage, seit 20.05.2025, 21:24 A81: Stuttgart -> Heilbronn, zwischen 5.0 km hinter AS Ludwigsburg-Nord und 3.5 km vor Kälbling  Im Stillstand Reisezeitverlust: 2 Minuten Durchschnittsgeschwindigkeit: 27 km/h",48.9507508495001,9.20494433987611
"A81","undefined--vi-avl.2025-05-20_21-39-30-000.f_002.de0","48.95087059593913,9.20514821361841,48.95087059593913,9.20514821361841","48.95087059593913,9.20514821361841","WARNING","A81 | Pleidelsheim - Pleidelsheim"," Stuttgart -> Heilbronn",NA,"STATIONARY_TRAFFIC","18",2025-05-20,"Beginn: 20.05.25 um 22:21 Uhr  Angespannte Verkehrslage, seit 20.05.2025, 22:21 A81: Stuttgart -> Heilbronn, 1.3 km vor AS Pleidelsheim, aus Richtung Ludwigsburg-Nord  Im Stillstand Durchschnittsgeschwindigkeit: 18 km/h",48.9508705959391,9.20514821361841
"A93","undefined--vi-hind.2025-05-20_22-06-30-000.f_001.de0","48.7132234830843,11.804502637770067,48.75220150094585,11.868858200019801","48.7132234830843,11.804502637770067","WARNING","A93 | Elsendorf - Abensberg"," Holledau -> Regensburg",NA,NA,NA,2025-05-20,"Beginn: 20.05.25 um 22:06 Uhr  Hindernis, seit 20.05.2025, 22:06 A93: Holledau -> Regensburg, zwischen 0.3 km hinter AS Elsendorf und 8.9 km vor AS Abensberg  Gefahr durch Gegenstände auf der Fahrbahn",48.7132234830843,11.8045026377701
"A93","undefined--vi-zus.2025-05-20_21-56-30-000.f_001.de0","49.73894510094242,12.154739300029098,49.80276450094217,12.182050700030201","49.73894510094242,12.154739300029098","WARNING","A93 | Hopfengarten - Windischeschenbach"," Weiden -> Hof",NA,NA,NA,2025-05-20,"Beginn: 20.05.25 um 21:56 Uhr  Zusammengesetzte Verkehrsinformation, seit 20.05.2025, 21:56 A93: Weiden -> Hof, zwischen 1.0 km hinter Hopfengarten und 0.3 km vor AS Windischeschenbach  Gefahr durch Gegenstände auf der Fahrbahn  A93 Weiden Richtung Hof zwischen Neustadt an der Waldnaab und Windischeschenbach Unfall, Standstreifen blockiert, Gefahr durch Gegenstände auf der Fahrbahn totes Reh",49.7389451009424,12.1547393000291
"A96","undefined--vi-zus.2025-05-05_23-21-00-000.f.de0","48.029334951696036,10.464231760023,48.032507613258616,10.445182045778411","48.029334951696036,10.464231760023","WARNING","A96 | Mindelheim - Stetten"," München -> Lindau",NA,NA,NA,2025-05-05,"Beginn: 05.05.25 um 23:21 Uhr  Zusammengesetzte Verkehrsinformation, seit 05.05.2025, 23:21 A96: München -> Lindau, zwischen 3.6 km hinter AS Mindelheim und 0.3 km vor AS Stetten  A96, Lindau - München, in beiden Richtungen, zwischen Anschlussstelle Stetten und Anschlussstelle Mindelheim, Brückenarbeiten, von 05.05.2025 bis 30.10.2025",48.029334951696,10.464231760023
"A96","undefined--vi-avl.2025-05-20_21-08-00-000.f.de0","48.040911569043075,10.627902950859403,48.04095488707309,10.608412611887456","48.040911569043075,10.627902950859403","WARNING","A96 | Wertachtal - Mindelheim"," München -> Lindau",0,"SLOW_TRAFFIC","59.29999923706055",2025-05-20,"Beginn: 20.05.25 um 21:08 Uhr  Angespannte Verkehrslage, seit 20.05.2025, 21:08 A96: München -> Lindau, zwischen 2.3 km hinter Wertachtal und 7.6 km vor AS Mindelheim  Langsamer Verkehr Reisezeitverlust: 0 Minuten Durchschnittsgeschwindigkeit: 59 km/h",48.0409115690431,10.6279029508594
"A96","undefined--vi-avl.2025-05-20_22-05-00-000.f.de0","48.029509658557544,10.669502157845857,48.026838611863106,10.683271039735942","48.029509658557544,10.669502157845857","WARNING","A96 | Wertachtal - Buchloe-West"," Lindau -> München",0,"SLOW_TRAFFIC","67.80000305175781",2025-05-20,"Beginn: 20.05.25 um 22:05 Uhr  Angespannte Verkehrslage, seit 20.05.2025, 22:05 A96: Lindau -> München, zwischen 1.1 km hinter Wertachtal und 2.0 km vor AS Buchloe-West  Langsamer Verkehr Reisezeitverlust: 0 Minuten Durchschnittsgeschwindigkeit: 67 km/h",48.0295096585575,10.6695021578459
"A113","undefined--vi-zus.2025-05-06_00-21-00-000.f_003.de0","52.43025717661688,13.505075428607936,52.42875800093087,13.509218300121121","52.43025717661688,13.505075428607936","WARNING","A113 | Stubenrauchstraße - Adlershof"," Neukölln -> Schönefeld",NA,NA,NA,2025-05-06,"Beginn: 06.05.25 um 00:21 Uhr  Zusammengesetzte Verkehrsinformation, seit 06.05.2025, 00:21 A113: Neukölln -> Schönefeld, zwischen 0.6 km hinter AS Stubenrauchstraße und 0.3 km vor AS Adlershof  A113 Autobahnzubringer Dresden, Neukölln Richtung Schönefeld
zwischen Stubenrauchstraße und Tunnel Rudower Höhe
linker Fahrstreifen gesperrt, Bauarbeiten, bis voraussichtlich 20.06.2025",52.4302571766169,13.5050754286079
"A115","undefined--vi-zus.2024-10-09_07-09-40-000.f_531.de0","52.40027056808641,13.185163736426698,52.44227384698058,13.202709435405149","52.40027056808641,13.185163736426698","WARNING","A115 | Am Stern - Hüttenweg"," Dreieck Nuthetal -> Dreieck Funkturm",NA,NA,NA,2024-10-09,"Beginn: 09.10.24 um 07:09 Uhr  Zusammengesetzte Verkehrsinformation, seit 09.10.2024, 07:09 A115: Dreieck Nuthetal -> Dreieck Funkturm, zwischen 2.9 km hinter Am Stern und 3.8 km vor AS Hüttenweg  A115 Autobahnzubringer Magdeburg, Dreieck Nuthetal Richtung Dreieck Funkturm, zwischen Anschlussstelle Kleinmachnow und Anschlussstelle Spanische Allee, Baustelle, bis 31.10.2026 17:00 Uhr",52.4002705680864,13.1851637364267
