"road","identifier","extent","point","display_type","title","subtitle","delay_minutes","abnormalTrafficType","averageSpeed","startTimestamp","description","latitude","longitude"
"A2","undefined--vi-avl.2025-05-22_05-18-30-000.f_001.de0","52.07472110870735,8.669469754896623,52.07472110870735,8.669469754896623","52.07472110870735,8.669469754896623","WARNING","A2 | Lipperland - Lipperland"," Hannover -> Dortmund",NA,"STATIONARY_TRAFFIC","4",2025-05-22,"Beginn: 22.05.25 um 05:33 Uhr  Angespannte Verkehrslage, seit 22.05.2025, 05:33 A2: Hannover -> Dortmund, 0.4 km vor Lipperland, aus Richtung Herford/Bad Salzuflen  Im Stillstand Durchschnittsgeschwindigkeit: 4 km/h",52.0747211087074,8.66946975489662
"A2","undefined--vi-avl.2025-05-22_05-28-30-000.f_008.de0","52.096286274095625,8.707088228489745,52.096286274095625,8.707088228489745","52.096286274095625,8.707088228489745","WARNING","A2 | Herford/Bad Salzuflen - Herford/Bad Salzuflen"," Hannover -> Dortmund",NA,"STATIONARY_TRAFFIC","23",2025-05-22,"Beginn: 22.05.25 um 05:33 Uhr  Angespannte Verkehrslage, seit 22.05.2025, 05:33 A2: Hannover -> Dortmund, 1.1 km vor AS Herford/Bad Salzuflen, aus Richtung Herford  Im Stillstand Durchschnittsgeschwindigkeit: 23 km/h",52.0962862740956,8.70708822848975
"A2","undefined--vi-avl.2025-05-22_05-17-30-000.f.de0","52.07472110870735,8.669469754896623,52.06503340419706,8.661281327678733","52.07472110870735,8.669469754896623","WARNING","A2 | Herford/Bad Salzuflen - Ostwestfalen/Lippe"," Hannover -> Dortmund",5,"STATIONARY_TRAFFIC","12.300000190734863",2025-05-22,"Beginn: 22.05.25 um 05:17 Uhr  Angespannte Verkehrslage, seit 22.05.2025, 05:17 A2: Hannover -> Dortmund, zwischen 2.5 km hinter AS Herford/Bad Salzuflen und 0.8 km vor AS Ostwestfalen/Lippe  Im Stillstand Reisezeitverlust: 5 Minuten Durchschnittsgeschwindigkeit: 12 km/h",52.0747211087074,8.66946975489662
"A2","undefined--vi-avl.2025-05-22_05-28-30-000.f_005.de0","52.096286274095625,8.707088228489745,52.09340980092969,8.701981799999896","52.096286274095625,8.707088228489745","WARNING","A2 | Herford - Herford/Bad Salzuflen"," Hannover -> Dortmund",0,"STATIONARY_TRAFFIC","30.100000381469727",2025-05-22,"Beginn: 22.05.25 um 05:28 Uhr  Angespannte Verkehrslage, seit 22.05.2025, 05:28 A2: Hannover -> Dortmund, zwischen 1.1 km hinter Herford und 0.6 km vor AS Herford/Bad Salzuflen  Im Stillstand Reisezeitverlust: 0 Minuten Durchschnittsgeschwindigkeit: 30 km/h",52.0962862740956,8.70708822848975
"A2","undefined--vi-hind.2025-05-22_04-23-00-000.f_003.de0","52.28064700092849,10.927018100002423,52.26293870514993,10.984963268351793","52.28064700092849,10.927018100002423","WARNING","A2 | Rennau - Helmstedt-West"," Braunschweig -> Magdeburg",NA,NA,NA,2025-05-22,"Beginn: 22.05.25 um 04:23 Uhr  Fahrzeug-Hindernis, seit 22.05.2025, 04:23 A2: Braunschweig -> Magdeburg, zwischen 0.3 km hinter AS Rennau und 0.1 km vor AS Helmstedt-West",52.2806470009285,10.9270181000024
"A3","undefined--vi-zus.2025-05-22_05-33-00-000.f.de0","50.84927485745878,7.213211962446862,50.83655893971022,7.202324836122103","50.84927485745878,7.213211962446862","WARNING","A3 | Lohmar-Nord - Lohmar"," Köln -> Frankfurt",0,"SLOW_TRAFFIC","72.5",2025-05-22,"Beginn: 22.05.25 um 05:33 Uhr  Zusammengesetzte Verkehrsinformation, seit 22.05.2025, 05:33 A3: Köln -> Frankfurt, zwischen 0.1 km hinter AS Lohmar-Nord und 1.6 km vor AS Lohmar  Langsamer Verkehr Reisezeitverlust: 0 Minuten Durchschnittsgeschwindigkeit: 72 km/h  Gefahr durch Gegenstände auf der Fahrbahn",50.8492748574588,7.21321196244686
"A3","undefined--vi-hind.2025-05-22_05-24-30-000.f_001.de0","50.84770170093706,7.211440899998083,50.82518630093718,7.203434199998047","50.84770170093706,7.211440899998083","WARNING","A3 | Lohmar-Nord - Lohmar"," Köln -> Frankfurt",NA,NA,NA,2025-05-22,"Beginn: 22.05.25 um 05:24 Uhr  Hindernis, seit 22.05.2025, 05:24 A3: Köln -> Frankfurt, zwischen 0.3 km hinter AS Lohmar-Nord und 0.3 km vor AS Lohmar  Gefahr durch Gegenstände auf der Fahrbahn",50.8477017009371,7.21144089999808
"A4","undefined--vi-avl.2025-05-22_05-19-00-000.f.de0","50.89834777115376,6.909420141071549,50.89316000527723,6.920859172864368","50.89834777115376,6.909420141071549","WARNING","A4 | Köln-Klettenberg - Köln-Eifeltor"," Heerlen/Aachen -> Köln",0,"SLOW_TRAFFIC","57.400001525878906",2025-05-22,"Beginn: 22.05.25 um 05:19 Uhr  Angespannte Verkehrslage, seit 22.05.2025, 05:19 A4: Heerlen/Aachen -> Köln, zwischen AS Köln-Klettenberg und 0.4 km vor AS Köln-Eifeltor  Langsamer Verkehr Reisezeitverlust: 0 Minuten Durchschnittsgeschwindigkeit: 57 km/h",50.8983477711538,6.90942014107155
"A4","undefined--vi-hind.2025-05-22_05-13-30-000.f_003.de0","50.96635229702118,7.712262028821865,50.971904400936396,7.647364299999265","50.96635229702118,7.712262028821865","WARNING","A4 | Eckenhagen - Reichshof/Bergneustadt"," Olpe -> Köln",NA,NA,NA,2025-05-22,"Beginn: 22.05.25 um 05:13 Uhr  Hindernis, seit 22.05.2025, 05:13 A4: Olpe -> Köln, zwischen 0.1 km hinter AS Eckenhagen und 0.6 km vor AS Reichshof/Bergneustadt  Gefahr durch Personen auf der Fahrbahn",50.9663522970212,7.71226202882186
"A4","undefined--vi-zus.2025-05-22_05-32-00-000.f.de0","51.05945704391523,13.47272663249376,51.05952898563388,13.490867120126998","51.05945704391523,13.47272663249376","WARNING","A4 | Nossen - Wilsdruff"," Chemnitz -> Dresden",1,"SLOW_TRAFFIC","43.29999923706055",2025-05-22,"Beginn: 22.05.25 um 05:32 Uhr  Zusammengesetzte Verkehrsinformation, seit 22.05.2025, 05:32 A4: Chemnitz -> Dresden, zwischen 7.7 km hinter AD Nossen und 2.5 km vor AS Wilsdruff  Langsamer Verkehr Reisezeitverlust: 1 Minuten Durchschnittsgeschwindigkeit: 43 km/h",51.0594570439152,13.4727266324938
"A4","undefined--vi-hind.2025-05-22_04-28-30-000.f_002.de0","51.05833980093857,13.379301300131543,51.06042236151537,13.522053326477696","51.05833980093857,13.379301300131543","WARNING","A4 | Nossen - Wilsdruff"," Chemnitz -> Dresden",NA,NA,NA,2025-05-22,"Beginn: 22.05.25 um 04:28 Uhr  Fahrzeug-Hindernis, seit 22.05.2025, 04:28 A4: Chemnitz -> Dresden, zwischen 1.0 km hinter AD Nossen und 0.3 km vor AS Wilsdruff Gefahr durch ein defektes Fahrzeug auf der Fahrbahn",51.0583398009386,13.3793013001315
"A4","undefined--vi-hind.2025-05-22_05-29-30-000.f.de0","51.171901940907595,13.85652101907391,51.171938099217655,13.853678321205532","51.171901940907595,13.85652101907391","WARNING","A4 | Ottendorf-Okrilla - Am Eichelberg"," Görlitz -> Dresden",NA,NA,NA,2025-05-22,"Beginn: 22.05.25 um 05:29 Uhr  Fahrzeug-Hindernis, seit 22.05.2025, 05:29 A4: Görlitz -> Dresden, zwischen 0.1 km hinter AS Ottendorf-Okrilla und 1.0 km vor Am Eichelberg Gefahr durch ein defektes Fahrzeug auf der Fahrbahn",51.1719019409076,13.8565210190739
"A4","undefined--vi-zus.2025-05-22_05-21-00-000.f.de0","51.18287898156109,15.003118557633075,51.18430040096618,14.998414400641499","51.18287898156109,15.003118557633075","WARNING","A4 | Ludwigsdorf - An der Neiße"," Görlitz -> Dresden",1,"SLOW_TRAFFIC","11.100000381469727",2025-05-22,"Beginn: 22.05.25 um 05:21 Uhr  Zusammengesetzte Verkehrsinformation, seit 22.05.2025, 05:21 A4: Görlitz -> Dresden, zwischen 0.5 km hinter Ludwigsdorf und 0.7 km vor An der Neiße  Langsamer Verkehr Reisezeitverlust: 1 Minuten Durchschnittsgeschwindigkeit: 11 km/h",51.1828789815611,15.0031185576331
"A6","undefined--vi-hind.2025-05-22_01-42-00-000.f_007.de0","49.27980349802968,10.720159959784306,49.27980349802968,10.720159959784306","49.27980349802968,10.720159959784306","WARNING","A6 | Lerchenbuck - Lichtenau"," Nürnberg -> Heilbronn",NA,NA,NA,2025-05-22,"Beginn: 22.05.25 um 01:42 Uhr  Fahrzeug-Hindernis, seit 22.05.2025, 01:42 A6: Nürnberg -> Heilbronn, zwischen 4.2 km hinter Lerchenbuck und AS Lichtenau Gefahr durch ein defektes Fahrzeug auf der Fahrbahn",49.2798034980297,10.7201599597843
"A7","undefined--vi-zus.2025-05-13_04-57-00-000.f_007.de0","47.595412441892016,10.656244234565428,47.626144871649025,10.654585437937621","47.595412441892016,10.656244234565428","WARNING","A7 | Füssen - Nesselwang"," Füssen/Reutte -> Ulm",NA,NA,NA,2025-05-13,"Beginn: 13.05.25 um 04:57 Uhr  Zusammengesetzte Verkehrsinformation, seit 13.05.2025, 04:57 A7: Füssen/Reutte -> Ulm, zwischen 2.5 km hinter AS Füssen und 10.0 km vor AS Nesselwang  A7 Füssen/Reutte Richtung Ulm zwischen Reinertshoftunnel und Nesselwang Verkehr wird über die Gegenfahrbahn geleitet, Baustelle, von 16.05.2025 05:00 Uhr bis 18.07.2025 15:00 Uhr",47.595412441892,10.6562442345654
"A7","undefined--vi-zus.2025-03-31_00-40-00-000.f_018.de0","53.579141433849884,9.913430072127355,53.55636870091902,9.897540700000414","53.579141433849884,9.913430072127355","WARNING","A7 | Hamburg-Volkspark - Elbtunnel (Nordportal)"," Flensburg -> Hamburg",NA,NA,NA,2025-03-31,"Beginn: 31.03.25 um 00:40 Uhr  Zusammengesetzte Verkehrsinformation, seit 31.03.2025, 00:40 A7: Flensburg -> Hamburg, zwischen 0.4 km hinter AS Hamburg-Volkspark und 0.9 km vor Elbtunnel (Nordportal)  A7 Flensburg Richtung Hamburg Ausfahrt Hamburg-Othmarschen Fahrbahnverengung, maximale Fahrbahnbreite von 4,50 m, Bauarbeiten, bis 29.09.2025",53.5791414338499,9.91343007212735
"A8","undefined--vi-zus.2025-03-26_17-59-56-000.f_013.de0","49.32575278791285,7.172731755291576,49.327350714671546,7.213275819282444","49.32575278791285,7.172731755291576","WARNING","A8 | Neunkirchen/Spiesen - Kohlhof"," Saarlouis -> Neunkirchen",NA,NA,NA,2025-03-26,"Beginn: 26.03.25 um 17:59 Uhr  Zusammengesetzte Verkehrsinformation, seit 26.03.2025, 17:59 A8: Saarlouis -> Neunkirchen, zwischen 1.5 km hinter AS Neunkirchen/Spiesen und 1.0 km vor Kohlhof  A8 Saarlouis - Neunkirchen zwischen Neunkirchen-Spiesen und Neunkirchen-Oberstadt in beiden Richtungen Bauarbeiten, bis voraussichtlich 01.06.2025",49.3257527879128,7.17273175529158
"A8","undefined--vi-zus.2025-05-14_09-26-56-000.f.de0","49.32628400979037,7.229641516813452,49.329166750017514,7.1882642393148934","49.32628400979037,7.229641516813452","WARNING","A8 | Neunkirchen-Wellesweiler - Neunkirchen/Spiesen"," Neunkirchen -> Saarlouis",NA,NA,NA,2025-05-14,"Beginn: 14.05.25 um 09:26 Uhr  Zusammengesetzte Verkehrsinformation, seit 14.05.2025, 09:26 A8: Neunkirchen -> Saarlouis, zwischen 0.4 km hinter AS Neunkirchen-Wellesweiler und 2.7 km vor AS Neunkirchen/Spiesen  A8 Saarlouis - Neunkirchen zwischen Neunkirchen-Spiesen und Neunkirchen-Oberstadt in beiden Richtungen Bauarbeiten, bis voraussichtlich 01.06.2025",49.3262840097904,7.22964151681345
"A8","undefined--vi-zus.2025-04-24_15-51-24-000.f_004.de0","47.80413423145671,12.281019464099568,47.80190612486237,12.309767384276238","47.80413423145671,12.281019464099568","WARNING","A8 | Frasdorf - Bernau am Chiemsee"," München -> Salzburg",NA,NA,NA,2025-04-24,"Beginn: 24.04.25 um 15:51 Uhr  Zusammengesetzte Verkehrsinformation, seit 24.04.2025, 15:51 A8: München -> Salzburg, zwischen 0.1 km hinter Frasdorf und 4.3 km vor AS Bernau am Chiemsee  A8 München Richtung Salzburg zwischen Frasdorf und Bernau rechter Fahrstreifen gesperrt, Fahrbahn auf einen Fahrstreifen verengt, Brückenarbeiten, bis 24.05.2025 20:00 Uhr",47.8041342314567,12.2810194640996
"A8","undefined--vi-avl.2025-05-22_05-25-00-000.f.de0","47.76842125393946,12.940646764033307,47.76830848019774,12.936270168061284","47.76842125393946,12.940646764033307","WARNING","A8 | Bad Reichenhall - Bad Reichenhall"," Salzburg -> München",0,"SLOW_TRAFFIC","13.699999809265137",2025-05-22,"Beginn: 22.05.25 um 05:25 Uhr  Angespannte Verkehrslage, seit 22.05.2025, 05:25 A8: Salzburg -> München, zwischen 0.2 km hinter Bad Reichenhall und 2.3 km vor AS Bad Reichenhall  Langsamer Verkehr Reisezeitverlust: 0 Minuten Durchschnittsgeschwindigkeit: 13 km/h",47.7684212539395,12.9406467640333
"A9","undefined--vi-avl.2025-05-22_05-29-30-000.f.de0","50.03554651219452,11.608392296565436,50.014550700941115,11.605640500010935","50.03554651219452,11.608392296565436","WARNING","A9 | Bad Berneck/Himmelkron - Bayreuth-Nord"," Halle/Leipzig -> Nürnberg",2,"SLOW_TRAFFIC","41.5",2025-05-22,"Beginn: 22.05.25 um 05:29 Uhr  Angespannte Verkehrslage, seit 22.05.2025, 05:29 A9: Halle/Leipzig -> Nürnberg, zwischen 2.3 km hinter AS Bad Berneck/Himmelkron und 6.3 km vor AS Bayreuth-Nord  Langsamer Verkehr Reisezeitverlust: 2 Minuten Durchschnittsgeschwindigkeit: 41 km/h",50.0355465121945,11.6083922965654
"A9","undefined--vi-zus.2025-05-22_05-30-00-000.f.de0","50.933109650499404,11.83694622368533,50.950730511492736,11.836246861096658","50.933109650499404,11.83694622368533","WARNING","A9 | Bad Klosterlausnitz - Kuhberg"," Nürnberg -> Halle/Leipzig",0,"SLOW_TRAFFIC","70.9000015258789",2025-05-22,"Beginn: 22.05.25 um 05:30 Uhr  Zusammengesetzte Verkehrsinformation, seit 22.05.2025, 05:30 A9: Nürnberg -> Halle/Leipzig, zwischen 2.5 km hinter AS Bad Klosterlausnitz und 2.0 km vor Kuhberg  Langsamer Verkehr Reisezeitverlust: 0 Minuten Durchschnittsgeschwindigkeit: 70 km/h",50.9331096504994,11.8369462236853
"A10","undefined--vi-hind.2025-05-22_05-33-00-000.f.de0","52.30310170092962,12.973072100066599,52.29159400092957,12.922544600062654","52.30310170092962,12.973072100066599","WARNING","A10 | Michendorf-Süd - Potsdam"," Schönefelder Kreuz -> Dreieck Potsdam",NA,NA,NA,2025-05-22,"Beginn: 22.05.25 um 05:33 Uhr  Hindernis, seit 22.05.2025, 05:33 A10: Schönefelder Kreuz -> Dreieck Potsdam, zwischen 3.0 km hinter Michendorf-Süd und 0.4 km vor AD Potsdam  Gefahr durch Gegenstände auf der Fahrbahn",52.3031017009296,12.9730721000666
"A10","undefined--vi-avl.2025-05-22_11-50-00-000.f_034.de0","52.412149100523266,12.901041845080828,52.412149100523266,12.901041845080828","52.412149100523266,12.901041845080828","WARNING","A10 | Groß Kreutz - Phöben"," Dreieck Werder -> Dreieck Havelland",0,"STATIONARY_TRAFFIC","25",2025-05-22,"Beginn: 22.05.25 um 11:50 Uhr  Angespannte Verkehrslage, seit 22.05.2025, 11:50 A10: Dreieck Werder -> Dreieck Havelland, zwischen 5.0 km hinter AS Groß Kreutz und 0.1 km vor AS Phöben  Im Stillstand Reisezeitverlust: 0 Minuten Durchschnittsgeschwindigkeit: 25 km/h",52.4121491005233,12.9010418450808
"A12","WarnungA10Lkw3","47.61802931631098,12.202336027754352,47.61802931631098,12.202336027754352","47.61802931631098,12.202336027754352","WARNING","E45/E60 | LKW Blockabfertigung | A12-Inntal Autobahn","Richtung Italien",NA,NA,NA,2025-01-11,"Zeitraum: Beginn: 07.01.2025 Ende: 09.12.2025  Hinweis für LKW-Reisende nach Österreich: LKW-Blockabfertigungen an ausgewählten Tagen für Lkw am Grenzübergang Kufstein/Kiefersfelden. Maximaler Durchlass von 300 LKWs pro Stunde  Die genauen Ausführungszeiten und weitere Informationen auf tirol.gv.at/verkehr/verkehrs-und-seilbahnrecht/lkw-dosierung.",47.618029316311,12.2023360277544
"A12","WarnungA10Lkw2","47.6164490154047,12.202382557672273,47.6164490154047,12.202382557672273","47.6164490154047,12.202382557672273","WARNING","E43/E45/E60 | A13-Brenner Autobahn","Richtung Italien",NA,NA,NA,2025-01-11,"Zeitraum: Beginn: 11.01.2025 Ende: 27.09.2025  Hinweis für LKW-Reisende nach Österreich: LKW-Fahrverbot auf der A12-Inntal Autobahn, A13-Brenner Autobahn und A14-Rheintal/Walgau Autobahn, wenn das Ziel der Fahrt der Anschlussstelle Nößlach bis Anschlussstelle Brenner Nord der Richtungsfahrbahn Staatsgrenze der A 13 Brenner Autobahn erreicht werden soll. An ausgewählten Samstagen 7-15 Uhr sowie weiteren Tagen im Zeitraum 11.01. - 27.09.2025 Weitere Informationen auf http://asfinag.at/a13",47.6164490154047,12.2023825576723
"A17","undefined--vi-avl.2025-05-22_05-30-30-000.f.de0","50.82026170094333,13.887384300240237,50.82026170094333,13.887384300240237","50.82026170094333,13.887384300240237","WARNING","A17 | Am Heidenholz - Am Heidenholz"," Prag -> Dresden",NA,"STATIONARY_TRAFFIC","25",2025-05-22,"Beginn: 22.05.25 um 05:33 Uhr  Angespannte Verkehrslage, seit 22.05.2025, 05:33 A17: Prag -> Dresden, 0.2 km vor Am Heidenholz, aus Richtung Breitenau-Schönwald  Im Stillstand Durchschnittsgeschwindigkeit: 25 km/h",50.8202617009433,13.8873843002402
"A17","undefined--vi-zus.2025-05-22_04-59-00-000.f.de0","50.82026170094333,13.887384300240237,50.8244130009433,13.887895800240193","50.82026170094333,13.887384300240237","WARNING","A17 | Breitenau-Schönwald - Bad Gottleuba"," Prag -> Dresden",0,"STATIONARY_TRAFFIC","30.5",2025-05-22,"Beginn: 22.05.25 um 04:59 Uhr  Zusammengesetzte Verkehrsinformation, seit 22.05.2025, 04:59 A17: Prag -> Dresden, zwischen 4.5 km hinter Breitenau-Schönwald und 0.8 km vor AS Bad Gottleuba  Im Stillstand Reisezeitverlust: 0 Minuten Durchschnittsgeschwindigkeit: 30 km/h",50.8202617009433,13.8873843002402
"A23","undefined--vi-avl.2025-05-22_05-18-30-000.f_005.de0","53.706040367470095,9.770725979355008,53.706040367470095,9.770725979355008","53.706040367470095,9.770725979355008","WARNING","A23 | Forst Rantzau Süd - Forst Rantzau Süd"," Heide -> Hamburg",NA,"STATIONARY_TRAFFIC","24",2025-05-22,"Beginn: 22.05.25 um 05:33 Uhr  Angespannte Verkehrslage, seit 22.05.2025, 05:33 A23: Heide -> Hamburg, 0.4 km vor Forst Rantzau Süd, aus Richtung Forst Rantzau Nord  Im Stillstand Durchschnittsgeschwindigkeit: 24 km/h",53.7060403674701,9.77072597935501
"A23","undefined--vi-avl.2025-05-22_05-15-00-000.f.de0","53.70597716153122,9.77078375929406,53.66547295932248,9.814278587910305","53.70597716153122,9.77078375929406","WARNING","A23 | Forst Rantzau Nord - Pinneberg-Mitte"," Heide -> Hamburg",10,"STATIONARY_TRAFFIC","23.700000762939453",2025-05-22,"Beginn: 22.05.25 um 05:15 Uhr  Angespannte Verkehrslage, seit 22.05.2025, 05:15 A23: Heide -> Hamburg, zwischen 0.1 km hinter Forst Rantzau Nord und 1.3 km vor AS Pinneberg-Mitte  Im Stillstand Reisezeitverlust: 10 Minuten Durchschnittsgeschwindigkeit: 23 km/h",53.7059771615312,9.77078375929406
"A37","undefined--vi-zus.2025-05-20_10-04-05-000.f_002.de0","52.442156462690335,9.933442989087833,52.436581812162494,9.913211841333315","52.442156462690335,9.933442989087833","WARNING","A37 | Beinhorn - Hannover-Kirchhorst"," Celle -> Hannover",NA,NA,NA,2025-05-20,"Beginn: 20.05.25 um 10:04 Uhr  Zusammengesetzte Verkehrsinformation, seit 20.05.2025, 10:04 B3: Celle -> Hannover, zwischen 0.4 km hinter AS Beinhorn und 2.1 km vor AK Hannover-Kirchhorst  A37 Messe - Burgdorf
zwischen Kreuz Hannover-Buchholz und Beinhorn
in beiden Richtungen geänderte Verkehrsführung im Baustellenbereich, Bauarbeiten, bis 30.10.2026 ca. 18:00 Uhr",52.4421564626903,9.93344298908783
"A37","undefined--vi-zus.2025-05-20_10-04-05-000.f_003.de0","52.42566547847685,9.880479425875153,52.44102213295518,9.93161290421946","52.42566547847685,9.880479425875153","WARNING","Baustelle"," km 22.62 --> km 26.54",NA,NA,NA,2025-05-20,"Beginn: 20.05.25 um 10:04 Uhr  Zusammengesetzte Verkehrsinformation, seit 20.05.2025, 10:04 A37: km 22.62 --> km 26.54  A37 Messe - Burgdorf
zwischen Kreuz Hannover-Buchholz und Beinhorn
in beiden Richtungen geänderte Verkehrsführung im Baustellenbereich, Bauarbeiten, bis 30.10.2026 ca. 18:00 Uhr",52.4256654784769,9.88047942587515
"A44","undefined--vi-avl.2025-05-22_05-24-30-000.f_001.de0","51.494619600076135,8.993605203927313,51.494619600076135,8.993605203927313","51.494619600076135,8.993605203927313","WARNING","A44 | Am Biggenkopf - Am Biggenkopf"," Kassel -> Dortmund",NA,"STATIONARY_TRAFFIC","14",2025-05-22,"Beginn: 22.05.25 um 05:33 Uhr  Angespannte Verkehrslage, seit 22.05.2025, 05:33 A44: Kassel -> Dortmund, 0.7 km vor Am Biggenkopf, aus Richtung Diemelstadt  Im Stillstand Durchschnittsgeschwindigkeit: 14 km/h",51.4946196000761,8.99360520392731
"A44","undefined--vi-avl.2025-05-22_04-01-30-000.f_004.de0","51.49471589850887,8.99339680376309,51.52857958113187,8.905487205662276","51.49471589850887,8.99339680376309","WARNING","A44 | Diemelstadt - Blankenrode"," Kassel -> Dortmund",28,"STATIONARY_TRAFFIC","13.899999618530273",2025-05-22,"Beginn: 22.05.25 um 04:01 Uhr  Angespannte Verkehrslage, seit 22.05.2025, 04:01 A44: Kassel -> Dortmund, zwischen 1.4 km hinter AS Diemelstadt und 2.6 km vor Blankenrode  Im Stillstand Reisezeitverlust: 28 Minuten Durchschnittsgeschwindigkeit: 13 km/h",51.4947158985089,8.99339680376309
"A60","undefined--vi-zus.2025-04-08_08-51-21-000.f_013.de0","49.98125533976677,8.345695317688524,49.97565770865279,8.441396718063045","49.98125533976677,8.345695317688524","WARNING","A60 | Mainspitz-Dreieck - Rüsselsheimer Dreieck"," Mainz -> Rüsselsheim",NA,NA,NA,2025-04-08,"Beginn: 08.04.25 um 08:51 Uhr  Zusammengesetzte Verkehrsinformation, seit 08.04.2025, 08:51 A60: Mainz -> Rüsselsheim, zwischen 0.5 km hinter AD Mainspitz-Dreieck und 2.2 km vor AD Rüsselsheimer Dreieck  Sperrung der A60 bei Königstädten – Grundhafte Fahrbahnerneuerung zwischen dem Rüsselsheimer Dreieck und dem Mainspitz Dreieck. Die Niederlassung West der Autobahn GmbH erneuert zwischen dem Rüsselsheimer Dreieck (30) und dem Mainspitz Dreieck (26) die Fahrbahn. Von Donnerstagmorgen (24. April) bis Mitte Juli wird die Anschlussstelle (AS) Königstädten (29) in Fahrtrichtung (FR) Mainz sowie in FR Rüsselsheimer Dreieck gesperrt. Umleitungsmöglichkeiten sind ausgeschildert: • Ausfahrt FR Mainz: Umleitung via AS Rüsselsheim-Mitte • Einfahrt FR Mainz: innerstädtische Umleitung zur AS Rüsselsheim-Mitte (Adam-Opel-Straße / Kurt-Schumacher-Ring), von Nauheim kommend via L3482 zur AS Bischofsheim • Einfahrt FR Darmstadt: innerstädtische Umleitung zur AS Rüsselsheim-Mitte (Adam-Opel-Straße / Kurt-Schumacher-Ring) Die Autobahn GmbH bittet alle Verkehrsteilnehmer um Verständnis für die unvermeidlichen Verkehrsbehinderungen, die durch die Arbeiten entstehen.",49.9812553397668,8.34569531768852
"A60","undefined--vi-zus.2025-05-03_10-55-00-000.f_003.de0","49.977457399447445,8.454646346787307,49.981587265039146,8.34517285786785","49.977457399447445,8.454646346787307","WARNING","A60 | Rüsselsheimer Dreieck - Mainspitz-Dreieck"," Rüsselsheim -> Mainz",NA,NA,NA,2025-05-03,"Beginn: 03.05.25 um 10:55 Uhr  Zusammengesetzte Verkehrsinformation, seit 03.05.2025, 10:55 A60: Rüsselsheim -> Mainz, zwischen 0.6 km hinter AD Rüsselsheimer Dreieck und 0.5 km vor AD Mainspitz-Dreieck  Sperrung der A60 bei Königstädten – Grundhafte Fahrbahnerneuerung zwischen dem Rüsselsheimer Dreieck und dem Mainspitz Dreieck. Die Niederlassung West der Autobahn GmbH erneuert zwischen dem Rüsselsheimer Dreieck (30) und dem Mainspitz Dreieck (26) die Fahrbahn. Von Donnerstagmorgen (24. April) bis Mitte Juli wird die Anschlussstelle (AS) Königstädten (29) in Fahrtrichtung (FR) Mainz sowie in FR Rüsselsheimer Dreieck gesperrt. Umleitungsmöglichkeiten sind ausgeschildert: • Ausfahrt FR Mainz: Umleitung via AS Rüsselsheim-Mitte • Einfahrt FR Mainz: innerstädtische Umleitung zur AS Rüsselsheim-Mitte (Adam-Opel-Straße / Kurt-Schumacher-Ring), von Nauheim kommend via L3482 zur AS Bischofsheim • Einfahrt FR Darmstadt: innerstädtische Umleitung zur AS Rüsselsheim-Mitte (Adam-Opel-Straße / Kurt-Schumacher-Ring) Die Autobahn GmbH bittet alle Verkehrsteilnehmer um Verständnis für die unvermeidlichen Verkehrsbehinderungen, die durch die Arbeiten entstehen.",49.9774573994474,8.45464634678731
"A64","undefined--vi-avl.2025-05-22_05-32-30-000.f.de0","49.7351795234192,6.524333352880034,49.745325092474225,6.557513547886324","49.7351795234192,6.524333352880034","WARNING","A64 | Sauertalbrücke - Markusberg"," Luxemburg -> Trier",1,"SLOW_TRAFFIC","67.80000305175781",2025-05-22,"Beginn: 22.05.25 um 05:32 Uhr  Angespannte Verkehrslage, seit 22.05.2025, 05:32 A64: Luxemburg -> Trier, zwischen 1.6 km hinter Sauertalbrücke und 1.9 km vor Markusberg  Langsamer Verkehr Reisezeitverlust: 1 Minuten Durchschnittsgeschwindigkeit: 67 km/h",49.7351795234192,6.52433335288003
"A64","undefined--vi-avl.2025-05-22_05-11-00-000.f_001.de0","49.78507244370596,6.6409570341333515,49.79020932058812,6.646868211249463","49.78507244370596,6.6409570341333515","WARNING","A64 | Trier - Anschluss B52-Trier"," Luxemburg -> Trier",2,"STATIONARY_TRAFFIC","15.5",2025-05-22,"Beginn: 22.05.25 um 05:26 Uhr  Angespannte Verkehrslage, seit 22.05.2025, 05:26 A64: Luxemburg -> Trier, zwischen 3.2 km hinter AS Trier und 1.0 km vor Anschluss B52-Trier  Im Stillstand Reisezeitverlust: 2 Minuten Durchschnittsgeschwindigkeit: 15 km/h",49.785072443706,6.64095703413335
"A64","undefined--vi-avl.2025-05-22_05-30-30-000.f_002.de0","49.78507244370596,6.6409570341333515,49.78507244370596,6.6409570341333515","49.78507244370596,6.6409570341333515","WARNING","A64 | Trier - Trier"," Trier -> Luxemburg",NA,"STATIONARY_TRAFFIC","5",2025-05-22,"Beginn: 22.05.25 um 05:31 Uhr  Angespannte Verkehrslage, seit 22.05.2025, 05:31 A64: Trier -> Luxemburg, 3.2 km vor AS Trier, aus Richtung Anschluss B52-Trier  Im Stillstand Durchschnittsgeschwindigkeit: 5 km/h",49.785072443706,6.64095703413335
"A66","undefined--vi-hind.2025-05-22_05-04-30-000.f_003.de0","50.1244967009406,8.55717319999988,50.11678129587265,8.536894903905646","50.1244967009406,8.55717319999988","WARNING","A66 | Eschborn - Frankfurt am Main-Höchst"," Frankfurt -> Wiesbaden",NA,NA,NA,2025-05-22,"Beginn: 22.05.25 um 05:04 Uhr  Hindernis, seit 22.05.2025, 05:04 A66: Frankfurt -> Wiesbaden, zwischen 0.7 km hinter AS Eschborn und 0.3 km vor AS Frankfurt am Main-Höchst  Gefahr durch Gegenstände auf der Fahrbahn",50.1244967009406,8.55717319999988
"A73","undefined--vi-avl.2025-05-22_05-22-30-000.f_005.de0","49.525261598681574,10.992152943733455,49.525261598681574,10.992152943733455","49.525261598681574,10.992152943733455","WARNING","A73 | Fürth-Steinach - Fürth-Steinach"," Bamberg -> Nürnberg",NA,"STATIONARY_TRAFFIC","19",2025-05-22,"Beginn: 22.05.25 um 05:33 Uhr  Angespannte Verkehrslage, seit 22.05.2025, 05:33 A73: Bamberg -> Nürnberg, 0.8 km vor AS Fürth-Steinach, aus Richtung Gründlach  Im Stillstand Durchschnittsgeschwindigkeit: 19 km/h",49.5252615986816,10.9921529437335
"A73","undefined--vi-avl.2025-05-22_05-22-30-000.f_006.de0","49.525333513773184,10.992155850587357,49.51407779584096,10.9924437198143","49.525333513773184,10.992155850587357","WARNING","A73 | Gründlach - Fürth-Ronhof"," Bamberg -> Nürnberg",3,"STATIONARY_TRAFFIC","19",2025-05-22,"Beginn: 22.05.25 um 05:22 Uhr  Angespannte Verkehrslage, seit 22.05.2025, 05:22 A73: Bamberg -> Nürnberg, zwischen 0.8 km hinter Gründlach und 2.2 km vor AS Fürth-Ronhof  Im Stillstand Reisezeitverlust: 3 Minuten Durchschnittsgeschwindigkeit: 19 km/h",49.5253335137732,10.9921558505874
"A100","undefined--vi-avl.2025-05-22_05-33-30-000.f_001.de0","52.49424589094748,13.287627955061138,52.49424589094748,13.287627955061138","52.49424589094748,13.287627955061138","WARNING","A100 | Halenseestraße - Halenseestraße"," Wilmersdorf -> Wedding",NA,"SLOW_TRAFFIC","21",2025-05-22,"Beginn: 22.05.25 um 05:33 Uhr  Angespannte Verkehrslage, seit 22.05.2025, 05:33 A100: Wilmersdorf -> Wedding, 0.1 km vor AS Halenseestraße, aus Richtung Kurfürstendamm(Schwarzbacher Straße)  Langsamer Verkehr Durchschnittsgeschwindigkeit: 21 km/h",52.4942458909475,13.2876279550611
"A100","undefined--vi-avl.2025-05-22_05-33-30-000.f_002.de0","52.49425408004411,13.28755561886432,52.498811182133856,13.281481978162205","52.49425408004411,13.28755561886432","WARNING","A100 | Kurfürstendamm(Schwarzbacher Straße) - Funkturm"," Wilmersdorf -> Wedding",0,"SLOW_TRAFFIC","29.899999618530273",2025-05-22,"Beginn: 22.05.25 um 05:33 Uhr  Angespannte Verkehrslage, seit 22.05.2025, 05:33 A100: Wilmersdorf -> Wedding, zwischen 0.2 km hinter AS Kurfürstendamm(Schwarzbacher Straße) und 0.3 km vor AD Funkturm  Langsamer Verkehr Reisezeitverlust: 0 Minuten Durchschnittsgeschwindigkeit: 29 km/h",52.4942540800441,13.2875556188643
"A113","undefined--vi-zus.2025-05-22_04-29-30-000.f.de0","52.43548310093075,13.494446300119055,52.427430081232416,13.518107437510764","52.43548310093075,13.494446300119055","WARNING","A113 | Johannisthaler Chaussee - Rudower Höhe"," Neukölln -> Schönefeld",NA,NA,NA,2025-05-22,"Beginn: 22.05.25 um 04:29 Uhr  Zusammengesetzte Verkehrsinformation, seit 22.05.2025, 04:29 A113: Neukölln -> Schönefeld, zwischen 1.3 km hinter AS Johannisthaler Chaussee und 0.9 km vor Rudower Höhe  A113 Autobahnzubringer Dresden, Neukölln Richtung Schönefeld
zwischen Stubenrauchstraße und Tunnel Rudower Höhe
linker Fahrstreifen gesperrt, Bauarbeiten, bis voraussichtlich 20.06.2025",52.4354831009308,13.4944463001191
"A115","undefined--vi-zus.2024-10-09_07-09-40-000.f_531.de0","52.40027056808641,13.185163736426698,52.44227384698058,13.202709435405149","52.40027056808641,13.185163736426698","WARNING","A115 | Am Stern - Hüttenweg"," Dreieck Nuthetal -> Dreieck Funkturm",NA,NA,NA,2024-10-09,"Beginn: 09.10.24 um 07:09 Uhr  Zusammengesetzte Verkehrsinformation, seit 09.10.2024, 07:09 A115: Dreieck Nuthetal -> Dreieck Funkturm, zwischen 2.9 km hinter Am Stern und 3.8 km vor AS Hüttenweg  A115 Autobahnzubringer Magdeburg, Dreieck Nuthetal Richtung Dreieck Funkturm, zwischen Anschlussstelle Kleinmachnow und Anschlussstelle Spanische Allee, Baustelle, bis 31.10.2026 17:00 Uhr",52.4002705680864,13.1851637364267
