"road","identifier","extent","point","display_type","title","subtitle","delay_minutes","abnormalTrafficType","averageSpeed","startTimestamp","description","latitude","longitude"
"A1","undefined--vi-hind.2025-05-21_22-03-30-000.f_006.de0","53.50929678257153,10.057088901590378,53.50929678257153,10.057088901590378","53.50929678257153,10.057088901590378","WARNING","A1 | Hamburg-Norderelbe - Hamburg-Südost"," Hamburg -> Lübeck",NA,NA,NA,2025-05-21,"Beginn: 21.05.25 um 22:03 Uhr  Fahrzeug-Hindernis, seit 21.05.2025, 22:03 A1: Hamburg -> Lübeck, zwischen 1.2 km hinter AK Hamburg-Norderelbe und 1.2 km vor AD Hamburg-Südost",53.5092967825715,10.0570889015904
"A1","undefined--vi-hind.2025-05-21_22-03-30-000.f_005.de0","53.509302500919404,10.063278300000514,53.5094444127468,10.056993241326454","53.509302500919404,10.063278300000514","WARNING","A1 | Hamburg-Südost - Hamburg-Norderelbe"," Lübeck -> Hamburg",NA,NA,NA,2025-05-21,"Beginn: 21.05.25 um 22:03 Uhr  Fahrzeug-Hindernis, seit 21.05.2025, 22:03 A1: Lübeck -> Hamburg, zwischen 1.2 km hinter AD Hamburg-Südost und 1.4 km vor AK Hamburg-Norderelbe",53.5093025009194,10.0632783000005
"A2","undefined--vi-avl.2025-05-21_19-46-00-000.f.de0","51.538697305853496,6.845984318841129,51.53893987830316,6.869444860652923","51.538697305853496,6.845984318841129","WARNING","A2 | Oberhausen - Oberhausen-Königshardt"," Oberhausen -> Dortmund",2,"QUEUING_TRAFFIC","26.399999618530273",2025-05-21,"Beginn: 21.05.25 um 19:46 Uhr  Angespannte Verkehrslage, seit 21.05.2025, 19:46 A2: Oberhausen -> Dortmund, zwischen 0.8 km hinter AK Oberhausen und AS Oberhausen-Königshardt  Stockender Verkehr Reisezeitverlust: 2 Minuten Durchschnittsgeschwindigkeit: 26 km/h",51.5386973058535,6.84598431884113
"A2","undefined--vi-avl.2025-05-21_19-47-33-000.f_001.de0","51.538697305853496,6.845984318841129,51.538697305853496,6.845984318841129","51.538697305853496,6.845984318841129","WARNING","A2 | Oberhausen-Königshardt - Oberhausen-Königshardt"," Oberhausen -> Dortmund",NA,"QUEUING_TRAFFIC","15",2025-05-21,"Beginn: 21.05.25 um 22:46 Uhr  Angespannte Verkehrslage, seit 21.05.2025, 22:46 A2: Oberhausen -> Dortmund, 1.6 km vor AS Oberhausen-Königshardt, aus Richtung Oberhausen  Stockender Verkehr Durchschnittsgeschwindigkeit: 15 km/h",51.5386973058535,6.84598431884113
"A3","undefined--vi-avl.2025-05-21_22-11-00-000.f.de0","48.5335684009485,13.400091000191024,48.55515914839114,13.392769780882038","48.5335684009485,13.400091000191024","WARNING","A3 | Rottal-Ost - Hammerbach"," Linz -> Nürnberg",2,"QUEUING_TRAFFIC","46.900001525878906",2025-05-21,"Beginn: 21.05.25 um 22:11 Uhr  Angespannte Verkehrslage, seit 21.05.2025, 22:11 A3: Linz -> Nürnberg, zwischen 8.7 km hinter Rottal-Ost und 0.6 km vor Hammerbach  Stockender Verkehr Reisezeitverlust: 2 Minuten Durchschnittsgeschwindigkeit: 46 km/h",48.5335684009485,13.400091000191
"A3","undefined--vi-avl.2025-05-21_18-41-36-000.f.de0","48.76284356204113,13.057855398796574,48.77133842616099,13.040005366788163","48.76284356204113,13.057855398796574","WARNING","A3 | Manzing - Seebach"," Passau -> Nürnberg",0,"SLOW_TRAFFIC","56.29999923706055",2025-05-21,"Beginn: 21.05.25 um 18:41 Uhr  Angespannte Verkehrslage, seit 21.05.2025, 18:41 A3: Passau -> Nürnberg, zwischen 0.9 km hinter Manzing und 2.9 km vor Seebach  Langsamer Verkehr Reisezeitverlust: 0 Minuten Durchschnittsgeschwindigkeit: 56 km/h",48.7628435620411,13.0578553987966
"A3","undefined--vi-hind.2025-05-21_21-05-00-000.f_004.de0","49.36050680094374,11.4280058000082,49.31766240094391,11.471775900008971","49.36050680094374,11.4280058000082","WARNING","A3 | Oberölsbach - Neumarkt/Oberpfalz"," Nürnberg -> Passau",NA,NA,NA,2025-05-21,"Beginn: 21.05.25 um 21:05 Uhr  Fahrzeug-Hindernis, seit 21.05.2025, 21:05 A3: Nürnberg -> Passau, zwischen 0.3 km hinter AS Oberölsbach und 0.3 km vor AS Neumarkt/Oberpfalz Gefahr durch ein defektes Fahrzeug auf der Fahrbahn",49.3605068009437,11.4280058000082
"A3","undefined--vi-zus.2025-05-21_22-42-00-000.f_001.de0","49.70026007072847,10.854796737169993,49.63167873313041,10.917132682099218","49.70026007072847,10.854796737169993","WARNING","A3 | Steinknuck - Erlangen-West"," Würzburg -> Nürnberg",NA,NA,NA,2025-05-21,"Beginn: 21.05.25 um 22:42 Uhr  Zusammengesetzte Verkehrsinformation, seit 21.05.2025, 22:42 A3: Würzburg -> Nürnberg, zwischen 1.7 km hinter Steinknuck und 0.4 km vor AS Erlangen-West  Gefahr durch Gegenstände auf der Fahrbahn  A3 Würzburg Richtung Nürnberg zwischen Höchstadt-Ost und Erlangen-West Unfall mit 1 LKW, Gefahr durch Gegenstände (Reifenteile) auf der Fahrbahn, Standstreifen blockiert",49.7002600707285,10.85479673717
"A3","undefined--vi-avl.2025-05-21_22-45-30-000.f.de0","49.75945715407813,10.580376885097317,49.76158216083145,10.554725600809581","49.75945715407813,10.580376885097317","WARNING","A3 | Schlüsselfeld - Äppeleinsholz"," Nürnberg -> Würzburg",0,"SLOW_TRAFFIC","66.5",2025-05-21,"Beginn: 21.05.25 um 22:45 Uhr  Angespannte Verkehrslage, seit 21.05.2025, 22:45 A3: Nürnberg -> Würzburg, zwischen 4.3 km hinter AS Schlüsselfeld und 1.1 km vor Äppeleinsholz  Langsamer Verkehr Reisezeitverlust: 0 Minuten Durchschnittsgeschwindigkeit: 66 km/h",49.7594571540781,10.5803768850973
"A3","undefined--vi-avl.2025-05-21_22-46-30-000.f.de0","49.78144860094208,10.214161000000518,49.7817271874638,10.211754689402262","49.78144860094208,10.214161000000518","WARNING","A3 | Haidt - Kitzingen/Schwarzach"," Nürnberg -> Würzburg",3,"STATIONARY_TRAFFIC","2.700000047683716",2025-05-21,"Beginn: 21.05.25 um 22:46 Uhr  Angespannte Verkehrslage, seit 21.05.2025, 22:46 A3: Nürnberg -> Würzburg, zwischen 2.3 km hinter Haidt und 0.2 km vor AS Kitzingen/Schwarzach  Im Stillstand Reisezeitverlust: 3 Minuten Durchschnittsgeschwindigkeit: 2 km/h",49.7814486009421,10.2141610000005
"A3","undefined--vi-avl.2025-05-21_22-46-30-000.f_003.de0","49.78144860094208,10.214161000000518,49.78144860094208,10.214161000000518","49.78144860094208,10.214161000000518","WARNING","A3 | Kitzingen/Schwarzach - Kitzingen/Schwarzach"," Nürnberg -> Würzburg",NA,"STATIONARY_TRAFFIC","3",2025-05-21,"Beginn: 21.05.25 um 22:46 Uhr  Angespannte Verkehrslage, seit 21.05.2025, 22:46 A3: Nürnberg -> Würzburg, 0.4 km vor AS Kitzingen/Schwarzach, aus Richtung Haidt  Im Stillstand Durchschnittsgeschwindigkeit: 3 km/h",49.7814486009421,10.2141610000005
"A3","undefined--vi-zus.2025-05-21_22-11-30-000.f.de0","50.06775630094085,8.823207899999955,50.06476290094085,8.747340099999926","50.06775630094085,8.823207899999955","WARNING","A3 | Obertshausen - Offenbach"," Würzburg -> Frankfurt",NA,NA,NA,2025-05-21,"Beginn: 21.05.25 um 22:11 Uhr  Zusammengesetzte Verkehrsinformation, seit 21.05.2025, 22:11 A3: Würzburg -> Frankfurt, zwischen 0.3 km hinter AS Obertshausen und 0.5 km vor AS Offenbach  A3 Würzburg Richtung Frankfurt zwischen Obertshausen und Offenbach Gefahr durch 1 defekten LKW auf dem rechten Fahrstreifen",50.0677563009409,8.82320789999996
"A3","undefined--vi-hind.2025-05-21_20-34-30-000.f_005.de0","51.036747971367646,7.008660913817982,51.02713560093609,7.010762799997071","51.036747971367646,7.008660913817982","WARNING","A3 | Leverkusen - Leverkusen-Zentrum"," Oberhausen -> Köln",NA,NA,NA,2025-05-21,"Beginn: 21.05.25 um 20:34 Uhr  Hindernis, seit 21.05.2025, 20:34 A3: Oberhausen -> Köln, zwischen 0.6 km hinter AK Leverkusen und 0.4 km vor AS Leverkusen-Zentrum  Gefahr durch eine ungesicherte Unfallstelle",51.0367479713676,7.00866091381798
"A3","undefined--vi-avl.2025-05-21_22-46-30-000.f_001.de0","51.218417463798716,6.922344783957015,51.218417463798716,6.922344783957015","51.218417463798716,6.922344783957015","WARNING","A3 | Hilden - Hilden"," Oberhausen -> Köln",NA,"QUEUING_TRAFFIC","24",2025-05-21,"Beginn: 21.05.25 um 22:46 Uhr  Angespannte Verkehrslage, seit 21.05.2025, 22:46 A3: Oberhausen -> Köln, 2.9 km vor AK Hilden, aus Richtung Stindertal / Stinderhof  Stockender Verkehr Durchschnittsgeschwindigkeit: 24 km/h",51.2184174637987,6.92234478395701
"A3","undefined--vi-avl.2025-05-21_20-24-00-000.f.de0","51.218345667629706,6.922404182454225,51.19586072777287,6.9385540543252295","51.218345667629706,6.922404182454225","WARNING","A3 | Stindertal / Stinderhof - Hilden"," Oberhausen -> Köln",3,"QUEUING_TRAFFIC","35.599998474121094",2025-05-21,"Beginn: 21.05.25 um 20:24 Uhr  Angespannte Verkehrslage, seit 21.05.2025, 20:24 A3: Oberhausen -> Köln, zwischen 2.3 km hinter Stindertal / Stinderhof und 0.2 km vor AK Hilden  Stockender Verkehr Reisezeitverlust: 3 Minuten Durchschnittsgeschwindigkeit: 35 km/h",51.2183456676297,6.92240418245423
"A3","undefined--vi-avl.2025-05-21_22-21-30-000.f_001.de0","51.89839901701434,6.165717280673193,51.89839901701434,6.165717280673193","51.89839901701434,6.165717280673193","WARNING","A3 | Knauheide - Knauheide"," Arnheim -> Oberhausen",NA,"QUEUING_TRAFFIC","8",2025-05-21,"Beginn: 21.05.25 um 22:42 Uhr  Angespannte Verkehrslage, seit 21.05.2025, 22:42 A3: Arnheim -> Oberhausen, 0.1 km vor Knauheide, aus Richtung Elten  Stockender Verkehr Durchschnittsgeschwindigkeit: 8 km/h",51.8983990170143,6.16571728067319
"A3","undefined--vi-avl.2025-05-21_22-20-30-000.f_002.de0","51.89836112503476,6.165756320916883,51.89430742738076,6.169921542127004","51.89836112503476,6.165756320916883","WARNING","A3 | Elten - Elten"," Arnheim -> Oberhausen",0,"QUEUING_TRAFFIC","35.29999923706055",2025-05-21,"Beginn: 21.05.25 um 22:20 Uhr  Angespannte Verkehrslage, seit 21.05.2025, 22:20 A3: Arnheim -> Oberhausen, zwischen 0.4 km hinter Elten und 1.3 km vor AS Elten  Stockender Verkehr Reisezeitverlust: 0 Minuten Durchschnittsgeschwindigkeit: 35 km/h",51.8983611250348,6.16575632091688
"A4","undefined--vi-avl.2025-05-21_22-44-00-000.f_001.de0","50.89752900093681,6.91128359999635,50.89207581217413,6.923274345323828","50.89752900093681,6.91128359999635","WARNING","A4 | Köln-Klettenberg - Köln-Eifeltor"," Heerlen/Aachen -> Köln",0,"SLOW_TRAFFIC","58.599998474121094",2025-05-21,"Beginn: 21.05.25 um 22:44 Uhr  Angespannte Verkehrslage, seit 21.05.2025, 22:44 A4: Heerlen/Aachen -> Köln, zwischen 0.2 km hinter AS Köln-Klettenberg und 0.2 km vor AS Köln-Eifeltor  Langsamer Verkehr Reisezeitverlust: 0 Minuten Durchschnittsgeschwindigkeit: 58 km/h",50.8975290009368,6.91128359999635
"A4","undefined--vi-avl.2025-05-21_22-30-30-000.f_006.de0","51.185527679409525,14.993783750151543,51.185527679409525,14.993783750151543","51.185527679409525,14.993783750151543","WARNING","A4 | An der Neiße - An der Neiße"," Görlitz -> Dresden",NA,"STATIONARY_TRAFFIC","20",2025-05-21,"Beginn: 21.05.25 um 22:36 Uhr  Angespannte Verkehrslage, seit 21.05.2025, 22:36 A4: Görlitz -> Dresden, 0.4 km vor An der Neiße, aus Richtung Ludwigsdorf  Im Stillstand Durchschnittsgeschwindigkeit: 20 km/h",51.1855276794095,14.9937837501515
"A4","undefined--vi-zus.2025-05-21_22-29-00-000.f.de0","51.185527679409525,14.993783750151543,51.186736500965786,14.989494200636342","51.185527679409525,14.993783750151543","WARNING","A4 | Ludwigsdorf - An der Neiße"," Görlitz -> Dresden",0,"STATIONARY_TRAFFIC","21",2025-05-21,"Beginn: 21.05.25 um 22:29 Uhr  Zusammengesetzte Verkehrsinformation, seit 21.05.2025, 22:29 A4: Görlitz -> Dresden, zwischen 1.2 km hinter Ludwigsdorf und 0.1 km vor An der Neiße  Im Stillstand Reisezeitverlust: 0 Minuten Durchschnittsgeschwindigkeit: 21 km/h",51.1855276794095,14.9937837501515
"A5","undefined--vi-avl.2025-05-21_22-45-00-000.f.de0","49.20972069511655,8.599064879321844,49.217126405072044,8.60337270614185","49.20972069511655,8.599064879321844","WARNING","A5 | Bruchsal - Kronau"," Karlsruhe -> Heidelberg",0,"QUEUING_TRAFFIC","40.099998474121094",2025-05-21,"Beginn: 21.05.25 um 22:45 Uhr  Angespannte Verkehrslage, seit 21.05.2025, 22:45 A5: Karlsruhe -> Heidelberg, zwischen 6.2 km hinter Bruchsal und 1.1 km vor AS Kronau  Stockender Verkehr Reisezeitverlust: 0 Minuten Durchschnittsgeschwindigkeit: 40 km/h",49.2097206951166,8.59906487932184
"A5","undefined--vi-avl.2025-05-21_22-46-30-000.f_002.de0","49.20972069511655,8.599064879321844,49.20972069511655,8.599064879321844","49.20972069511655,8.599064879321844","WARNING","A5 | Kronau - Kronau"," Karlsruhe -> Heidelberg",NA,"QUEUING_TRAFFIC","28",2025-05-21,"Beginn: 21.05.25 um 22:46 Uhr  Angespannte Verkehrslage, seit 21.05.2025, 22:46 A5: Karlsruhe -> Heidelberg, 2.0 km vor AS Kronau, aus Richtung Bruchsal  Stockender Verkehr Durchschnittsgeschwindigkeit: 28 km/h",49.2097206951166,8.59906487932184
"A6","undefined--vi-hind.2025-05-21_22-45-30-000.f.de0","49.55342220094299,8.32021869999983,49.55205087912243,8.187192670251168","49.55342220094299,8.32021869999983","WARNING","A6 | Frankenthal - Grünstadt"," Mannheim -> Kaiserslautern",NA,NA,NA,2025-05-21,"Beginn: 21.05.25 um 22:45 Uhr  Fahrzeug-Hindernis, seit 21.05.2025, 22:45 A6: Mannheim -> Kaiserslautern, zwischen 2.4 km hinter AS Frankenthal und 0.4 km vor AS Grünstadt Gefahr durch ein defektes Fahrzeug auf der Fahrbahn",49.553422200943,8.32021869999983
"A6","undefined--vi-hind.2025-05-21_19-48-00-000.f_005.de0","49.21152990094426,9.072320200000012,49.18684520480663,9.195242698743506","49.21152990094426,9.072320200000012","WARNING","A6 | Bauernwald - Heilbronn/Untereisesheim"," Mannheim -> Heilbronn",NA,NA,NA,2025-05-21,"Beginn: 21.05.25 um 19:48 Uhr  Fahrzeug-Hindernis, seit 21.05.2025, 19:48 A6: Mannheim -> Heilbronn, zwischen 7.4 km hinter Bauernwald und 0.5 km vor AS Heilbronn/Untereisesheim",49.2115299009443,9.07232020000001
"A7","undefined--vi-zus.2025-05-13_04-57-00-000.f_006.de0","47.595412441892016,10.656244234565428,47.62855194383104,10.58197876986764","47.595412441892016,10.656244234565428","WARNING","A7 | Füssen - Nesselwang"," Füssen/Reutte -> Ulm",NA,NA,NA,2025-05-13,"Beginn: 13.05.25 um 04:57 Uhr  Zusammengesetzte Verkehrsinformation, seit 13.05.2025, 04:57 A7: Füssen/Reutte -> Ulm, zwischen 2.5 km hinter AS Füssen und 4.4 km vor AS Nesselwang  A7 Füssen/Reutte Richtung Ulm zwischen Reinertshoftunnel und Nesselwang Verkehr wird über die Gegenfahrbahn geleitet, Baustelle, von 16.05.2025 05:00 Uhr bis 18.07.2025 15:00 Uhr",47.595412441892,10.6562442345654
"A7","undefined--vi-avl.2025-05-21_22-34-30-000.f_001.de0","51.684878000691256,9.927471144539407,51.684878000691256,9.927471144539407","51.684878000691256,9.927471144539407","WARNING","A7 | Nörten-Hardenberg - Nörten-Hardenberg"," Hannover -> Kassel",NA,"STATIONARY_TRAFFIC","18",2025-05-21,"Beginn: 21.05.25 um 22:46 Uhr  Angespannte Verkehrslage, seit 21.05.2025, 22:46 A7: Hannover -> Kassel, 6.4 km vor AS Nörten-Hardenberg, aus Richtung Northeim-West  Im Stillstand Durchschnittsgeschwindigkeit: 18 km/h",51.6848780006913,9.92747114453941
"A7","undefined--vi-avl.2025-05-21_22-29-30-000.f.de0","51.684878000691256,9.927471144539407,51.64839440982025,9.918886135827124","51.684878000691256,9.927471144539407","WARNING","A7 | Northeim-West - Nörten-Hardenberg"," Hannover -> Kassel",12,"STATIONARY_TRAFFIC","17.799999237060547",2025-05-21,"Beginn: 21.05.25 um 22:29 Uhr  Angespannte Verkehrslage, seit 21.05.2025, 22:29 A7: Hannover -> Kassel, zwischen 1.8 km hinter AS Northeim-West und 2.2 km vor AS Nörten-Hardenberg  Im Stillstand Reisezeitverlust: 12 Minuten Durchschnittsgeschwindigkeit: 17 km/h",51.6848780006913,9.92747114453941
"A7","undefined--vi-zus.2025-03-31_00-40-00-000.f_018.de0","53.579141433849884,9.913430072127355,53.55636870091902,9.897540700000414","53.579141433849884,9.913430072127355","WARNING","A7 | Hamburg-Volkspark - Elbtunnel (Nordportal)"," Flensburg -> Hamburg",NA,NA,NA,2025-03-31,"Beginn: 31.03.25 um 00:40 Uhr  Zusammengesetzte Verkehrsinformation, seit 31.03.2025, 00:40 A7: Flensburg -> Hamburg, zwischen 0.4 km hinter AS Hamburg-Volkspark und 0.9 km vor Elbtunnel (Nordportal)  A7 Flensburg Richtung Hamburg Ausfahrt Hamburg-Othmarschen Fahrbahnverengung, maximale Fahrbahnbreite von 4,50 m, Bauarbeiten, bis 29.09.2025",53.5791414338499,9.91343007212735
"A8","undefined--vi-avl.2025-05-21_22-44-30-000.f.de0","49.3353740009438,6.72917389999404,49.3353740009438,6.72917389999404","49.3353740009438,6.72917389999404","WARNING","A8 | Saarlouis - Saarlouis"," Saarlouis -> Luxemburg",NA,"SLOW_TRAFFIC","16",2025-05-21,"Beginn: 21.05.25 um 22:46 Uhr  Angespannte Verkehrslage, seit 21.05.2025, 22:46 A8: Saarlouis -> Luxemburg, 0.3 km vor AD Saarlouis, aus Richtung Dillingen-Süd  Langsamer Verkehr Durchschnittsgeschwindigkeit: 16 km/h",49.3353740009438,6.72917389999404
"A8","undefined--vi-zus.2025-03-26_17-59-56-000.f_013.de0","49.32575278791285,7.172731755291576,49.327350714671546,7.213275819282444","49.32575278791285,7.172731755291576","WARNING","A8 | Neunkirchen/Spiesen - Kohlhof"," Saarlouis -> Neunkirchen",NA,NA,NA,2025-03-26,"Beginn: 26.03.25 um 17:59 Uhr  Zusammengesetzte Verkehrsinformation, seit 26.03.2025, 17:59 A8: Saarlouis -> Neunkirchen, zwischen 1.5 km hinter AS Neunkirchen/Spiesen und 1.0 km vor Kohlhof  A8 Saarlouis - Neunkirchen zwischen Neunkirchen-Spiesen und Neunkirchen-Oberstadt in beiden Richtungen Bauarbeiten, bis voraussichtlich 01.06.2025",49.3257527879128,7.17273175529158
"A8","undefined--vi-zus.2025-05-14_09-26-56-000.f.de0","49.32628400979037,7.229641516813452,49.329166750017514,7.1882642393148934","49.32628400979037,7.229641516813452","WARNING","A8 | Neunkirchen-Wellesweiler - Neunkirchen/Spiesen"," Neunkirchen -> Saarlouis",NA,NA,NA,2025-05-14,"Beginn: 14.05.25 um 09:26 Uhr  Zusammengesetzte Verkehrsinformation, seit 14.05.2025, 09:26 A8: Neunkirchen -> Saarlouis, zwischen 0.4 km hinter AS Neunkirchen-Wellesweiler und 2.7 km vor AS Neunkirchen/Spiesen  A8 Saarlouis - Neunkirchen zwischen Neunkirchen-Spiesen und Neunkirchen-Oberstadt in beiden Richtungen Bauarbeiten, bis voraussichtlich 01.06.2025",49.3262840097904,7.22964151681345
"A8","undefined--vi-avl.2025-05-21_20-01-00-000.f.de0","48.88934592838619,8.786783352175334,48.86548047692167,8.792136645405796","48.88934592838619,8.786783352175334","WARNING","A8 | Pforzheim - Heimsheim"," Karlsruhe -> Stuttgart",5,"STATIONARY_TRAFFIC","22.299999237060547",2025-05-21,"Beginn: 21.05.25 um 20:01 Uhr  Angespannte Verkehrslage, seit 21.05.2025, 20:01 A8: Karlsruhe -> Stuttgart, zwischen 2.3 km hinter Pforzheim und 7.4 km vor AS Heimsheim  Im Stillstand Reisezeitverlust: 5 Minuten Durchschnittsgeschwindigkeit: 22 km/h",48.8893459283862,8.78678335217533
"A8","undefined--vi-hind.2025-05-21_19-38-00-000.f_010.de0","48.87880896235229,8.788533567619504,48.88043910094538,8.78834459999995","48.87880896235229,8.788533567619504","WARNING","A8 | Pforzheim-Süd - Pforzheim"," Stuttgart -> Karlsruhe",NA,NA,NA,2025-05-21,"Beginn: 21.05.25 um 19:38 Uhr  Fahrzeug-Hindernis, seit 21.05.2025, 19:38 A8: Stuttgart -> Karlsruhe, zwischen AS Pforzheim-Süd und 3.3 km vor Pforzheim",48.8788089623523,8.7885335676195
"A8","undefined--vi-avl.2025-05-21_20-07-30-000.f.de0","48.88931932467486,8.786790227656029,48.88931932467486,8.786790227656029","48.88931932467486,8.786790227656029","WARNING","A8 | Pforzheim-Süd - Pforzheim-Süd"," Karlsruhe -> Stuttgart",NA,"STATIONARY_TRAFFIC","18",2025-05-21,"Beginn: 21.05.25 um 22:46 Uhr  Angespannte Verkehrslage, seit 21.05.2025, 22:46 A8: Karlsruhe -> Stuttgart, 1.2 km vor AS Pforzheim-Süd, aus Richtung Pforzheim  Im Stillstand Durchschnittsgeschwindigkeit: 18 km/h",48.8893193246749,8.78679022765603
"A8","undefined--vi-avl.2025-05-21_22-15-00-000.f_002.de0","48.71068400926599,9.106282479863193,48.70954023314175,9.139817978265318","48.71068400926599,9.106282479863193","WARNING","A8 | Stuttgart - Stuttgart-Degerloch"," Karlsruhe -> München",6,"STATIONARY_TRAFFIC","19.700000762939453",2025-05-21,"Beginn: 21.05.25 um 22:15 Uhr  Angespannte Verkehrslage, seit 21.05.2025, 22:15 A8: Karlsruhe -> München, zwischen 3.4 km hinter AK Stuttgart und 2.0 km vor AS Stuttgart-Degerloch  Im Stillstand Reisezeitverlust: 6 Minuten Durchschnittsgeschwindigkeit: 19 km/h",48.710684009266,9.10628247986319
"A8","undefined--vi-avl.2025-05-21_22-26-30-000.f_006.de0","48.71068400926599,9.106282479863193,48.71068400926599,9.106282479863193","48.71068400926599,9.106282479863193","WARNING","A8 | Stuttgart-Möhringen - Stuttgart-Möhringen"," Karlsruhe -> Stuttgart",NA,"STATIONARY_TRAFFIC","12",2025-05-21,"Beginn: 21.05.25 um 22:46 Uhr  Angespannte Verkehrslage, seit 21.05.2025, 22:46 A8: Karlsruhe -> Stuttgart, 2.5 km vor AS Stuttgart-Möhringen, aus Richtung Stuttgart  Im Stillstand Durchschnittsgeschwindigkeit: 12 km/h",48.710684009266,9.10628247986319
"A9","undefined--vi-avl.2025-05-21_22-24-00-000.f.de0","48.384586602092995,11.597322756508664,48.40889364180595,11.589828177316926","48.384586602092995,11.597322756508664","WARNING","A9 | Fürholzen (West) - Allershausen"," München -> Nürnberg",0,"SLOW_TRAFFIC","76.5999984741211",2025-05-21,"Beginn: 21.05.25 um 22:24 Uhr  Angespannte Verkehrslage, seit 21.05.2025, 22:24 A9: München -> Nürnberg, zwischen 5.2 km hinter Fürholzen (West) und 2.2 km vor AS Allershausen  Langsamer Verkehr Reisezeitverlust: 0 Minuten Durchschnittsgeschwindigkeit: 76 km/h",48.384586602093,11.5973227565087
"A9","undefined--vi-zus.2025-05-21_20-17-30-000.f.de0","48.73044219621163,11.472663174629345,48.73044219621163,11.472663174629345","48.73044219621163,11.472663174629345","WARNING","A9 | Neuburg a.d.Donau - Ingolstadt-Süd"," München -> Nürnberg",0,"SLOW_TRAFFIC","63.79999923706055",2025-05-21,"Beginn: 21.05.25 um 20:17 Uhr  Zusammengesetzte Verkehrsinformation, seit 21.05.2025, 20:17 A9: München -> Nürnberg, zwischen 2.2 km hinter AS Neuburg a.d.Donau und 0.8 km vor AS Ingolstadt-Süd  Langsamer Verkehr Reisezeitverlust: 0 Minuten Durchschnittsgeschwindigkeit: 63 km/h",48.7304421962116,11.4726631746293
"A9","undefined--vi-zus.2025-05-21_19-35-30-000.f.de0","50.93135888419371,11.837451700388248,50.95333130934749,11.838098198156477","50.93135888419371,11.837451700388248","WARNING","A9 | Bad Klosterlausnitz - Kuhberg"," Nürnberg -> Halle/Leipzig",1,"SLOW_TRAFFIC","65.5",2025-05-21,"Beginn: 21.05.25 um 19:35 Uhr  Zusammengesetzte Verkehrsinformation, seit 21.05.2025, 19:35 A9: Nürnberg -> Halle/Leipzig, zwischen 2.3 km hinter AS Bad Klosterlausnitz und 1.7 km vor Kuhberg  Langsamer Verkehr Reisezeitverlust: 1 Minuten Durchschnittsgeschwindigkeit: 65 km/h",50.9313588841937,11.8374517003882
"A9","undefined--vi-avl.2025-05-21_22-38-30-000.f.de0","52.27761891698878,12.911927412924848,52.27761891698878,12.911927412924848","52.27761891698878,12.911927412924848","WARNING","A9 | Beelitz-Heilstätten - Beelitz-Heilstätten"," Berlin -> Halle/Leipzig",NA,"STATIONARY_TRAFFIC","7",2025-05-21,"Beginn: 21.05.25 um 22:46 Uhr  Angespannte Verkehrslage, seit 21.05.2025, 22:46 A9: Berlin -> Halle/Leipzig, 1.0 km vor AS Beelitz-Heilstätten, aus Richtung Potsdam  Im Stillstand Durchschnittsgeschwindigkeit: 7 km/h",52.2776189169888,12.9119274129248
"A9","undefined--vi-zus.2025-05-21_22-21-00-000.f_002.de0","52.27761891698878,12.911927412924848,52.270904800929685,12.909623200061853","52.27761891698878,12.911927412924848","WARNING","A9 | Potsdam - Beelitz-Heilstätten"," Berlin -> Halle/Leipzig",2,"STATIONARY_TRAFFIC","14.600000381469727",2025-05-21,"Beginn: 21.05.25 um 22:21 Uhr  Zusammengesetzte Verkehrsinformation, seit 21.05.2025, 22:21 A9: Berlin -> Halle/Leipzig, zwischen 1.4 km hinter AD Potsdam und 0.2 km vor AS Beelitz-Heilstätten  Im Stillstand Reisezeitverlust: 2 Minuten Durchschnittsgeschwindigkeit: 14 km/h",52.2776189169888,12.9119274129248
"A10","undefined--vi-zus.2025-05-21_19-31-00-000.f_007.de0","52.306322306876794,13.441127903387828,52.30654030093073,13.312906600099536","52.306322306876794,13.441127903387828","WARNING","A10 | Rangsdorf - Ludwigsfelde-Ost"," Schönefelder Kreuz -> Dreieck Potsdam",NA,NA,NA,2025-05-21,"Beginn: 21.05.25 um 19:31 Uhr  Zusammengesetzte Verkehrsinformation, seit 21.05.2025, 19:31 A10: Schönefelder Kreuz -> Dreieck Potsdam, zwischen 0.6 km hinter AS Rangsdorf und 1.7 km vor AS Ludwigsfelde-Ost  Gefahr durch ein defektes Fahrzeugs auf der Fahrbahn  A10 Südlicher Berliner Ring, Schönefelder Kreuz Richtung Dreieck Potsdam zwischen Rangsdorf und Genshagen Gefahr durch liegengebliebenes Fahrzeug auf dem rechten Fahrstreifen und dem Standstreifen, fahren Sie bitte besonders vorsichtig, Polizei ist benachrichtigt",52.3063223068768,13.4411279033878
"A10","undefined--vi-avl.2025-05-22_11-50-00-000.f_021.de0","52.412149100523266,12.901041845080828,52.412149100523266,12.901041845080828","52.412149100523266,12.901041845080828","WARNING","A10 | Groß Kreutz - Phöben"," Dreieck Werder -> Dreieck Havelland",0,"STATIONARY_TRAFFIC","25",2025-05-22,"Beginn: 22.05.25 um 11:50 Uhr  Angespannte Verkehrslage, seit 22.05.2025, 11:50 A10: Dreieck Werder -> Dreieck Havelland, zwischen 5.0 km hinter AS Groß Kreutz und 0.1 km vor AS Phöben  Im Stillstand Reisezeitverlust: 0 Minuten Durchschnittsgeschwindigkeit: 25 km/h",52.4121491005233,12.9010418450808
"A12","undefined--vi-hind.2025-05-21_21-24-00-000.f_003.de0","52.3281300531508,14.271886351876308,52.335460681356096,14.108944791468305","52.3281300531508,14.271886351876308","WARNING","A12 | Müllrose - Fürstenwalde-West"," Frankfurt(Oder) -> Berliner Ring",NA,NA,NA,2025-05-21,"Beginn: 21.05.25 um 21:24 Uhr  Hindernis, seit 21.05.2025, 21:24 A12: Frankfurt(Oder) -> Berliner Ring, zwischen 5.5 km hinter AS Müllrose und 2.3 km vor AS Fürstenwalde-West  Gefahr durch eine ungesicherte Unfallstelle",52.3281300531508,14.2718863518763
"A12","WarnungA10Lkw3","47.61802931631098,12.202336027754352,47.61802931631098,12.202336027754352","47.61802931631098,12.202336027754352","WARNING","E45/E60 | LKW Blockabfertigung | A12-Inntal Autobahn","Richtung Italien",NA,NA,NA,2025-01-11,"Zeitraum: Beginn: 07.01.2025 Ende: 09.12.2025  Hinweis für LKW-Reisende nach Österreich: LKW-Blockabfertigungen an ausgewählten Tagen für Lkw am Grenzübergang Kufstein/Kiefersfelden. Maximaler Durchlass von 300 LKWs pro Stunde  Die genauen Ausführungszeiten und weitere Informationen auf tirol.gv.at/verkehr/verkehrs-und-seilbahnrecht/lkw-dosierung.",47.618029316311,12.2023360277544
"A12","WarnungA10Lkw2","47.6164490154047,12.202382557672273,47.6164490154047,12.202382557672273","47.6164490154047,12.202382557672273","WARNING","E43/E45/E60 | A13-Brenner Autobahn","Richtung Italien",NA,NA,NA,2025-01-11,"Zeitraum: Beginn: 11.01.2025 Ende: 27.09.2025  Hinweis für LKW-Reisende nach Österreich: LKW-Fahrverbot auf der A12-Inntal Autobahn, A13-Brenner Autobahn und A14-Rheintal/Walgau Autobahn, wenn das Ziel der Fahrt der Anschlussstelle Nößlach bis Anschlussstelle Brenner Nord der Richtungsfahrbahn Staatsgrenze der A 13 Brenner Autobahn erreicht werden soll. An ausgewählten Samstagen 7-15 Uhr sowie weiteren Tagen im Zeitraum 11.01. - 27.09.2025 Weitere Informationen auf http://asfinag.at/a13",47.6164490154047,12.2023825576723
"A14","undefined--vi-avl.2025-05-21_22-44-30-000.f_005.de0","51.82524590093149,11.677641500010484,51.82524590093149,11.677641500010484","51.82524590093149,11.677641500010484","WARNING","A14 | Alter Postweg - Alter Postweg"," Halle -> Magdeburg",NA,"STATIONARY_TRAFFIC","17",2025-05-21,"Beginn: 21.05.25 um 22:46 Uhr  Angespannte Verkehrslage, seit 21.05.2025, 22:46 A14: Halle -> Magdeburg, 0.3 km vor Alter Postweg, aus Richtung Bernburg  Im Stillstand Durchschnittsgeschwindigkeit: 17 km/h",51.8252459009315,11.6776415000105
"A14","undefined--vi-avl.2025-05-21_22-44-30-000.f_002.de0","51.82524590093149,11.677641500010484,51.8292571159555,11.675310995069076","51.82524590093149,11.677641500010484","WARNING","A14 | Bernburg - Staßfurt"," Halle -> Magdeburg",0,"STATIONARY_TRAFFIC","28.299999237060547",2025-05-21,"Beginn: 21.05.25 um 22:44 Uhr  Angespannte Verkehrslage, seit 21.05.2025, 22:44 A14: Halle -> Magdeburg, zwischen 2.4 km hinter AS Bernburg und 2.6 km vor AS Staßfurt  Im Stillstand Reisezeitverlust: 0 Minuten Durchschnittsgeschwindigkeit: 28 km/h",51.8252459009315,11.6776415000105
"A15","undefined--vi-hind.2025-05-21_22-11-30-000.f_006.de0","51.71684891617953,14.346749511974137,51.71154620094699,14.459845100357134","51.71684891617953,14.346749511974137","WARNING","A15 | Cottbus-West - Roggosen"," Cottbus -> Breslau",NA,NA,NA,2025-05-21,"Beginn: 21.05.25 um 22:11 Uhr  Hindernis, seit 21.05.2025, 22:11 A15: Cottbus -> Breslau, zwischen 3.3 km hinter AS Cottbus-West und 0.4 km vor AS Roggosen  Gefahr durch Gegenstände auf der Fahrbahn",51.7168489161795,14.3467495119741
"A15","undefined--vi-zus.2025-05-21_21-52-00-000.f.de0","51.71161074915799,14.398329385725914,51.70743960865035,14.432105135058007","51.71161074915799,14.398329385725914","WARNING","A15 | Cottbus-Süd - Roggosen"," Cottbus -> Breslau",1,"SLOW_TRAFFIC","68.5",2025-05-21,"Beginn: 21.05.25 um 21:52 Uhr  Zusammengesetzte Verkehrsinformation, seit 21.05.2025, 21:52 A15: Cottbus -> Breslau, zwischen 3.5 km hinter AS Cottbus-Süd und 2.4 km vor AS Roggosen  Langsamer Verkehr Reisezeitverlust: 1 Minuten Durchschnittsgeschwindigkeit: 68 km/h  Gefahr durch Gegenstände auf der Fahrbahn",51.711610749158,14.3983293857259
"A17","undefined--vi-avl.2025-05-21_22-46-30-000.f_004.de0","50.82026170094333,13.887384300240237,50.82026170094333,13.887384300240237","50.82026170094333,13.887384300240237","WARNING","A17 | Am Heidenholz - Am Heidenholz"," Prag -> Dresden",NA,"QUEUING_TRAFFIC","28",2025-05-21,"Beginn: 21.05.25 um 22:46 Uhr  Angespannte Verkehrslage, seit 21.05.2025, 22:46 A17: Prag -> Dresden, 0.2 km vor Am Heidenholz, aus Richtung Breitenau-Schönwald  Stockender Verkehr Durchschnittsgeschwindigkeit: 28 km/h",50.8202617009433,13.8873843002402
"A17","undefined--vi-zus.2025-05-21_22-46-30-000.f.de0","50.82026170094333,13.887384300240237,50.8244130009433,13.887895800240193","50.82026170094333,13.887384300240237","WARNING","A17 | Breitenau-Schönwald - Bad Gottleuba"," Prag -> Dresden",0,"QUEUING_TRAFFIC","35.599998474121094",2025-05-21,"Beginn: 21.05.25 um 22:46 Uhr  Zusammengesetzte Verkehrsinformation, seit 21.05.2025, 22:46 A17: Prag -> Dresden, zwischen 4.5 km hinter Breitenau-Schönwald und 0.8 km vor AS Bad Gottleuba  Stockender Verkehr Reisezeitverlust: 0 Minuten Durchschnittsgeschwindigkeit: 35 km/h",50.8202617009433,13.8873843002402
"A20","undefined--vi-avl.2025-05-21_22-36-00-000.f_001.de0","53.8713267992867,11.619177230364429,53.878073774534506,11.593940252390453","53.8713267992867,11.619177230364429","WARNING","A20 | Zurow - Wismar"," Rostock -> Lübeck",0,"SLOW_TRAFFIC","78.30000305175781",2025-05-21,"Beginn: 21.05.25 um 22:36 Uhr  Angespannte Verkehrslage, seit 21.05.2025, 22:36 A20: Rostock -> Lübeck, zwischen 0.2 km hinter AS Zurow und 4.0 km vor AK Wismar  Langsamer Verkehr Reisezeitverlust: 0 Minuten Durchschnittsgeschwindigkeit: 78 km/h",53.8713267992867,11.6191772303644
"A27","undefined--vi-hind.2025-05-21_21-23-00-000.f_003.de0","53.74372501586228,8.666815702183378,53.67775810091804,8.657617199999857","53.74372501586228,8.666815702183378","WARNING","A27 | Nordholz - Debstedt"," Cuxhaven -> Bremerhaven",NA,NA,NA,2025-05-21,"Beginn: 21.05.25 um 21:23 Uhr  Hindernis, seit 21.05.2025, 21:23 A27: Cuxhaven -> Bremerhaven, zwischen 0.3 km hinter AS Nordholz und 6.3 km vor AS Debstedt  Gefahr durch eine ungesicherte Unfallstelle",53.7437250158623,8.66681570218338
"A27","undefined--vi-avl.2025-05-21_22-42-30-000.f_005.de0","53.84085850091669,8.733783899999885,53.84085850091669,8.733783899999885","53.84085850091669,8.733783899999885","WARNING","A27 | Altenwalde - Altenwalde"," Cuxhaven -> Bremerhaven",NA,"QUEUING_TRAFFIC","24",2025-05-21,"Beginn: 21.05.25 um 22:46 Uhr  Angespannte Verkehrslage, seit 21.05.2025, 22:46 A27: Cuxhaven -> Bremerhaven, 3.0 km vor AS Altenwalde, aus Richtung Cuxhaven  Stockender Verkehr Durchschnittsgeschwindigkeit: 24 km/h",53.8408585009167,8.73378389999989
"A27","undefined--vi-avl.2025-05-21_22-39-30-000.f_001.de0","53.84085850091669,8.733783899999885,53.834333223197135,8.726809258875528","53.84085850091669,8.733783899999885","WARNING","A27 | Cuxhaven - Altenwalde"," Cuxhaven -> Bremerhaven",1,"QUEUING_TRAFFIC","32.599998474121094",2025-05-21,"Beginn: 21.05.25 um 22:39 Uhr  Angespannte Verkehrslage, seit 21.05.2025, 22:39 A27: Cuxhaven -> Bremerhaven, zwischen Cuxhaven und 2.1 km vor AS Altenwalde  Stockender Verkehr Reisezeitverlust: 1 Minuten Durchschnittsgeschwindigkeit: 32 km/h",53.8408585009167,8.73378389999989
"A31","undefined--vi-avl.2025-05-21_17-28-46-000.f_015.de0","52.10815767536237,7.086006931606898,52.133555210786675,7.089348729670591","52.10815767536237,7.086006931606898","WARNING","A31 | Averbeck - Gronau/Ochtrup"," Oberhausen -> Gronau",2,"SLOW_TRAFFIC","49",2025-05-21,"Beginn: 21.05.25 um 17:28 Uhr  Angespannte Verkehrslage, seit 21.05.2025, 17:28 A31: Oberhausen -> Gronau, zwischen 0.4 km hinter Averbeck und 6.8 km vor AS Gronau/Ochtrup  Langsamer Verkehr Reisezeitverlust: 2 Minuten Durchschnittsgeschwindigkeit: 49 km/h",52.1081576753624,7.0860069316069
"A31","undefined--vi-avl.2025-05-21_22-41-30-000.f.de0","53.173792277217366,7.28962535652674,53.17911521609377,7.293761123793558","53.173792277217366,7.28962535652674","WARNING","A31 | Bunde - Rheiderland"," Meppen -> Leer",0,"QUEUING_TRAFFIC","34.5",2025-05-21,"Beginn: 21.05.25 um 22:41 Uhr  Angespannte Verkehrslage, seit 21.05.2025, 22:41 A31: Meppen -> Leer, zwischen 1.3 km hinter AD Bunde und 7.7 km vor Rheiderland  Stockender Verkehr Reisezeitverlust: 0 Minuten Durchschnittsgeschwindigkeit: 34 km/h",53.1737922772174,7.28962535652674
"A31","undefined--vi-avl.2025-05-21_22-44-30-000.f_003.de0","53.173792277217366,7.28962535652674,53.173792277217366,7.28962535652674","53.173792277217366,7.28962535652674","WARNING","A31 | Weener - Weener"," Meppen -> Leer",NA,"QUEUING_TRAFFIC","19",2025-05-21,"Beginn: 21.05.25 um 22:46 Uhr  Angespannte Verkehrslage, seit 21.05.2025, 22:46 A31: Meppen -> Leer, 0.6 km vor AS Weener, aus Richtung Bunde  Stockender Verkehr Durchschnittsgeschwindigkeit: 19 km/h",53.1737922772174,7.28962535652674
"A37","undefined--vi-zus.2025-05-20_10-04-05-000.f_002.de0","52.442156462690335,9.933442989087833,52.436581812162494,9.913211841333315","52.442156462690335,9.933442989087833","WARNING","A37 | Beinhorn - Hannover-Kirchhorst"," Celle -> Hannover",NA,NA,NA,2025-05-20,"Beginn: 20.05.25 um 10:04 Uhr  Zusammengesetzte Verkehrsinformation, seit 20.05.2025, 10:04 B3: Celle -> Hannover, zwischen 0.4 km hinter AS Beinhorn und 2.1 km vor AK Hannover-Kirchhorst  A37 Messe - Burgdorf
zwischen Kreuz Hannover-Buchholz und Beinhorn
in beiden Richtungen geänderte Verkehrsführung im Baustellenbereich, Bauarbeiten, bis 30.10.2026 ca. 18:00 Uhr",52.4421564626903,9.93344298908783
"A37","undefined--vi-zus.2025-05-20_10-04-05-000.f_003.de0","52.42566547847685,9.880479425875153,52.44102213295518,9.93161290421946","52.42566547847685,9.880479425875153","WARNING","Baustelle"," km 22.62 --> km 26.54",NA,NA,NA,2025-05-20,"Beginn: 20.05.25 um 10:04 Uhr  Zusammengesetzte Verkehrsinformation, seit 20.05.2025, 10:04 A37: km 22.62 --> km 26.54  A37 Messe - Burgdorf
zwischen Kreuz Hannover-Buchholz und Beinhorn
in beiden Richtungen geänderte Verkehrsführung im Baustellenbereich, Bauarbeiten, bis 30.10.2026 ca. 18:00 Uhr",52.4256654784769,9.88047942587515
"A40","undefined--vi-avl.2025-05-21_22-15-00-000.f_006.de0","51.49806143199191,7.211933656528018,51.497491620903915,7.226706666040196","51.49806143199191,7.211933656528018","WARNING","A40 | Bochum-Freudenbergstraße - Bochum-Ruhrstadion"," Essen -> Dortmund",0,"SLOW_TRAFFIC","55.099998474121094",2025-05-21,"Beginn: 21.05.25 um 22:15 Uhr  Angespannte Verkehrslage, seit 21.05.2025, 22:15 A40: Essen -> Dortmund, zwischen 0.7 km hinter AS Bochum-Freudenbergstraße und 0.5 km vor AS Bochum-Ruhrstadion  Langsamer Verkehr Reisezeitverlust: 0 Minuten Durchschnittsgeschwindigkeit: 55 km/h",51.4980614319919,7.21193365652802
"A43","undefined--vi-avl.2025-05-21_21-21-01-000.f.de0","51.904597385869145,7.428273484902489,51.90673711915578,7.410424223519217","51.904597385869145,7.428273484902489","WARNING","A43 | Senden - Nottuln"," Münster -> Recklinghausen",0,"SLOW_TRAFFIC","58.900001525878906",2025-05-21,"Beginn: 21.05.25 um 21:21 Uhr  Angespannte Verkehrslage, seit 21.05.2025, 21:21 A43: Münster -> Recklinghausen, zwischen 4.4 km hinter AS Senden und 0.3 km vor AS Nottuln  Langsamer Verkehr Reisezeitverlust: 0 Minuten Durchschnittsgeschwindigkeit: 58 km/h",51.9045973858691,7.42827348490249
"A44","undefined--vi-avl.2025-05-21_19-29-30-000.f.de0","51.53272339434072,7.8262479134296585,51.53323805512703,7.854588665975875","51.53272339434072,7.8262479134296585","WARNING","A44 | Buchenhain - Am Haarstrang"," Dortmund -> Kassel",1,"SLOW_TRAFFIC","60.79999923706055",2025-05-21,"Beginn: 21.05.25 um 19:29 Uhr  Angespannte Verkehrslage, seit 21.05.2025, 19:29 A44: Dortmund -> Kassel, zwischen 2.5 km hinter Buchenhain und 0.4 km vor Am Haarstrang  Langsamer Verkehr Reisezeitverlust: 1 Minuten Durchschnittsgeschwindigkeit: 60 km/h",51.5327233943407,7.82624791342966
"A44","undefined--vi-avl.2025-05-21_18-56-21-000.f.de0","51.55029709057042,8.142345297180546,51.54622256278009,8.12532033719499","51.55029709057042,8.142345297180546","WARNING","A44 | Soest-Ost - Soest"," Kassel -> Dortmund",0,"SLOW_TRAFFIC","54.900001525878906",2025-05-21,"Beginn: 21.05.25 um 18:56 Uhr  Angespannte Verkehrslage, seit 21.05.2025, 18:56 A44: Kassel -> Dortmund, zwischen 1.3 km hinter AS Soest-Ost und 1.7 km vor AS Soest  Langsamer Verkehr Reisezeitverlust: 0 Minuten Durchschnittsgeschwindigkeit: 54 km/h",51.5502970905704,8.14234529718055
"A44","undefined--vi-avl.2025-05-21_18-31-24-000.f.de0","51.519630351664105,8.93183735450384,51.53524847671271,8.88919965741539","51.519630351664105,8.93183735450384","WARNING","A44 | Marsberg - Blankenrode"," Kassel -> Dortmund",1,"SLOW_TRAFFIC","59.20000076293945",2025-05-21,"Beginn: 21.05.25 um 18:31 Uhr  Angespannte Verkehrslage, seit 21.05.2025, 18:31 A44: Kassel -> Dortmund, zwischen 2.1 km hinter AS Marsberg und 1.3 km vor Blankenrode  Langsamer Verkehr Reisezeitverlust: 1 Minuten Durchschnittsgeschwindigkeit: 59 km/h",51.5196303516641,8.93183735450384
"A45","undefined--vi-avl.2025-05-21_21-17-00-000.f.de0","50.55978120602058,8.561368308472336,50.56896153520826,8.547685342854388","50.55978120602058,8.561368308472336","WARNING","A45 | Wetzlar-Süd - Wetzlar-Ost"," Gießen -> Hagen",0,"SLOW_TRAFFIC","58.099998474121094",2025-05-21,"Beginn: 21.05.25 um 21:17 Uhr  Angespannte Verkehrslage, seit 21.05.2025, 21:17 A45: Gießen -> Hagen, zwischen 0.4 km hinter AS Wetzlar-Süd und 0.2 km vor AS Wetzlar-Ost  Langsamer Verkehr Reisezeitverlust: 0 Minuten Durchschnittsgeschwindigkeit: 58 km/h",50.5597812060206,8.56136830847234
"A46","undefined--vi-avl.2025-05-21_19-51-00-000.f_007.de0","51.190070289602865,6.835625464097246,51.18985780141635,6.8704680972994145","51.190070289602865,6.835625464097246","WARNING","A46 | Wersten - Erkrath"," Düsseldorf -> Wuppertal",1,"SLOW_TRAFFIC","42",2025-05-21,"Beginn: 21.05.25 um 19:51 Uhr  Angespannte Verkehrslage, seit 21.05.2025, 19:51 A46: Düsseldorf -> Wuppertal, zwischen 1.1 km hinter Wersten und 3.2 km vor AS Erkrath  Langsamer Verkehr Reisezeitverlust: 1 Minuten Durchschnittsgeschwindigkeit: 42 km/h",51.1900702896029,6.83562546409725
"A49","undefined--vi-avl.2025-05-21_22-44-30-000.f_006.de0","51.26177129381065,9.449123096167492,51.26177129381065,9.449123096167492","51.26177129381065,9.449123096167492","WARNING","A49 | Kassel-West - Kassel-West"," Gießen -> Kassel",NA,"SLOW_TRAFFIC","24",2025-05-21,"Beginn: 21.05.25 um 22:46 Uhr  Angespannte Verkehrslage, seit 21.05.2025, 22:46 A49: Gießen -> Kassel, 0.3 km vor AK Kassel-West, aus Richtung Baunatal-Nord  Langsamer Verkehr Durchschnittsgeschwindigkeit: 24 km/h",51.2617712938106,9.44912309616749
"A57","undefined--vi-hind.2025-05-21_22-24-30-000.f_006.de0","51.04772967632801,6.834969664061771,51.083385531101044,6.815635938933986","51.04772967632801,6.834969664061771","WARNING","A57 | Köln-Worringen - Dormagen"," Köln -> Krefeld",NA,NA,NA,2025-05-21,"Beginn: 21.05.25 um 22:24 Uhr  Hindernis, seit 21.05.2025, 22:24 A57: Köln -> Krefeld, zwischen 0.9 km hinter AS Köln-Worringen und 0.3 km vor AS Dormagen  Gefahr durch Personen auf der Fahrbahn",51.047729676328,6.83496966406177
"A57","undefined--vi-hind.2025-05-21_22-24-30-000.f_007.de0","51.08316700093579,6.8156651999956175,51.047756300936,6.834789299995774","51.08316700093579,6.8156651999956175","WARNING","A57 | Dormagen - Köln-Worringen"," Krefeld -> Köln",NA,NA,NA,2025-05-21,"Beginn: 21.05.25 um 22:24 Uhr  Hindernis, seit 21.05.2025, 22:24 A57: Krefeld -> Köln, zwischen 0.4 km hinter AS Dormagen und 0.9 km vor AS Köln-Worringen  Gefahr durch Personen auf der Fahrbahn",51.0831670009358,6.81566519999562
"A59","undefined--vi-hind.2025-05-21_22-40-00-000.f_001.de0","50.80962990093725,7.131105799997708,50.81679250093722,7.114225499997619","50.80962990093725,7.131105799997708","WARNING","A59 | Troisdorf - Spich"," Bonn -> Köln",NA,NA,NA,2025-05-21,"Beginn: 21.05.25 um 22:40 Uhr  Fahrzeug-Hindernis, seit 21.05.2025, 22:40 A59: Bonn -> Köln, zwischen 0.3 km hinter AS Troisdorf und 0.3 km vor AS Spich Gefahr durch ein defektes Fahrzeug auf der Fahrbahn",50.8096299009373,7.13110579999771
"A60","undefined--vi-zus.2025-04-08_08-51-21-000.f_013.de0","49.98125533976677,8.345695317688524,49.97565770865279,8.441396718063045","49.98125533976677,8.345695317688524","WARNING","A60 | Mainspitz-Dreieck - Rüsselsheimer Dreieck"," Mainz -> Rüsselsheim",NA,NA,NA,2025-04-08,"Beginn: 08.04.25 um 08:51 Uhr  Zusammengesetzte Verkehrsinformation, seit 08.04.2025, 08:51 A60: Mainz -> Rüsselsheim, zwischen 0.5 km hinter AD Mainspitz-Dreieck und 2.2 km vor AD Rüsselsheimer Dreieck  Sperrung der A60 bei Königstädten – Grundhafte Fahrbahnerneuerung zwischen dem Rüsselsheimer Dreieck und dem Mainspitz Dreieck. Die Niederlassung West der Autobahn GmbH erneuert zwischen dem Rüsselsheimer Dreieck (30) und dem Mainspitz Dreieck (26) die Fahrbahn. Von Donnerstagmorgen (24. April) bis Mitte Juli wird die Anschlussstelle (AS) Königstädten (29) in Fahrtrichtung (FR) Mainz sowie in FR Rüsselsheimer Dreieck gesperrt. Umleitungsmöglichkeiten sind ausgeschildert: • Ausfahrt FR Mainz: Umleitung via AS Rüsselsheim-Mitte • Einfahrt FR Mainz: innerstädtische Umleitung zur AS Rüsselsheim-Mitte (Adam-Opel-Straße / Kurt-Schumacher-Ring), von Nauheim kommend via L3482 zur AS Bischofsheim • Einfahrt FR Darmstadt: innerstädtische Umleitung zur AS Rüsselsheim-Mitte (Adam-Opel-Straße / Kurt-Schumacher-Ring) Die Autobahn GmbH bittet alle Verkehrsteilnehmer um Verständnis für die unvermeidlichen Verkehrsbehinderungen, die durch die Arbeiten entstehen.",49.9812553397668,8.34569531768852
"A60","undefined--vi-zus.2025-05-03_10-55-00-000.f_003.de0","49.977457399447445,8.454646346787307,49.981587265039146,8.34517285786785","49.977457399447445,8.454646346787307","WARNING","A60 | Rüsselsheimer Dreieck - Mainspitz-Dreieck"," Rüsselsheim -> Mainz",NA,NA,NA,2025-05-03,"Beginn: 03.05.25 um 10:55 Uhr  Zusammengesetzte Verkehrsinformation, seit 03.05.2025, 10:55 A60: Rüsselsheim -> Mainz, zwischen 0.6 km hinter AD Rüsselsheimer Dreieck und 0.5 km vor AD Mainspitz-Dreieck  Sperrung der A60 bei Königstädten – Grundhafte Fahrbahnerneuerung zwischen dem Rüsselsheimer Dreieck und dem Mainspitz Dreieck. Die Niederlassung West der Autobahn GmbH erneuert zwischen dem Rüsselsheimer Dreieck (30) und dem Mainspitz Dreieck (26) die Fahrbahn. Von Donnerstagmorgen (24. April) bis Mitte Juli wird die Anschlussstelle (AS) Königstädten (29) in Fahrtrichtung (FR) Mainz sowie in FR Rüsselsheimer Dreieck gesperrt. Umleitungsmöglichkeiten sind ausgeschildert: • Ausfahrt FR Mainz: Umleitung via AS Rüsselsheim-Mitte • Einfahrt FR Mainz: innerstädtische Umleitung zur AS Rüsselsheim-Mitte (Adam-Opel-Straße / Kurt-Schumacher-Ring), von Nauheim kommend via L3482 zur AS Bischofsheim • Einfahrt FR Darmstadt: innerstädtische Umleitung zur AS Rüsselsheim-Mitte (Adam-Opel-Straße / Kurt-Schumacher-Ring) Die Autobahn GmbH bittet alle Verkehrsteilnehmer um Verständnis für die unvermeidlichen Verkehrsbehinderungen, die durch die Arbeiten entstehen.",49.9774573994474,8.45464634678731
"A60","undefined--vi-avl.2025-05-21_22-45-00-000.f_001.de0","49.97616182708609,8.44389652309254,49.97474551032915,8.42505703171477","49.97616182708609,8.44389652309254","WARNING","A60 | Rüsselsheimer Dreieck - Rüsselsheim-Mitte"," Rüsselsheim -> Mainz",0,"SLOW_TRAFFIC","67.19999694824219",2025-05-21,"Beginn: 21.05.25 um 22:45 Uhr  Angespannte Verkehrslage, seit 21.05.2025, 22:45 A60: Rüsselsheim -> Mainz, zwischen 1.4 km hinter AD Rüsselsheimer Dreieck und 0.8 km vor AS Rüsselsheim-Mitte  Langsamer Verkehr Reisezeitverlust: 0 Minuten Durchschnittsgeschwindigkeit: 67 km/h",49.9761618270861,8.44389652309254
"A61","undefined--vi-avl.2025-05-21_22-42-30-000.f_004.de0","51.33275843779896,6.205553966564363,51.31268154072348,6.22532736963386","51.33275843779896,6.205553966564363","WARNING","A61 | Nettetal-West - Breyell"," Venlo -> Mönchengladbach",1,"SLOW_TRAFFIC","61.79999923706055",2025-05-21,"Beginn: 21.05.25 um 22:42 Uhr  Angespannte Verkehrslage, seit 21.05.2025, 22:42 A61: Venlo -> Mönchengladbach, zwischen 0.7 km hinter AS Nettetal-West und 2.9 km vor AS Breyell  Langsamer Verkehr Reisezeitverlust: 1 Minuten Durchschnittsgeschwindigkeit: 61 km/h",51.332758437799,6.20555396656436
"A66","undefined--vi-avl.2025-05-21_22-36-30-000.f_005.de0","50.05581059853987,8.356985258045407,50.05581059853987,8.356985258045407","50.05581059853987,8.356985258045407","WARNING","A66 | Wiesbaden-Nordenstadt - Wiesbaden-Nordenstadt"," Frankfurt -> Wiesbaden",NA,"STATIONARY_TRAFFIC","12",2025-05-21,"Beginn: 21.05.25 um 22:46 Uhr  Angespannte Verkehrslage, seit 21.05.2025, 22:46 A66: Frankfurt -> Wiesbaden, 1.2 km vor AS Wiesbaden-Nordenstadt, aus Richtung Wallau  Im Stillstand Durchschnittsgeschwindigkeit: 12 km/h",50.0558105985399,8.35698525804541
"A66","undefined--vi-avl.2025-05-21_21-36-30-000.f_003.de0","50.055810563980565,8.356999227165867,50.055856888829936,8.339763133182473","50.055810563980565,8.356999227165867","WARNING","A66 | Wallau - Wiesbaden-Erbenheim"," Frankfurt -> Wiesbaden",4,"STATIONARY_TRAFFIC","16",2025-05-21,"Beginn: 21.05.25 um 21:36 Uhr  Angespannte Verkehrslage, seit 21.05.2025, 21:36 A66: Frankfurt -> Wiesbaden, zwischen 1.1 km hinter AS Wallau und 1.9 km vor Wiesbaden-Erbenheim  Im Stillstand Reisezeitverlust: 4 Minuten Durchschnittsgeschwindigkeit: 16 km/h",50.0558105639806,8.35699922716587
"A66","undefined--vi-avl.2025-05-21_22-44-00-000.f.de0","50.1950495314694,9.20591544008826,50.19895720094025,9.22012490000005","50.1950495314694,9.20591544008826","WARNING","A66 | Gelnhausen-West - Bad Orb/Wächtersbach"," Frankfurt -> Fulda",0,"SLOW_TRAFFIC","69.69999694824219",2025-05-21,"Beginn: 21.05.25 um 22:44 Uhr  Angespannte Verkehrslage, seit 21.05.2025, 22:44 A66: Frankfurt -> Fulda, zwischen 1.9 km hinter AS Gelnhausen-West und 7.1 km vor AS Bad Orb/Wächtersbach  Langsamer Verkehr Reisezeitverlust: 0 Minuten Durchschnittsgeschwindigkeit: 69 km/h",50.1950495314694,9.20591544008826
"A67","undefined--vi-hind.2025-05-21_22-14-30-000.f_001.de0","49.93142186408186,8.487663465064239,49.905703003817166,8.515782286046992","49.93142186408186,8.487663465064239","WARNING","A67 | Rüsselsheimer Dreieck - Büttelborn"," Mönchhof-Dreieck -> Darmstadt",NA,NA,NA,2025-05-21,"Beginn: 21.05.25 um 22:14 Uhr  Fahrzeug-Hindernis, seit 21.05.2025, 22:14 A67: Mönchhof-Dreieck -> Darmstadt, zwischen 5.6 km hinter AD Rüsselsheimer Dreieck und AS Büttelborn",49.9314218640819,8.48766346506424
"A73","undefined--vi-hind.2025-05-21_22-19-00-000.f_001.de0","50.16153696216618,11.011977170241385,50.220542900940146,11.049359800003502","50.16153696216618,11.011977170241385","WARNING","A73 | Lichtenfels-Nord - Ebersdorf b.Coburg"," Bamberg -> Suhl",NA,NA,NA,2025-05-21,"Beginn: 21.05.25 um 22:19 Uhr  Hindernis, seit 21.05.2025, 22:19 A73: Bamberg -> Suhl, zwischen 2.2 km hinter AS Lichtenfels-Nord und 0.2 km vor AS Ebersdorf b.Coburg  Gefahr durch eine ungesicherte Unfallstelle",50.1615369621662,11.0119771702414
"A81","undefined--vi-hind.2025-05-21_22-26-30-000.f_002.de0","48.822533200945564,9.078457500000027,48.84566460094549,9.116074500000023","48.822533200945564,9.078457500000027","WARNING","A81 | Engelberg - Stuttgart-Zuffenhausen"," Stuttgart -> Heilbronn",NA,NA,NA,2025-05-21,"Beginn: 21.05.25 um 22:26 Uhr  Fahrzeug-Hindernis, seit 21.05.2025, 22:26 A81: Stuttgart -> Heilbronn, zwischen 2.8 km hinter Engelberg und 0.7 km vor AS Stuttgart-Zuffenhausen",48.8225332009456,9.07845750000003
"A81","undefined--vi-avl.2025-05-21_21-02-30-000.f.de0","48.95357692646298,9.209856162752846,48.95988320094511,9.218554300000054","48.95357692646298,9.209856162752846","WARNING","A81 | Ludwigsburg-Nord - Kälbling"," Stuttgart -> Heilbronn",0,"SLOW_TRAFFIC","58.79999923706055",2025-05-21,"Beginn: 21.05.25 um 21:02 Uhr  Angespannte Verkehrslage, seit 21.05.2025, 21:02 A81: Stuttgart -> Heilbronn, zwischen 5.5 km hinter AS Ludwigsburg-Nord und 3.7 km vor Kälbling  Langsamer Verkehr Reisezeitverlust: 0 Minuten Durchschnittsgeschwindigkeit: 58 km/h",48.953576926463,9.20985616275285
"A93","undefined--vi-zus.2025-05-21_20-07-00-000.f_004.de0","49.0278421750268,12.073541336793253,49.01376156062803,12.063584414600298","49.0278421750268,12.073541336793253","WARNING","A93 | Regensburg-Pfaffenstein - Regensburg-Königswiesen"," Regensburg -> Holledau",0,"SLOW_TRAFFIC","51.099998474121094",2025-05-21,"Beginn: 21.05.25 um 20:07 Uhr  Zusammengesetzte Verkehrsinformation, seit 21.05.2025, 20:07 A93: Regensburg -> Holledau, zwischen 0.5 km hinter AS Regensburg-Pfaffenstein und 0.4 km vor AS Regensburg-Königswiesen  Langsamer Verkehr Reisezeitverlust: 0 Minuten Durchschnittsgeschwindigkeit: 51 km/h",49.0278421750268,12.0735413367933
"A96","undefined--vi-zus.2025-05-21_22-27-30-000.f.de0","47.90342993376121,10.064119812302502,47.92998027247978,10.09196666015042","47.90342993376121,10.064119812302502","WARNING","A96 | Aichstetten - Aitrach"," Lindau -> München",8,"STATIONARY_TRAFFIC","23",2025-05-21,"Beginn: 21.05.25 um 22:27 Uhr  Zusammengesetzte Verkehrsinformation, seit 21.05.2025, 22:27 A96: Lindau -> München, zwischen 2.9 km hinter AS Aichstetten und 0.6 km vor AS Aitrach  Im Stillstand Reisezeitverlust: 8 Minuten Durchschnittsgeschwindigkeit: 23 km/h",47.9034299337612,10.0641198123025
"A96","undefined--vi-avl.2025-05-21_22-40-30-000.f_002.de0","47.90342993376121,10.064119812302502,47.90342993376121,10.064119812302502","47.90342993376121,10.064119812302502","WARNING","A96 | Aitrach - Aitrach"," Lindau -> München",NA,"STATIONARY_TRAFFIC","23",2025-05-21,"Beginn: 21.05.25 um 22:46 Uhr  Angespannte Verkehrslage, seit 21.05.2025, 22:46 A96: Lindau -> München, 4.3 km vor AS Aitrach, aus Richtung Aichstetten  Im Stillstand Durchschnittsgeschwindigkeit: 23 km/h",47.9034299337612,10.0641198123025
"A96","undefined--vi-hind.2025-05-21_22-36-30-000.f_001.de0","48.028271800947756,10.328285200000645,48.032611800947706,10.441401700000874","48.028271800947756,10.328285200000645","WARNING","A96 | Erkheim - Mindelheim"," Lindau -> München",NA,NA,NA,2025-05-21,"Beginn: 21.05.25 um 22:36 Uhr  Hindernis, seit 21.05.2025, 22:36 A96: Lindau -> München, zwischen 0.2 km hinter AS Erkheim und 5.4 km vor AS Mindelheim  Gefahr durch Gegenstände auf der Fahrbahn",48.0282718009478,10.3282852000006
"A96","undefined--vi-avl.2025-05-21_19-49-00-000.f.de0","48.04084879997734,10.787528946231875,48.046484584009086,10.83313147573403","48.04084879997734,10.787528946231875","WARNING","A96 | Buchloe-Ost - Landsberg am Lech-West"," Lindau -> München",1,"SLOW_TRAFFIC","62.099998474121094",2025-05-21,"Beginn: 21.05.25 um 19:49 Uhr  Angespannte Verkehrslage, seit 21.05.2025, 19:49 A96: Lindau -> München, zwischen 3.1 km hinter AS Buchloe-Ost und 0.4 km vor AS Landsberg am Lech-West  Langsamer Verkehr Reisezeitverlust: 1 Minuten Durchschnittsgeschwindigkeit: 62 km/h",48.0408487999773,10.7875289462319
"A113","undefined--vi-avl.2025-05-21_21-18-30-000.f.de0","52.447171493269046,13.470236217373232,52.44429430093059,13.476128600116523","52.447171493269046,13.470236217373232","WARNING","A113 | Späthstraße - Johannisthaler Chaussee"," Neukölln -> Schönefeld",1,"STATIONARY_TRAFFIC","18.799999237060547",2025-05-21,"Beginn: 21.05.25 um 21:18 Uhr  Angespannte Verkehrslage, seit 21.05.2025, 21:18 A113: Neukölln -> Schönefeld, zwischen 1.0 km hinter AS Späthstraße und 0.2 km vor AS Johannisthaler Chaussee  Im Stillstand Reisezeitverlust: 1 Minuten Durchschnittsgeschwindigkeit: 18 km/h",52.447171493269,13.4702362173732
"A113","undefined--vi-avl.2025-05-21_21-25-30-000.f_006.de0","52.447171493269046,13.470236217373232,52.447171493269046,13.470236217373232","52.447171493269046,13.470236217373232","WARNING","A113 | Johannisthaler Chaussee - Johannisthaler Chaussee"," Neukölln -> Schönefeld",NA,"STATIONARY_TRAFFIC","12",2025-05-21,"Beginn: 21.05.25 um 22:46 Uhr  Angespannte Verkehrslage, seit 21.05.2025, 22:46 A113: Neukölln -> Schönefeld, 0.8 km vor AS Johannisthaler Chaussee, aus Richtung Späthstraße  Im Stillstand Durchschnittsgeschwindigkeit: 12 km/h",52.447171493269,13.4702362173732
"A113","undefined--vi-zus.2025-05-21_21-37-00-000.f_003.de0","52.39082470093125,13.525206000124077,52.37839145405112,13.542606817581781","52.39082470093125,13.525206000124077","WARNING","A113 | Schönefeld-Süd - Flughafen BBI"," Neukölln -> Schönefeld",NA,NA,NA,2025-05-21,"Beginn: 21.05.25 um 21:37 Uhr  Zusammengesetzte Verkehrsinformation, seit 21.05.2025, 21:37 A113: Neukölln -> Schönefeld, zwischen 0.3 km hinter AS Schönefeld-Süd und 0.6 km vor AS Flughafen BBI  Gefahr durch ein defektes Fahrzeugs auf der Fahrbahn  A113 Autobahnzubringer Dresden, Neukölln Richtung Schönefeld zwischen Schönefeld-Süd und Dreieck Flughafen Berlin Brandenburg Gefahr durch liegengebliebenes Fahrzeug auf dem Standstreifen, fahren Sie bitte besonders vorsichtig, Polizei ist benachrichtigt",52.3908247009312,13.5252060001241
"A115","undefined--vi-zus.2024-10-09_07-09-40-000.f_531.de0","52.40027056808641,13.185163736426698,52.44227384698058,13.202709435405149","52.40027056808641,13.185163736426698","WARNING","A115 | Am Stern - Hüttenweg"," Dreieck Nuthetal -> Dreieck Funkturm",NA,NA,NA,2024-10-09,"Beginn: 09.10.24 um 07:09 Uhr  Zusammengesetzte Verkehrsinformation, seit 09.10.2024, 07:09 A115: Dreieck Nuthetal -> Dreieck Funkturm, zwischen 2.9 km hinter Am Stern und 3.8 km vor AS Hüttenweg  A115 Autobahnzubringer Magdeburg, Dreieck Nuthetal Richtung Dreieck Funkturm, zwischen Anschlussstelle Kleinmachnow und Anschlussstelle Spanische Allee, Baustelle, bis 31.10.2026 17:00 Uhr",52.4002705680864,13.1851637364267
