"road","identifier","extent","point","display_type","title","subtitle","delay_minutes","abnormalTrafficType","averageSpeed","startTimestamp","description","latitude","longitude"
"A1","undefined--vi-hind.2025-05-19_19-54-00-000.f_005.de0","50.67331588614863,6.735201692610461,50.65047740093807,6.722068199994528","50.67331588614863,6.735201692610461","WARNING","A1 | Euskirchen - Wißkirchen"," Köln -> Blankenheim",NA,NA,NA,2025-05-19,"Beginn: 19.05.25 um 19:54 Uhr  Hindernis, seit 19.05.2025, 19:54 A1: Köln -> Blankenheim, zwischen 0.7 km hinter AS Euskirchen und 0.3 km vor AS Wißkirchen  Gefahr durch Gegenstände auf der Fahrbahn",50.6733158861486,6.73520169261046
"A1","undefined--vi-avl.2025-05-19_21-20-30-000.f_002.de0","51.22999332988116,7.231003157720491,51.22999332988116,7.231003157720491","51.22999332988116,7.231003157720491","WARNING","A1 | Wuppertal-Ronsdorf - Wuppertal-Ronsdorf"," Dortmund -> Köln",NA,"STATIONARY_TRAFFIC","16",2025-05-19,"Beginn: 19.05.25 um 21:20 Uhr  Angespannte Verkehrslage, seit 19.05.2025, 21:20 A1: Dortmund -> Köln, 0.4 km vor AS Wuppertal-Ronsdorf, aus Richtung Ehrenberg  Im Stillstand Durchschnittsgeschwindigkeit: 16 km/h",51.2299933298812,7.23100315772049
"A1","undefined--vi-avl.2025-05-19_19-55-03-000.f_001.de0","51.22999332988116,7.231003157720491,51.222762169343675,7.242534286937567","51.22999332988116,7.231003157720491","WARNING","A1 | Ehrenberg - Remscheid-Lennep"," Dortmund -> Köln",1,"STATIONARY_TRAFFIC","29.399999618530273",2025-05-19,"Beginn: 19.05.25 um 19:55 Uhr  Angespannte Verkehrslage, seit 19.05.2025, 19:55 A1: Dortmund -> Köln, zwischen 4.5 km hinter Ehrenberg und 2.5 km vor AS Remscheid-Lennep  Im Stillstand Reisezeitverlust: 1 Minuten Durchschnittsgeschwindigkeit: 29 km/h",51.2299933298812,7.23100315772049
"A1","undefined--vi-avl.2025-05-19_19-31-30-000.f_005.de0","53.02369414405567,8.817138124059626,53.026565426633645,8.853023177618908","53.02369414405567,8.817138124059626","WARNING","A1 | Bremen/Brinkum - Bremen-Arsten"," Osnabrück -> Bremen",5,"STATIONARY_TRAFFIC","20.5",2025-05-19,"Beginn: 19.05.25 um 19:31 Uhr  Angespannte Verkehrslage, seit 19.05.2025, 19:31 A1: Osnabrück -> Bremen, zwischen 1.0 km hinter AS Bremen/Brinkum und 0.5 km vor AS Bremen-Arsten  Im Stillstand Reisezeitverlust: 5 Minuten Durchschnittsgeschwindigkeit: 20 km/h",53.0236941440557,8.81713812405963
"A1","undefined--vi-avl.2025-05-19_21-17-30-000.f_003.de0","53.02369424878484,8.817078488464034,53.02369424878484,8.817078488464034","53.02369424878484,8.817078488464034","WARNING","A1 | Krummhörens Kuhlen - Krummhörens Kuhlen"," Osnabrück -> Bremen",NA,"STATIONARY_TRAFFIC","21",2025-05-19,"Beginn: 19.05.25 um 21:20 Uhr  Angespannte Verkehrslage, seit 19.05.2025, 21:20 A1: Osnabrück -> Bremen, 0.5 km vor Krummhörens Kuhlen, aus Richtung Bremen/Brinkum  Im Stillstand Durchschnittsgeschwindigkeit: 21 km/h",53.0236942487848,8.81707848846403
"A2","undefined--vi-avl.2025-05-19_20-10-30-000.f_003.de0","51.53781129091753,6.836840598793986,51.5386298801034,6.843310174342619","51.53781129091753,6.836840598793986","WARNING","A2 | Oberhausen - Oberhausen-Königshardt"," Oberhausen -> Dortmund",1,"STATIONARY_TRAFFIC","14.300000190734863",2025-05-19,"Beginn: 19.05.25 um 20:10 Uhr  Angespannte Verkehrslage, seit 19.05.2025, 20:10 A2: Oberhausen -> Dortmund, zwischen 0.2 km hinter AK Oberhausen und 1.8 km vor AS Oberhausen-Königshardt  Im Stillstand Reisezeitverlust: 1 Minuten Durchschnittsgeschwindigkeit: 14 km/h",51.5378112909175,6.83684059879399
"A2","undefined--vi-avl.2025-05-19_20-00-00-000.f.de0","51.5386298801034,6.843310174342619,51.5389081497909,6.866825447097448","51.5386298801034,6.843310174342619","WARNING","A2 | Oberhausen - Oberhausen-Königshardt"," Oberhausen -> Dortmund",8,"STATIONARY_TRAFFIC","10.5",2025-05-19,"Beginn: 19.05.25 um 20:00 Uhr  Angespannte Verkehrslage, seit 19.05.2025, 20:00 A2: Oberhausen -> Dortmund, zwischen 0.6 km hinter AK Oberhausen und 0.2 km vor AS Oberhausen-Königshardt  Im Stillstand Reisezeitverlust: 8 Minuten Durchschnittsgeschwindigkeit: 10 km/h",51.5386298801034,6.84331017434262
"A2","undefined--vi-avl.2025-05-19_20-00-30-000.f_003.de0","51.5386298801034,6.843310174342619,51.5386298801034,6.843310174342619","51.5386298801034,6.843310174342619","WARNING","A2 | Oberhausen-Königshardt - Oberhausen-Königshardt"," Oberhausen -> Dortmund",NA,"STATIONARY_TRAFFIC","2",2025-05-19,"Beginn: 19.05.25 um 21:20 Uhr  Angespannte Verkehrslage, seit 19.05.2025, 21:20 A2: Oberhausen -> Dortmund, 1.8 km vor AS Oberhausen-Königshardt, aus Richtung Oberhausen  Im Stillstand Durchschnittsgeschwindigkeit: 2 km/h",51.5386298801034,6.84331017434262
"A2","undefined--vi-avl.2025-05-19_20-10-30-000.f_004.de0","51.53780862290809,6.836826833800681,51.53780862290809,6.836826833800681","51.53780862290809,6.836826833800681","WARNING","A2 | Oberhausen-Königshardt - Oberhausen-Königshardt"," Oberhausen -> Dortmund",NA,"STATIONARY_TRAFFIC","7",2025-05-19,"Beginn: 19.05.25 um 21:20 Uhr  Angespannte Verkehrslage, seit 19.05.2025, 21:20 A2: Oberhausen -> Dortmund, 2.3 km vor AS Oberhausen-Königshardt, aus Richtung Oberhausen  Im Stillstand Durchschnittsgeschwindigkeit: 7 km/h",51.5378086229081,6.83682683380068
"A2","undefined--vi-hind.2025-05-19_20-28-00-000.f_006.de0","51.578676000932944,7.505967199998997,51.57855901402244,7.5088034970347515","51.578676000932944,7.505967199998997","WARNING","A2 | Dortmund-Nordost - Dortmund-Lanstrop"," Dortmund -> Hannover",NA,NA,NA,2025-05-19,"Beginn: 19.05.25 um 20:28 Uhr  Fahrzeug-Hindernis, seit 19.05.2025, 20:28 A2: Dortmund -> Hannover, zwischen 0.8 km hinter AS Dortmund-Nordost und 2.7 km vor AS Dortmund-Lanstrop Gefahr durch ein defektes Fahrzeug auf der Fahrbahn",51.5786760009329,7.505967199999
"A2","undefined--vi-hind.2025-05-19_19-00-00-000.f_006.de0","52.23223784058388,9.243723844994786,52.23186189485302,9.241281800439054","52.23223784058388,9.243723844994786","WARNING","A2 | Rehren - Auetal Süd"," Hannover -> Dortmund",NA,NA,NA,2025-05-19,"Beginn: 19.05.25 um 19:00 Uhr  Fahrzeug-Hindernis, seit 19.05.2025, 19:00 A2: Hannover -> Dortmund, zwischen 0.1 km hinter AS Rehren und 1.3 km vor Auetal Süd Gefahr durch ein defektes Fahrzeug auf der Fahrbahn",52.2322378405839,9.24372384499479
"A2","undefined--vi-hind.2025-05-19_20-40-30-000.f_002.de0","52.36347179509063,10.120618224902348,52.33789980092807,10.231437300000621","52.36347179509063,10.120618224902348","WARNING","A2 | Lehrte-Ost - Peine"," Hannover -> Braunschweig",NA,NA,NA,2025-05-19,"Beginn: 19.05.25 um 20:40 Uhr  Hindernis, seit 19.05.2025, 20:40 A2: Hannover -> Braunschweig, zwischen 7.5 km hinter AS Lehrte-Ost und 0.5 km vor AS Peine  Gefahr durch Gegenstände auf der Fahrbahn",52.3634717950906,10.1206182249023
"A2","undefined--vi-hind.2025-05-19_21-16-02-000.f_001.de0","52.32809525098321,10.460811212845535,52.32868281851172,10.4583347536158","52.32809525098321,10.460811212845535","WARNING","A2 | Braunschweig-Hafen - Braunschweig-Watenbüttel"," Braunschweig -> Hannover",NA,NA,NA,2025-05-19,"Beginn: 19.05.25 um 21:16 Uhr  Fahrzeug-Hindernis, seit 19.05.2025, 21:16 A2: Braunschweig -> Hannover, zwischen 0.8 km hinter AS Braunschweig-Hafen und 2.4 km vor AS Braunschweig-Watenbüttel Gefahr durch ein defektes Fahrzeug auf der Fahrbahn",52.3280952509832,10.4608112128455
"A3","undefined--vi-avl.2025-05-19_20-36-00-000.f_002.de0","48.5335684009485,13.400091000191024,48.544832884359586,13.398241390042775","48.5335684009485,13.400091000191024","WARNING","A3 | Rottal-Ost - Hammerbach"," Linz -> Nürnberg",0,"SLOW_TRAFFIC","58.29999923706055",2025-05-19,"Beginn: 19.05.25 um 20:36 Uhr  Angespannte Verkehrslage, seit 19.05.2025, 20:36 A3: Linz -> Nürnberg, zwischen 8.7 km hinter Rottal-Ost und 1.8 km vor Hammerbach  Langsamer Verkehr Reisezeitverlust: 0 Minuten Durchschnittsgeschwindigkeit: 58 km/h",48.5335684009485,13.400091000191
"A3","undefined--vi-avl.2025-05-19_20-50-32-000.f_001.de0","48.77981604790314,13.024983013869493,48.78923850094671,13.00827200011237","48.77981604790314,13.024983013869493","WARNING","A3 | Hengersberg - Isarblick"," Passau -> Nürnberg",0,"SLOW_TRAFFIC","65.69999694824219",2025-05-19,"Beginn: 19.05.25 um 20:50 Uhr  Angespannte Verkehrslage, seit 19.05.2025, 20:50 A3: Passau -> Nürnberg, zwischen 1.5 km hinter AS Hengersberg und 2.7 km vor Isarblick  Langsamer Verkehr Reisezeitverlust: 0 Minuten Durchschnittsgeschwindigkeit: 65 km/h",48.7798160479031,13.0249830138695
"A3","undefined--vi-hind.2025-05-19_20-18-30-000.f_002.de0","49.380533400943676,11.343884400006912,49.361355500943716,11.425877200008168","49.380533400943676,11.343884400006912","WARNING","A3 | Altdorf/Burgthann - Eichenäcker"," Nürnberg -> Passau",NA,NA,NA,2025-05-19,"Beginn: 19.05.25 um 20:18 Uhr  Hindernis, seit 19.05.2025, 20:18 A3: Nürnberg -> Passau, zwischen 0.3 km hinter AS Altdorf/Burgthann und 1.0 km vor Eichenäcker  Gefahr durch Gegenstände auf der Fahrbahn",49.3805334009437,11.3438844000069
"A3","undefined--vi-hind.2025-05-19_21-17-00-000.f_001.de0","49.53584951350884,11.039071192889226,49.501380209361976,11.129243728635945","49.53584951350884,11.039071192889226","WARNING","A3 | Erlangen-Tennenlohe - Nürnberg-Nord"," Würzburg -> Nürnberg",NA,NA,NA,2025-05-19,"Beginn: 19.05.25 um 21:17 Uhr  Fahrzeug-Hindernis, seit 19.05.2025, 21:17 A3: Würzburg -> Nürnberg, zwischen 0.7 km hinter AS Erlangen-Tennenlohe und 0.4 km vor AS Nürnberg-Nord Gefahr durch ein defektes Fahrzeug auf der Fahrbahn",49.5358495135088,11.0390711928892
"A3","undefined--vi-hind.2025-05-19_20-35-00-000.f_002.de0","49.81807230094192,9.557897500000147,49.76987810094211,9.58305290000015","49.81807230094192,9.557897500000147","WARNING","A3 | Kohlsberg - Fronberg"," Frankfurt -> Würzburg",NA,NA,NA,2025-05-19,"Beginn: 19.05.25 um 20:35 Uhr  Hindernis, seit 19.05.2025, 20:35 A3: Frankfurt -> Würzburg, zwischen 3.5 km hinter Kohlsberg und 9.9 km vor Fronberg  Gefahr durch eine ungesicherte Unfallstelle",49.8180723009419,9.55789750000015
"A3","undefined--vi-hind.2025-05-19_20-52-30-000.f_005.de0","51.021071919602456,7.012338060589523,51.02185586007323,7.012171158631653","51.021071919602456,7.012338060589523","WARNING","A3 | Köln-Mülheim - Leverkusen-Zentrum"," Köln -> Oberhausen",NA,NA,NA,2025-05-19,"Beginn: 19.05.25 um 20:52 Uhr  Hindernis, seit 19.05.2025, 20:52 A3: Köln -> Oberhausen, zwischen 4.2 km hinter AS Köln-Mülheim und 0.2 km vor AS Leverkusen-Zentrum  Gefahr durch Gegenstände auf der Fahrbahn",51.0210719196025,7.01233806058952
"A3","undefined--vi-avl.2025-05-19_20-37-30-000.f_002.de0","51.04704040093599,7.002873699997014,51.04704040093599,7.002873699997014","51.04704040093599,7.002873699997014","WARNING","A3 | Leverkusen - Leverkusen"," Oberhausen -> Köln",NA,"STATIONARY_TRAFFIC","8",2025-05-19,"Beginn: 19.05.25 um 21:20 Uhr  Angespannte Verkehrslage, seit 19.05.2025, 21:20 A3: Oberhausen -> Köln, 0.7 km vor AK Leverkusen, aus Richtung Leverkusen-Opladen  Im Stillstand Durchschnittsgeschwindigkeit: 8 km/h",51.047040400936,7.00287369999701
"A3","undefined--vi-hind.2025-05-19_20-36-00-000.f_002.de0","51.03506290106329,7.009007159834092,51.02508757451233,7.011214804424841","51.03506290106329,7.009007159834092","WARNING","A3 | Leverkusen - Leverkusen-Zentrum"," Oberhausen -> Köln",NA,NA,NA,2025-05-19,"Beginn: 19.05.25 um 20:36 Uhr  Hindernis, seit 19.05.2025, 20:36 A3: Oberhausen -> Köln, zwischen 0.8 km hinter AK Leverkusen und 0.1 km vor AS Leverkusen-Zentrum  Gefahr durch eine ungesicherte Unfallstelle",51.0350629010633,7.00900715983409
"A3","undefined--vi-zus.2025-05-19_20-35-30-000.f_001.de0","51.04704040093599,7.002873699997014,51.03136577542134,7.0097834345433965","51.04704040093599,7.002873699997014","WARNING","A3 | Leverkusen-Opladen - Leverkusen-Zentrum"," Oberhausen -> Köln",13,"STATIONARY_TRAFFIC","7.699999809265137",2025-05-19,"Beginn: 19.05.25 um 20:35 Uhr  Zusammengesetzte Verkehrsinformation, seit 19.05.2025, 20:35 A3: Oberhausen -> Köln, zwischen 1.3 km hinter AS Leverkusen-Opladen und 0.8 km vor AS Leverkusen-Zentrum  Gefahr durch eine ungesicherte Unfallstelle  Im Stillstand Reisezeitverlust: 13 Minuten Durchschnittsgeschwindigkeit: 7 km/h",51.047040400936,7.00287369999701
"A3","undefined--vi-avl.2025-05-19_21-17-30-000.f_001.de0","51.89839901701434,6.165717280673193,51.89839901701434,6.165717280673193","51.89839901701434,6.165717280673193","WARNING","A3 | Knauheide - Knauheide"," Arnheim -> Oberhausen",NA,"QUEUING_TRAFFIC","21",2025-05-19,"Beginn: 19.05.25 um 21:20 Uhr  Angespannte Verkehrslage, seit 19.05.2025, 21:20 A3: Arnheim -> Oberhausen, 0.1 km vor Knauheide, aus Richtung Elten  Stockender Verkehr Durchschnittsgeschwindigkeit: 21 km/h",51.8983990170143,6.16571728067319
"A3","undefined--vi-avl.2025-05-19_21-16-30-000.f.de0","51.89839901701434,6.165717280673193,51.89532710093108,6.168877099986451","51.89839901701434,6.165717280673193","WARNING","A3 | Elten - Elten"," Arnheim -> Oberhausen",0,"QUEUING_TRAFFIC","37.29999923706055",2025-05-19,"Beginn: 19.05.25 um 21:16 Uhr  Angespannte Verkehrslage, seit 19.05.2025, 21:16 A3: Arnheim -> Oberhausen, zwischen 0.4 km hinter Elten und 1.4 km vor AS Elten  Stockender Verkehr Reisezeitverlust: 0 Minuten Durchschnittsgeschwindigkeit: 37 km/h",51.8983990170143,6.16571728067319
"A4","undefined--vi-zus.2025-05-19_21-15-00-000.f.de0","50.88966679893312,6.929006343557487,50.89349922069296,6.920575837186983","50.88966679893312,6.929006343557487","WARNING","A4 | Köln-Süd - Köln-Klettenberg"," Köln -> Heerlen/Aachen",0,"SLOW_TRAFFIC","55.5",2025-05-19,"Beginn: 19.05.25 um 21:15 Uhr  Zusammengesetzte Verkehrsinformation, seit 19.05.2025, 21:15 A4: Köln -> Heerlen/Aachen, zwischen 2.9 km hinter AK Köln-Süd und 1.0 km vor AS Köln-Klettenberg  Langsamer Verkehr Reisezeitverlust: 0 Minuten Durchschnittsgeschwindigkeit: 55 km/h",50.8896667989331,6.92900634355749
"A4","undefined--vi-zus.2025-05-19_20-52-30-000.f_001.de0","50.90686020093674,6.998990199996974,50.887143669159386,6.9731587626731715","50.90686020093674,6.998990199996974","WARNING","A4 | Köln-Poll - Köln-Süd"," Köln -> Heerlen/Aachen",NA,NA,NA,2025-05-19,"Beginn: 19.05.25 um 20:52 Uhr  Zusammengesetzte Verkehrsinformation, seit 19.05.2025, 20:52 A4: Köln -> Heerlen/Aachen, zwischen 0.5 km hinter AS Köln-Poll und 0.4 km vor AK Köln-Süd  Gefahr durch Personen auf der Fahrbahn  Gefahr durch ein defektes Fahrzeugs auf der Fahrbahn  A4 Köln Richtung Heerlen/Aachen zwischen Köln-Poll und Kreuz Köln-Süd Gefahr durch liegengebliebenes Fahrzeug auf dem rechten Fahrstreifen, Gefahr durch Personen auf der Fahrbahn",50.9068602009367,6.99899019999697
"A4","undefined--vi-zus.2025-05-19_11-40-25-000.f_015.de0","51.181348733590745,15.00738811731026,51.186736500965786,14.989494200636342","51.181348733590745,15.00738811731026","WARNING","A4 | Ludwigsdorf - An der Neiße"," Görlitz -> Dresden",3,"SLOW_TRAFFIC","13.800000190734863",2025-05-19,"Beginn: 19.05.25 um 11:40 Uhr  Zusammengesetzte Verkehrsinformation, seit 19.05.2025, 11:40 A4: Görlitz -> Dresden, zwischen 0.1 km hinter Ludwigsdorf und 0.1 km vor An der Neiße  Langsamer Verkehr Reisezeitverlust: 3 Minuten Durchschnittsgeschwindigkeit: 13 km/h",51.1813487335907,15.0073881173103
"A5","undefined--vi-avl.2025-05-19_20-36-00-000.f_004.de0","47.676794729136105,7.52365019263661,47.68259497134463,7.522706662632265","47.676794729136105,7.52365019263661","WARNING","A5 | Weil am Rhein - Rheinaue"," Basel -> Karlsruhe",6,"STATIONARY_TRAFFIC","6.099999904632568",2025-05-19,"Beginn: 19.05.25 um 20:36 Uhr  Angespannte Verkehrslage, seit 19.05.2025, 20:36 A5: Basel -> Karlsruhe, zwischen 8.1 km hinter AD Weil am Rhein und 2.8 km vor Rheinaue  Im Stillstand Reisezeitverlust: 6 Minuten Durchschnittsgeschwindigkeit: 6 km/h",47.6767947291361,7.52365019263661
"A5","undefined--vi-avl.2025-05-19_20-37-30-000.f_003.de0","47.67687945670592,7.523645716758607,47.67687945670592,7.523645716758607","47.67687945670592,7.523645716758607","WARNING","A5 | Efringen-Kirchen - Efringen-Kirchen"," Basel -> Karlsruhe",NA,"STATIONARY_TRAFFIC","5",2025-05-19,"Beginn: 19.05.25 um 20:55 Uhr  Angespannte Verkehrslage, seit 19.05.2025, 20:55 A5: Basel -> Karlsruhe, 0.1 km vor AS Efringen-Kirchen, aus Richtung Weil am Rhein  Im Stillstand Durchschnittsgeschwindigkeit: 5 km/h",47.6768794567059,7.52364571675861
"A5","undefined--vi-unf.2025-05-19_19-12-00-000.f_004.de0","47.74731966254893,7.550205889719576,47.81634428297589,7.554743369304464","47.74731966254893,7.550205889719576","WARNING","A5 | Galgenloch - Neuenburg"," Basel -> Karlsruhe",NA,NA,NA,2025-05-19,"Beginn: 19.05.25 um 19:12 Uhr  Unfall, seit 19.05.2025, 19:12 A5: Basel -> Karlsruhe, zwischen 0.2 km hinter Galgenloch und 1.6 km vor Neuenburg",47.7473196625489,7.55020588971958
"A5","undefined--vi-unf.2025-05-19_18-46-30-000.f_004.de0","47.784415033764276,7.53658778740455,47.814678300948195,7.553525299999106","47.784415033764276,7.53658778740455","WARNING","A5 | Neuenburg - Neuenburg"," Basel -> Karlsruhe",NA,NA,NA,2025-05-19,"Beginn: 19.05.25 um 18:46 Uhr  Unfall, seit 19.05.2025, 18:46 A5: Basel -> Karlsruhe, zwischen 0.9 km hinter AD Neuenburg und 1.9 km vor Neuenburg",47.7844150337643,7.53658778740455
"A5","undefined--vi-hind.2025-05-19_21-16-02-000.f_004.de0","48.988794128414774,8.436111234774467,48.97960020094505,8.436848199999874","48.988794128414774,8.436111234774467","WARNING","A5 | Karlsruhe-Mitte - Karlsruhe"," Heidelberg -> Karlsruhe",NA,NA,NA,2025-05-19,"Beginn: 19.05.25 um 21:16 Uhr  Hindernis, seit 19.05.2025, 21:16 A5: Heidelberg -> Karlsruhe, zwischen 0.2 km hinter AS Karlsruhe-Mitte und 0.6 km vor AD Karlsruhe  Gefahr durch Personen auf der Fahrbahn",48.9887941284148,8.43611123477447
"A6","undefined--vi-unf.2025-05-19_17-53-40-000.f_007.de0","49.3386096009438,7.294529899998337,49.37161520094368,7.368636399998608","49.3386096009438,7.294529899998337","WARNING","A6 | Neunkirchen - Waldmohr"," Metz/Saarbrücken -> Kaiserslautern",NA,NA,NA,2025-05-19,"Beginn: 19.05.25 um 17:53 Uhr  Unfall, seit 19.05.2025, 17:53 A6: Metz/Saarbrücken -> Kaiserslautern, zwischen 4.3 km hinter AK Neunkirchen und 0.5 km vor Waldmohr",49.3386096009438,7.29452989999834
"A6","undefined--vi-hind.2025-05-19_20-50-32-000.f_002.de0","49.25652729353772,10.591871442975938,49.27795020094403,10.717874100001723","49.25652729353772,10.591871442975938","WARNING","A6 | Ansbach - Lichtenau"," Heilbronn -> Nürnberg",NA,NA,NA,2025-05-19,"Beginn: 19.05.25 um 20:50 Uhr  Hindernis, seit 19.05.2025, 20:50 A6: Heilbronn -> Nürnberg, zwischen 0.2 km hinter AS Ansbach und 0.2 km vor AS Lichtenau  Gefahr durch Gegenstände auf der Fahrbahn",49.2565272935377,10.5918714429759
"A6","undefined--vi-avl.2025-05-19_21-20-30-000.f.de0","49.63298267604683,12.455482163891759,49.63298267604683,12.455482163891759","49.63298267604683,12.455482163891759","WARNING","A6 | Ulrichsberg - Ulrichsberg"," Pilsen -> Nürnberg",NA,"QUEUING_TRAFFIC","26",2025-05-19,"Beginn: 19.05.25 um 21:20 Uhr  Angespannte Verkehrslage, seit 19.05.2025, 21:20 A6: Pilsen -> Nürnberg, 0.3 km vor Ulrichsberg, aus Richtung Waidhaus  Stockender Verkehr Durchschnittsgeschwindigkeit: 26 km/h",49.6329826760468,12.4554821638918
"A6","undefined--vi-zus.2025-05-19_21-05-00-000.f.de0","49.63298267604683,12.455482163891759,49.629319189762676,12.446825704464214","49.63298267604683,12.455482163891759","WARNING","A6 | Waidhaus - Pleystein"," Pilsen -> Nürnberg",0,"QUEUING_TRAFFIC","36.599998474121094",2025-05-19,"Beginn: 19.05.25 um 21:05 Uhr  Zusammengesetzte Verkehrsinformation, seit 19.05.2025, 21:05 A6: Pilsen -> Nürnberg, zwischen 2.6 km hinter AS Waidhaus und 2.6 km vor AS Pleystein  Stockender Verkehr Reisezeitverlust: 0 Minuten Durchschnittsgeschwindigkeit: 36 km/h",49.6329826760468,12.4554821638918
"A7","undefined--vi-zus.2025-05-19_21-20-30-000.f_001.de0","47.57298300934276,10.660929567249863,47.574359064067025,10.661421215149891","47.57298300934276,10.660929567249863","WARNING","A7 | Grenztunnel Füssen - Reinertshofertunnel"," Füssen/Reutte -> Ulm",0,"STATIONARY_TRAFFIC","9.800000190734863",2025-05-19,"Beginn: 19.05.25 um 21:20 Uhr  Zusammengesetzte Verkehrsinformation, seit 19.05.2025, 21:20 A7: Füssen/Reutte -> Ulm, zwischen 1.6 km hinter Grenztunnel Füssen und 3.0 km vor Reinertshofertunnel  Im Stillstand Reisezeitverlust: 0 Minuten Durchschnittsgeschwindigkeit: 9 km/h",47.5729830093428,10.6609295672499
"A7","undefined--vi-avl.2025-05-19_20-48-00-000.f_002.de0","47.59800901907971,10.656650520870137,47.61442526041592,10.66036887997401","47.59800901907971,10.656650520870137","WARNING","A7 | Füssen - Nesselwang"," Füssen/Reutte -> Ulm",0,"SLOW_TRAFFIC","66.9000015258789",2025-05-19,"Beginn: 19.05.25 um 20:48 Uhr  Angespannte Verkehrslage, seit 19.05.2025, 20:48 A7: Füssen/Reutte -> Ulm, zwischen 2.8 km hinter AS Füssen und 11.5 km vor AS Nesselwang  Langsamer Verkehr Reisezeitverlust: 0 Minuten Durchschnittsgeschwindigkeit: 66 km/h",47.5980090190797,10.6566505208701
"A7","undefined--vi-zus.2025-05-13_04-57-00-000.f_002.de0","47.595412441892016,10.656244234565428,47.62855194383104,10.58197876986764","47.595412441892016,10.656244234565428","WARNING","A7 | Füssen - Nesselwang"," Füssen/Reutte -> Ulm",NA,NA,NA,2025-05-13,"Beginn: 13.05.25 um 04:57 Uhr  Zusammengesetzte Verkehrsinformation, seit 13.05.2025, 04:57 A7: Füssen/Reutte -> Ulm, zwischen 2.5 km hinter AS Füssen und 4.4 km vor AS Nesselwang  A7 Füssen/Reutte Richtung Ulm zwischen Reinertshoftunnel und Nesselwang Verkehr wird über die Gegenfahrbahn geleitet, Baustelle, von 16.05.2025 05:00 Uhr bis 18.07.2025 15:00 Uhr",47.595412441892,10.6562442345654
"A7","undefined--vi-avl.2025-05-19_20-56-00-000.f.de0","47.629506050197506,10.601875554865249,47.62854032886443,10.586606678743902","47.629506050197506,10.601875554865249","WARNING","A7 | Reinertshofertunnel - Nesselwang"," Füssen/Reutte -> Ulm",0,"SLOW_TRAFFIC","67.69999694824219",2025-05-19,"Beginn: 19.05.25 um 20:56 Uhr  Angespannte Verkehrslage, seit 19.05.2025, 20:56 A7: Füssen/Reutte -> Ulm, zwischen 7.2 km hinter Reinertshofertunnel und 4.8 km vor AS Nesselwang  Langsamer Verkehr Reisezeitverlust: 0 Minuten Durchschnittsgeschwindigkeit: 67 km/h",47.6295060501975,10.6018755548652
"A7","undefined--vi-hind.2025-05-19_18-55-30-000.f_003.de0","48.57084740094633,10.153324000000438,48.49645570094654,10.085913000000366","48.57084740094633,10.153324000000438","WARNING","A7 | Niederstotzingen - Langenau"," Würzburg -> Ulm",NA,NA,NA,2025-05-19,"Beginn: 19.05.25 um 18:55 Uhr  Fahrzeug-Hindernis, seit 19.05.2025, 18:55 A7: Würzburg -> Ulm, zwischen 0.3 km hinter AS Niederstotzingen und 0.4 km vor AS Langenau",48.5708474009463,10.1533240000004
"A7","undefined--vi-zus.2025-05-19_21-20-30-000.f.de0","51.63145933850128,9.919988460309444,51.6328778659776,9.92035806071704","51.63145933850128,9.919988460309444","WARNING","A7 | Nörten-Hardenberg - Northeim-West"," Kassel -> Hannover",1,"STATIONARY_TRAFFIC","9.800000190734863",2025-05-19,"Beginn: 19.05.25 um 21:20 Uhr  Zusammengesetzte Verkehrsinformation, seit 19.05.2025, 21:20 A7: Kassel -> Hannover, zwischen 0.3 km hinter AS Nörten-Hardenberg und 7.8 km vor AS Northeim-West  Im Stillstand Reisezeitverlust: 1 Minuten Durchschnittsgeschwindigkeit: 9 km/h",51.6314593385013,9.91998846030944
"A7","undefined--vi-hind.2025-05-19_18-37-50-000.f_006.de0","51.62995586638154,9.919160032779399,51.700829805128095,9.938183272438987","51.62995586638154,9.919160032779399","WARNING","A7 | Nörten-Hardenberg - Schlochau"," Kassel -> Hannover",NA,NA,NA,2025-05-19,"Beginn: 19.05.25 um 18:37 Uhr  Fahrzeug-Hindernis, seit 19.05.2025, 18:37 A7: Kassel -> Hannover, zwischen 0.1 km hinter AS Nörten-Hardenberg und 1.8 km vor Schlochau",51.6299558663815,9.9191600327794
"A7","undefined--vi-avl.2025-05-19_21-20-30-000.f_003.de0","51.63145933850128,9.919988460309444,51.63145933850128,9.919988460309444","51.63145933850128,9.919988460309444","WARNING","A7 | Northeim-West - Northeim-West"," Kassel -> Hannover",NA,"STATIONARY_TRAFFIC","10",2025-05-19,"Beginn: 19.05.25 um 21:20 Uhr  Angespannte Verkehrslage, seit 19.05.2025, 21:20 A7: Kassel -> Hannover, 8.0 km vor AS Northeim-West, aus Richtung Nörten-Hardenberg  Im Stillstand Durchschnittsgeschwindigkeit: 10 km/h",51.6314593385013,9.91998846030944
"A7","undefined--vi-unf.2025-05-19_19-27-41-000.f_003.de0","51.85894451213963,10.125485905539076,51.88614225003603,10.130394869539613","51.85894451213963,10.125485905539076","WARNING","A7 | Schwalenberg - Harz"," Kassel -> Hannover",NA,NA,NA,2025-05-19,"Beginn: 19.05.25 um 19:27 Uhr  Unfall, seit 19.05.2025, 19:27 A7: Kassel -> Hannover, zwischen 0.3 km hinter Schwalenberg und 4.8 km vor Harz",51.8589445121396,10.1254859055391
"A7","undefined--vi-zus.2025-03-31_00-40-00-000.f_018.de0","53.579141433849884,9.913430072127355,53.55636870091902,9.897540700000414","53.579141433849884,9.913430072127355","WARNING","A7 | Hamburg-Volkspark - Elbtunnel (Nordportal)"," Flensburg -> Hamburg",NA,NA,NA,2025-03-31,"Beginn: 31.03.25 um 00:40 Uhr  Zusammengesetzte Verkehrsinformation, seit 31.03.2025, 00:40 A7: Flensburg -> Hamburg, zwischen 0.4 km hinter AS Hamburg-Volkspark und 0.9 km vor Elbtunnel (Nordportal)  A7 Flensburg Richtung Hamburg Ausfahrt Hamburg-Othmarschen Fahrbahnverengung, maximale Fahrbahnbreite von 4,50 m, Bauarbeiten, bis 29.09.2025",53.5791414338499,9.91343007212735
"A8","undefined--vi-zus.2025-03-26_17-59-56-000.f_013.de0","49.32575278791285,7.172731755291576,49.327350714671546,7.213275819282444","49.32575278791285,7.172731755291576","WARNING","A8 | Neunkirchen/Spiesen - Kohlhof"," Saarlouis -> Neunkirchen",NA,NA,NA,2025-03-26,"Beginn: 26.03.25 um 17:59 Uhr  Zusammengesetzte Verkehrsinformation, seit 26.03.2025, 17:59 A8: Saarlouis -> Neunkirchen, zwischen 1.5 km hinter AS Neunkirchen/Spiesen und 1.0 km vor Kohlhof  A8 Saarlouis - Neunkirchen zwischen Neunkirchen-Spiesen und Neunkirchen-Oberstadt in beiden Richtungen Bauarbeiten, bis voraussichtlich 01.06.2025",49.3257527879128,7.17273175529158
"A8","undefined--vi-zus.2025-05-14_09-26-56-000.f.de0","49.32628400979037,7.229641516813452,49.329166750017514,7.1882642393148934","49.32628400979037,7.229641516813452","WARNING","A8 | Neunkirchen-Wellesweiler - Neunkirchen/Spiesen"," Neunkirchen -> Saarlouis",NA,NA,NA,2025-05-14,"Beginn: 14.05.25 um 09:26 Uhr  Zusammengesetzte Verkehrsinformation, seit 14.05.2025, 09:26 A8: Neunkirchen -> Saarlouis, zwischen 0.4 km hinter AS Neunkirchen-Wellesweiler und 2.7 km vor AS Neunkirchen/Spiesen  A8 Saarlouis - Neunkirchen zwischen Neunkirchen-Spiesen und Neunkirchen-Oberstadt in beiden Richtungen Bauarbeiten, bis voraussichtlich 01.06.2025",49.3262840097904,7.22964151681345
"A8","undefined--vi-avl.2025-05-19_19-55-03-000.f_003.de0","48.88616909765385,8.78744587909474,48.86548047692167,8.792136645405796","48.88616909765385,8.78744587909474","WARNING","A8 | Pforzheim - Heimsheim"," Karlsruhe -> Stuttgart",4,"STATIONARY_TRAFFIC","23.5",2025-05-19,"Beginn: 19.05.25 um 19:55 Uhr  Angespannte Verkehrslage, seit 19.05.2025, 19:55 A8: Karlsruhe -> Stuttgart, zwischen 2.6 km hinter Pforzheim und 7.4 km vor AS Heimsheim  Im Stillstand Reisezeitverlust: 4 Minuten Durchschnittsgeschwindigkeit: 23 km/h",48.8861690976538,8.78744587909474
"A8","undefined--vi-avl.2025-05-19_20-02-30-000.f_002.de0","48.88620487547718,8.78744005956914,48.88620487547718,8.78744005956914","48.88620487547718,8.78744005956914","WARNING","A8 | Pforzheim-Süd - Pforzheim-Süd"," Karlsruhe -> Stuttgart",NA,"STATIONARY_TRAFFIC","24",2025-05-19,"Beginn: 19.05.25 um 21:20 Uhr  Angespannte Verkehrslage, seit 19.05.2025, 21:20 A8: Karlsruhe -> Stuttgart, 0.8 km vor AS Pforzheim-Süd, aus Richtung Pforzheim  Im Stillstand Durchschnittsgeschwindigkeit: 24 km/h",48.8862048754772,8.78744005956914
"A8","undefined--vi-hind.2025-05-19_21-08-00-000.f_001.de0","48.88169551475379,8.788212990242199,48.914107800945274,8.765175299999946","48.88169551475379,8.788212990242199","WARNING","A8 | Pforzheim-Süd - Pforzheim-Nord"," Stuttgart -> Karlsruhe",NA,NA,NA,2025-05-19,"Beginn: 19.05.25 um 21:08 Uhr  Hindernis, seit 19.05.2025, 21:08 A8: Stuttgart -> Karlsruhe, zwischen 0.3 km hinter AS Pforzheim-Süd und 4.2 km vor AS Pforzheim-Nord  Gefahr durch Personen auf der Fahrbahn  Gefahr durch eine ungesicherte Unfallstelle",48.8816955147538,8.7882129902422
"A8","undefined--vi-hind.2025-05-19_21-16-02-000.f_003.de0","48.394749090818465,11.063194878264298,48.40429795079439,10.954101658041436","48.394749090818465,11.063194878264298","WARNING","A8 | Dasing - Augsburg-Ost"," München -> Stuttgart",NA,NA,NA,2025-05-19,"Beginn: 19.05.25 um 21:16 Uhr  Hindernis, seit 19.05.2025, 21:16 A8: München -> Stuttgart, zwischen 0.3 km hinter AS Dasing und 2.6 km vor AS Augsburg-Ost  Gefahr durch eine ungesicherte Unfallstelle",48.3947490908185,11.0631948782643
"A8","undefined--vi-avl.2025-05-19_21-20-00-000.f.de0","47.894068856299825,11.726197125457569,47.88422520150594,11.7483719305491","47.894068856299825,11.726197125457569","WARNING","A8 | Holzkirchen-Süd - Weyarn"," München -> Salzburg",0,"SLOW_TRAFFIC","70.30000305175781",2025-05-19,"Beginn: 19.05.25 um 21:20 Uhr  Angespannte Verkehrslage, seit 19.05.2025, 21:20 A8: München -> Salzburg, zwischen 1.8 km hinter Holzkirchen-Süd und 4.1 km vor AS Weyarn  Langsamer Verkehr Reisezeitverlust: 0 Minuten Durchschnittsgeschwindigkeit: 70 km/h",47.8940688562998,11.7261971254576
"A9","undefined--vi-hind.2025-05-19_21-12-30-000.f_002.de0","48.582231536116765,11.58606660534785,48.64292580094614,11.518115800010378","48.582231536116765,11.58606660534785","WARNING","A9 | Holledau - Langenbruck"," München -> Nürnberg",NA,NA,NA,2025-05-19,"Beginn: 19.05.25 um 21:12 Uhr  Fahrzeug-Hindernis, seit 19.05.2025, 21:12 A9: München -> Nürnberg, zwischen 0.5 km hinter AD Holledau und 0.3 km vor AS Langenbruck Gefahr durch ein defektes Fahrzeug auf der Fahrbahn",48.5822315361168,11.5860666053479
"A9","undefined--vi-zus.2025-05-19_19-31-30-000.f_001.de0","48.715624842280015,11.482449148126232,48.734219285871525,11.469796445541117","48.715624842280015,11.482449148126232","WARNING","A9 | Neuburg a.d.Donau - Ingolstadt-Süd"," München -> Nürnberg",4,"STATIONARY_TRAFFIC","25.899999618530273",2025-05-19,"Beginn: 19.05.25 um 19:31 Uhr  Zusammengesetzte Verkehrsinformation, seit 19.05.2025, 19:31 A9: München -> Nürnberg, zwischen 0.4 km hinter AS Neuburg a.d.Donau und 2.0 km vor AS Ingolstadt-Süd  Im Stillstand Reisezeitverlust: 4 Minuten Durchschnittsgeschwindigkeit: 25 km/h",48.71562484228,11.4824491481262
"A9","undefined--vi-avl.2025-05-19_19-42-30-000.f_001.de0","48.715624842280015,11.482449148126232,48.715624842280015,11.482449148126232","48.715624842280015,11.482449148126232","WARNING","A9 | Ingolstadt-Süd - Ingolstadt-Süd"," München -> Nürnberg",NA,"STATIONARY_TRAFFIC","15",2025-05-19,"Beginn: 19.05.25 um 21:20 Uhr  Angespannte Verkehrslage, seit 19.05.2025, 21:20 A9: München -> Nürnberg, 4.3 km vor AS Ingolstadt-Süd, aus Richtung Neuburg a.d.Donau  Im Stillstand Durchschnittsgeschwindigkeit: 15 km/h",48.71562484228,11.4824491481262
"A9","undefined--vi-hind.2025-05-19_21-09-30-000.f.de0","49.1913710588844,11.248113670093643,49.19201585851902,11.247569994242685","49.1913710588844,11.248113670093643","WARNING","A9 | Hilpoltstein - Göggelsbuch"," München -> Nürnberg",NA,NA,NA,2025-05-19,"Beginn: 19.05.25 um 21:09 Uhr  Fahrzeug-Hindernis, seit 19.05.2025, 21:09 A9: München -> Nürnberg, zwischen 3.5 km hinter AS Hilpoltstein und 3.6 km vor Göggelsbuch Gefahr durch ein defektes Fahrzeug auf der Fahrbahn",49.1913710588844,11.2481136700936
"A9","undefined--vi-avl.2025-05-19_21-15-00-000.f.de0","50.00417259682099,11.610229480964728,50.02379630198493,11.60493684574024","50.00417259682099,11.610229480964728","WARNING","A9 | Bayreuth-Nord - Bayreuth/Kulmbach"," Nürnberg -> Halle/Leipzig",1,"SLOW_TRAFFIC","57",2025-05-19,"Beginn: 19.05.25 um 21:15 Uhr  Angespannte Verkehrslage, seit 19.05.2025, 21:15 A9: Nürnberg -> Halle/Leipzig, zwischen 5.0 km hinter AS Bayreuth-Nord und 0.1 km vor AD Bayreuth/Kulmbach  Langsamer Verkehr Reisezeitverlust: 1 Minuten Durchschnittsgeschwindigkeit: 57 km/h",50.004172596821,11.6102294809647
"A9","undefined--vi-avl.2025-05-19_20-04-33-000.f.de0","50.923639395925534,11.83967843813363,50.93997703975021,11.835181273395047","50.923639395925534,11.83967843813363","WARNING","A9 | Bad Klosterlausnitz - Kuhberg"," Nürnberg -> Halle/Leipzig",0,"SLOW_TRAFFIC","71.0999984741211",2025-05-19,"Beginn: 19.05.25 um 20:04 Uhr  Angespannte Verkehrslage, seit 19.05.2025, 20:04 A9: Nürnberg -> Halle/Leipzig, zwischen 1.4 km hinter AS Bad Klosterlausnitz und 3.2 km vor Kuhberg  Langsamer Verkehr Reisezeitverlust: 0 Minuten Durchschnittsgeschwindigkeit: 71 km/h",50.9236393959255,11.8396784381336
"A12","undefined--vi-avl.2025-05-19_16-20-22-000.f_005.de0","52.3155760805876,14.577600847563337,52.314680708111105,14.561546427138259","52.3155760805876,14.577600847563337","WARNING","A12 | Frankfurt(Oder) - Frankfurt(Oder)-Mitte"," Frankfurt(Oder) -> Berliner Ring",4,"SLOW_TRAFFIC","9.300000190734863",2025-05-19,"Beginn: 19.05.25 um 16:20 Uhr  Angespannte Verkehrslage, seit 19.05.2025, 16:20 A12: Frankfurt(Oder) -> Berliner Ring, zwischen Frankfurt(Oder) und 2.9 km vor AS Frankfurt(Oder)-Mitte  Langsamer Verkehr Reisezeitverlust: 4 Minuten Durchschnittsgeschwindigkeit: 9 km/h",52.3155760805876,14.5776008475633
"A12","WarnungA10Lkw3","47.61802931631098,12.202336027754352,47.61802931631098,12.202336027754352","47.61802931631098,12.202336027754352","WARNING","E45/E60 | LKW Blockabfertigung | A12-Inntal Autobahn","Richtung Italien",NA,NA,NA,2025-01-11,"Zeitraum: Beginn: 07.01.2025 Ende: 09.12.2025  Hinweis für LKW-Reisende nach Österreich: LKW-Blockabfertigungen an ausgewählten Tagen für Lkw am Grenzübergang Kufstein/Kiefersfelden. Maximaler Durchlass von 300 LKWs pro Stunde  Die genauen Ausführungszeiten und weitere Informationen auf tirol.gv.at/verkehr/verkehrs-und-seilbahnrecht/lkw-dosierung.",47.618029316311,12.2023360277544
"A12","WarnungA10Lkw2","47.6164490154047,12.202382557672273,47.6164490154047,12.202382557672273","47.6164490154047,12.202382557672273","WARNING","E43/E45/E60 | A13-Brenner Autobahn","Richtung Italien",NA,NA,NA,2025-01-11,"Zeitraum: Beginn: 11.01.2025 Ende: 27.09.2025  Hinweis für LKW-Reisende nach Österreich: LKW-Fahrverbot auf der A12-Inntal Autobahn, A13-Brenner Autobahn und A14-Rheintal/Walgau Autobahn, wenn das Ziel der Fahrt der Anschlussstelle Nößlach bis Anschlussstelle Brenner Nord der Richtungsfahrbahn Staatsgrenze der A 13 Brenner Autobahn erreicht werden soll. An ausgewählten Samstagen 7-15 Uhr sowie weiteren Tagen im Zeitraum 11.01. - 27.09.2025 Weitere Informationen auf http://asfinag.at/a13",47.6164490154047,12.2023825576723
"A14","undefined--vi-hind.2025-05-19_17-17-30-000.f_008.de0","53.15961128935529,11.72789029312949,53.223319900921695,11.615065400008177","53.15961128935529,11.72789029312949","WARNING","A14 | Karstädt - Meynbach"," Wittenberge -> Schwerin",NA,NA,NA,2025-05-19,"Beginn: 19.05.25 um 17:17 Uhr  Hindernis, seit 19.05.2025, 17:17 A14: Wittenberge -> Schwerin, zwischen 0.4 km hinter AS Karstädt und 1.8 km vor Meynbach  Gefahr durch Gegenstände auf der Fahrbahn",53.1596112893553,11.7278902931295
"A14","undefined--vi-hind.2025-05-19_17-22-02-000.f_009.de0","53.15945940092222,11.728050100009963,53.15945940092222,11.728050100009963","53.15945940092222,11.728050100009963","WARNING","A14 | Karstädt - Groß Warnow"," Wittenberge -> Schwerin",NA,NA,NA,2025-05-19,"Beginn: 19.05.25 um 17:22 Uhr  Hindernis, seit 19.05.2025, 17:22 A14: Wittenberge -> Schwerin, zwischen 0.4 km hinter AS Karstädt und 10.4 km vor AS Groß Warnow  Gefahr durch Gegenstände auf der Fahrbahn",53.1594594009222,11.72805010001
"A15","undefined--vi-avl.2025-05-19_21-09-00-000.f.de0","51.66661433973609,14.749503962378768,51.66638197792415,14.74088277037715","51.66661433973609,14.749503962378768","WARNING","A15 | Forst - Bademeusel"," Breslau -> Cottbus",2,"SLOW_TRAFFIC","9.100000381469727",2025-05-19,"Beginn: 19.05.25 um 21:09 Uhr  Angespannte Verkehrslage, seit 19.05.2025, 21:09 A15: Breslau -> Cottbus, zwischen 0.2 km hinter Forst und 0.3 km vor AS Bademeusel  Langsamer Verkehr Reisezeitverlust: 2 Minuten Durchschnittsgeschwindigkeit: 9 km/h",51.6666143397361,14.7495039623788
"A17","undefined--vi-avl.2025-05-19_21-15-30-000.f_002.de0","50.82026170094333,13.887384300240237,50.82026170094333,13.887384300240237","50.82026170094333,13.887384300240237","WARNING","A17 | Am Heidenholz - Am Heidenholz"," Prag -> Dresden",NA,"STATIONARY_TRAFFIC","12",2025-05-19,"Beginn: 19.05.25 um 21:20 Uhr  Angespannte Verkehrslage, seit 19.05.2025, 21:20 A17: Prag -> Dresden, 0.2 km vor Am Heidenholz, aus Richtung Breitenau-Schönwald  Im Stillstand Durchschnittsgeschwindigkeit: 12 km/h",50.8202617009433,13.8873843002402
"A17","undefined--vi-zus.2025-05-19_20-53-30-000.f.de0","50.82026170094333,13.887384300240237,50.825784654914514,13.887788152709305","50.82026170094333,13.887384300240237","WARNING","A17 | Breitenau-Schönwald - Bad Gottleuba"," Prag -> Dresden",1,"STATIONARY_TRAFFIC","19.299999237060547",2025-05-19,"Beginn: 19.05.25 um 20:53 Uhr  Zusammengesetzte Verkehrsinformation, seit 19.05.2025, 20:53 A17: Prag -> Dresden, zwischen 4.5 km hinter Breitenau-Schönwald und 0.6 km vor AS Bad Gottleuba  Im Stillstand Reisezeitverlust: 1 Minuten Durchschnittsgeschwindigkeit: 19 km/h",50.8202617009433,13.8873843002402
"A23","undefined--vi-hind.2025-05-19_20-58-00-000.f.de0","53.62884428347135,9.870292036326868,53.62030024892068,9.904743431745885","53.62884428347135,9.870292036326868","WARNING","A23 | Halstenbek/Rellingen - Hamburg-Eidelstedt"," Heide -> Hamburg",NA,NA,NA,2025-05-19,"Beginn: 19.05.25 um 20:58 Uhr  Fahrzeug-Hindernis, seit 19.05.2025, 20:58 A23: Heide -> Hamburg, zwischen 2.4 km hinter AS Halstenbek/Rellingen und 0.3 km vor AS Hamburg-Eidelstedt Gefahr durch ein defektes Fahrzeug auf der Fahrbahn",53.6288442834714,9.87029203632687
"A43","undefined--vi-avl.2025-05-19_18-36-12-000.f_002.de0","51.89092387319833,7.371646194428154,51.902360769330265,7.389025264915474","51.89092387319833,7.371646194428154","WARNING","A43 | Karthaus - Nottuln"," Recklinghausen -> Münster",0,"SLOW_TRAFFIC","60.70000076293945",2025-05-19,"Beginn: 19.05.25 um 18:36 Uhr  Angespannte Verkehrslage, seit 19.05.2025, 18:36 A43: Recklinghausen -> Münster, zwischen 2.0 km hinter Karthaus und 1.3 km vor AS Nottuln  Langsamer Verkehr Reisezeitverlust: 0 Minuten Durchschnittsgeschwindigkeit: 60 km/h",51.8909238731983,7.37164619442815
"A44","undefined--vi-avl.2025-05-19_20-10-30-000.f_005.de0","51.53306052436008,7.828962232170708,51.53323805512703,7.854588665975875","51.53306052436008,7.828962232170708","WARNING","A44 | Buchenhain - Am Haarstrang"," Dortmund -> Kassel",0,"SLOW_TRAFFIC","60.400001525878906",2025-05-19,"Beginn: 19.05.25 um 20:10 Uhr  Angespannte Verkehrslage, seit 19.05.2025, 20:10 A44: Dortmund -> Kassel, zwischen 2.7 km hinter Buchenhain und 0.4 km vor Am Haarstrang  Langsamer Verkehr Reisezeitverlust: 0 Minuten Durchschnittsgeschwindigkeit: 60 km/h",51.5330605243601,7.82896223217071
"A45","undefined--vi-avl.2025-05-19_21-19-30-000.f.de0","50.554027200938556,8.56458259999988,50.56163203369298,8.557192532882434","50.554027200938556,8.56458259999988","WARNING","A45 | Gießen-Lützellinden - Wetzlar-Ost"," Aschaffenburg -> Hagen",0,"SLOW_TRAFFIC","56.29999923706055",2025-05-19,"Beginn: 19.05.25 um 21:19 Uhr  Angespannte Verkehrslage, seit 19.05.2025, 21:19 A45: Aschaffenburg -> Hagen, zwischen 3.9 km hinter AS Gießen-Lützellinden und 1.3 km vor AS Wetzlar-Ost  Langsamer Verkehr Reisezeitverlust: 0 Minuten Durchschnittsgeschwindigkeit: 56 km/h",50.5540272009386,8.56458259999988
"A59","undefined--vi-hind.2025-05-19_20-33-00-000.f_002.de0","50.889311500936856,7.092703699997522,50.88200493018122,7.094231456684229","50.889311500936856,7.092703699997522","WARNING","A59 | Schloß Röttgen - Köln-Wahn"," Köln -> Bonn",NA,NA,NA,2025-05-19,"Beginn: 19.05.25 um 20:33 Uhr  Hindernis, seit 19.05.2025, 20:33 A59: Köln -> Bonn, zwischen 1.1 km hinter Schloß Röttgen und 2.6 km vor AS Köln-Wahn  Gefahr durch eine ungesicherte Unfallstelle",50.8893115009369,7.09270369999752
"A59","undefined--vi-avl.2025-05-19_20-57-30-000.f_002.de0","51.46419935209288,6.7686214817085615,51.47478569177387,6.766613248154541","51.46419935209288,6.7686214817085615","WARNING","A59 | Duisburg-Ruhrort - Duisburg-Nord"," Duisburg -> Dinslaken",2,"QUEUING_TRAFFIC","25.100000381469727",2025-05-19,"Beginn: 19.05.25 um 20:57 Uhr  Angespannte Verkehrslage, seit 19.05.2025, 20:57 A59: Duisburg -> Dinslaken, zwischen 0.2 km hinter AS Duisburg-Ruhrort und 1.0 km vor AK Duisburg-Nord  Stockender Verkehr Reisezeitverlust: 2 Minuten Durchschnittsgeschwindigkeit: 25 km/h",51.4641993520929,6.76862148170856
"A59","undefined--vi-avl.2025-05-19_21-00-30-000.f.de0","51.46411096831041,6.768647727023238,51.46411096831041,6.768647727023238","51.46411096831041,6.768647727023238","WARNING","A59 | Duisburg-Meiderich - Duisburg-Meiderich"," Duisburg -> Dinslaken",NA,"QUEUING_TRAFFIC","11",2025-05-19,"Beginn: 19.05.25 um 21:20 Uhr  Angespannte Verkehrslage, seit 19.05.2025, 21:20 A59: Duisburg -> Dinslaken, 0.7 km vor AS Duisburg-Meiderich, aus Richtung Duisburg-Ruhrort  Stockender Verkehr Durchschnittsgeschwindigkeit: 11 km/h",51.4641109683104,6.76864772702324
"A60","undefined--vi-zus.2025-04-08_08-51-21-000.f_013.de0","49.98125533976677,8.345695317688524,49.97565770865279,8.441396718063045","49.98125533976677,8.345695317688524","WARNING","A60 | Mainspitz-Dreieck - Rüsselsheimer Dreieck"," Mainz -> Rüsselsheim",NA,NA,NA,2025-04-08,"Beginn: 08.04.25 um 08:51 Uhr  Zusammengesetzte Verkehrsinformation, seit 08.04.2025, 08:51 A60: Mainz -> Rüsselsheim, zwischen 0.5 km hinter AD Mainspitz-Dreieck und 2.2 km vor AD Rüsselsheimer Dreieck  Sperrung der A60 bei Königstädten – Grundhafte Fahrbahnerneuerung zwischen dem Rüsselsheimer Dreieck und dem Mainspitz Dreieck. Die Niederlassung West der Autobahn GmbH erneuert zwischen dem Rüsselsheimer Dreieck (30) und dem Mainspitz Dreieck (26) die Fahrbahn. Von Donnerstagmorgen (24. April) bis Mitte Juli wird die Anschlussstelle (AS) Königstädten (29) in Fahrtrichtung (FR) Mainz sowie in FR Rüsselsheimer Dreieck gesperrt. Umleitungsmöglichkeiten sind ausgeschildert: • Ausfahrt FR Mainz: Umleitung via AS Rüsselsheim-Mitte • Einfahrt FR Mainz: innerstädtische Umleitung zur AS Rüsselsheim-Mitte (Adam-Opel-Straße / Kurt-Schumacher-Ring), von Nauheim kommend via L3482 zur AS Bischofsheim • Einfahrt FR Darmstadt: innerstädtische Umleitung zur AS Rüsselsheim-Mitte (Adam-Opel-Straße / Kurt-Schumacher-Ring) Die Autobahn GmbH bittet alle Verkehrsteilnehmer um Verständnis für die unvermeidlichen Verkehrsbehinderungen, die durch die Arbeiten entstehen.",49.9812553397668,8.34569531768852
"A60","undefined--vi-zus.2025-05-03_10-55-00-000.f_003.de0","49.977457399447445,8.454646346787307,49.981587265039146,8.34517285786785","49.977457399447445,8.454646346787307","WARNING","A60 | Rüsselsheimer Dreieck - Mainspitz-Dreieck"," Rüsselsheim -> Mainz",NA,NA,NA,2025-05-03,"Beginn: 03.05.25 um 10:55 Uhr  Zusammengesetzte Verkehrsinformation, seit 03.05.2025, 10:55 A60: Rüsselsheim -> Mainz, zwischen 0.6 km hinter AD Rüsselsheimer Dreieck und 0.5 km vor AD Mainspitz-Dreieck  Sperrung der A60 bei Königstädten – Grundhafte Fahrbahnerneuerung zwischen dem Rüsselsheimer Dreieck und dem Mainspitz Dreieck. Die Niederlassung West der Autobahn GmbH erneuert zwischen dem Rüsselsheimer Dreieck (30) und dem Mainspitz Dreieck (26) die Fahrbahn. Von Donnerstagmorgen (24. April) bis Mitte Juli wird die Anschlussstelle (AS) Königstädten (29) in Fahrtrichtung (FR) Mainz sowie in FR Rüsselsheimer Dreieck gesperrt. Umleitungsmöglichkeiten sind ausgeschildert: • Ausfahrt FR Mainz: Umleitung via AS Rüsselsheim-Mitte • Einfahrt FR Mainz: innerstädtische Umleitung zur AS Rüsselsheim-Mitte (Adam-Opel-Straße / Kurt-Schumacher-Ring), von Nauheim kommend via L3482 zur AS Bischofsheim • Einfahrt FR Darmstadt: innerstädtische Umleitung zur AS Rüsselsheim-Mitte (Adam-Opel-Straße / Kurt-Schumacher-Ring) Die Autobahn GmbH bittet alle Verkehrsteilnehmer um Verständnis für die unvermeidlichen Verkehrsbehinderungen, die durch die Arbeiten entstehen.",49.9774573994474,8.45464634678731
"A61","undefined--vi-hind.2025-05-19_21-12-30-000.f_003.de0","49.66275746155461,8.276854267594986,49.648971847907454,8.290275632928825","49.66275746155461,8.276854267594986","WARNING","A61 | Worms/Mörstadt - Wonnegau-West"," Koblenz -> Ludwigshafen",NA,NA,NA,2025-05-19,"Beginn: 19.05.25 um 21:12 Uhr  Hindernis, seit 19.05.2025, 21:12 A61: Koblenz -> Ludwigshafen, zwischen 0.5 km hinter AS Worms/Mörstadt und Wonnegau-West  Gefahr durch Gegenstände auf der Fahrbahn",49.6627574615546,8.27685426759499
"A71","undefined--vi-avl.2025-05-19_21-15-30-000.f_001.de0","50.6011311628126,10.535557045100456,50.6011311628126,10.535557045100456","50.6011311628126,10.535557045100456","WARNING","A71 | Dolmar - Dolmar"," Suhl -> Schweinfurt",NA,"QUEUING_TRAFFIC","19",2025-05-19,"Beginn: 19.05.25 um 21:20 Uhr  Angespannte Verkehrslage, seit 19.05.2025, 21:20 A71: Suhl -> Schweinfurt, 0.2 km vor Dolmar, aus Richtung Dreieck Suhl  Stockender Verkehr Durchschnittsgeschwindigkeit: 19 km/h",50.6011311628126,10.5355570451005
"A71","undefined--vi-avl.2025-05-19_21-14-00-000.f.de0","50.6011311628126,10.535557045100456,50.597702689832495,10.519546807429936","50.6011311628126,10.535557045100456","WARNING","A71 | Dreieck Suhl - Meiningen-Nord"," Suhl -> Schweinfurt",1,"QUEUING_TRAFFIC","43.400001525878906",2025-05-19,"Beginn: 19.05.25 um 21:14 Uhr  Angespannte Verkehrslage, seit 19.05.2025, 21:14 A71: Suhl -> Schweinfurt, zwischen 8.5 km hinter AD Dreieck Suhl und 4.0 km vor AS Meiningen-Nord  Stockender Verkehr Reisezeitverlust: 1 Minuten Durchschnittsgeschwindigkeit: 43 km/h",50.6011311628126,10.5355570451005
"A73","undefined--vi-hind.2025-05-19_20-04-00-000.f_005.de0","50.060911520286695,10.968516752666188,50.05970000094087,10.967126400002948","50.060911520286695,10.968516752666188","WARNING","A73 | Bad Staffelstein - Ebensfeld"," Suhl -> Bamberg",NA,NA,NA,2025-05-19,"Beginn: 19.05.25 um 20:04 Uhr  Hindernis, seit 19.05.2025, 20:04 A73: Suhl -> Bamberg, zwischen 4.6 km hinter AS Bad Staffelstein und 0.1 km vor AS Ebensfeld  Gefahr durch eine ungesicherte Unfallstelle",50.0609115202867,10.9685167526662
"A81","undefined--vi-avl.2025-05-19_21-16-02-000.f.de0","48.5711153464694,8.89944685166065,48.57766790094631,8.899728499999986","48.5711153464694,8.89944685166065","WARNING","A81 | Geyern - Herrenberg"," Singen -> Stuttgart",3,"STATIONARY_TRAFFIC","12",2025-05-19,"Beginn: 19.05.25 um 21:16 Uhr  Angespannte Verkehrslage, seit 19.05.2025, 21:16 A81: Singen -> Stuttgart, zwischen 5.3 km hinter Geyern und 0.4 km vor AS Herrenberg  Im Stillstand Reisezeitverlust: 3 Minuten Durchschnittsgeschwindigkeit: 12 km/h",48.5711153464694,8.89944685166065
"A81","undefined--vi-avl.2025-05-19_21-17-30-000.f.de0","48.5711153464694,8.89944685166065,48.5711153464694,8.89944685166065","48.5711153464694,8.89944685166065","WARNING","A81 | Herrenberg - Herrenberg"," Singen -> Stuttgart",NA,"STATIONARY_TRAFFIC","9",2025-05-19,"Beginn: 19.05.25 um 21:20 Uhr  Angespannte Verkehrslage, seit 19.05.2025, 21:20 A81: Singen -> Stuttgart, 1.1 km vor AS Herrenberg, aus Richtung Geyern  Im Stillstand Durchschnittsgeschwindigkeit: 9 km/h",48.5711153464694,8.89944685166065
"A81","undefined--vi-avl.2025-05-19_21-07-00-000.f.de0","48.95075084950006,9.204944339876107,48.961399175268284,9.219894391468898","48.95075084950006,9.204944339876107","WARNING","A81 | Ludwigsburg-Nord - Kälbling"," Stuttgart -> Heilbronn",2,"STATIONARY_TRAFFIC","27.200000762939453",2025-05-19,"Beginn: 19.05.25 um 21:07 Uhr  Angespannte Verkehrslage, seit 19.05.2025, 21:07 A81: Stuttgart -> Heilbronn, zwischen 5.0 km hinter AS Ludwigsburg-Nord und 3.5 km vor Kälbling  Im Stillstand Reisezeitverlust: 2 Minuten Durchschnittsgeschwindigkeit: 27 km/h",48.9507508495001,9.20494433987611
"A81","undefined--vi-avl.2025-05-19_21-20-30-000.f_001.de0","48.95087059593913,9.20514821361841,48.95087059593913,9.20514821361841","48.95087059593913,9.20514821361841","WARNING","A81 | Pleidelsheim - Pleidelsheim"," Stuttgart -> Heilbronn",NA,"STATIONARY_TRAFFIC","16",2025-05-19,"Beginn: 19.05.25 um 21:20 Uhr  Angespannte Verkehrslage, seit 19.05.2025, 21:20 A81: Stuttgart -> Heilbronn, 1.3 km vor AS Pleidelsheim, aus Richtung Ludwigsburg-Nord  Im Stillstand Durchschnittsgeschwindigkeit: 16 km/h",48.9508705959391,9.20514821361841
"A96","undefined--vi-hind.2025-05-19_21-20-00-000.f.de0","47.69404614353755,9.792418852409567,47.695574500692715,9.793287836642724","47.69404614353755,9.792418852409567","WARNING","A96 | Ettensweiler - Wangen-West"," Lindau -> München",NA,NA,NA,2025-05-19,"Beginn: 19.05.25 um 21:20 Uhr  Fahrzeug-Hindernis, seit 19.05.2025, 21:20 A96: Lindau -> München, zwischen 1.4 km hinter Ettensweiler und 1.5 km vor AS Wangen-West Gefahr durch ein defektes Fahrzeug auf der Fahrbahn",47.6940461435375,9.79241885240957
"A96","undefined--vi-avl.2025-05-19_20-08-00-000.f.de0","48.0331225584307,10.657310176459966,48.02680776850765,10.683411200384159","48.0331225584307,10.657310176459966","WARNING","A96 | Wertachtal - Buchloe-West"," Lindau -> München",0,"SLOW_TRAFFIC","67.4000015258789",2025-05-19,"Beginn: 19.05.25 um 20:08 Uhr  Angespannte Verkehrslage, seit 19.05.2025, 20:08 A96: Lindau -> München, zwischen 0.1 km hinter Wertachtal und 2.0 km vor AS Buchloe-West  Langsamer Verkehr Reisezeitverlust: 0 Minuten Durchschnittsgeschwindigkeit: 67 km/h",48.0331225584307,10.65731017646
"A99","undefined--vi-hind.2025-05-19_21-00-00-000.f.de0","48.22568428554725,11.53753571910202,48.22822000094727,11.582903800012192","48.22568428554725,11.53753571910202","WARNING","A99 | München-Ludwigsfeld - München-Neuherberg"," München-Süd-West -> München-Nord",NA,NA,NA,2025-05-19,"Beginn: 19.05.25 um 21:00 Uhr  Fahrzeug-Hindernis, seit 19.05.2025, 21:00 A99: München-Süd-West -> München-Nord, zwischen 4.4 km hinter AS München-Ludwigsfeld und 0.3 km vor AS München-Neuherberg",48.2256842855473,11.537535719102
"A111","undefined--vi-avl.2025-05-19_21-19-00-000.f.de0","52.62363923775787,13.247271613178528,52.63588394122587,13.241287964786629","52.62363923775787,13.247271613178528","WARNING","A111 | Schulzendorfer Straße - Stolper Heide"," Charlottenburg -> Dreieck Oranienburg",0,"SLOW_TRAFFIC","53.599998474121094",2025-05-19,"Beginn: 19.05.25 um 21:19 Uhr  Angespannte Verkehrslage, seit 19.05.2025, 21:19 A111: Charlottenburg -> Dreieck Oranienburg, zwischen 1.2 km hinter AS Schulzendorfer Straße und 0.7 km vor Stolper Heide  Langsamer Verkehr Reisezeitverlust: 0 Minuten Durchschnittsgeschwindigkeit: 53 km/h",52.6236392377579,13.2472716131785
"A111","undefined--vi-avl.2025-05-19_21-15-30-000.f.de0","52.6172507723141,13.250918677498586,52.6172507723141,13.250918677498586","52.6172507723141,13.250918677498586","WARNING","A111 | Schulzendorfer Straße - Schulzendorfer Straße"," Dreieck Oranienburg -> Charlottenburg",NA,"STATIONARY_TRAFFIC","1",2025-05-19,"Beginn: 19.05.25 um 21:17 Uhr  Angespannte Verkehrslage, seit 19.05.2025, 21:17 A111: Dreieck Oranienburg -> Charlottenburg, 0.4 km vor AS Schulzendorfer Straße, aus Richtung Stolper Heide  Im Stillstand Durchschnittsgeschwindigkeit: 1 km/h",52.6172507723141,13.2509186774986
"A111","undefined--vi-avl.2025-05-19_21-15-30-000.f_004.de0","52.6172653437818,13.250935932641699,52.613329505215916,13.248382456596776","52.6172653437818,13.250935932641699","WARNING","A111 | Stolper Heide - Beyschlagtunnel"," Dreieck Oranienburg -> Charlottenburg",11,"STATIONARY_TRAFFIC","2.700000047683716",2025-05-19,"Beginn: 19.05.25 um 21:15 Uhr  Angespannte Verkehrslage, seit 19.05.2025, 21:15 A111: Dreieck Oranienburg -> Charlottenburg, zwischen 3.0 km hinter Stolper Heide und 0.3 km vor Beyschlagtunnel  Im Stillstand Reisezeitverlust: 11 Minuten Durchschnittsgeschwindigkeit: 2 km/h",52.6172653437818,13.2509359326417
"A113","undefined--vi-zus.2025-05-06_00-21-00-000.f_002.de0","52.431770300930815,13.501964500120101,52.420514923982736,13.521858832895003","52.431770300930815,13.501964500120101","WARNING","A113 | Stubenrauchstraße - Rudower Höhe"," Neukölln -> Schönefeld",NA,NA,NA,2025-05-06,"Beginn: 06.05.25 um 00:21 Uhr  Zusammengesetzte Verkehrsinformation, seit 06.05.2025, 00:21 A113: Neukölln -> Schönefeld, zwischen 0.3 km hinter AS Stubenrauchstraße und Rudower Höhe  A113 Autobahnzubringer Dresden, Neukölln Richtung Schönefeld
zwischen Stubenrauchstraße und Tunnel Rudower Höhe
linker Fahrstreifen gesperrt, Bauarbeiten, bis voraussichtlich 20.06.2025",52.4317703009308,13.5019645001201
"A113","undefined--vi-avl.2025-05-19_21-15-00-000.f_001.de0","52.431770300930815,13.501964500120101,52.42875800093087,13.509218300121121","52.431770300930815,13.501964500120101","WARNING","A113 | Stubenrauchstraße - Adlershof"," Neukölln -> Schönefeld",1,"STATIONARY_TRAFFIC","20.399999618530273",2025-05-19,"Beginn: 19.05.25 um 21:15 Uhr  Angespannte Verkehrslage, seit 19.05.2025, 21:15 A113: Neukölln -> Schönefeld, zwischen 0.3 km hinter AS Stubenrauchstraße und 0.3 km vor AS Adlershof  Im Stillstand Reisezeitverlust: 1 Minuten Durchschnittsgeschwindigkeit: 20 km/h",52.4317703009308,13.5019645001201
"A113","undefined--vi-avl.2025-05-19_21-15-30-000.f_006.de0","52.431770300930815,13.501964500120101,52.431770300930815,13.501964500120101","52.431770300930815,13.501964500120101","WARNING","A113 | Adlershof - Adlershof"," Neukölln -> Schönefeld",NA,"STATIONARY_TRAFFIC","9",2025-05-19,"Beginn: 19.05.25 um 21:20 Uhr  Angespannte Verkehrslage, seit 19.05.2025, 21:20 A113: Neukölln -> Schönefeld, 0.9 km vor AS Adlershof, aus Richtung Stubenrauchstraße  Im Stillstand Durchschnittsgeschwindigkeit: 9 km/h",52.4317703009308,13.5019645001201
"A115","undefined--vi-zus.2024-10-09_07-09-40-000.f_531.de0","52.40027056808641,13.185163736426698,52.44227384698058,13.202709435405149","52.40027056808641,13.185163736426698","WARNING","A115 | Am Stern - Hüttenweg"," Dreieck Nuthetal -> Dreieck Funkturm",NA,NA,NA,2024-10-09,"Beginn: 09.10.24 um 07:09 Uhr  Zusammengesetzte Verkehrsinformation, seit 09.10.2024, 07:09 A115: Dreieck Nuthetal -> Dreieck Funkturm, zwischen 2.9 km hinter Am Stern und 3.8 km vor AS Hüttenweg  A115 Autobahnzubringer Magdeburg, Dreieck Nuthetal Richtung Dreieck Funkturm, zwischen Anschlussstelle Kleinmachnow und Anschlussstelle Spanische Allee, Baustelle, bis 31.10.2026 17:00 Uhr",52.4002705680864,13.1851637364267
