"road","identifier","extent","point","display_type","title","subtitle","delay_minutes","abnormalTrafficType","averageSpeed","startTimestamp","description","latitude","longitude"
"A1","undefined--vi-avl.2025-05-23_22-37-00-000.f.de0","50.8437206627885,6.801115812210484,50.85269977087939,6.804601196334652","50.8437206627885,6.801115812210484","WARNING","A1 | Erfttal - Ville"," Euskirchen -> Köln",0,"SLOW_TRAFFIC","65.9000015258789",2025-05-23,"Beginn: 23.05.25 um 22:37 Uhr  Angespannte Verkehrslage, seit 23.05.2025, 22:37 A1: Euskirchen -> Köln, zwischen 3.3 km hinter AD Erfttal und 0.6 km vor Ville  Langsamer Verkehr Reisezeitverlust: 0 Minuten Durchschnittsgeschwindigkeit: 65 km/h",50.8437206627885,6.80111581221048
"A2","undefined--vi-hind.2025-05-23_22-13-00-000.f_002.de0","51.62478062232137,7.8463049452281926,51.695194300932236,7.969903999999578","51.62478062232137,7.8463049452281926","WARNING","A2 | Bönen - Stettin"," Dortmund -> Hannover",NA,NA,NA,2025-05-23,"Beginn: 23.05.25 um 22:13 Uhr  Fahrzeug-Hindernis, seit 23.05.2025, 22:13 A2: Dortmund -> Hannover, zwischen 6.8 km hinter AS Bönen und 3.3 km vor Stettin Gefahr durch ein defektes Fahrzeug auf der Fahrbahn",51.6247806223214,7.84630494522819
"A2","undefined--vi-zus.2025-05-23_18-52-34-000.f_008.de0","52.33856234405578,12.698662064256032,52.34080110092891,12.753443400050127","52.33856234405578,12.698662064256032","WARNING","A2 | Netzen - Lehnin"," Magdeburg -> Berliner Ring",NA,NA,NA,2025-05-23,"Beginn: 23.05.25 um 18:52 Uhr  Zusammengesetzte Verkehrsinformation, seit 23.05.2025, 18:52 A2: Magdeburg -> Berliner Ring, zwischen AS Netzen und 0.3 km vor AS Lehnin  A2 Magdeburg Richtung Berliner Ring zwischen Netzen und Lehnin 1 Unfall auf dem Standstreifen, fahren Sie bitte besonders vorsichtig, Polizei ist benachrichtigt",52.3385623440558,12.698662064256
"A3","undefined--vi-avl.2025-05-23_20-00-00-000.f.de0","51.19008593917554,6.942034060948872,51.200334484181845,6.936316125381191","51.19008593917554,6.942034060948872","WARNING","A3 | Ohligser Heide - Stindertal / Stinderhof"," Köln -> Oberhausen",0,"SLOW_TRAFFIC","54.900001525878906",2025-05-23,"Beginn: 23.05.25 um 20:00 Uhr  Angespannte Verkehrslage, seit 23.05.2025, 20:00 A3: Köln -> Oberhausen, zwischen 3.8 km hinter Ohligser Heide und 4.5 km vor Stindertal / Stinderhof  Langsamer Verkehr Reisezeitverlust: 0 Minuten Durchschnittsgeschwindigkeit: 54 km/h",51.1900859391755,6.94203406094887
"A3","undefined--vi-avl.2025-05-23_22-10-30-000.f_001.de0","51.89839901701434,6.165717280673193,51.89839901701434,6.165717280673193","51.89839901701434,6.165717280673193","WARNING","A3 | Knauheide - Knauheide"," Arnheim -> Oberhausen",NA,"STATIONARY_TRAFFIC","11",2025-05-23,"Beginn: 23.05.25 um 22:48 Uhr  Angespannte Verkehrslage, seit 23.05.2025, 22:48 A3: Arnheim -> Oberhausen, 0.1 km vor Knauheide, aus Richtung Elten  Im Stillstand Durchschnittsgeschwindigkeit: 11 km/h",51.8983990170143,6.16571728067319
"A3","undefined--vi-avl.2025-05-23_22-10-30-000.f.de0","51.89836112503476,6.165756320916883,51.89430742738076,6.169921542127004","51.89836112503476,6.165756320916883","WARNING","A3 | Elten - Elten"," Arnheim -> Oberhausen",0,"STATIONARY_TRAFFIC","28.899999618530273",2025-05-23,"Beginn: 23.05.25 um 22:10 Uhr  Angespannte Verkehrslage, seit 23.05.2025, 22:10 A3: Arnheim -> Oberhausen, zwischen 0.4 km hinter Elten und 1.3 km vor AS Elten  Im Stillstand Reisezeitverlust: 0 Minuten Durchschnittsgeschwindigkeit: 28 km/h",51.8983611250348,6.16575632091688
"A4","undefined--vi-avl.2025-05-23_22-39-00-000.f.de0","50.89834777115376,6.909420141071549,50.89212772911116,6.923158297032745","50.89834777115376,6.909420141071549","WARNING","A4 | Köln-Klettenberg - Köln-Eifeltor"," Heerlen/Aachen -> Köln",0,"SLOW_TRAFFIC","60.29999923706055",2025-05-23,"Beginn: 23.05.25 um 22:46 Uhr  Angespannte Verkehrslage, seit 23.05.2025, 22:46 A4: Heerlen/Aachen -> Köln, zwischen AS Köln-Klettenberg und 0.2 km vor AS Köln-Eifeltor  Langsamer Verkehr Reisezeitverlust: 0 Minuten Durchschnittsgeschwindigkeit: 60 km/h",50.8983477711538,6.90942014107155
"A4","undefined--vi-hind.2025-05-23_22-33-00-000.f_001.de0","50.87923670093694,11.62351750001044,50.87961340914183,11.621074150200037","50.87923670093694,11.62351750001044","WARNING","A4 | Rodablick - Jena-Zentrum"," Chemnitz -> Erfurt",NA,NA,NA,2025-05-23,"Beginn: 23.05.25 um 22:33 Uhr  Fahrzeug-Hindernis, seit 23.05.2025, 22:33 A4: Chemnitz -> Erfurt, zwischen 6.2 km hinter Rodablick und 0.1 km vor AS Jena-Zentrum Gefahr durch ein defektes Fahrzeug auf der Fahrbahn",50.8792367009369,11.6235175000104
"A5","undefined--vi-hind.2025-05-23_22-24-00-000.f_001.de0","47.67840030642982,7.523335436493916,47.621225022883465,7.579138493181197","47.67840030642982,7.523335436493916","WARNING","A5 | Rheinaue - Weil am Rhein"," Karlsruhe -> Basel",NA,NA,NA,2025-05-23,"Beginn: 23.05.25 um 22:24 Uhr  Hindernis, seit 23.05.2025, 22:24 A5: Karlsruhe -> Basel, zwischen 3.2 km hinter Rheinaue und 0.3 km vor AD Weil am Rhein  Gefahr durch Gegenstände auf der Fahrbahn",47.6784003064298,7.52333543649392
"A5","undefined--vi-zus.2025-05-23_20-18-05-000.f.de0","50.781674812385624,9.411751511770445,50.787936901169616,9.43983857438175","50.781674812385624,9.411751511770445","WARNING","A5 | Berfa - Frohnkreuz"," Frankfurt -> Kassel",0,"SLOW_TRAFFIC","67.80000305175781",2025-05-23,"Beginn: 23.05.25 um 20:18 Uhr  Zusammengesetzte Verkehrsinformation, seit 23.05.2025, 20:18 A5: Frankfurt -> Kassel, zwischen 4.5 km hinter Berfa und 0.4 km vor Frohnkreuz  Langsamer Verkehr Reisezeitverlust: 0 Minuten Durchschnittsgeschwindigkeit: 67 km/h",50.7816748123856,9.41175151177045
"A6","undefined--vi-zus.2025-05-23_19-03-20-000.f_001.de0","49.17766682494435,9.95214226294523,49.17703102024696,10.028384275574421","49.17766682494435,9.95214226294523","WARNING","A6 | Ilshofen/Wolpertshausen - Crailsheim"," Heilbronn -> Nürnberg",2,"SLOW_TRAFFIC","63.5",2025-05-23,"Beginn: 23.05.25 um 19:03 Uhr  Zusammengesetzte Verkehrsinformation, seit 23.05.2025, 19:03 A6: Heilbronn -> Nürnberg, zwischen 6.4 km hinter AS Ilshofen/Wolpertshausen und 3.4 km vor AS Crailsheim  Langsamer Verkehr Reisezeitverlust: 2 Minuten Durchschnittsgeschwindigkeit: 63 km/h",49.1776668249444,9.95214226294523
"A6","undefined--vi-avl.2025-05-23_22-46-00-000.f.de0","49.41308519719212,11.742099279111219,49.41891811481956,11.71909298830606","49.41308519719212,11.742099279111219","WARNING","A6 | Brunnberg - Oberpfälzer Alb"," Pilsen -> Nürnberg",0,"SLOW_TRAFFIC","63",2025-05-23,"Beginn: 23.05.25 um 22:46 Uhr  Angespannte Verkehrslage, seit 23.05.2025, 22:46 A6: Pilsen -> Nürnberg, zwischen 0.2 km hinter Brunnberg und 2.3 km vor Oberpfälzer Alb  Langsamer Verkehr Reisezeitverlust: 0 Minuten Durchschnittsgeschwindigkeit: 63 km/h",49.4130851971921,11.7420992791112
"A7","undefined--vi-zus.2025-05-23_21-12-00-000.f.de0","47.572965577642115,10.660922982282756,47.577037246669576,10.66215100562998","47.572965577642115,10.660922982282756","WARNING","A7 | Grenztunnel Füssen - Reinertshofertunnel"," Füssen/Reutte -> Ulm",1,"STATIONARY_TRAFFIC","14.399999618530273",2025-05-23,"Beginn: 23.05.25 um 21:12 Uhr  Zusammengesetzte Verkehrsinformation, seit 23.05.2025, 21:12 A7: Füssen/Reutte -> Ulm, zwischen 1.6 km hinter Grenztunnel Füssen und 2.7 km vor Reinertshofertunnel  Im Stillstand Reisezeitverlust: 1 Minuten Durchschnittsgeschwindigkeit: 14 km/h",47.5729655776421,10.6609229822828
"A7","undefined--vi-avl.2025-05-23_22-42-30-000.f.de0","47.62676596264472,10.612719801550307,47.629490790210035,10.59419628035079","47.62676596264472,10.612719801550307","WARNING","A7 | Reinertshofertunnel - Nesselwang"," Füssen/Reutte -> Ulm",0,"SLOW_TRAFFIC","61.5",2025-05-23,"Beginn: 23.05.25 um 22:42 Uhr  Angespannte Verkehrslage, seit 23.05.2025, 22:42 A7: Füssen/Reutte -> Ulm, zwischen 6.3 km hinter Reinertshofertunnel und 5.4 km vor AS Nesselwang  Langsamer Verkehr Reisezeitverlust: 0 Minuten Durchschnittsgeschwindigkeit: 61 km/h",47.6267659626447,10.6127198015503
"A7","undefined--vi-zus.2025-05-23_22-34-30-000.f.de0","48.86943170094542,10.173433900000456,48.889127211079334,10.167236459526585","48.86943170094542,10.173433900000456","WARNING","A7 | Aalen/Oberkochen - Ellwangen"," Ulm -> Würzburg",0,"SLOW_TRAFFIC","64.30000305175781",2025-05-23,"Beginn: 23.05.25 um 22:34 Uhr  Zusammengesetzte Verkehrsinformation, seit 23.05.2025, 22:34 A7: Ulm -> Würzburg, zwischen 8.5 km hinter AS Aalen/Oberkochen und 8.0 km vor AS Ellwangen  Langsamer Verkehr Reisezeitverlust: 0 Minuten Durchschnittsgeschwindigkeit: 64 km/h",48.8694317009454,10.1734339000005
"A7","undefined--vi-avl.2025-05-23_19-21-37-000.f_002.de0","51.41380247160987,9.83231439136672,51.404406201692545,9.808980998569226","51.41380247160987,9.83231439136672","WARNING","A7 | Drammetal - Hackelberg"," Hannover -> Kassel",1,"QUEUING_TRAFFIC","41.400001525878906",2025-05-23,"Beginn: 23.05.25 um 19:21 Uhr  Angespannte Verkehrslage, seit 23.05.2025, 19:21 A7: Hannover -> Kassel, zwischen 5.0 km hinter AD Drammetal und 2.2 km vor Hackelberg  Stockender Verkehr Reisezeitverlust: 1 Minuten Durchschnittsgeschwindigkeit: 41 km/h",51.4138024716099,9.83231439136672
"A7","undefined--vi-zus.2025-03-31_00-40-00-000.f_018.de0","53.579141433849884,9.913430072127355,53.55636870091902,9.897540700000414","53.579141433849884,9.913430072127355","WARNING","A7 | Hamburg-Volkspark - Elbtunnel (Nordportal)"," Flensburg -> Hamburg",NA,NA,NA,2025-03-31,"Beginn: 31.03.25 um 00:40 Uhr  Zusammengesetzte Verkehrsinformation, seit 31.03.2025, 00:40 A7: Flensburg -> Hamburg, zwischen 0.4 km hinter AS Hamburg-Volkspark und 0.9 km vor Elbtunnel (Nordportal)  A7 Flensburg Richtung Hamburg Ausfahrt Hamburg-Othmarschen Fahrbahnverengung, maximale Fahrbahnbreite von 4,50 m, Bauarbeiten, bis 29.09.2025",53.5791414338499,9.91343007212735
"A7","undefined--vi-hind.2025-05-23_21-35-00-000.f_004.de0","53.74400119992577,9.947971603145552,53.8009933225245,9.930510356786112","53.74400119992577,9.947971603145552","WARNING","A7 | Holmmoor - Henstedt-Ulzburg"," Hamburg -> Flensburg",NA,NA,NA,2025-05-23,"Beginn: 23.05.25 um 21:35 Uhr  Fahrzeug-Hindernis, seit 23.05.2025, 21:35 A7: Hamburg -> Flensburg, zwischen 3.0 km hinter Holmmoor und 0.3 km vor AS Henstedt-Ulzburg Gefahr durch ein defektes Fahrzeug auf der Fahrbahn",53.7440011999258,9.94797160314555
"A7","undefined--vi-zus.2025-05-23_22-05-30-000.f.de0","53.74092326606429,9.946699845893294,53.75230887526451,9.949896563313576","53.74092326606429,9.946699845893294","WARNING","A7 | Holmmoor - Henstedt-Ulzburg"," Hamburg -> Flensburg",1,"QUEUING_TRAFFIC","35.20000076293945",2025-05-23,"Beginn: 23.05.25 um 22:05 Uhr  Zusammengesetzte Verkehrsinformation, seit 23.05.2025, 22:05 A7: Hamburg -> Flensburg, zwischen 2.7 km hinter Holmmoor und 5.9 km vor AS Henstedt-Ulzburg  Gefahr durch eine ungesicherte Unfallstelle  Stockender Verkehr Reisezeitverlust: 1 Minuten Durchschnittsgeschwindigkeit: 35 km/h",53.7409232660643,9.94669984589329
"A7","undefined--vi-hind.2025-05-23_21-56-30-000.f_003.de0","53.74400119992577,9.947971603145552,53.8009933225245,9.930510356786112","53.74400119992577,9.947971603145552","WARNING","A7 | Holmmoor - Henstedt-Ulzburg"," Hamburg -> Flensburg",NA,NA,NA,2025-05-23,"Beginn: 23.05.25 um 21:56 Uhr  Hindernis, seit 23.05.2025, 21:56 A7: Hamburg -> Flensburg, zwischen 3.0 km hinter Holmmoor und 0.3 km vor AS Henstedt-Ulzburg  Gefahr durch eine ungesicherte Unfallstelle",53.7440011999258,9.94797160314555
"A7","undefined--vi-zus.2025-05-23_21-56-30-000.f_001.de0","53.76188890275089,9.949194823018185,53.8009933225245,9.930510356786112","53.76188890275089,9.949194823018185","WARNING","A7 | Quickborn - Henstedt-Ulzburg"," Hamburg -> Flensburg",NA,NA,NA,2025-05-23,"Beginn: 23.05.25 um 21:56 Uhr  Zusammengesetzte Verkehrsinformation, seit 23.05.2025, 21:56 A7: Hamburg -> Flensburg, zwischen 2.0 km hinter AS Quickborn und 0.3 km vor AS Henstedt-Ulzburg  Gefahr durch eine ungesicherte Unfallstelle  A7 Hamburg Richtung Flensburg zwischen Quickborn und Henstedt-Ulzburg Gefahr durch ungesicherte Unfallstelle, blockiert",53.7618889027509,9.94919482301819
"A7","undefined--vi-avl.2025-05-23_20-00-30-000.f_003.de0","54.804956120681226,9.328584387866814,54.804956120681226,9.328584387866814","54.804956120681226,9.328584387866814","WARNING","A7 | Ellund - Ellund"," Flensburg -> Hamburg",NA,"STATIONARY_TRAFFIC","7",2025-05-23,"Beginn: 23.05.25 um 22:48 Uhr  Angespannte Verkehrslage, seit 23.05.2025, 22:48 A7: Flensburg -> Hamburg, 0.1 km vor Ellund, aus Richtung Ellund  Im Stillstand Durchschnittsgeschwindigkeit: 7 km/h",54.8049561206812,9.32858438786681
"A7","undefined--vi-avl.2025-05-23_19-55-04-000.f.de0","54.8049820054157,9.328571338481932,54.79935473438442,9.331428547658858","54.8049820054157,9.328571338481932","WARNING","A7 | Ellund - Flensburg/Harrislee"," Flensburg -> Hamburg",1,"STATIONARY_TRAFFIC","21.5",2025-05-23,"Beginn: 23.05.25 um 19:55 Uhr  Angespannte Verkehrslage, seit 23.05.2025, 19:55 A7: Flensburg -> Hamburg, zwischen 0.1 km hinter Ellund und 3.1 km vor AS Flensburg/Harrislee  Im Stillstand Reisezeitverlust: 1 Minuten Durchschnittsgeschwindigkeit: 21 km/h",54.8049820054157,9.32857133848193
"A8","undefined--vi-zus.2025-05-14_09-26-56-000.f.de0","49.32628400979037,7.229641516813452,49.329166750017514,7.1882642393148934","49.32628400979037,7.229641516813452","WARNING","A8 | Neunkirchen-Wellesweiler - Neunkirchen/Spiesen"," Neunkirchen -> Saarlouis",NA,NA,NA,2025-05-14,"Beginn: 14.05.25 um 09:26 Uhr  Zusammengesetzte Verkehrsinformation, seit 14.05.2025, 09:26 A8: Neunkirchen -> Saarlouis, zwischen 0.4 km hinter AS Neunkirchen-Wellesweiler und 2.7 km vor AS Neunkirchen/Spiesen  A8 Saarlouis - Neunkirchen zwischen Neunkirchen-Spiesen und Neunkirchen-Oberstadt in beiden Richtungen Bauarbeiten, bis voraussichtlich 01.06.2025",49.3262840097904,7.22964151681345
"A8","undefined--vi-avl.2025-05-23_22-14-30-000.f_001.de0","48.77654868658697,9.022817502981551,48.77654868658697,9.022817502981551","48.77654868658697,9.022817502981551","WARNING","A8 | Leonberg - Leonberg"," Stuttgart -> Karlsruhe",NA,"SLOW_TRAFFIC","14",2025-05-23,"Beginn: 23.05.25 um 22:48 Uhr  Angespannte Verkehrslage, seit 23.05.2025, 22:48 A8: Stuttgart -> Karlsruhe, 0.8 km vor AD Leonberg, aus Richtung Leonberg-Ost  Langsamer Verkehr Durchschnittsgeschwindigkeit: 14 km/h",48.776548686587,9.02281750298155
"A8","undefined--vi-hind.2025-05-23_20-50-00-000.f_019.de0","48.28005634006855,11.271301787198476,48.28005634006855,11.271301787198476","48.28005634006855,11.271301787198476","WARNING","A8 | Sulzemoos - Fuchsberg"," Stuttgart -> München",NA,NA,NA,2025-05-23,"Beginn: 23.05.25 um 20:50 Uhr  Fahrzeug-Hindernis, seit 23.05.2025, 20:50 A8: Stuttgart -> München, zwischen 0.1 km hinter AS Sulzemoos und 3.3 km vor Fuchsberg Gefahr durch ein defektes Fahrzeug auf der Fahrbahn",48.2800563400685,11.2713017871985
"A8","undefined--vi-avl.2025-05-23_21-27-30-000.f.de0","48.25219193049677,11.31143311138567,48.25219193049677,11.31143311138567","48.25219193049677,11.31143311138567","WARNING","A8 | Fuchsberg - Fuchsberg"," München -> Stuttgart",NA,"STATIONARY_TRAFFIC","20",2025-05-23,"Beginn: 23.05.25 um 22:48 Uhr  Angespannte Verkehrslage, seit 23.05.2025, 22:48 A8: München -> Stuttgart, 1.0 km vor Fuchsberg, aus Richtung Dachau/Fürstenfeldbruck  Im Stillstand Durchschnittsgeschwindigkeit: 20 km/h",48.2521919304968,11.3114331113857
"A8","undefined--vi-zus.2025-05-23_21-09-32-000.f.de0","48.25219722871359,11.3114222297402,48.26603626677083,11.292327581921024","48.25219722871359,11.3114222297402","WARNING","A8 | Dachau/Fürstenfeldbruck - Sulzemoos"," München -> Stuttgart",5,"STATIONARY_TRAFFIC","20.299999237060547",2025-05-23,"Beginn: 23.05.25 um 21:09 Uhr  Zusammengesetzte Verkehrsinformation, seit 23.05.2025, 21:09 A8: München -> Stuttgart, zwischen 3.5 km hinter AS Dachau/Fürstenfeldbruck und 2.3 km vor AS Sulzemoos  Im Stillstand Reisezeitverlust: 5 Minuten Durchschnittsgeschwindigkeit: 20 km/h",48.2521972287136,11.3114222297402
"A8","undefined--vi-zus.2025-05-23_20-39-30-000.f.de0","47.80413423145671,12.281019464099568,47.804090800948394,12.292731900044066","47.80413423145671,12.281019464099568","WARNING","A8 | Frasdorf - Prien"," München -> Salzburg",1,"STATIONARY_TRAFFIC","24",2025-05-23,"Beginn: 23.05.25 um 20:39 Uhr  Zusammengesetzte Verkehrsinformation, seit 23.05.2025, 20:39 A8: München -> Salzburg, zwischen 0.1 km hinter Frasdorf und 0.6 km vor Prien  Im Stillstand Reisezeitverlust: 1 Minuten Durchschnittsgeschwindigkeit: 24 km/h",47.8041342314567,12.2810194640996
"A8","undefined--vi-avl.2025-05-23_22-47-30-000.f_001.de0","47.804134372873435,12.280992774406808,47.804134372873435,12.280992774406808","47.804134372873435,12.280992774406808","WARNING","A8 | Frasdorf - Frasdorf"," München -> Salzburg",NA,"STATIONARY_TRAFFIC","24",2025-05-23,"Beginn: 23.05.25 um 22:48 Uhr  Angespannte Verkehrslage, seit 23.05.2025, 22:48 A8: München -> Salzburg, 0.8 km vor AS Frasdorf, aus Richtung Frasdorf  Im Stillstand Durchschnittsgeschwindigkeit: 24 km/h",47.8041343728734,12.2809927744068
"A9","undefined--vi-hind.2025-05-23_22-17-30-000.f_002.de0","51.490262000933704,12.206483900025901,51.491795023912424,12.205342024579881","51.490262000933704,12.206483900025901","WARNING","A9 | Wiedemar - Kapellenberg"," Halle/Leipzig -> Berlin",NA,NA,NA,2025-05-23,"Beginn: 23.05.25 um 22:17 Uhr  Fahrzeug-Hindernis, seit 23.05.2025, 22:17 A9: Halle/Leipzig -> Berlin, zwischen 2.9 km hinter AS Wiedemar und Kapellenberg Gefahr durch ein defektes Fahrzeug auf der Fahrbahn",51.4902620009337,12.2064839000259
"A12","WarnungA10Lkw3","47.61802931631098,12.202336027754352,47.61802931631098,12.202336027754352","47.61802931631098,12.202336027754352","WARNING","E45/E60 | LKW Blockabfertigung | A12-Inntal Autobahn","Richtung Italien",NA,NA,NA,2025-01-11,"Zeitraum: Beginn: 07.01.2025 Ende: 09.12.2025  Hinweis für LKW-Reisende nach Österreich: LKW-Blockabfertigungen an ausgewählten Tagen für Lkw am Grenzübergang Kufstein/Kiefersfelden. Maximaler Durchlass von 300 LKWs pro Stunde  Die genauen Ausführungszeiten und weitere Informationen auf tirol.gv.at/verkehr/verkehrs-und-seilbahnrecht/lkw-dosierung.",47.618029316311,12.2023360277544
"A12","WarnungA10Lkw2","47.6164490154047,12.202382557672273,47.6164490154047,12.202382557672273","47.6164490154047,12.202382557672273","WARNING","E43/E45/E60 | A13-Brenner Autobahn","Richtung Italien",NA,NA,NA,2025-01-11,"Zeitraum: Beginn: 11.01.2025 Ende: 27.09.2025  Hinweis für LKW-Reisende nach Österreich: LKW-Fahrverbot auf der A12-Inntal Autobahn, A13-Brenner Autobahn und A14-Rheintal/Walgau Autobahn, wenn das Ziel der Fahrt der Anschlussstelle Nößlach bis Anschlussstelle Brenner Nord der Richtungsfahrbahn Staatsgrenze der A 13 Brenner Autobahn erreicht werden soll. An ausgewählten Samstagen 7-15 Uhr sowie weiteren Tagen im Zeitraum 11.01. - 27.09.2025 Weitere Informationen auf http://asfinag.at/a13",47.6164490154047,12.2023825576723
"A13","undefined--vi-hind.2025-05-23_12-51-02-000.f_023.de0","51.89963080093657,13.81291380018386,51.85302630093776,13.90793880020439","51.89963080093657,13.81291380018386","WARNING","A13 | Berstetal - Lübbenau"," Schönefelder Kreuz -> Dresden",NA,NA,NA,2025-05-23,"Beginn: 23.05.25 um 12:51 Uhr  Hindernis, seit 23.05.2025, 12:51 A13: Schönefelder Kreuz -> Dresden, zwischen 1.8 km hinter Berstetal und 0.5 km vor AS Lübbenau  Gefahr durch Gegenstände auf der Fahrbahn",51.8996308009366,13.8129138001839
"A14","undefined--vi-hind.2025-05-23_17-13-21-000.f_011.de0","52.00644964803081,11.65804105114419,52.05217580093004,11.618093300009233","52.00644964803081,11.65804105114419","WARNING","A14 | Schönebeck - Magdeburg-Reform"," Halle -> Magdeburg",NA,NA,NA,2025-05-23,"Beginn: 23.05.25 um 17:13 Uhr  Hindernis, seit 23.05.2025, 17:13 A14: Halle -> Magdeburg, zwischen 0.4 km hinter AS Schönebeck und 0.3 km vor AS Magdeburg-Reform  Gefahr durch Gegenstände auf der Fahrbahn",52.0064496480308,11.6580410511442
"A15","undefined--vi-avl.2025-05-23_22-35-30-000.f.de0","51.707436229347316,14.409662913357797,51.708048454237684,14.437492311535769","51.707436229347316,14.409662913357797","WARNING","A15 | Cottbus-Süd - Roggosen"," Cottbus -> Breslau",0,"SLOW_TRAFFIC","75.19999694824219",2025-05-23,"Beginn: 23.05.25 um 22:35 Uhr  Angespannte Verkehrslage, seit 23.05.2025, 22:35 A15: Cottbus -> Breslau, zwischen 4.4 km hinter AS Cottbus-Süd und 2.0 km vor AS Roggosen  Langsamer Verkehr Reisezeitverlust: 0 Minuten Durchschnittsgeschwindigkeit: 75 km/h",51.7074362293473,14.4096629133578
"A17","undefined--vi-avl.2025-05-23_22-41-30-000.f_001.de0","50.82026170094333,13.887384300240237,50.82026170094333,13.887384300240237","50.82026170094333,13.887384300240237","WARNING","A17 | Am Heidenholz - Am Heidenholz"," Prag -> Dresden",NA,"STATIONARY_TRAFFIC","15",2025-05-23,"Beginn: 23.05.25 um 22:47 Uhr  Angespannte Verkehrslage, seit 23.05.2025, 22:47 A17: Prag -> Dresden, 0.2 km vor Am Heidenholz, aus Richtung Breitenau-Schönwald  Im Stillstand Durchschnittsgeschwindigkeit: 15 km/h",50.8202617009433,13.8873843002402
"A17","undefined--vi-zus.2025-05-23_22-32-00-000.f.de0","50.82026170094333,13.887384300240237,50.82713299600389,13.887562977689061","50.82026170094333,13.887384300240237","WARNING","A17 | Breitenau-Schönwald - Bad Gottleuba"," Prag -> Dresden",1,"STATIONARY_TRAFFIC","27.700000762939453",2025-05-23,"Beginn: 23.05.25 um 22:32 Uhr  Zusammengesetzte Verkehrsinformation, seit 23.05.2025, 22:32 A17: Prag -> Dresden, zwischen 4.5 km hinter Breitenau-Schönwald und 0.5 km vor AS Bad Gottleuba  Im Stillstand Reisezeitverlust: 1 Minuten Durchschnittsgeschwindigkeit: 27 km/h",50.8202617009433,13.8873843002402
"A27","undefined--vi-avl.2025-05-23_22-45-00-000.f_001.de0","53.513158510300755,8.628364917167628,53.4869905091665,8.622513015692313","53.513158510300755,8.628364917167628","WARNING","A27 | Bremerhaven-Geestemünde - Nesse"," Bremerhaven -> Bremen",1,"SLOW_TRAFFIC","49.20000076293945",2025-05-23,"Beginn: 23.05.25 um 22:45 Uhr  Angespannte Verkehrslage, seit 23.05.2025, 22:45 A27: Bremerhaven -> Bremen, zwischen 1.5 km hinter AS Bremerhaven-Geestemünde und 1.1 km vor Nesse  Langsamer Verkehr Reisezeitverlust: 1 Minuten Durchschnittsgeschwindigkeit: 49 km/h",53.5131585103008,8.62836491716763
"A31","undefined--vi-avl.2025-05-23_17-43-30-000.f_010.de0","52.26289613007718,7.176287794394366,52.246752971037886,7.163099312945632","52.26289613007718,7.176287794394366","WARNING","A31 | Gut Friedrichstal - Wester Mark"," Lingen (Ems) -> Gronau",1,"SLOW_TRAFFIC","60.5",2025-05-23,"Beginn: 23.05.25 um 17:49 Uhr  Angespannte Verkehrslage, seit 23.05.2025, 17:49 A31: Lingen (Ems) -> Gronau, zwischen 2.5 km hinter Gut Friedrichstal und 3.0 km vor Wester Mark  Langsamer Verkehr Reisezeitverlust: 1 Minuten Durchschnittsgeschwindigkeit: 60 km/h",52.2628961300772,7.17628779439437
"A37","undefined--vi-zus.2025-05-20_10-04-05-000.f_002.de0","52.442156462690335,9.933442989087833,52.436581812162494,9.913211841333315","52.442156462690335,9.933442989087833","WARNING","A37 | Beinhorn - Hannover-Kirchhorst"," Celle -> Hannover",NA,NA,NA,2025-05-20,"Beginn: 20.05.25 um 10:04 Uhr  Zusammengesetzte Verkehrsinformation, seit 20.05.2025, 10:04 B3: Celle -> Hannover, zwischen 0.4 km hinter AS Beinhorn und 2.1 km vor AK Hannover-Kirchhorst  A37 Messe - Burgdorf
zwischen Kreuz Hannover-Buchholz und Beinhorn
in beiden Richtungen geänderte Verkehrsführung im Baustellenbereich, Bauarbeiten, bis 30.10.2026 ca. 18:00 Uhr",52.4421564626903,9.93344298908783
"A37","undefined--vi-zus.2025-05-20_10-04-05-000.f_003.de0","52.42566547847685,9.880479425875153,52.44102213295518,9.93161290421946","52.42566547847685,9.880479425875153","WARNING","Baustelle"," km 22.62 --> km 26.54",NA,NA,NA,2025-05-20,"Beginn: 20.05.25 um 10:04 Uhr  Zusammengesetzte Verkehrsinformation, seit 20.05.2025, 10:04 A37: km 22.62 --> km 26.54  A37 Messe - Burgdorf
zwischen Kreuz Hannover-Buchholz und Beinhorn
in beiden Richtungen geänderte Verkehrsführung im Baustellenbereich, Bauarbeiten, bis 30.10.2026 ca. 18:00 Uhr",52.4256654784769,9.88047942587515
"A43","undefined--vi-avl.2025-05-23_22-43-00-000.f_002.de0","51.90126716824792,7.386836422973739,51.894822911628395,7.37761891100326","51.90126716824792,7.386836422973739","WARNING","A43 | Nottuln - Karthaus"," Münster -> Recklinghausen",0,"SLOW_TRAFFIC","64.5",2025-05-23,"Beginn: 23.05.25 um 22:43 Uhr  Angespannte Verkehrslage, seit 23.05.2025, 22:43 A43: Münster -> Recklinghausen, zwischen 1.5 km hinter AS Nottuln und 2.6 km vor Karthaus  Langsamer Verkehr Reisezeitverlust: 0 Minuten Durchschnittsgeschwindigkeit: 64 km/h",51.9012671682479,7.38683642297374
"A44","undefined--vi-avl.2025-05-23_18-43-20-000.f_001.de0","51.55218216832481,8.15498023555778,51.54986159340913,8.140322719225859","51.55218216832481,8.15498023555778","WARNING","A44 | Soest-Ost - Soester Börde"," Kassel -> Dortmund",0,"SLOW_TRAFFIC","61.900001525878906",2025-05-23,"Beginn: 23.05.25 um 18:43 Uhr  Angespannte Verkehrslage, seit 23.05.2025, 18:43 A44: Kassel -> Dortmund, zwischen 0.4 km hinter AS Soest-Ost und 0.5 km vor Soester Börde  Langsamer Verkehr Reisezeitverlust: 0 Minuten Durchschnittsgeschwindigkeit: 61 km/h",51.5521821683248,8.15498023555778
"A44","undefined--vi-avl.2025-05-23_18-31-56-000.f_001.de0","51.537177250668876,8.871385552049846,51.54132199396607,8.835710890937476","51.537177250668876,8.871385552049846","WARNING","A44 | Marsberg - Sintfeld"," Kassel -> Dortmund",1,"SLOW_TRAFFIC","59.099998474121094",2025-05-23,"Beginn: 23.05.25 um 18:31 Uhr  Angespannte Verkehrslage, seit 23.05.2025, 18:31 A44: Kassel -> Dortmund, zwischen 6.8 km hinter AS Marsberg und 3.0 km vor Sintfeld  Langsamer Verkehr Reisezeitverlust: 1 Minuten Durchschnittsgeschwindigkeit: 59 km/h",51.5371772506689,8.87138555204985
"A45","undefined--vi-avl.2025-05-23_22-40-00-000.f.de0","50.55009579241461,8.56562971622008,50.559827050510755,8.561300582645039","50.55009579241461,8.56562971622008","WARNING","A45 | Gießen-Lützellinden - Wetzlar-Ost"," Aschaffenburg -> Hagen",0,"SLOW_TRAFFIC","65.0999984741211",2025-05-23,"Beginn: 23.05.25 um 22:40 Uhr  Angespannte Verkehrslage, seit 23.05.2025, 22:40 A45: Aschaffenburg -> Hagen, zwischen 3.4 km hinter AS Gießen-Lützellinden und 1.7 km vor AS Wetzlar-Ost  Langsamer Verkehr Reisezeitverlust: 0 Minuten Durchschnittsgeschwindigkeit: 65 km/h",50.5500957924146,8.56562971622008
"A60","undefined--vi-zus.2025-04-08_08-51-21-000.f_013.de0","49.98125533976677,8.345695317688524,49.97565770865279,8.441396718063045","49.98125533976677,8.345695317688524","WARNING","A60 | Mainspitz-Dreieck - Rüsselsheimer Dreieck"," Mainz -> Rüsselsheim",NA,NA,NA,2025-04-08,"Beginn: 08.04.25 um 08:51 Uhr  Zusammengesetzte Verkehrsinformation, seit 08.04.2025, 08:51 A60: Mainz -> Rüsselsheim, zwischen 0.5 km hinter AD Mainspitz-Dreieck und 2.2 km vor AD Rüsselsheimer Dreieck  Sperrung der A60 bei Königstädten – Grundhafte Fahrbahnerneuerung zwischen dem Rüsselsheimer Dreieck und dem Mainspitz Dreieck. Die Niederlassung West der Autobahn GmbH erneuert zwischen dem Rüsselsheimer Dreieck (30) und dem Mainspitz Dreieck (26) die Fahrbahn. Von Donnerstagmorgen (24. April) bis Mitte Juli wird die Anschlussstelle (AS) Königstädten (29) in Fahrtrichtung (FR) Mainz sowie in FR Rüsselsheimer Dreieck gesperrt. Umleitungsmöglichkeiten sind ausgeschildert: • Ausfahrt FR Mainz: Umleitung via AS Rüsselsheim-Mitte • Einfahrt FR Mainz: innerstädtische Umleitung zur AS Rüsselsheim-Mitte (Adam-Opel-Straße / Kurt-Schumacher-Ring), von Nauheim kommend via L3482 zur AS Bischofsheim • Einfahrt FR Darmstadt: innerstädtische Umleitung zur AS Rüsselsheim-Mitte (Adam-Opel-Straße / Kurt-Schumacher-Ring) Die Autobahn GmbH bittet alle Verkehrsteilnehmer um Verständnis für die unvermeidlichen Verkehrsbehinderungen, die durch die Arbeiten entstehen.",49.9812553397668,8.34569531768852
"A60","undefined--vi-zus.2025-05-03_10-55-00-000.f_003.de0","49.977457399447445,8.454646346787307,49.981587265039146,8.34517285786785","49.977457399447445,8.454646346787307","WARNING","A60 | Rüsselsheimer Dreieck - Mainspitz-Dreieck"," Rüsselsheim -> Mainz",NA,NA,NA,2025-05-03,"Beginn: 03.05.25 um 10:55 Uhr  Zusammengesetzte Verkehrsinformation, seit 03.05.2025, 10:55 A60: Rüsselsheim -> Mainz, zwischen 0.6 km hinter AD Rüsselsheimer Dreieck und 0.5 km vor AD Mainspitz-Dreieck  Sperrung der A60 bei Königstädten – Grundhafte Fahrbahnerneuerung zwischen dem Rüsselsheimer Dreieck und dem Mainspitz Dreieck. Die Niederlassung West der Autobahn GmbH erneuert zwischen dem Rüsselsheimer Dreieck (30) und dem Mainspitz Dreieck (26) die Fahrbahn. Von Donnerstagmorgen (24. April) bis Mitte Juli wird die Anschlussstelle (AS) Königstädten (29) in Fahrtrichtung (FR) Mainz sowie in FR Rüsselsheimer Dreieck gesperrt. Umleitungsmöglichkeiten sind ausgeschildert: • Ausfahrt FR Mainz: Umleitung via AS Rüsselsheim-Mitte • Einfahrt FR Mainz: innerstädtische Umleitung zur AS Rüsselsheim-Mitte (Adam-Opel-Straße / Kurt-Schumacher-Ring), von Nauheim kommend via L3482 zur AS Bischofsheim • Einfahrt FR Darmstadt: innerstädtische Umleitung zur AS Rüsselsheim-Mitte (Adam-Opel-Straße / Kurt-Schumacher-Ring) Die Autobahn GmbH bittet alle Verkehrsteilnehmer um Verständnis für die unvermeidlichen Verkehrsbehinderungen, die durch die Arbeiten entstehen.",49.9774573994474,8.45464634678731
"A81","undefined--vi-hind.2025-05-23_22-38-00-000.f.de0","48.58023942817376,8.899299179884537,48.58125305692988,8.899122110234918","48.58023942817376,8.899299179884537","WARNING","A81 | Geyern - Schönbuchtunnel"," Singen -> Stuttgart",NA,NA,NA,2025-05-23,"Beginn: 23.05.25 um 22:38 Uhr  Hindernis, seit 23.05.2025, 22:38 A81: Singen -> Stuttgart, zwischen 6.3 km hinter Geyern und 2.9 km vor Schönbuchtunnel  Gefahr durch Gegenstände auf der Fahrbahn",48.5802394281738,8.89929917988454
"A92","undefined--vi-zus.2025-05-23_22-41-30-000.f.de0","48.332645781281016,11.676909689475714,48.34404512723296,11.71639972315573","48.332645781281016,11.676909689475714","WARNING","A92 | Eching-Ost - Flughafen München"," München -> Deggendorf",21,"STATIONARY_TRAFFIC","9",2025-05-23,"Beginn: 23.05.25 um 22:41 Uhr  Zusammengesetzte Verkehrsinformation, seit 23.05.2025, 22:41 A92: München -> Deggendorf, zwischen 3.6 km hinter AS Eching-Ost und 1.1 km vor AS Flughafen München  Gefahr durch eine ungesicherte Unfallstelle  Im Stillstand Reisezeitverlust: 21 Minuten Durchschnittsgeschwindigkeit: 9 km/h",48.332645781281,11.6769096894757
"A92","undefined--vi-hind.2025-05-23_20-50-00-000.f_021.de0","48.33963968388711,11.711422981764068,48.34804691139137,11.723366628642038","48.33963968388711,11.711422981764068","WARNING","A92 | Freising-Süd - Flughafen München"," München -> Deggendorf",NA,NA,NA,2025-05-23,"Beginn: 23.05.25 um 20:50 Uhr  Hindernis, seit 23.05.2025, 20:50 A92: München -> Deggendorf, zwischen 1.1 km hinter AS Freising-Süd und 0.5 km vor AS Flughafen München  Gefahr durch eine ungesicherte Unfallstelle",48.3396396838871,11.7114229817641
"A92","undefined--vi-avl.2025-05-23_22-41-30-000.f.de0","48.332643769645465,11.676828829282366,48.332643769645465,11.676828829282366","48.332643769645465,11.676828829282366","WARNING","A92 | Freising-Süd - Freising-Süd"," München -> Deggendorf",NA,"STATIONARY_TRAFFIC","9",2025-05-23,"Beginn: 23.05.25 um 22:48 Uhr  Angespannte Verkehrslage, seit 23.05.2025, 22:48 A92: München -> Deggendorf, 1.7 km vor AS Freising-Süd, aus Richtung Eching-Ost  Im Stillstand Durchschnittsgeschwindigkeit: 9 km/h",48.3326437696455,11.6768288292824
"A94","undefined--vi-hind.2025-05-23_22-40-30-000.f_001.de0","48.24713352608475,12.044430578433927,48.25758130094731,12.158126800033937","48.24713352608475,12.044430578433927","WARNING","A94 | Lengdorf - Dorfen"," München -> Passau",NA,NA,NA,2025-05-23,"Beginn: 23.05.25 um 22:40 Uhr  Fahrzeug-Hindernis, seit 23.05.2025, 22:40 A94: München -> Passau, zwischen 0.2 km hinter AS Lengdorf und 0.2 km vor AS Dorfen Gefahr durch ein defektes Fahrzeug auf der Fahrbahn",48.2471335260848,12.0444305784339
"A96","undefined--vi-zus.2025-05-23_19-28-37-000.f.de0","47.56326459569932,9.73767085839427,47.57875963648094,9.735118964561247","47.56326459569932,9.73767085839427","WARNING","A96 | Lindau - Sigmarszell"," Bregenz -> München",2,"STATIONARY_TRAFFIC","27.700000762939453",2025-05-23,"Beginn: 23.05.25 um 19:28 Uhr  Zusammengesetzte Verkehrsinformation, seit 23.05.2025, 19:28 A96: Bregenz -> München, zwischen 2.3 km hinter AS Lindau und AS Sigmarszell  Im Stillstand Reisezeitverlust: 2 Minuten Durchschnittsgeschwindigkeit: 27 km/h",47.5632645956993,9.73767085839427
"A96","undefined--vi-avl.2025-05-23_19-38-07-000.f_001.de0","47.56320166002896,9.737667261401691,47.56320166002896,9.737667261401691","47.56320166002896,9.737667261401691","WARNING","A96 | Sigmarszell - Sigmarszell"," Lindau -> München",NA,"STATIONARY_TRAFFIC","28",2025-05-23,"Beginn: 23.05.25 um 22:48 Uhr  Angespannte Verkehrslage, seit 23.05.2025, 22:48 A96: Lindau -> München, 1.8 km vor AS Sigmarszell, aus Richtung Lindau  Im Stillstand Durchschnittsgeschwindigkeit: 28 km/h",47.563201660029,9.73766726140169
"A96","undefined--vi-avl.2025-05-23_21-04-30-000.f_002.de0","47.942001027198586,10.10033035407017,47.932503162323194,10.094873706257136","47.942001027198586,10.10033035407017","WARNING","A96 | Buxheimer Wald - Aichstetten"," München -> Lindau",0,"SLOW_TRAFFIC","61.20000076293945",2025-05-23,"Beginn: 23.05.25 um 21:04 Uhr  Angespannte Verkehrslage, seit 23.05.2025, 21:04 A96: München -> Lindau, zwischen 3.4 km hinter Buxheimer Wald und 6.9 km vor AS Aichstetten  Langsamer Verkehr Reisezeitverlust: 0 Minuten Durchschnittsgeschwindigkeit: 61 km/h",47.9420010271986,10.1003303540702
"A100","undefined--vi-avl.2025-05-23_22-27-30-000.f_003.de0","52.462729000930274,13.441283900111795,52.462729000930274,13.441283900111795","52.462729000930274,13.441283900111795","WARNING","A100 | Buschkrugallee - Buschkrugallee"," Wilmersdorf -> Neukölln",NA,"QUEUING_TRAFFIC","25",2025-05-23,"Beginn: 23.05.25 um 22:46 Uhr  Angespannte Verkehrslage, seit 23.05.2025, 22:46 A100: Wilmersdorf -> Neukölln, 0.2 km vor AS Buschkrugallee, aus Richtung Britzer Damm  Stockender Verkehr Durchschnittsgeschwindigkeit: 25 km/h",52.4627290009303,13.4412839001118
"A113","undefined--vi-avl.2025-05-23_20-59-30-000.f_001.de0","52.44934197282068,13.466158565943008,52.44934197282068,13.466158565943008","52.44934197282068,13.466158565943008","WARNING","A113 | Späthstraße - Späthstraße"," Schönefeld -> Neukölln",NA,"STATIONARY_TRAFFIC","5",2025-05-23,"Beginn: 23.05.25 um 22:48 Uhr  Angespannte Verkehrslage, seit 23.05.2025, 22:48 A113: Schönefeld -> Neukölln, 0.6 km vor AS Späthstraße, aus Richtung Johannisthaler Chaussee  Im Stillstand Durchschnittsgeschwindigkeit: 5 km/h",52.4493419728207,13.466158565943
"A113","undefined--vi-hind.2025-05-23_21-17-00-000.f_005.de0","52.46220784372782,13.45527755622371,52.46283719671924,13.454766937468646","52.46220784372782,13.45527755622371","WARNING","A113 | Späthstraße - Neukölln"," Schönefeld -> Neukölln",NA,NA,NA,2025-05-23,"Beginn: 23.05.25 um 21:17 Uhr  Hindernis, seit 23.05.2025, 21:17 A113: Schönefeld -> Neukölln, zwischen 1.0 km hinter AS Späthstraße und 0.2 km vor AD Neukölln",52.4622078437278,13.4552775562237
"A113","undefined--vi-zus.2025-05-23_20-58-00-000.f_001.de0","52.44934197282068,13.466158565943008,52.45209490093047,13.462718900114677","52.44934197282068,13.466158565943008","WARNING","A113 | Johannisthaler Chaussee - Späthstraße"," Schönefeld -> Neukölln",2,"STATIONARY_TRAFFIC","9.800000190734863",2025-05-23,"Beginn: 23.05.25 um 20:58 Uhr  Zusammengesetzte Verkehrsinformation, seit 23.05.2025, 20:58 A113: Schönefeld -> Neukölln, zwischen 1.1 km hinter AS Johannisthaler Chaussee und 0.2 km vor AS Späthstraße  Im Stillstand Reisezeitverlust: 2 Minuten Durchschnittsgeschwindigkeit: 9 km/h",52.4493419728207,13.466158565943
"A113","undefined--vi-zus.2025-05-23_04-57-30-000.f.de0","52.43617318100181,13.493052326243479,52.427730500930934,13.517008500122175","52.43617318100181,13.493052326243479","WARNING","A113 | Johannisthaler Chaussee - Rudower Höhe"," Neukölln -> Schönefeld",NA,NA,NA,2025-05-23,"Beginn: 23.05.25 um 04:57 Uhr  Zusammengesetzte Verkehrsinformation, seit 23.05.2025, 04:57 A113: Neukölln -> Schönefeld, zwischen 1.2 km hinter AS Johannisthaler Chaussee und 1.0 km vor Rudower Höhe  A113 Autobahnzubringer Dresden, Neukölln Richtung Schönefeld
zwischen Stubenrauchstraße und Tunnel Rudower Höhe
linker Fahrstreifen gesperrt, Bauarbeiten, bis voraussichtlich 20.06.2025",52.4361731810018,13.4930523262435
"A113","undefined--vi-hind.2025-05-23_21-17-00-000.f_004.de0","52.44934197282068,13.466158565943008,52.4622000261686,13.455284791132451","52.44934197282068,13.466158565943008","WARNING","A113 | Johannisthaler Chaussee - Neukölln"," Schönefeld -> Neukölln",NA,NA,NA,2025-05-23,"Beginn: 23.05.25 um 21:17 Uhr  Hindernis, seit 23.05.2025, 21:17 A113: Schönefeld -> Neukölln, zwischen 1.1 km hinter AS Johannisthaler Chaussee und 0.2 km vor AD Neukölln",52.4493419728207,13.466158565943
"A115","undefined--vi-zus.2024-10-09_07-09-40-000.f_531.de0","52.40027056808641,13.185163736426698,52.44227384698058,13.202709435405149","52.40027056808641,13.185163736426698","WARNING","A115 | Am Stern - Hüttenweg"," Dreieck Nuthetal -> Dreieck Funkturm",NA,NA,NA,2024-10-09,"Beginn: 09.10.24 um 07:09 Uhr  Zusammengesetzte Verkehrsinformation, seit 09.10.2024, 07:09 A115: Dreieck Nuthetal -> Dreieck Funkturm, zwischen 2.9 km hinter Am Stern und 3.8 km vor AS Hüttenweg  A115 Autobahnzubringer Magdeburg, Dreieck Nuthetal Richtung Dreieck Funkturm, zwischen Anschlussstelle Kleinmachnow und Anschlussstelle Spanische Allee, Baustelle, bis 31.10.2026 17:00 Uhr",52.4002705680864,13.1851637364267
"A115","undefined--vi-zus.2024-10-13_05-33-30-000.f_688.de0","52.44029442937371,13.199911385595513,52.43107524997983,13.191805707063864","52.44029442937371,13.199911385595513","WARNING","A115 | Hüttenweg - Kreuz Zehlendorf"," Dreieck Funkturm -> Dreieck Nuthetal",NA,NA,NA,2024-10-13,"Beginn: 13.10.24 um 05:33 Uhr  Zusammengesetzte Verkehrsinformation, seit 13.10.2024, 05:33 A115: Dreieck Funkturm -> Dreieck Nuthetal, zwischen 4.1 km hinter AS Hüttenweg und 1.3 km vor AS Kreuz Zehlendorf  A115 Dreieck Funkturm Richtung Dreieck Nuthetal
zwischen Spanische Allee und Kleinmachnow
Verkehr wird über die Gegenfahrbahn geleitet, geänderte Verkehrsführung im Baustellenbereich, Bauarbeiten",52.4402944293737,13.1999113855955
"A143","undefined--vi-zus.2025-05-23_18-36-02-000.f_008.de0","51.426090519569115,11.864188829637131,51.44971890093379,11.863302600015","51.426090519569115,11.864188829637131","WARNING","A143 | Halle-Süd - Teutschenthal"," Halle-Süd -> Halle Nord",NA,NA,NA,2025-05-23,"Beginn: 23.05.25 um 18:36 Uhr  Zusammengesetzte Verkehrsinformation, seit 23.05.2025, 18:36 A143: Halle-Süd -> Halle Nord, zwischen 2.5 km hinter AD Halle-Süd und 0.2 km vor AS Teutschenthal  Gefahr durch Gegenstände auf der Fahrbahn  A143 Westumfahrung Halle, Halle-Süd Richtung Halle Nord zwischen Holleben und Teutschenthal Gefahr durch Gegenstände (mehrere Plastikteile) auf allen Fahrstreifen, Gefahr durch defekten PKW auf dem Standstreifen, fahren Sie bitte besonders vorsichtig, Polizei ist benachrichtigt",51.4260905195691,11.8641888296371
"A861","undefined--vi-avl.2025-05-23_22-45-30-000.f.de0","47.54904851086363,7.758213318370684,47.55082232960782,7.7577804651623685","47.54904851086363,7.758213318370684","WARNING","A861 | Rheinfelden - Rheinfelden-Mitte"," Grenzübergang Rheinfelden -> Dreieck Hochrhein",1,"QUEUING_TRAFFIC","8.100000381469727",2025-05-23,"Beginn: 23.05.25 um 22:45 Uhr  Angespannte Verkehrslage, seit 23.05.2025, 22:45 A861: Grenzübergang Rheinfelden -> Dreieck Hochrhein, zwischen 0.1 km hinter Rheinfelden und 2.0 km vor AS Rheinfelden-Mitte  Stockender Verkehr Reisezeitverlust: 1 Minuten Durchschnittsgeschwindigkeit: 8 km/h",47.5490485108636,7.75821331837068
