"road","identifier","extent","point","display_type","title","subtitle","delay_minutes","abnormalTrafficType","averageSpeed","startTimestamp","description","latitude","longitude"
"A1","undefined--vi-avl.2025-05-20_23-44-30-000.f_005.de0","50.00868676247009,6.933328479620935,50.019669152502594,6.939473936758256","50.00868676247009,6.933328479620935","WARNING","A1 | Flussbach - Lüxem"," Trier -> Köln/Koblenz",0,"SLOW_TRAFFIC","51.70000076293945",2025-05-20,"Beginn: 20.05.25 um 23:44 Uhr  Angespannte Verkehrslage, seit 20.05.2025, 23:44 A1: Trier -> Köln/Koblenz, zwischen 1.8 km hinter Flussbach und 2.1 km vor Lüxem  Langsamer Verkehr Reisezeitverlust: 0 Minuten Durchschnittsgeschwindigkeit: 51 km/h",50.0086867624701,6.93332847962094
"A1","undefined--vi-avl.2025-05-20_23-47-00-000.f.de0","51.29151895508034,7.258324529006321,51.30475693925729,7.263368372179263","51.29151895508034,7.258324529006321","WARNING","A1 | Wuppertal-Langerfeld - Wuppertal-Nord"," Köln -> Dortmund",0,"SLOW_TRAFFIC","45.70000076293945",2025-05-20,"Beginn: 20.05.25 um 23:47 Uhr  Angespannte Verkehrslage, seit 20.05.2025, 23:47 A1: Köln -> Dortmund, zwischen 0.9 km hinter AS Wuppertal-Langerfeld und 1.2 km vor AK Wuppertal-Nord  Langsamer Verkehr Reisezeitverlust: 0 Minuten Durchschnittsgeschwindigkeit: 45 km/h",51.2915189550803,7.25832452900632
"A1","undefined--vi-avl.2025-05-20_23-48-30-000.f.de0","51.291577031009275,7.2583631943393305,51.291577031009275,7.2583631943393305","51.291577031009275,7.2583631943393305","WARNING","A1 | Wuppertal-Nord - Wuppertal-Nord"," Köln -> Dortmund",NA,"SLOW_TRAFFIC","24",2025-05-20,"Beginn: 20.05.25 um 23:48 Uhr  Angespannte Verkehrslage, seit 20.05.2025, 23:48 A1: Köln -> Dortmund, 2.7 km vor AK Wuppertal-Nord, aus Richtung Wuppertal-Langerfeld  Langsamer Verkehr Durchschnittsgeschwindigkeit: 24 km/h",51.2915770310093,7.25836319433933
"A1","undefined--vi-avl.2025-05-20_23-40-00-000.f_001.de0","53.02205673403798,8.79188243690608,53.02369105384753,8.818878220653364","53.02205673403798,8.79188243690608","WARNING","A1 | Stuhr - Krummhörens Kuhlen"," Osnabrück -> Bremen",1,"SLOW_TRAFFIC","53.900001525878906",2025-05-20,"Beginn: 20.05.25 um 23:40 Uhr  Angespannte Verkehrslage, seit 20.05.2025, 23:40 A1: Osnabrück -> Bremen, zwischen 6.3 km hinter AD Stuhr und 0.4 km vor Krummhörens Kuhlen  Langsamer Verkehr Reisezeitverlust: 1 Minuten Durchschnittsgeschwindigkeit: 53 km/h",53.022056734038,8.79188243690608
"A1","undefined--vi-hind.2025-05-20_23-32-30-000.f_001.de0","53.0389664834785,8.892938691565158,53.038863755340415,8.890858055983898","53.0389664834785,8.892938691565158","WARNING","A1 | Mahndorfer Marsch - Bremen-Hemelingen"," Bremen -> Osnabrück",NA,NA,NA,2025-05-20,"Beginn: 20.05.25 um 23:32 Uhr  Fahrzeug-Hindernis, seit 20.05.2025, 23:32 A1: Bremen -> Osnabrück, zwischen 3.8 km hinter Mahndorfer Marsch und 0.3 km vor AS Bremen-Hemelingen Gefahr durch ein defektes Fahrzeug auf der Fahrbahn",53.0389664834785,8.89293869156516
"A1","undefined--vi-hind.2025-05-20_22-01-00-000.f_007.de0","53.50929678257153,10.057088901590378,53.50929678257153,10.057088901590378","53.50929678257153,10.057088901590378","WARNING","A1 | Hamburg-Norderelbe - Hamburg-Südost"," Hamburg -> Lübeck",NA,NA,NA,2025-05-20,"Beginn: 20.05.25 um 22:01 Uhr  Fahrzeug-Hindernis, seit 20.05.2025, 22:01 A1: Hamburg -> Lübeck, zwischen 1.2 km hinter AK Hamburg-Norderelbe und 1.2 km vor AD Hamburg-Südost",53.5092967825715,10.0570889015904
"A1","undefined--vi-hind.2025-05-20_22-01-00-000.f_006.de0","53.509302500919404,10.063278300000514,53.5094444127468,10.056993241326454","53.509302500919404,10.063278300000514","WARNING","A1 | Hamburg-Südost - Hamburg-Norderelbe"," Lübeck -> Hamburg",NA,NA,NA,2025-05-20,"Beginn: 20.05.25 um 22:01 Uhr  Fahrzeug-Hindernis, seit 20.05.2025, 22:01 A1: Lübeck -> Hamburg, zwischen 1.2 km hinter AD Hamburg-Südost und 1.4 km vor AK Hamburg-Norderelbe",53.5093025009194,10.0632783000005
"A2","undefined--vi-avl.2025-05-20_23-44-30-000.f_002.de0","52.215972285032656,9.169386193943838,52.215972285032656,9.169386193943838","52.215972285032656,9.169386193943838","WARNING","A2 | Bernser Kirchweg - Bernser Kirchweg"," Hannover -> Dortmund",NA,"STATIONARY_TRAFFIC","23",2025-05-20,"Beginn: 20.05.25 um 23:48 Uhr  Angespannte Verkehrslage, seit 20.05.2025, 23:48 A2: Hannover -> Dortmund, 0.2 km vor Bernser Kirchweg, aus Richtung Auetal Nord  Im Stillstand Durchschnittsgeschwindigkeit: 23 km/h",52.2159722850327,9.16938619394384
"A2","undefined--vi-avl.2025-05-20_22-38-30-000.f_002.de0","52.215985813850935,9.169197191350344,52.220113098038475,9.11687877596637","52.215985813850935,9.169197191350344","WARNING","A2 | Auetal Nord - Bad Eilsen"," Hannover -> Dortmund",7,"STATIONARY_TRAFFIC","22.899999618530273",2025-05-20,"Beginn: 20.05.25 um 22:38 Uhr  Angespannte Verkehrslage, seit 20.05.2025, 22:38 A2: Hannover -> Dortmund, zwischen 4.1 km hinter Auetal Nord und 0.6 km vor AS Bad Eilsen  Im Stillstand Reisezeitverlust: 7 Minuten Durchschnittsgeschwindigkeit: 22 km/h",52.2159858138509,9.16919719135034
"A2","undefined--vi-avl.2025-05-20_22-07-30-000.f_001.de0","52.173943033733636,11.486062983068049,52.16533004163788,11.509688278975313","52.173943033733636,11.486062983068049","WARNING","A2 | Börde - Magdeburg"," Braunschweig -> Magdeburg",0,"SLOW_TRAFFIC","67.30000305175781",2025-05-20,"Beginn: 20.05.25 um 22:07 Uhr  Angespannte Verkehrslage, seit 20.05.2025, 22:07 A2: Braunschweig -> Magdeburg, zwischen 2.6 km hinter Börde und 2.5 km vor AK Magdeburg  Langsamer Verkehr Reisezeitverlust: 0 Minuten Durchschnittsgeschwindigkeit: 67 km/h",52.1739430337336,11.486062983068
"A3","undefined--vi-avl.2025-05-20_23-19-00-000.f_002.de0","48.781192334019906,13.022970154528968,48.78853523646746,13.00993189462108","48.781192334019906,13.022970154528968","WARNING","A3 | Hengersberg - Isarblick"," Passau -> Nürnberg",0,"SLOW_TRAFFIC","66.19999694824219",2025-05-20,"Beginn: 20.05.25 um 23:19 Uhr  Angespannte Verkehrslage, seit 20.05.2025, 23:19 A3: Passau -> Nürnberg, zwischen 1.8 km hinter AS Hengersberg und 2.9 km vor Isarblick  Langsamer Verkehr Reisezeitverlust: 0 Minuten Durchschnittsgeschwindigkeit: 66 km/h",48.7811923340199,13.022970154529
"A3","undefined--vi-avl.2025-05-20_23-42-30-000.f_001.de0","49.747886878833,10.623398949543885,49.75981975135154,10.584587747312506","49.747886878833,10.623398949543885","WARNING","A3 | Schlüsselfeld - Heuchelsheim"," Nürnberg -> Würzburg",2,"SLOW_TRAFFIC","45.20000076293945",2025-05-20,"Beginn: 20.05.25 um 23:42 Uhr  Angespannte Verkehrslage, seit 20.05.2025, 23:42 A3: Nürnberg -> Würzburg, zwischen 0.8 km hinter AS Schlüsselfeld und 0.5 km vor Heuchelsheim  Langsamer Verkehr Reisezeitverlust: 2 Minuten Durchschnittsgeschwindigkeit: 45 km/h",49.747886878833,10.6233989495439
"A3","undefined--vi-zus.2025-05-20_23-48-00-000.f.de0","49.75442723069767,9.920809517201723,49.7541183993257,9.90365253823382","49.75442723069767,9.920809517201723","WARNING","A3 | Würzburg-Heidingsfeld - Würzburg/Kist"," Würzburg -> Frankfurt",0,"SLOW_TRAFFIC","65.9000015258789",2025-05-20,"Beginn: 20.05.25 um 23:48 Uhr  Zusammengesetzte Verkehrsinformation, seit 20.05.2025, 23:48 A3: Würzburg -> Frankfurt, zwischen 0.6 km hinter AS Würzburg-Heidingsfeld und 4.5 km vor AS Würzburg/Kist  Langsamer Verkehr Reisezeitverlust: 0 Minuten Durchschnittsgeschwindigkeit: 65 km/h",49.7544272306977,9.92080951720172
"A4","undefined--vi-zus.2025-05-20_23-44-30-000.f.de0","50.88923659001431,6.930004534525103,50.8944794610657,6.918420191363288","50.88923659001431,6.930004534525103","WARNING","A4 | Köln-Süd - Köln-Klettenberg"," Köln -> Heerlen/Aachen",0,"SLOW_TRAFFIC","58.20000076293945",2025-05-20,"Beginn: 20.05.25 um 23:44 Uhr  Zusammengesetzte Verkehrsinformation, seit 20.05.2025, 23:44 A4: Köln -> Heerlen/Aachen, zwischen 2.8 km hinter AK Köln-Süd und 0.8 km vor AS Köln-Klettenberg  Langsamer Verkehr Reisezeitverlust: 0 Minuten Durchschnittsgeschwindigkeit: 58 km/h",50.8892365900143,6.9300045345251
"A4","undefined--vi-hind.2025-05-20_23-00-00-000.f_001.de0","51.05833980093857,13.379301300131543,51.079473800940285,13.686696400185474","51.05833980093857,13.379301300131543","WARNING","A4 | Nossen - Dresden-Neustadt"," Chemnitz -> Dresden",NA,NA,NA,2025-05-20,"Beginn: 20.05.25 um 23:00 Uhr  Fahrzeug-Hindernis, seit 20.05.2025, 23:00 A4: Chemnitz -> Dresden, zwischen 1.0 km hinter AD Nossen und 0.4 km vor AS Dresden-Neustadt",51.0583398009386,13.3793013001315
"A5","undefined--vi-hind.2025-05-20_23-34-00-000.f_002.de0","49.54460764404034,8.628423341723195,49.54538892641643,8.628246742792648","49.54460764404034,8.628423341723195","WARNING","A5 | Wachenburg - Weinheim"," Heidelberg -> Darmstadt",NA,NA,NA,2025-05-20,"Beginn: 20.05.25 um 23:34 Uhr  Hindernis, seit 20.05.2025, 23:34 A5: Heidelberg -> Darmstadt, zwischen 1.5 km hinter Wachenburg und 0.4 km vor AK Weinheim  Gefahr durch eine ungesicherte Unfallstelle",49.5446076440403,8.6284233417232
"A6","undefined--vi-hind.2025-05-20_20-09-00-000.f_009.de0","49.21152990094426,9.072320200000012,49.18684520480663,9.195242698743506","49.21152990094426,9.072320200000012","WARNING","A6 | Bauernwald - Heilbronn/Untereisesheim"," Mannheim -> Heilbronn",NA,NA,NA,2025-05-20,"Beginn: 20.05.25 um 20:09 Uhr  Fahrzeug-Hindernis, seit 20.05.2025, 20:09 A6: Mannheim -> Heilbronn, zwischen 7.4 km hinter Bauernwald und 0.5 km vor AS Heilbronn/Untereisesheim",49.2115299009443,9.07232020000001
"A6","undefined--vi-avl.2025-05-20_23-38-00-000.f.de0","49.30131264099162,10.753872883505705,49.294052407905774,10.739024184705293","49.30131264099162,10.753872883505705","WARNING","A6 | Lerchenbuck - Lichtenau"," Nürnberg -> Heilbronn",0,"SLOW_TRAFFIC","65.80000305175781",2025-05-20,"Beginn: 20.05.25 um 23:38 Uhr  Angespannte Verkehrslage, seit 20.05.2025, 23:38 A6: Nürnberg -> Heilbronn, zwischen 0.7 km hinter Lerchenbuck und 2.1 km vor AS Lichtenau  Langsamer Verkehr Reisezeitverlust: 0 Minuten Durchschnittsgeschwindigkeit: 65 km/h",49.3013126409916,10.7538728835057
"A6","undefined--vi-avl.2025-05-20_23-42-30-000.f_003.de0","49.451915188106085,12.122684773174292,49.462402957227255,12.134297374500132","49.451915188106085,12.122684773174292","WARNING","A6 | Stocker Holz - Nabburg-West"," Nürnberg -> Pilsen",0,"SLOW_TRAFFIC","72",2025-05-20,"Beginn: 20.05.25 um 23:42 Uhr  Angespannte Verkehrslage, seit 20.05.2025, 23:42 A6: Nürnberg -> Pilsen, zwischen 2.8 km hinter Stocker Holz und 0.7 km vor AS Nabburg-West  Langsamer Verkehr Reisezeitverlust: 0 Minuten Durchschnittsgeschwindigkeit: 72 km/h",49.4519151881061,12.1226847731743
"A7","undefined--vi-zus.2025-05-13_04-57-00-000.f_003.de0","47.595412441892016,10.656244234565428,47.62654678358412,10.642572056942274","47.595412441892016,10.656244234565428","WARNING","A7 | Füssen - Nesselwang"," Füssen/Reutte -> Ulm",NA,NA,NA,2025-05-13,"Beginn: 13.05.25 um 04:57 Uhr  Zusammengesetzte Verkehrsinformation, seit 13.05.2025, 04:57 A7: Füssen/Reutte -> Ulm, zwischen 2.5 km hinter AS Füssen und 9.1 km vor AS Nesselwang  A7 Füssen/Reutte Richtung Ulm zwischen Reinertshoftunnel und Nesselwang Verkehr wird über die Gegenfahrbahn geleitet, Baustelle, von 16.05.2025 05:00 Uhr bis 18.07.2025 15:00 Uhr",47.595412441892,10.6562442345654
"A7","undefined--vi-avl.2025-05-20_23-40-00-000.f.de0","47.628983537234376,10.604870025821832,47.62854032886443,10.586606678743902","47.628983537234376,10.604870025821832","WARNING","A7 | Reinertshofertunnel - Nesselwang"," Füssen/Reutte -> Ulm",0,"SLOW_TRAFFIC","59.400001525878906",2025-05-20,"Beginn: 20.05.25 um 23:40 Uhr  Angespannte Verkehrslage, seit 20.05.2025, 23:40 A7: Füssen/Reutte -> Ulm, zwischen 7.0 km hinter Reinertshofertunnel und 4.8 km vor AS Nesselwang  Langsamer Verkehr Reisezeitverlust: 0 Minuten Durchschnittsgeschwindigkeit: 59 km/h",47.6289835372344,10.6048700258218
"A7","undefined--vi-zus.2025-03-31_00-40-00-000.f_018.de0","53.579141433849884,9.913430072127355,53.55636870091902,9.897540700000414","53.579141433849884,9.913430072127355","WARNING","A7 | Hamburg-Volkspark - Elbtunnel (Nordportal)"," Flensburg -> Hamburg",NA,NA,NA,2025-03-31,"Beginn: 31.03.25 um 00:40 Uhr  Zusammengesetzte Verkehrsinformation, seit 31.03.2025, 00:40 A7: Flensburg -> Hamburg, zwischen 0.4 km hinter AS Hamburg-Volkspark und 0.9 km vor Elbtunnel (Nordportal)  A7 Flensburg Richtung Hamburg Ausfahrt Hamburg-Othmarschen Fahrbahnverengung, maximale Fahrbahnbreite von 4,50 m, Bauarbeiten, bis 29.09.2025",53.5791414338499,9.91343007212735
"A8","undefined--vi-zus.2025-03-26_17-59-56-000.f_013.de0","49.32575278791285,7.172731755291576,49.327350714671546,7.213275819282444","49.32575278791285,7.172731755291576","WARNING","A8 | Neunkirchen/Spiesen - Kohlhof"," Saarlouis -> Neunkirchen",NA,NA,NA,2025-03-26,"Beginn: 26.03.25 um 17:59 Uhr  Zusammengesetzte Verkehrsinformation, seit 26.03.2025, 17:59 A8: Saarlouis -> Neunkirchen, zwischen 1.5 km hinter AS Neunkirchen/Spiesen und 1.0 km vor Kohlhof  A8 Saarlouis - Neunkirchen zwischen Neunkirchen-Spiesen und Neunkirchen-Oberstadt in beiden Richtungen Bauarbeiten, bis voraussichtlich 01.06.2025",49.3257527879128,7.17273175529158
"A8","undefined--vi-zus.2025-05-14_09-26-56-000.f.de0","49.32628400979037,7.229641516813452,49.329166750017514,7.1882642393148934","49.32628400979037,7.229641516813452","WARNING","A8 | Neunkirchen-Wellesweiler - Neunkirchen/Spiesen"," Neunkirchen -> Saarlouis",NA,NA,NA,2025-05-14,"Beginn: 14.05.25 um 09:26 Uhr  Zusammengesetzte Verkehrsinformation, seit 14.05.2025, 09:26 A8: Neunkirchen -> Saarlouis, zwischen 0.4 km hinter AS Neunkirchen-Wellesweiler und 2.7 km vor AS Neunkirchen/Spiesen  A8 Saarlouis - Neunkirchen zwischen Neunkirchen-Spiesen und Neunkirchen-Oberstadt in beiden Richtungen Bauarbeiten, bis voraussichtlich 01.06.2025",49.3262840097904,7.22964151681345
"A8","undefined--vi-zus.2025-05-20_23-46-00-000.f_001.de0","48.410056121088516,10.59532989790059,48.412930100946774,10.443335100000876","48.410056121088516,10.59532989790059","WARNING","A8 | Zusmarshausen - Burgau"," München -> Stuttgart",NA,NA,NA,2025-05-20,"Beginn: 20.05.25 um 23:46 Uhr  Zusammengesetzte Verkehrsinformation, seit 20.05.2025, 23:46 A8: München -> Stuttgart, zwischen 0.3 km hinter AS Zusmarshausen und 0.5 km vor AS Burgau  Gefahr durch Gegenstände auf der Fahrbahn  Gefahr durch ein defektes Fahrzeugs auf der Fahrbahn  A8 München Richtung Stuttgart zwischen Zusmarshausen und Burgau Gefahr durch Gegenstände (ein Reifen) auf dem rechten Fahrstreifen, Gefahr durch liegengebliebenes Fahrzeug, langsam fahren, Standstreifen blockiert",48.4100561210885,10.5953298979006
"A9","undefined--vi-zus.2025-05-20_19-47-05-000.f_003.de0","48.7298153536198,11.473138888862705,48.7298153536198,11.473138888862705","48.7298153536198,11.473138888862705","WARNING","A9 | Neuburg a.d.Donau - Ingolstadt-Süd"," München -> Nürnberg",0,"SLOW_TRAFFIC","67.4000015258789",2025-05-20,"Beginn: 20.05.25 um 19:47 Uhr  Zusammengesetzte Verkehrsinformation, seit 20.05.2025, 19:47 A9: München -> Nürnberg, zwischen 2.1 km hinter AS Neuburg a.d.Donau und 1.2 km vor AS Ingolstadt-Süd  Langsamer Verkehr Reisezeitverlust: 0 Minuten Durchschnittsgeschwindigkeit: 67 km/h",48.7298153536198,11.4731388888627
"A9","undefined--vi-avl.2025-05-20_23-46-30-000.f.de0","50.05490669897846,11.617969554136991,50.03252724593641,11.60701961929864","50.05490669897846,11.617969554136991","WARNING","A9 | Kulmbach/Neudrossenfeld - Bayreuth/Kulmbach"," Bamberg -> Bayreuth",3,"QUEUING_TRAFFIC","33.5",2025-05-20,"Beginn: 20.05.25 um 23:46 Uhr  Angespannte Verkehrslage, seit 20.05.2025, 23:46 A70: Bamberg -> Bayreuth, zwischen 12.8 km hinter AS Kulmbach/Neudrossenfeld und 0.8 km vor AD Bayreuth/Kulmbach  Stockender Verkehr Reisezeitverlust: 3 Minuten Durchschnittsgeschwindigkeit: 33 km/h",50.0549066989785,11.617969554137
"A9","undefined--vi-avl.2025-05-20_23-45-30-000.f.de0","49.97593759590568,11.606667133115652,49.98373685520148,11.607746398076484","49.97593759590568,11.606667133115652","WARNING","A9 | Bayreuth-Nord - Bindlacher Berg"," Nürnberg -> Halle/Leipzig",0,"SLOW_TRAFFIC","54.599998474121094",2025-05-20,"Beginn: 20.05.25 um 23:45 Uhr  Angespannte Verkehrslage, seit 20.05.2025, 23:45 A9: Nürnberg -> Halle/Leipzig, zwischen 1.8 km hinter AS Bayreuth-Nord und 3.6 km vor AS Bindlacher Berg  Langsamer Verkehr Reisezeitverlust: 0 Minuten Durchschnittsgeschwindigkeit: 54 km/h",49.9759375959057,11.6066671331157
"A9","undefined--vi-avl.2025-05-20_23-36-30-000.f_001.de0","50.92486867671974,11.839325444619517,50.940874941771774,11.834972244445611","50.92486867671974,11.839325444619517","WARNING","A9 | Bad Klosterlausnitz - Kuhberg"," Nürnberg -> Halle/Leipzig",0,"SLOW_TRAFFIC","70.0999984741211",2025-05-20,"Beginn: 20.05.25 um 23:36 Uhr  Angespannte Verkehrslage, seit 20.05.2025, 23:36 A9: Nürnberg -> Halle/Leipzig, zwischen 1.5 km hinter AS Bad Klosterlausnitz und 3.1 km vor Kuhberg  Langsamer Verkehr Reisezeitverlust: 0 Minuten Durchschnittsgeschwindigkeit: 70 km/h",50.9248686767197,11.8393254446195
"A9","undefined--vi-hind.2025-05-20_23-01-30-000.f_002.de0","52.15771998104348,12.781203306264832,52.216842148945354,12.901105187508543","52.15771998104348,12.781203306264832","WARNING","A9 | Fläming-West - Beelitz-Heilstätten"," Halle/Leipzig -> Berlin",NA,NA,NA,2025-05-20,"Beginn: 20.05.25 um 23:01 Uhr  Fahrzeug-Hindernis, seit 20.05.2025, 23:01 A9: Halle/Leipzig -> Berlin, zwischen 3.4 km hinter Fläming-West und 6.2 km vor AS Beelitz-Heilstätten Gefahr durch ein defektes Fahrzeug auf der Fahrbahn",52.1577199810435,12.7812033062648
"A12","WarnungA10Lkw3","47.61802931631098,12.202336027754352,47.61802931631098,12.202336027754352","47.61802931631098,12.202336027754352","WARNING","E45/E60 | LKW Blockabfertigung | A12-Inntal Autobahn","Richtung Italien",NA,NA,NA,2025-01-11,"Zeitraum: Beginn: 07.01.2025 Ende: 09.12.2025  Hinweis für LKW-Reisende nach Österreich: LKW-Blockabfertigungen an ausgewählten Tagen für Lkw am Grenzübergang Kufstein/Kiefersfelden. Maximaler Durchlass von 300 LKWs pro Stunde  Die genauen Ausführungszeiten und weitere Informationen auf tirol.gv.at/verkehr/verkehrs-und-seilbahnrecht/lkw-dosierung.",47.618029316311,12.2023360277544
"A12","WarnungA10Lkw2","47.6164490154047,12.202382557672273,47.6164490154047,12.202382557672273","47.6164490154047,12.202382557672273","WARNING","E43/E45/E60 | A13-Brenner Autobahn","Richtung Italien",NA,NA,NA,2025-01-11,"Zeitraum: Beginn: 11.01.2025 Ende: 27.09.2025  Hinweis für LKW-Reisende nach Österreich: LKW-Fahrverbot auf der A12-Inntal Autobahn, A13-Brenner Autobahn und A14-Rheintal/Walgau Autobahn, wenn das Ziel der Fahrt der Anschlussstelle Nößlach bis Anschlussstelle Brenner Nord der Richtungsfahrbahn Staatsgrenze der A 13 Brenner Autobahn erreicht werden soll. An ausgewählten Samstagen 7-15 Uhr sowie weiteren Tagen im Zeitraum 11.01. - 27.09.2025 Weitere Informationen auf http://asfinag.at/a13",47.6164490154047,12.2023825576723
"A14","undefined--vi-zus.2025-05-20_23-00-00-000.f_001.de0","51.259591279434936,12.711450495418003,51.054536500938546,13.362648800129069","51.259591279434936,12.711450495418003","WARNING","A14 | Muldental - Nossen"," Leipzig -> Nossen",NA,NA,NA,2025-05-20,"Beginn: 20.05.25 um 23:00 Uhr  Zusammengesetzte Verkehrsinformation, seit 20.05.2025, 23:00 A14: Leipzig -> Nossen, zwischen 0.6 km hinter Muldental und 0.3 km vor AD Nossen  A14, A4 Leipzig Richtung Dresden
zwischen Raststätte Muldental Süd und Dresden-Neustadt
Schwertransport, Überholen nicht möglich, von 20.05.2025 23:00 Uhr bis 21.05.2025 01:00 Uhr",51.2595912794349,12.711450495418
"A14","undefined--vi-zus.2025-05-20_23-20-30-000.f.de0","51.08144656627377,13.290136963144846,51.057306029745696,13.34280292055077","51.08144656627377,13.290136963144846","WARNING","A14 | Nossen-Nord - Nossen-Ost"," Leipzig -> Nossen",4,"QUEUING_TRAFFIC","45.599998474121094",2025-05-20,"Beginn: 20.05.25 um 23:20 Uhr  Zusammengesetzte Verkehrsinformation, seit 20.05.2025, 23:20 A14: Leipzig -> Nossen, zwischen 1.3 km hinter AS Nossen-Nord und 0.1 km vor AS Nossen-Ost  Stockender Verkehr Reisezeitverlust: 4 Minuten Durchschnittsgeschwindigkeit: 45 km/h  Gefahr durch ein defektes Fahrzeugs auf der Fahrbahn",51.0814465662738,13.2901369631448
"A15","undefined--vi-avl.2025-05-20_23-36-30-000.f.de0","51.71080413521021,14.400207112994863,51.706832197818336,14.426732276349952","51.71080413521021,14.400207112994863","WARNING","A15 | Cottbus-Süd - Roggosen"," Cottbus -> Breslau",0,"SLOW_TRAFFIC","74.69999694824219",2025-05-20,"Beginn: 20.05.25 um 23:36 Uhr  Angespannte Verkehrslage, seit 20.05.2025, 23:36 A15: Cottbus -> Breslau, zwischen 3.6 km hinter AS Cottbus-Süd und 2.7 km vor AS Roggosen  Langsamer Verkehr Reisezeitverlust: 0 Minuten Durchschnittsgeschwindigkeit: 74 km/h",51.7108041352102,14.4002071129949
"A20","undefined--vi-zus.2025-05-20_23-39-00-000.f.de0","53.55115182180559,13.555113605895365,53.5479011852165,13.570137186001343","53.55115182180559,13.555113605895365","WARNING","A20 | Neubrandenburg-Ost - Brohmer Berge"," Rostock -> Stettin",0,"SLOW_TRAFFIC","49.5",2025-05-20,"Beginn: 20.05.25 um 23:39 Uhr  Zusammengesetzte Verkehrsinformation, seit 20.05.2025, 23:39 A20: Rostock -> Stettin, zwischen 9.7 km hinter AS Neubrandenburg-Ost und 2.0 km vor Brohmer Berge  Langsamer Verkehr Reisezeitverlust: 0 Minuten Durchschnittsgeschwindigkeit: 49 km/h",53.5511518218056,13.5551136058954
"A27","undefined--vi-avl.2025-05-20_23-44-00-000.f.de0","52.96636183880243,9.236919329589972,52.94988088759191,9.254724246263326","52.96636183880243,9.236919329589972","WARNING","A27 | Goldbach - Verden-Ost"," Bremen -> Walsrode",0,"SLOW_TRAFFIC","71.4000015258789",2025-05-20,"Beginn: 20.05.25 um 23:44 Uhr  Angespannte Verkehrslage, seit 20.05.2025, 23:44 A27: Bremen -> Walsrode, zwischen 5.2 km hinter Goldbach und 2.6 km vor AS Verden-Ost  Langsamer Verkehr Reisezeitverlust: 0 Minuten Durchschnittsgeschwindigkeit: 71 km/h",52.9663618388024,9.23691932958997
"A28","undefined--vi-avl.2025-05-20_23-45-00-000.f_002.de0","53.25247630411395,7.620413738372986,53.25025817281341,7.633091111726043","53.25247630411395,7.620413738372986","WARNING","A28 | Brinkum - Filsum"," Leer -> Oldenburg",0,"SLOW_TRAFFIC","62.099998474121094",2025-05-20,"Beginn: 20.05.25 um 23:45 Uhr  Angespannte Verkehrslage, seit 20.05.2025, 23:45 A28: Leer -> Oldenburg, zwischen 2.4 km hinter Brinkum und 0.1 km vor AS Filsum  Langsamer Verkehr Reisezeitverlust: 0 Minuten Durchschnittsgeschwindigkeit: 62 km/h",53.2524763041139,7.62041373837299
"A37","undefined--vi-zus.2025-05-20_10-04-05-000.f_002.de0","52.442156462690335,9.933442989087833,52.436581812162494,9.913211841333315","52.442156462690335,9.933442989087833","WARNING","A37 | Beinhorn - Hannover-Kirchhorst"," Celle -> Hannover",NA,NA,NA,2025-05-20,"Beginn: 20.05.25 um 10:04 Uhr  Zusammengesetzte Verkehrsinformation, seit 20.05.2025, 10:04 B3: Celle -> Hannover, zwischen 0.4 km hinter AS Beinhorn und 2.1 km vor AK Hannover-Kirchhorst  A37 Messe - Burgdorf
zwischen Kreuz Hannover-Buchholz und Beinhorn
in beiden Richtungen geänderte Verkehrsführung im Baustellenbereich, Bauarbeiten, bis 30.10.2026 ca. 18:00 Uhr",52.4421564626903,9.93344298908783
"A37","undefined--vi-zus.2025-05-20_10-04-05-000.f_003.de0","52.42566547847685,9.880479425875153,52.44102213295518,9.93161290421946","52.42566547847685,9.880479425875153","WARNING","Baustelle"," km 22.62 --> km 26.54",NA,NA,NA,2025-05-20,"Beginn: 20.05.25 um 10:04 Uhr  Zusammengesetzte Verkehrsinformation, seit 20.05.2025, 10:04 A37: km 22.62 --> km 26.54  A37 Messe - Burgdorf
zwischen Kreuz Hannover-Buchholz und Beinhorn
in beiden Richtungen geänderte Verkehrsführung im Baustellenbereich, Bauarbeiten, bis 30.10.2026 ca. 18:00 Uhr",52.4256654784769,9.88047942587515
"A40","undefined--vi-hind.2025-05-20_23-06-30-000.f_001.de0","51.42909449565812,6.55681089324908,51.42897490093385,6.555154599992875","51.42909449565812,6.55681089324908","WARNING","A40 | Moers - Neukirchen-Vluyn"," Duisburg -> Venlo",NA,NA,NA,2025-05-20,"Beginn: 20.05.25 um 23:06 Uhr  Fahrzeug-Hindernis, seit 20.05.2025, 23:06 A40: Duisburg -> Venlo, zwischen 3.4 km hinter AK Moers und 0.5 km vor AS Neukirchen-Vluyn Gefahr durch ein defektes Fahrzeug auf der Fahrbahn",51.4290944956581,6.55681089324908
"A40","undefined--vi-avl.2025-05-20_21-24-30-000.f_005.de0","51.48682706242366,7.184288336831411,51.49387780093344,7.185442199998014","51.48682706242366,7.184288336831411","WARNING","A40 | Bochum-West - Bochum-Hamme"," Essen -> Dortmund",4,"STATIONARY_TRAFFIC","9.600000381469727",2025-05-20,"Beginn: 20.05.25 um 21:24 Uhr  Angespannte Verkehrslage, seit 20.05.2025, 21:24 A40: Essen -> Dortmund, zwischen 0.6 km hinter AD Bochum-West und 0.4 km vor AS Bochum-Hamme  Im Stillstand Reisezeitverlust: 4 Minuten Durchschnittsgeschwindigkeit: 9 km/h",51.4868270624237,7.18428833683141
"A40","undefined--vi-avl.2025-05-20_21-37-30-000.f_001.de0","51.4864715201961,7.184034083202536,51.4864715201961,7.184034083202536","51.4864715201961,7.184034083202536","WARNING","A40 | Bochum-Hamme - Bochum-Hamme"," Essen -> Dortmund",NA,"STATIONARY_TRAFFIC","5",2025-05-20,"Beginn: 20.05.25 um 23:48 Uhr  Angespannte Verkehrslage, seit 20.05.2025, 23:48 A40: Essen -> Dortmund, 1.2 km vor AS Bochum-Hamme, aus Richtung Bochum-West  Im Stillstand Durchschnittsgeschwindigkeit: 5 km/h",51.4864715201961,7.18403408320254
"A43","undefined--vi-avl.2025-05-20_23-25-00-000.f.de0","51.9116640852979,7.531670273049041,51.914444288862676,7.549056183772506","51.9116640852979,7.531670273049041","WARNING","A43 | Senden - Münster-Süd"," Recklinghausen -> Münster",0,"SLOW_TRAFFIC","64.80000305175781",2025-05-20,"Beginn: 20.05.25 um 23:25 Uhr  Angespannte Verkehrslage, seit 20.05.2025, 23:25 A43: Recklinghausen -> Münster, zwischen 3.0 km hinter AS Senden und 0.8 km vor AK Münster-Süd  Langsamer Verkehr Reisezeitverlust: 0 Minuten Durchschnittsgeschwindigkeit: 64 km/h",51.9116640852979,7.53167027304904
"A44","undefined--vi-avl.2025-05-20_19-34-00-000.f_001.de0","51.53306052436008,7.828962232170708,51.53323805512703,7.854588665975875","51.53306052436008,7.828962232170708","WARNING","A44 | Buchenhain - Am Haarstrang"," Dortmund -> Kassel",0,"SLOW_TRAFFIC","64.5",2025-05-20,"Beginn: 20.05.25 um 19:34 Uhr  Angespannte Verkehrslage, seit 20.05.2025, 19:34 A44: Dortmund -> Kassel, zwischen 2.7 km hinter Buchenhain und 0.4 km vor Am Haarstrang  Langsamer Verkehr Reisezeitverlust: 0 Minuten Durchschnittsgeschwindigkeit: 64 km/h",51.5330605243601,7.82896223217071
"A44","undefined--vi-avl.2025-05-20_23-47-30-000.f.de0","51.55484700093308,8.796147299999937,51.55075335490993,8.81149539321026","51.55484700093308,8.796147299999937","WARNING","A44 | Wünnenberg-Haaren - Lichtenau (Westf.)"," Dortmund -> Kassel",0,"SLOW_TRAFFIC","61.29999923706055",2025-05-20,"Beginn: 20.05.25 um 23:47 Uhr  Angespannte Verkehrslage, seit 20.05.2025, 23:47 A44: Dortmund -> Kassel, zwischen 6.3 km hinter AK Wünnenberg-Haaren und 2.3 km vor AS Lichtenau (Westf.)  Langsamer Verkehr Reisezeitverlust: 0 Minuten Durchschnittsgeschwindigkeit: 61 km/h",51.5548470009331,8.79614729999994
"A45","undefined--vi-avl.2025-05-20_23-35-30-000.f_001.de0","50.52545383336727,8.629102318525934,50.521637660688285,8.648674944113207","50.52545383336727,8.629102318525934","WARNING","A45 | Pfaffenpfad - Hardtwald"," Gießen -> Aschaffenburg",0,"SLOW_TRAFFIC","73.19999694824219",2025-05-20,"Beginn: 20.05.25 um 23:35 Uhr  Angespannte Verkehrslage, seit 20.05.2025, 23:35 A45: Gießen -> Aschaffenburg, zwischen 0.8 km hinter Pfaffenpfad und 2.7 km vor Hardtwald  Langsamer Verkehr Reisezeitverlust: 0 Minuten Durchschnittsgeschwindigkeit: 73 km/h",50.5254538333673,8.62910231852593
"A45","undefined--vi-avl.2025-05-20_23-46-00-000.f.de0","50.55978775523592,8.561358633362191,50.56527776564348,8.550063573377171","50.55978775523592,8.561358633362191","WARNING","A45 | Wetzlar-Süd - Wetzlar-Ost"," Gießen -> Hagen",0,"SLOW_TRAFFIC","68.69999694824219",2025-05-20,"Beginn: 20.05.25 um 23:46 Uhr  Angespannte Verkehrslage, seit 20.05.2025, 23:46 A45: Gießen -> Hagen, zwischen 0.4 km hinter AS Wetzlar-Süd und 0.7 km vor AS Wetzlar-Ost  Langsamer Verkehr Reisezeitverlust: 0 Minuten Durchschnittsgeschwindigkeit: 68 km/h",50.5597877552359,8.56135863336219
"A60","undefined--vi-zus.2025-04-08_08-51-21-000.f_013.de0","49.98125533976677,8.345695317688524,49.97565770865279,8.441396718063045","49.98125533976677,8.345695317688524","WARNING","A60 | Mainspitz-Dreieck - Rüsselsheimer Dreieck"," Mainz -> Rüsselsheim",NA,NA,NA,2025-04-08,"Beginn: 08.04.25 um 08:51 Uhr  Zusammengesetzte Verkehrsinformation, seit 08.04.2025, 08:51 A60: Mainz -> Rüsselsheim, zwischen 0.5 km hinter AD Mainspitz-Dreieck und 2.2 km vor AD Rüsselsheimer Dreieck  Sperrung der A60 bei Königstädten – Grundhafte Fahrbahnerneuerung zwischen dem Rüsselsheimer Dreieck und dem Mainspitz Dreieck. Die Niederlassung West der Autobahn GmbH erneuert zwischen dem Rüsselsheimer Dreieck (30) und dem Mainspitz Dreieck (26) die Fahrbahn. Von Donnerstagmorgen (24. April) bis Mitte Juli wird die Anschlussstelle (AS) Königstädten (29) in Fahrtrichtung (FR) Mainz sowie in FR Rüsselsheimer Dreieck gesperrt. Umleitungsmöglichkeiten sind ausgeschildert: • Ausfahrt FR Mainz: Umleitung via AS Rüsselsheim-Mitte • Einfahrt FR Mainz: innerstädtische Umleitung zur AS Rüsselsheim-Mitte (Adam-Opel-Straße / Kurt-Schumacher-Ring), von Nauheim kommend via L3482 zur AS Bischofsheim • Einfahrt FR Darmstadt: innerstädtische Umleitung zur AS Rüsselsheim-Mitte (Adam-Opel-Straße / Kurt-Schumacher-Ring) Die Autobahn GmbH bittet alle Verkehrsteilnehmer um Verständnis für die unvermeidlichen Verkehrsbehinderungen, die durch die Arbeiten entstehen.",49.9812553397668,8.34569531768852
"A60","undefined--vi-zus.2025-05-03_10-55-00-000.f_003.de0","49.977457399447445,8.454646346787307,49.981587265039146,8.34517285786785","49.977457399447445,8.454646346787307","WARNING","A60 | Rüsselsheimer Dreieck - Mainspitz-Dreieck"," Rüsselsheim -> Mainz",NA,NA,NA,2025-05-03,"Beginn: 03.05.25 um 10:55 Uhr  Zusammengesetzte Verkehrsinformation, seit 03.05.2025, 10:55 A60: Rüsselsheim -> Mainz, zwischen 0.6 km hinter AD Rüsselsheimer Dreieck und 0.5 km vor AD Mainspitz-Dreieck  Sperrung der A60 bei Königstädten – Grundhafte Fahrbahnerneuerung zwischen dem Rüsselsheimer Dreieck und dem Mainspitz Dreieck. Die Niederlassung West der Autobahn GmbH erneuert zwischen dem Rüsselsheimer Dreieck (30) und dem Mainspitz Dreieck (26) die Fahrbahn. Von Donnerstagmorgen (24. April) bis Mitte Juli wird die Anschlussstelle (AS) Königstädten (29) in Fahrtrichtung (FR) Mainz sowie in FR Rüsselsheimer Dreieck gesperrt. Umleitungsmöglichkeiten sind ausgeschildert: • Ausfahrt FR Mainz: Umleitung via AS Rüsselsheim-Mitte • Einfahrt FR Mainz: innerstädtische Umleitung zur AS Rüsselsheim-Mitte (Adam-Opel-Straße / Kurt-Schumacher-Ring), von Nauheim kommend via L3482 zur AS Bischofsheim • Einfahrt FR Darmstadt: innerstädtische Umleitung zur AS Rüsselsheim-Mitte (Adam-Opel-Straße / Kurt-Schumacher-Ring) Die Autobahn GmbH bittet alle Verkehrsteilnehmer um Verständnis für die unvermeidlichen Verkehrsbehinderungen, die durch die Arbeiten entstehen.",49.9774573994474,8.45464634678731
"A61","undefined--vi-hind.2025-05-20_23-30-30-000.f_001.de0","49.35346391764781,8.428449948853698,49.33125620094383,8.502991399999882","49.35346391764781,8.428449948853698","WARNING","A61 | Speyer - Hockenheim"," Ludwigshafen -> Hockenheim",NA,NA,NA,2025-05-20,"Beginn: 20.05.25 um 23:30 Uhr  Hindernis, seit 20.05.2025, 23:30 A61: Ludwigshafen -> Hockenheim, zwischen 0.5 km hinter AS Speyer und 4.2 km vor AD Hockenheim  Gefahr durch Gegenstände auf der Fahrbahn",49.3534639176478,8.4284499488537
"A61","undefined--vi-avl.2025-05-20_23-39-00-000.f.de0","49.36145406612542,8.363050401821017,49.35429379925372,8.39314576668095","49.36145406612542,8.363050401821017","WARNING","A61 | Schifferstadt - Speyer"," Ludwigshafen -> Speyer",2,"QUEUING_TRAFFIC","39.79999923706055",2025-05-20,"Beginn: 20.05.25 um 23:39 Uhr  Angespannte Verkehrslage, seit 20.05.2025, 23:39 A61: Ludwigshafen -> Speyer, zwischen 3.8 km hinter AS Schifferstadt und 2.1 km vor AS Speyer  Stockender Verkehr Reisezeitverlust: 2 Minuten Durchschnittsgeschwindigkeit: 39 km/h",49.3614540661254,8.36305040182102
"A61","undefined--vi-hind.2025-05-20_23-43-30-000.f_001.de0","50.589445951911166,7.039597279762606,50.551348893975685,7.155389520005395","50.589445951911166,7.039597279762606","WARNING","A61 | Meckenheim - Sinzig"," Mönchengladbach -> Koblenz",NA,NA,NA,2025-05-20,"Beginn: 20.05.25 um 23:43 Uhr  Hindernis, seit 20.05.2025, 23:43 A61: Mönchengladbach -> Koblenz, zwischen 0.8 km hinter AK Meckenheim und 3.4 km vor AD Sinzig  Gefahr durch Gegenstände auf der Fahrbahn",50.5894459519112,7.03959727976261
"A70","undefined--vi-avl.2025-05-20_23-45-00-000.f_001.de0","50.02853648950937,11.588018950276387,50.02513330094107,11.599927100010804","50.02853648950937,11.588018950276387","WARNING","A70 | Kulmbach/Neudrossenfeld - Bayreuth/Kulmbach"," Bamberg -> Bayreuth",0,"SLOW_TRAFFIC","57.20000076293945",2025-05-20,"Beginn: 20.05.25 um 23:45 Uhr  Angespannte Verkehrslage, seit 20.05.2025, 23:45 A70: Bamberg -> Bayreuth, zwischen 7.3 km hinter AS Kulmbach/Neudrossenfeld und 8.0 km vor AD Bayreuth/Kulmbach  Langsamer Verkehr Reisezeitverlust: 0 Minuten Durchschnittsgeschwindigkeit: 57 km/h",50.0285364895094,11.5880189502764
"A71","undefined--vi-zus.2025-05-20_23-39-30-000.f.de0","51.34362717268214,11.260357185753065,51.32762360015033,11.248729022746554","51.34362717268214,11.260357185753065","WARNING","A71 | Artern - Heldrungen"," Sangerhausen -> Erfurt",0,"SLOW_TRAFFIC","67",2025-05-20,"Beginn: 20.05.25 um 23:39 Uhr  Zusammengesetzte Verkehrsinformation, seit 20.05.2025, 23:39 A71: Sangerhausen -> Erfurt, zwischen 4.4 km hinter AS Artern und 2.4 km vor AS Heldrungen  Langsamer Verkehr Reisezeitverlust: 0 Minuten Durchschnittsgeschwindigkeit: 67 km/h",51.3436271726821,11.2603571857531
"A96","undefined--vi-zus.2025-05-05_23-21-00-000.f.de0","48.029334951696036,10.464231760023,48.032507613258616,10.445182045778411","48.029334951696036,10.464231760023","WARNING","A96 | Mindelheim - Stetten"," München -> Lindau",NA,NA,NA,2025-05-05,"Beginn: 05.05.25 um 23:21 Uhr  Zusammengesetzte Verkehrsinformation, seit 05.05.2025, 23:21 A96: München -> Lindau, zwischen 3.6 km hinter AS Mindelheim und 0.3 km vor AS Stetten  A96, Lindau - München, in beiden Richtungen, zwischen Anschlussstelle Stetten und Anschlussstelle Mindelheim, Brückenarbeiten, von 05.05.2025 bis 30.10.2025",48.029334951696,10.464231760023
"A96","undefined--vi-avl.2025-05-20_23-30-30-000.f.de0","48.04063692816085,10.630919979352313,48.04095488707309,10.608412611887456","48.04063692816085,10.630919979352313","WARNING","A96 | Wertachtal - Mindelheim"," München -> Lindau",0,"SLOW_TRAFFIC","70.30000305175781",2025-05-20,"Beginn: 20.05.25 um 23:30 Uhr  Angespannte Verkehrslage, seit 20.05.2025, 23:30 A96: München -> Lindau, zwischen 2.0 km hinter Wertachtal und 7.6 km vor AS Mindelheim  Langsamer Verkehr Reisezeitverlust: 0 Minuten Durchschnittsgeschwindigkeit: 70 km/h",48.0406369281609,10.6309199793523
"A113","undefined--vi-zus.2025-05-06_00-21-00-000.f_003.de0","52.43025717661688,13.505075428607936,52.42875800093087,13.509218300121121","52.43025717661688,13.505075428607936","WARNING","A113 | Stubenrauchstraße - Adlershof"," Neukölln -> Schönefeld",NA,NA,NA,2025-05-06,"Beginn: 06.05.25 um 00:21 Uhr  Zusammengesetzte Verkehrsinformation, seit 06.05.2025, 00:21 A113: Neukölln -> Schönefeld, zwischen 0.6 km hinter AS Stubenrauchstraße und 0.3 km vor AS Adlershof  A113 Autobahnzubringer Dresden, Neukölln Richtung Schönefeld
zwischen Stubenrauchstraße und Tunnel Rudower Höhe
linker Fahrstreifen gesperrt, Bauarbeiten, bis voraussichtlich 20.06.2025",52.4302571766169,13.5050754286079
"A115","undefined--vi-zus.2024-10-09_07-09-40-000.f_531.de0","52.40027056808641,13.185163736426698,52.44227384698058,13.202709435405149","52.40027056808641,13.185163736426698","WARNING","A115 | Am Stern - Hüttenweg"," Dreieck Nuthetal -> Dreieck Funkturm",NA,NA,NA,2024-10-09,"Beginn: 09.10.24 um 07:09 Uhr  Zusammengesetzte Verkehrsinformation, seit 09.10.2024, 07:09 A115: Dreieck Nuthetal -> Dreieck Funkturm, zwischen 2.9 km hinter Am Stern und 3.8 km vor AS Hüttenweg  A115 Autobahnzubringer Magdeburg, Dreieck Nuthetal Richtung Dreieck Funkturm, zwischen Anschlussstelle Kleinmachnow und Anschlussstelle Spanische Allee, Baustelle, bis 31.10.2026 17:00 Uhr",52.4002705680864,13.1851637364267
"A485","undefined--vi-zus.2025-05-20_23-48-30-000.f.de0","50.52756403908174,8.639991999199628,50.51990880093873,8.641965899999901","50.52756403908174,8.639991999199628","WARNING","A485 | Linden - Langgöns"," Gießener Nordkreuz -> Langgöns",0,"SLOW_TRAFFIC","53.20000076293945",2025-05-20,"Beginn: 20.05.25 um 23:48 Uhr  Zusammengesetzte Verkehrsinformation, seit 20.05.2025, 23:48 A485: Gießener Nordkreuz -> Langgöns, zwischen 1.3 km hinter AS Linden und 3.2 km vor AS Langgöns  Langsamer Verkehr Reisezeitverlust: 0 Minuten Durchschnittsgeschwindigkeit: 53 km/h",50.5275640390817,8.63999199919963
"A555","undefined--vi-hind.2025-05-20_23-32-30-000.f.de0","50.8637885895826,6.969248633775511,50.86222491879293,6.969103366561667","50.8637885895826,6.969248633775511","WARNING","A555 | Köln-Rodenkirchen - Köln-Godorf"," Köln -> Bonn",NA,NA,NA,2025-05-20,"Beginn: 20.05.25 um 23:32 Uhr  Fahrzeug-Hindernis, seit 20.05.2025, 23:32 A555: Köln -> Bonn, zwischen AS Köln-Rodenkirchen und 1.6 km vor AS Köln-Godorf Gefahr durch ein defektes Fahrzeug auf der Fahrbahn",50.8637885895826,6.96924863377551
"A995","undefined--vi-hind.2025-05-20_23-48-00-000.f.de0","48.03486543443058,11.607540000286733,48.035480561015895,11.606384947316302","48.03486543443058,11.607540000286733","WARNING","A995 | Oberhaching - Taufkirchen-West"," Kreuz München-Süd -> München",NA,NA,NA,2025-05-20,"Beginn: 20.05.25 um 23:48 Uhr  Fahrzeug-Hindernis, seit 20.05.2025, 23:48 A995: Kreuz München-Süd -> München, zwischen 0.1 km hinter AS Oberhaching und 2.3 km vor AS Taufkirchen-West Gefahr durch ein defektes Fahrzeug auf der Fahrbahn",48.0348654344306,11.6075400002867
