"road","identifier","extent","point","display_type","title","subtitle","delay_minutes","abnormalTrafficType","averageSpeed","startTimestamp","description","latitude","longitude"
"A1","undefined--vi-hind.2025-05-24_15-17-21-000.f_001.de0","50.75987208087335,6.817796621082243,50.760965902626495,6.818522262894252","50.75987208087335,6.817796621082243","WARNING","A1 | Weilerswist-West - Bliesheim"," Euskirchen -> Köln",NA,NA,NA,2025-05-24,"Beginn: 24.05.25 um 15:17 Uhr  Fahrzeug-Hindernis, seit 24.05.2025, 15:17 A1: Euskirchen -> Köln, zwischen 0.9 km hinter AS Weilerswist-West und 1.2 km vor AK Bliesheim Gefahr durch ein defektes Fahrzeug auf der Fahrbahn",50.7598720808734,6.81779662108224
"A1","undefined--vi-avl.2025-05-24_08-41-30-000.f.de0","50.82720729130976,6.78661656387671,50.85269977087939,6.804601196334652","50.82720729130976,6.78661656387671","WARNING","A1 | Erfttal - Ville"," Euskirchen -> Köln",6,"STATIONARY_TRAFFIC","22.899999618530273",2025-05-24,"Beginn: 24.05.25 um 08:41 Uhr  Angespannte Verkehrslage, seit 24.05.2025, 08:41 A1: Euskirchen -> Köln, zwischen 1.2 km hinter AD Erfttal und 0.6 km vor Ville  Im Stillstand Reisezeitverlust: 6 Minuten Durchschnittsgeschwindigkeit: 22 km/h",50.8272072913098,6.78661656387671
"A1","undefined--vi-avl.2025-05-24_08-48-30-000.f_001.de0","50.82724111096881,6.786635860922679,50.82724111096881,6.786635860922679","50.82724111096881,6.786635860922679","WARNING","A1 | Hürth - Hürth"," Euskirchen -> Köln",NA,"STATIONARY_TRAFFIC","23",2025-05-24,"Beginn: 24.05.25 um 16:02 Uhr  Angespannte Verkehrslage, seit 24.05.2025, 16:02 A1: Euskirchen -> Köln, 2.6 km vor AS Hürth, aus Richtung Erfttal  Im Stillstand Durchschnittsgeschwindigkeit: 23 km/h",50.8272411109688,6.78663586092268
"A1","undefined--vi-hind.2025-05-24_15-22-15-000.f_004.de0","50.92819658110358,6.8469417423064405,50.97570727756167,6.850477228209054","50.92819658110358,6.8469417423064405","WARNING","A1 | Köln-West - Köln-Bocklemünd"," Euskirchen -> Köln",NA,NA,NA,2025-05-24,"Beginn: 24.05.25 um 15:22 Uhr  Hindernis, seit 24.05.2025, 15:22 A1: Euskirchen -> Köln, zwischen 0.3 km hinter AK Köln-West und 0.3 km vor AS Köln-Bocklemünd  Gefahr durch eine ungesicherte Unfallstelle",50.9281965811036,6.84694174230644
"A1","undefined--vi-avl.2025-05-24_15-12-11-000.f_014.de0","50.98833244713837,6.863376465422218,50.99471841744613,6.883692149846455","50.98833244713837,6.863376465422218","WARNING","A1 | Köln-Bocklemünd - Köln-Nord"," Euskirchen -> Köln",0,"SLOW_TRAFFIC","64.9000015258789",2025-05-24,"Beginn: 24.05.25 um 15:12 Uhr  Angespannte Verkehrslage, seit 24.05.2025, 15:12 A1: Euskirchen -> Köln, zwischen 1.5 km hinter AS Köln-Bocklemünd und 0.6 km vor AK Köln-Nord  Langsamer Verkehr Reisezeitverlust: 0 Minuten Durchschnittsgeschwindigkeit: 64 km/h",50.9883324471384,6.86337646542222
"A1","undefined--vi-avl.2025-05-24_15-06-40-000.f_002.de0","51.01255819487093,6.918174326303731,51.026815752783946,6.947647378857242","51.01255819487093,6.918174326303731","WARNING","A1 | Köln-Nord - Leverkusener Brücke"," Euskirchen -> Dortmund",2,"SLOW_TRAFFIC","42.79999923706055",2025-05-24,"Beginn: 24.05.25 um 15:06 Uhr  Angespannte Verkehrslage, seit 24.05.2025, 15:06 A1: Euskirchen -> Dortmund, zwischen 2.6 km hinter AK Köln-Nord und 1.2 km vor Leverkusener Brücke  Langsamer Verkehr Reisezeitverlust: 2 Minuten Durchschnittsgeschwindigkeit: 42 km/h",51.0125581948709,6.91817432630373
"A1","undefined--vi-avl.2025-05-24_10-26-00-000.f.de0","51.03292741622941,6.958893390105067,51.037448604104135,6.987337735362134","51.03292741622941,6.958893390105067","WARNING","A1 | Köln-Niehl - Leverkusen"," Köln -> Dortmund",4,"QUEUING_TRAFFIC","23",2025-05-24,"Beginn: 24.05.25 um 10:26 Uhr  Angespannte Verkehrslage, seit 24.05.2025, 10:26 A1: Köln -> Dortmund, zwischen 1.5 km hinter AS Köln-Niehl und 1.5 km vor AK Leverkusen  Stockender Verkehr Reisezeitverlust: 4 Minuten Durchschnittsgeschwindigkeit: 23 km/h",51.0329274162294,6.95889339010507
"A1","undefined--vi-avl.2025-05-24_15-54-13-000.f.de0","51.012584204700204,6.918213691010542,51.012584204700204,6.918213691010542","51.012584204700204,6.918213691010542","WARNING","A1 | Köln-Niehl - Köln-Niehl"," Köln -> Dortmund",NA,"SLOW_TRAFFIC","27",2025-05-24,"Beginn: 24.05.25 um 16:02 Uhr  Angespannte Verkehrslage, seit 24.05.2025, 16:02 A1: Köln -> Dortmund, 2.2 km vor AS Köln-Niehl, aus Richtung Köln-Nord  Langsamer Verkehr Durchschnittsgeschwindigkeit: 27 km/h",51.0125842047002,6.91821369101054
"A1","undefined--vi-avl.2025-05-24_15-29-27-000.f_001.de0","51.0328918976116,6.958829007493636,51.0328918976116,6.958829007493636","51.0328918976116,6.958829007493636","WARNING","A1 | Leverkusener Brücke - Leverkusener Brücke"," Köln -> Dortmund",NA,"QUEUING_TRAFFIC","23",2025-05-24,"Beginn: 24.05.25 um 16:02 Uhr  Angespannte Verkehrslage, seit 24.05.2025, 16:02 A1: Köln -> Dortmund, 0.2 km vor Leverkusener Brücke, aus Richtung Köln-Niehl  Stockender Verkehr Durchschnittsgeschwindigkeit: 23 km/h",51.0328918976116,6.95882900749364
"A1","undefined--vi-hind.2025-05-24_15-44-16-000.f_001.de0","52.338623587598164,8.014193087429485,52.30290740092831,7.943971299999532","52.338623587598164,8.014193087429485","WARNING","A1 | Osnabrück-Nord - Lotte/Osnabrück"," Bremen -> Münster",NA,NA,NA,2025-05-24,"Beginn: 24.05.25 um 15:44 Uhr  Hindernis, seit 24.05.2025, 15:44 A1: Bremen -> Münster, zwischen 0.5 km hinter AS Osnabrück-Nord und 4.1 km vor AK Lotte/Osnabrück  Gefahr durch Gegenstände auf der Fahrbahn",52.3386235875982,8.01419308742948
"A1","undefined--vi-avl.2025-05-24_09-12-30-000.f_006.de0","53.02807677263298,8.935350053330462,53.02807677263298,8.935350053330462","53.02807677263298,8.935350053330462","WARNING","A1 | Bremen-Hemelingen - Bremen-Hemelingen"," Bremen -> Osnabrück",NA,"STATIONARY_TRAFFIC","17",2025-05-24,"Beginn: 24.05.25 um 16:02 Uhr  Angespannte Verkehrslage, seit 24.05.2025, 16:02 A1: Bremen -> Osnabrück, 3.6 km vor AS Bremen-Hemelingen, aus Richtung Mahndorfer Marsch  Im Stillstand Durchschnittsgeschwindigkeit: 17 km/h",53.028076772633,8.93535005333046
"A1","undefined--vi-avl.2025-05-24_08-54-30-000.f_004.de0","53.02807677263298,8.935350053330462,53.031460453437994,8.864211532227444","53.02807677263298,8.935350053330462","WARNING","A1 | Mahndorfer Marsch - Bremen-Arsten"," Bremen -> Osnabrück",15,"STATIONARY_TRAFFIC","17.299999237060547",2025-05-24,"Beginn: 24.05.25 um 08:54 Uhr  Angespannte Verkehrslage, seit 24.05.2025, 08:54 A1: Bremen -> Osnabrück, zwischen 0.6 km hinter Mahndorfer Marsch und 0.4 km vor AS Bremen-Arsten  Im Stillstand Reisezeitverlust: 15 Minuten Durchschnittsgeschwindigkeit: 17 km/h",53.028076772633,8.93535005333046
"A1","undefined--vi-hind.2025-05-24_14-55-12-000.f_004.de0","54.12748067733567,10.825789790791921,54.09693015001317,10.777714708257886","54.12748067733567,10.825789790791921","WARNING","A1 | Neustadt i.H.-Pelzerhaken - Neustadt i.H.-Mitte"," Fehmarn -> Lübeck",NA,NA,NA,2025-05-24,"Beginn: 24.05.25 um 14:55 Uhr  Fahrzeug-Hindernis, seit 24.05.2025, 14:55 A1: Fehmarn -> Lübeck, zwischen AS Neustadt i.H.-Pelzerhaken und 0.3 km vor AS Neustadt i.H.-Mitte Gefahr durch ein defektes Fahrzeug auf der Fahrbahn",54.1274806773357,10.8257897907919
"A2","undefined--vi-avl.2025-05-24_10-23-55-000.f_006.de0","51.5386298801034,6.843310174342619,51.53887574555629,6.864115930365085","51.5386298801034,6.843310174342619","WARNING","A2 | Oberhausen - Oberhausen-Königshardt"," Oberhausen -> Dortmund",1,"QUEUING_TRAFFIC","32.5",2025-05-24,"Beginn: 24.05.25 um 10:23 Uhr  Angespannte Verkehrslage, seit 24.05.2025, 10:23 A2: Oberhausen -> Dortmund, zwischen 0.6 km hinter AK Oberhausen und 0.4 km vor AS Oberhausen-Königshardt  Stockender Verkehr Reisezeitverlust: 1 Minuten Durchschnittsgeschwindigkeit: 32 km/h",51.5386298801034,6.84331017434262
"A2","undefined--vi-avl.2025-05-24_10-23-55-000.f_003.de0","51.5386298801034,6.843310174342619,51.5386298801034,6.843310174342619","51.5386298801034,6.843310174342619","WARNING","A2 | Oberhausen-Königshardt - Oberhausen-Königshardt"," Oberhausen -> Dortmund",NA,"QUEUING_TRAFFIC","13",2025-05-24,"Beginn: 24.05.25 um 16:02 Uhr  Angespannte Verkehrslage, seit 24.05.2025, 16:02 A2: Oberhausen -> Dortmund, 1.8 km vor AS Oberhausen-Königshardt, aus Richtung Oberhausen  Stockender Verkehr Durchschnittsgeschwindigkeit: 13 km/h",51.5386298801034,6.84331017434262
"A2","undefined--vi-avl.2025-05-24_15-58-25-000.f_007.de0","51.55415870250909,6.9229539059182965,51.55415870250909,6.9229539059182965","51.55415870250909,6.9229539059182965","WARNING","A2 | Bottrop - Bottrop"," Dortmund -> Oberhausen",NA,"QUEUING_TRAFFIC","17",2025-05-24,"Beginn: 24.05.25 um 16:02 Uhr  Angespannte Verkehrslage, seit 24.05.2025, 16:02 A2: Dortmund -> Oberhausen, 0.6 km vor AS Bottrop, aus Richtung Bottrop  Stockender Verkehr Durchschnittsgeschwindigkeit: 17 km/h",51.5541587025091,6.9229539059183
"A2","undefined--vi-avl.2025-05-24_11-40-46-000.f_005.de0","51.5541732162134,6.922990366732349,51.539310094400335,6.876965702724635","51.5541732162134,6.922990366732349","WARNING","A2 | Bottrop - Oberhausen-Königshardt"," Dortmund -> Oberhausen",4,"QUEUING_TRAFFIC","34.29999923706055",2025-05-24,"Beginn: 24.05.25 um 11:40 Uhr  Angespannte Verkehrslage, seit 24.05.2025, 11:40 A2: Dortmund -> Oberhausen, zwischen 0.2 km hinter AD Bottrop und 0.5 km vor AS Oberhausen-Königshardt  Stockender Verkehr Reisezeitverlust: 4 Minuten Durchschnittsgeschwindigkeit: 34 km/h",51.5541732162134,6.92299036673235
"A2","undefined--vi-hind.2025-05-24_15-53-31-000.f_002.de0","52.189863089015034,11.627434933966438,52.18947927816399,11.626737411167637","52.189863089015034,11.627434933966438","WARNING","A2 | Magdeburg-Rothensee - Magdeburg-Zentrum"," Berliner Ring -> Braunschweig",NA,NA,NA,2025-05-24,"Beginn: 24.05.25 um 15:53 Uhr  Fahrzeug-Hindernis, seit 24.05.2025, 15:53 A2: Berliner Ring -> Braunschweig, zwischen 3.6 km hinter AS Magdeburg-Rothensee und 0.7 km vor AS Magdeburg-Zentrum Gefahr durch ein defektes Fahrzeug auf der Fahrbahn",52.189863089015,11.6274349339664
"A2","undefined--vi-avl.2025-05-24_13-30-07-000.f_011.de0","51.53664837176788,6.832317782311612,51.53664837176788,6.832317782311612","51.53664837176788,6.832317782311612","WARNING","Baustelle","",NA,"STATIONARY_TRAFFIC","10",2025-05-24,"Beginn: 24.05.25 um 16:02 Uhr  Angespannte Verkehrslage, seit 24.05.2025, 16:02 A2 O  Im Stillstand Durchschnittsgeschwindigkeit: 10 km/h",51.5366483717679,6.83231778231161
"A2","undefined--vi-zus.2025-05-24_13-20-03-000.f.de0","51.53664837176788,6.832317782311612,51.5386298801034,6.843310174342619","51.53664837176788,6.832317782311612","WARNING","Baustelle"," km 473.22 --> km 472.42",1,"STATIONARY_TRAFFIC","21.899999618530273",2025-05-24,"Beginn: 24.05.25 um 13:20 Uhr  Zusammengesetzte Verkehrsinformation, seit 24.05.2025, 13:20 A2: km 473.22 --> km 472.42  Im Stillstand Reisezeitverlust: 1 Minuten Durchschnittsgeschwindigkeit: 21 km/h",51.5366483717679,6.83231778231161
"A3","undefined--vi-avl.2025-05-24_16-02-30-000.f_003.de0","48.457587439698536,13.375651548971618,48.459220524571634,13.375336019430383","48.457587439698536,13.375651548971618","WARNING","A3 | Rottal-West - Rottal-Ost"," Linz -> Passau",0,"SLOW_TRAFFIC","9.800000190734863",2025-05-24,"Beginn: 24.05.25 um 16:02 Uhr  Angespannte Verkehrslage, seit 24.05.2025, 16:02 A3: Linz -> Passau, zwischen 0.2 km hinter Rottal-West und 0.1 km vor Rottal-Ost  Langsamer Verkehr Reisezeitverlust: 0 Minuten Durchschnittsgeschwindigkeit: 9 km/h",48.4575874396985,13.3756515489716
"A3","undefined--vi-hind.2025-05-24_15-21-13-000.f_002.de0","48.92038200094585,12.736204500076315,48.900618600946,12.79943800008354","48.92038200094585,12.736204500076315","WARNING","A3 | Bogen - Schwarzach"," Nürnberg -> Passau",NA,NA,NA,2025-05-24,"Beginn: 24.05.25 um 15:21 Uhr  Fahrzeug-Hindernis, seit 24.05.2025, 15:21 A3: Nürnberg -> Passau, zwischen 0.3 km hinter AS Bogen und 0.2 km vor AS Schwarzach Gefahr durch ein defektes Fahrzeug auf der Fahrbahn",48.9203820009458,12.7362045000763
"A3","undefined--vi-unf.2025-05-24_15-33-13-000.f_001.de0","50.05877896795409,8.887424328341988,50.05877896795409,8.887424328341988","50.05877896795409,8.887424328341988","WARNING","A3 | Obertshausen - Hanau"," Frankfurt -> Würzburg",NA,NA,NA,2025-05-24,"Beginn: 24.05.25 um 15:33 Uhr  Unfall, seit 24.05.2025, 15:33 A3: Frankfurt -> Würzburg, zwischen 4.5 km hinter AS Obertshausen und 0.3 km vor AS Hanau",50.0587789679541,8.88742432834199
"A3","undefined--vi-zus.2025-05-24_14-51-49-000.f_003.de0","50.0600073339222,8.870796036815044,50.05846828647344,8.89044878206844","50.0600073339222,8.870796036815044","WARNING","A3 | Obertshausen - Hanau"," Frankfurt -> Würzburg",0,"SLOW_TRAFFIC","65.69999694824219",2025-05-24,"Beginn: 24.05.25 um 14:51 Uhr  Zusammengesetzte Verkehrsinformation, seit 24.05.2025, 14:51 A3: Frankfurt -> Würzburg, zwischen 3.3 km hinter AS Obertshausen und 0.1 km vor AS Hanau  Langsamer Verkehr Reisezeitverlust: 0 Minuten Durchschnittsgeschwindigkeit: 65 km/h",50.0600073339222,8.87079603681504
"A3","undefined--vi-hind.2025-05-24_15-23-28-000.f_002.de0","50.77783540093741,7.2420593999982055,50.820914000937194,7.207503199998069","50.77783540093741,7.2420593999982055","WARNING","A3 | Bonn/Siegburg - Lohmar"," Frankfurt -> Köln",NA,NA,NA,2025-05-24,"Beginn: 24.05.25 um 15:23 Uhr  Hindernis, seit 24.05.2025, 15:23 A3: Frankfurt -> Köln, zwischen 0.3 km hinter AK Bonn/Siegburg und 0.3 km vor AS Lohmar  Gefahr durch eine ungesicherte Unfallstelle",50.7778354009374,7.24205939999821
"A3","undefined--vi-avl.2025-05-24_10-33-01-000.f_006.de0","50.98577775496103,7.014777377415316,51.00686724310869,7.014648018250634","50.98577775496103,7.014777377415316","WARNING","A3 | Köln-Mülheim - Leverkusen-Zentrum"," Köln -> Oberhausen",2,"QUEUING_TRAFFIC","36.70000076293945",2025-05-24,"Beginn: 24.05.25 um 10:33 Uhr  Angespannte Verkehrslage, seit 24.05.2025, 10:33 A3: Köln -> Oberhausen, zwischen 0.3 km hinter AS Köln-Mülheim und 1.9 km vor AS Leverkusen-Zentrum  Stockender Verkehr Reisezeitverlust: 2 Minuten Durchschnittsgeschwindigkeit: 36 km/h",50.985777754961,7.01477737741532
"A3","undefined--vi-zus.2025-05-24_15-55-43-000.f.de0","51.09609755285098,6.988449718145113,51.11825329566955,6.983817854765026","51.09609755285098,6.988449718145113","WARNING","A3 | Reusrather Heide - Solingen"," Köln -> Oberhausen",5,"STATIONARY_TRAFFIC","22.299999237060547",2025-05-24,"Beginn: 24.05.25 um 15:55 Uhr  Zusammengesetzte Verkehrsinformation, seit 24.05.2025, 15:55 A3: Köln -> Oberhausen, zwischen 1.2 km hinter Reusrather Heide und 0.4 km vor AS Solingen  Im Stillstand Reisezeitverlust: 5 Minuten Durchschnittsgeschwindigkeit: 22 km/h",51.096097552851,6.98844971814511
"A3","undefined--vi-avl.2025-05-24_15-58-25-000.f_002.de0","51.09618743020536,6.988446402137836,51.09618743020536,6.988446402137836","51.09618743020536,6.988446402137836","WARNING","A3 | Bergische Landstraße - Bergische Landstraße"," Köln -> Oberhausen",NA,"STATIONARY_TRAFFIC","19",2025-05-24,"Beginn: 24.05.25 um 16:02 Uhr  Angespannte Verkehrslage, seit 24.05.2025, 16:02 A3: Köln -> Oberhausen, 1.0 km vor Bergische Landstraße, aus Richtung Reusrather Heide  Im Stillstand Durchschnittsgeschwindigkeit: 19 km/h",51.0961874302054,6.98844640213784
"A3","undefined--vi-avl.2025-05-24_09-29-06-000.f_011.de0","51.4327742009338,6.808403599995645,51.446171995129454,6.798917852349953","51.4327742009338,6.808403599995645","WARNING","A3 | Duisburg-Wedau - Oberhausen-Lirich"," Köln -> Oberhausen",2,"QUEUING_TRAFFIC","27.399999618530273",2025-05-24,"Beginn: 24.05.25 um 09:29 Uhr  Angespannte Verkehrslage, seit 24.05.2025, 09:29 A3: Köln -> Oberhausen, zwischen 2.9 km hinter AS Duisburg-Wedau und 3.8 km vor AS Oberhausen-Lirich  Stockender Verkehr Reisezeitverlust: 2 Minuten Durchschnittsgeschwindigkeit: 27 km/h",51.4327742009338,6.80840359999565
"A3","undefined--vi-avl.2025-05-24_15-54-13-000.f_003.de0","51.4326787814806,6.8083700362506505,51.4326787814806,6.8083700362506505","51.4326787814806,6.8083700362506505","WARNING","A3 | Kaiserberg - Kaiserberg"," Köln -> Oberhausen",NA,"QUEUING_TRAFFIC","26",2025-05-24,"Beginn: 24.05.25 um 16:02 Uhr  Angespannte Verkehrslage, seit 24.05.2025, 16:02 A3: Köln -> Oberhausen, 1.7 km vor AK Kaiserberg, aus Richtung Duisburg-Wedau  Stockender Verkehr Durchschnittsgeschwindigkeit: 26 km/h",51.4326787814806,6.80837003625065
"A3","undefined--vi-avl.2025-05-24_13-22-58-000.f_008.de0","51.482712631083004,6.8130645848119125,51.482712631083004,6.8130645848119125","51.482712631083004,6.8130645848119125","WARNING","A3 | Oberhausen-Lirich - Oberhausen-Lirich"," Oberhausen -> Köln",NA,"STATIONARY_TRAFFIC","14",2025-05-24,"Beginn: 24.05.25 um 16:02 Uhr  Angespannte Verkehrslage, seit 24.05.2025, 16:02 A3: Oberhausen -> Köln, 0.8 km vor AS Oberhausen-Lirich, aus Richtung Oberhausen-West  Im Stillstand Durchschnittsgeschwindigkeit: 14 km/h",51.482712631083,6.81306458481191
"A3","undefined--vi-avl.2025-05-24_11-58-23-000.f_006.de0","51.48268571063531,6.813062031123179,51.46117129105653,6.811190503984294","51.48268571063531,6.813062031123179","WARNING","A3 | Oberhausen-West - Kaiserberg"," Oberhausen -> Köln",5,"STATIONARY_TRAFFIC","20.799999237060547",2025-05-24,"Beginn: 24.05.25 um 11:58 Uhr  Angespannte Verkehrslage, seit 24.05.2025, 11:58 A3: Oberhausen -> Köln, zwischen 0.5 km hinter AK Oberhausen-West und 2.1 km vor AK Kaiserberg  Im Stillstand Reisezeitverlust: 5 Minuten Durchschnittsgeschwindigkeit: 20 km/h",51.4826857106353,6.81306203112318
"A3","undefined--vi-avl.2025-05-24_16-02-30-000.f_001.de0","51.89839901701434,6.165717280673193,51.89839901701434,6.165717280673193","51.89839901701434,6.165717280673193","WARNING","A3 | Knauheide - Knauheide"," Arnheim -> Oberhausen",NA,"SLOW_TRAFFIC","16",2025-05-24,"Beginn: 24.05.25 um 16:02 Uhr  Angespannte Verkehrslage, seit 24.05.2025, 16:02 A3: Arnheim -> Oberhausen, 0.1 km vor Knauheide, aus Richtung Elten  Langsamer Verkehr Durchschnittsgeschwindigkeit: 16 km/h",51.8983990170143,6.16571728067319
"A3","undefined--vi-avl.2025-05-24_16-01-03-000.f.de0","51.89836112503476,6.165756320916883,51.89430742738076,6.169921542127004","51.89836112503476,6.165756320916883","WARNING","A3 | Elten - Elten"," Arnheim -> Oberhausen",0,"SLOW_TRAFFIC","43.29999923706055",2025-05-24,"Beginn: 24.05.25 um 16:01 Uhr  Angespannte Verkehrslage, seit 24.05.2025, 16:01 A3: Arnheim -> Oberhausen, zwischen 0.4 km hinter Elten und 1.3 km vor AS Elten  Langsamer Verkehr Reisezeitverlust: 0 Minuten Durchschnittsgeschwindigkeit: 43 km/h",51.8983611250348,6.16575632091688
"A4","undefined--vi-avl.2025-05-24_09-26-30-000.f_006.de0","50.90005643271335,6.905698698406481,50.891618938001756,6.924295559226965","50.90005643271335,6.905698698406481","WARNING","A4 | Köln-West - Köln-Eifeltor"," Heerlen/Aachen -> Köln",0,"SLOW_TRAFFIC","54.20000076293945",2025-05-24,"Beginn: 24.05.25 um 09:26 Uhr  Angespannte Verkehrslage, seit 24.05.2025, 09:26 A4: Heerlen/Aachen -> Köln, zwischen 5.1 km hinter AK Köln-West und 0.1 km vor AS Köln-Eifeltor  Langsamer Verkehr Reisezeitverlust: 0 Minuten Durchschnittsgeschwindigkeit: 54 km/h",50.9000564327133,6.90569869840648
"A4","undefined--vi-zus.2025-05-24_15-18-52-000.f_001.de0","50.88752839517368,6.93453116223861,50.8944794610657,6.918420191363288","50.88752839517368,6.93453116223861","WARNING","A4 | Köln-Süd - Köln-Klettenberg"," Köln -> Heerlen/Aachen",0,"SLOW_TRAFFIC","55",2025-05-24,"Beginn: 24.05.25 um 15:18 Uhr  Zusammengesetzte Verkehrsinformation, seit 24.05.2025, 15:18 A4: Köln -> Heerlen/Aachen, zwischen 2.5 km hinter AK Köln-Süd und 0.8 km vor AS Köln-Klettenberg  Langsamer Verkehr Reisezeitverlust: 0 Minuten Durchschnittsgeschwindigkeit: 55 km/h",50.8875283951737,6.93453116223861
"A4","undefined--vi-avl.2025-05-24_15-11-11-000.f_001.de0","50.97444481128621,7.463302820329335,50.97370204631864,7.5171309265036665","50.97444481128621,7.463302820329335","WARNING","A4 | Bellingroth - Gummersbach"," Köln -> Olpe",4,"SLOW_TRAFFIC","35.20000076293945",2025-05-24,"Beginn: 24.05.25 um 15:11 Uhr  Angespannte Verkehrslage, seit 24.05.2025, 15:11 A4: Köln -> Olpe, zwischen 1.4 km hinter Bellingroth und 0.6 km vor AS Gummersbach  Langsamer Verkehr Reisezeitverlust: 4 Minuten Durchschnittsgeschwindigkeit: 35 km/h",50.9744448112862,7.46330282032933
"A4","undefined--vi-avl.2025-05-24_15-44-16-000.f_002.de0","50.97251951917152,7.542265078469144,50.97251951917152,7.542265078469144","50.97251951917152,7.542265078469144","WARNING","A4 | Gummersbach - Gummersbach"," Olpe -> Köln",NA,"SLOW_TRAFFIC","15",2025-05-24,"Beginn: 24.05.25 um 16:02 Uhr  Angespannte Verkehrslage, seit 24.05.2025, 16:02 A4: Olpe -> Köln, 1.2 km vor AS Gummersbach, aus Richtung Morkepütz  Langsamer Verkehr Durchschnittsgeschwindigkeit: 15 km/h",50.9725195191715,7.54226507846914
"A4","undefined--vi-avl.2025-05-24_09-27-00-000.f.de0","50.97252228104822,7.542251526006359,50.975562880293424,7.4981556743585","50.97252228104822,7.542251526006359","WARNING","A4 | Morkepütz - Wiehltalbrücke"," Olpe -> Köln",3,"SLOW_TRAFFIC","34.79999923706055",2025-05-24,"Beginn: 24.05.25 um 09:27 Uhr  Angespannte Verkehrslage, seit 24.05.2025, 09:27 A4: Olpe -> Köln, zwischen 0.6 km hinter Morkepütz und 0.7 km vor Wiehltalbrücke  Langsamer Verkehr Reisezeitverlust: 3 Minuten Durchschnittsgeschwindigkeit: 34 km/h",50.9725222810482,7.54225152600636
"A4","undefined--vi-zus.2025-05-24_15-41-36-000.f.de0","51.05833980093857,13.379301300131543,51.059011963807265,13.443736678284287","51.05833980093857,13.379301300131543","WARNING","A4 | Nossen - Wilsdruff"," Chemnitz -> Dresden",21,"STATIONARY_TRAFFIC","11.899999618530273",2025-05-24,"Beginn: 24.05.25 um 15:41 Uhr  Zusammengesetzte Verkehrsinformation, seit 24.05.2025, 15:41 A4: Chemnitz -> Dresden, zwischen 1.0 km hinter AD Nossen und 5.9 km vor AS Wilsdruff  Im Stillstand Reisezeitverlust: 21 Minuten Durchschnittsgeschwindigkeit: 11 km/h",51.0583398009386,13.3793013001315
"A4","undefined--vi-unf.2025-05-24_15-15-04-000.f_003.de0","51.05773421977283,13.436111686587568,51.06057774145035,13.452963412976471","51.05773421977283,13.436111686587568","WARNING","A4 | Nossen - Wilsdruff"," Chemnitz -> Dresden",NA,NA,NA,2025-05-24,"Beginn: 24.05.25 um 15:15 Uhr  Unfall, seit 24.05.2025, 15:15 A4: Chemnitz -> Dresden, zwischen 5.1 km hinter AD Nossen und 5.2 km vor AS Wilsdruff",51.0577342197728,13.4361116865876
"A4","undefined--vi-avl.2025-05-24_15-43-15-000.f_005.de0","51.05833980093857,13.379301300131543,51.05833980093857,13.379301300131543","51.05833980093857,13.379301300131543","WARNING","A4 | Wilsdruff - Wilsdruff"," Chemnitz -> Dresden",NA,"STATIONARY_TRAFFIC","8",2025-05-24,"Beginn: 24.05.25 um 16:02 Uhr  Angespannte Verkehrslage, seit 24.05.2025, 16:02 A4: Chemnitz -> Dresden, 10.5 km vor AS Wilsdruff, aus Richtung Nossen  Im Stillstand Durchschnittsgeschwindigkeit: 8 km/h",51.0583398009386,13.3793013001315
"A4","undefined--vi-hind.2025-05-24_15-59-22-000.f.de0","51.18974627257863,14.413628324717097,51.19559310094999,14.465269700398593","51.18974627257863,14.413628324717097","WARNING","A4 | Salzenforst - Löbauer Wasser"," Dresden -> Görlitz",NA,NA,NA,2025-05-24,"Beginn: 24.05.25 um 15:59 Uhr  Hindernis, seit 24.05.2025, 15:59 A4: Dresden -> Görlitz, zwischen 3.9 km hinter AS Salzenforst und 6.8 km vor Löbauer Wasser  Gefahr durch Gegenstände auf der Fahrbahn",51.1897462725786,14.4136283247171
"A5","undefined--vi-avl.2025-05-24_15-42-03-000.f_002.de0","47.82616239183893,7.561043268204029,47.816003100948194,7.554288299999114","47.82616239183893,7.561043268204029","WARNING","A5 | Neuenburg - Müllheim/Neuenburg"," Karlsruhe -> Basel",1,"SLOW_TRAFFIC","42.599998474121094",2025-05-24,"Beginn: 24.05.25 um 15:42 Uhr  Angespannte Verkehrslage, seit 24.05.2025, 15:42 A5: Karlsruhe -> Basel, zwischen 0.5 km hinter Neuenburg und 0.3 km vor AS Müllheim/Neuenburg  Langsamer Verkehr Reisezeitverlust: 1 Minuten Durchschnittsgeschwindigkeit: 42 km/h",47.8261623918389,7.56104326820403
"A5","undefined--vi-avl.2025-05-24_09-28-30-000.f.de0","48.89214313283401,8.302311887603814,48.90123030843058,8.336190859763544","48.89214313283401,8.302311887603814","WARNING","A5 | Schleifweg - Karlsruhe-Süd"," Basel -> Karlsruhe",4,"STATIONARY_TRAFFIC","28.799999237060547",2025-05-24,"Beginn: 24.05.25 um 09:28 Uhr  Angespannte Verkehrslage, seit 24.05.2025, 09:28 A5: Basel -> Karlsruhe, zwischen 1.0 km hinter Schleifweg und 7.4 km vor AS Karlsruhe-Süd  Im Stillstand Reisezeitverlust: 4 Minuten Durchschnittsgeschwindigkeit: 28 km/h",48.892143132834,8.30231188760381
"A5","undefined--vi-avl.2025-05-24_15-10-09-000.f_002.de0","48.89214313283401,8.302311887603814,48.89214313283401,8.302311887603814","48.89214313283401,8.302311887603814","WARNING","A5 | Karlsruhe-Süd - Karlsruhe-Süd"," Basel -> Karlsruhe",NA,"STATIONARY_TRAFFIC","22",2025-05-24,"Beginn: 24.05.25 um 16:02 Uhr  Angespannte Verkehrslage, seit 24.05.2025, 16:02 A5: Basel -> Karlsruhe, 10.1 km vor AS Karlsruhe-Süd, aus Richtung Schleifweg  Im Stillstand Durchschnittsgeschwindigkeit: 22 km/h",48.892143132834,8.30231188760381
"A5","undefined--vi-hind.2025-05-24_15-43-15-000.f_004.de0","50.132473438795614,8.59004909378519,50.11937078364495,8.595746014268254","50.132473438795614,8.59004909378519","WARNING","A5 | Nordwestkreuz Frankfurt am Main - Westkreuz Frankfurt am Main"," Kassel -> Frankfurt",NA,NA,NA,2025-05-24,"Beginn: 24.05.25 um 15:43 Uhr  Hindernis, seit 24.05.2025, 15:43 A5: Kassel -> Frankfurt, zwischen 0.3 km hinter AK Nordwestkreuz Frankfurt am Main und 0.6 km vor AK Westkreuz Frankfurt am Main  Gefahr durch eine ungesicherte Unfallstelle",50.1324734387956,8.59004909378519
"A5","undefined--vi-avl.2025-05-24_15-34-13-000.f_001.de0","50.169414492205625,8.60980801078409,50.138469515465395,8.59273730667884","50.169414492205625,8.60980801078409","WARNING","A5 | Bad Homburger Kreuz - Nordwestkreuz Frankfurt am Main"," Kassel -> Frankfurt",4,"QUEUING_TRAFFIC","34.79999923706055",2025-05-24,"Beginn: 24.05.25 um 15:34 Uhr  Angespannte Verkehrslage, seit 24.05.2025, 15:34 A5: Kassel -> Frankfurt, zwischen 4.4 km hinter AK Bad Homburger Kreuz und 0.4 km vor AK Nordwestkreuz Frankfurt am Main  Stockender Verkehr Reisezeitverlust: 4 Minuten Durchschnittsgeschwindigkeit: 34 km/h",50.1694144922056,8.60980801078409
"A5","undefined--vi-zus.2025-05-24_05-14-00-000.f.de0","50.780600520256314,9.407085418955285,50.78839780994479,9.44148546285077","50.780600520256314,9.407085418955285","WARNING","A5 | Berfa - Frohnkreuz"," Frankfurt -> Kassel",1,"SLOW_TRAFFIC","63.20000076293945",2025-05-24,"Beginn: 24.05.25 um 05:14 Uhr  Zusammengesetzte Verkehrsinformation, seit 24.05.2025, 05:14 A5: Frankfurt -> Kassel, zwischen 4.1 km hinter Berfa und 0.3 km vor Frohnkreuz  Langsamer Verkehr Reisezeitverlust: 1 Minuten Durchschnittsgeschwindigkeit: 63 km/h",50.7806005202563,9.40708541895529
"A6","undefined--vi-hind.2025-05-24_15-58-52-000.f_001.de0","49.24995269413314,8.853499815343447,49.24995269413314,8.853499815343447","49.24995269413314,8.853499815343447","WARNING","A6 | Wiesloch/Rauenberg - Sinsheim"," Mannheim -> Heilbronn",NA,NA,NA,2025-05-24,"Beginn: 24.05.25 um 15:58 Uhr  Fahrzeug-Hindernis, seit 24.05.2025, 15:58 A6: Mannheim -> Heilbronn, zwischen 12.5 km hinter AS Wiesloch/Rauenberg und 0.3 km vor AS Sinsheim Gefahr durch ein defektes Fahrzeug auf der Fahrbahn",49.2499526941331,8.85349981534345
"A6","undefined--vi-hind.2025-05-24_15-45-15-000.f_001.de0","49.212214670111415,9.071164204871199,49.227090725954724,8.923464036714192","49.212214670111415,9.071164204871199","WARNING","A6 | Bad Rappenau - Sinsheim-Steinsfurt"," Heilbronn -> Mannheim",NA,NA,NA,2025-05-24,"Beginn: 24.05.25 um 15:45 Uhr  Fahrzeug-Hindernis, seit 24.05.2025, 15:45 A6: Heilbronn -> Mannheim, zwischen 0.3 km hinter AS Bad Rappenau und 0.3 km vor AS Sinsheim-Steinsfurt",49.2122146701114,9.0711642048712
"A6","undefined--vi-avl.2025-05-24_10-13-15-000.f_007.de0","49.166835346637924,9.26196435615599,49.161275400944426,9.282053400000063","49.166835346637924,9.26196435615599","WARNING","A6 | Sulmtal - Weinsberg"," Heilbronn -> Nürnberg",2,"STATIONARY_TRAFFIC","26.399999618530273",2025-05-24,"Beginn: 24.05.25 um 10:13 Uhr  Angespannte Verkehrslage, seit 24.05.2025, 10:13 A6: Heilbronn -> Nürnberg, zwischen 0.5 km hinter Sulmtal und 1.4 km vor AK Weinsberg  Im Stillstand Reisezeitverlust: 2 Minuten Durchschnittsgeschwindigkeit: 26 km/h",49.1668353466379,9.26196435615599
"A6","undefined--vi-avl.2025-05-24_15-12-11-000.f_005.de0","49.166835346637924,9.26196435615599,49.166835346637924,9.26196435615599","49.166835346637924,9.26196435615599","WARNING","A6 | Weinsberg - Weinsberg"," Heilbronn -> Nürnberg",NA,"STATIONARY_TRAFFIC","19",2025-05-24,"Beginn: 24.05.25 um 16:02 Uhr  Angespannte Verkehrslage, seit 24.05.2025, 16:02 A6: Heilbronn -> Nürnberg, 3.0 km vor AK Weinsberg, aus Richtung Sulmtal  Im Stillstand Durchschnittsgeschwindigkeit: 19 km/h",49.1668353466379,9.26196435615599
"A6","undefined--vi-avl.2025-05-24_10-04-30-000.f_007.de0","49.16129567689441,9.281988499662617,49.16129567689441,9.281988499662617","49.16129567689441,9.281988499662617","WARNING","A6 | Weinsberg - Weinsberg"," Heilbronn -> Nürnberg",NA,"STATIONARY_TRAFFIC","7",2025-05-24,"Beginn: 24.05.25 um 16:02 Uhr  Angespannte Verkehrslage, seit 24.05.2025, 16:02 A6: Heilbronn -> Nürnberg, 1.4 km vor AK Weinsberg, aus Richtung Sulmtal  Im Stillstand Durchschnittsgeschwindigkeit: 7 km/h",49.1612956768944,9.28198849966262
"A6","undefined--vi-hind.2025-05-24_15-48-26-000.f_001.de0","49.24994958074914,10.631732608259716,49.24980545091238,10.629314981492522","49.24994958074914,10.631732608259716","WARNING","A6 | Kohnweiher - Hohe Fichte"," Nürnberg -> Heilbronn",NA,NA,NA,2025-05-24,"Beginn: 24.05.25 um 15:48 Uhr  Fahrzeug-Hindernis, seit 24.05.2025, 15:48 A6: Nürnberg -> Heilbronn, zwischen 2.2 km hinter Kohnweiher und 1.3 km vor Hohe Fichte Gefahr durch ein defektes Fahrzeug auf der Fahrbahn",49.2499495807491,10.6317326082597
"A6","undefined--vi-hind.2025-05-24_15-51-07-000.f_001.de0","49.33176330094383,11.058416800003764,49.32307740094386,11.047661300003673","49.33176330094383,11.058416800003764","WARNING","A6 | Roth - Schwabach-Süd"," Nürnberg -> Heilbronn",NA,NA,NA,2025-05-24,"Beginn: 24.05.25 um 15:51 Uhr  Fahrzeug-Hindernis, seit 24.05.2025, 15:51 A6: Nürnberg -> Heilbronn, zwischen 0.3 km hinter AD Roth und 0.3 km vor AS Schwabach-Süd Gefahr durch ein defektes Fahrzeug auf der Fahrbahn",49.3317633009438,11.0584168000038
"A7","undefined--vi-zus.2025-05-24_15-25-02-000.f.de0","47.56743705942547,10.658961639081179,47.57538933115995,10.661761037364318","47.56743705942547,10.658961639081179","WARNING","A7 | Grenztunnel Füssen - Reinertshofertunnel"," Füssen/Reutte -> Ulm",1,"QUEUING_TRAFFIC","21.700000762939453",2025-05-24,"Beginn: 24.05.25 um 15:25 Uhr  Zusammengesetzte Verkehrsinformation, seit 24.05.2025, 15:25 A7: Füssen/Reutte -> Ulm, zwischen 0.9 km hinter Grenztunnel Füssen und 2.9 km vor Reinertshofertunnel  Stockender Verkehr Reisezeitverlust: 1 Minuten Durchschnittsgeschwindigkeit: 21 km/h",47.5674370594255,10.6589616390812
"A7","undefined--vi-avl.2025-05-24_15-25-02-000.f_007.de0","47.56745471700362,10.658966743090671,47.56745471700362,10.658966743090671","47.56745471700362,10.658966743090671","WARNING","A7 | Füssen - Füssen"," Füssen/Reutte -> Ulm",NA,"QUEUING_TRAFFIC","14",2025-05-24,"Beginn: 24.05.25 um 16:02 Uhr  Angespannte Verkehrslage, seit 24.05.2025, 16:02 A7: Füssen/Reutte -> Ulm, 0.7 km vor AS Füssen, aus Richtung Grenztunnel Füssen  Stockender Verkehr Durchschnittsgeschwindigkeit: 14 km/h",47.5674547170036,10.6589667430907
"A7","undefined--vi-avl.2025-05-24_15-54-42-000.f.de0","47.62961048510295,10.597376960955327,47.62642098620991,10.629634179723576","47.62961048510295,10.597376960955327","WARNING","A7 | Nesselwang - Reinertshofertunnel"," Ulm -> Füssen/Reutte",1,"SLOW_TRAFFIC","49.20000076293945",2025-05-24,"Beginn: 24.05.25 um 15:54 Uhr  Angespannte Verkehrslage, seit 24.05.2025, 15:54 A7: Ulm -> Füssen/Reutte, zwischen 5.6 km hinter AS Nesselwang und 5.0 km vor Reinertshofertunnel  Langsamer Verkehr Reisezeitverlust: 1 Minuten Durchschnittsgeschwindigkeit: 49 km/h",47.629610485103,10.5973769609553
"A7","undefined--vi-zus.2025-05-24_15-24-01-000.f_002.de0","48.86710968170775,10.178259710290481,48.89029228828711,10.168153778367813","48.86710968170775,10.178259710290481","WARNING","A7 | Aalen/Oberkochen - Ellwangen"," Ulm -> Würzburg",1,"SLOW_TRAFFIC","65.0999984741211",2025-05-24,"Beginn: 24.05.25 um 15:24 Uhr  Zusammengesetzte Verkehrsinformation, seit 24.05.2025, 15:24 A7: Ulm -> Würzburg, zwischen 8.0 km hinter AS Aalen/Oberkochen und 7.8 km vor AS Ellwangen  Langsamer Verkehr Reisezeitverlust: 1 Minuten Durchschnittsgeschwindigkeit: 65 km/h",48.8671096817078,10.1782597102905
"A7","undefined--vi-unf.2025-05-24_14-49-25-000.f_004.de0","49.75979310094213,10.1055174000004,49.76197050094214,10.104580400000406","49.75979310094213,10.1055174000004","WARNING","A7 | Wolfsgraben-West - Biebelried"," Ulm -> Würzburg",NA,NA,NA,2025-05-24,"Beginn: 24.05.25 um 14:49 Uhr  Unfall, seit 24.05.2025, 14:49 A7: Ulm -> Würzburg, zwischen 5.9 km hinter Wolfsgraben-West und 2.1 km vor AK Biebelried",49.7597931009421,10.1055174000004
"A7","undefined--vi-hind.2025-05-24_14-41-23-000.f_006.de0","51.12390707820906,9.47882243923657,51.123366334220535,9.479658564915217","51.12390707820906,9.47882243923657","WARNING","A7 | Melsungen - Malsfeld"," Kassel -> Fulda",NA,NA,NA,2025-05-24,"Beginn: 24.05.25 um 14:41 Uhr  Fahrzeug-Hindernis, seit 24.05.2025, 14:41 A7: Kassel -> Fulda, zwischen AS Melsungen und 4.1 km vor AS Malsfeld Gefahr durch ein defektes Fahrzeug auf der Fahrbahn",51.1239070782091,9.47882243923657
"A7","undefined--vi-unf.2025-05-24_14-29-59-000.f_004.de0","52.50344013442712,9.82542002194389,52.493193173108466,9.83447875394583","52.50344013442712,9.82542002194389","WARNING","A7 | Springhorst - Großburgwedel"," Hamburg -> Hannover",NA,NA,NA,2025-05-24,"Beginn: 24.05.25 um 14:29 Uhr  Unfall, seit 24.05.2025, 14:29 A7: Hamburg -> Hannover, zwischen 0.5 km hinter Springhorst und 0.4 km vor AS Großburgwedel",52.5034401344271,9.82542002194389
"A7","undefined--vi-avl.2025-05-24_15-35-13-000.f_001.de0","52.55569318891593,9.792070768194627,52.55569318891593,9.792070768194627","52.55569318891593,9.792070768194627","WARNING","A7 | Hannover-Nord - Hannover-Nord"," Hamburg -> Hannover",NA,"STATIONARY_TRAFFIC","9",2025-05-24,"Beginn: 24.05.25 um 16:02 Uhr  Angespannte Verkehrslage, seit 24.05.2025, 16:02 A7: Hamburg -> Hannover, 1.6 km vor AD Hannover-Nord, aus Richtung Mellendorf  Im Stillstand Durchschnittsgeschwindigkeit: 9 km/h",52.5556931889159,9.79207076819463
"A7","undefined--vi-zus.2025-05-24_15-34-13-000.f.de0","52.55569318891593,9.792070768194627,52.499466614835164,9.82847948630372","52.55569318891593,9.792070768194627","WARNING","A7 | Mellendorf - Großburgwedel"," Hamburg -> Hannover",42,"STATIONARY_TRAFFIC","8.699999809265137",2025-05-24,"Beginn: 24.05.25 um 15:34 Uhr  Zusammengesetzte Verkehrsinformation, seit 24.05.2025, 15:34 A7: Hamburg -> Hannover, zwischen 0.1 km hinter AS Mellendorf und 1.2 km vor AS Großburgwedel  Im Stillstand Reisezeitverlust: 42 Minuten Durchschnittsgeschwindigkeit: 8 km/h",52.5556931889159,9.79207076819463
"A7","undefined--vi-hind.2025-05-24_15-58-52-000.f_002.de0","52.54654887243457,9.797259197470007,52.54490024939712,9.798307918388153","52.54654887243457,9.797259197470007","WARNING","A7 | Mellendorf - Hannover-Nord"," Hamburg -> Hannover",NA,NA,NA,2025-05-24,"Beginn: 24.05.25 um 15:58 Uhr  Fahrzeug-Hindernis, seit 24.05.2025, 15:58 A7: Hamburg -> Hannover, zwischen 1.2 km hinter AS Mellendorf und 0.3 km vor AD Hannover-Nord Gefahr durch ein defektes Fahrzeug auf der Fahrbahn",52.5465488724346,9.79725919747001
"A7","undefined--vi-zus.2025-03-31_00-40-00-000.f_018.de0","53.579141433849884,9.913430072127355,53.55636870091902,9.897540700000414","53.579141433849884,9.913430072127355","WARNING","A7 | Hamburg-Volkspark - Elbtunnel (Nordportal)"," Flensburg -> Hamburg",NA,NA,NA,2025-03-31,"Beginn: 31.03.25 um 00:40 Uhr  Zusammengesetzte Verkehrsinformation, seit 31.03.2025, 00:40 A7: Flensburg -> Hamburg, zwischen 0.4 km hinter AS Hamburg-Volkspark und 0.9 km vor Elbtunnel (Nordportal)  A7 Flensburg Richtung Hamburg Ausfahrt Hamburg-Othmarschen Fahrbahnverengung, maximale Fahrbahnbreite von 4,50 m, Bauarbeiten, bis 29.09.2025",53.5791414338499,9.91343007212735
"A7","undefined--vi-hind.2025-05-24_13-18-29-000.f_010.de0","53.61966600091851,9.913483400000436,53.64563565060947,9.930287705216493","53.61966600091851,9.913483400000436","WARNING","A7 | Hamburg-Nordwest - Bönningstedt-Süd"," Hamburg -> Flensburg",NA,NA,NA,2025-05-24,"Beginn: 24.05.25 um 13:18 Uhr  Hindernis, seit 24.05.2025, 13:18 A7: Hamburg -> Flensburg, zwischen 0.5 km hinter AD Hamburg-Nordwest und 2.6 km vor Bönningstedt-Süd  Gefahr durch Personen auf der Fahrbahn",53.6196660009185,9.91348340000044
"A7","undefined--vi-hind.2025-05-24_15-59-22-000.f_001.de0","53.645502121822815,9.929991884178994,53.619864004967376,9.913329224625224","53.645502121822815,9.929991884178994","WARNING","A7 | Bönningstedt-Süd - Hamburg-Nordwest"," Flensburg -> Hamburg",NA,NA,NA,2025-05-24,"Beginn: 24.05.25 um 15:59 Uhr  Hindernis, seit 24.05.2025, 15:59 A7: Flensburg -> Hamburg, zwischen 2.7 km hinter Bönningstedt-Süd und 0.5 km vor AD Hamburg-Nordwest  Gefahr durch Personen auf der Fahrbahn",53.6455021218228,9.92999188417899
"A7","undefined--vi-avl.2025-05-24_15-58-25-000.f.de0","53.84508775848656,9.932713422687842,53.84508775848656,9.932713422687842","53.84508775848656,9.932713422687842","WARNING","A7 | Moorkaten - Moorkaten"," Flensburg -> Hamburg",NA,"STATIONARY_TRAFFIC","5",2025-05-24,"Beginn: 24.05.25 um 16:02 Uhr  Angespannte Verkehrslage, seit 24.05.2025, 16:02 A7: Flensburg -> Hamburg, 2.7 km vor Moorkaten, aus Richtung Kaltenkirchen  Im Stillstand Durchschnittsgeschwindigkeit: 5 km/h",53.8450877584866,9.93271342268784
"A7","undefined--vi-hind.2025-05-24_16-02-02-000.f.de0","53.83744804901366,9.927085709562574,53.82254840091683,9.923011600000432","53.83744804901366,9.927085709562574","WARNING","A7 | Kaltenkirchen - Moorkaten"," Flensburg -> Hamburg",NA,NA,NA,2025-05-24,"Beginn: 24.05.25 um 16:02 Uhr  Hindernis, seit 24.05.2025, 16:02 A7: Flensburg -> Hamburg, zwischen 1.3 km hinter AS Kaltenkirchen und 0.1 km vor Moorkaten",53.8374480490137,9.92708570956257
"A7","undefined--vi-zus.2025-05-24_15-55-14-000.f_001.de0","53.84508775848656,9.932713422687842,53.826932538339,9.923308761858198","53.84508775848656,9.932713422687842","WARNING","A7 | Kaltenkirchen - Moorkaten"," Flensburg -> Hamburg",23,"STATIONARY_TRAFFIC","5.300000190734863",2025-05-24,"Beginn: 24.05.25 um 15:55 Uhr  Zusammengesetzte Verkehrsinformation, seit 24.05.2025, 15:55 A7: Flensburg -> Hamburg, zwischen 0.4 km hinter AS Kaltenkirchen und 0.6 km vor Moorkaten  Im Stillstand Reisezeitverlust: 23 Minuten Durchschnittsgeschwindigkeit: 5 km/h",53.8450877584866,9.93271342268784
"A7","undefined--vi-avl.2025-05-24_16-02-30-000.f_004.de0","53.52595820628421,9.93144534846957,53.52595820628421,9.93144534846957","53.52595820628421,9.93144534846957","WARNING","Baustelle","",NA,"SLOW_TRAFFIC","13",2025-05-24,"Beginn: 24.05.25 um 16:02 Uhr  Angespannte Verkehrslage, seit 24.05.2025, 16:02 A7 N 1  Langsamer Verkehr Durchschnittsgeschwindigkeit: 13 km/h",53.5259582062842,9.93144534846957
"A8","undefined--vi-zus.2025-03-26_17-59-56-000.f_014.de0","49.326077820633785,7.175408561967308,49.327350714671546,7.213275819282444","49.326077820633785,7.175408561967308","WARNING","A8 | Neunkirchen/Spiesen - Kohlhof"," Saarlouis -> Neunkirchen",NA,NA,NA,2025-03-26,"Beginn: 26.03.25 um 17:59 Uhr  Zusammengesetzte Verkehrsinformation, seit 26.03.2025, 17:59 A8: Saarlouis -> Neunkirchen, zwischen 1.7 km hinter AS Neunkirchen/Spiesen und 1.0 km vor Kohlhof  A8 Saarlouis - Neunkirchen zwischen Neunkirchen-Spiesen und Neunkirchen-Oberstadt in beiden Richtungen Bauarbeiten, bis voraussichtlich 01.06.2025",49.3260778206338,7.17540856196731
"A8","undefined--vi-zus.2025-05-14_09-26-56-000.f.de0","49.32628400979037,7.229641516813452,49.329166750017514,7.1882642393148934","49.32628400979037,7.229641516813452","WARNING","A8 | Neunkirchen-Wellesweiler - Neunkirchen/Spiesen"," Neunkirchen -> Saarlouis",NA,NA,NA,2025-05-14,"Beginn: 14.05.25 um 09:26 Uhr  Zusammengesetzte Verkehrsinformation, seit 14.05.2025, 09:26 A8: Neunkirchen -> Saarlouis, zwischen 0.4 km hinter AS Neunkirchen-Wellesweiler und 2.7 km vor AS Neunkirchen/Spiesen  A8 Saarlouis - Neunkirchen zwischen Neunkirchen-Spiesen und Neunkirchen-Oberstadt in beiden Richtungen Bauarbeiten, bis voraussichtlich 01.06.2025",49.3262840097904,7.22964151681345
"A8","undefined--vi-zus.2025-05-24_08-46-30-000.f_002.de0","48.90886489753839,8.687828677659764,48.90692311633092,8.773489818995799","48.90886489753839,8.687828677659764","WARNING","A8 | Pforzheim-West - Pforzheim-Süd"," Karlsruhe -> Stuttgart",9,"QUEUING_TRAFFIC","30.100000381469727",2025-05-24,"Beginn: 24.05.25 um 08:46 Uhr  Zusammengesetzte Verkehrsinformation, seit 24.05.2025, 08:46 A8: Karlsruhe -> Stuttgart, zwischen 2.5 km hinter AS Pforzheim-West und 3.4 km vor AS Pforzheim-Süd  Stockender Verkehr Reisezeitverlust: 9 Minuten Durchschnittsgeschwindigkeit: 30 km/h",48.9088648975384,8.68782867765976
"A8","undefined--vi-avl.2025-05-24_15-46-27-000.f_004.de0","48.908861890652375,8.687801767613246,48.908861890652375,8.687801767613246","48.908861890652375,8.687801767613246","WARNING","A8 | Am Kämpfelbach - Am Kämpfelbach"," Karlsruhe -> Stuttgart",NA,"QUEUING_TRAFFIC","28",2025-05-24,"Beginn: 24.05.25 um 16:02 Uhr  Angespannte Verkehrslage, seit 24.05.2025, 16:02 A8: Karlsruhe -> Stuttgart, 0.1 km vor Am Kämpfelbach, aus Richtung Pforzheim-West  Stockender Verkehr Durchschnittsgeschwindigkeit: 28 km/h",48.9088618906524,8.68780176761325
"A8","undefined--vi-hind.2025-05-24_15-31-00-000.f_003.de0","48.23648820094724,11.342844700007506,48.23045824741474,11.353243868162624","48.23648820094724,11.342844700007506","WARNING","A8 | Fuchsberg - München-Eschenried"," Stuttgart -> München",NA,NA,NA,2025-05-24,"Beginn: 24.05.25 um 15:31 Uhr  Hindernis, seit 24.05.2025, 15:31 A8: Stuttgart -> München, zwischen 3.9 km hinter Fuchsberg und 4.0 km vor AD München-Eschenried  Gefahr durch eine ungesicherte Unfallstelle",48.2364882009472,11.3428447000075
"A8","undefined--vi-avl.2025-05-24_06-00-00-000.f.de0","47.8073617740123,12.122587260377415,47.803228601121056,12.165549693346792","47.8073617740123,12.122587260377415","WARNING","A8 | Rosenheim - Samerberg"," München -> Salzburg",8,"STATIONARY_TRAFFIC","19.5",2025-05-24,"Beginn: 24.05.25 um 06:00 Uhr  Angespannte Verkehrslage, seit 24.05.2025, 06:00 A8: München -> Salzburg, zwischen 0.2 km hinter AS Rosenheim und 0.9 km vor Samerberg  Im Stillstand Reisezeitverlust: 8 Minuten Durchschnittsgeschwindigkeit: 19 km/h",47.8073617740123,12.1225872603774
"A8","undefined--vi-avl.2025-05-24_06-42-30-000.f_001.de0","47.80735879485412,12.122627056476434,47.80735879485412,12.122627056476434","47.80735879485412,12.122627056476434","WARNING","A8 | Hochstraßer See - Hochstraßer See"," München -> Salzburg",NA,"STATIONARY_TRAFFIC","11",2025-05-24,"Beginn: 24.05.25 um 16:02 Uhr  Angespannte Verkehrslage, seit 24.05.2025, 16:02 A8: München -> Salzburg, 1.1 km vor Hochstraßer See, aus Richtung Rosenheim  Im Stillstand Durchschnittsgeschwindigkeit: 11 km/h",47.8073587948541,12.1226270564764
"A8","undefined--vi-avl.2025-05-24_15-37-24-000.f_004.de0","47.802248372099285,12.18602989860208,47.802248372099285,12.18602989860208","47.802248372099285,12.18602989860208","WARNING","A8 | Samerberg - Samerberg"," Salzburg -> München",NA,"STATIONARY_TRAFFIC","14",2025-05-24,"Beginn: 24.05.25 um 16:02 Uhr  Angespannte Verkehrslage, seit 24.05.2025, 16:02 A8: Salzburg -> München, 0.7 km vor Samerberg, aus Richtung Apfelkam  Im Stillstand Durchschnittsgeschwindigkeit: 14 km/h",47.8022483720993,12.1860298986021
"A8","undefined--vi-avl.2025-05-24_13-44-35-000.f_001.de0","47.80225480823452,12.185991018985954,47.80467751672263,12.156416236165759","47.80225480823452,12.185991018985954","WARNING","A8 | Apfelkam - Winkelbach"," Salzburg -> München",3,"STATIONARY_TRAFFIC","27.200000762939453",2025-05-24,"Beginn: 24.05.25 um 13:44 Uhr  Angespannte Verkehrslage, seit 24.05.2025, 13:44 A8: Salzburg -> München, zwischen 1.1 km hinter Apfelkam und 1.4 km vor Winkelbach  Im Stillstand Reisezeitverlust: 3 Minuten Durchschnittsgeschwindigkeit: 27 km/h",47.8022548082345,12.185991018986
"A8","undefined--vi-avl.2025-05-24_07-47-30-000.f.de0","47.803193142287995,12.273558347912116,47.803421912283724,12.301463361010024","47.803193142287995,12.273558347912116","WARNING","A8 | Achenmühle - Bernau am Chiemsee"," München -> Salzburg",6,"STATIONARY_TRAFFIC","17.100000381469727",2025-05-24,"Beginn: 24.05.25 um 07:47 Uhr  Angespannte Verkehrslage, seit 24.05.2025, 07:47 A8: München -> Salzburg, zwischen 3.7 km hinter Achenmühle und 5.0 km vor AS Bernau am Chiemsee  Im Stillstand Reisezeitverlust: 6 Minuten Durchschnittsgeschwindigkeit: 17 km/h",47.803193142288,12.2735583479121
"A8","undefined--vi-avl.2025-05-24_07-48-30-000.f_001.de0","47.80312530648663,12.273340257980268,47.80312530648663,12.273340257980268","47.80312530648663,12.273340257980268","WARNING","A8 | Frasdorf - Frasdorf"," München -> Salzburg",NA,"STATIONARY_TRAFFIC","10",2025-05-24,"Beginn: 24.05.25 um 16:02 Uhr  Angespannte Verkehrslage, seit 24.05.2025, 16:02 A8: München -> Salzburg, 0.5 km vor Frasdorf, aus Richtung Achenmühle  Im Stillstand Durchschnittsgeschwindigkeit: 10 km/h",47.8031253064866,12.2733402579803
"A8","undefined--vi-avl.2025-05-24_16-02-02-000.f_001.de0","47.76836850086282,12.938552836859758,47.76819714965689,12.933925701497717","47.76836850086282,12.938552836859758","WARNING","A8 | Schwarzbach - Bad Reichenhall"," Salzburg -> München",0,"SLOW_TRAFFIC","13",2025-05-24,"Beginn: 24.05.25 um 16:02 Uhr  Angespannte Verkehrslage, seit 24.05.2025, 16:02 A8: Salzburg -> München, zwischen 0.1 km hinter Schwarzbach und 2.2 km vor AS Bad Reichenhall  Langsamer Verkehr Reisezeitverlust: 0 Minuten Durchschnittsgeschwindigkeit: 13 km/h",47.7683685008628,12.9385528368598
"A9","undefined--vi-hind.2025-05-24_14-49-25-000.f_008.de0","49.70420730094239,11.4663627000086,49.66772860094256,11.468734800008667","49.70420730094239,11.4663627000086","WARNING","A9 | Weidensees - Plech"," Halle/Leipzig -> Nürnberg",NA,NA,NA,2025-05-24,"Beginn: 24.05.25 um 14:49 Uhr  Fahrzeug-Hindernis, seit 24.05.2025, 14:49 A9: Halle/Leipzig -> Nürnberg, zwischen 0.2 km hinter AS Weidensees und 0.3 km vor AS Plech Gefahr durch ein defektes Fahrzeug auf der Fahrbahn",49.7042073009424,11.4663627000086
"A9","undefined--vi-avl.2025-05-24_15-47-55-000.f.de0","51.073988104472,11.955286615914396,51.05654326948401,11.947488796591372","51.073988104472,11.955286615914396","WARNING","A9 | Naumburg - Droyßig"," Halle/Leipzig -> Nürnberg",1,"SLOW_TRAFFIC","52.099998474121094",2025-05-24,"Beginn: 24.05.25 um 15:47 Uhr  Angespannte Verkehrslage, seit 24.05.2025, 15:47 A9: Halle/Leipzig -> Nürnberg, zwischen 2.0 km hinter AS Naumburg und 1.8 km vor AS Droyßig  Langsamer Verkehr Reisezeitverlust: 1 Minuten Durchschnittsgeschwindigkeit: 52 km/h",51.073988104472,11.9552866159144
"A9","undefined--vi-avl.2025-05-24_15-52-07-000.f_009.de0","51.38998573354661,12.18113632445409,51.38998573354661,12.18113632445409","51.38998573354661,12.18113632445409","WARNING","A9 | Leipzig-West/Merseburg - Leipzig-West/Merseburg"," Halle/Leipzig -> Nürnberg",NA,"STATIONARY_TRAFFIC","20",2025-05-24,"Beginn: 24.05.25 um 16:02 Uhr  Angespannte Verkehrslage, seit 24.05.2025, 16:02 A9: Halle/Leipzig -> Nürnberg, 4.9 km vor AS Leipzig-West/Merseburg, aus Richtung Großkugel  Im Stillstand Durchschnittsgeschwindigkeit: 20 km/h",51.3899857335466,12.1811363244541
"A9","undefined--vi-zus.2025-05-24_14-35-05-000.f.de0","51.38998573354661,12.18113632445409,51.378262675556336,12.18491858943749","51.38998573354661,12.18113632445409","WARNING","A9 | Großkugel - Leipzig-West/Merseburg"," Berlin -> Nürnberg",3,"STATIONARY_TRAFFIC","21.600000381469727",2025-05-24,"Beginn: 24.05.25 um 14:35 Uhr  Zusammengesetzte Verkehrsinformation, seit 24.05.2025, 14:35 A9: Berlin -> Nürnberg, zwischen 1.1 km hinter AS Großkugel und 3.6 km vor AS Leipzig-West/Merseburg  Im Stillstand Reisezeitverlust: 3 Minuten Durchschnittsgeschwindigkeit: 21 km/h",51.3899857335466,12.1811363244541
"A9","undefined--vi-unf.2025-05-24_12-35-36-000.f_006.de0","51.38307057781398,12.183365126530605,51.37258409771937,12.186747194015307","51.38307057781398,12.183365126530605","WARNING","A9 | Großkugel - Leipzig-West/Merseburg"," Berlin -> Nürnberg",NA,NA,NA,2025-05-24,"Beginn: 24.05.25 um 12:35 Uhr  Unfall, seit 24.05.2025, 12:35 A9: Berlin -> Nürnberg, zwischen 1.9 km hinter AS Großkugel und 2.9 km vor AS Leipzig-West/Merseburg",51.383070577814,12.1833651265306
"A10","undefined--vi-zus.2025-05-24_09-37-00-000.f.de0","52.403485519107946,12.871838102804341,52.41907971157735,12.91911764602337","52.403485519107946,12.871838102804341","WARNING","A10 | Groß Kreutz - Leest"," Dreieck Werder -> Dreieck Havelland",14,"STATIONARY_TRAFFIC","13.399999618530273",2025-05-24,"Beginn: 24.05.25 um 09:37 Uhr  Zusammengesetzte Verkehrsinformation, seit 24.05.2025, 09:37 A10: Dreieck Werder -> Dreieck Havelland, zwischen 2.7 km hinter AS Groß Kreutz und 2.1 km vor AS Leest  Im Stillstand Reisezeitverlust: 14 Minuten Durchschnittsgeschwindigkeit: 13 km/h",52.4034855191079,12.8718381028043
"A10","undefined--vi-avl.2025-05-24_09-43-07-000.f.de0","52.40349703478961,12.871860648013087,52.40349703478961,12.871860648013087","52.40349703478961,12.871860648013087","WARNING","A10 | Phöben - Phöben"," Dreieck Werder -> Dreieck Havelland",NA,"STATIONARY_TRAFFIC","7",2025-05-24,"Beginn: 24.05.25 um 16:02 Uhr  Angespannte Verkehrslage, seit 24.05.2025, 16:02 A10: Dreieck Werder -> Dreieck Havelland, 2.3 km vor AS Phöben, aus Richtung Groß Kreutz  Im Stillstand Durchschnittsgeschwindigkeit: 7 km/h",52.4034970347896,12.8718606480131
"A10","undefined--vi-hind.2025-05-24_15-58-52-000.f.de0","52.47642670092842,12.95605780006345,52.47642670092842,12.95605780006345","52.47642670092842,12.95605780006345","WARNING","A10 | Berlin-Spandau - Potsdam-Nord"," Dreieck Havelland -> Dreieck Werder",NA,NA,NA,2025-05-24,"Beginn: 24.05.25 um 15:58 Uhr  Fahrzeug-Hindernis, seit 24.05.2025, 15:58 A10: Dreieck Havelland -> Dreieck Werder, zwischen 9.1 km hinter AS Berlin-Spandau und 0.3 km vor AS Potsdam-Nord Gefahr durch ein defektes Fahrzeug auf der Fahrbahn",52.4764267009284,12.9560578000634
"A11","undefined--vi-hind.2025-05-24_15-48-26-000.f.de0","52.89192554441905,13.71805481382668,52.89070058987351,13.715903114814989","52.89192554441905,13.71805481382668","WARNING","A11 | Werbellin - Buckowsee-Ost"," Kreuz Uckermark -> Berliner Ring",NA,NA,NA,2025-05-24,"Beginn: 24.05.25 um 15:48 Uhr  Fahrzeug-Hindernis, seit 24.05.2025, 15:48 A11: Kreuz Uckermark -> Berliner Ring, zwischen 0.1 km hinter AS Werbellin und 1.0 km vor Buckowsee-Ost Gefahr durch ein defektes Fahrzeug auf der Fahrbahn",52.8919255444191,13.7180548138267
"A12","WarnungA10Lkw3","47.61802931631098,12.202336027754352,47.61802931631098,12.202336027754352","47.61802931631098,12.202336027754352","WARNING","E45/E60 | LKW Blockabfertigung | A12-Inntal Autobahn","Richtung Italien",NA,NA,NA,2025-01-11,"Zeitraum: Beginn: 07.01.2025 Ende: 09.12.2025  Hinweis für LKW-Reisende nach Österreich: LKW-Blockabfertigungen an ausgewählten Tagen für Lkw am Grenzübergang Kufstein/Kiefersfelden. Maximaler Durchlass von 300 LKWs pro Stunde  Die genauen Ausführungszeiten und weitere Informationen auf tirol.gv.at/verkehr/verkehrs-und-seilbahnrecht/lkw-dosierung.",47.618029316311,12.2023360277544
"A12","WarnungA10Lkw2","47.6164490154047,12.202382557672273,47.6164490154047,12.202382557672273","47.6164490154047,12.202382557672273","WARNING","E43/E45/E60 | A13-Brenner Autobahn","Richtung Italien",NA,NA,NA,2025-01-11,"Zeitraum: Beginn: 11.01.2025 Ende: 27.09.2025  Hinweis für LKW-Reisende nach Österreich: LKW-Fahrverbot auf der A12-Inntal Autobahn, A13-Brenner Autobahn und A14-Rheintal/Walgau Autobahn, wenn das Ziel der Fahrt der Anschlussstelle Nößlach bis Anschlussstelle Brenner Nord der Richtungsfahrbahn Staatsgrenze der A 13 Brenner Autobahn erreicht werden soll. An ausgewählten Samstagen 7-15 Uhr sowie weiteren Tagen im Zeitraum 11.01. - 27.09.2025 Weitere Informationen auf http://asfinag.at/a13",47.6164490154047,12.2023825576723
"A13","undefined--vi-avl.2025-05-24_16-02-30-000.f_005.de0","51.700875225621864,13.899570057974191,51.700875225621864,13.899570057974191","51.700875225621864,13.899570057974191","WARNING","A13 | Bronkow - Bronkow"," Schönefelder Kreuz -> Dresden",NA,"STATIONARY_TRAFFIC","2",2025-05-24,"Beginn: 24.05.25 um 16:02 Uhr  Angespannte Verkehrslage, seit 24.05.2025, 16:02 A13: Schönefelder Kreuz -> Dresden, 4.3 km vor AS Bronkow, aus Richtung Calau  Im Stillstand Durchschnittsgeschwindigkeit: 2 km/h",51.7008752256219,13.8995700579742
"A13","undefined--vi-avl.2025-05-24_16-02-30-000.f.de0","51.700875225621864,13.899570057974191,51.69964350093861,13.900150600208644","51.700875225621864,13.899570057974191","WARNING","A13 | Calau - Bronkow"," Schönefelder Kreuz -> Dresden",4,"STATIONARY_TRAFFIC","2.0999999046325684",2025-05-24,"Beginn: 24.05.25 um 16:02 Uhr  Angespannte Verkehrslage, seit 24.05.2025, 16:02 A13: Schönefelder Kreuz -> Dresden, zwischen 10.2 km hinter AS Calau und 4.1 km vor AS Bronkow  Im Stillstand Reisezeitverlust: 4 Minuten Durchschnittsgeschwindigkeit: 2 km/h",51.7008752256219,13.8995700579742
"A14","undefined--vi-avl.2025-05-24_13-00-29-000.f_002.de0","51.23583202338306,12.881435826998077,51.23583202338306,12.881435826998077","51.23583202338306,12.881435826998077","WARNING","A14 | Mutzschen - Mutzschen"," Nossen -> Leipzig",NA,"STATIONARY_TRAFFIC","8",2025-05-24,"Beginn: 24.05.25 um 16:02 Uhr  Angespannte Verkehrslage, seit 24.05.2025, 16:02 A14: Nossen -> Leipzig, 2.0 km vor AS Mutzschen, aus Richtung Leisnig  Im Stillstand Durchschnittsgeschwindigkeit: 8 km/h",51.2358320233831,12.8814358269981
"A14","undefined--vi-zus.2025-05-24_12-58-50-000.f_001.de0","51.23583202338306,12.881435826998077,51.24173110093593,12.861502900067599","51.23583202338306,12.881435826998077","WARNING","A14 | Leisnig - Mutzschen"," Nossen -> Leipzig",10,"STATIONARY_TRAFFIC","8",2025-05-24,"Beginn: 24.05.25 um 12:58 Uhr  Zusammengesetzte Verkehrsinformation, seit 24.05.2025, 12:58 A14: Nossen -> Leipzig, zwischen 7.5 km hinter AS Leisnig und 0.4 km vor AS Mutzschen  Im Stillstand Reisezeitverlust: 10 Minuten Durchschnittsgeschwindigkeit: 8 km/h",51.2358320233831,12.8814358269981
"A14","undefined--vi-hind.2025-05-24_10-17-45-000.f_019.de0","51.242956997027306,12.858166014270168,51.25767940093562,12.739132700057349","51.242956997027306,12.858166014270168","WARNING","A14 | Leisnig - Grimma"," Nossen -> Leipzig",NA,NA,NA,2025-05-24,"Beginn: 24.05.25 um 10:17 Uhr  Fahrzeug-Hindernis, seit 24.05.2025, 10:17 A14: Nossen -> Leipzig, zwischen 9.3 km hinter AS Leisnig und 0.5 km vor AS Grimma",51.2429569970273,12.8581660142702
"A14","undefined--vi-hind.2025-05-24_10-17-45-000.f_020.de0","51.24173110093593,12.861502900067599,51.25745730093562,12.734896900057029","51.24173110093593,12.861502900067599","WARNING","A14 | Leisnig - Grimma"," Nossen -> Leipzig",NA,NA,NA,2025-05-24,"Beginn: 24.05.25 um 10:17 Uhr  Fahrzeug-Hindernis, seit 24.05.2025, 10:17 A14: Nossen -> Leipzig, zwischen 9.0 km hinter AS Leisnig und 0.2 km vor AS Grimma",51.2417311009359,12.8615029000676
"A23","undefined--vi-avl.2025-05-24_09-37-00-000.f.de0","53.669534840297935,9.808898728948426,53.6632325525171,9.816990445124759","53.669534840297935,9.808898728948426","WARNING","A23 | Pinneberg-Nord - Pinneberg-Mitte"," Heide -> Hamburg",0,"SLOW_TRAFFIC","49.5",2025-05-24,"Beginn: 24.05.25 um 09:37 Uhr  Angespannte Verkehrslage, seit 24.05.2025, 09:37 A23: Heide -> Hamburg, zwischen 1.3 km hinter AS Pinneberg-Nord und 1.0 km vor AS Pinneberg-Mitte  Langsamer Verkehr Reisezeitverlust: 0 Minuten Durchschnittsgeschwindigkeit: 49 km/h",53.6695348402979,9.80889872894843
"A23","undefined--vi-hind.2025-05-24_15-33-13-000.f.de0","54.075370532402,9.282193442816256,54.07483403838676,9.284530660761718","54.075370532402,9.282193442816256","WARNING","A23 | Albersdorf - Schafstedt"," Heide -> Hamburg",NA,NA,NA,2025-05-24,"Beginn: 24.05.25 um 15:33 Uhr  Fahrzeug-Hindernis, seit 24.05.2025, 15:33 A23: Heide -> Hamburg, zwischen 5.1 km hinter AS Albersdorf und 0.3 km vor AS Schafstedt Gefahr durch ein defektes Fahrzeug auf der Fahrbahn",54.075370532402,9.28219344281626
"A24","undefined--vi-hind.2025-05-24_15-53-31-000.f.de0","53.21005807058897,12.252780849245203,53.21005807058897,12.252780849245203","53.21005807058897,12.252780849245203","WARNING","A24 | Pritzwalk - Meyenburg"," Pritzwalk -> Schwerin",NA,NA,NA,2025-05-24,"Beginn: 24.05.25 um 15:53 Uhr  Fahrzeug-Hindernis, seit 24.05.2025, 15:53 A24: Pritzwalk -> Schwerin, zwischen 12.8 km hinter AS Pritzwalk und 3.9 km vor AS Meyenburg Gefahr durch ein defektes Fahrzeug auf der Fahrbahn",53.210058070589,12.2527808492452
"A31","undefined--vi-avl.2025-05-24_15-52-07-000.f_005.de0","51.569466182153946,6.93061707752712,51.569466182153946,6.93061707752712","51.569466182153946,6.93061707752712","WARNING","A31 | Bottrop - Bottrop"," Gronau -> Oberhausen",NA,"STATIONARY_TRAFFIC","10",2025-05-24,"Beginn: 24.05.25 um 16:02 Uhr  Angespannte Verkehrslage, seit 24.05.2025, 16:02 A31: Gronau -> Oberhausen, 1.4 km vor AD Bottrop, aus Richtung Gladbeck  Im Stillstand Durchschnittsgeschwindigkeit: 10 km/h",51.5694661821539,6.93061707752712
"A31","undefined--vi-avl.2025-05-24_15-25-30-000.f.de0","51.569466182153946,6.93061707752712,51.557788137407314,6.9263298871816055","51.569466182153946,6.93061707752712","WARNING","A31 | Gladbeck - Bottrop"," Gronau -> Oberhausen",3,"STATIONARY_TRAFFIC","19.600000381469727",2025-05-24,"Beginn: 24.05.25 um 15:25 Uhr  Angespannte Verkehrslage, seit 24.05.2025, 15:25 A31: Gronau -> Oberhausen, zwischen 1.9 km hinter AS Gladbeck und AD Bottrop  Im Stillstand Reisezeitverlust: 3 Minuten Durchschnittsgeschwindigkeit: 19 km/h",51.5694661821539,6.93061707752712
"A37","undefined--vi-zus.2025-05-20_10-04-05-000.f_002.de0","52.442156462690335,9.933442989087833,52.436581812162494,9.913211841333315","52.442156462690335,9.933442989087833","WARNING","A37 | Beinhorn - Hannover-Kirchhorst"," Celle -> Hannover",NA,NA,NA,2025-05-20,"Beginn: 20.05.25 um 10:04 Uhr  Zusammengesetzte Verkehrsinformation, seit 20.05.2025, 10:04 B3: Celle -> Hannover, zwischen 0.4 km hinter AS Beinhorn und 2.1 km vor AK Hannover-Kirchhorst  A37 Messe - Burgdorf
zwischen Kreuz Hannover-Buchholz und Beinhorn
in beiden Richtungen geänderte Verkehrsführung im Baustellenbereich, Bauarbeiten, bis 30.10.2026 ca. 18:00 Uhr",52.4421564626903,9.93344298908783
"A37","undefined--vi-zus.2025-05-20_10-04-05-000.f_003.de0","52.42566547847685,9.880479425875153,52.44102213295518,9.93161290421946","52.42566547847685,9.880479425875153","WARNING","Baustelle"," km 22.62 --> km 26.54",NA,NA,NA,2025-05-20,"Beginn: 20.05.25 um 10:04 Uhr  Zusammengesetzte Verkehrsinformation, seit 20.05.2025, 10:04 A37: km 22.62 --> km 26.54  A37 Messe - Burgdorf
zwischen Kreuz Hannover-Buchholz und Beinhorn
in beiden Richtungen geänderte Verkehrsführung im Baustellenbereich, Bauarbeiten, bis 30.10.2026 ca. 18:00 Uhr",52.4256654784769,9.88047942587515
"A40","undefined--vi-avl.2025-05-24_13-58-53-000.f_011.de0","51.44063023263191,6.957951970415993,51.446615714373664,6.999316350797095","51.44063023263191,6.957951970415993","WARNING","A40 | Mülheim-Heimaterde - Ruhrschnellwegtunnel"," Duisburg -> Essen",1,"SLOW_TRAFFIC","51.400001525878906",2025-05-24,"Beginn: 24.05.25 um 13:58 Uhr  Angespannte Verkehrslage, seit 24.05.2025, 13:58 A40: Duisburg -> Essen, zwischen 0.7 km hinter AS Mülheim-Heimaterde und 0.2 km vor Ruhrschnellwegtunnel  Langsamer Verkehr Reisezeitverlust: 1 Minuten Durchschnittsgeschwindigkeit: 51 km/h",51.4406302326319,6.95795197041599
"A40","undefined--vi-avl.2025-05-24_13-40-00-000.f.de0","51.47246288421187,7.117686381509272,51.455727097824315,7.04454250925899","51.47246288421187,7.117686381509272","WARNING","A40 | Bochum-Wattenscheid-West - Essen-Ost"," Dortmund -> Duisburg",4,"SLOW_TRAFFIC","44",2025-05-24,"Beginn: 24.05.25 um 13:40 Uhr  Angespannte Verkehrslage, seit 24.05.2025, 13:40 A40: Dortmund -> Duisburg, zwischen 0.8 km hinter AS Bochum-Wattenscheid-West und 0.3 km vor AD Essen-Ost  Langsamer Verkehr Reisezeitverlust: 4 Minuten Durchschnittsgeschwindigkeit: 44 km/h",51.4724628842119,7.11768638150927
"A40","undefined--vi-avl.2025-05-24_16-02-30-000.f_002.de0","51.495877544531844,7.1890346918477475,51.49743305346051,7.205425693176372","51.495877544531844,7.1890346918477475","WARNING","A40 | Bochum-West - Bochum-Zentrum"," Essen -> Dortmund",0,"SLOW_TRAFFIC","54.79999923706055",2025-05-24,"Beginn: 24.05.25 um 16:02 Uhr  Angespannte Verkehrslage, seit 24.05.2025, 16:02 A40: Essen -> Dortmund, zwischen 1.8 km hinter AD Bochum-West und 0.5 km vor AS Bochum-Zentrum  Langsamer Verkehr Reisezeitverlust: 0 Minuten Durchschnittsgeschwindigkeit: 54 km/h",51.4958775445318,7.18903469184775
"A40","undefined--vi-avl.2025-05-24_15-54-13-000.f_002.de0","51.49295894868969,7.349585999588951,51.49632393225015,7.30843666233782","51.49295894868969,7.349585999588951","WARNING","A40 | Dortmund-Kley - Bochum-Werne"," Dortmund -> Essen",2,"SLOW_TRAFFIC","46.29999923706055",2025-05-24,"Beginn: 24.05.25 um 15:54 Uhr  Angespannte Verkehrslage, seit 24.05.2025, 15:54 A40: Dortmund -> Essen, zwischen 1.2 km hinter AS Dortmund-Kley und 1.3 km vor AS Bochum-Werne  Langsamer Verkehr Reisezeitverlust: 2 Minuten Durchschnittsgeschwindigkeit: 46 km/h",51.4929589486897,7.34958599958895
"A42","undefined--vi-avl.2025-05-24_15-59-50-000.f_001.de0","51.496119210772356,6.871327381857408,51.49643120093344,6.8850404999962915","51.496119210772356,6.871327381857408","WARNING","A42 | Oberhausen-Zentrum - Oberhausen Neue Mitte"," Kamp-Lintfort -> Dortmund",1,"QUEUING_TRAFFIC","33.20000076293945",2025-05-24,"Beginn: 24.05.25 um 15:59 Uhr  Angespannte Verkehrslage, seit 24.05.2025, 15:59 A42: Kamp-Lintfort -> Dortmund, zwischen 0.5 km hinter AS Oberhausen-Zentrum und 0.3 km vor AS Oberhausen Neue Mitte  Stockender Verkehr Reisezeitverlust: 1 Minuten Durchschnittsgeschwindigkeit: 33 km/h",51.4961192107724,6.87132738185741
"A42","undefined--vi-avl.2025-05-24_15-58-25-000.f_004.de0","51.49788161136547,6.911785553283715,51.502056200708545,6.929777939445118","51.49788161136547,6.911785553283715","WARNING","A42 | Oberhausen Neue Mitte - Bottrop-Süd"," Kamp-Lintfort -> Dortmund",1,"SLOW_TRAFFIC","33.5",2025-05-24,"Beginn: 24.05.25 um 15:58 Uhr  Angespannte Verkehrslage, seit 24.05.2025, 15:58 A42: Kamp-Lintfort -> Dortmund, zwischen 1.5 km hinter AS Oberhausen Neue Mitte und 0.5 km vor AS Bottrop-Süd  Langsamer Verkehr Reisezeitverlust: 1 Minuten Durchschnittsgeschwindigkeit: 33 km/h",51.4978816113655,6.91178555328371
"A42","undefined--vi-avl.2025-05-24_15-59-50-000.f_003.de0","51.496119210772356,6.871327381857408,51.496119210772356,6.871327381857408","51.496119210772356,6.871327381857408","WARNING","A42 | Oberhausen Neue Mitte - Oberhausen Neue Mitte"," Kamp-Lintfort -> Dortmund",NA,"QUEUING_TRAFFIC","12",2025-05-24,"Beginn: 24.05.25 um 16:02 Uhr  Angespannte Verkehrslage, seit 24.05.2025, 16:02 A42: Kamp-Lintfort -> Dortmund, 1.3 km vor AS Oberhausen Neue Mitte, aus Richtung Oberhausen-Zentrum  Stockender Verkehr Durchschnittsgeschwindigkeit: 12 km/h",51.4961192107724,6.87132738185741
"A42","undefined--vi-avl.2025-05-24_15-59-50-000.f_006.de0","51.49788161136547,6.911785553283715,51.49788161136547,6.911785553283715","51.49788161136547,6.911785553283715","WARNING","A42 | Bottrop-Süd - Bottrop-Süd"," Kamp-Lintfort -> Dortmund",NA,"SLOW_TRAFFIC","29",2025-05-24,"Beginn: 24.05.25 um 16:02 Uhr  Angespannte Verkehrslage, seit 24.05.2025, 16:02 A42: Kamp-Lintfort -> Dortmund, 1.8 km vor AS Bottrop-Süd, aus Richtung Oberhausen Neue Mitte  Langsamer Verkehr Durchschnittsgeschwindigkeit: 29 km/h",51.4978816113655,6.91178555328371
"A43","undefined--vi-zus.2025-05-24_15-58-52-000.f.de0","51.51436561294919,7.215721475885783,51.527023100121774,7.207890351273001","51.51436561294919,7.215721475885783","WARNING","A43 | Bochum-Gerthe - Herne-Eickel"," Wuppertal -> Recklinghausen",0,"SLOW_TRAFFIC","60.599998474121094",2025-05-24,"Beginn: 24.05.25 um 15:58 Uhr  Zusammengesetzte Verkehrsinformation, seit 24.05.2025, 15:58 A43: Wuppertal -> Recklinghausen, zwischen 3.3 km hinter AS Bochum-Gerthe und 0.6 km vor AS Herne-Eickel  Langsamer Verkehr Reisezeitverlust: 0 Minuten Durchschnittsgeschwindigkeit: 60 km/h",51.5143656129492,7.21572147588578
"A43","undefined--vi-avl.2025-05-24_16-02-30-000.f_009.de0","51.53770961184562,7.205871188820009,51.53770961184562,7.205871188820009","51.53770961184562,7.205871188820009","WARNING","A43 | Herne-Eickel - Herne-Eickel"," Recklinghausen -> Wuppertal",NA,"SLOW_TRAFFIC","29",2025-05-24,"Beginn: 24.05.25 um 16:02 Uhr  Angespannte Verkehrslage, seit 24.05.2025, 16:02 A43: Recklinghausen -> Wuppertal, 0.6 km vor AS Herne-Eickel, aus Richtung Herne  Langsamer Verkehr Durchschnittsgeschwindigkeit: 29 km/h",51.5377096118456,7.20587118882001
"A43","undefined--vi-avl.2025-05-24_15-06-40-000.f_005.de0","51.53784119728247,7.205778031104127,51.51741681717061,7.2121402320341","51.53784119728247,7.205778031104127","WARNING","A43 | Herne - Bochum-Riemke"," Recklinghausen -> Wuppertal",1,"SLOW_TRAFFIC","51.099998474121094",2025-05-24,"Beginn: 24.05.25 um 15:06 Uhr  Angespannte Verkehrslage, seit 24.05.2025, 15:06 A43: Recklinghausen -> Wuppertal, zwischen 0.8 km hinter AK Herne und 0.1 km vor AS Bochum-Riemke  Langsamer Verkehr Reisezeitverlust: 1 Minuten Durchschnittsgeschwindigkeit: 51 km/h",51.5378411972825,7.20577803110413
"A44","undefined--vi-avl.2025-05-24_16-02-30-000.f_007.de0","51.54143710680092,8.019661673236374,51.54143710680092,8.019661673236374","51.54143710680092,8.019661673236374","WARNING","A44 | Röllingsergraben - Röllingsergraben"," Kassel -> Dortmund",NA,"STATIONARY_TRAFFIC","11",2025-05-24,"Beginn: 24.05.25 um 16:02 Uhr  Angespannte Verkehrslage, seit 24.05.2025, 16:02 A44: Kassel -> Dortmund, in Höhe Röllingsergraben, aus Richtung Soest  Im Stillstand Durchschnittsgeschwindigkeit: 11 km/h",51.5414371068009,8.01966167323637
"A44","undefined--vi-avl.2025-05-24_16-02-30-000.f_008.de0","51.54143710680092,8.019661673236374,51.54094519133188,8.017068277086203","51.54143710680092,8.019661673236374","WARNING","A44 | Soest - Werl-Süd"," Kassel -> Dortmund",0,"STATIONARY_TRAFFIC","11.300000190734863",2025-05-24,"Beginn: 24.05.25 um 16:02 Uhr  Angespannte Verkehrslage, seit 24.05.2025, 16:02 A44: Kassel -> Dortmund, zwischen 5.7 km hinter AS Soest und 5.9 km vor AS Werl-Süd  Im Stillstand Reisezeitverlust: 0 Minuten Durchschnittsgeschwindigkeit: 11 km/h",51.5414371068009,8.01966167323637
"A46","undefined--vi-avl.2025-05-24_14-39-34-000.f.de0","51.29554904594131,7.211326839426383,51.26597344792883,7.133211626842782","51.29554904594131,7.211326839426383","WARNING","A46 | Sternenberg - Wuppertal-Katernberg"," Wuppertal -> Düsseldorf",6,"SLOW_TRAFFIC","39.29999923706055",2025-05-24,"Beginn: 24.05.25 um 14:39 Uhr  Angespannte Verkehrslage, seit 24.05.2025, 14:39 A46: Wuppertal -> Düsseldorf, zwischen 0.3 km hinter Sternenberg und 0.2 km vor AS Wuppertal-Katernberg  Langsamer Verkehr Reisezeitverlust: 6 Minuten Durchschnittsgeschwindigkeit: 39 km/h",51.2955490459413,7.21132683942638
"A52","undefined--vi-avl.2025-05-24_15-58-25-000.f_006.de0","51.26977166579813,6.7936134453560175,51.26977166579813,6.7936134453560175","51.26977166579813,6.7936134453560175","WARNING","A52 | Düsseldorf-Rath (Übergang A52/B1) - Düsseldorf-Rath (Übergang A52/B1)"," Essen -> Düsseldorf",NA,"STATIONARY_TRAFFIC","11",2025-05-24,"Beginn: 24.05.25 um 16:02 Uhr  Angespannte Verkehrslage, seit 24.05.2025, 16:02 A52: Essen -> Düsseldorf, 0.6 km vor Düsseldorf-Rath (Übergang A52/B1), aus Richtung Düsseldorf-Rath  Im Stillstand Durchschnittsgeschwindigkeit: 11 km/h",51.2697716657981,6.79361344535602
"A57","undefined--vi-avl.2025-05-24_14-55-12-000.f_008.de0","51.3314662088344,6.627769310106204,51.30756404484575,6.634881015875577","51.3314662088344,6.627769310106204","WARNING","A57 | Krefeld-Zentrum - Meerbusch"," Krefeld -> Köln",0,"SLOW_TRAFFIC","55.29999923706055",2025-05-24,"Beginn: 24.05.25 um 14:55 Uhr  Angespannte Verkehrslage, seit 24.05.2025, 14:55 A57: Krefeld -> Köln, zwischen 1.4 km hinter AS Krefeld-Zentrum und 1.8 km vor AK Meerbusch  Langsamer Verkehr Reisezeitverlust: 0 Minuten Durchschnittsgeschwindigkeit: 55 km/h",51.3314662088344,6.6277693101062
"A59","undefined--vi-avl.2025-05-24_14-47-08-000.f_001.de0","50.90941319268942,7.066655655406505,50.90941319268942,7.066655655406505","50.90941319268942,7.066655655406505","WARNING","A59 | Köln-Rath - Köln-Rath"," Köln -> Bonn",NA,"SLOW_TRAFFIC","23",2025-05-24,"Beginn: 24.05.25 um 16:02 Uhr  Angespannte Verkehrslage, seit 24.05.2025, 16:02 A59: Köln -> Bonn, 0.2 km vor AS Köln-Rath, aus Richtung Köln-Heumar  Langsamer Verkehr Durchschnittsgeschwindigkeit: 23 km/h",50.9094131926894,7.0666556554065
"A59","undefined--vi-avl.2025-05-24_14-46-02-000.f.de0","50.90941319268942,7.066655655406505,50.90279746691589,7.074905705782617","50.90941319268942,7.066655655406505","WARNING","A59 | Köln-Heumar - Schloß Röttgen"," Köln -> Bonn",0,"SLOW_TRAFFIC","40.5",2025-05-24,"Beginn: 24.05.25 um 14:46 Uhr  Angespannte Verkehrslage, seit 24.05.2025, 14:46 A59: Köln -> Bonn, zwischen 1.7 km hinter AD Köln-Heumar und 0.9 km vor Schloß Röttgen  Langsamer Verkehr Reisezeitverlust: 0 Minuten Durchschnittsgeschwindigkeit: 40 km/h",50.9094131926894,7.0666556554065
"A59","undefined--vi-avl.2025-05-24_12-41-54-000.f_006.de0","51.46545433586141,6.768073686964583,51.455416912498066,6.776953192777678","51.46545433586141,6.768073686964583","WARNING","A59 | Duisburg-Meiderich - Berliner Brücke"," Dinslaken -> Duisburg",0,"SLOW_TRAFFIC","51.400001525878906",2025-05-24,"Beginn: 24.05.25 um 16:02 Uhr  Angespannte Verkehrslage, seit 24.05.2025, 16:02 A59: Dinslaken -> Duisburg, zwischen 0.5 km hinter AS Duisburg-Meiderich und 0.1 km vor Berliner Brücke  Langsamer Verkehr Reisezeitverlust: 0 Minuten Durchschnittsgeschwindigkeit: 51 km/h",51.4654543358614,6.76807368696458
"A60","undefined--vi-zus.2025-04-08_08-51-21-000.f_013.de0","49.98125533976677,8.345695317688524,49.97565770865279,8.441396718063045","49.98125533976677,8.345695317688524","WARNING","A60 | Mainspitz-Dreieck - Rüsselsheimer Dreieck"," Mainz -> Rüsselsheim",NA,NA,NA,2025-04-08,"Beginn: 08.04.25 um 08:51 Uhr  Zusammengesetzte Verkehrsinformation, seit 08.04.2025, 08:51 A60: Mainz -> Rüsselsheim, zwischen 0.5 km hinter AD Mainspitz-Dreieck und 2.2 km vor AD Rüsselsheimer Dreieck  Sperrung der A60 bei Königstädten – Grundhafte Fahrbahnerneuerung zwischen dem Rüsselsheimer Dreieck und dem Mainspitz Dreieck. Die Niederlassung West der Autobahn GmbH erneuert zwischen dem Rüsselsheimer Dreieck (30) und dem Mainspitz Dreieck (26) die Fahrbahn. Von Donnerstagmorgen (24. April) bis Mitte Juli wird die Anschlussstelle (AS) Königstädten (29) in Fahrtrichtung (FR) Mainz sowie in FR Rüsselsheimer Dreieck gesperrt. Umleitungsmöglichkeiten sind ausgeschildert: • Ausfahrt FR Mainz: Umleitung via AS Rüsselsheim-Mitte • Einfahrt FR Mainz: innerstädtische Umleitung zur AS Rüsselsheim-Mitte (Adam-Opel-Straße / Kurt-Schumacher-Ring), von Nauheim kommend via L3482 zur AS Bischofsheim • Einfahrt FR Darmstadt: innerstädtische Umleitung zur AS Rüsselsheim-Mitte (Adam-Opel-Straße / Kurt-Schumacher-Ring) Die Autobahn GmbH bittet alle Verkehrsteilnehmer um Verständnis für die unvermeidlichen Verkehrsbehinderungen, die durch die Arbeiten entstehen.",49.9812553397668,8.34569531768852
"A60","undefined--vi-zus.2025-05-03_10-55-00-000.f_003.de0","49.977457399447445,8.454646346787307,49.981587265039146,8.34517285786785","49.977457399447445,8.454646346787307","WARNING","A60 | Rüsselsheimer Dreieck - Mainspitz-Dreieck"," Rüsselsheim -> Mainz",NA,NA,NA,2025-05-03,"Beginn: 03.05.25 um 10:55 Uhr  Zusammengesetzte Verkehrsinformation, seit 03.05.2025, 10:55 A60: Rüsselsheim -> Mainz, zwischen 0.6 km hinter AD Rüsselsheimer Dreieck und 0.5 km vor AD Mainspitz-Dreieck  Sperrung der A60 bei Königstädten – Grundhafte Fahrbahnerneuerung zwischen dem Rüsselsheimer Dreieck und dem Mainspitz Dreieck. Die Niederlassung West der Autobahn GmbH erneuert zwischen dem Rüsselsheimer Dreieck (30) und dem Mainspitz Dreieck (26) die Fahrbahn. Von Donnerstagmorgen (24. April) bis Mitte Juli wird die Anschlussstelle (AS) Königstädten (29) in Fahrtrichtung (FR) Mainz sowie in FR Rüsselsheimer Dreieck gesperrt. Umleitungsmöglichkeiten sind ausgeschildert: • Ausfahrt FR Mainz: Umleitung via AS Rüsselsheim-Mitte • Einfahrt FR Mainz: innerstädtische Umleitung zur AS Rüsselsheim-Mitte (Adam-Opel-Straße / Kurt-Schumacher-Ring), von Nauheim kommend via L3482 zur AS Bischofsheim • Einfahrt FR Darmstadt: innerstädtische Umleitung zur AS Rüsselsheim-Mitte (Adam-Opel-Straße / Kurt-Schumacher-Ring) Die Autobahn GmbH bittet alle Verkehrsteilnehmer um Verständnis für die unvermeidlichen Verkehrsbehinderungen, die durch die Arbeiten entstehen.",49.9774573994474,8.45464634678731
"A61","undefined--vi-hind.2025-05-24_15-48-26-000.f_003.de0","49.84130522254063,7.991306753476457,49.840096973748416,7.9931945839694665","49.84130522254063,7.991306753476457","WARNING","A61 | Sitzborn - Gau-Bickelheim"," Koblenz -> Ludwigshafen",NA,NA,NA,2025-05-24,"Beginn: 24.05.25 um 15:48 Uhr  Fahrzeug-Hindernis, seit 24.05.2025, 15:48 A61: Koblenz -> Ludwigshafen, zwischen 3.4 km hinter Sitzborn und 0.3 km vor AS Gau-Bickelheim Gefahr durch ein defektes Fahrzeug auf der Fahrbahn",49.8413052225406,7.99130675347646
"A61","undefined--vi-hind.2025-05-24_15-07-19-000.f_005.de0","49.946420913438246,7.7929259692121695,49.94798735539597,7.791867669913839","49.946420913438246,7.7929259692121695","WARNING","A61 | Waldlaubersheim - Stromberg"," Ludwigshafen -> Koblenz",NA,NA,NA,2025-05-24,"Beginn: 24.05.25 um 15:07 Uhr  Fahrzeug-Hindernis, seit 24.05.2025, 15:07 A61: Ludwigshafen -> Koblenz, zwischen 3.6 km hinter AS Waldlaubersheim und 0.1 km vor AS Stromberg Gefahr durch ein defektes Fahrzeug auf der Fahrbahn",49.9464209134382,7.79292596921217
"A61","undefined--vi-hind.2025-05-24_15-47-26-000.f_002.de0","50.399725985358344,7.241552219204703,50.4143817226458,7.235189919448723","50.399725985358344,7.241552219204703","WARNING","A61 | In Dürpel - Brohltal-Ost"," Koblenz -> Mönchengladbach",NA,NA,NA,2025-05-24,"Beginn: 24.05.25 um 15:47 Uhr  Hindernis, seit 24.05.2025, 15:47 A61: Koblenz -> Mönchengladbach, zwischen 1.3 km hinter In Dürpel und 2.9 km vor Brohltal-Ost  Gefahr durch eine ungesicherte Unfallstelle",50.3997259853583,7.2415522192047
"A61","undefined--vi-zus.2025-05-24_15-48-55-000.f.de0","50.39723440935987,7.243779325835644,50.40999040388031,7.23665552288099","50.39723440935987,7.243779325835644","WARNING","A61 | In Dürpel - Brohltal-Ost"," Koblenz -> Mönchengladbach",30,"STATIONARY_TRAFFIC","3",2025-05-24,"Beginn: 24.05.25 um 15:48 Uhr  Zusammengesetzte Verkehrsinformation, seit 24.05.2025, 15:48 A61: Koblenz -> Mönchengladbach, zwischen 1.0 km hinter In Dürpel und 3.3 km vor Brohltal-Ost  Im Stillstand Reisezeitverlust: 30 Minuten Durchschnittsgeschwindigkeit: 3 km/h  Gefahr durch Gegenstände auf der Fahrbahn",50.3972344093599,7.24377932583564
"A61","undefined--vi-avl.2025-05-24_15-56-13-000.f_007.de0","50.39723440935987,7.243779325835644,50.39723440935987,7.243779325835644","50.39723440935987,7.243779325835644","WARNING","A61 | Wehr - Wehr"," Koblenz -> Mönchengladbach",NA,"STATIONARY_TRAFFIC","3",2025-05-24,"Beginn: 24.05.25 um 16:02 Uhr  Angespannte Verkehrslage, seit 24.05.2025, 16:02 A61: Koblenz -> Mönchengladbach, 1.3 km vor AS Wehr, aus Richtung In Dürpel  Im Stillstand Durchschnittsgeschwindigkeit: 3 km/h",50.3972344093599,7.24377932583564
"A61","undefined--vi-hind.2025-05-24_15-59-50-000.f.de0","50.41020280093926,7.236583199998161,50.41020280093926,7.236583199998161","50.41020280093926,7.236583199998161","WARNING","A61 | Wehr - Brohltal-Ost"," Koblenz -> Mönchengladbach",NA,NA,NA,2025-05-24,"Beginn: 24.05.25 um 15:59 Uhr  Hindernis, seit 24.05.2025, 15:59 A61: Koblenz -> Mönchengladbach, zwischen 0.2 km hinter AS Wehr und 3.1 km vor Brohltal-Ost",50.4102028009393,7.23658319999816
"A61","undefined--vi-hind.2025-05-24_15-47-26-000.f_001.de0","50.408918500565704,7.237020503931585,50.408918500565704,7.237020503931585","50.408918500565704,7.237020503931585","WARNING","A61 | Wehr - Brohltal-Ost"," Koblenz -> Mönchengladbach",NA,NA,NA,2025-05-24,"Beginn: 24.05.25 um 15:47 Uhr  Hindernis, seit 24.05.2025, 15:47 A61: Koblenz -> Mönchengladbach, zwischen 0.1 km hinter AS Wehr und 3.3 km vor Brohltal-Ost  Gefahr durch Gegenstände auf der Fahrbahn",50.4089185005657,7.23702050393158
"A61","undefined--vi-hind.2025-05-24_15-48-26-000.f_002.de0","50.83990390093712,6.757411399994977,50.83990390093712,6.757411399994977","50.83990390093712,6.757411399994977","WARNING","A61 | Türnich - Gymnich"," Mönchengladbach -> Koblenz",NA,NA,NA,2025-05-24,"Beginn: 24.05.25 um 15:48 Uhr  Fahrzeug-Hindernis, seit 24.05.2025, 15:48 A61: Mönchengladbach -> Koblenz, zwischen 3.6 km hinter AS Türnich und 0.4 km vor AS Gymnich Gefahr durch ein defektes Fahrzeug auf der Fahrbahn",50.8399039009371,6.75741139999498
"A61","undefined--vi-avl.2025-05-24_09-01-00-000.f.de0","51.11604700093566,6.429210999990733,51.13247170525055,6.424027422731335","51.11604700093566,6.429210999990733","WARNING","A61 | Mönchengladbach-Wanlo - Mönchengladbach-Wickrath"," Koblenz -> Mönchengladbach",5,"STATIONARY_TRAFFIC","16.899999618530273",2025-05-24,"Beginn: 24.05.25 um 09:01 Uhr  Angespannte Verkehrslage, seit 24.05.2025, 09:01 A61: Koblenz -> Mönchengladbach, zwischen 2.0 km hinter AD Mönchengladbach-Wanlo und 0.9 km vor AS Mönchengladbach-Wickrath  Im Stillstand Reisezeitverlust: 5 Minuten Durchschnittsgeschwindigkeit: 16 km/h",51.1160470009357,6.42921099999073
"A61","undefined--vi-avl.2025-05-24_09-01-30-000.f.de0","51.11604700093566,6.429210999990733,51.11604700093566,6.429210999990733","51.11604700093566,6.429210999990733","WARNING","A61 | Mönchengladbach-Güdderath - Mönchengladbach-Güdderath"," Koblenz -> Mönchengladbach",NA,"STATIONARY_TRAFFIC","12",2025-05-24,"Beginn: 24.05.25 um 16:02 Uhr  Angespannte Verkehrslage, seit 24.05.2025, 16:02 A61: Koblenz -> Mönchengladbach, 0.3 km vor AS Mönchengladbach-Güdderath, aus Richtung Mönchengladbach-Wanlo  Im Stillstand Durchschnittsgeschwindigkeit: 12 km/h",51.1160470009357,6.42921099999073
"A61","undefined--vi-avl.2025-05-24_11-59-28-000.f_010.de0","51.14300773203323,6.418793529219607,51.14300773203323,6.418793529219607","51.14300773203323,6.418793529219607","WARNING","A61 | Mönchengladbach-Wickrath - Mönchengladbach-Wickrath"," Mönchengladbach -> Koblenz",NA,"STATIONARY_TRAFFIC","12",2025-05-24,"Beginn: 24.05.25 um 16:02 Uhr  Angespannte Verkehrslage, seit 24.05.2025, 16:02 A61: Mönchengladbach -> Koblenz, 0.4 km vor AS Mönchengladbach-Wickrath, aus Richtung Mönchengladbach-Rheydt  Im Stillstand Durchschnittsgeschwindigkeit: 12 km/h",51.1430077320332,6.41879352921961
"A61","undefined--vi-avl.2025-05-24_09-28-30-000.f_002.de0","51.14290148003697,6.418947611721483,51.130108923962005,6.423318179580464","51.14290148003697,6.418947611721483","WARNING","A61 | Mönchengladbach-Rheydt - Mönchengladbach-Güdderath"," Mönchengladbach -> Koblenz",2,"STATIONARY_TRAFFIC","26.200000762939453",2025-05-24,"Beginn: 24.05.25 um 09:28 Uhr  Angespannte Verkehrslage, seit 24.05.2025, 09:28 A61: Mönchengladbach -> Koblenz, zwischen 1.6 km hinter AS Mönchengladbach-Rheydt und 1.4 km vor AS Mönchengladbach-Güdderath  Im Stillstand Reisezeitverlust: 2 Minuten Durchschnittsgeschwindigkeit: 26 km/h",51.142901480037,6.41894761172148
"A66","undefined--vi-avl.2025-05-24_15-55-14-000.f.de0","50.09390575608491,8.483460245225558,50.101750822700126,8.496276903052804","50.09390575608491,8.483460245225558","WARNING","A66 | Krifteler Dreieck - Kelkheim"," Wiesbaden -> Frankfurt",2,"STATIONARY_TRAFFIC","26.399999618530273",2025-05-24,"Beginn: 24.05.25 um 15:55 Uhr  Angespannte Verkehrslage, seit 24.05.2025, 15:55 A66: Wiesbaden -> Frankfurt, zwischen 1.3 km hinter AD Krifteler Dreieck und 2.2 km vor AS Kelkheim  Im Stillstand Reisezeitverlust: 2 Minuten Durchschnittsgeschwindigkeit: 26 km/h",50.0939057560849,8.48346024522556
"A66","undefined--vi-avl.2025-05-24_15-58-25-000.f_003.de0","50.09395966637287,8.483463935682824,50.09395966637287,8.483463935682824","50.09395966637287,8.483463935682824","WARNING","A66 | Frankfurt am Main-Zeilsheim - Frankfurt am Main-Zeilsheim"," Wiesbaden -> Frankfurt",NA,"STATIONARY_TRAFFIC","18",2025-05-24,"Beginn: 24.05.25 um 16:02 Uhr  Angespannte Verkehrslage, seit 24.05.2025, 16:02 A66: Wiesbaden -> Frankfurt, 0.3 km vor AS Frankfurt am Main-Zeilsheim, aus Richtung Krifteler Dreieck  Im Stillstand Durchschnittsgeschwindigkeit: 18 km/h",50.0939596663729,8.48346393568282
"A81","undefined--vi-avl.2025-05-24_14-19-48-000.f_003.de0","48.69857777512063,9.022171247249812,48.71604002208417,9.054327260901392","48.69857777512063,9.022171247249812","WARNING","A81 | Böblingen/Sindelfingen - Stuttgart"," Singen -> Stuttgart",2,"SLOW_TRAFFIC","41.79999923706055",2025-05-24,"Beginn: 24.05.25 um 14:19 Uhr  Angespannte Verkehrslage, seit 24.05.2025, 14:19 A81: Singen -> Stuttgart, zwischen 1.6 km hinter AS Böblingen/Sindelfingen und 2.1 km vor AK Stuttgart  Langsamer Verkehr Reisezeitverlust: 2 Minuten Durchschnittsgeschwindigkeit: 41 km/h",48.6985777751206,9.02217124724981
"A81","undefined--vi-avl.2025-05-24_15-59-50-000.f_002.de0","48.69857777512063,9.022171247249812,48.69857777512063,9.022171247249812","48.69857777512063,9.022171247249812","WARNING","A81 | Böblingen-Ost - Böblingen-Ost"," Singen -> Stuttgart",NA,"SLOW_TRAFFIC","21",2025-05-24,"Beginn: 24.05.25 um 16:02 Uhr  Angespannte Verkehrslage, seit 24.05.2025, 16:02 A81: Singen -> Stuttgart, 1.1 km vor AS Böblingen-Ost, aus Richtung Böblingen/Sindelfingen  Langsamer Verkehr Durchschnittsgeschwindigkeit: 21 km/h",48.6985777751206,9.02217124724981
"A81","undefined--vi-zus.2025-05-24_11-12-04-000.f.de0","48.973320434860376,9.229004578390299,48.963078500945116,9.22110400000005","48.973320434860376,9.229004578390299","WARNING","A81 | Kälbling - Pleidelsheim"," Heilbronn -> Stuttgart",1,"QUEUING_TRAFFIC","46.900001525878906",2025-05-24,"Beginn: 24.05.25 um 11:12 Uhr  Zusammengesetzte Verkehrsinformation, seit 24.05.2025, 11:12 A81: Heilbronn -> Stuttgart, zwischen 2.0 km hinter Kälbling und 0.5 km vor AS Pleidelsheim  Stockender Verkehr Reisezeitverlust: 1 Minuten Durchschnittsgeschwindigkeit: 46 km/h",48.9733204348604,9.2290045783903
"A93","undefined--vi-hind.2025-05-24_14-43-09-000.f_004.de0","47.80475073563564,12.092682525807037,47.76012010106991,12.107143214530165","47.80475073563564,12.092682525807037","WARNING","A93 | Inntal - Brannenburg"," Rosenheim -> Kiefersfelden",NA,NA,NA,2025-05-24,"Beginn: 24.05.25 um 14:43 Uhr  Fahrzeug-Hindernis, seit 24.05.2025, 14:43 A93: Rosenheim -> Kiefersfelden, zwischen 0.5 km hinter AD Inntal und 2.9 km vor AS Brannenburg Gefahr durch ein defektes Fahrzeug auf der Fahrbahn",47.8047507356356,12.092682525807
"A93","undefined--vi-hind.2025-05-24_15-37-24-000.f_005.de0","50.07689690094096,12.101823500025779,50.099674651112075,12.097650980032414","50.07689690094096,12.101823500025779","WARNING","A93 | Thiersheim - Höchstädt"," Weiden -> Hof",NA,NA,NA,2025-05-24,"Beginn: 24.05.25 um 15:37 Uhr  Hindernis, seit 24.05.2025, 15:37 A93: Weiden -> Hof, zwischen 0.2 km hinter AS Thiersheim und 0.5 km vor AS Höchstädt  Gefahr durch Personen auf der Fahrbahn",50.076896900941,12.1018235000258
"A93","undefined--vi-hind.2025-05-24_15-37-24-000.f_003.de0","50.07689690094096,12.101823500025779,50.099674651112075,12.097650980032414","50.07689690094096,12.101823500025779","WARNING","A93 | Thiersheim - Höchstädt"," Weiden -> Hof",NA,NA,NA,2025-05-24,"Beginn: 24.05.25 um 15:37 Uhr  Hindernis, seit 24.05.2025, 15:37 A93: Weiden -> Hof, zwischen 0.2 km hinter AS Thiersheim und 0.5 km vor AS Höchstädt  Gefahr durch Personen auf der Fahrbahn",50.076896900941,12.1018235000258
"A113","undefined--vi-zus.2025-05-23_04-57-30-000.f.de0","52.43617318100181,13.493052326243479,52.427730500930934,13.517008500122175","52.43617318100181,13.493052326243479","WARNING","A113 | Johannisthaler Chaussee - Rudower Höhe"," Neukölln -> Schönefeld",NA,NA,NA,2025-05-23,"Beginn: 23.05.25 um 04:57 Uhr  Zusammengesetzte Verkehrsinformation, seit 23.05.2025, 04:57 A113: Neukölln -> Schönefeld, zwischen 1.2 km hinter AS Johannisthaler Chaussee und 1.0 km vor Rudower Höhe  A113 Autobahnzubringer Dresden, Neukölln Richtung Schönefeld
zwischen Stubenrauchstraße und Tunnel Rudower Höhe
linker Fahrstreifen gesperrt, Bauarbeiten, bis voraussichtlich 20.06.2025",52.4361731810018,13.4930523262435
"A113","undefined--vi-avl.2025-05-24_08-15-30-000.f_001.de0","52.4430323143455,13.479060405151674,52.4430323143455,13.479060405151674","52.4430323143455,13.479060405151674","WARNING","A113 | Johannisthaler Chaussee - Johannisthaler Chaussee"," Schönefeld -> Neukölln",NA,"STATIONARY_TRAFFIC","5",2025-05-24,"Beginn: 24.05.25 um 16:02 Uhr  Angespannte Verkehrslage, seit 24.05.2025, 16:02 A113: Schönefeld -> Neukölln, in Höhe AS Johannisthaler Chaussee, aus Richtung Stubenrauchstraße  Im Stillstand Durchschnittsgeschwindigkeit: 5 km/h",52.4430323143455,13.4790604051517
"A113","undefined--vi-avl.2025-05-24_08-15-00-000.f.de0","52.44317304101965,13.478774155865294,52.45209490093047,13.462718900114677","52.44317304101965,13.478774155865294","WARNING","A113 | Johannisthaler Chaussee - Späthstraße"," Schönefeld -> Neukölln",17,"STATIONARY_TRAFFIC","4.800000190734863",2025-05-24,"Beginn: 24.05.25 um 08:15 Uhr  Angespannte Verkehrslage, seit 24.05.2025, 08:15 A113: Schönefeld -> Neukölln, zwischen AS Johannisthaler Chaussee und 0.2 km vor AS Späthstraße  Im Stillstand Reisezeitverlust: 17 Minuten Durchschnittsgeschwindigkeit: 4 km/h",52.4431730410196,13.4787741558653
"A113","undefined--vi-zus.2025-05-24_14-46-02-000.f_006.de0","52.37839908826458,13.542599091402097,52.36931552754615,13.548195838188391","52.37839908826458,13.542599091402097","WARNING","A113 | Schönefeld-Süd - Waltersdorf"," Neukölln -> Schönefeld",NA,NA,NA,2025-05-24,"Beginn: 24.05.25 um 14:46 Uhr  Zusammengesetzte Verkehrsinformation, seit 24.05.2025, 14:46 A113: Neukölln -> Schönefeld, zwischen 2.1 km hinter AS Schönefeld-Süd und 0.5 km vor AD Waltersdorf  Gefahr durch Personen auf der Fahrbahn  A113 Autobahnzubringer Dresden, Neukölln Richtung Schönefeld in Höhe Dreieck Flughafen Berlin Brandenburg Gefahr durch liegengebliebenes Fahrzeug, Gefahr durch Personen auf der Fahrbahn, bitte vorsichtig fahren",52.3783990882646,13.5425990914021
"A115","undefined--vi-zus.2024-10-09_07-09-40-000.f_531.de0","52.40027056808641,13.185163736426698,52.44227384698058,13.202709435405149","52.40027056808641,13.185163736426698","WARNING","A115 | Am Stern - Hüttenweg"," Dreieck Nuthetal -> Dreieck Funkturm",NA,NA,NA,2024-10-09,"Beginn: 09.10.24 um 07:09 Uhr  Zusammengesetzte Verkehrsinformation, seit 09.10.2024, 07:09 A115: Dreieck Nuthetal -> Dreieck Funkturm, zwischen 2.9 km hinter Am Stern und 3.8 km vor AS Hüttenweg  A115 Autobahnzubringer Magdeburg, Dreieck Nuthetal Richtung Dreieck Funkturm, zwischen Anschlussstelle Kleinmachnow und Anschlussstelle Spanische Allee, Baustelle, bis 31.10.2026 17:00 Uhr",52.4002705680864,13.1851637364267
"A115","undefined--vi-avl.2025-05-24_12-20-34-000.f_001.de0","52.39833280108308,13.18299124455448,52.41672180092952,13.196968700085499","52.39833280108308,13.18299124455448","WARNING","A115 | Am Stern - Kreuz Zehlendorf"," Dreieck Nuthetal -> Dreieck Funkturm",4,"QUEUING_TRAFFIC","24.5",2025-05-24,"Beginn: 24.05.25 um 12:20 Uhr  Angespannte Verkehrslage, seit 24.05.2025, 12:20 A115: Dreieck Nuthetal -> Dreieck Funkturm, zwischen 2.6 km hinter Am Stern und 0.4 km vor AS Kreuz Zehlendorf  Stockender Verkehr Reisezeitverlust: 4 Minuten Durchschnittsgeschwindigkeit: 24 km/h",52.3983328010831,13.1829912445545
"A115","undefined--vi-avl.2025-05-24_14-08-15-000.f_002.de0","52.3985310175196,13.183219622670133,52.3985310175196,13.183219622670133","52.3985310175196,13.183219622670133","WARNING","A115 | Kleinmachnow - Kleinmachnow"," Dreieck Nuthetal -> Dreieck Funkturm",NA,"QUEUING_TRAFFIC","10",2025-05-24,"Beginn: 24.05.25 um 16:02 Uhr  Angespannte Verkehrslage, seit 24.05.2025, 16:02 A115: Dreieck Nuthetal -> Dreieck Funkturm, 0.5 km vor AS Kleinmachnow, aus Richtung Am Stern  Stockender Verkehr Durchschnittsgeschwindigkeit: 10 km/h",52.3985310175196,13.1832196226701
"A115","undefined--vi-zus.2024-10-13_05-33-30-000.f_688.de0","52.44029442937371,13.199911385595513,52.43107524997983,13.191805707063864","52.44029442937371,13.199911385595513","WARNING","A115 | Hüttenweg - Kreuz Zehlendorf"," Dreieck Funkturm -> Dreieck Nuthetal",NA,NA,NA,2024-10-13,"Beginn: 13.10.24 um 05:33 Uhr  Zusammengesetzte Verkehrsinformation, seit 13.10.2024, 05:33 A115: Dreieck Funkturm -> Dreieck Nuthetal, zwischen 4.1 km hinter AS Hüttenweg und 1.3 km vor AS Kreuz Zehlendorf  A115 Dreieck Funkturm Richtung Dreieck Nuthetal
zwischen Spanische Allee und Kleinmachnow
Verkehr wird über die Gegenfahrbahn geleitet, geänderte Verkehrsführung im Baustellenbereich, Bauarbeiten",52.4402944293737,13.1999113855955
"A555","undefined--vi-avl.2025-05-24_13-05-08-000.f_007.de0","50.75406544355734,7.0479633314591075,50.75406544355734,7.0479633314591075","50.75406544355734,7.0479633314591075","WARNING","A555 | Bonn-Nord - Bonn-Nord"," Köln -> Bonn",NA,"STATIONARY_TRAFFIC","8",2025-05-24,"Beginn: 24.05.25 um 16:02 Uhr  Angespannte Verkehrslage, seit 24.05.2025, 16:02 A555: Köln -> Bonn, 2.0 km vor AK Bonn-Nord, aus Richtung Bornheim (Rhld.)  Im Stillstand Durchschnittsgeschwindigkeit: 8 km/h",50.7540654435573,7.04796333145911
"A555","undefined--vi-hind.2025-05-24_14-09-54-000.f_007.de0","50.81060202469956,6.986878365790683,50.84478543014277,6.967798667461728","50.81060202469956,6.986878365790683","WARNING","A555 | Wesseling - Köln-Godorf"," Bonn -> Köln",NA,NA,NA,2025-05-24,"Beginn: 24.05.25 um 14:09 Uhr  Fahrzeug-Hindernis, seit 24.05.2025, 14:09 A555: Bonn -> Köln, zwischen 0.4 km hinter AS Wesseling und 0.3 km vor AS Köln-Godorf Gefahr durch ein defektes Fahrzeug auf der Fahrbahn",50.8106020246996,6.98687836579068
"A555","undefined--vi-hind.2025-05-24_14-58-44-000.f_004.de0","50.86820579341762,6.9699487945436704,50.87995890093691,6.968989899996775","50.86820579341762,6.9699487945436704","WARNING","A555 | Köln-Rodenkirchen - Köln-Süd"," Bonn -> Köln",NA,NA,NA,2025-05-24,"Beginn: 24.05.25 um 14:58 Uhr  Hindernis, seit 24.05.2025, 14:58 A555: Bonn -> Köln, zwischen 0.5 km hinter AS Köln-Rodenkirchen und 0.6 km vor AK Köln-Süd  Gefahr durch eine ungesicherte Unfallstelle",50.8682057934176,6.96994879454367
"A861","undefined--vi-avl.2025-05-24_10-00-11-000.f_004.de0","47.55988222106523,7.758069155611078,47.55988222106523,7.758069155611078","47.55988222106523,7.758069155611078","WARNING","A861 | Rheinfelden-Süd - Rheinfelden-Süd"," Dreieck Hochrhein -> Grenzübergang Rheinfelden",NA,"STATIONARY_TRAFFIC","2",2025-05-24,"Beginn: 24.05.25 um 15:56 Uhr  Angespannte Verkehrslage, seit 24.05.2025, 15:56 A861: Dreieck Hochrhein -> Grenzübergang Rheinfelden, 1.1 km vor AS Rheinfelden-Süd, aus Richtung Rheinfelden-Mitte  Im Stillstand Durchschnittsgeschwindigkeit: 2 km/h",47.5598822210652,7.75806915561108
"A861","undefined--vi-avl.2025-05-24_09-32-00-000.f_001.de0","47.559846619615435,7.758061387465523,47.548363300948715,7.758275399999488","47.559846619615435,7.758061387465523","WARNING","Baustelle"," km 1.28 --> km -0.00",30,"STATIONARY_TRAFFIC","2.5",2025-05-24,"Beginn: 24.05.25 um 09:32 Uhr  Angespannte Verkehrslage, seit 24.05.2025, 09:32 A861: km 1.28 --> km -0.00  Im Stillstand Reisezeitverlust: 30 Minuten Durchschnittsgeschwindigkeit: 2 km/h",47.5598466196154,7.75806138746552
