"road","identifier","extent","point","display_type","title","subtitle","delay_minutes","abnormalTrafficType","averageSpeed","startTimestamp","description","latitude","longitude"
"A1","undefined--vi-hind.2025-05-20_05-48-00-000.f_003.de0","50.16656326748036,6.887995383819111,50.17588067739097,6.896017815424404","50.16656326748036,6.887995383819111","WARNING","A1 | Udler - Vulkaneifel"," Trier -> Köln/Koblenz",NA,NA,NA,2025-05-20,"Beginn: 20.05.25 um 05:48 Uhr  Hindernis, seit 20.05.2025, 05:48 A1: Trier -> Köln/Koblenz, zwischen 3.5 km hinter Udler und 0.9 km vor AD Vulkaneifel  Gefahr durch Gegenstände auf der Fahrbahn",50.1665632674804,6.88799538381911
"A1","undefined--vi-hind.2025-05-20_05-36-00-000.f_003.de0","50.647973600938094,6.722232699994527,50.674409600937956,6.736954799994689","50.647973600938094,6.722232699994527","WARNING","A1 | Grüner Winkel - Euskirchen"," Blankenheim -> Köln",NA,NA,NA,2025-05-20,"Beginn: 20.05.25 um 05:36 Uhr  Hindernis, seit 20.05.2025, 05:36 A1: Blankenheim -> Köln, zwischen 4.6 km hinter Grüner Winkel und 0.5 km vor AS Euskirchen  Gefahr durch eine ungesicherte Unfallstelle",50.6479736009381,6.72223269999453
"A1","undefined--vi-hind.2025-05-20_05-28-06-000.f.de0","52.20621415937557,7.823037023782231,52.20635626626534,7.82354820503175","52.20621415937557,7.823037023782231","WARNING","A1 | Lengerich - Exterheide"," Münster -> Osnabrück",NA,NA,NA,2025-05-20,"Beginn: 20.05.25 um 05:28 Uhr  Fahrzeug-Hindernis, seit 20.05.2025, 05:28 A1: Münster -> Osnabrück, zwischen 0.8 km hinter AS Lengerich und 0.7 km vor Exterheide Gefahr durch ein defektes Fahrzeug auf der Fahrbahn",52.2062141593756,7.82303702378223
"A1","undefined--vi-avl.2025-05-20_05-43-30-000.f_007.de0","53.03880234137913,8.899935247595252,53.03242141582492,8.866472370739377","53.03880234137913,8.899935247595252","WARNING","A1 | Mahndorfer Marsch - Bremen-Arsten"," Bremen -> Osnabrück",0,"SLOW_TRAFFIC","64",2025-05-20,"Beginn: 20.05.25 um 05:43 Uhr  Angespannte Verkehrslage, seit 20.05.2025, 05:43 A1: Bremen -> Osnabrück, zwischen 3.3 km hinter Mahndorfer Marsch und 0.6 km vor AS Bremen-Arsten  Langsamer Verkehr Reisezeitverlust: 0 Minuten Durchschnittsgeschwindigkeit: 64 km/h",53.0388023413791,8.89993524759525
"A1","undefined--vi-zus.2025-05-20_05-47-30-000.f.de0","53.507861932647806,10.075003219164879,53.50944149694685,10.057115818183007","53.507861932647806,10.075003219164879","WARNING","A1 | Hamburg-Südost - Hamburg-Norderelbe"," Lübeck -> Hamburg",0,"SLOW_TRAFFIC","52.099998474121094",2025-05-20,"Beginn: 20.05.25 um 05:50 Uhr  Zusammengesetzte Verkehrsinformation, seit 20.05.2025, 05:50 A1: Lübeck -> Hamburg, zwischen 0.4 km hinter AD Hamburg-Südost und 1.4 km vor AK Hamburg-Norderelbe  Langsamer Verkehr Reisezeitverlust: 0 Minuten Durchschnittsgeschwindigkeit: 52 km/h",53.5078619326478,10.0750032191649
"A2","undefined--vi-avl.2025-05-20_05-48-30-000.f_002.de0","51.5528596507774,6.92001529749866,51.5528596507774,6.92001529749866","51.5528596507774,6.92001529749866","WARNING","A2 | Bottrop - Bottrop"," Dortmund -> Oberhausen",NA,"SLOW_TRAFFIC","20",2025-05-20,"Beginn: 20.05.25 um 05:52 Uhr  Angespannte Verkehrslage, seit 20.05.2025, 05:52 A2: Dortmund -> Oberhausen, 0.4 km vor AS Bottrop, aus Richtung Bottrop  Langsamer Verkehr Durchschnittsgeschwindigkeit: 20 km/h",51.5528596507774,6.92001529749866
"A2","undefined--vi-hind.2025-05-20_05-47-00-000.f_003.de0","51.54161758256991,6.891213855603194,51.539194597865034,6.875271350244753","51.54161758256991,6.891213855603194","WARNING","A2 | Bottrop - Oberhausen-Königshardt"," Dortmund -> Oberhausen",NA,NA,NA,2025-05-20,"Beginn: 20.05.25 um 05:47 Uhr  Hindernis, seit 20.05.2025, 05:47 A2: Dortmund -> Oberhausen, zwischen 2.0 km hinter AS Bottrop und 0.4 km vor AS Oberhausen-Königshardt  Gefahr durch eine ungesicherte Unfallstelle",51.5416175825699,6.89121385560319
"A2","undefined--vi-zus.2025-05-20_05-17-30-000.f_001.de0","51.552865685685816,6.920025984571161,51.54039242779957,6.884110885628933","51.552865685685816,6.920025984571161","WARNING","A2 | Bottrop - Oberhausen-Königshardt"," Dortmund -> Oberhausen",1,"SLOW_TRAFFIC","45.599998474121094",2025-05-20,"Beginn: 20.05.25 um 05:17 Uhr  Zusammengesetzte Verkehrsinformation, seit 20.05.2025, 05:17 A2: Dortmund -> Oberhausen, zwischen 0.5 km hinter AD Bottrop und 1.0 km vor AS Oberhausen-Königshardt  Gefahr durch eine ungesicherte Unfallstelle  Langsamer Verkehr Reisezeitverlust: 1 Minuten Durchschnittsgeschwindigkeit: 45 km/h",51.5528656856858,6.92002598457116
"A2","undefined--vi-avl.2025-05-20_05-17-00-000.f_001.de0","52.21815368843221,9.159989979239958,52.22033014285974,9.087239609568355","52.21815368843221,9.159989979239958","WARNING","A2 | Bernser Kirchweg - Papenbrink"," Hannover -> Dortmund",5,"QUEUING_TRAFFIC","36.20000076293945",2025-05-20,"Beginn: 20.05.25 um 05:17 Uhr  Angespannte Verkehrslage, seit 20.05.2025, 05:17 A2: Hannover -> Dortmund, zwischen 0.5 km hinter Bernser Kirchweg und 2.3 km vor Papenbrink  Stockender Verkehr Reisezeitverlust: 5 Minuten Durchschnittsgeschwindigkeit: 36 km/h",52.2181536884322,9.15998997923996
"A3","undefined--vi-zus.2025-05-20_02-37-00-000.f_001.de0","49.74506857110829,9.967048902695877,49.75437784573125,9.921105257283775","49.74506857110829,9.967048902695877","WARNING","A3 | Würzburg/Randersacker - Würzburg/Kist"," Nürnberg -> Frankfurt",2,"SLOW_TRAFFIC","60.099998474121094",2025-05-20,"Beginn: 20.05.25 um 02:37 Uhr  Zusammengesetzte Verkehrsinformation, seit 20.05.2025, 02:37 A3: Nürnberg -> Frankfurt, zwischen 2.0 km hinter AS Würzburg/Randersacker und 5.7 km vor AS Würzburg/Kist  Langsamer Verkehr Reisezeitverlust: 2 Minuten Durchschnittsgeschwindigkeit: 60 km/h",49.7450685711083,9.96704890269588
"A3","undefined--vi-avl.2025-05-20_05-40-00-000.f_001.de0","51.520246402809484,6.814344721005202,51.528755146044034,6.819116102791445","51.520246402809484,6.814344721005202","WARNING","A3 | Oberhausen-Holten - Oberhausen"," Oberhausen -> Arnheim",0,"SLOW_TRAFFIC","68.9000015258789",2025-05-20,"Beginn: 20.05.25 um 05:40 Uhr  Angespannte Verkehrslage, seit 20.05.2025, 05:40 A3: Oberhausen -> Arnheim, zwischen 0.8 km hinter AS Oberhausen-Holten und 1.4 km vor AK Oberhausen  Langsamer Verkehr Reisezeitverlust: 0 Minuten Durchschnittsgeschwindigkeit: 68 km/h",51.5202464028095,6.8143447210052
"A3","undefined--vi-avl.2025-05-20_05-52-30-000.f.de0","51.89839901701434,6.165717280673193,51.89839901701434,6.165717280673193","51.89839901701434,6.165717280673193","WARNING","A3 | Knauheide - Knauheide"," Arnheim -> Oberhausen",NA,"QUEUING_TRAFFIC","25",2025-05-20,"Beginn: 20.05.25 um 05:52 Uhr  Angespannte Verkehrslage, seit 20.05.2025, 05:52 A3: Arnheim -> Oberhausen, 0.1 km vor Knauheide, aus Richtung Elten  Stockender Verkehr Durchschnittsgeschwindigkeit: 25 km/h",51.8983990170143,6.16571728067319
"A3","undefined--vi-avl.2025-05-20_05-52-30-000.f_001.de0","51.89836112503476,6.165756320916883,51.89430742738076,6.169921542127004","51.89836112503476,6.165756320916883","WARNING","A3 | Elten - Elten"," Arnheim -> Oberhausen",0,"QUEUING_TRAFFIC","37.099998474121094",2025-05-20,"Beginn: 20.05.25 um 05:52 Uhr  Angespannte Verkehrslage, seit 20.05.2025, 05:52 A3: Arnheim -> Oberhausen, zwischen 0.4 km hinter Elten und 1.3 km vor AS Elten  Stockender Verkehr Reisezeitverlust: 0 Minuten Durchschnittsgeschwindigkeit: 37 km/h",51.8983611250348,6.16575632091688
"A4","undefined--vi-avl.2025-05-20_05-37-00-000.f_001.de0","50.89752900093681,6.91128359999635,50.89207581217413,6.923274345323828","50.89752900093681,6.91128359999635","WARNING","A4 | Köln-Klettenberg - Köln-Eifeltor"," Heerlen/Aachen -> Köln",0,"SLOW_TRAFFIC","56.79999923706055",2025-05-20,"Beginn: 20.05.25 um 05:37 Uhr  Angespannte Verkehrslage, seit 20.05.2025, 05:37 A4: Heerlen/Aachen -> Köln, zwischen 0.2 km hinter AS Köln-Klettenberg und 0.2 km vor AS Köln-Eifeltor  Langsamer Verkehr Reisezeitverlust: 0 Minuten Durchschnittsgeschwindigkeit: 56 km/h",50.8975290009368,6.91128359999635
"A4","undefined--vi-hind.2025-05-20_05-38-00-000.f_001.de0","50.8716027384845,11.578497488317783,50.879038046753344,11.536358221009396","50.8716027384845,11.578497488317783","WARNING","A4 | Jena-Göschwitz - Bucha"," Chemnitz -> Erfurt",NA,NA,NA,2025-05-20,"Beginn: 20.05.25 um 05:38 Uhr  Hindernis, seit 20.05.2025, 05:38 A4: Chemnitz -> Erfurt, zwischen 1.4 km hinter AS Jena-Göschwitz und 2.4 km vor AS Bucha  Gefahr durch Gegenstände auf der Fahrbahn",50.8716027384845,11.5784974883178
"A4","undefined--vi-unf.2025-05-20_02-49-00-000.f_008.de0","50.86840860093703,11.775785400013696,50.878805109067876,11.83421261450875","50.86840860093703,11.775785400013696","WARNING","A4 | Rodablick - Hermsdorfer Kreuz"," Erfurt -> Chemnitz",NA,NA,NA,2025-05-20,"Beginn: 20.05.25 um 02:49 Uhr  Unfall, seit 20.05.2025, 02:49 A4: Erfurt -> Chemnitz, zwischen 4.9 km hinter Rodablick und 0.9 km vor AK Hermsdorfer Kreuz",50.868408600937,11.7757854000137
"A4","undefined--vi-zus.2025-05-20_04-11-30-000.f.de0","50.86848567018415,11.738057252487808,50.867847600937026,11.772953700013643","50.86848567018415,11.738057252487808","WARNING","A4 | Rodablick - Stadtroda"," Erfurt -> Chemnitz",14,"STATIONARY_TRAFFIC","10",2025-05-20,"Beginn: 20.05.25 um 04:11 Uhr  Zusammengesetzte Verkehrsinformation, seit 20.05.2025, 04:11 A4: Erfurt -> Chemnitz, zwischen 2.1 km hinter Rodablick und 0.3 km vor AS Stadtroda  Im Stillstand Reisezeitverlust: 14 Minuten Durchschnittsgeschwindigkeit: 10 km/h",50.8684856701841,11.7380572524878
"A4","undefined--vi-avl.2025-05-20_05-02-30-000.f.de0","50.86848567018415,11.738057252487808,50.86848567018415,11.738057252487808","50.86848567018415,11.738057252487808","WARNING","A4 | Stadtroda - Stadtroda"," Erfurt -> Chemnitz",NA,"STATIONARY_TRAFFIC","10",2025-05-20,"Beginn: 20.05.25 um 05:52 Uhr  Angespannte Verkehrslage, seit 20.05.2025, 05:52 A4: Erfurt -> Chemnitz, 2.9 km vor AS Stadtroda, aus Richtung Rodablick  Im Stillstand Durchschnittsgeschwindigkeit: 10 km/h",50.8684856701841,11.7380572524878
"A4","undefined--vi-zus.2025-05-20_02-44-30-000.f_008.de0","50.8687986498719,11.777036560544275,50.868620000937035,11.776126000013715","50.8687986498719,11.777036560544275","WARNING","A4 | Teufelstalschenke - Rodablick"," Chemnitz -> Erfurt",NA,NA,NA,2025-05-20,"Beginn: 20.05.25 um 02:44 Uhr  Zusammengesetzte Verkehrsinformation, seit 20.05.2025, 02:44 A4: Chemnitz -> Erfurt, zwischen 2.7 km hinter Teufelstalschenke und 5.0 km vor Rodablick  Gefahr durch Gegenstände auf der Fahrbahn  A4 Chemnitz Richtung Erfurt zwischen Raststätte Teufelstal Nord und Ausfahrt Stadtroda Gefahr durch Gegenstände auf der Fahrbahn, Unfall Abfahrt AS Stadtroda gesperrt",50.8687986498719,11.7770365605443
"A4","undefined--vi-zus.2025-05-20_04-38-00-000.f_002.de0","51.18098870622666,15.008309537534126,51.186736500965786,14.989494200636342","51.18098870622666,15.008309537534126","WARNING","A4 | Ludwigsdorf - An der Neiße"," Görlitz -> Dresden",3,"SLOW_TRAFFIC","15.100000381469727",2025-05-20,"Beginn: 20.05.25 um 04:38 Uhr  Zusammengesetzte Verkehrsinformation, seit 20.05.2025, 04:38 A4: Görlitz -> Dresden, zwischen Ludwigsdorf und 0.1 km vor An der Neiße  Langsamer Verkehr Reisezeitverlust: 3 Minuten Durchschnittsgeschwindigkeit: 15 km/h",51.1809887062267,15.0083095375341
"A6","undefined--vi-avl.2025-05-20_05-50-30-000.f_001.de0","49.634147200943076,12.489356100049305,49.634147200943076,12.489356100049305","49.634147200943076,12.489356100049305","WARNING","A6 | Ulrichsberg - Ulrichsberg"," Pilsen -> Nürnberg",NA,"STATIONARY_TRAFFIC","21",2025-05-20,"Beginn: 20.05.25 um 05:52 Uhr  Angespannte Verkehrslage, seit 20.05.2025, 05:52 A6: Pilsen -> Nürnberg, 2.8 km vor Ulrichsberg, aus Richtung Waidhaus  Im Stillstand Durchschnittsgeschwindigkeit: 21 km/h",49.6341472009431,12.4893561000493
"A6","undefined--vi-zus.2025-05-20_04-25-00-000.f.de0","49.634147200943076,12.489356100049305,49.62764971505528,12.44155955676114","49.634147200943076,12.489356100049305","WARNING","A6 | Waidhaus - Pleystein"," Pilsen -> Nürnberg",7,"STATIONARY_TRAFFIC","23.399999618530273",2025-05-20,"Beginn: 20.05.25 um 04:25 Uhr  Zusammengesetzte Verkehrsinformation, seit 20.05.2025, 04:25 A6: Pilsen -> Nürnberg, zwischen AS Waidhaus und 2.2 km vor AS Pleystein  Im Stillstand Reisezeitverlust: 7 Minuten Durchschnittsgeschwindigkeit: 23 km/h",49.6341472009431,12.4893561000493
"A7","undefined--vi-zus.2025-05-20_05-27-00-000.f.de0","47.572965577642115,10.660922982282756,47.57833760243747,10.662295646746456","47.572965577642115,10.660922982282756","WARNING","A7 | Grenztunnel Füssen - Reinertshofertunnel"," Füssen/Reutte -> Ulm",0,"SLOW_TRAFFIC","29.600000381469727",2025-05-20,"Beginn: 20.05.25 um 05:27 Uhr  Zusammengesetzte Verkehrsinformation, seit 20.05.2025, 05:27 A7: Füssen/Reutte -> Ulm, zwischen 1.6 km hinter Grenztunnel Füssen und 2.6 km vor Reinertshofertunnel  Langsamer Verkehr Reisezeitverlust: 0 Minuten Durchschnittsgeschwindigkeit: 29 km/h",47.5729655776421,10.6609229822828
"A7","undefined--vi-zus.2025-05-13_04-57-00-000.f_003.de0","47.595412441892016,10.656244234565428,47.62654678358412,10.642572056942274","47.595412441892016,10.656244234565428","WARNING","A7 | Füssen - Nesselwang"," Füssen/Reutte -> Ulm",NA,NA,NA,2025-05-13,"Beginn: 13.05.25 um 04:57 Uhr  Zusammengesetzte Verkehrsinformation, seit 13.05.2025, 04:57 A7: Füssen/Reutte -> Ulm, zwischen 2.5 km hinter AS Füssen und 9.1 km vor AS Nesselwang  A7 Füssen/Reutte Richtung Ulm zwischen Reinertshoftunnel und Nesselwang Verkehr wird über die Gegenfahrbahn geleitet, Baustelle, von 16.05.2025 05:00 Uhr bis 18.07.2025 15:00 Uhr",47.595412441892,10.6562442345654
"A7","undefined--vi-hind.2025-05-19_21-45-30-000.f_002.de0","50.197843941338284,9.939406677450647,50.29408126851662,9.850317296512928","50.197843941338284,9.939406677450647","WARNING","A7 | Elfershausen - Bad Brückenau/Wildflecken"," Würzburg -> Fulda",NA,NA,NA,2025-05-19,"Beginn: 19.05.25 um 21:45 Uhr  Hindernis, seit 19.05.2025, 21:45 A7: Würzburg -> Fulda, zwischen 5.4 km hinter Elfershausen und 0.2 km vor AS Bad Brückenau/Wildflecken",50.1978439413383,9.93940667745065
"A7","undefined--vi-hind.2025-05-19_22-10-00-000.f_001.de0","50.19526160094026,9.940670600000306,50.23946453480515,9.875660399375718","50.19526160094026,9.940670600000306","WARNING","A7 | Elfershausen - Veitsbrunn"," Würzburg -> Fulda",NA,NA,NA,2025-05-19,"Beginn: 19.05.25 um 22:10 Uhr  Hindernis, seit 19.05.2025, 22:10 A7: Würzburg -> Fulda, zwischen 5.1 km hinter Elfershausen und Veitsbrunn",50.1952616009403,9.94067060000031
"A7","undefined--vi-hind.2025-05-20_05-36-00-000.f_002.de0","52.384792216998726,9.898791996668834,52.38393671736855,9.898606078217439","52.384792216998726,9.898791996668834","WARNING","A7 | Hannover-Ost - Hannover-Anderten"," Hamburg -> Kassel",NA,NA,NA,2025-05-20,"Beginn: 20.05.25 um 05:36 Uhr  Fahrzeug-Hindernis, seit 20.05.2025, 05:36 A7: Hamburg -> Kassel, zwischen 1.4 km hinter AK Hannover-Ost und 3.0 km vor AS Hannover-Anderten Gefahr durch ein defektes Fahrzeug auf der Fahrbahn",52.3847922169987,9.89879199666883
"A7","undefined--vi-zus.2025-03-31_00-40-00-000.f_018.de0","53.579141433849884,9.913430072127355,53.55636870091902,9.897540700000414","53.579141433849884,9.913430072127355","WARNING","A7 | Hamburg-Volkspark - Elbtunnel (Nordportal)"," Flensburg -> Hamburg",NA,NA,NA,2025-03-31,"Beginn: 31.03.25 um 00:40 Uhr  Zusammengesetzte Verkehrsinformation, seit 31.03.2025, 00:40 A7: Flensburg -> Hamburg, zwischen 0.4 km hinter AS Hamburg-Volkspark und 0.9 km vor Elbtunnel (Nordportal)  A7 Flensburg Richtung Hamburg Ausfahrt Hamburg-Othmarschen Fahrbahnverengung, maximale Fahrbahnbreite von 4,50 m, Bauarbeiten, bis 29.09.2025",53.5791414338499,9.91343007212735
"A8","undefined--vi-zus.2025-03-26_17-59-56-000.f_013.de0","49.32575278791285,7.172731755291576,49.327350714671546,7.213275819282444","49.32575278791285,7.172731755291576","WARNING","A8 | Neunkirchen/Spiesen - Kohlhof"," Saarlouis -> Neunkirchen",NA,NA,NA,2025-03-26,"Beginn: 26.03.25 um 17:59 Uhr  Zusammengesetzte Verkehrsinformation, seit 26.03.2025, 17:59 A8: Saarlouis -> Neunkirchen, zwischen 1.5 km hinter AS Neunkirchen/Spiesen und 1.0 km vor Kohlhof  A8 Saarlouis - Neunkirchen zwischen Neunkirchen-Spiesen und Neunkirchen-Oberstadt in beiden Richtungen Bauarbeiten, bis voraussichtlich 01.06.2025",49.3257527879128,7.17273175529158
"A8","undefined--vi-zus.2025-05-14_09-26-56-000.f.de0","49.32628400979037,7.229641516813452,49.329166750017514,7.1882642393148934","49.32628400979037,7.229641516813452","WARNING","A8 | Neunkirchen-Wellesweiler - Neunkirchen/Spiesen"," Neunkirchen -> Saarlouis",NA,NA,NA,2025-05-14,"Beginn: 14.05.25 um 09:26 Uhr  Zusammengesetzte Verkehrsinformation, seit 14.05.2025, 09:26 A8: Neunkirchen -> Saarlouis, zwischen 0.4 km hinter AS Neunkirchen-Wellesweiler und 2.7 km vor AS Neunkirchen/Spiesen  A8 Saarlouis - Neunkirchen zwischen Neunkirchen-Spiesen und Neunkirchen-Oberstadt in beiden Richtungen Bauarbeiten, bis voraussichtlich 01.06.2025",49.3262840097904,7.22964151681345
"A8","undefined--vi-unf.2025-05-20_05-42-30-000.f_001.de0","48.457272182963465,10.077159655921866,48.456601314559414,10.02572072025586","48.457272182963465,10.077159655921866","WARNING","A8 | Ulm/Elchingen - Ulm-Nord"," München -> Stuttgart",NA,NA,NA,2025-05-20,"Beginn: 20.05.25 um 05:42 Uhr  Unfall, seit 20.05.2025, 05:42 A8: München -> Stuttgart, zwischen 3.0 km hinter AK Ulm/Elchingen und 4.0 km vor AS Ulm-Nord",48.4572721829635,10.0771596559219
"A8","undefined--vi-avl.2025-05-20_05-51-00-000.f.de0","47.84192920176565,11.869447258286858,47.82799360131742,11.896759150527318","47.84192920176565,11.869447258286858","WARNING","A8 | Seehamer See (West) - Irschenberg"," München -> Salzburg",1,"SLOW_TRAFFIC","61.20000076293945",2025-05-20,"Beginn: 20.05.25 um 05:51 Uhr  Angespannte Verkehrslage, seit 20.05.2025, 05:51 A8: München -> Salzburg, zwischen 0.8 km hinter Seehamer See (West) und 0.6 km vor AS Irschenberg  Langsamer Verkehr Reisezeitverlust: 1 Minuten Durchschnittsgeschwindigkeit: 61 km/h",47.8419292017657,11.8694472582869
"A8","undefined--vi-avl.2025-05-20_05-51-00-000.f_001.de0","47.76842125393946,12.940646764033307,47.76830848019774,12.936270168061284","47.76842125393946,12.940646764033307","WARNING","A8 | Bad Reichenhall - Bad Reichenhall"," Salzburg -> München",0,"SLOW_TRAFFIC","12.199999809265137",2025-05-20,"Beginn: 20.05.25 um 05:51 Uhr  Angespannte Verkehrslage, seit 20.05.2025, 05:51 A8: Salzburg -> München, zwischen 0.2 km hinter Bad Reichenhall und 2.3 km vor AS Bad Reichenhall  Langsamer Verkehr Reisezeitverlust: 0 Minuten Durchschnittsgeschwindigkeit: 12 km/h",47.7684212539395,12.9406467640333
"A9","undefined--vi-avl.2025-05-20_05-49-30-000.f_001.de0","50.02589015250836,11.605276119951546,50.01234007939483,11.606546984577538","50.02589015250836,11.605276119951546","WARNING","A9 | Bad Berneck/Himmelkron - Bayreuth-Nord"," Halle/Leipzig -> Nürnberg",0,"SLOW_TRAFFIC","66.69999694824219",2025-05-20,"Beginn: 20.05.25 um 05:49 Uhr  Angespannte Verkehrslage, seit 20.05.2025, 05:49 A9: Halle/Leipzig -> Nürnberg, zwischen 3.4 km hinter AS Bad Berneck/Himmelkron und 6.0 km vor AS Bayreuth-Nord  Langsamer Verkehr Reisezeitverlust: 0 Minuten Durchschnittsgeschwindigkeit: 66 km/h",50.0258901525084,11.6052761199515
"A9","undefined--vi-hind.2025-05-20_05-20-30-000.f_001.de0","51.03745546082488,11.94064992102585,50.96954709777969,11.86151033521653","51.03745546082488,11.94064992102585","WARNING","A9 | Droyßig - Kuhberg"," Halle/Leipzig -> Nürnberg",NA,NA,NA,2025-05-20,"Beginn: 20.05.25 um 05:20 Uhr  Hindernis, seit 20.05.2025, 05:20 A9: Halle/Leipzig -> Nürnberg, zwischen 0.4 km hinter AS Droyßig und 0.8 km vor Kuhberg  Gefahr durch Gegenstände auf der Fahrbahn",51.0374554608249,11.9406499210258
"A9","undefined--vi-hind.2025-05-20_04-40-00-000.f_003.de0","51.40270400093421,12.183930000025287,51.42182551578314,12.194928135159659","51.40270400093421,12.183930000025287","WARNING","A9 | Großkugel - Schkeuditzer Kreuz"," Halle/Leipzig -> Berlin",NA,NA,NA,2025-05-20,"Beginn: 20.05.25 um 04:40 Uhr  Fahrzeug-Hindernis, seit 20.05.2025, 04:40 A9: Halle/Leipzig -> Berlin, zwischen 0.3 km hinter AS Großkugel und 0.7 km vor AK Schkeuditzer Kreuz Gefahr durch ein defektes Fahrzeug auf der Fahrbahn",51.4027040009342,12.1839300000253
"A9","undefined--vi-avl.2025-05-20_05-51-30-000.f_002.de0","52.27596641591559,12.911360094520834,52.27596641591559,12.911360094520834","52.27596641591559,12.911360094520834","WARNING","A9 | Beelitz-Heilstätten - Beelitz-Heilstätten"," Berlin -> Halle/Leipzig",NA,"STATIONARY_TRAFFIC","5",2025-05-20,"Beginn: 20.05.25 um 05:51 Uhr  Angespannte Verkehrslage, seit 20.05.2025, 05:51 A9: Berlin -> Halle/Leipzig, 0.8 km vor AS Beelitz-Heilstätten, aus Richtung Potsdam  Im Stillstand Durchschnittsgeschwindigkeit: 5 km/h",52.2759664159156,12.9113600945208
"A9","undefined--vi-zus.2025-05-20_05-51-30-000.f.de0","52.27596641591559,12.911360094520834,52.27382142401692,12.91062580715724","52.27596641591559,12.911360094520834","WARNING","A9 | Potsdam - Beelitz-Heilstätten"," Berlin -> Halle/Leipzig",1,"STATIONARY_TRAFFIC","7.699999809265137",2025-05-20,"Beginn: 20.05.25 um 05:51 Uhr  Zusammengesetzte Verkehrsinformation, seit 20.05.2025, 05:51 A9: Berlin -> Halle/Leipzig, zwischen 1.6 km hinter AD Potsdam und 0.5 km vor AS Beelitz-Heilstätten  Im Stillstand Reisezeitverlust: 1 Minuten Durchschnittsgeschwindigkeit: 7 km/h",52.2759664159156,12.9113600945208
"A10","undefined--vi-hind.2025-05-20_05-19-30-000.f_001.de0","52.700122289622534,13.270532755437412,52.70303440092757,13.210977300082781","52.700122289622534,13.270532755437412","WARNING","A10 | Birkenwerder - Kreuz Oranienburg"," Dreieck Barnim -> Dreieck Havelland",NA,NA,NA,2025-05-20,"Beginn: 20.05.25 um 05:19 Uhr  Hindernis, seit 20.05.2025, 05:19 A10: Dreieck Barnim -> Dreieck Havelland, zwischen 0.3 km hinter AS Birkenwerder und 1.1 km vor AD Kreuz Oranienburg  Gefahr durch Gegenstände auf der Fahrbahn",52.7001222896225,13.2705327554374
"A12","undefined--vi-avl.2025-05-20_05-45-00-000.f.de0","52.314956503849324,14.571151091422255,52.314680708111105,14.561546427138259","52.314956503849324,14.571151091422255","WARNING","A12 | Frankfurt(Oder) - Frankfurt(Oder)-Mitte"," Frankfurt(Oder) -> Berliner Ring",1,"SLOW_TRAFFIC","10.899999618530273",2025-05-20,"Beginn: 20.05.25 um 05:45 Uhr  Angespannte Verkehrslage, seit 20.05.2025, 05:45 A12: Frankfurt(Oder) -> Berliner Ring, zwischen 0.5 km hinter Frankfurt(Oder) und 2.9 km vor AS Frankfurt(Oder)-Mitte  Langsamer Verkehr Reisezeitverlust: 1 Minuten Durchschnittsgeschwindigkeit: 10 km/h",52.3149565038493,14.5711510914223
"A12","WarnungA10Lkw3","47.61802931631098,12.202336027754352,47.61802931631098,12.202336027754352","47.61802931631098,12.202336027754352","WARNING","E45/E60 | LKW Blockabfertigung | A12-Inntal Autobahn","Richtung Italien",NA,NA,NA,2025-01-11,"Zeitraum: Beginn: 07.01.2025 Ende: 09.12.2025  Hinweis für LKW-Reisende nach Österreich: LKW-Blockabfertigungen an ausgewählten Tagen für Lkw am Grenzübergang Kufstein/Kiefersfelden. Maximaler Durchlass von 300 LKWs pro Stunde  Die genauen Ausführungszeiten und weitere Informationen auf tirol.gv.at/verkehr/verkehrs-und-seilbahnrecht/lkw-dosierung.",47.618029316311,12.2023360277544
"A12","WarnungA10Lkw2","47.6164490154047,12.202382557672273,47.6164490154047,12.202382557672273","47.6164490154047,12.202382557672273","WARNING","E43/E45/E60 | A13-Brenner Autobahn","Richtung Italien",NA,NA,NA,2025-01-11,"Zeitraum: Beginn: 11.01.2025 Ende: 27.09.2025  Hinweis für LKW-Reisende nach Österreich: LKW-Fahrverbot auf der A12-Inntal Autobahn, A13-Brenner Autobahn und A14-Rheintal/Walgau Autobahn, wenn das Ziel der Fahrt der Anschlussstelle Nößlach bis Anschlussstelle Brenner Nord der Richtungsfahrbahn Staatsgrenze der A 13 Brenner Autobahn erreicht werden soll. An ausgewählten Samstagen 7-15 Uhr sowie weiteren Tagen im Zeitraum 11.01. - 27.09.2025 Weitere Informationen auf http://asfinag.at/a13",47.6164490154047,12.2023825576723
"A14","undefined--vi-hind.2025-05-19_17-17-30-000.f_024.de0","53.15961128935529,11.72789029312949,53.223319900921695,11.615065400008177","53.15961128935529,11.72789029312949","WARNING","A14 | Karstädt - Meynbach"," Wittenberge -> Schwerin",NA,NA,NA,2025-05-19,"Beginn: 19.05.25 um 17:17 Uhr  Hindernis, seit 19.05.2025, 17:17 A14: Wittenberge -> Schwerin, zwischen 0.4 km hinter AS Karstädt und 1.8 km vor Meynbach  Gefahr durch Gegenstände auf der Fahrbahn",53.1596112893553,11.7278902931295
"A14","undefined--vi-hind.2025-05-19_17-22-02-000.f_025.de0","53.15945940092222,11.728050100009963,53.15945940092222,11.728050100009963","53.15945940092222,11.728050100009963","WARNING","A14 | Karstädt - Groß Warnow"," Wittenberge -> Schwerin",NA,NA,NA,2025-05-19,"Beginn: 19.05.25 um 17:22 Uhr  Hindernis, seit 19.05.2025, 17:22 A14: Wittenberge -> Schwerin, zwischen 0.4 km hinter AS Karstädt und 10.4 km vor AS Groß Warnow  Gefahr durch Gegenstände auf der Fahrbahn",53.1594594009222,11.72805010001
"A14","undefined--vi-avl.2025-05-20_05-52-00-000.f_001.de0","51.7086406957806,11.720456566215288,51.712505846075096,11.716727722106343","51.7086406957806,11.720456566215288","WARNING","A14 | Könnern - Plötzkau"," Halle -> Magdeburg",0,"QUEUING_TRAFFIC","43.400001525878906",2025-05-20,"Beginn: 20.05.25 um 05:52 Uhr  Angespannte Verkehrslage, seit 20.05.2025, 05:52 A14: Halle -> Magdeburg, zwischen 4.5 km hinter AS Könnern und 4.2 km vor AS Plötzkau  Stockender Verkehr Reisezeitverlust: 0 Minuten Durchschnittsgeschwindigkeit: 43 km/h",51.7086406957806,11.7204565662153
"A15","undefined--vi-avl.2025-05-20_04-56-00-000.f_001.de0","51.712569689245285,14.396076639151643,51.70779461894658,14.435246468267069","51.712569689245285,14.396076639151643","WARNING","A15 | Cottbus-Süd - Roggosen"," Cottbus -> Breslau",1,"SLOW_TRAFFIC","62",2025-05-20,"Beginn: 20.05.25 um 04:56 Uhr  Angespannte Verkehrslage, seit 20.05.2025, 04:56 A15: Cottbus -> Breslau, zwischen 3.3 km hinter AS Cottbus-Süd und 2.1 km vor AS Roggosen  Langsamer Verkehr Reisezeitverlust: 1 Minuten Durchschnittsgeschwindigkeit: 62 km/h",51.7125696892453,14.3960766391516
"A15","undefined--vi-avl.2025-05-20_05-01-00-000.f.de0","51.70830746540843,14.438849434338652,51.71296758989965,14.39540855796781","51.70830746540843,14.438849434338652","WARNING","A15 | Roggosen - Cottbus-Süd"," Breslau -> Cottbus",1,"SLOW_TRAFFIC","70.80000305175781",2025-05-20,"Beginn: 20.05.25 um 05:01 Uhr  Angespannte Verkehrslage, seit 20.05.2025, 05:01 A15: Breslau -> Cottbus, zwischen 1.9 km hinter AS Roggosen und 3.2 km vor AS Cottbus-Süd  Langsamer Verkehr Reisezeitverlust: 1 Minuten Durchschnittsgeschwindigkeit: 70 km/h",51.7083074654084,14.4388494343387
"A17","undefined--vi-avl.2025-05-20_05-48-30-000.f.de0","50.80193074349487,13.881422725947003,50.80193074349487,13.881422725947003","50.80193074349487,13.881422725947003","WARNING","A17 | Am Heidenholz - Am Heidenholz"," Prag -> Dresden",NA,"STATIONARY_TRAFFIC","19",2025-05-20,"Beginn: 20.05.25 um 05:52 Uhr  Angespannte Verkehrslage, seit 20.05.2025, 05:52 A17: Prag -> Dresden, 2.3 km vor Am Heidenholz, aus Richtung Breitenau-Schönwald  Im Stillstand Durchschnittsgeschwindigkeit: 19 km/h",50.8019307434949,13.881422725947
"A17","undefined--vi-zus.2025-05-20_05-32-00-000.f.de0","50.80187749894994,13.881435730654356,50.8244130009433,13.887895800240193","50.80187749894994,13.881435730654356","WARNING","A17 | Breitenau-Schönwald - Bad Gottleuba"," Prag -> Dresden",6,"STATIONARY_TRAFFIC","19.5",2025-05-20,"Beginn: 20.05.25 um 05:32 Uhr  Zusammengesetzte Verkehrsinformation, seit 20.05.2025, 05:32 A17: Prag -> Dresden, zwischen 2.4 km hinter Breitenau-Schönwald und 0.8 km vor AS Bad Gottleuba  Im Stillstand Reisezeitverlust: 6 Minuten Durchschnittsgeschwindigkeit: 19 km/h",50.8018774989499,13.8814357306544
"A21","undefined--vi-avl.2025-05-20_05-50-30-000.f_006.de0","53.824677839596674,10.320879158755359,53.83714233158086,10.30982096719067","53.824677839596674,10.320879158755359","WARNING","A21 | Bad Oldesloe-Nord - Leezen"," Bargteheide -> Kiel",0,"SLOW_TRAFFIC","60.79999923706055",2025-05-20,"Beginn: 20.05.25 um 05:52 Uhr  Angespannte Verkehrslage, seit 20.05.2025, 05:52 A21: Bargteheide -> Kiel, zwischen 1.4 km hinter AS Bad Oldesloe-Nord und 2.3 km vor AS Leezen  Langsamer Verkehr Reisezeitverlust: 0 Minuten Durchschnittsgeschwindigkeit: 60 km/h",53.8246778395967,10.3208791587554
"A23","undefined--vi-avl.2025-05-20_05-18-30-000.f_005.de0","53.70747943504904,9.769322739142877,53.70747943504904,9.769322739142877","53.70747943504904,9.769322739142877","WARNING","A23 | Forst Rantzau Nord - Forst Rantzau Nord"," Heide -> Hamburg",NA,"STATIONARY_TRAFFIC","16",2025-05-20,"Beginn: 20.05.25 um 05:51 Uhr  Angespannte Verkehrslage, seit 20.05.2025, 05:51 A23: Heide -> Hamburg, 0.1 km vor Forst Rantzau Nord, aus Richtung Tornesch  Im Stillstand Durchschnittsgeschwindigkeit: 16 km/h",53.707479435049,9.76932273914288
"A23","undefined--vi-avl.2025-05-20_05-10-30-000.f_001.de0","53.707456413175414,9.769346399619181,53.66329125738243,9.816920535426878","53.707456413175414,9.769346399619181","WARNING","A23 | Tornesch - Pinneberg-Mitte"," Heide -> Hamburg",18,"STATIONARY_TRAFFIC","16.299999237060547",2025-05-20,"Beginn: 20.05.25 um 05:10 Uhr  Angespannte Verkehrslage, seit 20.05.2025, 05:10 A23: Heide -> Hamburg, zwischen 1.4 km hinter AS Tornesch und 1.0 km vor AS Pinneberg-Mitte  Im Stillstand Reisezeitverlust: 18 Minuten Durchschnittsgeschwindigkeit: 16 km/h",53.7074564131754,9.76934639961918
"A43","undefined--vi-avl.2025-05-20_04-35-30-000.f.de0","51.891392767219855,7.372482224160206,51.90012438095636,7.385268279325198","51.891392767219855,7.372482224160206","WARNING","A43 | Karthaus - Nottuln"," Recklinghausen -> Münster",0,"SLOW_TRAFFIC","72.5",2025-05-20,"Beginn: 20.05.25 um 04:35 Uhr  Angespannte Verkehrslage, seit 20.05.2025, 04:35 A43: Recklinghausen -> Münster, zwischen 2.1 km hinter Karthaus und 1.6 km vor AS Nottuln  Langsamer Verkehr Reisezeitverlust: 0 Minuten Durchschnittsgeschwindigkeit: 72 km/h",51.8913927672199,7.37248222416021
"A48","undefined--vi-hind.2025-05-20_05-48-00-000.f_004.de0","50.18906554503287,6.911034300304945,50.20905345302862,6.974428457715738","50.18906554503287,6.911034300304945","WARNING","A48 | Vulkaneifel - Laubach"," Dreieck Vulkaneifel -> Koblenz",NA,NA,NA,2025-05-20,"Beginn: 20.05.25 um 05:48 Uhr  Hindernis, seit 20.05.2025, 05:48 A48: Dreieck Vulkaneifel -> Koblenz, zwischen 0.9 km hinter AD Vulkaneifel und 9.0 km vor AS Laubach  Gefahr durch Gegenstände auf der Fahrbahn",50.1890655450329,6.91103430030495
"A48","undefined--vi-hind.2025-05-20_05-48-00-000.f_001.de0","50.18889100094029,6.9103436999961705,50.189071673939424,6.9110606320967305","50.18889100094029,6.9103436999961705","WARNING","A48 | Vulkaneifel - Ulmen"," Dreieck Vulkaneifel -> Koblenz",NA,NA,NA,2025-05-20,"Beginn: 20.05.25 um 05:48 Uhr  Hindernis, seit 20.05.2025, 05:48 A48: Dreieck Vulkaneifel -> Koblenz, zwischen 0.8 km hinter AD Vulkaneifel und 5.0 km vor AS Ulmen  Gefahr durch Gegenstände auf der Fahrbahn",50.1888910009403,6.91034369999617
"A59","undefined--vi-avl.2025-05-20_05-47-00-000.f.de0","51.47450987643991,6.766204560785611,51.452836606205494,6.778090841940799","51.47450987643991,6.766204560785611","WARNING","A59 | Duisburg-Nord - Duisburg"," Dinslaken -> Duisburg",1,"SLOW_TRAFFIC","52.099998474121094",2025-05-20,"Beginn: 20.05.25 um 05:47 Uhr  Angespannte Verkehrslage, seit 20.05.2025, 05:47 A59: Dinslaken -> Duisburg, zwischen 1.0 km hinter AK Duisburg-Nord und 0.7 km vor AK Duisburg  Langsamer Verkehr Reisezeitverlust: 1 Minuten Durchschnittsgeschwindigkeit: 52 km/h",51.4745098764399,6.76620456078561
"A60","undefined--vi-hind.2025-05-20_05-47-00-000.f.de0","49.99463620094116,8.088568699999716,50.00042150622892,8.106457490499588","49.99463620094116,8.088568699999716","WARNING","A60 | Ingelheim-West - Heidenfahrt"," Bingen -> Mainz",NA,NA,NA,2025-05-20,"Beginn: 20.05.25 um 05:47 Uhr  Hindernis, seit 20.05.2025, 05:47 A60: Bingen -> Mainz, zwischen 4.9 km hinter AS Ingelheim-West und 0.1 km vor Heidenfahrt  Gefahr durch eine ungesicherte Unfallstelle",49.9946362009412,8.08856869999972
"A60","undefined--vi-hind.2025-05-20_05-47-00-000.f_002.de0","49.99696305799876,8.09757011859841,49.99696305799876,8.09757011859841","49.99696305799876,8.09757011859841","WARNING","A60 | Ingelheim-Ost - Heidenfahrt"," Bingen -> Mainz",NA,NA,NA,2025-05-20,"Beginn: 20.05.25 um 05:47 Uhr  Fahrzeug-Hindernis, seit 20.05.2025, 05:47 A60: Bingen -> Mainz, zwischen 0.5 km hinter AS Ingelheim-Ost und 0.7 km vor Heidenfahrt Gefahr durch ein defektes Fahrzeug auf der Fahrbahn",49.9969630579988,8.09757011859841
"A60","undefined--vi-zus.2025-04-08_08-51-21-000.f_013.de0","49.98125533976677,8.345695317688524,49.97565770865279,8.441396718063045","49.98125533976677,8.345695317688524","WARNING","A60 | Mainspitz-Dreieck - Rüsselsheimer Dreieck"," Mainz -> Rüsselsheim",NA,NA,NA,2025-04-08,"Beginn: 08.04.25 um 08:51 Uhr  Zusammengesetzte Verkehrsinformation, seit 08.04.2025, 08:51 A60: Mainz -> Rüsselsheim, zwischen 0.5 km hinter AD Mainspitz-Dreieck und 2.2 km vor AD Rüsselsheimer Dreieck  Sperrung der A60 bei Königstädten – Grundhafte Fahrbahnerneuerung zwischen dem Rüsselsheimer Dreieck und dem Mainspitz Dreieck. Die Niederlassung West der Autobahn GmbH erneuert zwischen dem Rüsselsheimer Dreieck (30) und dem Mainspitz Dreieck (26) die Fahrbahn. Von Donnerstagmorgen (24. April) bis Mitte Juli wird die Anschlussstelle (AS) Königstädten (29) in Fahrtrichtung (FR) Mainz sowie in FR Rüsselsheimer Dreieck gesperrt. Umleitungsmöglichkeiten sind ausgeschildert: • Ausfahrt FR Mainz: Umleitung via AS Rüsselsheim-Mitte • Einfahrt FR Mainz: innerstädtische Umleitung zur AS Rüsselsheim-Mitte (Adam-Opel-Straße / Kurt-Schumacher-Ring), von Nauheim kommend via L3482 zur AS Bischofsheim • Einfahrt FR Darmstadt: innerstädtische Umleitung zur AS Rüsselsheim-Mitte (Adam-Opel-Straße / Kurt-Schumacher-Ring) Die Autobahn GmbH bittet alle Verkehrsteilnehmer um Verständnis für die unvermeidlichen Verkehrsbehinderungen, die durch die Arbeiten entstehen.",49.9812553397668,8.34569531768852
"A60","undefined--vi-zus.2025-05-03_10-55-00-000.f_003.de0","49.977457399447445,8.454646346787307,49.981587265039146,8.34517285786785","49.977457399447445,8.454646346787307","WARNING","A60 | Rüsselsheimer Dreieck - Mainspitz-Dreieck"," Rüsselsheim -> Mainz",NA,NA,NA,2025-05-03,"Beginn: 03.05.25 um 10:55 Uhr  Zusammengesetzte Verkehrsinformation, seit 03.05.2025, 10:55 A60: Rüsselsheim -> Mainz, zwischen 0.6 km hinter AD Rüsselsheimer Dreieck und 0.5 km vor AD Mainspitz-Dreieck  Sperrung der A60 bei Königstädten – Grundhafte Fahrbahnerneuerung zwischen dem Rüsselsheimer Dreieck und dem Mainspitz Dreieck. Die Niederlassung West der Autobahn GmbH erneuert zwischen dem Rüsselsheimer Dreieck (30) und dem Mainspitz Dreieck (26) die Fahrbahn. Von Donnerstagmorgen (24. April) bis Mitte Juli wird die Anschlussstelle (AS) Königstädten (29) in Fahrtrichtung (FR) Mainz sowie in FR Rüsselsheimer Dreieck gesperrt. Umleitungsmöglichkeiten sind ausgeschildert: • Ausfahrt FR Mainz: Umleitung via AS Rüsselsheim-Mitte • Einfahrt FR Mainz: innerstädtische Umleitung zur AS Rüsselsheim-Mitte (Adam-Opel-Straße / Kurt-Schumacher-Ring), von Nauheim kommend via L3482 zur AS Bischofsheim • Einfahrt FR Darmstadt: innerstädtische Umleitung zur AS Rüsselsheim-Mitte (Adam-Opel-Straße / Kurt-Schumacher-Ring) Die Autobahn GmbH bittet alle Verkehrsteilnehmer um Verständnis für die unvermeidlichen Verkehrsbehinderungen, die durch die Arbeiten entstehen.",49.9774573994474,8.45464634678731
"A61","undefined--vi-hind.2025-05-20_05-49-00-000.f.de0","50.4732365963627,7.22724503965366,50.47192457130659,7.22860946863396","50.4732365963627,7.22724503965366","WARNING","A61 | Harterscheid - Niederzissen"," Mönchengladbach -> Koblenz",NA,NA,NA,2025-05-20,"Beginn: 20.05.25 um 05:49 Uhr  Fahrzeug-Hindernis, seit 20.05.2025, 05:49 A61: Mönchengladbach -> Koblenz, zwischen 5.5 km hinter Harterscheid und 0.5 km vor AS Niederzissen Gefahr durch ein defektes Fahrzeug auf der Fahrbahn",50.4732365963627,7.22724503965366
"A64","undefined--vi-avl.2025-05-20_05-50-30-000.f_005.de0","49.735830397533654,6.529633378964453,49.741481060812994,6.549887863753272","49.735830397533654,6.529633378964453","WARNING","A64 | Sauertalbrücke - Markusberg"," Luxemburg -> Trier",0,"SLOW_TRAFFIC","69.9000015258789",2025-05-20,"Beginn: 20.05.25 um 05:50 Uhr  Angespannte Verkehrslage, seit 20.05.2025, 05:50 A64: Luxemburg -> Trier, zwischen 2.0 km hinter Sauertalbrücke und 2.6 km vor Markusberg  Langsamer Verkehr Reisezeitverlust: 0 Minuten Durchschnittsgeschwindigkeit: 69 km/h",49.7358303975337,6.52963337896445
"A64","undefined--vi-avl.2025-05-20_05-48-30-000.f_003.de0","49.79345202946441,6.649786899245005,49.79345202946441,6.649786899245005","49.79345202946441,6.649786899245005","WARNING","A64 | Trier - Trier"," Trier -> Luxemburg",NA,"QUEUING_TRAFFIC","14",2025-05-20,"Beginn: 20.05.25 um 05:52 Uhr  Angespannte Verkehrslage, seit 20.05.2025, 05:52 A64: Trier -> Luxemburg, 4.3 km vor AS Trier, aus Richtung Anschluss B52-Trier  Stockender Verkehr Durchschnittsgeschwindigkeit: 14 km/h",49.7934520294644,6.64978689924501
"A64","undefined--vi-avl.2025-05-20_05-48-30-000.f_001.de0","49.79345202946441,6.649786899245005,49.78605715136984,6.64225469790396","49.79345202946441,6.649786899245005","WARNING","A64 | Anschluss B52-Trier - Trier"," Trier -> Luxemburg",1,"QUEUING_TRAFFIC","24.399999618530273",2025-05-20,"Beginn: 20.05.25 um 05:48 Uhr  Angespannte Verkehrslage, seit 20.05.2025, 05:48 A64: Trier -> Luxemburg, zwischen 0.6 km hinter Anschluss B52-Trier und 3.3 km vor AS Trier  Stockender Verkehr Reisezeitverlust: 1 Minuten Durchschnittsgeschwindigkeit: 24 km/h",49.7934520294644,6.64978689924501
"A66","undefined--vi-hind.2025-05-20_05-32-30-000.f_003.de0","50.276434200939875,9.374773900000102,50.31570289223189,9.430536777880143","50.276434200939875,9.374773900000102","WARNING","A66 | Bad Soden-Salmünster - Steinau a.d.Str."," Frankfurt -> Fulda",NA,NA,NA,2025-05-20,"Beginn: 20.05.25 um 05:32 Uhr  Hindernis, seit 20.05.2025, 05:32 A66: Frankfurt -> Fulda, zwischen 0.2 km hinter AS Bad Soden-Salmünster und 0.4 km vor AS Steinau a.d.Str.  Gefahr durch Gegenstände auf der Fahrbahn",50.2764342009399,9.3747739000001
"A70","undefined--vi-hind.2025-05-20_05-42-30-000.f_001.de0","49.982531567586946,11.045177335089345,49.9887142009412,11.119900300004126","49.982531567586946,11.045177335089345","WARNING","A70 | Giechburgblick - Paradiestal"," Bamberg -> Bayreuth",NA,NA,NA,2025-05-20,"Beginn: 20.05.25 um 05:42 Uhr  Fahrzeug-Hindernis, seit 20.05.2025, 05:42 A70: Bamberg -> Bayreuth, zwischen 5.7 km hinter Giechburgblick und 3.5 km vor Paradiestal",49.9825315675869,11.0451773350893
"A81","undefined--vi-hind.2025-05-20_05-32-30-000.f_002.de0","48.67748872080805,8.964595166456006,48.66568577046869,8.96301109143141","48.67748872080805,8.964595166456006","WARNING","A81 | Böblingen-Hulb - Hildrizhausen"," Stuttgart -> Singen",NA,NA,NA,2025-05-20,"Beginn: 20.05.25 um 05:32 Uhr  Fahrzeug-Hindernis, seit 20.05.2025, 05:32 A81: Stuttgart -> Singen, zwischen 0.7 km hinter AS Böblingen-Hulb und 2.7 km vor AS Hildrizhausen",48.6774887208081,8.96459516645601
"A93","undefined--vi-unf.2025-05-20_05-32-30-000.f_001.de0","48.93230836153442,12.089198799038188,48.89433564746429,12.077864352679061","48.93230836153442,12.089198799038188","WARNING","A93 | Bad Abbach - Saalhaupt"," Regensburg -> Holledau",NA,NA,NA,2025-05-20,"Beginn: 20.05.25 um 05:32 Uhr  Unfall, seit 20.05.2025, 05:32 A93: Regensburg -> Holledau, zwischen 0.2 km hinter AS Bad Abbach und 0.5 km vor AD Saalhaupt",48.9323083615344,12.0891987990382
"A94","undefined--vi-zus.2025-05-20_05-42-30-000.f_002.de0","48.25880290094732,12.161264000034121,48.24734340094729,12.045392500028148","48.25880290094732,12.161264000034121","WARNING","A94 | Fürthholz - Lengdorf"," Passau -> München",NA,NA,NA,2025-05-20,"Beginn: 20.05.25 um 05:42 Uhr  Zusammengesetzte Verkehrsinformation, seit 20.05.2025, 05:42 A94: Passau -> München, zwischen 2.1 km hinter Fürthholz und 0.3 km vor AS Lengdorf  Gefahr durch Personen auf der Fahrbahn  Gefahr durch Gegenstände auf der Fahrbahn  A94 Passau Richtung München zwischen Dorfen und Lengdorf Gefahr durch defekten LKW, Gefahr durch Personen auf der Fahrbahn, Gefahr durch Gegenstände (Reifenteile) auf der Fahrbahn",48.2588029009473,12.1612640000341
"A94","undefined--vi-zus.2025-05-20_05-31-00-000.f.de0","48.26050539964254,12.17374298999039,48.255936693344964,12.153993401399235","48.26050539964254,12.17374298999039","WARNING","A94 | Fürthholz - Lengdorf"," Passau -> München",1,"QUEUING_TRAFFIC","38.70000076293945",2025-05-20,"Beginn: 20.05.25 um 05:31 Uhr  Zusammengesetzte Verkehrsinformation, seit 20.05.2025, 05:31 A94: Passau -> München, zwischen 1.1 km hinter Fürthholz und 8.6 km vor AS Lengdorf  Stockender Verkehr Reisezeitverlust: 1 Minuten Durchschnittsgeschwindigkeit: 38 km/h  Gefahr durch Personen auf der Fahrbahn",48.2605053996425,12.1737429899904
"A95","undefined--vi-hind.2025-05-20_05-50-00-000.f.de0","48.080674400947615,11.487861500010231,48.02116695474538,11.419430054788346","48.080674400947615,11.487861500010231","WARNING","A95 | München-Fürstenried - Starnberg"," München -> Garmisch-Partenkirchen",NA,NA,NA,2025-05-20,"Beginn: 20.05.25 um 05:50 Uhr  Fahrzeug-Hindernis, seit 20.05.2025, 05:50 A95: München -> Garmisch-Partenkirchen, zwischen 0.6 km hinter AS München-Fürstenried und 0.7 km vor AD Starnberg",48.0806744009476,11.4878615000102
"A99","undefined--vi-hind.2025-05-19_21-00-00-000.f.de0","48.22568428554725,11.53753571910202,48.22822000094727,11.582903800012192","48.22568428554725,11.53753571910202","WARNING","A99 | München-Ludwigsfeld - München-Neuherberg"," München-Süd-West -> München-Nord",NA,NA,NA,2025-05-19,"Beginn: 19.05.25 um 21:00 Uhr  Fahrzeug-Hindernis, seit 19.05.2025, 21:00 A99: München-Süd-West -> München-Nord, zwischen 4.4 km hinter AS München-Ludwigsfeld und 0.3 km vor AS München-Neuherberg",48.2256842855473,11.537535719102
"A100","undefined--vi-avl.2025-05-20_05-45-30-000.f.de0","52.49127911708091,13.29546818263175,52.49127911708091,13.29546818263175","52.49127911708091,13.29546818263175","WARNING","A100 | Kurfürstendamm(Schwarzbacher Straße) - Kurfürstendamm(Schwarzbacher Straße)"," Wilmersdorf -> Wedding",NA,"SLOW_TRAFFIC","14",2025-05-20,"Beginn: 20.05.25 um 05:52 Uhr  Angespannte Verkehrslage, seit 20.05.2025, 05:52 A100: Wilmersdorf -> Wedding, 0.5 km vor AS Kurfürstendamm(Schwarzbacher Straße), aus Richtung Hohenzollerndamm  Langsamer Verkehr Durchschnittsgeschwindigkeit: 14 km/h",52.4912791170809,13.2954681826317
"A100","undefined--vi-avl.2025-05-20_05-26-30-000.f_003.de0","52.49127911708091,13.29546818263175,52.51920805071135,13.282947901018613","52.49127911708091,13.29546818263175","WARNING","A100 | Hohenzollerndamm - Siemensdamm"," Wilmersdorf -> Wedding",3,"SLOW_TRAFFIC","37.099998474121094",2025-05-20,"Beginn: 20.05.25 um 05:26 Uhr  Angespannte Verkehrslage, seit 20.05.2025, 05:26 A100: Wilmersdorf -> Wedding, zwischen 0.5 km hinter AS Hohenzollerndamm und 1.6 km vor AS Siemensdamm  Langsamer Verkehr Reisezeitverlust: 3 Minuten Durchschnittsgeschwindigkeit: 37 km/h",52.4912791170809,13.2954681826317
"A113","undefined--vi-zus.2025-05-06_00-21-00-000.f_003.de0","52.43025717661688,13.505075428607936,52.42875800093087,13.509218300121121","52.43025717661688,13.505075428607936","WARNING","A113 | Stubenrauchstraße - Adlershof"," Neukölln -> Schönefeld",NA,NA,NA,2025-05-06,"Beginn: 06.05.25 um 00:21 Uhr  Zusammengesetzte Verkehrsinformation, seit 06.05.2025, 00:21 A113: Neukölln -> Schönefeld, zwischen 0.6 km hinter AS Stubenrauchstraße und 0.3 km vor AS Adlershof  A113 Autobahnzubringer Dresden, Neukölln Richtung Schönefeld
zwischen Stubenrauchstraße und Tunnel Rudower Höhe
linker Fahrstreifen gesperrt, Bauarbeiten, bis voraussichtlich 20.06.2025",52.4302571766169,13.5050754286079
"A115","undefined--vi-zus.2024-10-09_07-09-40-000.f_531.de0","52.40027056808641,13.185163736426698,52.44227384698058,13.202709435405149","52.40027056808641,13.185163736426698","WARNING","A115 | Am Stern - Hüttenweg"," Dreieck Nuthetal -> Dreieck Funkturm",NA,NA,NA,2024-10-09,"Beginn: 09.10.24 um 07:09 Uhr  Zusammengesetzte Verkehrsinformation, seit 09.10.2024, 07:09 A115: Dreieck Nuthetal -> Dreieck Funkturm, zwischen 2.9 km hinter Am Stern und 3.8 km vor AS Hüttenweg  A115 Autobahnzubringer Magdeburg, Dreieck Nuthetal Richtung Dreieck Funkturm, zwischen Anschlussstelle Kleinmachnow und Anschlussstelle Spanische Allee, Baustelle, bis 31.10.2026 17:00 Uhr",52.4002705680864,13.1851637364267
"A261","undefined--vi-avl.2025-05-20_05-48-00-000.f.de0","53.37799243170089,9.864166574553092,53.38482609436002,9.875067470772809","53.37799243170089,9.864166574553092","WARNING","A261 | Buchholzer Dreieck - Rosengarten-Ost"," Buchholzer Dreieck -> Hamburg-Südwest",0,"SLOW_TRAFFIC","63",2025-05-20,"Beginn: 20.05.25 um 05:48 Uhr  Angespannte Verkehrslage, seit 20.05.2025, 05:48 A261: Buchholzer Dreieck -> Hamburg-Südwest, zwischen 0.9 km hinter AD Buchholzer Dreieck und Rosengarten-Ost  Langsamer Verkehr Reisezeitverlust: 0 Minuten Durchschnittsgeschwindigkeit: 63 km/h",53.3779924317009,9.86416657455309
"A391","undefined--vi-hind.2025-05-20_03-36-30-000.f_005.de0","52.27911864544913,10.491453847675304,52.27489794016378,10.492353265517814","52.27911864544913,10.491453847675304","WARNING","A391 | Ölper - Braunschweig-Lehndorf"," Braunschweig-Nord -> Braunschweig-Südwest",NA,NA,NA,2025-05-20,"Beginn: 20.05.25 um 03:36 Uhr  Fahrzeug-Hindernis, seit 20.05.2025, 03:36 A391: Braunschweig-Nord -> Braunschweig-Südwest, zwischen 0.5 km hinter AK Ölper und 0.3 km vor AS Braunschweig-Lehndorf Gefahr durch ein defektes Fahrzeug auf der Fahrbahn",52.2791186454491,10.4914538476753
"A565","undefined--vi-avl.2025-05-20_05-52-00-000.f.de0","50.72624320049863,7.08246618779901,50.729152660962754,7.0781318833009905","50.72624320049863,7.08246618779901","WARNING","A565 | Bonn-Poppelsdorf - Bonn-Endenich"," Meckenheim -> Bonn",0,"SLOW_TRAFFIC","30.899999618530273",2025-05-20,"Beginn: 20.05.25 um 05:52 Uhr  Angespannte Verkehrslage, seit 20.05.2025, 05:52 A565: Meckenheim -> Bonn, zwischen 0.2 km hinter AS Bonn-Poppelsdorf und 0.1 km vor AS Bonn-Endenich  Langsamer Verkehr Reisezeitverlust: 0 Minuten Durchschnittsgeschwindigkeit: 30 km/h",50.7262432004986,7.08246618779901
"A565","undefined--vi-avl.2025-05-20_05-52-30-000.f_002.de0","50.72630370504947,7.082438906137982,50.72630370504947,7.082438906137982","50.72630370504947,7.082438906137982","WARNING","A565 | Bonn-Endenich - Bonn-Endenich"," Meckenheim -> Bonn",NA,"SLOW_TRAFFIC","19",2025-05-20,"Beginn: 20.05.25 um 05:52 Uhr  Angespannte Verkehrslage, seit 20.05.2025, 05:52 A565: Meckenheim -> Bonn, 0.5 km vor AS Bonn-Endenich, aus Richtung Bonn-Poppelsdorf  Langsamer Verkehr Durchschnittsgeschwindigkeit: 19 km/h",50.7263037050495,7.08243890613798
"A861","undefined--vi-avl.2025-05-20_05-41-30-000.f_005.de0","47.55259570094869,7.757380099999487,47.55259570094869,7.757380099999487","47.55259570094869,7.757380099999487","WARNING","A861 | Rheinfelden-Süd - Rheinfelden-Süd"," Dreieck Hochrhein -> Grenzübergang Rheinfelden",NA,"STATIONARY_TRAFFIC","4",2025-05-20,"Beginn: 20.05.25 um 05:52 Uhr  Angespannte Verkehrslage, seit 20.05.2025, 05:52 A861: Dreieck Hochrhein -> Grenzübergang Rheinfelden, 0.3 km vor AS Rheinfelden-Süd, aus Richtung Rheinfelden-Mitte  Im Stillstand Durchschnittsgeschwindigkeit: 4 km/h",47.5525957009487,7.75738009999949
"A861","undefined--vi-avl.2025-05-20_05-35-30-000.f_009.de0","47.55259570094869,7.757380099999487,47.54904358567713,7.758082053302273","47.55259570094869,7.757380099999487","WARNING","A861 | Rheinfelden-Mitte - Rheinfelden"," Dreieck Hochrhein -> Grenzübergang Rheinfelden",3,"STATIONARY_TRAFFIC","6.199999809265137",2025-05-20,"Beginn: 20.05.25 um 05:35 Uhr  Angespannte Verkehrslage, seit 20.05.2025, 05:35 A861: Dreieck Hochrhein -> Grenzübergang Rheinfelden, zwischen 1.8 km hinter AS Rheinfelden-Mitte und 0.1 km vor Rheinfelden  Im Stillstand Reisezeitverlust: 3 Minuten Durchschnittsgeschwindigkeit: 6 km/h",47.5525957009487,7.75738009999949
